{
  "type": "FeatureCollection",
  "features": [
    {
      "id": "653",
      "type": "Feature",
      "properties": {
        "id": null,
        "SOURCE_FILE": "/Users/maples/GitHub/mortalitree_testing/labels/izzyip_mortalitree_prefire_labels.geojson",
        "SUNETID": "izzyip",
        "FIRENAME": "CZU AUG LIGHTNING",
        "FIRE_SLUG": "CZU_AUG_LIGHTNING",
        "PREFIRE": 1,
        "PREFIRE_STATUS": "prefire",
        "TILE_Z": 17,
        "TILE_X": 21040,
        "TILE_Y": 50982,
        "TILEXYZ": [
          17,
          21040,
          50982
        ],
        "OUTPUT_FILE": "/Users/maples/GitHub/mortalitree_testing/notebooks/single_tiles/prefire/17/21040/50982.geojson",
        "OUTPUT_STATUS_DIR": "prefire",
        "FEATURE_COUNT": 176
      },
      "geometry": {
        "type": "Polygon",
        "coordinates": [
          [
            [
              -122.20989300839568,
              37.075834929856384
            ],
            [
              -122.20981096481277,
              37.0758343832723
            ],
            [
              -122.20981182891867,
              37.0757511147302
            ],
            [
              -122.20989387241188,
              37.075751661312644
            ],
            [
              -122.20989300839568,
              37.075834929856384
            ]
          ]
        ]
      }
    },
    {
      "id": "654",
      "type": "Feature",
      "properties": {
        "id": null,
        "SOURCE_FILE": "/Users/maples/GitHub/mortalitree_testing/labels/izzyip_mortalitree_prefire_labels.geojson",
        "SUNETID": "izzyip",
        "FIRENAME": "CZU AUG LIGHTNING",
        "FIRE_SLUG": "CZU_AUG_LIGHTNING",
        "PREFIRE": 1,
        "PREFIRE_STATUS": "prefire",
        "TILE_Z": 17,
        "TILE_X": 21040,
        "TILE_Y": 50982,
        "TILEXYZ": [
          17,
          21040,
          50982
        ],
        "OUTPUT_FILE": "/Users/maples/GitHub/mortalitree_testing/notebooks/single_tiles/prefire/17/21040/50982.geojson",
        "OUTPUT_STATUS_DIR": "prefire",
        "FEATURE_COUNT": 176
      },
      "geometry": {
        "type": "Polygon",
        "coordinates": [
          [
            [
              -122.21004385356309,
              37.075794297506604
            ],
            [
              -122.20998368829866,
              37.075793896760715
            ],
            [
              -122.2099840520531,
              37.075758836320375
            ],
            [
              -122.21004421728982,
              37.07575923706575
            ],
            [
              -122.21004385356309,
              37.075794297506604
            ]
          ]
        ]
      }
    },
    {
      "id": "655",
      "type": "Feature",
      "properties": {
        "id": null,
        "SOURCE_FILE": "/Users/maples/GitHub/mortalitree_testing/labels/izzyip_mortalitree_prefire_labels.geojson",
        "SUNETID": "izzyip",
        "FIRENAME": "CZU AUG LIGHTNING",
        "FIRE_SLUG": "CZU_AUG_LIGHTNING",
        "PREFIRE": 1,
        "PREFIRE_STATUS": "prefire",
        "TILE_Z": 17,
        "TILE_X": 21040,
        "TILE_Y": 50982,
        "TILEXYZ": [
          17,
          21040,
          50982
        ],
        "OUTPUT_FILE": "/Users/maples/GitHub/mortalitree_testing/notebooks/single_tiles/prefire/17/21040/50982.geojson",
        "OUTPUT_STATUS_DIR": "prefire",
        "FEATURE_COUNT": 176
      },
      "geometry": {
        "type": "Polygon",
        "coordinates": [
          [
            [
              -122.21003061157217,
              37.0757525721573
            ],
            [
              -122.20996497677446,
              37.07575213497153
            ],
            [
              -122.20996561335843,
              37.07569077920065
            ],
            [
              -122.21003124810326,
              37.07569121638543
            ],
            [
              -122.21003061157217,
              37.0757525721573
            ]
          ]
        ]
      }
    },
    {
      "id": "656",
      "type": "Feature",
      "properties": {
        "id": null,
        "SOURCE_FILE": "/Users/maples/GitHub/mortalitree_testing/labels/izzyip_mortalitree_prefire_labels.geojson",
        "SUNETID": "izzyip",
        "FIRENAME": "CZU AUG LIGHTNING",
        "FIRE_SLUG": "CZU_AUG_LIGHTNING",
        "PREFIRE": 1,
        "PREFIRE_STATUS": "prefire",
        "TILE_Z": 17,
        "TILE_X": 21040,
        "TILE_Y": 50982,
        "TILEXYZ": [
          17,
          21040,
          50982
        ],
        "OUTPUT_FILE": "/Users/maples/GitHub/mortalitree_testing/notebooks/single_tiles/prefire/17/21040/50982.geojson",
        "OUTPUT_STATUS_DIR": "prefire",
        "FEATURE_COUNT": 176
      },
      "geometry": {
        "type": "Polygon",
        "coordinates": [
          [
            [
              -122.21034369488689,
              37.075627554184656
            ],
            [
              -122.2102671210763,
              37.07562704433466
            ],
            [
              -122.21026748469805,
              37.075591983890924
            ],
            [
              -122.2103440584734,
              37.07559249374028
            ],
            [
              -122.21034369488689,
              37.075627554184656
            ]
          ]
        ]
      }
    },
    {
      "id": "657",
      "type": "Feature",
      "properties": {
        "id": null,
        "SOURCE_FILE": "/Users/maples/GitHub/mortalitree_testing/labels/izzyip_mortalitree_prefire_labels.geojson",
        "SUNETID": "izzyip",
        "FIRENAME": "CZU AUG LIGHTNING",
        "FIRE_SLUG": "CZU_AUG_LIGHTNING",
        "PREFIRE": 1,
        "PREFIRE_STATUS": "prefire",
        "TILE_Z": 17,
        "TILE_X": 21040,
        "TILE_Y": 50982,
        "TILEXYZ": [
          17,
          21040,
          50982
        ],
        "OUTPUT_FILE": "/Users/maples/GitHub/mortalitree_testing/notebooks/single_tiles/prefire/17/21040/50982.geojson",
        "OUTPUT_STATUS_DIR": "prefire",
        "FEATURE_COUNT": 176
      },
      "geometry": {
        "type": "Polygon",
        "coordinates": [
          [
            [
              -122.21039513306572,
              37.075678299515175
            ],
            [
              -122.21035137657258,
              37.07567800819701
            ],
            [
              -122.21035160381243,
              37.07565609541946
            ],
            [
              -122.21039536029296,
              37.07565638673739
            ],
            [
              -122.21039513306572,
              37.075678299515175
            ]
          ]
        ]
      }
    },
    {
      "id": "658",
      "type": "Feature",
      "properties": {
        "id": null,
        "SOURCE_FILE": "/Users/maples/GitHub/mortalitree_testing/labels/izzyip_mortalitree_prefire_labels.geojson",
        "SUNETID": "izzyip",
        "FIRENAME": "CZU AUG LIGHTNING",
        "FIRE_SLUG": "CZU_AUG_LIGHTNING",
        "PREFIRE": 1,
        "PREFIRE_STATUS": "prefire",
        "TILE_Z": 17,
        "TILE_X": 21040,
        "TILE_Y": 50982,
        "TILEXYZ": [
          17,
          21040,
          50982
        ],
        "OUTPUT_FILE": "/Users/maples/GitHub/mortalitree_testing/notebooks/single_tiles/prefire/17/21040/50982.geojson",
        "OUTPUT_STATUS_DIR": "prefire",
        "FEATURE_COUNT": 176
      },
      "geometry": {
        "type": "Polygon",
        "coordinates": [
          [
            [
              -122.21061131705883,
              37.07566658999468
            ],
            [
              -122.21054021276504,
              37.07566611672419
            ],
            [
              -122.21054057626158,
              37.07563105627839
            ],
            [
              -122.21061168052263,
              37.07563152954829
            ],
            [
              -122.21061131705883,
              37.07566658999468
            ]
          ]
        ]
      }
    },
    {
      "id": "659",
      "type": "Feature",
      "properties": {
        "id": null,
        "SOURCE_FILE": "/Users/maples/GitHub/mortalitree_testing/labels/izzyip_mortalitree_prefire_labels.geojson",
        "SUNETID": "izzyip",
        "FIRENAME": "CZU AUG LIGHTNING",
        "FIRE_SLUG": "CZU_AUG_LIGHTNING",
        "PREFIRE": 1,
        "PREFIRE_STATUS": "prefire",
        "TILE_Z": 17,
        "TILE_X": 21040,
        "TILE_Y": 50982,
        "TILEXYZ": [
          17,
          21040,
          50982
        ],
        "OUTPUT_FILE": "/Users/maples/GitHub/mortalitree_testing/notebooks/single_tiles/prefire/17/21040/50982.geojson",
        "OUTPUT_STATUS_DIR": "prefire",
        "FEATURE_COUNT": 176
      },
      "geometry": {
        "type": "Polygon",
        "coordinates": [
          [
            [
              -122.21069048941077,
              37.075680265490625
            ],
            [
              -122.21061391554079,
              37.0756797558639
            ],
            [
              -122.2106144607347,
              37.07562716519432
            ],
            [
              -122.21069103455183,
              37.07562767482007
            ],
            [
              -122.21069048941077,
              37.075680265490625
            ]
          ]
        ]
      }
    },
    {
      "id": "660",
      "type": "Feature",
      "properties": {
        "id": null,
        "SOURCE_FILE": "/Users/maples/GitHub/mortalitree_testing/labels/izzyip_mortalitree_prefire_labels.geojson",
        "SUNETID": "izzyip",
        "FIRENAME": "CZU AUG LIGHTNING",
        "FIRE_SLUG": "CZU_AUG_LIGHTNING",
        "PREFIRE": 1,
        "PREFIRE_STATUS": "prefire",
        "TILE_Z": 17,
        "TILE_X": 21040,
        "TILE_Y": 50982,
        "TILEXYZ": [
          17,
          21040,
          50982
        ],
        "OUTPUT_FILE": "/Users/maples/GitHub/mortalitree_testing/notebooks/single_tiles/prefire/17/21040/50982.geojson",
        "OUTPUT_STATUS_DIR": "prefire",
        "FEATURE_COUNT": 176
      },
      "geometry": {
        "type": "Polygon",
        "coordinates": [
          [
            [
              -122.21058784860884,
              37.07581983382725
            ],
            [
              -122.2105495616044,
              37.07581957898611
            ],
            [
              -122.2105498796619,
              37.07578890109679
            ],
            [
              -122.21058816665092,
              37.075789155937635
            ],
            [
              -122.21058784860884,
              37.07581983382725
            ]
          ]
        ]
      }
    },
    {
      "id": "661",
      "type": "Feature",
      "properties": {
        "id": null,
        "SOURCE_FILE": "/Users/maples/GitHub/mortalitree_testing/labels/izzyip_mortalitree_prefire_labels.geojson",
        "SUNETID": "izzyip",
        "FIRENAME": "CZU AUG LIGHTNING",
        "FIRE_SLUG": "CZU_AUG_LIGHTNING",
        "PREFIRE": 1,
        "PREFIRE_STATUS": "prefire",
        "TILE_Z": 17,
        "TILE_X": 21040,
        "TILE_Y": 50982,
        "TILEXYZ": [
          17,
          21040,
          50982
        ],
        "OUTPUT_FILE": "/Users/maples/GitHub/mortalitree_testing/notebooks/single_tiles/prefire/17/21040/50982.geojson",
        "OUTPUT_STATUS_DIR": "prefire",
        "FEATURE_COUNT": 176
      },
      "geometry": {
        "type": "Polygon",
        "coordinates": [
          [
            [
              -122.21064512010679,
              37.07583555501075
            ],
            [
              -122.21060136352067,
              37.075835263783745
            ],
            [
              -122.21060163612367,
              37.07580896844978
            ],
            [
              -122.2106453926947,
              37.0758092596765
            ],
            [
              -122.21064512010679,
              37.07583555501075
            ]
          ]
        ]
      }
    },
    {
      "id": "662",
      "type": "Feature",
      "properties": {
        "id": null,
        "SOURCE_FILE": "/Users/maples/GitHub/mortalitree_testing/labels/izzyip_mortalitree_prefire_labels.geojson",
        "SUNETID": "izzyip",
        "FIRENAME": "CZU AUG LIGHTNING",
        "FIRE_SLUG": "CZU_AUG_LIGHTNING",
        "PREFIRE": 1,
        "PREFIRE_STATUS": "prefire",
        "TILE_Z": 17,
        "TILE_X": 21040,
        "TILE_Y": 50982,
        "TILEXYZ": [
          17,
          21040,
          50982
        ],
        "OUTPUT_FILE": "/Users/maples/GitHub/mortalitree_testing/notebooks/single_tiles/prefire/17/21040/50982.geojson",
        "OUTPUT_STATUS_DIR": "prefire",
        "FEATURE_COUNT": 176
      },
      "geometry": {
        "type": "Polygon",
        "coordinates": [
          [
            [
              -122.21073871610446,
              37.07577700931098
            ],
            [
              -122.21067855084358,
              37.075776608917714
            ],
            [
              -122.21067886884862,
              37.0757459310272
            ],
            [
              -122.21073903408524,
              37.07574633142003
            ],
            [
              -122.21073871610446,
              37.07577700931098
            ]
          ]
        ]
      }
    },
    {
      "id": "663",
      "type": "Feature",
      "properties": {
        "id": null,
        "SOURCE_FILE": "/Users/maples/GitHub/mortalitree_testing/labels/izzyip_mortalitree_prefire_labels.geojson",
        "SUNETID": "izzyip",
        "FIRENAME": "CZU AUG LIGHTNING",
        "FIRE_SLUG": "CZU_AUG_LIGHTNING",
        "PREFIRE": 1,
        "PREFIRE_STATUS": "prefire",
        "TILE_Z": 17,
        "TILE_X": 21040,
        "TILE_Y": 50982,
        "TILEXYZ": [
          17,
          21040,
          50982
        ],
        "OUTPUT_FILE": "/Users/maples/GitHub/mortalitree_testing/notebooks/single_tiles/prefire/17/21040/50982.geojson",
        "OUTPUT_STATUS_DIR": "prefire",
        "FEATURE_COUNT": 176
      },
      "geometry": {
        "type": "Polygon",
        "coordinates": [
          [
            [
              -122.21074723843579,
              37.07574638601669
            ],
            [
              -122.21071989060073,
              37.07574620402563
            ],
            [
              -122.2107202994424,
              37.0757067610229
            ],
            [
              -122.21074764726329,
              37.07570694301371
            ],
            [
              -122.21074723843579,
              37.07574638601669
            ]
          ]
        ]
      }
    },
    {
      "id": "664",
      "type": "Feature",
      "properties": {
        "id": null,
        "SOURCE_FILE": "/Users/maples/GitHub/mortalitree_testing/labels/izzyip_mortalitree_prefire_labels.geojson",
        "SUNETID": "izzyip",
        "FIRENAME": "CZU AUG LIGHTNING",
        "FIRE_SLUG": "CZU_AUG_LIGHTNING",
        "PREFIRE": 1,
        "PREFIRE_STATUS": "prefire",
        "TILE_Z": 17,
        "TILE_X": 21040,
        "TILE_Y": 50982,
        "TILEXYZ": [
          17,
          21040,
          50982
        ],
        "OUTPUT_FILE": "/Users/maples/GitHub/mortalitree_testing/notebooks/single_tiles/prefire/17/21040/50982.geojson",
        "OUTPUT_STATUS_DIR": "prefire",
        "FEATURE_COUNT": 176
      },
      "geometry": {
        "type": "Polygon",
        "coordinates": [
          [
            [
              -122.21081497212408,
              37.07580819674963
            ],
            [
              -122.21076027640893,
              37.07580783279192
            ],
            [
              -122.21076063980601,
              37.07577277234509
            ],
            [
              -122.210815335496,
              37.07577313630235
            ],
            [
              -122.21081497212408,
              37.07580819674963
            ]
          ]
        ]
      }
    },
    {
      "id": "665",
      "type": "Feature",
      "properties": {
        "id": null,
        "SOURCE_FILE": "/Users/maples/GitHub/mortalitree_testing/labels/izzyip_mortalitree_prefire_labels.geojson",
        "SUNETID": "izzyip",
        "FIRENAME": "CZU AUG LIGHTNING",
        "FIRE_SLUG": "CZU_AUG_LIGHTNING",
        "PREFIRE": 1,
        "PREFIRE_STATUS": "prefire",
        "TILE_Z": 17,
        "TILE_X": 21040,
        "TILE_Y": 50982,
        "TILEXYZ": [
          17,
          21040,
          50982
        ],
        "OUTPUT_FILE": "/Users/maples/GitHub/mortalitree_testing/notebooks/single_tiles/prefire/17/21040/50982.geojson",
        "OUTPUT_STATUS_DIR": "prefire",
        "FEATURE_COUNT": 176
      },
      "geometry": {
        "type": "Polygon",
        "coordinates": [
          [
            [
              -122.21091674960302,
              37.075751896776595
            ],
            [
              -122.21086205392697,
              37.075751532866285
            ],
            [
              -122.21086223560178,
              37.07573400264229
            ],
            [
              -122.21091693126526,
              37.07573436655238
            ],
            [
              -122.21091674960302,
              37.075751896776595
            ]
          ]
        ]
      }
    },
    {
      "id": "666",
      "type": "Feature",
      "properties": {
        "id": null,
        "SOURCE_FILE": "/Users/maples/GitHub/mortalitree_testing/labels/izzyip_mortalitree_prefire_labels.geojson",
        "SUNETID": "izzyip",
        "FIRENAME": "CZU AUG LIGHTNING",
        "FIRE_SLUG": "CZU_AUG_LIGHTNING",
        "PREFIRE": 1,
        "PREFIRE_STATUS": "prefire",
        "TILE_Z": 17,
        "TILE_X": 21040,
        "TILE_Y": 50982,
        "TILEXYZ": [
          17,
          21040,
          50982
        ],
        "OUTPUT_FILE": "/Users/maples/GitHub/mortalitree_testing/notebooks/single_tiles/prefire/17/21040/50982.geojson",
        "OUTPUT_STATUS_DIR": "prefire",
        "FEATURE_COUNT": 176
      },
      "geometry": {
        "type": "Polygon",
        "coordinates": [
          [
            [
              -122.21095191577761,
              37.07578938503136
            ],
            [
              -122.21091362878511,
              37.075789130307925
            ],
            [
              -122.21091399211134,
              37.0757540698597
            ],
            [
              -122.21095227908621,
              37.07575432458281
            ],
            [
              -122.21095191577761,
              37.07578938503136
            ]
          ]
        ]
      }
    },
    {
      "id": "667",
      "type": "Feature",
      "properties": {
        "id": null,
        "SOURCE_FILE": "/Users/maples/GitHub/mortalitree_testing/labels/izzyip_mortalitree_prefire_labels.geojson",
        "SUNETID": "izzyip",
        "FIRENAME": "CZU AUG LIGHTNING",
        "FIRE_SLUG": "CZU_AUG_LIGHTNING",
        "PREFIRE": 1,
        "PREFIRE_STATUS": "prefire",
        "TILE_Z": 17,
        "TILE_X": 21040,
        "TILE_Y": 50982,
        "TILEXYZ": [
          17,
          21040,
          50982
        ],
        "OUTPUT_FILE": "/Users/maples/GitHub/mortalitree_testing/notebooks/single_tiles/prefire/17/21040/50982.geojson",
        "OUTPUT_STATUS_DIR": "prefire",
        "FEATURE_COUNT": 176
      },
      "geometry": {
        "type": "Polygon",
        "coordinates": [
          [
            [
              -122.21097605201585,
              37.07583556561429
            ],
            [
              -122.21089947798444,
              37.0758350561701
            ],
            [
              -122.21089988673442,
              37.07579561316628
            ],
            [
              -122.21097646072619,
              37.07579612260973
            ],
            [
              -122.21097605201585,
              37.07583556561429
            ]
          ]
        ]
      }
    },
    {
      "id": "668",
      "type": "Feature",
      "properties": {
        "id": null,
        "SOURCE_FILE": "/Users/maples/GitHub/mortalitree_testing/labels/izzyip_mortalitree_prefire_labels.geojson",
        "SUNETID": "izzyip",
        "FIRENAME": "CZU AUG LIGHTNING",
        "FIRE_SLUG": "CZU_AUG_LIGHTNING",
        "PREFIRE": 1,
        "PREFIRE_STATUS": "prefire",
        "TILE_Z": 17,
        "TILE_X": 21040,
        "TILE_Y": 50982,
        "TILEXYZ": [
          17,
          21040,
          50982
        ],
        "OUTPUT_FILE": "/Users/maples/GitHub/mortalitree_testing/notebooks/single_tiles/prefire/17/21040/50982.geojson",
        "OUTPUT_STATUS_DIR": "prefire",
        "FEATURE_COUNT": 176
      },
      "geometry": {
        "type": "Polygon",
        "coordinates": [
          [
            [
              -122.21106144340935,
              37.07577696507599
            ],
            [
              -122.21102315642207,
              37.07577671038798
            ],
            [
              -122.2110235196977,
              37.07574164993875
            ],
            [
              -122.21106180666737,
              37.075741904626426
            ],
            [
              -122.21106144340935,
              37.07577696507599
            ]
          ]
        ]
      }
    },
    {
      "id": "669",
      "type": "Feature",
      "properties": {
        "id": null,
        "SOURCE_FILE": "/Users/maples/GitHub/mortalitree_testing/labels/izzyip_mortalitree_prefire_labels.geojson",
        "SUNETID": "izzyip",
        "FIRENAME": "CZU AUG LIGHTNING",
        "FIRE_SLUG": "CZU_AUG_LIGHTNING",
        "PREFIRE": 1,
        "PREFIRE_STATUS": "prefire",
        "TILE_Z": 17,
        "TILE_X": 21040,
        "TILE_Y": 50982,
        "TILEXYZ": [
          17,
          21040,
          50982
        ],
        "OUTPUT_FILE": "/Users/maples/GitHub/mortalitree_testing/notebooks/single_tiles/prefire/17/21040/50982.geojson",
        "OUTPUT_STATUS_DIR": "prefire",
        "FEATURE_COUNT": 176
      },
      "geometry": {
        "type": "Polygon",
        "coordinates": [
          [
            [
              -122.21112997194238,
              37.075762080898365
            ],
            [
              -122.21105886755055,
              37.07576160793775
            ],
            [
              -122.21105927621687,
              37.07572216493192
            ],
            [
              -122.21113038057189,
              37.07572263789184
            ],
            [
              -122.21112997194238,
              37.075762080898365
            ]
          ]
        ]
      }
    },
    {
      "id": "670",
      "type": "Feature",
      "properties": {
        "id": null,
        "SOURCE_FILE": "/Users/maples/GitHub/mortalitree_testing/labels/izzyip_mortalitree_prefire_labels.geojson",
        "SUNETID": "izzyip",
        "FIRENAME": "CZU AUG LIGHTNING",
        "FIRE_SLUG": "CZU_AUG_LIGHTNING",
        "PREFIRE": 1,
        "PREFIRE_STATUS": "prefire",
        "TILE_Z": 17,
        "TILE_X": 21040,
        "TILE_Y": 50982,
        "TILEXYZ": [
          17,
          21040,
          50982
        ],
        "OUTPUT_FILE": "/Users/maples/GitHub/mortalitree_testing/notebooks/single_tiles/prefire/17/21040/50982.geojson",
        "OUTPUT_STATUS_DIR": "prefire",
        "FEATURE_COUNT": 176
      },
      "geometry": {
        "type": "Polygon",
        "coordinates": [
          [
            [
              -122.2110363308497,
              37.0758250094669
            ],
            [
              -122.21099257426549,
              37.07582471838429
            ],
            [
              -122.21099307378957,
              37.0757765102673
            ],
            [
              -122.21103683034606,
              37.0757768013494
            ],
            [
              -122.2110363308497,
              37.0758250094669
            ]
          ]
        ]
      }
    },
    {
      "id": "671",
      "type": "Feature",
      "properties": {
        "id": null,
        "SOURCE_FILE": "/Users/maples/GitHub/mortalitree_testing/labels/izzyip_mortalitree_prefire_labels.geojson",
        "SUNETID": "izzyip",
        "FIRENAME": "CZU AUG LIGHTNING",
        "FIRE_SLUG": "CZU_AUG_LIGHTNING",
        "PREFIRE": 1,
        "PREFIRE_STATUS": "prefire",
        "TILE_Z": 17,
        "TILE_X": 21040,
        "TILE_Y": 50982,
        "TILEXYZ": [
          17,
          21040,
          50982
        ],
        "OUTPUT_FILE": "/Users/maples/GitHub/mortalitree_testing/notebooks/single_tiles/prefire/17/21040/50982.geojson",
        "OUTPUT_STATUS_DIR": "prefire",
        "FEATURE_COUNT": 176
      },
      "geometry": {
        "type": "Polygon",
        "coordinates": [
          [
            [
              -122.21111032900285,
              37.075810161685474
            ],
            [
              -122.21107204199843,
              37.07580990701305
            ],
            [
              -122.21107222362531,
              37.07579237678837
            ],
            [
              -122.2111105106209,
              37.07579263146063
            ],
            [
              -122.21111032900285,
              37.075810161685474
            ]
          ]
        ]
      }
    },
    {
      "id": "672",
      "type": "Feature",
      "properties": {
        "id": null,
        "SOURCE_FILE": "/Users/maples/GitHub/mortalitree_testing/labels/izzyip_mortalitree_prefire_labels.geojson",
        "SUNETID": "izzyip",
        "FIRENAME": "CZU AUG LIGHTNING",
        "FIRE_SLUG": "CZU_AUG_LIGHTNING",
        "PREFIRE": 1,
        "PREFIRE_STATUS": "prefire",
        "TILE_Z": 17,
        "TILE_X": 21040,
        "TILE_Y": 50982,
        "TILEXYZ": [
          17,
          21040,
          50982
        ],
        "OUTPUT_FILE": "/Users/maples/GitHub/mortalitree_testing/notebooks/single_tiles/prefire/17/21040/50982.geojson",
        "OUTPUT_STATUS_DIR": "prefire",
        "FEATURE_COUNT": 176
      },
      "geometry": {
        "type": "Polygon",
        "coordinates": [
          [
            [
              -122.2110962464244,
              37.07584951373808
            ],
            [
              -122.2110579594003,
              37.075849259060874
            ],
            [
              -122.21105814103066,
              37.075831728836356
            ],
            [
              -122.21109642804593,
              37.075831983513396
            ],
            [
              -122.2110962464244,
              37.07584951373808
            ]
          ]
        ]
      }
    },
    {
      "id": "673",
      "type": "Feature",
      "properties": {
        "id": null,
        "SOURCE_FILE": "/Users/maples/GitHub/mortalitree_testing/labels/izzyip_mortalitree_prefire_labels.geojson",
        "SUNETID": "izzyip",
        "FIRENAME": "CZU AUG LIGHTNING",
        "FIRE_SLUG": "CZU_AUG_LIGHTNING",
        "PREFIRE": 1,
        "PREFIRE_STATUS": "prefire",
        "TILE_Z": 17,
        "TILE_X": 21040,
        "TILE_Y": 50982,
        "TILEXYZ": [
          17,
          21040,
          50982
        ],
        "OUTPUT_FILE": "/Users/maples/GitHub/mortalitree_testing/notebooks/single_tiles/prefire/17/21040/50982.geojson",
        "OUTPUT_STATUS_DIR": "prefire",
        "FEATURE_COUNT": 176
      },
      "geometry": {
        "type": "Polygon",
        "coordinates": [
          [
            [
              -122.21110133005566,
              37.07588680184685
            ],
            [
              -122.21106304301279,
              37.075886547171066
            ],
            [
              -122.21106327004956,
              37.07586463439052
            ],
            [
              -122.2111015570814,
              37.0758648890661
            ],
            [
              -122.21110133005566,
              37.07588680184685
            ]
          ]
        ]
      }
    },
    {
      "id": "674",
      "type": "Feature",
      "properties": {
        "id": null,
        "SOURCE_FILE": "/Users/maples/GitHub/mortalitree_testing/labels/izzyip_mortalitree_prefire_labels.geojson",
        "SUNETID": "izzyip",
        "FIRENAME": "CZU AUG LIGHTNING",
        "FIRE_SLUG": "CZU_AUG_LIGHTNING",
        "PREFIRE": 1,
        "PREFIRE_STATUS": "prefire",
        "TILE_Z": 17,
        "TILE_X": 21040,
        "TILE_Y": 50982,
        "TILEXYZ": [
          17,
          21040,
          50982
        ],
        "OUTPUT_FILE": "/Users/maples/GitHub/mortalitree_testing/notebooks/single_tiles/prefire/17/21040/50982.geojson",
        "OUTPUT_STATUS_DIR": "prefire",
        "FEATURE_COUNT": 176
      },
      "geometry": {
        "type": "Polygon",
        "coordinates": [
          [
            [
              -122.2111426697073,
              37.07585639680666
            ],
            [
              -122.21109344352858,
              37.075856069381494
            ],
            [
              -122.2110937159619,
              37.07582977404449
            ],
            [
              -122.21114294212362,
              37.07583010146936
            ],
            [
              -122.2111426697073,
              37.07585639680666
            ]
          ]
        ]
      }
    },
    {
      "id": "675",
      "type": "Feature",
      "properties": {
        "id": null,
        "SOURCE_FILE": "/Users/maples/GitHub/mortalitree_testing/labels/izzyip_mortalitree_prefire_labels.geojson",
        "SUNETID": "izzyip",
        "FIRENAME": "CZU AUG LIGHTNING",
        "FIRE_SLUG": "CZU_AUG_LIGHTNING",
        "PREFIRE": 1,
        "PREFIRE_STATUS": "prefire",
        "TILE_Z": 17,
        "TILE_X": 21040,
        "TILE_Y": 50982,
        "TILEXYZ": [
          17,
          21040,
          50982
        ],
        "OUTPUT_FILE": "/Users/maples/GitHub/mortalitree_testing/notebooks/single_tiles/prefire/17/21040/50982.geojson",
        "OUTPUT_STATUS_DIR": "prefire",
        "FEATURE_COUNT": 176
      },
      "geometry": {
        "type": "Polygon",
        "coordinates": [
          [
            [
              -122.21107307403092,
              37.07597427105843
            ],
            [
              -122.21100743902562,
              37.07597383444731
            ],
            [
              -122.21100784772173,
              37.075934391443376
            ],
            [
              -122.21107348269301,
              37.075934828053875
            ],
            [
              -122.21107307403092,
              37.07597427105843
            ]
          ]
        ]
      }
    },
    {
      "id": "676",
      "type": "Feature",
      "properties": {
        "id": null,
        "SOURCE_FILE": "/Users/maples/GitHub/mortalitree_testing/labels/izzyip_mortalitree_prefire_labels.geojson",
        "SUNETID": "izzyip",
        "FIRENAME": "CZU AUG LIGHTNING",
        "FIRE_SLUG": "CZU_AUG_LIGHTNING",
        "PREFIRE": 1,
        "PREFIRE_STATUS": "prefire",
        "TILE_Z": 17,
        "TILE_X": 21040,
        "TILE_Y": 50982,
        "TILEXYZ": [
          17,
          21040,
          50982
        ],
        "OUTPUT_FILE": "/Users/maples/GitHub/mortalitree_testing/notebooks/single_tiles/prefire/17/21040/50982.geojson",
        "OUTPUT_STATUS_DIR": "prefire",
        "FEATURE_COUNT": 176
      },
      "geometry": {
        "type": "Polygon",
        "coordinates": [
          [
            [
              -122.21102665068311,
              37.07596738796197
            ],
            [
              -122.2109610156845,
              37.07596695132523
            ],
            [
              -122.2109616514709,
              37.07590559554183
            ],
            [
              -122.21102728641662,
              37.07590603217761
            ],
            [
              -122.21102665068311,
              37.07596738796197
            ]
          ]
        ]
      }
    },
    {
      "id": "677",
      "type": "Feature",
      "properties": {
        "id": null,
        "SOURCE_FILE": "/Users/maples/GitHub/mortalitree_testing/labels/izzyip_mortalitree_prefire_labels.geojson",
        "SUNETID": "izzyip",
        "FIRENAME": "CZU AUG LIGHTNING",
        "FIRE_SLUG": "CZU_AUG_LIGHTNING",
        "PREFIRE": 1,
        "PREFIRE_STATUS": "prefire",
        "TILE_Z": 17,
        "TILE_X": 21040,
        "TILE_Y": 50982,
        "TILEXYZ": [
          17,
          21040,
          50982
        ],
        "OUTPUT_FILE": "/Users/maples/GitHub/mortalitree_testing/notebooks/single_tiles/prefire/17/21040/50982.geojson",
        "OUTPUT_STATUS_DIR": "prefire",
        "FEATURE_COUNT": 176
      },
      "geometry": {
        "type": "Polygon",
        "coordinates": [
          [
            [
              -122.21089626632002,
              37.07588105481219
            ],
            [
              -122.21084704012829,
              37.07588072728458
            ],
            [
              -122.21084731264692,
              37.07585443194925
            ],
            [
              -122.21089653882164,
              37.07585475947655
            ],
            [
              -122.21089626632002,
              37.07588105481219
            ]
          ]
        ]
      }
    },
    {
      "id": "678",
      "type": "Feature",
      "properties": {
        "id": null,
        "SOURCE_FILE": "/Users/maples/GitHub/mortalitree_testing/labels/izzyip_mortalitree_prefire_labels.geojson",
        "SUNETID": "izzyip",
        "FIRENAME": "CZU AUG LIGHTNING",
        "FIRE_SLUG": "CZU_AUG_LIGHTNING",
        "PREFIRE": 1,
        "PREFIRE_STATUS": "prefire",
        "TILE_Z": 17,
        "TILE_X": 21040,
        "TILE_Y": 50982,
        "TILEXYZ": [
          17,
          21040,
          50982
        ],
        "OUTPUT_FILE": "/Users/maples/GitHub/mortalitree_testing/notebooks/single_tiles/prefire/17/21040/50982.geojson",
        "OUTPUT_STATUS_DIR": "prefire",
        "FEATURE_COUNT": 176
      },
      "geometry": {
        "type": "Polygon",
        "coordinates": [
          [
            [
              -122.21086547965618,
              37.075948784274864
            ],
            [
              -122.21081625342103,
              37.07594845673397
            ],
            [
              -122.21081657137258,
              37.075917778843326
            ],
            [
              -122.21086579758791,
              37.07591810638386
            ],
            [
              -122.21086547965618,
              37.075948784274864
            ]
          ]
        ]
      }
    },
    {
      "id": "679",
      "type": "Feature",
      "properties": {
        "id": null,
        "SOURCE_FILE": "/Users/maples/GitHub/mortalitree_testing/labels/izzyip_mortalitree_prefire_labels.geojson",
        "SUNETID": "izzyip",
        "FIRENAME": "CZU AUG LIGHTNING",
        "FIRE_SLUG": "CZU_AUG_LIGHTNING",
        "PREFIRE": 1,
        "PREFIRE_STATUS": "prefire",
        "TILE_Z": 17,
        "TILE_X": 21040,
        "TILE_Y": 50982,
        "TILEXYZ": [
          17,
          21040,
          50982
        ],
        "OUTPUT_FILE": "/Users/maples/GitHub/mortalitree_testing/notebooks/single_tiles/prefire/17/21040/50982.geojson",
        "OUTPUT_STATUS_DIR": "prefire",
        "FEATURE_COUNT": 176
      },
      "geometry": {
        "type": "Polygon",
        "coordinates": [
          [
            [
              -122.21061105324947,
              37.07595585687149
            ],
            [
              -122.2105399486856,
              37.075955383597694
            ],
            [
              -122.21054081199813,
              37.075872115042664
            ],
            [
              -122.21061191648428,
              37.07587258831502
            ],
            [
              -122.21061105324947,
              37.07595585687149
            ]
          ]
        ]
      }
    },
    {
      "id": "680",
      "type": "Feature",
      "properties": {
        "id": null,
        "SOURCE_FILE": "/Users/maples/GitHub/mortalitree_testing/labels/izzyip_mortalitree_prefire_labels.geojson",
        "SUNETID": "izzyip",
        "FIRENAME": "CZU AUG LIGHTNING",
        "FIRE_SLUG": "CZU_AUG_LIGHTNING",
        "PREFIRE": 1,
        "PREFIRE_STATUS": "prefire",
        "TILE_Z": 17,
        "TILE_X": 21040,
        "TILE_Y": 50982,
        "TILEXYZ": [
          17,
          21040,
          50982
        ],
        "OUTPUT_FILE": "/Users/maples/GitHub/mortalitree_testing/notebooks/single_tiles/prefire/17/21040/50982.geojson",
        "OUTPUT_STATUS_DIR": "prefire",
        "FEATURE_COUNT": 176
      },
      "geometry": {
        "type": "Polygon",
        "coordinates": [
          [
            [
              -122.21039880753591,
              37.075851446870665
            ],
            [
              -122.21033317264717,
              37.07585100988767
            ],
            [
              -122.21033389983509,
              37.07578088900155
            ],
            [
              -122.21039953466344,
              37.07578132598345
            ],
            [
              -122.21039880753591,
              37.075851446870665
            ]
          ]
        ]
      }
    },
    {
      "id": "681",
      "type": "Feature",
      "properties": {
        "id": null,
        "SOURCE_FILE": "/Users/maples/GitHub/mortalitree_testing/labels/izzyip_mortalitree_prefire_labels.geojson",
        "SUNETID": "izzyip",
        "FIRENAME": "CZU AUG LIGHTNING",
        "FIRE_SLUG": "CZU_AUG_LIGHTNING",
        "PREFIRE": 1,
        "PREFIRE_STATUS": "prefire",
        "TILE_Z": 17,
        "TILE_X": 21040,
        "TILE_Y": 50982,
        "TILEXYZ": [
          17,
          21040,
          50982
        ],
        "OUTPUT_FILE": "/Users/maples/GitHub/mortalitree_testing/notebooks/single_tiles/prefire/17/21040/50982.geojson",
        "OUTPUT_STATUS_DIR": "prefire",
        "FEATURE_COUNT": 176
      },
      "geometry": {
        "type": "Polygon",
        "coordinates": [
          [
            [
              -122.21031305195176,
              37.075945107366415
            ],
            [
              -122.21020912991956,
              37.075944415383276
            ],
            [
              -122.21020994813708,
              37.07586552938993
            ],
            [
              -122.21031387006164,
              37.07586622137111
            ],
            [
              -122.21031305195176,
              37.075945107366415
            ]
          ]
        ]
      }
    },
    {
      "id": "682",
      "type": "Feature",
      "properties": {
        "id": null,
        "SOURCE_FILE": "/Users/maples/GitHub/mortalitree_testing/labels/izzyip_mortalitree_prefire_labels.geojson",
        "SUNETID": "izzyip",
        "FIRENAME": "CZU AUG LIGHTNING",
        "FIRE_SLUG": "CZU_AUG_LIGHTNING",
        "PREFIRE": 1,
        "PREFIRE_STATUS": "prefire",
        "TILE_Z": 17,
        "TILE_X": 21040,
        "TILE_Y": 50982,
        "TILEXYZ": [
          17,
          21040,
          50982
        ],
        "OUTPUT_FILE": "/Users/maples/GitHub/mortalitree_testing/notebooks/single_tiles/prefire/17/21040/50982.geojson",
        "OUTPUT_STATUS_DIR": "prefire",
        "FEATURE_COUNT": 176
      },
      "geometry": {
        "type": "Polygon",
        "coordinates": [
          [
            [
              -122.21018381220648,
              37.07601218108331
            ],
            [
              -122.21010176842687,
              37.076011634698155
            ],
            [
              -122.21010254129486,
              37.0759371312628
            ],
            [
              -122.21018458499422,
              37.075937677646486
            ],
            [
              -122.21018381220648,
              37.07601218108331
            ]
          ]
        ]
      }
    },
    {
      "id": "683",
      "type": "Feature",
      "properties": {
        "id": null,
        "SOURCE_FILE": "/Users/maples/GitHub/mortalitree_testing/labels/izzyip_mortalitree_prefire_labels.geojson",
        "SUNETID": "izzyip",
        "FIRENAME": "CZU AUG LIGHTNING",
        "FIRE_SLUG": "CZU_AUG_LIGHTNING",
        "PREFIRE": 1,
        "PREFIRE_STATUS": "prefire",
        "TILE_Z": 17,
        "TILE_X": 21040,
        "TILE_Y": 50982,
        "TILEXYZ": [
          17,
          21040,
          50982
        ],
        "OUTPUT_FILE": "/Users/maples/GitHub/mortalitree_testing/notebooks/single_tiles/prefire/17/21040/50982.geojson",
        "OUTPUT_STATUS_DIR": "prefire",
        "FEATURE_COUNT": 176
      },
      "geometry": {
        "type": "Polygon",
        "coordinates": [
          [
            [
              -122.21013244214025,
              37.07595486183037
            ],
            [
              -122.21005586800446,
              37.07595435184015
            ],
            [
              -122.21005645905451,
              37.07589737862506
            ],
            [
              -122.21013303313306,
              37.07589788861422
            ],
            [
              -122.21013244214025,
              37.07595486183037
            ]
          ]
        ]
      }
    },
    {
      "id": "684",
      "type": "Feature",
      "properties": {
        "id": null,
        "SOURCE_FILE": "/Users/maples/GitHub/mortalitree_testing/labels/izzyip_mortalitree_prefire_labels.geojson",
        "SUNETID": "izzyip",
        "FIRENAME": "CZU AUG LIGHTNING",
        "FIRE_SLUG": "CZU_AUG_LIGHTNING",
        "PREFIRE": 1,
        "PREFIRE_STATUS": "prefire",
        "TILE_Z": 17,
        "TILE_X": 21040,
        "TILE_Y": 50982,
        "TILEXYZ": [
          17,
          21040,
          50982
        ],
        "OUTPUT_FILE": "/Users/maples/GitHub/mortalitree_testing/notebooks/single_tiles/prefire/17/21040/50982.geojson",
        "OUTPUT_STATUS_DIR": "prefire",
        "FEATURE_COUNT": 176
      },
      "geometry": {
        "type": "Polygon",
        "coordinates": [
          [
            [
              -122.21007961730082,
              37.07603778431561
            ],
            [
              -122.2099811647349,
              37.07603712855975
            ],
            [
              -122.20998180131238,
              37.07597577279158
            ],
            [
              -122.21008025379902,
              37.07597642854599
            ],
            [
              -122.21007961730082,
              37.07603778431561
            ]
          ]
        ]
      }
    },
    {
      "id": "685",
      "type": "Feature",
      "properties": {
        "id": null,
        "SOURCE_FILE": "/Users/maples/GitHub/mortalitree_testing/labels/izzyip_mortalitree_prefire_labels.geojson",
        "SUNETID": "izzyip",
        "FIRENAME": "CZU AUG LIGHTNING",
        "FIRE_SLUG": "CZU_AUG_LIGHTNING",
        "PREFIRE": 1,
        "PREFIRE_STATUS": "prefire",
        "TILE_Z": 17,
        "TILE_X": 21040,
        "TILE_Y": 50982,
        "TILEXYZ": [
          17,
          21040,
          50982
        ],
        "OUTPUT_FILE": "/Users/maples/GitHub/mortalitree_testing/notebooks/single_tiles/prefire/17/21040/50982.geojson",
        "OUTPUT_STATUS_DIR": "prefire",
        "FEATURE_COUNT": 176
      },
      "geometry": {
        "type": "Polygon",
        "coordinates": [
          [
            [
              -122.21028146932434,
              37.07608953138577
            ],
            [
              -122.21019942545945,
              37.076088985067194
            ],
            [
              -122.2101998800331,
              37.07604515951665
            ],
            [
              -122.21028192385077,
              37.07604570583436
            ],
            [
              -122.21028146932434,
              37.07608953138577
            ]
          ]
        ]
      }
    },
    {
      "id": "686",
      "type": "Feature",
      "properties": {
        "id": null,
        "SOURCE_FILE": "/Users/maples/GitHub/mortalitree_testing/labels/izzyip_mortalitree_prefire_labels.geojson",
        "SUNETID": "izzyip",
        "FIRENAME": "CZU AUG LIGHTNING",
        "FIRE_SLUG": "CZU_AUG_LIGHTNING",
        "PREFIRE": 1,
        "PREFIRE_STATUS": "prefire",
        "TILE_Z": 17,
        "TILE_X": 21040,
        "TILE_Y": 50982,
        "TILEXYZ": [
          17,
          21040,
          50982
        ],
        "OUTPUT_FILE": "/Users/maples/GitHub/mortalitree_testing/notebooks/single_tiles/prefire/17/21040/50982.geojson",
        "OUTPUT_STATUS_DIR": "prefire",
        "FEATURE_COUNT": 176
      },
      "geometry": {
        "type": "Polygon",
        "coordinates": [
          [
            [
              -122.2102102509993,
              37.07610001430058
            ],
            [
              -122.21012820712451,
              37.07609946793261
            ],
            [
              -122.21012866173933,
              37.07605564238288
            ],
            [
              -122.21021070556692,
              37.076056188749995
            ],
            [
              -122.2102102509993,
              37.07610001430058
            ]
          ]
        ]
      }
    },
    {
      "id": "687",
      "type": "Feature",
      "properties": {
        "id": null,
        "SOURCE_FILE": "/Users/maples/GitHub/mortalitree_testing/labels/izzyip_mortalitree_prefire_labels.geojson",
        "SUNETID": "izzyip",
        "FIRENAME": "CZU AUG LIGHTNING",
        "FIRE_SLUG": "CZU_AUG_LIGHTNING",
        "PREFIRE": 1,
        "PREFIRE_STATUS": "prefire",
        "TILE_Z": 17,
        "TILE_X": 21040,
        "TILE_Y": 50982,
        "TILEXYZ": [
          17,
          21040,
          50982
        ],
        "OUTPUT_FILE": "/Users/maples/GitHub/mortalitree_testing/notebooks/single_tiles/prefire/17/21040/50982.geojson",
        "OUTPUT_STATUS_DIR": "prefire",
        "FEATURE_COUNT": 176
      },
      "geometry": {
        "type": "Polygon",
        "coordinates": [
          [
            [
              -122.21021790991016,
              37.07615265959462
            ],
            [
              -122.21014133557387,
              37.076152149657275
            ],
            [
              -122.21014179018199,
              37.07610832410781
            ],
            [
              -122.21021836447422,
              37.07610883404434
            ],
            [
              -122.21021790991016,
              37.07615265959462
            ]
          ]
        ]
      }
    },
    {
      "id": "688",
      "type": "Feature",
      "properties": {
        "id": null,
        "SOURCE_FILE": "/Users/maples/GitHub/mortalitree_testing/labels/izzyip_mortalitree_prefire_labels.geojson",
        "SUNETID": "izzyip",
        "FIRENAME": "CZU AUG LIGHTNING",
        "FIRE_SLUG": "CZU_AUG_LIGHTNING",
        "PREFIRE": 1,
        "PREFIRE_STATUS": "prefire",
        "TILE_Z": 17,
        "TILE_X": 21040,
        "TILE_Y": 50982,
        "TILEXYZ": [
          17,
          21040,
          50982
        ],
        "OUTPUT_FILE": "/Users/maples/GitHub/mortalitree_testing/notebooks/single_tiles/prefire/17/21040/50982.geojson",
        "OUTPUT_STATUS_DIR": "prefire",
        "FEATURE_COUNT": 176
      },
      "geometry": {
        "type": "Polygon",
        "coordinates": [
          [
            [
              -122.21012483586414,
              37.07616080548838
            ],
            [
              -122.2100318527339,
              37.076160186199225
            ],
            [
              -122.21003258020745,
              37.07609006532187
            ],
            [
              -122.21012556325208,
              37.07609068460945
            ],
            [
              -122.21012483586414,
              37.07616080548838
            ]
          ]
        ]
      }
    },
    {
      "id": "689",
      "type": "Feature",
      "properties": {
        "id": null,
        "SOURCE_FILE": "/Users/maples/GitHub/mortalitree_testing/labels/izzyip_mortalitree_prefire_labels.geojson",
        "SUNETID": "izzyip",
        "FIRENAME": "CZU AUG LIGHTNING",
        "FIRE_SLUG": "CZU_AUG_LIGHTNING",
        "PREFIRE": 1,
        "PREFIRE_STATUS": "prefire",
        "TILE_Z": 17,
        "TILE_X": 21040,
        "TILE_Y": 50982,
        "TILEXYZ": [
          17,
          21040,
          50982
        ],
        "OUTPUT_FILE": "/Users/maples/GitHub/mortalitree_testing/notebooks/single_tiles/prefire/17/21040/50982.geojson",
        "OUTPUT_STATUS_DIR": "prefire",
        "FEATURE_COUNT": 176
      },
      "geometry": {
        "type": "Polygon",
        "coordinates": [
          [
            [
              -122.21004568585576,
              37.07614493833383
            ],
            [
              -122.20998005071965,
              37.076144501152484
            ],
            [
              -122.20998055089049,
              37.076096293049865
            ],
            [
              -122.21004618598505,
              37.07609673023046
            ],
            [
              -122.21004568585576,
              37.07614493833383
            ]
          ]
        ]
      }
    },
    {
      "id": "690",
      "type": "Feature",
      "properties": {
        "id": null,
        "SOURCE_FILE": "/Users/maples/GitHub/mortalitree_testing/labels/izzyip_mortalitree_prefire_labels.geojson",
        "SUNETID": "izzyip",
        "FIRENAME": "CZU AUG LIGHTNING",
        "FIRE_SLUG": "CZU_AUG_LIGHTNING",
        "PREFIRE": 1,
        "PREFIRE_STATUS": "prefire",
        "TILE_Z": 17,
        "TILE_X": 21040,
        "TILE_Y": 50982,
        "TILEXYZ": [
          17,
          21040,
          50982
        ],
        "OUTPUT_FILE": "/Users/maples/GitHub/mortalitree_testing/notebooks/single_tiles/prefire/17/21040/50982.geojson",
        "OUTPUT_STATUS_DIR": "prefire",
        "FEATURE_COUNT": 176
      },
      "geometry": {
        "type": "Polygon",
        "coordinates": [
          [
            [
              -122.20999381564488,
              37.07613582712536
            ],
            [
              -122.20991724132966,
              37.076135317043544
            ],
            [
              -122.20991792343452,
              37.07606957872259
            ],
            [
              -122.20999449768364,
              37.07607008880319
            ],
            [
              -122.20999381564488,
              37.07613582712536
            ]
          ]
        ]
      }
    },
    {
      "id": "691",
      "type": "Feature",
      "properties": {
        "id": null,
        "SOURCE_FILE": "/Users/maples/GitHub/mortalitree_testing/labels/izzyip_mortalitree_prefire_labels.geojson",
        "SUNETID": "izzyip",
        "FIRENAME": "CZU AUG LIGHTNING",
        "FIRE_SLUG": "CZU_AUG_LIGHTNING",
        "PREFIRE": 1,
        "PREFIRE_STATUS": "prefire",
        "TILE_Z": 17,
        "TILE_X": 21040,
        "TILE_Y": 50982,
        "TILEXYZ": [
          17,
          21040,
          50982
        ],
        "OUTPUT_FILE": "/Users/maples/GitHub/mortalitree_testing/notebooks/single_tiles/prefire/17/21040/50982.geojson",
        "OUTPUT_STATUS_DIR": "prefire",
        "FEATURE_COUNT": 176
      },
      "geometry": {
        "type": "Polygon",
        "coordinates": [
          [
            [
              -122.20986580316993,
              37.07608457150974
            ],
            [
              -122.20979469849864,
              37.0760840977878
            ],
            [
              -122.20979524426633,
              37.076031507132186
            ],
            [
              -122.20986634888851,
              37.07603198085324
            ],
            [
              -122.20986580316993,
              37.07608457150974
            ]
          ]
        ]
      }
    },
    {
      "id": "692",
      "type": "Feature",
      "properties": {
        "id": null,
        "SOURCE_FILE": "/Users/maples/GitHub/mortalitree_testing/labels/izzyip_mortalitree_prefire_labels.geojson",
        "SUNETID": "izzyip",
        "FIRENAME": "CZU AUG LIGHTNING",
        "FIRE_SLUG": "CZU_AUG_LIGHTNING",
        "PREFIRE": 1,
        "PREFIRE_STATUS": "prefire",
        "TILE_Z": 17,
        "TILE_X": 21040,
        "TILE_Y": 50982,
        "TILEXYZ": [
          17,
          21040,
          50982
        ],
        "OUTPUT_FILE": "/Users/maples/GitHub/mortalitree_testing/notebooks/single_tiles/prefire/17/21040/50982.geojson",
        "OUTPUT_STATUS_DIR": "prefire",
        "FEATURE_COUNT": 176
      },
      "geometry": {
        "type": "Polygon",
        "coordinates": [
          [
            [
              -122.20989116666506,
              37.076012423327235
            ],
            [
              -122.20982553164562,
              37.076011986061715
            ],
            [
              -122.20982625930526,
              37.075941865186095
            ],
            [
              -122.20989189426427,
              37.07594230245052
            ],
            [
              -122.20989116666506,
              37.076012423327235
            ]
          ]
        ]
      }
    },
    {
      "id": "693",
      "type": "Feature",
      "properties": {
        "id": null,
        "SOURCE_FILE": "/Users/maples/GitHub/mortalitree_testing/labels/izzyip_mortalitree_prefire_labels.geojson",
        "SUNETID": "izzyip",
        "FIRENAME": "CZU AUG LIGHTNING",
        "FIRE_SLUG": "CZU_AUG_LIGHTNING",
        "PREFIRE": 1,
        "PREFIRE_STATUS": "prefire",
        "TILE_Z": 17,
        "TILE_X": 21040,
        "TILE_Y": 50982,
        "TILEXYZ": [
          17,
          21040,
          50982
        ],
        "OUTPUT_FILE": "/Users/maples/GitHub/mortalitree_testing/notebooks/single_tiles/prefire/17/21040/50982.geojson",
        "OUTPUT_STATUS_DIR": "prefire",
        "FEATURE_COUNT": 176
      },
      "geometry": {
        "type": "Polygon",
        "coordinates": [
          [
            [
              -122.20991054393296,
              37.07625360958294
            ],
            [
              -122.20980115188767,
              37.07625288080072
            ],
            [
              -122.20980187957612,
              37.07618275992836
            ],
            [
              -122.20991127152071,
              37.076183488708736
            ],
            [
              -122.20991054393296,
              37.07625360958294
            ]
          ]
        ]
      }
    },
    {
      "id": "694",
      "type": "Feature",
      "properties": {
        "id": null,
        "SOURCE_FILE": "/Users/maples/GitHub/mortalitree_testing/labels/izzyip_mortalitree_prefire_labels.geojson",
        "SUNETID": "izzyip",
        "FIRENAME": "CZU AUG LIGHTNING",
        "FIRE_SLUG": "CZU_AUG_LIGHTNING",
        "PREFIRE": 1,
        "PREFIRE_STATUS": "prefire",
        "TILE_Z": 17,
        "TILE_X": 21040,
        "TILE_Y": 50982,
        "TILEXYZ": [
          17,
          21040,
          50982
        ],
        "OUTPUT_FILE": "/Users/maples/GitHub/mortalitree_testing/notebooks/single_tiles/prefire/17/21040/50982.geojson",
        "OUTPUT_STATUS_DIR": "prefire",
        "FEATURE_COUNT": 176
      },
      "geometry": {
        "type": "Polygon",
        "coordinates": [
          [
            [
              -122.20984427201114,
              37.07631452808898
            ],
            [
              -122.20973487988007,
              37.076313799244616
            ],
            [
              -122.20973569859986,
              37.076234913265246
            ],
            [
              -122.20984509061759,
              37.07623564210751
            ],
            [
              -122.20984427201114,
              37.07631452808898
            ]
          ]
        ]
      }
    },
    {
      "id": "695",
      "type": "Feature",
      "properties": {
        "id": null,
        "SOURCE_FILE": "/Users/maples/GitHub/mortalitree_testing/labels/izzyip_mortalitree_prefire_labels.geojson",
        "SUNETID": "izzyip",
        "FIRENAME": "CZU AUG LIGHTNING",
        "FIRE_SLUG": "CZU_AUG_LIGHTNING",
        "PREFIRE": 1,
        "PREFIRE_STATUS": "prefire",
        "TILE_Z": 17,
        "TILE_X": 21040,
        "TILE_Y": 50982,
        "TILEXYZ": [
          17,
          21040,
          50982
        ],
        "OUTPUT_FILE": "/Users/maples/GitHub/mortalitree_testing/notebooks/single_tiles/prefire/17/21040/50982.geojson",
        "OUTPUT_STATUS_DIR": "prefire",
        "FEATURE_COUNT": 176
      },
      "geometry": {
        "type": "Polygon",
        "coordinates": [
          [
            [
              -122.21001875381044,
              37.07636828468603
            ],
            [
              -122.2099367096504,
              37.07636773818225
            ],
            [
              -122.20993734627135,
              37.07630638241817
            ],
            [
              -122.2100193903653,
              37.07630692892076
            ],
            [
              -122.21001875381044,
              37.07636828468603
            ]
          ]
        ]
      }
    },
    {
      "id": "696",
      "type": "Feature",
      "properties": {
        "id": null,
        "SOURCE_FILE": "/Users/maples/GitHub/mortalitree_testing/labels/izzyip_mortalitree_prefire_labels.geojson",
        "SUNETID": "izzyip",
        "FIRENAME": "CZU AUG LIGHTNING",
        "FIRE_SLUG": "CZU_AUG_LIGHTNING",
        "PREFIRE": 1,
        "PREFIRE_STATUS": "prefire",
        "TILE_Z": 17,
        "TILE_X": 21040,
        "TILE_Y": 50982,
        "TILEXYZ": [
          17,
          21040,
          50982
        ],
        "OUTPUT_FILE": "/Users/maples/GitHub/mortalitree_testing/notebooks/single_tiles/prefire/17/21040/50982.geojson",
        "OUTPUT_STATUS_DIR": "prefire",
        "FEATURE_COUNT": 176
      },
      "geometry": {
        "type": "Polygon",
        "coordinates": [
          [
            [
              -122.20992786860505,
              37.076429039292066
            ],
            [
              -122.2098677028408,
              37.0764286384815
            ],
            [
              -122.20986829404181,
              37.076371665273555
            ],
            [
              -122.20992845976106,
              37.07637206608329
            ],
            [
              -122.20992786860505,
              37.076429039292066
            ]
          ]
        ]
      }
    },
    {
      "id": "697",
      "type": "Feature",
      "properties": {
        "id": null,
        "SOURCE_FILE": "/Users/maples/GitHub/mortalitree_testing/labels/izzyip_mortalitree_prefire_labels.geojson",
        "SUNETID": "izzyip",
        "FIRENAME": "CZU AUG LIGHTNING",
        "FIRE_SLUG": "CZU_AUG_LIGHTNING",
        "PREFIRE": 1,
        "PREFIRE_STATUS": "prefire",
        "TILE_Z": 17,
        "TILE_X": 21040,
        "TILE_Y": 50982,
        "TILEXYZ": [
          17,
          21040,
          50982
        ],
        "OUTPUT_FILE": "/Users/maples/GitHub/mortalitree_testing/notebooks/single_tiles/prefire/17/21040/50982.geojson",
        "OUTPUT_STATUS_DIR": "prefire",
        "FEATURE_COUNT": 176
      },
      "geometry": {
        "type": "Polygon",
        "coordinates": [
          [
            [
              -122.21003413962535,
              37.07646700145896
            ],
            [
              -122.20994115612325,
              37.07646638209437
            ],
            [
              -122.20994192916113,
              37.07639187866763
            ],
            [
              -122.21003491257227,
              37.07639249803056
            ],
            [
              -122.21003413962535,
              37.07646700145896
            ]
          ]
        ]
      }
    },
    {
      "id": "698",
      "type": "Feature",
      "properties": {
        "id": null,
        "SOURCE_FILE": "/Users/maples/GitHub/mortalitree_testing/labels/izzyip_mortalitree_prefire_labels.geojson",
        "SUNETID": "izzyip",
        "FIRENAME": "CZU AUG LIGHTNING",
        "FIRE_SLUG": "CZU_AUG_LIGHTNING",
        "PREFIRE": 1,
        "PREFIRE_STATUS": "prefire",
        "TILE_Z": 17,
        "TILE_X": 21040,
        "TILE_Y": 50982,
        "TILEXYZ": [
          17,
          21040,
          50982
        ],
        "OUTPUT_FILE": "/Users/maples/GitHub/mortalitree_testing/notebooks/single_tiles/prefire/17/21040/50982.geojson",
        "OUTPUT_STATUS_DIR": "prefire",
        "FEATURE_COUNT": 176
      },
      "geometry": {
        "type": "Polygon",
        "coordinates": [
          [
            [
              -122.21101697047547,
              37.07610976645243
            ],
            [
              -122.21094039616759,
              37.07610925703146
            ],
            [
              -122.21094089572982,
              37.076061048917396
            ],
            [
              -122.21101746998924,
              37.07606155833747
            ],
            [
              -122.21101697047547,
              37.07610976645243
            ]
          ]
        ]
      }
    },
    {
      "id": "699",
      "type": "Feature",
      "properties": {
        "id": null,
        "SOURCE_FILE": "/Users/maples/GitHub/mortalitree_testing/labels/izzyip_mortalitree_prefire_labels.geojson",
        "SUNETID": "izzyip",
        "FIRENAME": "CZU AUG LIGHTNING",
        "FIRE_SLUG": "CZU_AUG_LIGHTNING",
        "PREFIRE": 1,
        "PREFIRE_STATUS": "prefire",
        "TILE_Z": 17,
        "TILE_X": 21040,
        "TILE_Y": 50982,
        "TILEXYZ": [
          17,
          21040,
          50982
        ],
        "OUTPUT_FILE": "/Users/maples/GitHub/mortalitree_testing/notebooks/single_tiles/prefire/17/21040/50982.geojson",
        "OUTPUT_STATUS_DIR": "prefire",
        "FEATURE_COUNT": 176
      },
      "geometry": {
        "type": "Polygon",
        "coordinates": [
          [
            [
              -122.21096410106806,
              37.0761970718953
            ],
            [
              -122.21088205707379,
              37.07619652604756
            ],
            [
              -122.21088273834725,
              37.076130787711975
            ],
            [
              -122.21096478227071,
              37.07613133355843
            ],
            [
              -122.21096410106806,
              37.0761970718953
            ]
          ]
        ]
      }
    },
    {
      "id": "700",
      "type": "Feature",
      "properties": {
        "id": null,
        "SOURCE_FILE": "/Users/maples/GitHub/mortalitree_testing/labels/izzyip_mortalitree_prefire_labels.geojson",
        "SUNETID": "izzyip",
        "FIRENAME": "CZU AUG LIGHTNING",
        "FIRE_SLUG": "CZU_AUG_LIGHTNING",
        "PREFIRE": 1,
        "PREFIRE_STATUS": "prefire",
        "TILE_Z": 17,
        "TILE_X": 21040,
        "TILE_Y": 50982,
        "TILEXYZ": [
          17,
          21040,
          50982
        ],
        "OUTPUT_FILE": "/Users/maples/GitHub/mortalitree_testing/notebooks/single_tiles/prefire/17/21040/50982.geojson",
        "OUTPUT_STATUS_DIR": "prefire",
        "FEATURE_COUNT": 176
      },
      "geometry": {
        "type": "Polygon",
        "coordinates": [
          [
            [
              -122.21043576213741,
              37.07624395866783
            ],
            [
              -122.21035371810306,
              37.07624341245405
            ],
            [
              -122.21035449073105,
              37.076168909017106
            ],
            [
              -122.21043653468513,
              37.076169455229405
            ],
            [
              -122.21043576213741,
              37.07624395866783
            ]
          ]
        ]
      }
    },
    {
      "id": "701",
      "type": "Feature",
      "properties": {
        "id": null,
        "SOURCE_FILE": "/Users/maples/GitHub/mortalitree_testing/labels/izzyip_mortalitree_prefire_labels.geojson",
        "SUNETID": "izzyip",
        "FIRENAME": "CZU AUG LIGHTNING",
        "FIRE_SLUG": "CZU_AUG_LIGHTNING",
        "PREFIRE": 1,
        "PREFIRE_STATUS": "prefire",
        "TILE_Z": 17,
        "TILE_X": 21040,
        "TILE_Y": 50982,
        "TILEXYZ": [
          17,
          21040,
          50982
        ],
        "OUTPUT_FILE": "/Users/maples/GitHub/mortalitree_testing/notebooks/single_tiles/prefire/17/21040/50982.geojson",
        "OUTPUT_STATUS_DIR": "prefire",
        "FEATURE_COUNT": 176
      },
      "geometry": {
        "type": "Polygon",
        "coordinates": [
          [
            [
              -122.21048432966012,
              37.07630783341929
            ],
            [
              -122.21039681594914,
              37.07630725082422
            ],
            [
              -122.2103973158591,
              37.07625904271808
            ],
            [
              -122.21048482951467,
              37.07625962531213
            ],
            [
              -122.21048432966012,
              37.07630783341929
            ]
          ]
        ]
      }
    },
    {
      "id": "702",
      "type": "Feature",
      "properties": {
        "id": null,
        "SOURCE_FILE": "/Users/maples/GitHub/mortalitree_testing/labels/izzyip_mortalitree_prefire_labels.geojson",
        "SUNETID": "izzyip",
        "FIRENAME": "CZU AUG LIGHTNING",
        "FIRE_SLUG": "CZU_AUG_LIGHTNING",
        "PREFIRE": 1,
        "PREFIRE_STATUS": "prefire",
        "TILE_Z": 17,
        "TILE_X": 21040,
        "TILE_Y": 50982,
        "TILEXYZ": [
          17,
          21040,
          50982
        ],
        "OUTPUT_FILE": "/Users/maples/GitHub/mortalitree_testing/notebooks/single_tiles/prefire/17/21040/50982.geojson",
        "OUTPUT_STATUS_DIR": "prefire",
        "FEATURE_COUNT": 176
      },
      "geometry": {
        "type": "Polygon",
        "coordinates": [
          [
            [
              -122.21057245676336,
              37.07624925145335
            ],
            [
              -122.21047947351506,
              37.07624863251387
            ],
            [
              -122.21048029146155,
              37.07616974651945
            ],
            [
              -122.21057327461352,
              37.07617036545718
            ],
            [
              -122.21057245676336,
              37.07624925145335
            ]
          ]
        ]
      }
    },
    {
      "id": "703",
      "type": "Feature",
      "properties": {
        "id": null,
        "SOURCE_FILE": "/Users/maples/GitHub/mortalitree_testing/labels/izzyip_mortalitree_prefire_labels.geojson",
        "SUNETID": "izzyip",
        "FIRENAME": "CZU AUG LIGHTNING",
        "FIRE_SLUG": "CZU_AUG_LIGHTNING",
        "PREFIRE": 1,
        "PREFIRE_STATUS": "prefire",
        "TILE_Z": 17,
        "TILE_X": 21040,
        "TILE_Y": 50982,
        "TILEXYZ": [
          17,
          21040,
          50982
        ],
        "OUTPUT_FILE": "/Users/maples/GitHub/mortalitree_testing/notebooks/single_tiles/prefire/17/21040/50982.geojson",
        "OUTPUT_STATUS_DIR": "prefire",
        "FEATURE_COUNT": 176
      },
      "geometry": {
        "type": "Polygon",
        "coordinates": [
          [
            [
              -122.21063633399602,
              37.07615544516494
            ],
            [
              -122.21049959409237,
              37.07615453501019
            ],
            [
              -122.21050050289533,
              37.076066883903394
            ],
            [
              -122.21063724264164,
              37.07606779405526
            ],
            [
              -122.21063633399602,
              37.07615544516494
            ]
          ]
        ]
      }
    },
    {
      "id": "704",
      "type": "Feature",
      "properties": {
        "id": null,
        "SOURCE_FILE": "/Users/maples/GitHub/mortalitree_testing/labels/izzyip_mortalitree_prefire_labels.geojson",
        "SUNETID": "izzyip",
        "FIRENAME": "CZU AUG LIGHTNING",
        "FIRE_SLUG": "CZU_AUG_LIGHTNING",
        "PREFIRE": 1,
        "PREFIRE_STATUS": "prefire",
        "TILE_Z": 17,
        "TILE_X": 21040,
        "TILE_Y": 50982,
        "TILEXYZ": [
          17,
          21040,
          50982
        ],
        "OUTPUT_FILE": "/Users/maples/GitHub/mortalitree_testing/notebooks/single_tiles/prefire/17/21040/50982.geojson",
        "OUTPUT_STATUS_DIR": "prefire",
        "FEATURE_COUNT": 176
      },
      "geometry": {
        "type": "Polygon",
        "coordinates": [
          [
            [
              -122.2108215962377,
              37.076224612334585
            ],
            [
              -122.21070126500746,
              37.0762238115934
            ],
            [
              -122.21070212815204,
              37.076140543038896
            ],
            [
              -122.21082245925069,
              37.07614134377768
            ],
            [
              -122.2108215962377,
              37.076224612334585
            ]
          ]
        ]
      }
    },
    {
      "id": "705",
      "type": "Feature",
      "properties": {
        "id": null,
        "SOURCE_FILE": "/Users/maples/GitHub/mortalitree_testing/labels/izzyip_mortalitree_prefire_labels.geojson",
        "SUNETID": "izzyip",
        "FIRENAME": "CZU AUG LIGHTNING",
        "FIRE_SLUG": "CZU_AUG_LIGHTNING",
        "PREFIRE": 1,
        "PREFIRE_STATUS": "prefire",
        "TILE_Z": 17,
        "TILE_X": 21040,
        "TILE_Y": 50982,
        "TILEXYZ": [
          17,
          21040,
          50982
        ],
        "OUTPUT_FILE": "/Users/maples/GitHub/mortalitree_testing/notebooks/single_tiles/prefire/17/21040/50982.geojson",
        "OUTPUT_STATUS_DIR": "prefire",
        "FEATURE_COUNT": 176
      },
      "geometry": {
        "type": "Polygon",
        "coordinates": [
          [
            [
              -122.2110412079156,
              37.07641015344901
            ],
            [
              -122.21093181561558,
              37.07640942570698
            ],
            [
              -122.21093267851384,
              37.07632615715046
            ],
            [
              -122.21104207069426,
              37.07632688489032
            ],
            [
              -122.2110412079156,
              37.07641015344901
            ]
          ]
        ]
      }
    },
    {
      "id": "706",
      "type": "Feature",
      "properties": {
        "id": null,
        "SOURCE_FILE": "/Users/maples/GitHub/mortalitree_testing/labels/izzyip_mortalitree_prefire_labels.geojson",
        "SUNETID": "izzyip",
        "FIRENAME": "CZU AUG LIGHTNING",
        "FIRE_SLUG": "CZU_AUG_LIGHTNING",
        "PREFIRE": 1,
        "PREFIRE_STATUS": "prefire",
        "TILE_Z": 17,
        "TILE_X": 21040,
        "TILE_Y": 50982,
        "TILEXYZ": [
          17,
          21040,
          50982
        ],
        "OUTPUT_FILE": "/Users/maples/GitHub/mortalitree_testing/notebooks/single_tiles/prefire/17/21040/50982.geojson",
        "OUTPUT_STATUS_DIR": "prefire",
        "FEATURE_COUNT": 176
      },
      "geometry": {
        "type": "Polygon",
        "coordinates": [
          [
            [
              -122.21119679684627,
              37.07643967692009
            ],
            [
              -122.21108740449974,
              37.076438949321066
            ],
            [
              -122.21108808560192,
              37.07637321098494
            ],
            [
              -122.21119747785401,
              37.076373938582236
            ],
            [
              -122.21119679684627,
              37.07643967692009
            ]
          ]
        ]
      }
    },
    {
      "id": "707",
      "type": "Feature",
      "properties": {
        "id": null,
        "SOURCE_FILE": "/Users/maples/GitHub/mortalitree_testing/labels/izzyip_mortalitree_prefire_labels.geojson",
        "SUNETID": "izzyip",
        "FIRENAME": "CZU AUG LIGHTNING",
        "FIRE_SLUG": "CZU_AUG_LIGHTNING",
        "PREFIRE": 1,
        "PREFIRE_STATUS": "prefire",
        "TILE_Z": 17,
        "TILE_X": 21040,
        "TILE_Y": 50982,
        "TILEXYZ": [
          17,
          21040,
          50982
        ],
        "OUTPUT_FILE": "/Users/maples/GitHub/mortalitree_testing/notebooks/single_tiles/prefire/17/21040/50982.geojson",
        "OUTPUT_STATUS_DIR": "prefire",
        "FEATURE_COUNT": 176
      },
      "geometry": {
        "type": "Polygon",
        "coordinates": [
          [
            [
              -122.2106616148657,
              37.07635503344791
            ],
            [
              -122.2105631618758,
              37.07635437817037
            ],
            [
              -122.21056370711808,
              37.07630178750741
            ],
            [
              -122.21066216004002,
              37.07630244278372
            ],
            [
              -122.2106616148657,
              37.07635503344791
            ]
          ]
        ]
      }
    },
    {
      "id": "708",
      "type": "Feature",
      "properties": {
        "id": null,
        "SOURCE_FILE": "/Users/maples/GitHub/mortalitree_testing/labels/izzyip_mortalitree_prefire_labels.geojson",
        "SUNETID": "izzyip",
        "FIRENAME": "CZU AUG LIGHTNING",
        "FIRE_SLUG": "CZU_AUG_LIGHTNING",
        "PREFIRE": 1,
        "PREFIRE_STATUS": "prefire",
        "TILE_Z": 17,
        "TILE_X": 21040,
        "TILE_Y": 50982,
        "TILEXYZ": [
          17,
          21040,
          50982
        ],
        "OUTPUT_FILE": "/Users/maples/GitHub/mortalitree_testing/notebooks/single_tiles/prefire/17/21040/50982.geojson",
        "OUTPUT_STATUS_DIR": "prefire",
        "FEATURE_COUNT": 176
      },
      "geometry": {
        "type": "Polygon",
        "coordinates": [
          [
            [
              -122.2106250174283,
              37.076455595600194
            ],
            [
              -122.21053203392687,
              37.07645497669898
            ],
            [
              -122.21053285182504,
              37.0763760907063
            ],
            [
              -122.21062583523013,
              37.076376709605746
            ],
            [
              -122.2106250174283,
              37.076455595600194
            ]
          ]
        ]
      }
    },
    {
      "id": "709",
      "type": "Feature",
      "properties": {
        "id": null,
        "SOURCE_FILE": "/Users/maples/GitHub/mortalitree_testing/labels/izzyip_mortalitree_prefire_labels.geojson",
        "SUNETID": "izzyip",
        "FIRENAME": "CZU AUG LIGHTNING",
        "FIRE_SLUG": "CZU_AUG_LIGHTNING",
        "PREFIRE": 1,
        "PREFIRE_STATUS": "prefire",
        "TILE_Z": 17,
        "TILE_X": 21040,
        "TILE_Y": 50982,
        "TILEXYZ": [
          17,
          21040,
          50982
        ],
        "OUTPUT_FILE": "/Users/maples/GitHub/mortalitree_testing/notebooks/single_tiles/prefire/17/21040/50982.geojson",
        "OUTPUT_STATUS_DIR": "prefire",
        "FEATURE_COUNT": 176
      },
      "geometry": {
        "type": "Polygon",
        "coordinates": [
          [
            [
              -122.21057102551786,
              37.07638730194413
            ],
            [
              -122.21046710287575,
              37.07638661017999
            ],
            [
              -122.21046782995447,
              37.07631648929794
            ],
            [
              -122.21057175250091,
              37.076317181060325
            ],
            [
              -122.21057102551786,
              37.07638730194413
            ]
          ]
        ]
      }
    },
    {
      "id": "710",
      "type": "Feature",
      "properties": {
        "id": null,
        "SOURCE_FILE": "/Users/maples/GitHub/mortalitree_testing/labels/izzyip_mortalitree_prefire_labels.geojson",
        "SUNETID": "izzyip",
        "FIRENAME": "CZU AUG LIGHTNING",
        "FIRE_SLUG": "CZU_AUG_LIGHTNING",
        "PREFIRE": 1,
        "PREFIRE_STATUS": "prefire",
        "TILE_Z": 17,
        "TILE_X": 21040,
        "TILE_Y": 50982,
        "TILEXYZ": [
          17,
          21040,
          50982
        ],
        "OUTPUT_FILE": "/Users/maples/GitHub/mortalitree_testing/notebooks/single_tiles/prefire/17/21040/50982.geojson",
        "OUTPUT_STATUS_DIR": "prefire",
        "FEATURE_COUNT": 176
      },
      "geometry": {
        "type": "Polygon",
        "coordinates": [
          [
            [
              -122.21052590543997,
              37.07651848733954
            ],
            [
              -122.21042745224194,
              37.076517831946894
            ],
            [
              -122.21042817936063,
              37.07644771106709
            ],
            [
              -122.210526632468,
              37.076448366458074
            ],
            [
              -122.21052590543997,
              37.07651848733954
            ]
          ]
        ]
      }
    },
    {
      "id": "711",
      "type": "Feature",
      "properties": {
        "id": null,
        "SOURCE_FILE": "/Users/maples/GitHub/mortalitree_testing/labels/izzyip_mortalitree_prefire_labels.geojson",
        "SUNETID": "izzyip",
        "FIRENAME": "CZU AUG LIGHTNING",
        "FIRE_SLUG": "CZU_AUG_LIGHTNING",
        "PREFIRE": 1,
        "PREFIRE_STATUS": "prefire",
        "TILE_Z": 17,
        "TILE_X": 21040,
        "TILE_Y": 50982,
        "TILEXYZ": [
          17,
          21040,
          50982
        ],
        "OUTPUT_FILE": "/Users/maples/GitHub/mortalitree_testing/notebooks/single_tiles/prefire/17/21040/50982.geojson",
        "OUTPUT_STATUS_DIR": "prefire",
        "FEATURE_COUNT": 176
      },
      "geometry": {
        "type": "Polygon",
        "coordinates": [
          [
            [
              -122.21076132633256,
              37.07649813989241
            ],
            [
              -122.21066287315523,
              37.07649748469549
            ],
            [
              -122.21066373635034,
              37.0764142161456
            ],
            [
              -122.21076218942001,
              37.07641487134055
            ],
            [
              -122.21076132633256,
              37.07649813989241
            ]
          ]
        ]
      }
    },
    {
      "id": "712",
      "type": "Feature",
      "properties": {
        "id": null,
        "SOURCE_FILE": "/Users/maples/GitHub/mortalitree_testing/labels/izzyip_mortalitree_prefire_labels.geojson",
        "SUNETID": "izzyip",
        "FIRENAME": "CZU AUG LIGHTNING",
        "FIRE_SLUG": "CZU_AUG_LIGHTNING",
        "PREFIRE": 1,
        "PREFIRE_STATUS": "prefire",
        "TILE_Z": 17,
        "TILE_X": 21040,
        "TILE_Y": 50982,
        "TILEXYZ": [
          17,
          21040,
          50982
        ],
        "OUTPUT_FILE": "/Users/maples/GitHub/mortalitree_testing/notebooks/single_tiles/prefire/17/21040/50982.geojson",
        "OUTPUT_STATUS_DIR": "prefire",
        "FEATURE_COUNT": 176
      },
      "geometry": {
        "type": "Polygon",
        "coordinates": [
          [
            [
              -122.21084637798505,
              37.07647240869172
            ],
            [
              -122.21076980331561,
              37.07647189915638
            ],
            [
              -122.21077039384261,
              37.07641492593646
            ],
            [
              -122.21084696845477,
              37.07641543547074
            ],
            [
              -122.21084637798505,
              37.07647240869172
            ]
          ]
        ]
      }
    },
    {
      "id": "713",
      "type": "Feature",
      "properties": {
        "id": null,
        "SOURCE_FILE": "/Users/maples/GitHub/mortalitree_testing/labels/izzyip_mortalitree_prefire_labels.geojson",
        "SUNETID": "izzyip",
        "FIRENAME": "CZU AUG LIGHTNING",
        "FIRE_SLUG": "CZU_AUG_LIGHTNING",
        "PREFIRE": 1,
        "PREFIRE_STATUS": "prefire",
        "TILE_Z": 17,
        "TILE_X": 21040,
        "TILE_Y": 50982,
        "TILEXYZ": [
          17,
          21040,
          50982
        ],
        "OUTPUT_FILE": "/Users/maples/GitHub/mortalitree_testing/notebooks/single_tiles/prefire/17/21040/50982.geojson",
        "OUTPUT_STATUS_DIR": "prefire",
        "FEATURE_COUNT": 176
      },
      "geometry": {
        "type": "Polygon",
        "coordinates": [
          [
            [
              -122.21086431802694,
              37.076588673786326
            ],
            [
              -122.21074945584765,
              37.07658790948011
            ],
            [
              -122.2107503189509,
              37.076504640929755
            ],
            [
              -122.21086518100459,
              37.07650540523366
            ],
            [
              -122.21086431802694,
              37.076588673786326
            ]
          ]
        ]
      }
    },
    {
      "id": "714",
      "type": "Feature",
      "properties": {
        "id": null,
        "SOURCE_FILE": "/Users/maples/GitHub/mortalitree_testing/labels/izzyip_mortalitree_prefire_labels.geojson",
        "SUNETID": "izzyip",
        "FIRENAME": "CZU AUG LIGHTNING",
        "FIRE_SLUG": "CZU_AUG_LIGHTNING",
        "PREFIRE": 1,
        "PREFIRE_STATUS": "prefire",
        "TILE_Z": 17,
        "TILE_X": 21040,
        "TILE_Y": 50982,
        "TILEXYZ": [
          17,
          21040,
          50982
        ],
        "OUTPUT_FILE": "/Users/maples/GitHub/mortalitree_testing/notebooks/single_tiles/prefire/17/21040/50982.geojson",
        "OUTPUT_STATUS_DIR": "prefire",
        "FEATURE_COUNT": 176
      },
      "geometry": {
        "type": "Polygon",
        "coordinates": [
          [
            [
              -122.21039664217204,
              37.07658775255019
            ],
            [
              -122.21028178000711,
              37.07658698779109
            ],
            [
              -122.21028264362172,
              37.07650371925013
            ],
            [
              -122.21039750566109,
              37.07650448400693
            ],
            [
              -122.21039664217204,
              37.07658775255019
            ]
          ]
        ]
      }
    },
    {
      "id": "715",
      "type": "Feature",
      "properties": {
        "id": null,
        "SOURCE_FILE": "/Users/maples/GitHub/mortalitree_testing/labels/izzyip_mortalitree_prefire_labels.geojson",
        "SUNETID": "izzyip",
        "FIRENAME": "CZU AUG LIGHTNING",
        "FIRE_SLUG": "CZU_AUG_LIGHTNING",
        "PREFIRE": 1,
        "PREFIRE_STATUS": "prefire",
        "TILE_Z": 17,
        "TILE_X": 21040,
        "TILE_Y": 50982,
        "TILEXYZ": [
          17,
          21040,
          50982
        ],
        "OUTPUT_FILE": "/Users/maples/GitHub/mortalitree_testing/notebooks/single_tiles/prefire/17/21040/50982.geojson",
        "OUTPUT_STATUS_DIR": "prefire",
        "FEATURE_COUNT": 176
      },
      "geometry": {
        "type": "Polygon",
        "coordinates": [
          [
            [
              -122.21022503077714,
              37.07652086704903
            ],
            [
              -122.21008282060912,
              37.07651991998373
            ],
            [
              -122.21008404815608,
              37.07640159100845
            ],
            [
              -122.21022625810316,
              37.07640253806969
            ],
            [
              -122.21022503077714,
              37.07652086704903
            ]
          ]
        ]
      }
    },
    {
      "id": "716",
      "type": "Feature",
      "properties": {
        "id": null,
        "SOURCE_FILE": "/Users/maples/GitHub/mortalitree_testing/labels/izzyip_mortalitree_prefire_labels.geojson",
        "SUNETID": "izzyip",
        "FIRENAME": "CZU AUG LIGHTNING",
        "FIRE_SLUG": "CZU_AUG_LIGHTNING",
        "PREFIRE": 1,
        "PREFIRE_STATUS": "prefire",
        "TILE_Z": 17,
        "TILE_X": 21040,
        "TILE_Y": 50982,
        "TILEXYZ": [
          17,
          21040,
          50982
        ],
        "OUTPUT_FILE": "/Users/maples/GitHub/mortalitree_testing/notebooks/single_tiles/prefire/17/21040/50982.geojson",
        "OUTPUT_STATUS_DIR": "prefire",
        "FEATURE_COUNT": 176
      },
      "geometry": {
        "type": "Polygon",
        "coordinates": [
          [
            [
              -122.21019089474366,
              37.07664774259587
            ],
            [
              -122.21006509323227,
              37.07664690477739
            ],
            [
              -122.21006622988081,
              37.07653734091429
            ],
            [
              -122.21019203121124,
              37.07653817872946
            ],
            [
              -122.21019089474366,
              37.07664774259587
            ]
          ]
        ]
      }
    },
    {
      "id": "717",
      "type": "Feature",
      "properties": {
        "id": null,
        "SOURCE_FILE": "/Users/maples/GitHub/mortalitree_testing/labels/izzyip_mortalitree_prefire_labels.geojson",
        "SUNETID": "izzyip",
        "FIRENAME": "CZU AUG LIGHTNING",
        "FIRE_SLUG": "CZU_AUG_LIGHTNING",
        "PREFIRE": 1,
        "PREFIRE_STATUS": "prefire",
        "TILE_Z": 17,
        "TILE_X": 21040,
        "TILE_Y": 50982,
        "TILEXYZ": [
          17,
          21040,
          50982
        ],
        "OUTPUT_FILE": "/Users/maples/GitHub/mortalitree_testing/notebooks/single_tiles/prefire/17/21040/50982.geojson",
        "OUTPUT_STATUS_DIR": "prefire",
        "FEATURE_COUNT": 176
      },
      "geometry": {
        "type": "Polygon",
        "coordinates": [
          [
            [
              -122.21008127479905,
              37.07666892683811
            ],
            [
              -122.20997735178483,
              37.076668234640394
            ],
            [
              -122.20997839761867,
              37.076567435888904
            ],
            [
              -122.21008232049533,
              37.0765681280841
            ],
            [
              -122.21008127479905,
              37.07666892683811
            ]
          ]
        ]
      }
    },
    {
      "id": "718",
      "type": "Feature",
      "properties": {
        "id": null,
        "SOURCE_FILE": "/Users/maples/GitHub/mortalitree_testing/labels/izzyip_mortalitree_prefire_labels.geojson",
        "SUNETID": "izzyip",
        "FIRENAME": "CZU AUG LIGHTNING",
        "FIRE_SLUG": "CZU_AUG_LIGHTNING",
        "PREFIRE": 1,
        "PREFIRE_STATUS": "prefire",
        "TILE_Z": 17,
        "TILE_X": 21040,
        "TILE_Y": 50982,
        "TILEXYZ": [
          17,
          21040,
          50982
        ],
        "OUTPUT_FILE": "/Users/maples/GitHub/mortalitree_testing/notebooks/single_tiles/prefire/17/21040/50982.geojson",
        "OUTPUT_STATUS_DIR": "prefire",
        "FEATURE_COUNT": 176
      },
      "geometry": {
        "type": "Polygon",
        "coordinates": [
          [
            [
              -122.20996160223251,
              37.07660457829916
            ],
            [
              -122.20988502744652,
              37.07660406819106
            ],
            [
              -122.20988570959076,
              37.07653832987583
            ],
            [
              -122.20996228431068,
              37.07653883998272
            ],
            [
              -122.20996160223251,
              37.07660457829916
            ]
          ]
        ]
      }
    },
    {
      "id": "719",
      "type": "Feature",
      "properties": {
        "id": null,
        "SOURCE_FILE": "/Users/maples/GitHub/mortalitree_testing/labels/izzyip_mortalitree_prefire_labels.geojson",
        "SUNETID": "izzyip",
        "FIRENAME": "CZU AUG LIGHTNING",
        "FIRE_SLUG": "CZU_AUG_LIGHTNING",
        "PREFIRE": 1,
        "PREFIRE_STATUS": "prefire",
        "TILE_Z": 17,
        "TILE_X": 21040,
        "TILE_Y": 50982,
        "TILEXYZ": [
          17,
          21040,
          50982
        ],
        "OUTPUT_FILE": "/Users/maples/GitHub/mortalitree_testing/notebooks/single_tiles/prefire/17/21040/50982.geojson",
        "OUTPUT_STATUS_DIR": "prefire",
        "FEATURE_COUNT": 176
      },
      "geometry": {
        "type": "Polygon",
        "coordinates": [
          [
            [
              -122.20989161748767,
              37.076759703524615
            ],
            [
              -122.20980410326987,
              37.07675912048619
            ],
            [
              -122.20980464904441,
              37.07670652983645
            ],
            [
              -122.20989216320177,
              37.076707112873784
            ],
            [
              -122.20989161748767,
              37.076759703524615
            ]
          ]
        ]
      }
    },
    {
      "id": "720",
      "type": "Feature",
      "properties": {
        "id": null,
        "SOURCE_FILE": "/Users/maples/GitHub/mortalitree_testing/labels/izzyip_mortalitree_prefire_labels.geojson",
        "SUNETID": "izzyip",
        "FIRENAME": "CZU AUG LIGHTNING",
        "FIRE_SLUG": "CZU_AUG_LIGHTNING",
        "PREFIRE": 1,
        "PREFIRE_STATUS": "prefire",
        "TILE_Z": 17,
        "TILE_X": 21040,
        "TILE_Y": 50982,
        "TILEXYZ": [
          17,
          21040,
          50982
        ],
        "OUTPUT_FILE": "/Users/maples/GitHub/mortalitree_testing/notebooks/single_tiles/prefire/17/21040/50982.geojson",
        "OUTPUT_STATUS_DIR": "prefire",
        "FEATURE_COUNT": 176
      },
      "geometry": {
        "type": "Polygon",
        "coordinates": [
          [
            [
              -122.20977110350616,
              37.07677643204646
            ],
            [
              -122.20961795359752,
              37.07677541153083
            ],
            [
              -122.20961886343574,
              37.07668776045187
            ],
            [
              -122.20977201316815,
              37.07668878096427
            ],
            [
              -122.20977110350616,
              37.07677643204646
            ]
          ]
        ]
      }
    },
    {
      "id": "721",
      "type": "Feature",
      "properties": {
        "id": null,
        "SOURCE_FILE": "/Users/maples/GitHub/mortalitree_testing/labels/izzyip_mortalitree_prefire_labels.geojson",
        "SUNETID": "izzyip",
        "FIRENAME": "CZU AUG LIGHTNING",
        "FIRE_SLUG": "CZU_AUG_LIGHTNING",
        "PREFIRE": 1,
        "PREFIRE_STATUS": "prefire",
        "TILE_Z": 17,
        "TILE_X": 21040,
        "TILE_Y": 50982,
        "TILEXYZ": [
          17,
          21040,
          50982
        ],
        "OUTPUT_FILE": "/Users/maples/GitHub/mortalitree_testing/notebooks/single_tiles/prefire/17/21040/50982.geojson",
        "OUTPUT_STATUS_DIR": "prefire",
        "FEATURE_COUNT": 176
      },
      "geometry": {
        "type": "Polygon",
        "coordinates": [
          [
            [
              -122.21088718273002,
              37.0767575659321
            ],
            [
              -122.21076685065569,
              37.07675676524767
            ],
            [
              -122.2107674866167,
              37.076695409475334
            ],
            [
              -122.21088781859409,
              37.07669621015799
            ],
            [
              -122.21088718273002,
              37.0767575659321
            ]
          ]
        ]
      }
    },
    {
      "id": "722",
      "type": "Feature",
      "properties": {
        "id": null,
        "SOURCE_FILE": "/Users/maples/GitHub/mortalitree_testing/labels/izzyip_mortalitree_prefire_labels.geojson",
        "SUNETID": "izzyip",
        "FIRENAME": "CZU AUG LIGHTNING",
        "FIRE_SLUG": "CZU_AUG_LIGHTNING",
        "PREFIRE": 1,
        "PREFIRE_STATUS": "prefire",
        "TILE_Z": 17,
        "TILE_X": 21040,
        "TILE_Y": 50982,
        "TILEXYZ": [
          17,
          21040,
          50982
        ],
        "OUTPUT_FILE": "/Users/maples/GitHub/mortalitree_testing/notebooks/single_tiles/prefire/17/21040/50982.geojson",
        "OUTPUT_STATUS_DIR": "prefire",
        "FEATURE_COUNT": 176
      },
      "geometry": {
        "type": "Polygon",
        "coordinates": [
          [
            [
              -122.2108741899251,
              37.07669173662216
            ],
            [
              -122.21082496320956,
              37.0766914090793
            ],
            [
              -122.2108254174331,
              37.0766475835266
            ],
            [
              -122.21087464412034,
              37.076647911068946
            ],
            [
              -122.2108741899251,
              37.07669173662216
            ]
          ]
        ]
      }
    },
    {
      "id": "723",
      "type": "Feature",
      "properties": {
        "id": null,
        "SOURCE_FILE": "/Users/maples/GitHub/mortalitree_testing/labels/izzyip_mortalitree_prefire_labels.geojson",
        "SUNETID": "izzyip",
        "FIRENAME": "CZU AUG LIGHTNING",
        "FIRE_SLUG": "CZU_AUG_LIGHTNING",
        "PREFIRE": 1,
        "PREFIRE_STATUS": "prefire",
        "TILE_Z": 17,
        "TILE_X": 21040,
        "TILE_Y": 50982,
        "TILEXYZ": [
          17,
          21040,
          50982
        ],
        "OUTPUT_FILE": "/Users/maples/GitHub/mortalitree_testing/notebooks/single_tiles/prefire/17/21040/50982.geojson",
        "OUTPUT_STATUS_DIR": "prefire",
        "FEATURE_COUNT": 176
      },
      "geometry": {
        "type": "Polygon",
        "coordinates": [
          [
            [
              -122.21083594790137,
              37.07668709931311
            ],
            [
              -122.21076484265083,
              37.07668662616621
            ],
            [
              -122.2107653877604,
              37.07663403550365
            ],
            [
              -122.21083649296186,
              37.076634508649654
            ],
            [
              -122.21083594790137,
              37.07668709931311
            ]
          ]
        ]
      }
    },
    {
      "id": "724",
      "type": "Feature",
      "properties": {
        "id": null,
        "SOURCE_FILE": "/Users/maples/GitHub/mortalitree_testing/labels/izzyip_mortalitree_prefire_labels.geojson",
        "SUNETID": "izzyip",
        "FIRENAME": "CZU AUG LIGHTNING",
        "FIRE_SLUG": "CZU_AUG_LIGHTNING",
        "PREFIRE": 1,
        "PREFIRE_STATUS": "prefire",
        "TILE_Z": 17,
        "TILE_X": 21040,
        "TILE_Y": 50982,
        "TILEXYZ": [
          17,
          21040,
          50982
        ],
        "OUTPUT_FILE": "/Users/maples/GitHub/mortalitree_testing/notebooks/single_tiles/prefire/17/21040/50982.geojson",
        "OUTPUT_STATUS_DIR": "prefire",
        "FEATURE_COUNT": 176
      },
      "geometry": {
        "type": "Polygon",
        "coordinates": [
          [
            [
              -122.21122849139557,
              37.07628429625689
            ],
            [
              -122.21110816005924,
              37.07628349592741
            ],
            [
              -122.21110884113965,
              37.07621775758923
            ],
            [
              -122.21122917237213,
              37.076218557916796
            ],
            [
              -122.21122849139557,
              37.07628429625689
            ]
          ]
        ]
      }
    },
    {
      "id": "725",
      "type": "Feature",
      "properties": {
        "id": null,
        "SOURCE_FILE": "/Users/maples/GitHub/mortalitree_testing/labels/izzyip_mortalitree_prefire_labels.geojson",
        "SUNETID": "izzyip",
        "FIRENAME": "CZU AUG LIGHTNING",
        "FIRE_SLUG": "CZU_AUG_LIGHTNING",
        "PREFIRE": 1,
        "PREFIRE_STATUS": "prefire",
        "TILE_Z": 17,
        "TILE_X": 21040,
        "TILE_Y": 50982,
        "TILEXYZ": [
          17,
          21040,
          50982
        ],
        "OUTPUT_FILE": "/Users/maples/GitHub/mortalitree_testing/notebooks/single_tiles/prefire/17/21040/50982.geojson",
        "OUTPUT_STATUS_DIR": "prefire",
        "FEATURE_COUNT": 176
      },
      "geometry": {
        "type": "Polygon",
        "coordinates": [
          [
            [
              -122.21118844546503,
              37.07618979847757
            ],
            [
              -122.21111734067281,
              37.07618932554738
            ],
            [
              -122.21111779471983,
              37.07614549998789
            ],
            [
              -122.21118889947114,
              37.07614597291732
            ],
            [
              -122.21118844546503,
              37.07618979847757
            ]
          ]
        ]
      }
    },
    {
      "id": "726",
      "type": "Feature",
      "properties": {
        "id": null,
        "SOURCE_FILE": "/Users/maples/GitHub/mortalitree_testing/labels/izzyip_mortalitree_prefire_labels.geojson",
        "SUNETID": "izzyip",
        "FIRENAME": "CZU AUG LIGHTNING",
        "FIRE_SLUG": "CZU_AUG_LIGHTNING",
        "PREFIRE": 1,
        "PREFIRE_STATUS": "prefire",
        "TILE_Z": 17,
        "TILE_X": 21040,
        "TILE_Y": 50982,
        "TILEXYZ": [
          17,
          21040,
          50982
        ],
        "OUTPUT_FILE": "/Users/maples/GitHub/mortalitree_testing/notebooks/single_tiles/prefire/17/21040/50982.geojson",
        "OUTPUT_STATUS_DIR": "prefire",
        "FEATURE_COUNT": 176
      },
      "geometry": {
        "type": "Polygon",
        "coordinates": [
          [
            [
              -122.21126837853632,
              37.076394132968154
            ],
            [
              -122.21119727355193,
              37.07639366008367
            ],
            [
              -122.21119772755631,
              37.07634983452485
            ],
            [
              -122.21126883249978,
              37.07635030740858
            ],
            [
              -122.21126837853632,
              37.076394132968154
            ]
          ]
        ]
      }
    },
    {
      "id": "727",
      "type": "Feature",
      "properties": {
        "id": null,
        "SOURCE_FILE": "/Users/maples/GitHub/mortalitree_testing/labels/izzyip_mortalitree_prefire_labels.geojson",
        "SUNETID": "izzyip",
        "FIRENAME": "CZU AUG LIGHTNING",
        "FIRE_SLUG": "CZU_AUG_LIGHTNING",
        "PREFIRE": 1,
        "PREFIRE_STATUS": "prefire",
        "TILE_Z": 17,
        "TILE_X": 21040,
        "TILE_Y": 50982,
        "TILEXYZ": [
          17,
          21040,
          50982
        ],
        "OUTPUT_FILE": "/Users/maples/GitHub/mortalitree_testing/notebooks/single_tiles/prefire/17/21040/50982.geojson",
        "OUTPUT_STATUS_DIR": "prefire",
        "FEATURE_COUNT": 176
      },
      "geometry": {
        "type": "Polygon",
        "coordinates": [
          [
            [
              -122.21134244529017,
              37.076372711215264
            ],
            [
              -122.21127680993719,
              37.07637227474922
            ],
            [
              -122.2112771731039,
              37.07633721430137
            ],
            [
              -122.21134280842664,
              37.07633765076687
            ],
            [
              -122.21134244529017,
              37.076372711215264
            ]
          ]
        ]
      }
    },
    {
      "id": "728",
      "type": "Feature",
      "properties": {
        "id": null,
        "SOURCE_FILE": "/Users/maples/GitHub/mortalitree_testing/labels/izzyip_mortalitree_prefire_labels.geojson",
        "SUNETID": "izzyip",
        "FIRENAME": "CZU AUG LIGHTNING",
        "FIRE_SLUG": "CZU_AUG_LIGHTNING",
        "PREFIRE": 1,
        "PREFIRE_STATUS": "prefire",
        "TILE_Z": 17,
        "TILE_X": 21040,
        "TILE_Y": 50982,
        "TILEXYZ": [
          17,
          21040,
          50982
        ],
        "OUTPUT_FILE": "/Users/maples/GitHub/mortalitree_testing/notebooks/single_tiles/prefire/17/21040/50982.geojson",
        "OUTPUT_STATUS_DIR": "prefire",
        "FEATURE_COUNT": 176
      },
      "geometry": {
        "type": "Polygon",
        "coordinates": [
          [
            [
              -122.21138661069875,
              37.07633355916757
            ],
            [
              -122.21132644498877,
              37.07633315909786
            ],
            [
              -122.21132708048916,
              37.07627180331285
            ],
            [
              -122.21138724615068,
              37.0762722033817
            ],
            [
              -122.21138661069875,
              37.07633355916757
            ]
          ]
        ]
      }
    },
    {
      "id": "729",
      "type": "Feature",
      "properties": {
        "id": null,
        "SOURCE_FILE": "/Users/maples/GitHub/mortalitree_testing/labels/izzyip_mortalitree_prefire_labels.geojson",
        "SUNETID": "izzyip",
        "FIRENAME": "CZU AUG LIGHTNING",
        "FIRE_SLUG": "CZU_AUG_LIGHTNING",
        "PREFIRE": 1,
        "PREFIRE_STATUS": "prefire",
        "TILE_Z": 17,
        "TILE_X": 21040,
        "TILE_Y": 50982,
        "TILEXYZ": [
          17,
          21040,
          50982
        ],
        "OUTPUT_FILE": "/Users/maples/GitHub/mortalitree_testing/notebooks/single_tiles/prefire/17/21040/50982.geojson",
        "OUTPUT_STATUS_DIR": "prefire",
        "FEATURE_COUNT": 176
      },
      "geometry": {
        "type": "Polygon",
        "coordinates": [
          [
            [
              -122.21095228622005,
              37.076545430485425
            ],
            [
              -122.2108593026016,
              37.07654481183948
            ],
            [
              -122.21086012016339,
              37.07646592584178
            ],
            [
              -122.21095310368553,
              37.07646654448595
            ],
            [
              -122.21095228622005,
              37.076545430485425
            ]
          ]
        ]
      }
    },
    {
      "id": "730",
      "type": "Feature",
      "properties": {
        "id": null,
        "SOURCE_FILE": "/Users/maples/GitHub/mortalitree_testing/labels/izzyip_mortalitree_prefire_labels.geojson",
        "SUNETID": "izzyip",
        "FIRENAME": "CZU AUG LIGHTNING",
        "FIRE_SLUG": "CZU_AUG_LIGHTNING",
        "PREFIRE": 1,
        "PREFIRE_STATUS": "prefire",
        "TILE_Z": 17,
        "TILE_X": 21040,
        "TILE_Y": 50982,
        "TILEXYZ": [
          17,
          21040,
          50982
        ],
        "OUTPUT_FILE": "/Users/maples/GitHub/mortalitree_testing/notebooks/single_tiles/prefire/17/21040/50982.geojson",
        "OUTPUT_STATUS_DIR": "prefire",
        "FEATURE_COUNT": 176
      },
      "geometry": {
        "type": "Polygon",
        "coordinates": [
          [
            [
              -122.211044452469,
              37.07662493505861
            ],
            [
              -122.2109241205997,
              37.07662413453617
            ],
            [
              -122.21092493809668,
              37.0765452485383
            ],
            [
              -122.21104526984135,
              37.07654604905846
            ],
            [
              -122.211044452469,
              37.07662493505861
            ]
          ]
        ]
      }
    },
    {
      "id": "731",
      "type": "Feature",
      "properties": {
        "id": null,
        "SOURCE_FILE": "/Users/maples/GitHub/mortalitree_testing/labels/izzyip_mortalitree_prefire_labels.geojson",
        "SUNETID": "izzyip",
        "FIRENAME": "CZU AUG LIGHTNING",
        "FIRE_SLUG": "CZU_AUG_LIGHTNING",
        "PREFIRE": 1,
        "PREFIRE_STATUS": "prefire",
        "TILE_Z": 17,
        "TILE_X": 21040,
        "TILE_Y": 50982,
        "TILEXYZ": [
          17,
          21040,
          50982
        ],
        "OUTPUT_FILE": "/Users/maples/GitHub/mortalitree_testing/notebooks/single_tiles/prefire/17/21040/50982.geojson",
        "OUTPUT_STATUS_DIR": "prefire",
        "FEATURE_COUNT": 176
      },
      "geometry": {
        "type": "Polygon",
        "coordinates": [
          [
            [
              -122.21029650713645,
              37.07674925157359
            ],
            [
              -122.21019258400722,
              37.0767485595632
            ],
            [
              -122.21019331134826,
              37.07667843869009
            ],
            [
              -122.21029723438183,
              37.076679130698736
            ],
            [
              -122.21029650713645,
              37.07674925157359
            ]
          ]
        ]
      }
    },
    {
      "id": "732",
      "type": "Feature",
      "properties": {
        "id": null,
        "SOURCE_FILE": "/Users/maples/GitHub/mortalitree_testing/labels/izzyip_mortalitree_prefire_labels.geojson",
        "SUNETID": "izzyip",
        "FIRENAME": "CZU AUG LIGHTNING",
        "FIRE_SLUG": "CZU_AUG_LIGHTNING",
        "PREFIRE": 1,
        "PREFIRE_STATUS": "prefire",
        "TILE_Z": 17,
        "TILE_X": 21040,
        "TILE_Y": 50982,
        "TILEXYZ": [
          17,
          21040,
          50982
        ],
        "OUTPUT_FILE": "/Users/maples/GitHub/mortalitree_testing/notebooks/single_tiles/prefire/17/21040/50982.geojson",
        "OUTPUT_STATUS_DIR": "prefire",
        "FEATURE_COUNT": 176
      },
      "geometry": {
        "type": "Polygon",
        "coordinates": [
          [
            [
              -122.21042164829092,
              37.07602253039003
            ],
            [
              -122.21035054366806,
              37.07602205700197
            ],
            [
              -122.21035131629293,
              37.07594755356228
            ],
            [
              -122.21042242084629,
              37.075948026949064
            ],
            [
              -122.21042164829092,
              37.07602253039003
            ]
          ]
        ]
      }
    },
    {
      "id": "733",
      "type": "Feature",
      "properties": {
        "id": null,
        "SOURCE_FILE": "/Users/maples/GitHub/mortalitree_testing/labels/izzyip_mortalitree_prefire_labels.geojson",
        "SUNETID": "izzyip",
        "FIRENAME": "CZU AUG LIGHTNING",
        "FIRE_SLUG": "CZU_AUG_LIGHTNING",
        "PREFIRE": 1,
        "PREFIRE_STATUS": "prefire",
        "TILE_Z": 17,
        "TILE_X": 21040,
        "TILE_Y": 50982,
        "TILEXYZ": [
          17,
          21040,
          50982
        ],
        "OUTPUT_FILE": "/Users/maples/GitHub/mortalitree_testing/notebooks/single_tiles/prefire/17/21040/50982.geojson",
        "OUTPUT_STATUS_DIR": "prefire",
        "FEATURE_COUNT": 176
      },
      "geometry": {
        "type": "Polygon",
        "coordinates": [
          [
            [
              -122.21113146710728,
              37.07667372529177
            ],
            [
              -122.21104395296213,
              37.076673143169295
            ],
            [
              -122.21104458869796,
              37.076611787392004
            ],
            [
              -122.21113210277261,
              37.076612369513185
            ],
            [
              -122.21113146710728,
              37.07667372529177
            ]
          ]
        ]
      }
    },
    {
      "id": "734",
      "type": "Feature",
      "properties": {
        "id": null,
        "SOURCE_FILE": "/Users/maples/GitHub/mortalitree_testing/labels/izzyip_mortalitree_prefire_labels.geojson",
        "SUNETID": "izzyip",
        "FIRENAME": "CZU AUG LIGHTNING",
        "FIRE_SLUG": "CZU_AUG_LIGHTNING",
        "PREFIRE": 1,
        "PREFIRE_STATUS": "prefire",
        "TILE_Z": 17,
        "TILE_X": 21040,
        "TILE_Y": 50982,
        "TILEXYZ": [
          17,
          21040,
          50982
        ],
        "OUTPUT_FILE": "/Users/maples/GitHub/mortalitree_testing/notebooks/single_tiles/prefire/17/21040/50982.geojson",
        "OUTPUT_STATUS_DIR": "prefire",
        "FEATURE_COUNT": 176
      },
      "geometry": {
        "type": "Polygon",
        "coordinates": [
          [
            [
              -122.21113892238681,
              37.076746092029374
            ],
            [
              -122.21107328671525,
              37.07674565544696
            ],
            [
              -122.21107369538866,
              37.076706212447576
            ],
            [
              -122.21113933102626,
              37.07670664902934
            ],
            [
              -122.21113892238681,
              37.076746092029374
            ]
          ]
        ]
      }
    },
    {
      "id": "735",
      "type": "Feature",
      "properties": {
        "id": null,
        "SOURCE_FILE": "/Users/maples/GitHub/mortalitree_testing/labels/izzyip_mortalitree_prefire_labels.geojson",
        "SUNETID": "izzyip",
        "FIRENAME": "CZU AUG LIGHTNING",
        "FIRE_SLUG": "CZU_AUG_LIGHTNING",
        "PREFIRE": 1,
        "PREFIRE_STATUS": "prefire",
        "TILE_Z": 17,
        "TILE_X": 21040,
        "TILE_Y": 50982,
        "TILEXYZ": [
          17,
          21040,
          50982
        ],
        "OUTPUT_FILE": "/Users/maples/GitHub/mortalitree_testing/notebooks/single_tiles/prefire/17/21040/50982.geojson",
        "OUTPUT_STATUS_DIR": "prefire",
        "FEATURE_COUNT": 176
      },
      "geometry": {
        "type": "Polygon",
        "coordinates": [
          [
            [
              -122.21121000499913,
              37.07674875623047
            ],
            [
              -122.21114436932413,
              37.07674831968738
            ],
            [
              -122.21114505038474,
              37.07668258135378
            ],
            [
              -122.21121068600311,
              37.07668301789583
            ],
            [
              -122.21121000499913,
              37.07674875623047
            ]
          ]
        ]
      }
    },
    {
      "id": "736",
      "type": "Feature",
      "properties": {
        "id": null,
        "SOURCE_FILE": "/Users/maples/GitHub/mortalitree_testing/labels/izzyip_mortalitree_prefire_labels.geojson",
        "SUNETID": "izzyip",
        "FIRENAME": "CZU AUG LIGHTNING",
        "FIRE_SLUG": "CZU_AUG_LIGHTNING",
        "PREFIRE": 1,
        "PREFIRE_STATUS": "prefire",
        "TILE_Z": 17,
        "TILE_X": 21040,
        "TILE_Y": 50982,
        "TILEXYZ": [
          17,
          21040,
          50982
        ],
        "OUTPUT_FILE": "/Users/maples/GitHub/mortalitree_testing/notebooks/single_tiles/prefire/17/21040/50982.geojson",
        "OUTPUT_STATUS_DIR": "prefire",
        "FEATURE_COUNT": 176
      },
      "geometry": {
        "type": "Polygon",
        "coordinates": [
          [
            [
              -122.21157779747483,
              37.07635893597336
            ],
            [
              -122.21151763174204,
              37.07635853600038
            ],
            [
              -122.21151804017957,
              37.076319092994154
            ],
            [
              -122.21157820588121,
              37.07631949296656
            ],
            [
              -122.21157779747483,
              37.07635893597336
            ]
          ]
        ]
      }
    },
    {
      "id": "737",
      "type": "Feature",
      "properties": {
        "id": null,
        "SOURCE_FILE": "/Users/maples/GitHub/mortalitree_testing/labels/izzyip_mortalitree_prefire_labels.geojson",
        "SUNETID": "izzyip",
        "FIRENAME": "CZU AUG LIGHTNING",
        "FIRE_SLUG": "CZU_AUG_LIGHTNING",
        "PREFIRE": 1,
        "PREFIRE_STATUS": "prefire",
        "TILE_Z": 17,
        "TILE_X": 21040,
        "TILE_Y": 50982,
        "TILEXYZ": [
          17,
          21040,
          50982
        ],
        "OUTPUT_FILE": "/Users/maples/GitHub/mortalitree_testing/notebooks/single_tiles/prefire/17/21040/50982.geojson",
        "OUTPUT_STATUS_DIR": "prefire",
        "FEATURE_COUNT": 176
      },
      "geometry": {
        "type": "Polygon",
        "coordinates": [
          [
            [
              -122.21162873783837,
              37.07645788889703
            ],
            [
              -122.21155216316907,
              37.076457379866945
            ],
            [
              -122.21155266235034,
              37.076409171748615
            ],
            [
              -122.21162923697112,
              37.0764096807778
            ],
            [
              -122.21162873783837,
              37.07645788889703
            ]
          ]
        ]
      }
    },
    {
      "id": "738",
      "type": "Feature",
      "properties": {
        "id": null,
        "SOURCE_FILE": "/Users/maples/GitHub/mortalitree_testing/labels/izzyip_mortalitree_prefire_labels.geojson",
        "SUNETID": "izzyip",
        "FIRENAME": "CZU AUG LIGHTNING",
        "FIRE_SLUG": "CZU_AUG_LIGHTNING",
        "PREFIRE": 1,
        "PREFIRE_STATUS": "prefire",
        "TILE_Z": 17,
        "TILE_X": 21040,
        "TILE_Y": 50982,
        "TILEXYZ": [
          17,
          21040,
          50982
        ],
        "OUTPUT_FILE": "/Users/maples/GitHub/mortalitree_testing/notebooks/single_tiles/prefire/17/21040/50982.geojson",
        "OUTPUT_STATUS_DIR": "prefire",
        "FEATURE_COUNT": 176
      },
      "geometry": {
        "type": "Polygon",
        "coordinates": [
          [
            [
              -122.21179097625645,
              37.076373501483005
            ],
            [
              -122.2116651751496,
              37.0763726653669
            ],
            [
              -122.2116657650046,
              37.07631569213372
            ],
            [
              -122.21179156601733,
              37.07631652824812
            ],
            [
              -122.21179097625645,
              37.076373501483005
            ]
          ]
        ]
      }
    },
    {
      "id": "739",
      "type": "Feature",
      "properties": {
        "id": null,
        "SOURCE_FILE": "/Users/maples/GitHub/mortalitree_testing/labels/izzyip_mortalitree_prefire_labels.geojson",
        "SUNETID": "izzyip",
        "FIRENAME": "CZU AUG LIGHTNING",
        "FIRE_SLUG": "CZU_AUG_LIGHTNING",
        "PREFIRE": 1,
        "PREFIRE_STATUS": "prefire",
        "TILE_Z": 17,
        "TILE_X": 21040,
        "TILE_Y": 50982,
        "TILEXYZ": [
          17,
          21040,
          50982
        ],
        "OUTPUT_FILE": "/Users/maples/GitHub/mortalitree_testing/notebooks/single_tiles/prefire/17/21040/50982.geojson",
        "OUTPUT_STATUS_DIR": "prefire",
        "FEATURE_COUNT": 176
      },
      "geometry": {
        "type": "Polygon",
        "coordinates": [
          [
            [
              -122.21166350662179,
              37.076269657113286
            ],
            [
              -122.21161428016974,
              37.076269329901166
            ],
            [
              -122.21161464317969,
              37.07623426944987
            ],
            [
              -122.21166386960908,
              37.07623459666158
            ],
            [
              -122.21166350662179,
              37.076269657113286
            ]
          ]
        ]
      }
    },
    {
      "id": "740",
      "type": "Feature",
      "properties": {
        "id": null,
        "SOURCE_FILE": "/Users/maples/GitHub/mortalitree_testing/labels/izzyip_mortalitree_prefire_labels.geojson",
        "SUNETID": "izzyip",
        "FIRENAME": "CZU AUG LIGHTNING",
        "FIRE_SLUG": "CZU_AUG_LIGHTNING",
        "PREFIRE": 1,
        "PREFIRE_STATUS": "prefire",
        "TILE_Z": 17,
        "TILE_X": 21040,
        "TILE_Y": 50982,
        "TILEXYZ": [
          17,
          21040,
          50982
        ],
        "OUTPUT_FILE": "/Users/maples/GitHub/mortalitree_testing/notebooks/single_tiles/prefire/17/21040/50982.geojson",
        "OUTPUT_STATUS_DIR": "prefire",
        "FEATURE_COUNT": 176
      },
      "geometry": {
        "type": "Polygon",
        "coordinates": [
          [
            [
              -122.21162836256319,
              37.07622997778762
            ],
            [
              -122.21157366653436,
              37.07622961420148
            ],
            [
              -122.21157393880551,
              37.0762033188631
            ],
            [
              -122.21162863481547,
              37.076203682448906
            ],
            [
              -122.21162836256319,
              37.07622997778762
            ]
          ]
        ]
      }
    },
    {
      "id": "741",
      "type": "Feature",
      "properties": {
        "id": null,
        "SOURCE_FILE": "/Users/maples/GitHub/mortalitree_testing/labels/izzyip_mortalitree_prefire_labels.geojson",
        "SUNETID": "izzyip",
        "FIRENAME": "CZU AUG LIGHTNING",
        "FIRE_SLUG": "CZU_AUG_LIGHTNING",
        "PREFIRE": 1,
        "PREFIRE_STATUS": "prefire",
        "TILE_Z": 17,
        "TILE_X": 21040,
        "TILE_Y": 50982,
        "TILEXYZ": [
          17,
          21040,
          50982
        ],
        "OUTPUT_FILE": "/Users/maples/GitHub/mortalitree_testing/notebooks/single_tiles/prefire/17/21040/50982.geojson",
        "OUTPUT_STATUS_DIR": "prefire",
        "FEATURE_COUNT": 176
      },
      "geometry": {
        "type": "Polygon",
        "coordinates": [
          [
            [
              -122.21158298269873,
              37.07612229610835
            ],
            [
              -122.21153922593794,
              37.07612200522543
            ],
            [
              -122.21153949821993,
              37.0760957098868
            ],
            [
              -122.2115832549656,
              37.07609600076945
            ],
            [
              -122.21158298269873,
              37.07612229610835
            ]
          ]
        ]
      }
    },
    {
      "id": "742",
      "type": "Feature",
      "properties": {
        "id": null,
        "SOURCE_FILE": "/Users/maples/GitHub/mortalitree_testing/labels/izzyip_mortalitree_prefire_labels.geojson",
        "SUNETID": "izzyip",
        "FIRENAME": "CZU AUG LIGHTNING",
        "FIRE_SLUG": "CZU_AUG_LIGHTNING",
        "PREFIRE": 1,
        "PREFIRE_STATUS": "prefire",
        "TILE_Z": 17,
        "TILE_X": 21040,
        "TILE_Y": 50982,
        "TILEXYZ": [
          17,
          21040,
          50982
        ],
        "OUTPUT_FILE": "/Users/maples/GitHub/mortalitree_testing/notebooks/single_tiles/prefire/17/21040/50982.geojson",
        "OUTPUT_STATUS_DIR": "prefire",
        "FEATURE_COUNT": 176
      },
      "geometry": {
        "type": "Polygon",
        "coordinates": [
          [
            [
              -122.21168426095446,
              37.0761142036001
            ],
            [
              -122.21163503460264,
              37.076113876397784
            ],
            [
              -122.21163530685148,
              37.07608758105851
            ],
            [
              -122.21168453318627,
              37.07608790826053
            ],
            [
              -122.21168426095446,
              37.0761142036001
            ]
          ]
        ]
      }
    },
    {
      "id": "743",
      "type": "Feature",
      "properties": {
        "id": null,
        "SOURCE_FILE": "/Users/maples/GitHub/mortalitree_testing/labels/izzyip_mortalitree_prefire_labels.geojson",
        "SUNETID": "izzyip",
        "FIRENAME": "CZU AUG LIGHTNING",
        "FIRE_SLUG": "CZU_AUG_LIGHTNING",
        "PREFIRE": 1,
        "PREFIRE_STATUS": "prefire",
        "TILE_Z": 17,
        "TILE_X": 21040,
        "TILE_Y": 50982,
        "TILEXYZ": [
          17,
          21040,
          50982
        ],
        "OUTPUT_FILE": "/Users/maples/GitHub/mortalitree_testing/notebooks/single_tiles/prefire/17/21040/50982.geojson",
        "OUTPUT_STATUS_DIR": "prefire",
        "FEATURE_COUNT": 176
      },
      "geometry": {
        "type": "Polygon",
        "coordinates": [
          [
            [
              -122.21184088322862,
              37.07630809027379
            ],
            [
              -122.21178071753216,
              37.07630769043473
            ],
            [
              -122.21178121656602,
              37.07625948231251
            ],
            [
              -122.21184138222439,
              37.07625988215087
            ],
            [
              -122.21184088322862,
              37.07630809027379
            ]
          ]
        ]
      }
    },
    {
      "id": "744",
      "type": "Feature",
      "properties": {
        "id": null,
        "SOURCE_FILE": "/Users/maples/GitHub/mortalitree_testing/labels/izzyip_mortalitree_prefire_labels.geojson",
        "SUNETID": "izzyip",
        "FIRENAME": "CZU AUG LIGHTNING",
        "FIRE_SLUG": "CZU_AUG_LIGHTNING",
        "PREFIRE": 1,
        "PREFIRE_STATUS": "prefire",
        "TILE_Z": 17,
        "TILE_X": 21040,
        "TILE_Y": 50982,
        "TILEXYZ": [
          17,
          21040,
          50982
        ],
        "OUTPUT_FILE": "/Users/maples/GitHub/mortalitree_testing/notebooks/single_tiles/prefire/17/21040/50982.geojson",
        "OUTPUT_STATUS_DIR": "prefire",
        "FEATURE_COUNT": 176
      },
      "geometry": {
        "type": "Polygon",
        "coordinates": [
          [
            [
              -122.21184806697562,
              37.07640675231801
            ],
            [
              -122.2118043100486,
              37.076406461530986
            ],
            [
              -122.21180467297286,
              37.07637140107889
            ],
            [
              -122.21184842987977,
              37.076371691865546
            ],
            [
              -122.21184806697562,
              37.07640675231801
            ]
          ]
        ]
      }
    },
    {
      "id": "745",
      "type": "Feature",
      "properties": {
        "id": null,
        "SOURCE_FILE": "/Users/maples/GitHub/mortalitree_testing/labels/izzyip_mortalitree_prefire_labels.geojson",
        "SUNETID": "izzyip",
        "FIRENAME": "CZU AUG LIGHTNING",
        "FIRE_SLUG": "CZU_AUG_LIGHTNING",
        "PREFIRE": 1,
        "PREFIRE_STATUS": "prefire",
        "TILE_Z": 17,
        "TILE_X": 21040,
        "TILE_Y": 50982,
        "TILEXYZ": [
          17,
          21040,
          50982
        ],
        "OUTPUT_FILE": "/Users/maples/GitHub/mortalitree_testing/notebooks/single_tiles/prefire/17/21040/50982.geojson",
        "OUTPUT_STATUS_DIR": "prefire",
        "FEATURE_COUNT": 176
      },
      "geometry": {
        "type": "Polygon",
        "coordinates": [
          [
            [
              -122.21188031765597,
              37.07646175235467
            ],
            [
              -122.21181468221776,
              37.07646131618538
            ],
            [
              -122.21181504513795,
              37.07642625573352
            ],
            [
              -122.21188068054596,
              37.076426691902256
            ],
            [
              -122.21188031765597,
              37.07646175235467
            ]
          ]
        ]
      }
    },
    {
      "id": "746",
      "type": "Feature",
      "properties": {
        "id": null,
        "SOURCE_FILE": "/Users/maples/GitHub/mortalitree_testing/labels/izzyip_mortalitree_prefire_labels.geojson",
        "SUNETID": "izzyip",
        "FIRENAME": "CZU AUG LIGHTNING",
        "FIRE_SLUG": "CZU_AUG_LIGHTNING",
        "PREFIRE": 1,
        "PREFIRE_STATUS": "prefire",
        "TILE_Z": 17,
        "TILE_X": 21040,
        "TILE_Y": 50982,
        "TILEXYZ": [
          17,
          21040,
          50982
        ],
        "OUTPUT_FILE": "/Users/maples/GitHub/mortalitree_testing/notebooks/single_tiles/prefire/17/21040/50982.geojson",
        "OUTPUT_STATUS_DIR": "prefire",
        "FEATURE_COUNT": 176
      },
      "geometry": {
        "type": "Polygon",
        "coordinates": [
          [
            [
              -122.211764502912,
              37.07655302271862
            ],
            [
              -122.21166604963993,
              37.07655236835355
            ],
            [
              -122.21166682099259,
              37.07647786489692
            ],
            [
              -122.21176527416836,
              37.07647851926021
            ],
            [
              -122.211764502912,
              37.07655302271862
            ]
          ]
        ]
      }
    },
    {
      "id": "747",
      "type": "Feature",
      "properties": {
        "id": null,
        "SOURCE_FILE": "/Users/maples/GitHub/mortalitree_testing/labels/izzyip_mortalitree_prefire_labels.geojson",
        "SUNETID": "izzyip",
        "FIRENAME": "CZU AUG LIGHTNING",
        "FIRE_SLUG": "CZU_AUG_LIGHTNING",
        "PREFIRE": 1,
        "PREFIRE_STATUS": "prefire",
        "TILE_Z": 17,
        "TILE_X": 21040,
        "TILE_Y": 50982,
        "TILEXYZ": [
          17,
          21040,
          50982
        ],
        "OUTPUT_FILE": "/Users/maples/GitHub/mortalitree_testing/notebooks/single_tiles/prefire/17/21040/50982.geojson",
        "OUTPUT_STATUS_DIR": "prefire",
        "FEATURE_COUNT": 176
      },
      "geometry": {
        "type": "Polygon",
        "coordinates": [
          [
            [
              -122.21160554342353,
              37.07658483759482
            ],
            [
              -122.21153990788353,
              37.07658440127226
            ],
            [
              -122.21154040707485,
              37.076536193155086
            ],
            [
              -122.21160604257327,
              37.07653662947691
            ],
            [
              -122.21160554342353,
              37.07658483759482
            ]
          ]
        ]
      }
    },
    {
      "id": "748",
      "type": "Feature",
      "properties": {
        "id": null,
        "SOURCE_FILE": "/Users/maples/GitHub/mortalitree_testing/labels/izzyip_mortalitree_prefire_labels.geojson",
        "SUNETID": "izzyip",
        "FIRENAME": "CZU AUG LIGHTNING",
        "FIRE_SLUG": "CZU_AUG_LIGHTNING",
        "PREFIRE": 1,
        "PREFIRE_STATUS": "prefire",
        "TILE_Z": 17,
        "TILE_X": 21040,
        "TILE_Y": 50982,
        "TILEXYZ": [
          17,
          21040,
          50982
        ],
        "OUTPUT_FILE": "/Users/maples/GitHub/mortalitree_testing/notebooks/single_tiles/prefire/17/21040/50982.geojson",
        "OUTPUT_STATUS_DIR": "prefire",
        "FEATURE_COUNT": 176
      },
      "geometry": {
        "type": "Polygon",
        "coordinates": [
          [
            [
              -122.21155927848233,
              37.076562615756174
            ],
            [
              -122.21147176445588,
              37.076562033950836
            ],
            [
              -122.21147212753527,
              37.076526973502475
            ],
            [
              -122.21155964152148,
              37.07652755530708
            ],
            [
              -122.21155927848233,
              37.076562615756174
            ]
          ]
        ]
      }
    },
    {
      "id": "749",
      "type": "Feature",
      "properties": {
        "id": null,
        "SOURCE_FILE": "/Users/maples/GitHub/mortalitree_testing/labels/izzyip_mortalitree_prefire_labels.geojson",
        "SUNETID": "izzyip",
        "FIRENAME": "CZU AUG LIGHTNING",
        "FIRE_SLUG": "CZU_AUG_LIGHTNING",
        "PREFIRE": 1,
        "PREFIRE_STATUS": "prefire",
        "TILE_Z": 17,
        "TILE_X": 21040,
        "TILE_Y": 50982,
        "TILEXYZ": [
          17,
          21040,
          50982
        ],
        "OUTPUT_FILE": "/Users/maples/GitHub/mortalitree_testing/notebooks/single_tiles/prefire/17/21040/50982.geojson",
        "OUTPUT_STATUS_DIR": "prefire",
        "FEATURE_COUNT": 176
      },
      "geometry": {
        "type": "Polygon",
        "coordinates": [
          [
            [
              -122.21154972333142,
              37.076428875071066
            ],
            [
              -122.21147314869279,
              37.07642836599031
            ],
            [
              -122.21147364792351,
              37.07638015787267
            ],
            [
              -122.2115502225137,
              37.07638066695253
            ],
            [
              -122.21154972333142,
              37.076428875071066
            ]
          ]
        ]
      }
    },
    {
      "id": "750",
      "type": "Feature",
      "properties": {
        "id": null,
        "SOURCE_FILE": "/Users/maples/GitHub/mortalitree_testing/labels/izzyip_mortalitree_prefire_labels.geojson",
        "SUNETID": "izzyip",
        "FIRENAME": "CZU AUG LIGHTNING",
        "FIRE_SLUG": "CZU_AUG_LIGHTNING",
        "PREFIRE": 1,
        "PREFIRE_STATUS": "prefire",
        "TILE_Z": 17,
        "TILE_X": 21040,
        "TILE_Y": 50982,
        "TILEXYZ": [
          17,
          21040,
          50982
        ],
        "OUTPUT_FILE": "/Users/maples/GitHub/mortalitree_testing/notebooks/single_tiles/prefire/17/21040/50982.geojson",
        "OUTPUT_STATUS_DIR": "prefire",
        "FEATURE_COUNT": 176
      },
      "geometry": {
        "type": "Polygon",
        "coordinates": [
          [
            [
              -122.21147622388483,
              37.076395515001515
            ],
            [
              -122.21141605812458,
              37.07639511497667
            ],
            [
              -122.21141637583963,
              37.076364437083924
            ],
            [
              -122.21147654157564,
              37.07636483710831
            ],
            [
              -122.21147622388483,
              37.076395515001515
            ]
          ]
        ]
      }
    },
    {
      "id": "751",
      "type": "Feature",
      "properties": {
        "id": null,
        "SOURCE_FILE": "/Users/maples/GitHub/mortalitree_testing/labels/izzyip_mortalitree_prefire_labels.geojson",
        "SUNETID": "izzyip",
        "FIRENAME": "CZU AUG LIGHTNING",
        "FIRE_SLUG": "CZU_AUG_LIGHTNING",
        "PREFIRE": 1,
        "PREFIRE_STATUS": "prefire",
        "TILE_Z": 17,
        "TILE_X": 21040,
        "TILE_Y": 50982,
        "TILEXYZ": [
          17,
          21040,
          50982
        ],
        "OUTPUT_FILE": "/Users/maples/GitHub/mortalitree_testing/notebooks/single_tiles/prefire/17/21040/50982.geojson",
        "OUTPUT_STATUS_DIR": "prefire",
        "FEATURE_COUNT": 176
      },
      "geometry": {
        "type": "Polygon",
        "coordinates": [
          [
            [
              -122.21148212464816,
              37.07635391708217
            ],
            [
              -122.21140008047465,
              37.07635337159079
            ],
            [
              -122.2114005797503,
              37.07630516347337
            ],
            [
              -122.21148262387187,
              37.07630570896381
            ],
            [
              -122.21148212464816,
              37.07635391708217
            ]
          ]
        ]
      }
    },
    {
      "id": "752",
      "type": "Feature",
      "properties": {
        "id": null,
        "SOURCE_FILE": "/Users/maples/GitHub/mortalitree_testing/labels/izzyip_mortalitree_prefire_labels.geojson",
        "SUNETID": "izzyip",
        "FIRENAME": "CZU AUG LIGHTNING",
        "FIRE_SLUG": "CZU_AUG_LIGHTNING",
        "PREFIRE": 1,
        "PREFIRE_STATUS": "prefire",
        "TILE_Z": 17,
        "TILE_X": 21040,
        "TILE_Y": 50982,
        "TILEXYZ": [
          17,
          21040,
          50982
        ],
        "OUTPUT_FILE": "/Users/maples/GitHub/mortalitree_testing/notebooks/single_tiles/prefire/17/21040/50982.geojson",
        "OUTPUT_STATUS_DIR": "prefire",
        "FEATURE_COUNT": 176
      },
      "geometry": {
        "type": "Polygon",
        "coordinates": [
          [
            [
              -122.21181752066555,
              37.076715540804194
            ],
            [
              -122.2117190671821,
              37.07671488648071
            ],
            [
              -122.21171992922903,
              37.07663161791268
            ],
            [
              -122.21181838260482,
              37.07663227223421
            ],
            [
              -122.21181752066555,
              37.076715540804194
            ]
          ]
        ]
      }
    },
    {
      "id": "753",
      "type": "Feature",
      "properties": {
        "id": null,
        "SOURCE_FILE": "/Users/maples/GitHub/mortalitree_testing/labels/izzyip_mortalitree_prefire_labels.geojson",
        "SUNETID": "izzyip",
        "FIRENAME": "CZU AUG LIGHTNING",
        "FIRE_SLUG": "CZU_AUG_LIGHTNING",
        "PREFIRE": 1,
        "PREFIRE_STATUS": "prefire",
        "TILE_Z": 17,
        "TILE_X": 21040,
        "TILE_Y": 50982,
        "TILEXYZ": [
          17,
          21040,
          50982
        ],
        "OUTPUT_FILE": "/Users/maples/GitHub/mortalitree_testing/notebooks/single_tiles/prefire/17/21040/50982.geojson",
        "OUTPUT_STATUS_DIR": "prefire",
        "FEATURE_COUNT": 176
      },
      "geometry": {
        "type": "Polygon",
        "coordinates": [
          [
            [
              -122.2116749924646,
              37.076745273536886
            ],
            [
              -122.21158200858592,
              37.07674465545469
            ],
            [
              -122.21158255313227,
              37.0766920647823
            ],
            [
              -122.21167553694674,
              37.076692682863325
            ],
            [
              -122.2116749924646,
              37.076745273536886
            ]
          ]
        ]
      }
    },
    {
      "id": "754",
      "type": "Feature",
      "properties": {
        "id": null,
        "SOURCE_FILE": "/Users/maples/GitHub/mortalitree_testing/labels/izzyip_mortalitree_prefire_labels.geojson",
        "SUNETID": "izzyip",
        "FIRENAME": "CZU AUG LIGHTNING",
        "FIRE_SLUG": "CZU_AUG_LIGHTNING",
        "PREFIRE": 1,
        "PREFIRE_STATUS": "prefire",
        "TILE_Z": 17,
        "TILE_X": 21040,
        "TILE_Y": 50982,
        "TILEXYZ": [
          17,
          21040,
          50982
        ],
        "OUTPUT_FILE": "/Users/maples/GitHub/mortalitree_testing/notebooks/single_tiles/prefire/17/21040/50982.geojson",
        "OUTPUT_STATUS_DIR": "prefire",
        "FEATURE_COUNT": 176
      },
      "geometry": {
        "type": "Polygon",
        "coordinates": [
          [
            [
              -122.21173468211856,
              37.07679169027323
            ],
            [
              -122.21164169818188,
              37.076791072237185
            ],
            [
              -122.21164224268793,
              37.07673848156443
            ],
            [
              -122.21173522656039,
              37.076739099599315
            ],
            [
              -122.21173468211856,
              37.07679169027323
            ]
          ]
        ]
      }
    },
    {
      "id": "755",
      "type": "Feature",
      "properties": {
        "id": null,
        "SOURCE_FILE": "/Users/maples/GitHub/mortalitree_testing/labels/izzyip_mortalitree_prefire_labels.geojson",
        "SUNETID": "izzyip",
        "FIRENAME": "CZU AUG LIGHTNING",
        "FIRE_SLUG": "CZU_AUG_LIGHTNING",
        "PREFIRE": 1,
        "PREFIRE_STATUS": "prefire",
        "TILE_Z": 17,
        "TILE_X": 21040,
        "TILE_Y": 50982,
        "TILEXYZ": [
          17,
          21040,
          50982
        ],
        "OUTPUT_FILE": "/Users/maples/GitHub/mortalitree_testing/notebooks/single_tiles/prefire/17/21040/50982.geojson",
        "OUTPUT_STATUS_DIR": "prefire",
        "FEATURE_COUNT": 176
      },
      "geometry": {
        "type": "Polygon",
        "coordinates": [
          [
            [
              -122.21191404635798,
              37.076902453689435
            ],
            [
              -122.21181012297916,
              37.07690176309385
            ],
            [
              -122.21181071273699,
              37.07684478986379
            ],
            [
              -122.2119140625,
              37.076845476646646
            ],
            [
              -122.2119140625,
              37.07690089409245
            ],
            [
              -122.21191404635798,
              37.076902453689435
            ]
          ]
        ]
      }
    },
    {
      "id": "756",
      "type": "Feature",
      "properties": {
        "id": null,
        "SOURCE_FILE": "/Users/maples/GitHub/mortalitree_testing/labels/izzyip_mortalitree_prefire_labels.geojson",
        "SUNETID": "izzyip",
        "FIRENAME": "CZU AUG LIGHTNING",
        "FIRE_SLUG": "CZU_AUG_LIGHTNING",
        "PREFIRE": 1,
        "PREFIRE_STATUS": "prefire",
        "TILE_Z": 17,
        "TILE_X": 21040,
        "TILE_Y": 50982,
        "TILEXYZ": [
          17,
          21040,
          50982
        ],
        "OUTPUT_FILE": "/Users/maples/GitHub/mortalitree_testing/notebooks/single_tiles/prefire/17/21040/50982.geojson",
        "OUTPUT_STATUS_DIR": "prefire",
        "FEATURE_COUNT": 176
      },
      "geometry": {
        "type": "Polygon",
        "coordinates": [
          [
            [
              -122.21190507074992,
              37.07697690262761
            ],
            [
              -122.21180661692648,
              37.07697624837287
            ],
            [
              -122.21180725205478,
              37.076914892587446
            ],
            [
              -122.2119057057989,
              37.076915546840745
            ],
            [
              -122.21190507074992,
              37.07697690262761
            ]
          ]
        ]
      }
    },
    {
      "id": "757",
      "type": "Feature",
      "properties": {
        "id": null,
        "SOURCE_FILE": "/Users/maples/GitHub/mortalitree_testing/labels/izzyip_mortalitree_prefire_labels.geojson",
        "SUNETID": "izzyip",
        "FIRENAME": "CZU AUG LIGHTNING",
        "FIRE_SLUG": "CZU_AUG_LIGHTNING",
        "PREFIRE": 1,
        "PREFIRE_STATUS": "prefire",
        "TILE_Z": 17,
        "TILE_X": 21040,
        "TILE_Y": 50982,
        "TILEXYZ": [
          17,
          21040,
          50982
        ],
        "OUTPUT_FILE": "/Users/maples/GitHub/mortalitree_testing/notebooks/single_tiles/prefire/17/21040/50982.geojson",
        "OUTPUT_STATUS_DIR": "prefire",
        "FEATURE_COUNT": 176
      },
      "geometry": {
        "type": "Polygon",
        "coordinates": [
          [
            [
              -122.21168710119773,
              37.076896562609555
            ],
            [
              -122.21156676888059,
              37.07689576273411
            ],
            [
              -122.2115676310997,
              37.0768124941717
            ],
            [
              -122.21168796328531,
              37.07681329404474
            ],
            [
              -122.21168710119773,
              37.076896562609555
            ]
          ]
        ]
      }
    },
    {
      "id": "758",
      "type": "Feature",
      "properties": {
        "id": null,
        "SOURCE_FILE": "/Users/maples/GitHub/mortalitree_testing/labels/izzyip_mortalitree_prefire_labels.geojson",
        "SUNETID": "izzyip",
        "FIRENAME": "CZU AUG LIGHTNING",
        "FIRE_SLUG": "CZU_AUG_LIGHTNING",
        "PREFIRE": 1,
        "PREFIRE_STATUS": "prefire",
        "TILE_Z": 17,
        "TILE_X": 21040,
        "TILE_Y": 50982,
        "TILEXYZ": [
          17,
          21040,
          50982
        ],
        "OUTPUT_FILE": "/Users/maples/GitHub/mortalitree_testing/notebooks/single_tiles/prefire/17/21040/50982.geojson",
        "OUTPUT_STATUS_DIR": "prefire",
        "FEATURE_COUNT": 176
      },
      "geometry": {
        "type": "Polygon",
        "coordinates": [
          [
            [
              -122.21156407943545,
              37.07689136199782
            ],
            [
              -122.21149844363191,
              37.07689092564924
            ],
            [
              -122.21149903362272,
              37.07683395242334
            ],
            [
              -122.21156466937715,
              37.07683438877103
            ],
            [
              -122.21156407943545,
              37.07689136199782
            ]
          ]
        ]
      }
    },
    {
      "id": "759",
      "type": "Feature",
      "properties": {
        "id": null,
        "SOURCE_FILE": "/Users/maples/GitHub/mortalitree_testing/labels/izzyip_mortalitree_prefire_labels.geojson",
        "SUNETID": "izzyip",
        "FIRENAME": "CZU AUG LIGHTNING",
        "FIRE_SLUG": "CZU_AUG_LIGHTNING",
        "PREFIRE": 1,
        "PREFIRE_STATUS": "prefire",
        "TILE_Z": 17,
        "TILE_X": 21040,
        "TILE_Y": 50982,
        "TILEXYZ": [
          17,
          21040,
          50982
        ],
        "OUTPUT_FILE": "/Users/maples/GitHub/mortalitree_testing/notebooks/single_tiles/prefire/17/21040/50982.geojson",
        "OUTPUT_STATUS_DIR": "prefire",
        "FEATURE_COUNT": 176
      },
      "geometry": {
        "type": "Polygon",
        "coordinates": [
          [
            [
              -122.21148499643004,
              37.076868921959644
            ],
            [
              -122.21136466416242,
              37.07686812187968
            ],
            [
              -122.21136575355878,
              37.07676294054212
            ],
            [
              -122.21148608566023,
              37.07676374061905
            ],
            [
              -122.21148499643004,
              37.076868921959644
            ]
          ]
        ]
      }
    },
    {
      "id": "760",
      "type": "Feature",
      "properties": {
        "id": null,
        "SOURCE_FILE": "/Users/maples/GitHub/mortalitree_testing/labels/izzyip_mortalitree_prefire_labels.geojson",
        "SUNETID": "izzyip",
        "FIRENAME": "CZU AUG LIGHTNING",
        "FIRE_SLUG": "CZU_AUG_LIGHTNING",
        "PREFIRE": 1,
        "PREFIRE_STATUS": "prefire",
        "TILE_Z": 17,
        "TILE_X": 21040,
        "TILE_Y": 50982,
        "TILEXYZ": [
          17,
          21040,
          50982
        ],
        "OUTPUT_FILE": "/Users/maples/GitHub/mortalitree_testing/notebooks/single_tiles/prefire/17/21040/50982.geojson",
        "OUTPUT_STATUS_DIR": "prefire",
        "FEATURE_COUNT": 176
      },
      "geometry": {
        "type": "Polygon",
        "coordinates": [
          [
            [
              -122.21159525159284,
              37.07678638063582
            ],
            [
              -122.21151867659385,
              37.07678587158028
            ],
            [
              -122.21151913041972,
              37.07674204602096
            ],
            [
              -122.21159570537462,
              37.07674255507569
            ],
            [
              -122.21159525159284,
              37.07678638063582
            ]
          ]
        ]
      }
    },
    {
      "id": "761",
      "type": "Feature",
      "properties": {
        "id": null,
        "SOURCE_FILE": "/Users/maples/GitHub/mortalitree_testing/labels/izzyip_mortalitree_prefire_labels.geojson",
        "SUNETID": "izzyip",
        "FIRENAME": "CZU AUG LIGHTNING",
        "FIRE_SLUG": "CZU_AUG_LIGHTNING",
        "PREFIRE": 1,
        "PREFIRE_STATUS": "prefire",
        "TILE_Z": 17,
        "TILE_X": 21040,
        "TILE_Y": 50982,
        "TILEXYZ": [
          17,
          21040,
          50982
        ],
        "OUTPUT_FILE": "/Users/maples/GitHub/mortalitree_testing/notebooks/single_tiles/prefire/17/21040/50982.geojson",
        "OUTPUT_STATUS_DIR": "prefire",
        "FEATURE_COUNT": 176
      },
      "geometry": {
        "type": "Polygon",
        "coordinates": [
          [
            [
              -122.21126919500068,
              37.07684338130945
            ],
            [
              -122.21119808959679,
              37.07684290842058
            ],
            [
              -122.21119872521233,
              37.07678155264277
            ],
            [
              -122.21126983055893,
              37.07678202553059
            ],
            [
              -122.21126919500068,
              37.07684338130945
            ]
          ]
        ]
      }
    },
    {
      "id": "762",
      "type": "Feature",
      "properties": {
        "id": null,
        "SOURCE_FILE": "/Users/maples/GitHub/mortalitree_testing/labels/izzyip_mortalitree_prefire_labels.geojson",
        "SUNETID": "izzyip",
        "FIRENAME": "CZU AUG LIGHTNING",
        "FIRE_SLUG": "CZU_AUG_LIGHTNING",
        "PREFIRE": 1,
        "PREFIRE_STATUS": "prefire",
        "TILE_Z": 17,
        "TILE_X": 21040,
        "TILE_Y": 50982,
        "TILEXYZ": [
          17,
          21040,
          50982
        ],
        "OUTPUT_FILE": "/Users/maples/GitHub/mortalitree_testing/notebooks/single_tiles/prefire/17/21040/50982.geojson",
        "OUTPUT_STATUS_DIR": "prefire",
        "FEATURE_COUNT": 176
      },
      "geometry": {
        "type": "Polygon",
        "coordinates": [
          [
            [
              -122.21128781670907,
              37.076893908007946
            ],
            [
              -122.21121671125768,
              37.07689343512968
            ],
            [
              -122.21121716525909,
              37.076849609574346
            ],
            [
              -122.21128827066956,
              37.07685008245185
            ],
            [
              -122.21128781670907,
              37.076893908007946
            ]
          ]
        ]
      }
    },
    {
      "id": "763",
      "type": "Feature",
      "properties": {
        "id": null,
        "SOURCE_FILE": "/Users/maples/GitHub/mortalitree_testing/labels/izzyip_mortalitree_prefire_labels.geojson",
        "SUNETID": "izzyip",
        "FIRENAME": "CZU AUG LIGHTNING",
        "FIRE_SLUG": "CZU_AUG_LIGHTNING",
        "PREFIRE": 1,
        "PREFIRE_STATUS": "prefire",
        "TILE_Z": 17,
        "TILE_X": 21040,
        "TILE_Y": 50982,
        "TILEXYZ": [
          17,
          21040,
          50982
        ],
        "OUTPUT_FILE": "/Users/maples/GitHub/mortalitree_testing/notebooks/single_tiles/prefire/17/21040/50982.geojson",
        "OUTPUT_STATUS_DIR": "prefire",
        "FEATURE_COUNT": 176
      },
      "geometry": {
        "type": "Polygon",
        "coordinates": [
          [
            [
              -122.21138070998188,
              37.076903291434256
            ],
            [
              -122.21128225626606,
              37.07690263674538
            ],
            [
              -122.21128271022988,
              37.0768588111894
            ],
            [
              -122.21138116388907,
              37.076859465877256
            ],
            [
              -122.21138070998188,
              37.076903291434256
            ]
          ]
        ]
      }
    },
    {
      "id": "764",
      "type": "Feature",
      "properties": {
        "id": null,
        "SOURCE_FILE": "/Users/maples/GitHub/mortalitree_testing/labels/izzyip_mortalitree_prefire_labels.geojson",
        "SUNETID": "izzyip",
        "FIRENAME": "CZU AUG LIGHTNING",
        "FIRE_SLUG": "CZU_AUG_LIGHTNING",
        "PREFIRE": 1,
        "PREFIRE_STATUS": "prefire",
        "TILE_Z": 17,
        "TILE_X": 21040,
        "TILE_Y": 50982,
        "TILEXYZ": [
          17,
          21040,
          50982
        ],
        "OUTPUT_FILE": "/Users/maples/GitHub/mortalitree_testing/notebooks/single_tiles/prefire/17/21040/50982.geojson",
        "OUTPUT_STATUS_DIR": "prefire",
        "FEATURE_COUNT": 176
      },
      "geometry": {
        "type": "Polygon",
        "coordinates": [
          [
            [
              -122.21131181730581,
              37.07695323618717
            ],
            [
              -122.21122430283563,
              37.07695265419403
            ],
            [
              -122.2112248022334,
              37.076904446083546
            ],
            [
              -122.21131231664819,
              37.07690502807568
            ],
            [
              -122.21131181730581,
              37.07695323618717
            ]
          ]
        ]
      }
    },
    {
      "id": "765",
      "type": "Feature",
      "properties": {
        "id": null,
        "SOURCE_FILE": "/Users/maples/GitHub/mortalitree_testing/labels/izzyip_mortalitree_prefire_labels.geojson",
        "SUNETID": "izzyip",
        "FIRENAME": "CZU AUG LIGHTNING",
        "FIRE_SLUG": "CZU_AUG_LIGHTNING",
        "PREFIRE": 1,
        "PREFIRE_STATUS": "prefire",
        "TILE_Z": 17,
        "TILE_X": 21040,
        "TILE_Y": 50982,
        "TILEXYZ": [
          17,
          21040,
          50982
        ],
        "OUTPUT_FILE": "/Users/maples/GitHub/mortalitree_testing/notebooks/single_tiles/prefire/17/21040/50982.geojson",
        "OUTPUT_STATUS_DIR": "prefire",
        "FEATURE_COUNT": 176
      },
      "geometry": {
        "type": "Polygon",
        "coordinates": [
          [
            [
              -122.21140993066888,
              37.07698676001978
            ],
            [
              -122.21130053753079,
              37.07698603260819
            ],
            [
              -122.21130121846247,
              37.07692029427477
            ],
            [
              -122.21141061150612,
              37.076921021684626
            ],
            [
              -122.21140993066888,
              37.07698676001978
            ]
          ]
        ]
      }
    },
    {
      "id": "766",
      "type": "Feature",
      "properties": {
        "id": null,
        "SOURCE_FILE": "/Users/maples/GitHub/mortalitree_testing/labels/izzyip_mortalitree_prefire_labels.geojson",
        "SUNETID": "izzyip",
        "FIRENAME": "CZU AUG LIGHTNING",
        "FIRE_SLUG": "CZU_AUG_LIGHTNING",
        "PREFIRE": 1,
        "PREFIRE_STATUS": "prefire",
        "TILE_Z": 17,
        "TILE_X": 21040,
        "TILE_Y": 50982,
        "TILEXYZ": [
          17,
          21040,
          50982
        ],
        "OUTPUT_FILE": "/Users/maples/GitHub/mortalitree_testing/notebooks/single_tiles/prefire/17/21040/50982.geojson",
        "OUTPUT_STATUS_DIR": "prefire",
        "FEATURE_COUNT": 176
      },
      "geometry": {
        "type": "Polygon",
        "coordinates": [
          [
            [
              -122.21149168052553,
              37.0770157921245
            ],
            [
              -122.21141510529776,
              37.07701528299943
            ],
            [
              -122.21141574074241,
              37.07695392722017
            ],
            [
              -122.21149231590849,
              37.07695443634412
            ],
            [
              -122.21149168052553,
              37.0770157921245
            ]
          ]
        ]
      }
    },
    {
      "id": "767",
      "type": "Feature",
      "properties": {
        "id": null,
        "SOURCE_FILE": "/Users/maples/GitHub/mortalitree_testing/labels/izzyip_mortalitree_prefire_labels.geojson",
        "SUNETID": "izzyip",
        "FIRENAME": "CZU AUG LIGHTNING",
        "FIRE_SLUG": "CZU_AUG_LIGHTNING",
        "PREFIRE": 1,
        "PREFIRE_STATUS": "prefire",
        "TILE_Z": 17,
        "TILE_X": 21040,
        "TILE_Y": 50982,
        "TILEXYZ": [
          17,
          21040,
          50982
        ],
        "OUTPUT_FILE": "/Users/maples/GitHub/mortalitree_testing/notebooks/single_tiles/prefire/17/21040/50982.geojson",
        "OUTPUT_STATUS_DIR": "prefire",
        "FEATURE_COUNT": 176
      },
      "geometry": {
        "type": "Polygon",
        "coordinates": [
          [
            [
              -122.21161146849778,
              37.07706918274819
            ],
            [
              -122.21149113591004,
              37.07706838279286
            ],
            [
              -122.21149181667919,
              37.07700264445733
            ],
            [
              -122.21161214916307,
              37.07700344441076
            ],
            [
              -122.21161146849778,
              37.07706918274819
            ]
          ]
        ]
      }
    },
    {
      "id": "768",
      "type": "Feature",
      "properties": {
        "id": null,
        "SOURCE_FILE": "/Users/maples/GitHub/mortalitree_testing/labels/izzyip_mortalitree_prefire_labels.geojson",
        "SUNETID": "izzyip",
        "FIRENAME": "CZU AUG LIGHTNING",
        "FIRE_SLUG": "CZU_AUG_LIGHTNING",
        "PREFIRE": 1,
        "PREFIRE_STATUS": "prefire",
        "TILE_Z": 17,
        "TILE_X": 21040,
        "TILE_Y": 50982,
        "TILEXYZ": [
          17,
          21040,
          50982
        ],
        "OUTPUT_FILE": "/Users/maples/GitHub/mortalitree_testing/notebooks/single_tiles/prefire/17/21040/50982.geojson",
        "OUTPUT_STATUS_DIR": "prefire",
        "FEATURE_COUNT": 176
      },
      "geometry": {
        "type": "Polygon",
        "coordinates": [
          [
            [
              -122.21134045285793,
              37.07709319175443
            ],
            [
              -122.21125293219771,
              37.07709319175443
            ],
            [
              -122.21125379575808,
              37.07700982748286
            ],
            [
              -122.2113413102946,
              37.077010409455006
            ],
            [
              -122.21134045285793,
              37.07709319175443
            ]
          ]
        ]
      }
    },
    {
      "id": "769",
      "type": "Feature",
      "properties": {
        "id": null,
        "SOURCE_FILE": "/Users/maples/GitHub/mortalitree_testing/labels/izzyip_mortalitree_prefire_labels.geojson",
        "SUNETID": "izzyip",
        "FIRENAME": "CZU AUG LIGHTNING",
        "FIRE_SLUG": "CZU_AUG_LIGHTNING",
        "PREFIRE": 1,
        "PREFIRE_STATUS": "prefire",
        "TILE_Z": 17,
        "TILE_X": 21040,
        "TILE_Y": 50982,
        "TILEXYZ": [
          17,
          21040,
          50982
        ],
        "OUTPUT_FILE": "/Users/maples/GitHub/mortalitree_testing/notebooks/single_tiles/prefire/17/21040/50982.geojson",
        "OUTPUT_STATUS_DIR": "prefire",
        "FEATURE_COUNT": 176
      },
      "geometry": {
        "type": "Polygon",
        "coordinates": [
          [
            [
              -122.21145300712352,
              37.077052789291265
            ],
            [
              -122.21133814422785,
              37.07705202554702
            ],
            [
              -122.21133868894869,
              37.07699943488044
            ],
            [
              -122.21145355176505,
              37.07700019862324
            ],
            [
              -122.21145300712352,
              37.077052789291265
            ]
          ]
        ]
      }
    },
    {
      "id": "770",
      "type": "Feature",
      "properties": {
        "id": null,
        "SOURCE_FILE": "/Users/maples/GitHub/mortalitree_testing/labels/izzyip_mortalitree_prefire_labels.geojson",
        "SUNETID": "izzyip",
        "FIRENAME": "CZU AUG LIGHTNING",
        "FIRE_SLUG": "CZU_AUG_LIGHTNING",
        "PREFIRE": 1,
        "PREFIRE_STATUS": "prefire",
        "TILE_Z": 17,
        "TILE_X": 21040,
        "TILE_Y": 50982,
        "TILEXYZ": [
          17,
          21040,
          50982
        ],
        "OUTPUT_FILE": "/Users/maples/GitHub/mortalitree_testing/notebooks/single_tiles/prefire/17/21040/50982.geojson",
        "OUTPUT_STATUS_DIR": "prefire",
        "FEATURE_COUNT": 176
      },
      "geometry": {
        "type": "Polygon",
        "coordinates": [
          [
            [
              -122.2112201606035,
              37.07708849522398
            ],
            [
              -122.21109435833274,
              37.07708765848872
            ],
            [
              -122.21109517566708,
              37.07700877249378
            ],
            [
              -122.21122097780756,
              37.07700960922666
            ],
            [
              -122.2112201606035,
              37.07708849522398
            ]
          ]
        ]
      }
    },
    {
      "id": "771",
      "type": "Feature",
      "properties": {
        "id": null,
        "SOURCE_FILE": "/Users/maples/GitHub/mortalitree_testing/labels/izzyip_mortalitree_prefire_labels.geojson",
        "SUNETID": "izzyip",
        "FIRENAME": "CZU AUG LIGHTNING",
        "FIRE_SLUG": "CZU_AUG_LIGHTNING",
        "PREFIRE": 1,
        "PREFIRE_STATUS": "prefire",
        "TILE_Z": 17,
        "TILE_X": 21040,
        "TILE_Y": 50982,
        "TILEXYZ": [
          17,
          21040,
          50982
        ],
        "OUTPUT_FILE": "/Users/maples/GitHub/mortalitree_testing/notebooks/single_tiles/prefire/17/21040/50982.geojson",
        "OUTPUT_STATUS_DIR": "prefire",
        "FEATURE_COUNT": 176
      },
      "geometry": {
        "type": "Polygon",
        "coordinates": [
          [
            [
              -122.21107294615344,
              37.07677852461294
            ],
            [
              -122.210996371172,
              37.0767780152203
            ],
            [
              -122.21099687071091,
              37.07672980711103
            ],
            [
              -122.21107344564388,
              37.07673031650279
            ],
            [
              -122.21107294615344,
              37.07677852461294
            ]
          ]
        ]
      }
    },
    {
      "id": "772",
      "type": "Feature",
      "properties": {
        "id": null,
        "SOURCE_FILE": "/Users/maples/GitHub/mortalitree_testing/labels/izzyip_mortalitree_prefire_labels.geojson",
        "SUNETID": "izzyip",
        "FIRENAME": "CZU AUG LIGHTNING",
        "FIRE_SLUG": "CZU_AUG_LIGHTNING",
        "PREFIRE": 1,
        "PREFIRE_STATUS": "prefire",
        "TILE_Z": 17,
        "TILE_X": 21040,
        "TILE_Y": 50982,
        "TILEXYZ": [
          17,
          21040,
          50982
        ],
        "OUTPUT_FILE": "/Users/maples/GitHub/mortalitree_testing/notebooks/single_tiles/prefire/17/21040/50982.geojson",
        "OUTPUT_STATUS_DIR": "prefire",
        "FEATURE_COUNT": 176
      },
      "geometry": {
        "type": "Polygon",
        "coordinates": [
          [
            [
              -122.21111604490204,
              37.07684236272663
            ],
            [
              -122.21104493950172,
              37.07684188974595
            ],
            [
              -122.21104534819123,
              37.07680244674745
            ],
            [
              -122.21111645355475,
              37.07680291972745
            ],
            [
              -122.21111604490204,
              37.07684236272663
            ]
          ]
        ]
      }
    },
    {
      "id": "773",
      "type": "Feature",
      "properties": {
        "id": null,
        "SOURCE_FILE": "/Users/maples/GitHub/mortalitree_testing/labels/izzyip_mortalitree_prefire_labels.geojson",
        "SUNETID": "izzyip",
        "FIRENAME": "CZU AUG LIGHTNING",
        "FIRE_SLUG": "CZU_AUG_LIGHTNING",
        "PREFIRE": 1,
        "PREFIRE_STATUS": "prefire",
        "TILE_Z": 17,
        "TILE_X": 21040,
        "TILE_Y": 50982,
        "TILEXYZ": [
          17,
          21040,
          50982
        ],
        "OUTPUT_FILE": "/Users/maples/GitHub/mortalitree_testing/notebooks/single_tiles/prefire/17/21040/50982.geojson",
        "OUTPUT_STATUS_DIR": "prefire",
        "FEATURE_COUNT": 176
      },
      "geometry": {
        "type": "Polygon",
        "coordinates": [
          [
            [
              -122.21107413709254,
              37.07692754968816
            ],
            [
              -122.21102491022219,
              37.07692722222651
            ],
            [
              -122.21102536433453,
              37.07688339667344
            ],
            [
              -122.21107459117657,
              37.07688372413457
            ],
            [
              -122.21107413709254,
              37.07692754968816
            ]
          ]
        ]
      }
    },
    {
      "id": "774",
      "type": "Feature",
      "properties": {
        "id": null,
        "SOURCE_FILE": "/Users/maples/GitHub/mortalitree_testing/labels/izzyip_mortalitree_prefire_labels.geojson",
        "SUNETID": "izzyip",
        "FIRENAME": "CZU AUG LIGHTNING",
        "FIRE_SLUG": "CZU_AUG_LIGHTNING",
        "PREFIRE": 1,
        "PREFIRE_STATUS": "prefire",
        "TILE_Z": 17,
        "TILE_X": 21040,
        "TILE_Y": 50982,
        "TILEXYZ": [
          17,
          21040,
          50982
        ],
        "OUTPUT_FILE": "/Users/maples/GitHub/mortalitree_testing/notebooks/single_tiles/prefire/17/21040/50982.geojson",
        "OUTPUT_STATUS_DIR": "prefire",
        "FEATURE_COUNT": 176
      },
      "geometry": {
        "type": "Polygon",
        "coordinates": [
          [
            [
              -122.21116707578007,
              37.07693255072652
            ],
            [
              -122.2110795613367,
              37.07693196862686
            ],
            [
              -122.21108006082574,
              37.07688376051787
            ],
            [
              -122.21116757521368,
              37.07688434261653
            ],
            [
              -122.21116707578007,
              37.07693255072652
            ]
          ]
        ]
      }
    },
    {
      "id": "775",
      "type": "Feature",
      "properties": {
        "id": null,
        "SOURCE_FILE": "/Users/maples/GitHub/mortalitree_testing/labels/izzyip_mortalitree_prefire_labels.geojson",
        "SUNETID": "izzyip",
        "FIRENAME": "CZU AUG LIGHTNING",
        "FIRE_SLUG": "CZU_AUG_LIGHTNING",
        "PREFIRE": 1,
        "PREFIRE_STATUS": "prefire",
        "TILE_Z": 17,
        "TILE_X": 21040,
        "TILE_Y": 50982,
        "TILEXYZ": [
          17,
          21040,
          50982
        ],
        "OUTPUT_FILE": "/Users/maples/GitHub/mortalitree_testing/notebooks/single_tiles/prefire/17/21040/50982.geojson",
        "OUTPUT_STATUS_DIR": "prefire",
        "FEATURE_COUNT": 176
      },
      "geometry": {
        "type": "Polygon",
        "coordinates": [
          [
            [
              -122.2111363797236,
              37.076991515134694
            ],
            [
              -122.2110598045268,
              37.07699100578053
            ],
            [
              -122.2110603040294,
              37.07694279767226
            ],
            [
              -122.21113687917774,
              37.07694330702555
            ],
            [
              -122.2111363797236,
              37.076991515134694
            ]
          ]
        ]
      }
    },
    {
      "id": "776",
      "type": "Feature",
      "properties": {
        "id": null,
        "SOURCE_FILE": "/Users/maples/GitHub/mortalitree_testing/labels/izzyip_mortalitree_prefire_labels.geojson",
        "SUNETID": "izzyip",
        "FIRENAME": "CZU AUG LIGHTNING",
        "FIRE_SLUG": "CZU_AUG_LIGHTNING",
        "PREFIRE": 1,
        "PREFIRE_STATUS": "prefire",
        "TILE_Z": 17,
        "TILE_X": 21040,
        "TILE_Y": 50982,
        "TILEXYZ": [
          17,
          21040,
          50982
        ],
        "OUTPUT_FILE": "/Users/maples/GitHub/mortalitree_testing/notebooks/single_tiles/prefire/17/21040/50982.geojson",
        "OUTPUT_STATUS_DIR": "prefire",
        "FEATURE_COUNT": 176
      },
      "geometry": {
        "type": "Polygon",
        "coordinates": [
          [
            [
              -122.21086127486684,
              37.0768823049888
            ],
            [
              -122.21074641224472,
              37.07688154067448
            ],
            [
              -122.2107470936522,
              37.076815802348676
            ],
            [
              -122.21086195617517,
              37.076816566661165
            ],
            [
              -122.21086127486684,
              37.0768823049888
            ]
          ]
        ]
      }
    },
    {
      "id": "777",
      "type": "Feature",
      "properties": {
        "id": null,
        "SOURCE_FILE": "/Users/maples/GitHub/mortalitree_testing/labels/izzyip_mortalitree_prefire_labels.geojson",
        "SUNETID": "izzyip",
        "FIRENAME": "CZU AUG LIGHTNING",
        "FIRE_SLUG": "CZU_AUG_LIGHTNING",
        "PREFIRE": 1,
        "PREFIRE_STATUS": "prefire",
        "TILE_Z": 17,
        "TILE_X": 21040,
        "TILE_Y": 50982,
        "TILEXYZ": [
          17,
          21040,
          50982
        ],
        "OUTPUT_FILE": "/Users/maples/GitHub/mortalitree_testing/notebooks/single_tiles/prefire/17/21040/50982.geojson",
        "OUTPUT_STATUS_DIR": "prefire",
        "FEATURE_COUNT": 176
      },
      "geometry": {
        "type": "Polygon",
        "coordinates": [
          [
            [
              -122.21091022919929,
              37.07690892784917
            ],
            [
              -122.21085006304158,
              37.07690852753252
            ],
            [
              -122.21085056267547,
              37.07686031942601
            ],
            [
              -122.21091072879508,
              37.076860719741966
            ],
            [
              -122.21091022919929,
              37.07690892784917
            ]
          ]
        ]
      }
    },
    {
      "id": "778",
      "type": "Feature",
      "properties": {
        "id": null,
        "SOURCE_FILE": "/Users/maples/GitHub/mortalitree_testing/labels/izzyip_mortalitree_prefire_labels.geojson",
        "SUNETID": "izzyip",
        "FIRENAME": "CZU AUG LIGHTNING",
        "FIRE_SLUG": "CZU_AUG_LIGHTNING",
        "PREFIRE": 1,
        "PREFIRE_STATUS": "prefire",
        "TILE_Z": 17,
        "TILE_X": 21040,
        "TILE_Y": 50982,
        "TILEXYZ": [
          17,
          21040,
          50982
        ],
        "OUTPUT_FILE": "/Users/maples/GitHub/mortalitree_testing/notebooks/single_tiles/prefire/17/21040/50982.geojson",
        "OUTPUT_STATUS_DIR": "prefire",
        "FEATURE_COUNT": 176
      },
      "geometry": {
        "type": "Polygon",
        "coordinates": [
          [
            [
              -122.21097704577171,
              37.076795418085794
            ],
            [
              -122.21090594041762,
              37.07679494502231
            ],
            [
              -122.21090657626748,
              37.0767335892483
            ],
            [
              -122.21097768156429,
              37.07673406231074
            ],
            [
              -122.21097704577171,
              37.076795418085794
            ]
          ]
        ]
      }
    },
    {
      "id": "779",
      "type": "Feature",
      "properties": {
        "id": null,
        "SOURCE_FILE": "/Users/maples/GitHub/mortalitree_testing/labels/izzyip_mortalitree_prefire_labels.geojson",
        "SUNETID": "izzyip",
        "FIRENAME": "CZU AUG LIGHTNING",
        "FIRE_SLUG": "CZU_AUG_LIGHTNING",
        "PREFIRE": 1,
        "PREFIRE_STATUS": "prefire",
        "TILE_Z": 17,
        "TILE_X": 21040,
        "TILE_Y": 50982,
        "TILEXYZ": [
          17,
          21040,
          50982
        ],
        "OUTPUT_FILE": "/Users/maples/GitHub/mortalitree_testing/notebooks/single_tiles/prefire/17/21040/50982.geojson",
        "OUTPUT_STATUS_DIR": "prefire",
        "FEATURE_COUNT": 176
      },
      "geometry": {
        "type": "Polygon",
        "coordinates": [
          [
            [
              -122.21046727840722,
              37.07689721423847
            ],
            [
              -122.2103469461244,
              37.07689641312548
            ],
            [
              -122.21034767332722,
              37.07682629225152
            ],
            [
              -122.21046800549922,
              37.07682709336249
            ],
            [
              -122.21046727840722,
              37.07689721423847
            ]
          ]
        ]
      }
    },
    {
      "id": "780",
      "type": "Feature",
      "properties": {
        "id": null,
        "SOURCE_FILE": "/Users/maples/GitHub/mortalitree_testing/labels/izzyip_mortalitree_prefire_labels.geojson",
        "SUNETID": "izzyip",
        "FIRENAME": "CZU AUG LIGHTNING",
        "FIRE_SLUG": "CZU_AUG_LIGHTNING",
        "PREFIRE": 1,
        "PREFIRE_STATUS": "prefire",
        "TILE_Z": 17,
        "TILE_X": 21040,
        "TILE_Y": 50982,
        "TILEXYZ": [
          17,
          21040,
          50982
        ],
        "OUTPUT_FILE": "/Users/maples/GitHub/mortalitree_testing/notebooks/single_tiles/prefire/17/21040/50982.geojson",
        "OUTPUT_STATUS_DIR": "prefire",
        "FEATURE_COUNT": 176
      },
      "geometry": {
        "type": "Polygon",
        "coordinates": [
          [
            [
              -122.21047901295164,
              37.07682059235252
            ],
            [
              -122.21040243793885,
              37.07682008257593
            ],
            [
              -122.21040302874819,
              37.0767631093644
            ],
            [
              -122.21047960370367,
              37.07676361913994
            ],
            [
              -122.21047901295164,
              37.07682059235252
            ]
          ]
        ]
      }
    },
    {
      "id": "781",
      "type": "Feature",
      "properties": {
        "id": null,
        "SOURCE_FILE": "/Users/maples/GitHub/mortalitree_testing/labels/izzyip_mortalitree_prefire_labels.geojson",
        "SUNETID": "izzyip",
        "FIRENAME": "CZU AUG LIGHTNING",
        "FIRE_SLUG": "CZU_AUG_LIGHTNING",
        "PREFIRE": 1,
        "PREFIRE_STATUS": "prefire",
        "TILE_Z": 17,
        "TILE_X": 21040,
        "TILE_Y": 50982,
        "TILEXYZ": [
          17,
          21040,
          50982
        ],
        "OUTPUT_FILE": "/Users/maples/GitHub/mortalitree_testing/notebooks/single_tiles/prefire/17/21040/50982.geojson",
        "OUTPUT_STATUS_DIR": "prefire",
        "FEATURE_COUNT": 176
      },
      "geometry": {
        "type": "Polygon",
        "coordinates": [
          [
            [
              -122.21150376433506,
              37.07611300375839
            ],
            [
              -122.21143812920339,
              37.07611256738421
            ],
            [
              -122.21143849229237,
              37.076077506933466
            ],
            [
              -122.21150412739384,
              37.0760779433071
            ],
            [
              -122.21150376433506,
              37.07611300375839
            ]
          ]
        ]
      }
    },
    {
      "id": "782",
      "type": "Feature",
      "properties": {
        "id": null,
        "SOURCE_FILE": "/Users/maples/GitHub/mortalitree_testing/labels/izzyip_mortalitree_prefire_labels.geojson",
        "SUNETID": "izzyip",
        "FIRENAME": "CZU AUG LIGHTNING",
        "FIRE_SLUG": "CZU_AUG_LIGHTNING",
        "PREFIRE": 1,
        "PREFIRE_STATUS": "prefire",
        "TILE_Z": 17,
        "TILE_X": 21040,
        "TILE_Y": 50982,
        "TILEXYZ": [
          17,
          21040,
          50982
        ],
        "OUTPUT_FILE": "/Users/maples/GitHub/mortalitree_testing/notebooks/single_tiles/prefire/17/21040/50982.geojson",
        "OUTPUT_STATUS_DIR": "prefire",
        "FEATURE_COUNT": 176
      },
      "geometry": {
        "type": "Polygon",
        "coordinates": [
          [
            [
              -122.21096939623912,
              37.07700574434992
            ],
            [
              -122.21089282103111,
              37.07700523488776
            ],
            [
              -122.21089341147747,
              37.076948261671276
            ],
            [
              -122.21096998662821,
              37.07694877113237
            ],
            [
              -122.21096939623912,
              37.07700574434992
            ]
          ]
        ]
      }
    },
    {
      "id": "783",
      "type": "Feature",
      "properties": {
        "id": null,
        "SOURCE_FILE": "/Users/maples/GitHub/mortalitree_testing/labels/izzyip_mortalitree_prefire_labels.geojson",
        "SUNETID": "izzyip",
        "FIRENAME": "CZU AUG LIGHTNING",
        "FIRE_SLUG": "CZU_AUG_LIGHTNING",
        "PREFIRE": 1,
        "PREFIRE_STATUS": "prefire",
        "TILE_Z": 17,
        "TILE_X": 21040,
        "TILE_Y": 50982,
        "TILEXYZ": [
          17,
          21040,
          50982
        ],
        "OUTPUT_FILE": "/Users/maples/GitHub/mortalitree_testing/notebooks/single_tiles/prefire/17/21040/50982.geojson",
        "OUTPUT_STATUS_DIR": "prefire",
        "FEATURE_COUNT": 176
      },
      "geometry": {
        "type": "Polygon",
        "coordinates": [
          [
            [
              -122.21088423047863,
              37.0770424320177
            ],
            [
              -122.21078577659466,
              37.077041776914605
            ],
            [
              -122.21078641254704,
              37.076980421144945
            ],
            [
              -122.21088486635166,
              37.07698107624659
            ],
            [
              -122.21088423047863,
              37.0770424320177
            ]
          ]
        ]
      }
    },
    {
      "id": "784",
      "type": "Feature",
      "properties": {
        "id": null,
        "SOURCE_FILE": "/Users/maples/GitHub/mortalitree_testing/labels/izzyip_mortalitree_prefire_labels.geojson",
        "SUNETID": "izzyip",
        "FIRENAME": "CZU AUG LIGHTNING",
        "FIRE_SLUG": "CZU_AUG_LIGHTNING",
        "PREFIRE": 1,
        "PREFIRE_STATUS": "prefire",
        "TILE_Z": 17,
        "TILE_X": 21040,
        "TILE_Y": 50982,
        "TILEXYZ": [
          17,
          21040,
          50982
        ],
        "OUTPUT_FILE": "/Users/maples/GitHub/mortalitree_testing/notebooks/single_tiles/prefire/17/21040/50982.geojson",
        "OUTPUT_STATUS_DIR": "prefire",
        "FEATURE_COUNT": 176
      },
      "geometry": {
        "type": "Polygon",
        "coordinates": [
          [
            [
              -122.21078623084655,
              37.076997951364916
            ],
            [
              -122.21070965564975,
              37.076997441784606
            ],
            [
              -122.2107102916624,
              37.076936086015614
            ],
            [
              -122.21078686679752,
              37.0769365955948
            ],
            [
              -122.21078623084655,
              37.076997951364916
            ]
          ]
        ]
      }
    },
    {
      "id": "785",
      "type": "Feature",
      "properties": {
        "id": null,
        "SOURCE_FILE": "/Users/maples/GitHub/mortalitree_testing/labels/izzyip_mortalitree_prefire_labels.geojson",
        "SUNETID": "izzyip",
        "FIRENAME": "CZU AUG LIGHTNING",
        "FIRE_SLUG": "CZU_AUG_LIGHTNING",
        "PREFIRE": 1,
        "PREFIRE_STATUS": "prefire",
        "TILE_Z": 17,
        "TILE_X": 21040,
        "TILE_Y": 50982,
        "TILEXYZ": [
          17,
          21040,
          50982
        ],
        "OUTPUT_FILE": "/Users/maples/GitHub/mortalitree_testing/notebooks/single_tiles/prefire/17/21040/50982.geojson",
        "OUTPUT_STATUS_DIR": "prefire",
        "FEATURE_COUNT": 176
      },
      "geometry": {
        "type": "Polygon",
        "coordinates": [
          [
            [
              -122.21017542500374,
              37.076820762439276
            ],
            [
              -122.21003868392056,
              37.07681985173928
            ],
            [
              -122.21003932046975,
              37.07675849597836
            ],
            [
              -122.21017606144278,
              37.07675940667635
            ],
            [
              -122.21017542500374,
              37.076820762439276
            ]
          ]
        ]
      }
    },
    {
      "id": "786",
      "type": "Feature",
      "properties": {
        "id": null,
        "SOURCE_FILE": "/Users/maples/GitHub/mortalitree_testing/labels/izzyip_mortalitree_prefire_labels.geojson",
        "SUNETID": "izzyip",
        "FIRENAME": "CZU AUG LIGHTNING",
        "FIRE_SLUG": "CZU_AUG_LIGHTNING",
        "PREFIRE": 1,
        "PREFIRE_STATUS": "prefire",
        "TILE_Z": 17,
        "TILE_X": 21040,
        "TILE_Y": 50982,
        "TILEXYZ": [
          17,
          21040,
          50982
        ],
        "OUTPUT_FILE": "/Users/maples/GitHub/mortalitree_testing/notebooks/single_tiles/prefire/17/21040/50982.geojson",
        "OUTPUT_STATUS_DIR": "prefire",
        "FEATURE_COUNT": 176
      },
      "geometry": {
        "type": "Polygon",
        "coordinates": [
          [
            [
              -122.21025872718172,
              37.0769637600156
            ],
            [
              -122.21011651618542,
              37.07696281298108
            ],
            [
              -122.21011756184619,
              37.07686201423123
            ],
            [
              -122.2102597726543,
              37.07686296126231
            ],
            [
              -122.21025872718172,
              37.0769637600156
            ]
          ]
        ]
      }
    },
    {
      "id": "787",
      "type": "Feature",
      "properties": {
        "id": null,
        "SOURCE_FILE": "/Users/maples/GitHub/mortalitree_testing/labels/izzyip_mortalitree_prefire_labels.geojson",
        "SUNETID": "izzyip",
        "FIRENAME": "CZU AUG LIGHTNING",
        "FIRE_SLUG": "CZU_AUG_LIGHTNING",
        "PREFIRE": 1,
        "PREFIRE_STATUS": "prefire",
        "TILE_Z": 17,
        "TILE_X": 21040,
        "TILE_Y": 50982,
        "TILEXYZ": [
          17,
          21040,
          50982
        ],
        "OUTPUT_FILE": "/Users/maples/GitHub/mortalitree_testing/notebooks/single_tiles/prefire/17/21040/50982.geojson",
        "OUTPUT_STATUS_DIR": "prefire",
        "FEATURE_COUNT": 176
      },
      "geometry": {
        "type": "Polygon",
        "coordinates": [
          [
            [
              -122.21026898466611,
              37.077029571173945
            ],
            [
              -122.21016506115501,
              37.07702887913498
            ],
            [
              -122.21016569760721,
              37.07696752337437
            ],
            [
              -122.2102696210346,
              37.0769682154118
            ],
            [
              -122.21026898466611,
              37.077029571173945
            ]
          ]
        ]
      }
    },
    {
      "id": "788",
      "type": "Feature",
      "properties": {
        "id": null,
        "SOURCE_FILE": "/Users/maples/GitHub/mortalitree_testing/labels/izzyip_mortalitree_prefire_labels.geojson",
        "SUNETID": "izzyip",
        "FIRENAME": "CZU AUG LIGHTNING",
        "FIRE_SLUG": "CZU_AUG_LIGHTNING",
        "PREFIRE": 1,
        "PREFIRE_STATUS": "prefire",
        "TILE_Z": 17,
        "TILE_X": 21040,
        "TILE_Y": 50982,
        "TILEXYZ": [
          17,
          21040,
          50982
        ],
        "OUTPUT_FILE": "/Users/maples/GitHub/mortalitree_testing/notebooks/single_tiles/prefire/17/21040/50982.geojson",
        "OUTPUT_STATUS_DIR": "prefire",
        "FEATURE_COUNT": 176
      },
      "geometry": {
        "type": "Polygon",
        "coordinates": [
          [
            [
              -122.21051447664745,
              37.07709319175443
            ],
            [
              -122.21037772562356,
              37.07709319175443
            ],
            [
              -122.21037849146117,
              37.07701934315131
            ],
            [
              -122.2105152329138,
              37.077020253463736
            ],
            [
              -122.21051447664745,
              37.07709319175443
            ]
          ]
        ]
      }
    },
    {
      "id": "789",
      "type": "Feature",
      "properties": {
        "id": null,
        "SOURCE_FILE": "/Users/maples/GitHub/mortalitree_testing/labels/izzyip_mortalitree_prefire_labels.geojson",
        "SUNETID": "izzyip",
        "FIRENAME": "CZU AUG LIGHTNING",
        "FIRE_SLUG": "CZU_AUG_LIGHTNING",
        "PREFIRE": 1,
        "PREFIRE_STATUS": "prefire",
        "TILE_Z": 17,
        "TILE_X": 21040,
        "TILE_Y": 50982,
        "TILEXYZ": [
          17,
          21040,
          50982
        ],
        "OUTPUT_FILE": "/Users/maples/GitHub/mortalitree_testing/notebooks/single_tiles/prefire/17/21040/50982.geojson",
        "OUTPUT_STATUS_DIR": "prefire",
        "FEATURE_COUNT": 176
      },
      "geometry": {
        "type": "Polygon",
        "coordinates": [
          [
            [
              -122.21062428532149,
              37.07705385076107
            ],
            [
              -122.21050395278658,
              37.07705304980448
            ],
            [
              -122.21050477073153,
              37.07697416382032
            ],
            [
              -122.21062510314181,
              37.07697496477462
            ],
            [
              -122.21062428532149,
              37.07705385076107
            ]
          ]
        ]
      }
    },
    {
      "id": "790",
      "type": "Feature",
      "properties": {
        "id": null,
        "SOURCE_FILE": "/Users/maples/GitHub/mortalitree_testing/labels/izzyip_mortalitree_prefire_labels.geojson",
        "SUNETID": "izzyip",
        "FIRENAME": "CZU AUG LIGHTNING",
        "FIRE_SLUG": "CZU_AUG_LIGHTNING",
        "PREFIRE": 1,
        "PREFIRE_STATUS": "prefire",
        "TILE_Z": 17,
        "TILE_X": 21040,
        "TILE_Y": 50982,
        "TILEXYZ": [
          17,
          21040,
          50982
        ],
        "OUTPUT_FILE": "/Users/maples/GitHub/mortalitree_testing/notebooks/single_tiles/prefire/17/21040/50982.geojson",
        "OUTPUT_STATUS_DIR": "prefire",
        "FEATURE_COUNT": 176
      },
      "geometry": {
        "type": "Polygon",
        "coordinates": [
          [
            [
              -122.21008638762554,
              37.07696699517929
            ],
            [
              -122.20994417662911,
              37.07696604793807
            ],
            [
              -122.20994540441136,
              37.07684771897566
            ],
            [
              -122.21008761518685,
              37.07684866621283
            ],
            [
              -122.21008638762554,
              37.07696699517929
            ]
          ]
        ]
      }
    },
    {
      "id": "791",
      "type": "Feature",
      "properties": {
        "id": null,
        "SOURCE_FILE": "/Users/maples/GitHub/mortalitree_testing/labels/izzyip_mortalitree_prefire_labels.geojson",
        "SUNETID": "izzyip",
        "FIRENAME": "CZU AUG LIGHTNING",
        "FIRE_SLUG": "CZU_AUG_LIGHTNING",
        "PREFIRE": 1,
        "PREFIRE_STATUS": "prefire",
        "TILE_Z": 17,
        "TILE_X": 21040,
        "TILE_Y": 50982,
        "TILEXYZ": [
          17,
          21040,
          50982
        ],
        "OUTPUT_FILE": "/Users/maples/GitHub/mortalitree_testing/notebooks/single_tiles/prefire/17/21040/50982.geojson",
        "OUTPUT_STATUS_DIR": "prefire",
        "FEATURE_COUNT": 176
      },
      "geometry": {
        "type": "Polygon",
        "coordinates": [
          [
            [
              -122.209948895973,
              37.077038396516194
            ],
            [
              -122.20978480621389,
              37.07703730333843
            ],
            [
              -122.2097862616597,
              37.07689706161201
            ],
            [
              -122.20995035111666,
              37.076898154784246
            ],
            [
              -122.209948895973,
              37.077038396516194
            ]
          ]
        ]
      }
    },
    {
      "id": "792",
      "type": "Feature",
      "properties": {
        "id": null,
        "SOURCE_FILE": "/Users/maples/GitHub/mortalitree_testing/labels/izzyip_mortalitree_prefire_labels.geojson",
        "SUNETID": "izzyip",
        "FIRENAME": "CZU AUG LIGHTNING",
        "FIRE_SLUG": "CZU_AUG_LIGHTNING",
        "PREFIRE": 1,
        "PREFIRE_STATUS": "prefire",
        "TILE_Z": 17,
        "TILE_X": 21040,
        "TILE_Y": 50982,
        "TILEXYZ": [
          17,
          21040,
          50982
        ],
        "OUTPUT_FILE": "/Users/maples/GitHub/mortalitree_testing/notebooks/single_tiles/prefire/17/21040/50982.geojson",
        "OUTPUT_STATUS_DIR": "prefire",
        "FEATURE_COUNT": 176
      },
      "geometry": {
        "type": "Polygon",
        "coordinates": [
          [
            [
              -122.20965093605545,
              37.07702326274693
            ],
            [
              -122.20953060359717,
              37.07702246080341
            ],
            [
              -122.20953151354409,
              37.076934809729956
            ],
            [
              -122.20965184586392,
              37.07693561167094
            ],
            [
              -122.20965093605545,
              37.07702326274693
            ]
          ]
        ]
      }
    },
    {
      "id": "793",
      "type": "Feature",
      "properties": {
        "id": null,
        "SOURCE_FILE": "/Users/maples/GitHub/mortalitree_testing/labels/izzyip_mortalitree_prefire_labels.geojson",
        "SUNETID": "izzyip",
        "FIRENAME": "CZU AUG LIGHTNING",
        "FIRE_SLUG": "CZU_AUG_LIGHTNING",
        "PREFIRE": 1,
        "PREFIRE_STATUS": "prefire",
        "TILE_Z": 17,
        "TILE_X": 21040,
        "TILE_Y": 50982,
        "TILEXYZ": [
          17,
          21040,
          50982
        ],
        "OUTPUT_FILE": "/Users/maples/GitHub/mortalitree_testing/notebooks/single_tiles/prefire/17/21040/50982.geojson",
        "OUTPUT_STATUS_DIR": "prefire",
        "FEATURE_COUNT": 176
      },
      "geometry": {
        "type": "Polygon",
        "coordinates": [
          [
            [
              -122.20949432283318,
              37.07709234469941
            ],
            [
              -122.20936852060844,
              37.07709150613358
            ],
            [
              -122.20936956726425,
              37.076990707404114
            ],
            [
              -122.2094953693225,
              37.0769915459669
            ],
            [
              -122.20949432283318,
              37.07709234469941
            ]
          ]
        ]
      }
    },
    {
      "id": "794",
      "type": "Feature",
      "properties": {
        "id": null,
        "SOURCE_FILE": "/Users/maples/GitHub/mortalitree_testing/labels/izzyip_mortalitree_prefire_labels.geojson",
        "SUNETID": "izzyip",
        "FIRENAME": "CZU AUG LIGHTNING",
        "FIRE_SLUG": "CZU_AUG_LIGHTNING",
        "PREFIRE": 1,
        "PREFIRE_STATUS": "prefire",
        "TILE_Z": 17,
        "TILE_X": 21040,
        "TILE_Y": 50982,
        "TILEXYZ": [
          17,
          21040,
          50982
        ],
        "OUTPUT_FILE": "/Users/maples/GitHub/mortalitree_testing/notebooks/single_tiles/prefire/17/21040/50982.geojson",
        "OUTPUT_STATUS_DIR": "prefire",
        "FEATURE_COUNT": 176
      },
      "geometry": {
        "type": "Polygon",
        "coordinates": [
          [
            [
              -122.20948857533226,
              37.07685563211838
            ],
            [
              -122.20936277349877,
              37.07685479355102
            ],
            [
              -122.20936359262006,
              37.07677590758594
            ],
            [
              -122.20948939432328,
              37.07677674615093
            ],
            [
              -122.20948857533226,
              37.07685563211838
            ]
          ]
        ]
      }
    },
    {
      "id": "795",
      "type": "Feature",
      "properties": {
        "id": null,
        "SOURCE_FILE": "/Users/maples/GitHub/mortalitree_testing/labels/izzyip_mortalitree_prefire_labels.geojson",
        "SUNETID": "izzyip",
        "FIRENAME": "CZU AUG LIGHTNING",
        "FIRE_SLUG": "CZU_AUG_LIGHTNING",
        "PREFIRE": 1,
        "PREFIRE_STATUS": "prefire",
        "TILE_Z": 17,
        "TILE_X": 21040,
        "TILE_Y": 50982,
        "TILEXYZ": [
          17,
          21040,
          50982
        ],
        "OUTPUT_FILE": "/Users/maples/GitHub/mortalitree_testing/notebooks/single_tiles/prefire/17/21040/50982.geojson",
        "OUTPUT_STATUS_DIR": "prefire",
        "FEATURE_COUNT": 176
      },
      "geometry": {
        "type": "Polygon",
        "coordinates": [
          [
            [
              -122.20968946830214,
              37.076736442380195
            ],
            [
              -122.20954178811341,
              37.076735458214216
            ],
            [
              -122.20954319849486,
              37.07659959904285
            ],
            [
              -122.20969087842015,
              37.07660058320401
            ],
            [
              -122.20968946830214,
              37.076736442380195
            ]
          ]
        ]
      }
    },
    {
      "id": "796",
      "type": "Feature",
      "properties": {
        "id": null,
        "SOURCE_FILE": "/Users/maples/GitHub/mortalitree_testing/labels/izzyip_mortalitree_prefire_labels.geojson",
        "SUNETID": "izzyip",
        "FIRENAME": "CZU AUG LIGHTNING",
        "FIRE_SLUG": "CZU_AUG_LIGHTNING",
        "PREFIRE": 1,
        "PREFIRE_STATUS": "prefire",
        "TILE_Z": 17,
        "TILE_X": 21040,
        "TILE_Y": 50982,
        "TILEXYZ": [
          17,
          21040,
          50982
        ],
        "OUTPUT_FILE": "/Users/maples/GitHub/mortalitree_testing/notebooks/single_tiles/prefire/17/21040/50982.geojson",
        "OUTPUT_STATUS_DIR": "prefire",
        "FEATURE_COUNT": 176
      },
      "geometry": {
        "type": "Polygon",
        "coordinates": [
          [
            [
              -122.20943572640259,
              37.07694074556561
            ],
            [
              -122.20933727268452,
              37.07694008926168
            ],
            [
              -122.20933800081825,
              37.07686996840532
            ],
            [
              -122.20943645444565,
              37.076870624707574
            ],
            [
              -122.20943572640259,
              37.07694074556561
            ]
          ]
        ]
      }
    },
    {
      "id": "797",
      "type": "Feature",
      "properties": {
        "id": null,
        "SOURCE_FILE": "/Users/maples/GitHub/mortalitree_testing/labels/izzyip_mortalitree_prefire_labels.geojson",
        "SUNETID": "izzyip",
        "FIRENAME": "CZU AUG LIGHTNING",
        "FIRE_SLUG": "CZU_AUG_LIGHTNING",
        "PREFIRE": 1,
        "PREFIRE_STATUS": "prefire",
        "TILE_Z": 17,
        "TILE_X": 21040,
        "TILE_Y": 50982,
        "TILEXYZ": [
          17,
          21040,
          50982
        ],
        "OUTPUT_FILE": "/Users/maples/GitHub/mortalitree_testing/notebooks/single_tiles/prefire/17/21040/50982.geojson",
        "OUTPUT_STATUS_DIR": "prefire",
        "FEATURE_COUNT": 176
      },
      "geometry": {
        "type": "Polygon",
        "coordinates": [
          [
            [
              -122.20954531911313,
              37.076658781748016
            ],
            [
              -122.20943592649543,
              37.07665805262218
            ],
            [
              -122.209436700033,
              37.076583549206944
            ],
            [
              -122.2095460925437,
              37.07658427833082
            ],
            [
              -122.20954531911313,
              37.076658781748016
            ]
          ]
        ]
      }
    },
    {
      "id": "798",
      "type": "Feature",
      "properties": {
        "id": null,
        "SOURCE_FILE": "/Users/maples/GitHub/mortalitree_testing/labels/izzyip_mortalitree_prefire_labels.geojson",
        "SUNETID": "izzyip",
        "FIRENAME": "CZU AUG LIGHTNING",
        "FIRE_SLUG": "CZU_AUG_LIGHTNING",
        "PREFIRE": 1,
        "PREFIRE_STATUS": "prefire",
        "TILE_Z": 17,
        "TILE_X": 21040,
        "TILE_Y": 50982,
        "TILEXYZ": [
          17,
          21040,
          50982
        ],
        "OUTPUT_FILE": "/Users/maples/GitHub/mortalitree_testing/notebooks/single_tiles/prefire/17/21040/50982.geojson",
        "OUTPUT_STATUS_DIR": "prefire",
        "FEATURE_COUNT": 176
      },
      "geometry": {
        "type": "Polygon",
        "coordinates": [
          [
            [
              -122.20961992716441,
              37.076321798957984
            ],
            [
              -122.2095542918826,
              37.07632136153926
            ],
            [
              -122.2095548833158,
              37.07626438833459
            ],
            [
              -122.20962051854853,
              37.07626482575242
            ],
            [
              -122.20961992716441,
              37.076321798957984
            ]
          ]
        ]
      }
    },
    {
      "id": "799",
      "type": "Feature",
      "properties": {
        "id": null,
        "SOURCE_FILE": "/Users/maples/GitHub/mortalitree_testing/labels/izzyip_mortalitree_prefire_labels.geojson",
        "SUNETID": "izzyip",
        "FIRENAME": "CZU AUG LIGHTNING",
        "FIRE_SLUG": "CZU_AUG_LIGHTNING",
        "PREFIRE": 1,
        "PREFIRE_STATUS": "prefire",
        "TILE_Z": 17,
        "TILE_X": 21040,
        "TILE_Y": 50982,
        "TILEXYZ": [
          17,
          21040,
          50982
        ],
        "OUTPUT_FILE": "/Users/maples/GitHub/mortalitree_testing/notebooks/single_tiles/prefire/17/21040/50982.geojson",
        "OUTPUT_STATUS_DIR": "prefire",
        "FEATURE_COUNT": 176
      },
      "geometry": {
        "type": "Polygon",
        "coordinates": [
          [
            [
              -122.20968882035349,
              37.07627185518892
            ],
            [
              -122.20964506352675,
              37.07627156360622
            ],
            [
              -122.20964515450598,
              37.076262798497574
            ],
            [
              -122.20968891132766,
              37.076263090080175
            ],
            [
              -122.20968882035349,
              37.07627185518892
            ]
          ]
        ]
      }
    },
    {
      "id": "800",
      "type": "Feature",
      "properties": {
        "id": null,
        "SOURCE_FILE": "/Users/maples/GitHub/mortalitree_testing/labels/izzyip_mortalitree_prefire_labels.geojson",
        "SUNETID": "izzyip",
        "FIRENAME": "CZU AUG LIGHTNING",
        "FIRE_SLUG": "CZU_AUG_LIGHTNING",
        "PREFIRE": 1,
        "PREFIRE_STATUS": "prefire",
        "TILE_Z": 17,
        "TILE_X": 21040,
        "TILE_Y": 50982,
        "TILEXYZ": [
          17,
          21040,
          50982
        ],
        "OUTPUT_FILE": "/Users/maples/GitHub/mortalitree_testing/notebooks/single_tiles/prefire/17/21040/50982.geojson",
        "OUTPUT_STATUS_DIR": "prefire",
        "FEATURE_COUNT": 176
      },
      "geometry": {
        "type": "Polygon",
        "coordinates": [
          [
            [
              -122.20970753184791,
              37.07631361701775
            ],
            [
              -122.20964736617806,
              37.07631321609649
            ],
            [
              -122.2096476846047,
              37.0762825382164
            ],
            [
              -122.20970785025034,
              37.07628293913722
            ],
            [
              -122.20970753184791,
              37.07631361701775
            ]
          ]
        ]
      }
    },
    {
      "id": "801",
      "type": "Feature",
      "properties": {
        "id": null,
        "SOURCE_FILE": "/Users/maples/GitHub/mortalitree_testing/labels/izzyip_mortalitree_prefire_labels.geojson",
        "SUNETID": "izzyip",
        "FIRENAME": "CZU AUG LIGHTNING",
        "FIRE_SLUG": "CZU_AUG_LIGHTNING",
        "PREFIRE": 1,
        "PREFIRE_STATUS": "prefire",
        "TILE_Z": 17,
        "TILE_X": 21040,
        "TILE_Y": 50982,
        "TILEXYZ": [
          17,
          21040,
          50982
        ],
        "OUTPUT_FILE": "/Users/maples/GitHub/mortalitree_testing/notebooks/single_tiles/prefire/17/21040/50982.geojson",
        "OUTPUT_STATUS_DIR": "prefire",
        "FEATURE_COUNT": 176
      },
      "geometry": {
        "type": "Polygon",
        "coordinates": [
          [
            [
              -122.20934854892604,
              37.07664432158772
            ],
            [
              -122.20925009559332,
              37.0766436652159
            ],
            [
              -122.20925096033787,
              37.076560396696465
            ],
            [
              -122.20934941356298,
              37.07656105306632
            ],
            [
              -122.20934854892604,
              37.07664432158772
            ]
          ]
        ]
      }
    },
    {
      "id": "802",
      "type": "Feature",
      "properties": {
        "id": null,
        "SOURCE_FILE": "/Users/maples/GitHub/mortalitree_testing/labels/izzyip_mortalitree_prefire_labels.geojson",
        "SUNETID": "izzyip",
        "FIRENAME": "CZU AUG LIGHTNING",
        "FIRE_SLUG": "CZU_AUG_LIGHTNING",
        "PREFIRE": 1,
        "PREFIRE_STATUS": "prefire",
        "TILE_Z": 17,
        "TILE_X": 21040,
        "TILE_Y": 50982,
        "TILEXYZ": [
          17,
          21040,
          50982
        ],
        "OUTPUT_FILE": "/Users/maples/GitHub/mortalitree_testing/notebooks/single_tiles/prefire/17/21040/50982.geojson",
        "OUTPUT_STATUS_DIR": "prefire",
        "FEATURE_COUNT": 176
      },
      "geometry": {
        "type": "Polygon",
        "coordinates": [
          [
            [
              -122.20944829905456,
              37.07652007509231
            ],
            [
              -122.2093279673973,
              37.076519272952474
            ],
            [
              -122.20932860451222,
              37.07645791719899
            ],
            [
              -122.20944893607255,
              37.076458719337055
            ],
            [
              -122.20944829905456,
              37.07652007509231
            ]
          ]
        ]
      }
    },
    {
      "id": "803",
      "type": "Feature",
      "properties": {
        "id": null,
        "SOURCE_FILE": "/Users/maples/GitHub/mortalitree_testing/labels/izzyip_mortalitree_prefire_labels.geojson",
        "SUNETID": "izzyip",
        "FIRENAME": "CZU AUG LIGHTNING",
        "FIRE_SLUG": "CZU_AUG_LIGHTNING",
        "PREFIRE": 1,
        "PREFIRE_STATUS": "prefire",
        "TILE_Z": 17,
        "TILE_X": 21040,
        "TILE_Y": 50982,
        "TILEXYZ": [
          17,
          21040,
          50982
        ],
        "OUTPUT_FILE": "/Users/maples/GitHub/mortalitree_testing/notebooks/single_tiles/prefire/17/21040/50982.geojson",
        "OUTPUT_STATUS_DIR": "prefire",
        "FEATURE_COUNT": 176
      },
      "geometry": {
        "type": "Polygon",
        "coordinates": [
          [
            [
              -122.2094720478481,
              37.0766035076758
            ],
            [
              -122.20938453381869,
              37.07660292432988
            ],
            [
              -122.20938530740497,
              37.07652842091488
            ],
            [
              -122.20947282134878,
              37.07652900425923
            ],
            [
              -122.2094720478481,
              37.0766035076758
            ]
          ]
        ]
      }
    },
    {
      "id": "804",
      "type": "Feature",
      "properties": {
        "id": null,
        "SOURCE_FILE": "/Users/maples/GitHub/mortalitree_testing/labels/izzyip_mortalitree_prefire_labels.geojson",
        "SUNETID": "izzyip",
        "FIRENAME": "CZU AUG LIGHTNING",
        "FIRE_SLUG": "CZU_AUG_LIGHTNING",
        "PREFIRE": 1,
        "PREFIRE_STATUS": "prefire",
        "TILE_Z": 17,
        "TILE_X": 21040,
        "TILE_Y": 50982,
        "TILEXYZ": [
          17,
          21040,
          50982
        ],
        "OUTPUT_FILE": "/Users/maples/GitHub/mortalitree_testing/notebooks/single_tiles/prefire/17/21040/50982.geojson",
        "OUTPUT_STATUS_DIR": "prefire",
        "FEATURE_COUNT": 176
      },
      "geometry": {
        "type": "Polygon",
        "coordinates": [
          [
            [
              -122.2095606537593,
              37.07649890966068
            ],
            [
              -122.20945673099018,
              37.07649821700951
            ],
            [
              -122.20945750450291,
              37.07642371359189
            ],
            [
              -122.20956142717037,
              37.0764244062412
            ],
            [
              -122.2095606537593,
              37.07649890966068
            ]
          ]
        ]
      }
    },
    {
      "id": "805",
      "type": "Feature",
      "properties": {
        "id": null,
        "SOURCE_FILE": "/Users/maples/GitHub/mortalitree_testing/labels/izzyip_mortalitree_prefire_labels.geojson",
        "SUNETID": "izzyip",
        "FIRENAME": "CZU AUG LIGHTNING",
        "FIRE_SLUG": "CZU_AUG_LIGHTNING",
        "PREFIRE": 1,
        "PREFIRE_STATUS": "prefire",
        "TILE_Z": 17,
        "TILE_X": 21040,
        "TILE_Y": 50982,
        "TILEXYZ": [
          17,
          21040,
          50982
        ],
        "OUTPUT_FILE": "/Users/maples/GitHub/mortalitree_testing/notebooks/single_tiles/prefire/17/21040/50982.geojson",
        "OUTPUT_STATUS_DIR": "prefire",
        "FEATURE_COUNT": 176
      },
      "geometry": {
        "type": "Polygon",
        "coordinates": [
          [
            [
              -122.20976103420783,
              37.076956062094986
            ],
            [
              -122.20965711080979,
              37.07695536961212
            ],
            [
              -122.20965788413926,
              37.07688086619666
            ],
            [
              -122.20976180743567,
              37.076881558677655
            ],
            [
              -122.20976103420783,
              37.076956062094986
            ]
          ]
        ]
      }
    },
    {
      "id": "806",
      "type": "Feature",
      "properties": {
        "id": null,
        "SOURCE_FILE": "/Users/maples/GitHub/mortalitree_testing/labels/izzyip_mortalitree_prefire_labels.geojson",
        "SUNETID": "izzyip",
        "FIRENAME": "CZU AUG LIGHTNING",
        "FIRE_SLUG": "CZU_AUG_LIGHTNING",
        "PREFIRE": 1,
        "PREFIRE_STATUS": "prefire",
        "TILE_Z": 17,
        "TILE_X": 21040,
        "TILE_Y": 50982,
        "TILEXYZ": [
          17,
          21040,
          50982
        ],
        "OUTPUT_FILE": "/Users/maples/GitHub/mortalitree_testing/notebooks/single_tiles/prefire/17/21040/50982.geojson",
        "OUTPUT_STATUS_DIR": "prefire",
        "FEATURE_COUNT": 176
      },
      "geometry": {
        "type": "Polygon",
        "coordinates": [
          [
            [
              -122.20988780773645,
              37.07659970385571
            ],
            [
              -122.20979482407562,
              37.07659908437453
            ],
            [
              -122.20979546081622,
              37.07653772861495
            ],
            [
              -122.20988844440215,
              37.07653834809477
            ],
            [
              -122.20988780773645,
              37.07659970385571
            ]
          ]
        ]
      }
    },
    {
      "id": "807",
      "type": "Feature",
      "properties": {
        "id": null,
        "SOURCE_FILE": "/Users/maples/GitHub/mortalitree_testing/labels/izzyip_mortalitree_prefire_labels.geojson",
        "SUNETID": "izzyip",
        "FIRENAME": "CZU AUG LIGHTNING",
        "FIRE_SLUG": "CZU_AUG_LIGHTNING",
        "PREFIRE": 1,
        "PREFIRE_STATUS": "prefire",
        "TILE_Z": 17,
        "TILE_X": 21040,
        "TILE_Y": 50982,
        "TILEXYZ": [
          17,
          21040,
          50982
        ],
        "OUTPUT_FILE": "/Users/maples/GitHub/mortalitree_testing/notebooks/single_tiles/prefire/17/21040/50982.geojson",
        "OUTPUT_STATUS_DIR": "prefire",
        "FEATURE_COUNT": 176
      },
      "geometry": {
        "type": "Polygon",
        "coordinates": [
          [
            [
              -122.20987304221823,
              37.07670479406275
            ],
            [
              -122.20974177098775,
              37.07670391946144
            ],
            [
              -122.20974277165023,
              37.076607503270466
            ],
            [
              -122.20987404271453,
              37.07660837786876
            ],
            [
              -122.20987304221823,
              37.07670479406275
            ]
          ]
        ]
      }
    },
    {
      "id": "808",
      "type": "Feature",
      "properties": {
        "id": null,
        "SOURCE_FILE": "/Users/maples/GitHub/mortalitree_testing/labels/izzyip_mortalitree_prefire_labels.geojson",
        "SUNETID": "izzyip",
        "FIRENAME": "CZU AUG LIGHTNING",
        "FIRE_SLUG": "CZU_AUG_LIGHTNING",
        "PREFIRE": 1,
        "PREFIRE_STATUS": "prefire",
        "TILE_Z": 17,
        "TILE_X": 21040,
        "TILE_Y": 50982,
        "TILEXYZ": [
          17,
          21040,
          50982
        ],
        "OUTPUT_FILE": "/Users/maples/GitHub/mortalitree_testing/notebooks/single_tiles/prefire/17/21040/50982.geojson",
        "OUTPUT_STATUS_DIR": "prefire",
        "FEATURE_COUNT": 176
      },
      "geometry": {
        "type": "Polygon",
        "coordinates": [
          [
            [
              -122.2099714047017,
              37.07671421502708
            ],
            [
              -122.20989482980528,
              37.07671370492404
            ],
            [
              -122.20989537551625,
              37.07666111427275
            ],
            [
              -122.2099719503598,
              37.07666162437485
            ],
            [
              -122.2099714047017,
              37.07671421502708
            ]
          ]
        ]
      }
    },
    {
      "id": "809",
      "type": "Feature",
      "properties": {
        "id": null,
        "SOURCE_FILE": "/Users/maples/GitHub/mortalitree_testing/labels/izzyip_mortalitree_prefire_labels.geojson",
        "SUNETID": "izzyip",
        "FIRENAME": "CZU AUG LIGHTNING",
        "FIRE_SLUG": "CZU_AUG_LIGHTNING",
        "PREFIRE": 1,
        "PREFIRE_STATUS": "prefire",
        "TILE_Z": 17,
        "TILE_X": 21040,
        "TILE_Y": 50982,
        "TILEXYZ": [
          17,
          21040,
          50982
        ],
        "OUTPUT_FILE": "/Users/maples/GitHub/mortalitree_testing/notebooks/single_tiles/prefire/17/21040/50982.geojson",
        "OUTPUT_STATUS_DIR": "prefire",
        "FEATURE_COUNT": 176
      },
      "geometry": {
        "type": "Polygon",
        "coordinates": [
          [
            [
              -122.20926171753628,
              37.076577999845256
            ],
            [
              -122.20916748046875,
              37.07657737149875
            ],
            [
              -122.20916748046875,
              37.07648971435644
            ],
            [
              -122.20926262777805,
              37.0764903487709
            ],
            [
              -122.20926171753628,
              37.076577999845256
            ]
          ]
        ]
      }
    },
    {
      "id": "810",
      "type": "Feature",
      "properties": {
        "id": null,
        "SOURCE_FILE": "/Users/maples/GitHub/mortalitree_testing/labels/izzyip_mortalitree_prefire_labels.geojson",
        "SUNETID": "izzyip",
        "FIRENAME": "CZU AUG LIGHTNING",
        "FIRE_SLUG": "CZU_AUG_LIGHTNING",
        "PREFIRE": 1,
        "PREFIRE_STATUS": "prefire",
        "TILE_Z": 17,
        "TILE_X": 21040,
        "TILE_Y": 50982,
        "TILEXYZ": [
          17,
          21040,
          50982
        ],
        "OUTPUT_FILE": "/Users/maples/GitHub/mortalitree_testing/notebooks/single_tiles/prefire/17/21040/50982.geojson",
        "OUTPUT_STATUS_DIR": "prefire",
        "FEATURE_COUNT": 176
      },
      "geometry": {
        "type": "Polygon",
        "coordinates": [
          [
            [
              -122.21137516197903,
              37.076246706051876
            ],
            [
              -122.21131576938065,
              37.07624631111773
            ],
            [
              -122.21131616370988,
              37.07620824014843
            ],
            [
              -122.2113755562786,
              37.07620863508205
            ],
            [
              -122.21137516197903,
              37.076246706051876
            ]
          ]
        ]
      }
    },
    {
      "id": "811",
      "type": "Feature",
      "properties": {
        "id": null,
        "SOURCE_FILE": "/Users/maples/GitHub/mortalitree_testing/labels/izzyip_mortalitree_prefire_labels.geojson",
        "SUNETID": "izzyip",
        "FIRENAME": "CZU AUG LIGHTNING",
        "FIRE_SLUG": "CZU_AUG_LIGHTNING",
        "PREFIRE": 1,
        "PREFIRE_STATUS": "prefire",
        "TILE_Z": 17,
        "TILE_X": 21040,
        "TILE_Y": 50982,
        "TILEXYZ": [
          17,
          21040,
          50982
        ],
        "OUTPUT_FILE": "/Users/maples/GitHub/mortalitree_testing/notebooks/single_tiles/prefire/17/21040/50982.geojson",
        "OUTPUT_STATUS_DIR": "prefire",
        "FEATURE_COUNT": 176
      },
      "geometry": {
        "type": "Polygon",
        "coordinates": [
          [
            [
              -122.21128820910351,
              37.07603989588765
            ],
            [
              -122.21122485717198,
              37.07603947457905
            ],
            [
              -122.21122508722227,
              37.07601726651337
            ],
            [
              -122.21128843913533,
              37.076017687821626
            ],
            [
              -122.21128820910351,
              37.07603989588765
            ]
          ]
        ]
      }
    },
    {
      "id": "812",
      "type": "Feature",
      "properties": {
        "id": null,
        "SOURCE_FILE": "/Users/maples/GitHub/mortalitree_testing/labels/izzyip_mortalitree_prefire_labels.geojson",
        "SUNETID": "izzyip",
        "FIRENAME": "CZU AUG LIGHTNING",
        "FIRE_SLUG": "CZU_AUG_LIGHTNING",
        "PREFIRE": 1,
        "PREFIRE_STATUS": "prefire",
        "TILE_Z": 17,
        "TILE_X": 21040,
        "TILE_Y": 50982,
        "TILEXYZ": [
          17,
          21040,
          50982
        ],
        "OUTPUT_FILE": "/Users/maples/GitHub/mortalitree_testing/notebooks/single_tiles/prefire/17/21040/50982.geojson",
        "OUTPUT_STATUS_DIR": "prefire",
        "FEATURE_COUNT": 176
      },
      "geometry": {
        "type": "Polygon",
        "coordinates": [
          [
            [
              -122.21128274635765,
              37.0759938539689
            ],
            [
              -122.21123919193097,
              37.07599356432118
            ],
            [
              -122.21123938911302,
              37.0759745288361
            ],
            [
              -122.2112829435288,
              37.07597481848363
            ],
            [
              -122.21128274635765,
              37.0759938539689
            ]
          ]
        ]
      }
    },
    {
      "id": "813",
      "type": "Feature",
      "properties": {
        "id": null,
        "SOURCE_FILE": "/Users/maples/GitHub/mortalitree_testing/labels/izzyip_mortalitree_prefire_labels.geojson",
        "SUNETID": "izzyip",
        "FIRENAME": "CZU AUG LIGHTNING",
        "FIRE_SLUG": "CZU_AUG_LIGHTNING",
        "PREFIRE": 1,
        "PREFIRE_STATUS": "prefire",
        "TILE_Z": 17,
        "TILE_X": 21040,
        "TILE_Y": 50982,
        "TILEXYZ": [
          17,
          21040,
          50982
        ],
        "OUTPUT_FILE": "/Users/maples/GitHub/mortalitree_testing/notebooks/single_tiles/prefire/17/21040/50982.geojson",
        "OUTPUT_STATUS_DIR": "prefire",
        "FEATURE_COUNT": 176
      },
      "geometry": {
        "type": "Polygon",
        "coordinates": [
          [
            [
              -122.21134035616878,
              37.0759752002673
            ],
            [
              -122.21129680175216,
              37.075974910640845
            ],
            [
              -122.21129706464214,
              37.07594952999363
            ],
            [
              -122.21134061904424,
              37.07594981961981
            ],
            [
              -122.21134035616878,
              37.0759752002673
            ]
          ]
        ]
      }
    },
    {
      "id": "814",
      "type": "Feature",
      "properties": {
        "id": null,
        "SOURCE_FILE": "/Users/maples/GitHub/mortalitree_testing/labels/izzyip_mortalitree_prefire_labels.geojson",
        "SUNETID": "izzyip",
        "FIRENAME": "CZU AUG LIGHTNING",
        "FIRE_SLUG": "CZU_AUG_LIGHTNING",
        "PREFIRE": 1,
        "PREFIRE_STATUS": "prefire",
        "TILE_Z": 17,
        "TILE_X": 21040,
        "TILE_Y": 50982,
        "TILEXYZ": [
          17,
          21040,
          50982
        ],
        "OUTPUT_FILE": "/Users/maples/GitHub/mortalitree_testing/notebooks/single_tiles/prefire/17/21040/50982.geojson",
        "OUTPUT_STATUS_DIR": "prefire",
        "FEATURE_COUNT": 176
      },
      "geometry": {
        "type": "Polygon",
        "coordinates": [
          [
            [
              -122.21131295189733,
              37.07594487644271
            ],
            [
              -122.21126543800756,
              37.07594456047504
            ],
            [
              -122.21126573377019,
              37.07591600724698
            ],
            [
              -122.21131324764217,
              37.07591632321433
            ],
            [
              -122.21131295189733,
              37.07594487644271
            ]
          ]
        ]
      }
    },
    {
      "id": "815",
      "type": "Feature",
      "properties": {
        "id": null,
        "SOURCE_FILE": "/Users/maples/GitHub/mortalitree_testing/labels/izzyip_mortalitree_prefire_labels.geojson",
        "SUNETID": "izzyip",
        "FIRENAME": "CZU AUG LIGHTNING",
        "FIRE_SLUG": "CZU_AUG_LIGHTNING",
        "PREFIRE": 1,
        "PREFIRE_STATUS": "prefire",
        "TILE_Z": 17,
        "TILE_X": 21040,
        "TILE_Y": 50982,
        "TILEXYZ": [
          17,
          21040,
          50982
        ],
        "OUTPUT_FILE": "/Users/maples/GitHub/mortalitree_testing/notebooks/single_tiles/prefire/17/21040/50982.geojson",
        "OUTPUT_STATUS_DIR": "prefire",
        "FEATURE_COUNT": 176
      },
      "geometry": {
        "type": "Polygon",
        "coordinates": [
          [
            [
              -122.21127312695354,
              37.07596682120384
            ],
            [
              -122.21122165355864,
              37.07596647888721
            ],
            [
              -122.21122194933794,
              37.07593792565956
            ],
            [
              -122.21127342271353,
              37.07593826797584
            ],
            [
              -122.21127312695354,
              37.07596682120384
            ]
          ]
        ]
      }
    },
    {
      "id": "816",
      "type": "Feature",
      "properties": {
        "id": null,
        "SOURCE_FILE": "/Users/maples/GitHub/mortalitree_testing/labels/izzyip_mortalitree_prefire_labels.geojson",
        "SUNETID": "izzyip",
        "FIRENAME": "CZU AUG LIGHTNING",
        "FIRE_SLUG": "CZU_AUG_LIGHTNING",
        "PREFIRE": 1,
        "PREFIRE_STATUS": "prefire",
        "TILE_Z": 17,
        "TILE_X": 21040,
        "TILE_Y": 50982,
        "TILEXYZ": [
          17,
          21040,
          50982
        ],
        "OUTPUT_FILE": "/Users/maples/GitHub/mortalitree_testing/notebooks/single_tiles/prefire/17/21040/50982.geojson",
        "OUTPUT_STATUS_DIR": "prefire",
        "FEATURE_COUNT": 176
      },
      "geometry": {
        "type": "Polygon",
        "coordinates": [
          [
            [
              -122.2111887537897,
              37.07589328569348
            ],
            [
              -122.21113332095759,
              37.07589291700508
            ],
            [
              -122.21113361676923,
              37.07586436377767
            ],
            [
              -122.21118904958054,
              37.0758647324657
            ],
            [
              -122.2111887537897,
              37.07589328569348
            ]
          ]
        ]
      }
    },
    {
      "id": "817",
      "type": "Feature",
      "properties": {
        "id": null,
        "SOURCE_FILE": "/Users/maples/GitHub/mortalitree_testing/labels/izzyip_mortalitree_prefire_labels.geojson",
        "SUNETID": "izzyip",
        "FIRENAME": "CZU AUG LIGHTNING",
        "FIRE_SLUG": "CZU_AUG_LIGHTNING",
        "PREFIRE": 1,
        "PREFIRE_STATUS": "prefire",
        "TILE_Z": 17,
        "TILE_X": 21040,
        "TILE_Y": 50982,
        "TILEXYZ": [
          17,
          21040,
          50982
        ],
        "OUTPUT_FILE": "/Users/maples/GitHub/mortalitree_testing/notebooks/single_tiles/prefire/17/21040/50982.geojson",
        "OUTPUT_STATUS_DIR": "prefire",
        "FEATURE_COUNT": 176
      },
      "geometry": {
        "type": "Polygon",
        "coordinates": [
          [
            [
              -122.21124232190078,
              37.07588253715677
            ],
            [
              -122.2112027270257,
              37.0758822738285
            ],
            [
              -122.21120289135101,
              37.0758664109241
            ],
            [
              -122.21124248621786,
              37.075866674252225
            ],
            [
              -122.21124232190078,
              37.07588253715677
            ]
          ]
        ]
      }
    },
    {
      "id": "818",
      "type": "Feature",
      "properties": {
        "id": null,
        "SOURCE_FILE": "/Users/maples/GitHub/mortalitree_testing/labels/izzyip_mortalitree_prefire_labels.geojson",
        "SUNETID": "izzyip",
        "FIRENAME": "CZU AUG LIGHTNING",
        "FIRE_SLUG": "CZU_AUG_LIGHTNING",
        "PREFIRE": 1,
        "PREFIRE_STATUS": "prefire",
        "TILE_Z": 17,
        "TILE_X": 21040,
        "TILE_Y": 50982,
        "TILEXYZ": [
          17,
          21040,
          50982
        ],
        "OUTPUT_FILE": "/Users/maples/GitHub/mortalitree_testing/notebooks/single_tiles/prefire/17/21040/50982.geojson",
        "OUTPUT_STATUS_DIR": "prefire",
        "FEATURE_COUNT": 176
      },
      "geometry": {
        "type": "Polygon",
        "coordinates": [
          [
            [
              -122.21128157172743,
              37.075916112571555
            ],
            [
              -122.2112419768345,
              37.07591584925616
            ],
            [
              -122.2112422397422,
              37.07589046860902
            ],
            [
              -122.21128183462193,
              37.07589073192416
            ],
            [
              -122.21128157172743,
              37.075916112571555
            ]
          ]
        ]
      }
    },
    {
      "id": "819",
      "type": "Feature",
      "properties": {
        "id": null,
        "SOURCE_FILE": "/Users/maples/GitHub/mortalitree_testing/labels/izzyip_mortalitree_prefire_labels.geojson",
        "SUNETID": "izzyip",
        "FIRENAME": "CZU AUG LIGHTNING",
        "FIRE_SLUG": "CZU_AUG_LIGHTNING",
        "PREFIRE": 1,
        "PREFIRE_STATUS": "prefire",
        "TILE_Z": 17,
        "TILE_X": 21040,
        "TILE_Y": 50982,
        "TILEXYZ": [
          17,
          21040,
          50982
        ],
        "OUTPUT_FILE": "/Users/maples/GitHub/mortalitree_testing/notebooks/single_tiles/prefire/17/21040/50982.geojson",
        "OUTPUT_STATUS_DIR": "prefire",
        "FEATURE_COUNT": 176
      },
      "geometry": {
        "type": "Polygon",
        "coordinates": [
          [
            [
              -122.21124177965352,
              37.07593488474145
            ],
            [
              -122.21118634679041,
              37.07593451607746
            ],
            [
              -122.21118664258262,
              37.075905962849895
            ],
            [
              -122.21124207542492,
              37.0759063315135
            ],
            [
              -122.21124177965352,
              37.07593488474145
            ]
          ]
        ]
      }
    },
    {
      "id": "820",
      "type": "Feature",
      "properties": {
        "id": null,
        "SOURCE_FILE": "/Users/maples/GitHub/mortalitree_testing/labels/izzyip_mortalitree_prefire_labels.geojson",
        "SUNETID": "izzyip",
        "FIRENAME": "CZU AUG LIGHTNING",
        "FIRE_SLUG": "CZU_AUG_LIGHTNING",
        "PREFIRE": 1,
        "PREFIRE_STATUS": "prefire",
        "TILE_Z": 17,
        "TILE_X": 21040,
        "TILE_Y": 50982,
        "TILEXYZ": [
          17,
          21040,
          50982
        ],
        "OUTPUT_FILE": "/Users/maples/GitHub/mortalitree_testing/notebooks/single_tiles/prefire/17/21040/50982.geojson",
        "OUTPUT_STATUS_DIR": "prefire",
        "FEATURE_COUNT": 176
      },
      "geometry": {
        "type": "Polygon",
        "coordinates": [
          [
            [
              -122.21157487836246,
              37.076079875490976
            ],
            [
              -122.21153132388352,
              37.076079585949955
            ],
            [
              -122.21153158669634,
              37.07605420530175
            ],
            [
              -122.21157514116075,
              37.07605449484251
            ],
            [
              -122.21157487836246,
              37.076079875490976
            ]
          ]
        ]
      }
    },
    {
      "id": "821",
      "type": "Feature",
      "properties": {
        "id": null,
        "SOURCE_FILE": "/Users/maples/GitHub/mortalitree_testing/labels/izzyip_mortalitree_prefire_labels.geojson",
        "SUNETID": "izzyip",
        "FIRENAME": "CZU AUG LIGHTNING",
        "FIRE_SLUG": "CZU_AUG_LIGHTNING",
        "PREFIRE": 1,
        "PREFIRE_STATUS": "prefire",
        "TILE_Z": 17,
        "TILE_X": 21040,
        "TILE_Y": 50982,
        "TILEXYZ": [
          17,
          21040,
          50982
        ],
        "OUTPUT_FILE": "/Users/maples/GitHub/mortalitree_testing/notebooks/single_tiles/prefire/17/21040/50982.geojson",
        "OUTPUT_STATUS_DIR": "prefire",
        "FEATURE_COUNT": 176
      },
      "geometry": {
        "type": "Polygon",
        "coordinates": [
          [
            [
              -122.21164223910164,
              37.076075564060375
            ],
            [
              -122.2115828466329,
              37.0760751692615
            ],
            [
              -122.21158317512734,
              37.07604344345081
            ],
            [
              -122.21164256757135,
              37.07604383824922
            ],
            [
              -122.21164223910164,
              37.076075564060375
            ]
          ]
        ]
      }
    },
    {
      "id": "822",
      "type": "Feature",
      "properties": {
        "id": null,
        "SOURCE_FILE": "/Users/maples/GitHub/mortalitree_testing/labels/izzyip_mortalitree_prefire_labels.geojson",
        "SUNETID": "izzyip",
        "FIRENAME": "CZU AUG LIGHTNING",
        "FIRE_SLUG": "CZU_AUG_LIGHTNING",
        "PREFIRE": 1,
        "PREFIRE_STATUS": "prefire",
        "TILE_Z": 17,
        "TILE_X": 21040,
        "TILE_Y": 50982,
        "TILEXYZ": [
          17,
          21040,
          50982
        ],
        "OUTPUT_FILE": "/Users/maples/GitHub/mortalitree_testing/notebooks/single_tiles/prefire/17/21040/50982.geojson",
        "OUTPUT_STATUS_DIR": "prefire",
        "FEATURE_COUNT": 176
      },
      "geometry": {
        "type": "Polygon",
        "coordinates": [
          [
            [
              -122.21141316321803,
              37.07601851717338
            ],
            [
              -122.21136168978646,
              37.076018174917124
            ],
            [
              -122.21136198551379,
              37.07598962168876
            ],
            [
              -122.21141345892607,
              37.07598996394468
            ],
            [
              -122.21141316321803,
              37.07601851717338
            ]
          ]
        ]
      }
    },
    {
      "id": "823",
      "type": "Feature",
      "properties": {
        "id": null,
        "SOURCE_FILE": "/Users/maples/GitHub/mortalitree_testing/labels/izzyip_mortalitree_prefire_labels.geojson",
        "SUNETID": "izzyip",
        "FIRENAME": "CZU AUG LIGHTNING",
        "FIRE_SLUG": "CZU_AUG_LIGHTNING",
        "PREFIRE": 1,
        "PREFIRE_STATUS": "prefire",
        "TILE_Z": 17,
        "TILE_X": 21040,
        "TILE_Y": 50982,
        "TILEXYZ": [
          17,
          21040,
          50982
        ],
        "OUTPUT_FILE": "/Users/maples/GitHub/mortalitree_testing/notebooks/single_tiles/prefire/17/21040/50982.geojson",
        "OUTPUT_STATUS_DIR": "prefire",
        "FEATURE_COUNT": 176
      },
      "geometry": {
        "type": "Polygon",
        "coordinates": [
          [
            [
              -122.2111079041402,
              37.07605297431583
            ],
            [
              -122.21106434968154,
              37.0760526846035
            ],
            [
              -122.21106461264975,
              37.07602730395805
            ],
            [
              -122.21110816709388,
              37.07602759367011
            ],
            [
              -122.2111079041402,
              37.07605297431583
            ]
          ]
        ]
      }
    },
    {
      "id": "824",
      "type": "Feature",
      "properties": {
        "id": null,
        "SOURCE_FILE": "/Users/maples/GitHub/mortalitree_testing/labels/izzyip_mortalitree_prefire_labels.geojson",
        "SUNETID": "izzyip",
        "FIRENAME": "CZU AUG LIGHTNING",
        "FIRE_SLUG": "CZU_AUG_LIGHTNING",
        "PREFIRE": 1,
        "PREFIRE_STATUS": "prefire",
        "TILE_Z": 17,
        "TILE_X": 21040,
        "TILE_Y": 50982,
        "TILEXYZ": [
          17,
          21040,
          50982
        ],
        "OUTPUT_FILE": "/Users/maples/GitHub/mortalitree_testing/notebooks/single_tiles/prefire/17/21040/50982.geojson",
        "OUTPUT_STATUS_DIR": "prefire",
        "FEATURE_COUNT": 176
      },
      "geometry": {
        "type": "Polygon",
        "coordinates": [
          [
            [
              -122.21077705603847,
              37.076072982799055
            ],
            [
              -122.21069786609961,
              37.07607245581634
            ],
            [
              -122.2106983593941,
              37.076024867110384
            ],
            [
              -122.21077754928346,
              37.076025394092184
            ],
            [
              -122.21077705603847,
              37.076072982799055
            ]
          ]
        ]
      }
    },
    {
      "id": "825",
      "type": "Feature",
      "properties": {
        "id": null,
        "SOURCE_FILE": "/Users/maples/GitHub/mortalitree_testing/labels/izzyip_mortalitree_prefire_labels.geojson",
        "SUNETID": "izzyip",
        "FIRENAME": "CZU AUG LIGHTNING",
        "FIRE_SLUG": "CZU_AUG_LIGHTNING",
        "PREFIRE": 1,
        "PREFIRE_STATUS": "prefire",
        "TILE_Z": 17,
        "TILE_X": 21040,
        "TILE_Y": 50982,
        "TILEXYZ": [
          17,
          21040,
          50982
        ],
        "OUTPUT_FILE": "/Users/maples/GitHub/mortalitree_testing/notebooks/single_tiles/prefire/17/21040/50982.geojson",
        "OUTPUT_STATUS_DIR": "prefire",
        "FEATURE_COUNT": 176
      },
      "geometry": {
        "type": "Polygon",
        "coordinates": [
          [
            [
              -122.2107381680884,
              37.076004508834984
            ],
            [
              -122.21067877568801,
              37.07600411358406
            ],
            [
              -122.21067913744527,
              37.07596921519948
            ],
            [
              -122.21073852981844,
              37.0759696104499
            ],
            [
              -122.2107381680884,
              37.076004508834984
            ]
          ]
        ]
      }
    },
    {
      "id": "826",
      "type": "Feature",
      "properties": {
        "id": null,
        "SOURCE_FILE": "/Users/maples/GitHub/mortalitree_testing/labels/izzyip_mortalitree_prefire_labels.geojson",
        "SUNETID": "izzyip",
        "FIRENAME": "CZU AUG LIGHTNING",
        "FIRE_SLUG": "CZU_AUG_LIGHTNING",
        "PREFIRE": 1,
        "PREFIRE_STATUS": "prefire",
        "TILE_Z": 17,
        "TILE_X": 21040,
        "TILE_Y": 50982,
        "TILEXYZ": [
          17,
          21040,
          50982
        ],
        "OUTPUT_FILE": "/Users/maples/GitHub/mortalitree_testing/notebooks/single_tiles/prefire/17/21040/50982.geojson",
        "OUTPUT_STATUS_DIR": "prefire",
        "FEATURE_COUNT": 176
      },
      "geometry": {
        "type": "Polygon",
        "coordinates": [
          [
            [
              -122.21082969676836,
              37.075960698701174
            ],
            [
              -122.21073070948981,
              37.07596004001016
            ],
            [
              -122.21073100545314,
              37.07593148678585
            ],
            [
              -122.21082999269457,
              37.075932145476195
            ],
            [
              -122.21082969676836,
              37.075960698701174
            ]
          ]
        ]
      }
    },
    {
      "id": "827",
      "type": "Feature",
      "properties": {
        "id": null,
        "SOURCE_FILE": "/Users/maples/GitHub/mortalitree_testing/labels/izzyip_mortalitree_prefire_labels.geojson",
        "SUNETID": "izzyip",
        "FIRENAME": "CZU AUG LIGHTNING",
        "FIRE_SLUG": "CZU_AUG_LIGHTNING",
        "PREFIRE": 1,
        "PREFIRE_STATUS": "prefire",
        "TILE_Z": 17,
        "TILE_X": 21040,
        "TILE_Y": 50982,
        "TILEXYZ": [
          17,
          21040,
          50982
        ],
        "OUTPUT_FILE": "/Users/maples/GitHub/mortalitree_testing/notebooks/single_tiles/prefire/17/21040/50982.geojson",
        "OUTPUT_STATUS_DIR": "prefire",
        "FEATURE_COUNT": 176
      },
      "geometry": {
        "type": "Polygon",
        "coordinates": [
          [
            [
              -122.21086657215298,
              37.07603233204458
            ],
            [
              -122.21079926073928,
              37.076031884163875
            ],
            [
              -122.21079965532371,
              37.07599381319794
            ],
            [
              -122.21086696670373,
              37.07599426107804
            ],
            [
              -122.21086657215298,
              37.07603233204458
            ]
          ]
        ]
      }
    },
    {
      "id": "828",
      "type": "Feature",
      "properties": {
        "id": null,
        "SOURCE_FILE": "/Users/maples/GitHub/mortalitree_testing/labels/izzyip_mortalitree_prefire_labels.geojson",
        "SUNETID": "izzyip",
        "FIRENAME": "CZU AUG LIGHTNING",
        "FIRE_SLUG": "CZU_AUG_LIGHTNING",
        "PREFIRE": 1,
        "PREFIRE_STATUS": "prefire",
        "TILE_Z": 17,
        "TILE_X": 21040,
        "TILE_Y": 50982,
        "TILEXYZ": [
          17,
          21040,
          50982
        ],
        "OUTPUT_FILE": "/Users/maples/GitHub/mortalitree_testing/notebooks/single_tiles/prefire/17/21040/50982.geojson",
        "OUTPUT_STATUS_DIR": "prefire",
        "FEATURE_COUNT": 176
      },
      "geometry": {
        "type": "Polygon",
        "coordinates": [
          [
            [
              -122.21088998390073,
              37.07606580220673
            ],
            [
              -122.21081871296045,
              37.07606532799261
            ],
            [
              -122.21081907465437,
              37.07603042960722
            ],
            [
              -122.210890345562,
              37.07603090382074
            ],
            [
              -122.21088998390073,
              37.07606580220673
            ]
          ]
        ]
      }
    }
  ],
  "properties": {
    "SOURCE_FILE": "/Users/maples/GitHub/mortalitree_testing/labels/izzyip_mortalitree_prefire_labels.geojson",
    "SUNETID": "izzyip",
    "FIRENAME": "CZU AUG LIGHTNING",
    "FIRE_SLUG": "CZU_AUG_LIGHTNING",
    "PREFIRE": 1,
    "PREFIRE_STATUS": "prefire",
    "TILE_Z": 17,
    "TILE_X": 21040,
    "TILE_Y": 50982,
    "TILEXYZ": [
      17,
      21040,
      50982
    ],
    "OUTPUT_FILE": "/Users/maples/GitHub/mortalitree_testing/notebooks/single_tiles/prefire/17/21040/50982.geojson",
    "OUTPUT_STATUS_DIR": "prefire",
    "FEATURE_COUNT": 176
  }
}