{
  "type": "FeatureCollection",
  "features": [
    {
      "id": "993",
      "type": "Feature",
      "properties": {
        "id": null,
        "SOURCE_FILE": "/Users/maples/GitHub/mortalitree_testing/labels/ajones16_mortalitree_prefire_labels.geojson",
        "SUNETID": "ajones16",
        "FIRENAME": "CASTLE",
        "FIRE_SLUG": "CASTLE",
        "PREFIRE": 1,
        "PREFIRE_STATUS": "prefire",
        "TILE_Z": 17,
        "TILE_X": 22430,
        "TILE_Y": 51340,
        "TILEXYZ": [
          17,
          22430,
          51340
        ],
        "OUTPUT_FILE": "/Users/maples/GitHub/mortalitree_testing/notebooks/single_tiles/prefire/17/22430/51340.geojson",
        "OUTPUT_STATUS_DIR": "prefire",
        "FEATURE_COUNT": 286
      },
      "geometry": {
        "type": "Polygon",
        "coordinates": [
          [
            [
              -118.39398877518354,
              36.28785588482795
            ],
            [
              -118.39389708041705,
              36.28785234514956
            ],
            [
              -118.39390172594028,
              36.28777347094136
            ],
            [
              -118.3939934206151,
              36.2877770106096
            ],
            [
              -118.39398877518354,
              36.28785588482795
            ]
          ]
        ]
      }
    },
    {
      "id": "994",
      "type": "Feature",
      "properties": {
        "id": null,
        "SOURCE_FILE": "/Users/maples/GitHub/mortalitree_testing/labels/ajones16_mortalitree_prefire_labels.geojson",
        "SUNETID": "ajones16",
        "FIRENAME": "CASTLE",
        "FIRE_SLUG": "CASTLE",
        "PREFIRE": 1,
        "PREFIRE_STATUS": "prefire",
        "TILE_Z": 17,
        "TILE_X": 22430,
        "TILE_Y": 51340,
        "TILEXYZ": [
          17,
          22430,
          51340
        ],
        "OUTPUT_FILE": "/Users/maples/GitHub/mortalitree_testing/notebooks/single_tiles/prefire/17/22430/51340.geojson",
        "OUTPUT_STATUS_DIR": "prefire",
        "FEATURE_COUNT": 286
      },
      "geometry": {
        "type": "Polygon",
        "coordinates": [
          [
            [
              -118.39333038166106,
              36.28806297775572
            ],
            [
              -118.39322722487307,
              36.28805899502515
            ],
            [
              -118.39323187110553,
              36.28798012089419
            ],
            [
              -118.39333502779039,
              36.28798410361335
            ],
            [
              -118.39333038166106,
              36.28806297775572
            ]
          ]
        ]
      }
    },
    {
      "id": "995",
      "type": "Feature",
      "properties": {
        "id": null,
        "SOURCE_FILE": "/Users/maples/GitHub/mortalitree_testing/labels/ajones16_mortalitree_prefire_labels.geojson",
        "SUNETID": "ajones16",
        "FIRENAME": "CASTLE",
        "FIRE_SLUG": "CASTLE",
        "PREFIRE": 1,
        "PREFIRE_STATUS": "prefire",
        "TILE_Z": 17,
        "TILE_X": 22430,
        "TILE_Y": 51340,
        "TILEXYZ": [
          17,
          22430,
          51340
        ],
        "OUTPUT_FILE": "/Users/maples/GitHub/mortalitree_testing/notebooks/single_tiles/prefire/17/22430/51340.geojson",
        "OUTPUT_STATUS_DIR": "prefire",
        "FEATURE_COUNT": 286
      },
      "geometry": {
        "type": "Polygon",
        "coordinates": [
          [
            [
              -118.39333159467442,
              36.28823740735195
            ],
            [
              -118.39324563049152,
              36.28823408840317
            ],
            [
              -118.39325027673516,
              36.288155214272464
            ],
            [
              -118.39333624083211,
              36.28815853321173
            ],
            [
              -118.39333159467442,
              36.28823740735195
            ]
          ]
        ]
      }
    },
    {
      "id": "996",
      "type": "Feature",
      "properties": {
        "id": null,
        "SOURCE_FILE": "/Users/maples/GitHub/mortalitree_testing/labels/ajones16_mortalitree_prefire_labels.geojson",
        "SUNETID": "ajones16",
        "FIRENAME": "CASTLE",
        "FIRE_SLUG": "CASTLE",
        "PREFIRE": 1,
        "PREFIRE_STATUS": "prefire",
        "TILE_Z": 17,
        "TILE_X": 22430,
        "TILE_Y": 51340,
        "TILEXYZ": [
          17,
          22430,
          51340
        ],
        "OUTPUT_FILE": "/Users/maples/GitHub/mortalitree_testing/notebooks/single_tiles/prefire/17/22430/51340.geojson",
        "OUTPUT_STATUS_DIR": "prefire",
        "FEATURE_COUNT": 286
      },
      "geometry": {
        "type": "Polygon",
        "coordinates": [
          [
            [
              -118.39331943258789,
              36.28844387200573
            ],
            [
              -118.39324493010024,
              36.288440995565416
            ],
            [
              -118.39324930306965,
              36.28836676109214
            ],
            [
              -118.39332380548717,
              36.288369637524696
            ],
            [
              -118.39331943258789,
              36.28844387200573
            ]
          ]
        ]
      }
    },
    {
      "id": "997",
      "type": "Feature",
      "properties": {
        "id": null,
        "SOURCE_FILE": "/Users/maples/GitHub/mortalitree_testing/labels/ajones16_mortalitree_prefire_labels.geojson",
        "SUNETID": "ajones16",
        "FIRENAME": "CASTLE",
        "FIRE_SLUG": "CASTLE",
        "PREFIRE": 1,
        "PREFIRE_STATUS": "prefire",
        "TILE_Z": 17,
        "TILE_X": 22430,
        "TILE_Y": 51340,
        "TILEXYZ": [
          17,
          22430,
          51340
        ],
        "OUTPUT_FILE": "/Users/maples/GitHub/mortalitree_testing/notebooks/single_tiles/prefire/17/22430/51340.geojson",
        "OUTPUT_STATUS_DIR": "prefire",
        "FEATURE_COUNT": 286
      },
      "geometry": {
        "type": "Polygon",
        "coordinates": [
          [
            [
              -118.39292864302843,
              36.288349730124786
            ],
            [
              -118.39285987162148,
              36.28834707473189
            ],
            [
              -118.39286424494064,
              36.28827284029778
            ],
            [
              -118.39293301628284,
              36.2882754956835
            ],
            [
              -118.39292864302843,
              36.288349730124786
            ]
          ]
        ]
      }
    },
    {
      "id": "998",
      "type": "Feature",
      "properties": {
        "id": null,
        "SOURCE_FILE": "/Users/maples/GitHub/mortalitree_testing/labels/ajones16_mortalitree_prefire_labels.geojson",
        "SUNETID": "ajones16",
        "FIRENAME": "CASTLE",
        "FIRE_SLUG": "CASTLE",
        "PREFIRE": 1,
        "PREFIRE_STATUS": "prefire",
        "TILE_Z": 17,
        "TILE_X": 22430,
        "TILE_Y": 51340,
        "TILEXYZ": [
          17,
          22430,
          51340
        ],
        "OUTPUT_FILE": "/Users/maples/GitHub/mortalitree_testing/notebooks/single_tiles/prefire/17/22430/51340.geojson",
        "OUTPUT_STATUS_DIR": "prefire",
        "FEATURE_COUNT": 286
      },
      "geometry": {
        "type": "Polygon",
        "coordinates": [
          [
            [
              -118.39285481947948,
              36.288384081306056
            ],
            [
              -118.3928032409062,
              36.28838208973162
            ],
            [
              -118.39280679427736,
              36.28832177425917
            ],
            [
              -118.3928583728112,
              36.28832376582924
            ],
            [
              -118.39285481947948,
              36.288384081306056
            ]
          ]
        ]
      }
    },
    {
      "id": "999",
      "type": "Feature",
      "properties": {
        "id": null,
        "SOURCE_FILE": "/Users/maples/GitHub/mortalitree_testing/labels/ajones16_mortalitree_prefire_labels.geojson",
        "SUNETID": "ajones16",
        "FIRENAME": "CASTLE",
        "FIRE_SLUG": "CASTLE",
        "PREFIRE": 1,
        "PREFIRE_STATUS": "prefire",
        "TILE_Z": 17,
        "TILE_X": 22430,
        "TILE_Y": 51340,
        "TILEXYZ": [
          17,
          22430,
          51340
        ],
        "OUTPUT_FILE": "/Users/maples/GitHub/mortalitree_testing/notebooks/single_tiles/prefire/17/22430/51340.geojson",
        "OUTPUT_STATUS_DIR": "prefire",
        "FEATURE_COUNT": 286
      },
      "geometry": {
        "type": "Polygon",
        "coordinates": [
          [
            [
              -118.39261657029078,
              36.2884306842042
            ],
            [
              -118.39254206788951,
              36.28842780732685
            ],
            [
              -118.39254671487411,
              36.28834893327697
            ],
            [
              -118.39262121720088,
              36.28835181014608
            ],
            [
              -118.39261657029078,
              36.2884306842042
            ]
          ]
        ]
      }
    },
    {
      "id": "1000",
      "type": "Feature",
      "properties": {
        "id": null,
        "SOURCE_FILE": "/Users/maples/GitHub/mortalitree_testing/labels/ajones16_mortalitree_prefire_labels.geojson",
        "SUNETID": "ajones16",
        "FIRENAME": "CASTLE",
        "FIRE_SLUG": "CASTLE",
        "PREFIRE": 1,
        "PREFIRE_STATUS": "prefire",
        "TILE_Z": 17,
        "TILE_X": 22430,
        "TILE_Y": 51340,
        "TILEXYZ": [
          17,
          22430,
          51340
        ],
        "OUTPUT_FILE": "/Users/maples/GitHub/mortalitree_testing/notebooks/single_tiles/prefire/17/22430/51340.geojson",
        "OUTPUT_STATUS_DIR": "prefire",
        "FEATURE_COUNT": 286
      },
      "geometry": {
        "type": "Polygon",
        "coordinates": [
          [
            [
              -118.39238499893226,
              36.28855892307591
            ],
            [
              -118.39219014626534,
              36.28855139843736
            ],
            [
              -118.39219452025151,
              36.28847716407592
            ],
            [
              -118.39238937273505,
              36.28848468869416
            ],
            [
              -118.39238499893226,
              36.28855892307591
            ]
          ]
        ]
      }
    },
    {
      "id": "1001",
      "type": "Feature",
      "properties": {
        "id": null,
        "SOURCE_FILE": "/Users/maples/GitHub/mortalitree_testing/labels/ajones16_mortalitree_prefire_labels.geojson",
        "SUNETID": "ajones16",
        "FIRENAME": "CASTLE",
        "FIRE_SLUG": "CASTLE",
        "PREFIRE": 1,
        "PREFIRE_STATUS": "prefire",
        "TILE_Z": 17,
        "TILE_X": 22430,
        "TILE_Y": 51340,
        "TILEXYZ": [
          17,
          22430,
          51340
        ],
        "OUTPUT_FILE": "/Users/maples/GitHub/mortalitree_testing/notebooks/single_tiles/prefire/17/22430/51340.geojson",
        "OUTPUT_STATUS_DIR": "prefire",
        "FEATURE_COUNT": 286
      },
      "geometry": {
        "type": "Polygon",
        "coordinates": [
          [
            [
              -118.39259351917903,
              36.28833446488722
            ],
            [
              -118.39249036214086,
              36.288330481495436
            ],
            [
              -118.39249610257485,
              36.288233048850884
            ],
            [
              -118.39259925948559,
              36.288237032228565
            ],
            [
              -118.39259351917903,
              36.28833446488722
            ]
          ]
        ]
      }
    },
    {
      "id": "1002",
      "type": "Feature",
      "properties": {
        "id": null,
        "SOURCE_FILE": "/Users/maples/GitHub/mortalitree_testing/labels/ajones16_mortalitree_prefire_labels.geojson",
        "SUNETID": "ajones16",
        "FIRENAME": "CASTLE",
        "FIRE_SLUG": "CASTLE",
        "PREFIRE": 1,
        "PREFIRE_STATUS": "prefire",
        "TILE_Z": 17,
        "TILE_X": 22430,
        "TILE_Y": 51340,
        "TILEXYZ": [
          17,
          22430,
          51340
        ],
        "OUTPUT_FILE": "/Users/maples/GitHub/mortalitree_testing/notebooks/single_tiles/prefire/17/22430/51340.geojson",
        "OUTPUT_STATUS_DIR": "prefire",
        "FEATURE_COUNT": 286
      },
      "geometry": {
        "type": "Polygon",
        "coordinates": [
          [
            [
              -118.39268617566796,
              36.28827293984554
            ],
            [
              -118.3926059424668,
              36.28826984172625
            ],
            [
              -118.39261031601414,
              36.28819560731776
            ],
            [
              -118.39269054913977,
              36.28819870542869
            ],
            [
              -118.39268617566796,
              36.28827293984554
            ]
          ]
        ]
      }
    },
    {
      "id": "1003",
      "type": "Feature",
      "properties": {
        "id": null,
        "SOURCE_FILE": "/Users/maples/GitHub/mortalitree_testing/labels/ajones16_mortalitree_prefire_labels.geojson",
        "SUNETID": "ajones16",
        "FIRENAME": "CASTLE",
        "FIRE_SLUG": "CASTLE",
        "PREFIRE": 1,
        "PREFIRE_STATUS": "prefire",
        "TILE_Z": 17,
        "TILE_X": 22430,
        "TILE_Y": 51340,
        "TILEXYZ": [
          17,
          22430,
          51340
        ],
        "OUTPUT_FILE": "/Users/maples/GitHub/mortalitree_testing/notebooks/single_tiles/prefire/17/22430/51340.geojson",
        "OUTPUT_STATUS_DIR": "prefire",
        "FEATURE_COUNT": 286
      },
      "geometry": {
        "type": "Polygon",
        "coordinates": [
          [
            [
              -118.39259639401558,
              36.28823692158037
            ],
            [
              -118.39251042992235,
              36.28823360210308
            ],
            [
              -118.39251453020285,
              36.28816400735412
            ],
            [
              -118.39260049422022,
              36.28816732682303
            ],
            [
              -118.39259639401558,
              36.28823692158037
            ]
          ]
        ]
      }
    },
    {
      "id": "1004",
      "type": "Feature",
      "properties": {
        "id": null,
        "SOURCE_FILE": "/Users/maples/GitHub/mortalitree_testing/labels/ajones16_mortalitree_prefire_labels.geojson",
        "SUNETID": "ajones16",
        "FIRENAME": "CASTLE",
        "FIRE_SLUG": "CASTLE",
        "PREFIRE": 1,
        "PREFIRE_STATUS": "prefire",
        "TILE_Z": 17,
        "TILE_X": 22430,
        "TILE_Y": 51340,
        "TILEXYZ": [
          17,
          22430,
          51340
        ],
        "OUTPUT_FILE": "/Users/maples/GitHub/mortalitree_testing/notebooks/single_tiles/prefire/17/22430/51340.geojson",
        "OUTPUT_STATUS_DIR": "prefire",
        "FEATURE_COUNT": 286
      },
      "geometry": {
        "type": "Polygon",
        "coordinates": [
          [
            [
              -118.39262614675567,
              36.288170642477034
            ],
            [
              -118.39254018273155,
              36.288167323026315
            ],
            [
              -118.39254482967384,
              36.28808844897323
            ],
            [
              -118.39263079361201,
              36.28809176841442
            ],
            [
              -118.39262614675567,
              36.288170642477034
            ]
          ]
        ]
      }
    },
    {
      "id": "1005",
      "type": "Feature",
      "properties": {
        "id": null,
        "SOURCE_FILE": "/Users/maples/GitHub/mortalitree_testing/labels/ajones16_mortalitree_prefire_labels.geojson",
        "SUNETID": "ajones16",
        "FIRENAME": "CASTLE",
        "FIRE_SLUG": "CASTLE",
        "PREFIRE": 1,
        "PREFIRE_STATUS": "prefire",
        "TILE_Z": 17,
        "TILE_X": 22430,
        "TILE_Y": 51340,
        "TILEXYZ": [
          17,
          22430,
          51340
        ],
        "OUTPUT_FILE": "/Users/maples/GitHub/mortalitree_testing/notebooks/single_tiles/prefire/17/22430/51340.geojson",
        "OUTPUT_STATUS_DIR": "prefire",
        "FEATURE_COUNT": 286
      },
      "geometry": {
        "type": "Polygon",
        "coordinates": [
          [
            [
              -118.39263652454171,
              36.28809198970831
            ],
            [
              -118.39253336781647,
              36.28808800637643
            ],
            [
              -118.39253692135713,
              36.28802769092397
            ],
            [
              -118.39264007800352,
              36.28803167424714
            ],
            [
              -118.39263652454171,
              36.28809198970831
            ]
          ]
        ]
      }
    },
    {
      "id": "1006",
      "type": "Feature",
      "properties": {
        "id": null,
        "SOURCE_FILE": "/Users/maples/GitHub/mortalitree_testing/labels/ajones16_mortalitree_prefire_labels.geojson",
        "SUNETID": "ajones16",
        "FIRENAME": "CASTLE",
        "FIRE_SLUG": "CASTLE",
        "PREFIRE": 1,
        "PREFIRE_STATUS": "prefire",
        "TILE_Z": 17,
        "TILE_X": 22430,
        "TILE_Y": 51340,
        "TILEXYZ": [
          17,
          22430,
          51340
        ],
        "OUTPUT_FILE": "/Users/maples/GitHub/mortalitree_testing/notebooks/single_tiles/prefire/17/22430/51340.geojson",
        "OUTPUT_STATUS_DIR": "prefire",
        "FEATURE_COUNT": 286
      },
      "geometry": {
        "type": "Polygon",
        "coordinates": [
          [
            [
              -118.39270638906095,
              36.28807608660854
            ],
            [
              -118.39262042513079,
              36.28807276722293
            ],
            [
              -118.39262479863294,
              36.28799853281048
            ],
            [
              -118.39271076248218,
              36.28800185218713
            ],
            [
              -118.39270638906095,
              36.28807608660854
            ]
          ]
        ]
      }
    },
    {
      "id": "1007",
      "type": "Feature",
      "properties": {
        "id": null,
        "SOURCE_FILE": "/Users/maples/GitHub/mortalitree_testing/labels/ajones16_mortalitree_prefire_labels.geojson",
        "SUNETID": "ajones16",
        "FIRENAME": "CASTLE",
        "FIRE_SLUG": "CASTLE",
        "PREFIRE": 1,
        "PREFIRE_STATUS": "prefire",
        "TILE_Z": 17,
        "TILE_X": 22430,
        "TILE_Y": 51340,
        "TILEXYZ": [
          17,
          22430,
          51340
        ],
        "OUTPUT_FILE": "/Users/maples/GitHub/mortalitree_testing/notebooks/single_tiles/prefire/17/22430/51340.geojson",
        "OUTPUT_STATUS_DIR": "prefire",
        "FEATURE_COUNT": 286
      },
      "geometry": {
        "type": "Polygon",
        "coordinates": [
          [
            [
              -118.39270148274933,
              36.28801311938053
            ],
            [
              -118.39258686427182,
              36.28800869352124
            ],
            [
              -118.39259041776104,
              36.28794837806345
            ],
            [
              -118.39270503615091,
              36.28795280391303
            ],
            [
              -118.39270148274933,
              36.28801311938053
            ]
          ]
        ]
      }
    },
    {
      "id": "1008",
      "type": "Feature",
      "properties": {
        "id": null,
        "SOURCE_FILE": "/Users/maples/GitHub/mortalitree_testing/labels/ajones16_mortalitree_prefire_labels.geojson",
        "SUNETID": "ajones16",
        "FIRENAME": "CASTLE",
        "FIRE_SLUG": "CASTLE",
        "PREFIRE": 1,
        "PREFIRE_STATUS": "prefire",
        "TILE_Z": 17,
        "TILE_X": 22430,
        "TILE_Y": 51340,
        "TILEXYZ": [
          17,
          22430,
          51340
        ],
        "OUTPUT_FILE": "/Users/maples/GitHub/mortalitree_testing/notebooks/single_tiles/prefire/17/22430/51340.geojson",
        "OUTPUT_STATUS_DIR": "prefire",
        "FEATURE_COUNT": 286
      },
      "geometry": {
        "type": "Polygon",
        "coordinates": [
          [
            [
              -118.39277870446352,
              36.288116080573694
            ],
            [
              -118.39268700954906,
              36.288112539945615
            ],
            [
              -118.3926905629747,
              36.288052224480346
            ],
            [
              -118.39278225781904,
              36.28805576510065
            ],
            [
              -118.39277870446352,
              36.288116080573694
            ]
          ]
        ]
      }
    },
    {
      "id": "1009",
      "type": "Feature",
      "properties": {
        "id": null,
        "SOURCE_FILE": "/Users/maples/GitHub/mortalitree_testing/labels/ajones16_mortalitree_prefire_labels.geojson",
        "SUNETID": "ajones16",
        "FIRENAME": "CASTLE",
        "FIRE_SLUG": "CASTLE",
        "PREFIRE": 1,
        "PREFIRE_STATUS": "prefire",
        "TILE_Z": 17,
        "TILE_X": 22430,
        "TILE_Y": 51340,
        "TILEXYZ": [
          17,
          22430,
          51340
        ],
        "OUTPUT_FILE": "/Users/maples/GitHub/mortalitree_testing/notebooks/single_tiles/prefire/17/22430/51340.geojson",
        "OUTPUT_STATUS_DIR": "prefire",
        "FEATURE_COUNT": 286
      },
      "geometry": {
        "type": "Polygon",
        "coordinates": [
          [
            [
              -118.39394512151222,
              36.28771934363911
            ],
            [
              -118.39387635055989,
              36.287716688870326
            ],
            [
              -118.39388126934635,
              36.28763317500332
            ],
            [
              -118.39395004022589,
              36.28763582976405
            ],
            [
              -118.39394512151222,
              36.28771934363911
            ]
          ]
        ]
      }
    },
    {
      "id": "1010",
      "type": "Feature",
      "properties": {
        "id": null,
        "SOURCE_FILE": "/Users/maples/GitHub/mortalitree_testing/labels/ajones16_mortalitree_prefire_labels.geojson",
        "SUNETID": "ajones16",
        "FIRENAME": "CASTLE",
        "FIRE_SLUG": "CASTLE",
        "PREFIRE": 1,
        "PREFIRE_STATUS": "prefire",
        "TILE_Z": 17,
        "TILE_X": 22430,
        "TILE_Y": 51340,
        "TILEXYZ": [
          17,
          22430,
          51340
        ],
        "OUTPUT_FILE": "/Users/maples/GitHub/mortalitree_testing/notebooks/single_tiles/prefire/17/22430/51340.geojson",
        "OUTPUT_STATUS_DIR": "prefire",
        "FEATURE_COUNT": 286
      },
      "geometry": {
        "type": "Polygon",
        "coordinates": [
          [
            [
              -118.39359910861545,
              36.28740139747526
            ],
            [
              -118.39350168354508,
              36.2873976362875
            ],
            [
              -118.39350714924201,
              36.28730484314592
            ],
            [
              -118.3936045741978,
              36.28730860432099
            ],
            [
              -118.39359910861545,
              36.28740139747526
            ]
          ]
        ]
      }
    },
    {
      "id": "1011",
      "type": "Feature",
      "properties": {
        "id": null,
        "SOURCE_FILE": "/Users/maples/GitHub/mortalitree_testing/labels/ajones16_mortalitree_prefire_labels.geojson",
        "SUNETID": "ajones16",
        "FIRENAME": "CASTLE",
        "FIRE_SLUG": "CASTLE",
        "PREFIRE": 1,
        "PREFIRE_STATUS": "prefire",
        "TILE_Z": 17,
        "TILE_X": 22430,
        "TILE_Y": 51340,
        "TILEXYZ": [
          17,
          22430,
          51340
        ],
        "OUTPUT_FILE": "/Users/maples/GitHub/mortalitree_testing/notebooks/single_tiles/prefire/17/22430/51340.geojson",
        "OUTPUT_STATUS_DIR": "prefire",
        "FEATURE_COUNT": 286
      },
      "geometry": {
        "type": "Polygon",
        "coordinates": [
          [
            [
              -118.39380324603839,
              36.287299998244215
            ],
            [
              -118.39374020634833,
              36.28729756465696
            ],
            [
              -118.39374403212712,
              36.28723260943515
            ],
            [
              -118.3938070717653,
              36.287235043016665
            ],
            [
              -118.39380324603839,
              36.287299998244215
            ]
          ]
        ]
      }
    },
    {
      "id": "1012",
      "type": "Feature",
      "properties": {
        "id": null,
        "SOURCE_FILE": "/Users/maples/GitHub/mortalitree_testing/labels/ajones16_mortalitree_prefire_labels.geojson",
        "SUNETID": "ajones16",
        "FIRENAME": "CASTLE",
        "FIRE_SLUG": "CASTLE",
        "PREFIRE": 1,
        "PREFIRE_STATUS": "prefire",
        "TILE_Z": 17,
        "TILE_X": 22430,
        "TILE_Y": 51340,
        "TILEXYZ": [
          17,
          22430,
          51340
        ],
        "OUTPUT_FILE": "/Users/maples/GitHub/mortalitree_testing/notebooks/single_tiles/prefire/17/22430/51340.geojson",
        "OUTPUT_STATUS_DIR": "prefire",
        "FEATURE_COUNT": 286
      },
      "geometry": {
        "type": "Polygon",
        "coordinates": [
          [
            [
              -118.39376654572878,
              36.287240453866055
            ],
            [
              -118.39369204433815,
              36.287237577786
            ],
            [
              -118.39369559687673,
              36.2871772622264
            ],
            [
              -118.3937700982104,
              36.28718013830014
            ],
            [
              -118.39376654572878,
              36.287240453866055
            ]
          ]
        ]
      }
    },
    {
      "id": "1013",
      "type": "Feature",
      "properties": {
        "id": null,
        "SOURCE_FILE": "/Users/maples/GitHub/mortalitree_testing/labels/ajones16_mortalitree_prefire_labels.geojson",
        "SUNETID": "ajones16",
        "FIRENAME": "CASTLE",
        "FIRE_SLUG": "CASTLE",
        "PREFIRE": 1,
        "PREFIRE_STATUS": "prefire",
        "TILE_Z": 17,
        "TILE_X": 22430,
        "TILE_Y": 51340,
        "TILEXYZ": [
          17,
          22430,
          51340
        ],
        "OUTPUT_FILE": "/Users/maples/GitHub/mortalitree_testing/notebooks/single_tiles/prefire/17/22430/51340.geojson",
        "OUTPUT_STATUS_DIR": "prefire",
        "FEATURE_COUNT": 286
      },
      "geometry": {
        "type": "Polygon",
        "coordinates": [
          [
            [
              -118.39331652713642,
              36.28732305992311
            ],
            [
              -118.39323056395826,
              36.28731974103512
            ],
            [
              -118.39323575666114,
              36.28723158758322
            ],
            [
              -118.39332171974323,
              36.28723490646058
            ],
            [
              -118.39331652713642,
              36.28732305992311
            ]
          ]
        ]
      }
    },
    {
      "id": "1014",
      "type": "Feature",
      "properties": {
        "id": null,
        "SOURCE_FILE": "/Users/maples/GitHub/mortalitree_testing/labels/ajones16_mortalitree_prefire_labels.geojson",
        "SUNETID": "ajones16",
        "FIRENAME": "CASTLE",
        "FIRE_SLUG": "CASTLE",
        "PREFIRE": 1,
        "PREFIRE_STATUS": "prefire",
        "TILE_Z": 17,
        "TILE_X": 22430,
        "TILE_Y": 51340,
        "TILEXYZ": [
          17,
          22430,
          51340
        ],
        "OUTPUT_FILE": "/Users/maples/GitHub/mortalitree_testing/notebooks/single_tiles/prefire/17/22430/51340.geojson",
        "OUTPUT_STATUS_DIR": "prefire",
        "FEATURE_COUNT": 286
      },
      "geometry": {
        "type": "Polygon",
        "coordinates": [
          [
            [
              -118.3932373796043,
              36.287399057697854
            ],
            [
              -118.3931514163524,
              36.28739573874701
            ],
            [
              -118.3931577023782,
              36.28728902668669
            ],
            [
              -118.39324366551382,
              36.287292345624664
            ],
            [
              -118.3932373796043,
              36.287399057697854
            ]
          ]
        ]
      }
    },
    {
      "id": "1015",
      "type": "Feature",
      "properties": {
        "id": null,
        "SOURCE_FILE": "/Users/maples/GitHub/mortalitree_testing/labels/ajones16_mortalitree_prefire_labels.geojson",
        "SUNETID": "ajones16",
        "FIRENAME": "CASTLE",
        "FIRE_SLUG": "CASTLE",
        "PREFIRE": 1,
        "PREFIRE_STATUS": "prefire",
        "TILE_Z": 17,
        "TILE_X": 22430,
        "TILE_Y": 51340,
        "TILEXYZ": [
          17,
          22430,
          51340
        ],
        "OUTPUT_FILE": "/Users/maples/GitHub/mortalitree_testing/notebooks/single_tiles/prefire/17/22430/51340.geojson",
        "OUTPUT_STATUS_DIR": "prefire",
        "FEATURE_COUNT": 286
      },
      "geometry": {
        "type": "Polygon",
        "coordinates": [
          [
            [
              -118.39380530324077,
              36.28716754672565
            ],
            [
              -118.39373080191537,
              36.287164670674706
            ],
            [
              -118.39373435441468,
              36.28710435511109
            ],
            [
              -118.3938088556831,
              36.28710723115573
            ],
            [
              -118.39380530324077,
              36.28716754672565
            ]
          ]
        ]
      }
    },
    {
      "id": "1016",
      "type": "Feature",
      "properties": {
        "id": null,
        "SOURCE_FILE": "/Users/maples/GitHub/mortalitree_testing/labels/ajones16_mortalitree_prefire_labels.geojson",
        "SUNETID": "ajones16",
        "FIRENAME": "CASTLE",
        "FIRE_SLUG": "CASTLE",
        "PREFIRE": 1,
        "PREFIRE_STATUS": "prefire",
        "TILE_Z": 17,
        "TILE_X": 22430,
        "TILE_Y": 51340,
        "TILEXYZ": [
          17,
          22430,
          51340
        ],
        "OUTPUT_FILE": "/Users/maples/GitHub/mortalitree_testing/notebooks/single_tiles/prefire/17/22430/51340.geojson",
        "OUTPUT_STATUS_DIR": "prefire",
        "FEATURE_COUNT": 286
      },
      "geometry": {
        "type": "Polygon",
        "coordinates": [
          [
            [
              -118.39413672659263,
              36.28734309774577
            ],
            [
              -118.3940564941793,
              36.28734000066776
            ],
            [
              -118.39406086620413,
              36.28726576609587
            ],
            [
              -118.39414109854198,
              36.287268863165515
            ],
            [
              -118.39413672659263,
              36.28734309774577
            ]
          ]
        ]
      }
    },
    {
      "id": "1017",
      "type": "Feature",
      "properties": {
        "id": null,
        "SOURCE_FILE": "/Users/maples/GitHub/mortalitree_testing/labels/ajones16_mortalitree_prefire_labels.geojson",
        "SUNETID": "ajones16",
        "FIRENAME": "CASTLE",
        "FIRE_SLUG": "CASTLE",
        "PREFIRE": 1,
        "PREFIRE_STATUS": "prefire",
        "TILE_Z": 17,
        "TILE_X": 22430,
        "TILE_Y": 51340,
        "TILEXYZ": [
          17,
          22430,
          51340
        ],
        "OUTPUT_FILE": "/Users/maples/GitHub/mortalitree_testing/notebooks/single_tiles/prefire/17/22430/51340.geojson",
        "OUTPUT_STATUS_DIR": "prefire",
        "FEATURE_COUNT": 286
      },
      "geometry": {
        "type": "Polygon",
        "coordinates": [
          [
            [
              -118.39403834884897,
              36.28730674876575
            ],
            [
              -118.39396957824962,
              36.28730409407645
            ],
            [
              -118.39397395035105,
              36.287229859513225
            ],
            [
              -118.39404272088566,
              36.287232514195374
            ],
            [
              -118.39403834884897,
              36.28730674876575
            ]
          ]
        ]
      }
    },
    {
      "id": "1018",
      "type": "Feature",
      "properties": {
        "id": null,
        "SOURCE_FILE": "/Users/maples/GitHub/mortalitree_testing/labels/ajones16_mortalitree_prefire_labels.geojson",
        "SUNETID": "ajones16",
        "FIRENAME": "CASTLE",
        "FIRE_SLUG": "CASTLE",
        "PREFIRE": 1,
        "PREFIRE_STATUS": "prefire",
        "TILE_Z": 17,
        "TILE_X": 22430,
        "TILE_Y": 51340,
        "TILEXYZ": [
          17,
          22430,
          51340
        ],
        "OUTPUT_FILE": "/Users/maples/GitHub/mortalitree_testing/notebooks/single_tiles/prefire/17/22430/51340.geojson",
        "OUTPUT_STATUS_DIR": "prefire",
        "FEATURE_COUNT": 286
      },
      "geometry": {
        "type": "Polygon",
        "coordinates": [
          [
            [
              -118.3940601867715,
              36.28722853819894
            ],
            [
              -118.39406428552526,
              36.28715894328617
            ],
            [
              -118.3941650390625,
              36.2871628324781
            ],
            [
              -118.3941650390625,
              36.287232585613715
            ],
            [
              -118.3940601867715,
              36.28722853819894
            ]
          ]
        ]
      }
    },
    {
      "id": "1019",
      "type": "Feature",
      "properties": {
        "id": null,
        "SOURCE_FILE": "/Users/maples/GitHub/mortalitree_testing/labels/ajones16_mortalitree_prefire_labels.geojson",
        "SUNETID": "ajones16",
        "FIRENAME": "CASTLE",
        "FIRE_SLUG": "CASTLE",
        "PREFIRE": 1,
        "PREFIRE_STATUS": "prefire",
        "TILE_Z": 17,
        "TILE_X": 22430,
        "TILE_Y": 51340,
        "TILEXYZ": [
          17,
          22430,
          51340
        ],
        "OUTPUT_FILE": "/Users/maples/GitHub/mortalitree_testing/notebooks/single_tiles/prefire/17/22430/51340.geojson",
        "OUTPUT_STATUS_DIR": "prefire",
        "FEATURE_COUNT": 286
      },
      "geometry": {
        "type": "Polygon",
        "coordinates": [
          [
            [
              -118.39374363776547,
              36.28704426078191
            ],
            [
              -118.39366913656372,
              36.28704138470092
            ],
            [
              -118.3936743287205,
              36.2869532311904
            ],
            [
              -118.39374882983898,
              36.286956107262185
            ],
            [
              -118.39374363776547,
              36.28704426078191
            ]
          ]
        ]
      }
    },
    {
      "id": "1020",
      "type": "Feature",
      "properties": {
        "id": null,
        "SOURCE_FILE": "/Users/maples/GitHub/mortalitree_testing/labels/ajones16_mortalitree_prefire_labels.geojson",
        "SUNETID": "ajones16",
        "FIRENAME": "CASTLE",
        "FIRE_SLUG": "CASTLE",
        "PREFIRE": 1,
        "PREFIRE_STATUS": "prefire",
        "TILE_Z": 17,
        "TILE_X": 22430,
        "TILE_Y": 51340,
        "TILEXYZ": [
          17,
          22430,
          51340
        ],
        "OUTPUT_FILE": "/Users/maples/GitHub/mortalitree_testing/notebooks/single_tiles/prefire/17/22430/51340.geojson",
        "OUTPUT_STATUS_DIR": "prefire",
        "FEATURE_COUNT": 286
      },
      "geometry": {
        "type": "Polygon",
        "coordinates": [
          [
            [
              -118.3934547718194,
              36.287072635763366
            ],
            [
              -118.39338027062105,
              36.28706975950046
            ],
            [
              -118.39338436995483,
              36.28700016465258
            ],
            [
              -118.39345887108743,
              36.2870030409082
            ],
            [
              -118.3934547718194,
              36.287072635763366
            ]
          ]
        ]
      }
    },
    {
      "id": "1021",
      "type": "Feature",
      "properties": {
        "id": null,
        "SOURCE_FILE": "/Users/maples/GitHub/mortalitree_testing/labels/ajones16_mortalitree_prefire_labels.geojson",
        "SUNETID": "ajones16",
        "FIRENAME": "CASTLE",
        "FIRE_SLUG": "CASTLE",
        "PREFIRE": 1,
        "PREFIRE_STATUS": "prefire",
        "TILE_Z": 17,
        "TILE_X": 22430,
        "TILE_Y": 51340,
        "TILEXYZ": [
          17,
          22430,
          51340
        ],
        "OUTPUT_FILE": "/Users/maples/GitHub/mortalitree_testing/notebooks/single_tiles/prefire/17/22430/51340.geojson",
        "OUTPUT_STATUS_DIR": "prefire",
        "FEATURE_COUNT": 286
      },
      "geometry": {
        "type": "Polygon",
        "coordinates": [
          [
            [
              -118.39347210914183,
              36.28697332563355
            ],
            [
              -118.39339187718221,
              36.286970228136624
            ],
            [
              -118.39339706963734,
              36.28688207465953
            ],
            [
              -118.39347730150729,
              36.28688517214652
            ],
            [
              -118.39347210914183,
              36.28697332563355
            ]
          ]
        ]
      }
    },
    {
      "id": "1022",
      "type": "Feature",
      "properties": {
        "id": null,
        "SOURCE_FILE": "/Users/maples/GitHub/mortalitree_testing/labels/ajones16_mortalitree_prefire_labels.geojson",
        "SUNETID": "ajones16",
        "FIRENAME": "CASTLE",
        "FIRE_SLUG": "CASTLE",
        "PREFIRE": 1,
        "PREFIRE_STATUS": "prefire",
        "TILE_Z": 17,
        "TILE_X": 22430,
        "TILE_Y": 51340,
        "TILEXYZ": [
          17,
          22430,
          51340
        ],
        "OUTPUT_FILE": "/Users/maples/GitHub/mortalitree_testing/notebooks/single_tiles/prefire/17/22430/51340.geojson",
        "OUTPUT_STATUS_DIR": "prefire",
        "FEATURE_COUNT": 286
      },
      "geometry": {
        "type": "Polygon",
        "coordinates": [
          [
            [
              -118.39395187285373,
              36.28687326631379
            ],
            [
              -118.39388310264314,
              36.28687061160191
            ],
            [
              -118.39388692824384,
              36.28680565636237
            ],
            [
              -118.39395569839783,
              36.28680831106798
            ],
            [
              -118.39395187285373,
              36.28687326631379
            ]
          ]
        ]
      }
    },
    {
      "id": "1023",
      "type": "Feature",
      "properties": {
        "id": null,
        "SOURCE_FILE": "/Users/maples/GitHub/mortalitree_testing/labels/ajones16_mortalitree_prefire_labels.geojson",
        "SUNETID": "ajones16",
        "FIRENAME": "CASTLE",
        "FIRE_SLUG": "CASTLE",
        "PREFIRE": 1,
        "PREFIRE_STATUS": "prefire",
        "TILE_Z": 17,
        "TILE_X": 22430,
        "TILE_Y": 51340,
        "TILEXYZ": [
          17,
          22430,
          51340
        ],
        "OUTPUT_FILE": "/Users/maples/GitHub/mortalitree_testing/notebooks/single_tiles/prefire/17/22430/51340.geojson",
        "OUTPUT_STATUS_DIR": "prefire",
        "FEATURE_COUNT": 286
      },
      "geometry": {
        "type": "Polygon",
        "coordinates": [
          [
            [
              -118.39368020402857,
              36.28685347853142
            ],
            [
              -118.39358277962815,
              36.286849717458374
            ],
            [
              -118.39358824511967,
              36.2867569242977
            ],
            [
              -118.39368566940551,
              36.28676068535806
            ],
            [
              -118.39368020402857,
              36.28685347853142
            ]
          ]
        ]
      }
    },
    {
      "id": "1024",
      "type": "Feature",
      "properties": {
        "id": null,
        "SOURCE_FILE": "/Users/maples/GitHub/mortalitree_testing/labels/ajones16_mortalitree_prefire_labels.geojson",
        "SUNETID": "ajones16",
        "FIRENAME": "CASTLE",
        "FIRE_SLUG": "CASTLE",
        "PREFIRE": 1,
        "PREFIRE_STATUS": "prefire",
        "TILE_Z": 17,
        "TILE_X": 22430,
        "TILE_Y": 51340,
        "TILEXYZ": [
          17,
          22430,
          51340
        ],
        "OUTPUT_FILE": "/Users/maples/GitHub/mortalitree_testing/notebooks/single_tiles/prefire/17/22430/51340.geojson",
        "OUTPUT_STATUS_DIR": "prefire",
        "FEATURE_COUNT": 286
      },
      "geometry": {
        "type": "Polygon",
        "coordinates": [
          [
            [
              -118.39386495747691,
              36.28683735968479
            ],
            [
              -118.39375607137752,
              36.2868331562972
            ],
            [
              -118.39376153666059,
              36.28674036311358
            ],
            [
              -118.39387042263188,
              36.28674456648699
            ],
            [
              -118.39386495747691,
              36.28683735968479
            ]
          ]
        ]
      }
    },
    {
      "id": "1025",
      "type": "Feature",
      "properties": {
        "id": null,
        "SOURCE_FILE": "/Users/maples/GitHub/mortalitree_testing/labels/ajones16_mortalitree_prefire_labels.geojson",
        "SUNETID": "ajones16",
        "FIRENAME": "CASTLE",
        "FIRE_SLUG": "CASTLE",
        "PREFIRE": 1,
        "PREFIRE_STATUS": "prefire",
        "TILE_Z": 17,
        "TILE_X": 22430,
        "TILE_Y": 51340,
        "TILEXYZ": [
          17,
          22430,
          51340
        ],
        "OUTPUT_FILE": "/Users/maples/GitHub/mortalitree_testing/notebooks/single_tiles/prefire/17/22430/51340.geojson",
        "OUTPUT_STATUS_DIR": "prefire",
        "FEATURE_COUNT": 286
      },
      "geometry": {
        "type": "Polygon",
        "coordinates": [
          [
            [
              -118.39396811647278,
              36.286792514703194
            ],
            [
              -118.39389934633148,
              36.28678986000572
            ],
            [
              -118.39390289865241,
              36.286729544424
            ],
            [
              -118.39397166874116,
              36.28673219911566
            ],
            [
              -118.39396811647278,
              36.286792514703194
            ]
          ]
        ]
      }
    },
    {
      "id": "1026",
      "type": "Feature",
      "properties": {
        "id": null,
        "SOURCE_FILE": "/Users/maples/GitHub/mortalitree_testing/labels/ajones16_mortalitree_prefire_labels.geojson",
        "SUNETID": "ajones16",
        "FIRENAME": "CASTLE",
        "FIRE_SLUG": "CASTLE",
        "PREFIRE": 1,
        "PREFIRE_STATUS": "prefire",
        "TILE_Z": 17,
        "TILE_X": 22430,
        "TILE_Y": 51340,
        "TILEXYZ": [
          17,
          22430,
          51340
        ],
        "OUTPUT_FILE": "/Users/maples/GitHub/mortalitree_testing/notebooks/single_tiles/prefire/17/22430/51340.geojson",
        "OUTPUT_STATUS_DIR": "prefire",
        "FEATURE_COUNT": 286
      },
      "geometry": {
        "type": "Polygon",
        "coordinates": [
          [
            [
              -118.39267977565194,
              36.28667534697279
            ],
            [
              -118.39253650500889,
              36.286669814780254
            ],
            [
              -118.39254142503493,
              36.28658630105647
            ],
            [
              -118.39268469552633,
              36.2865918332322
            ],
            [
              -118.39267977565194,
              36.28667534697279
            ]
          ]
        ]
      }
    },
    {
      "id": "1027",
      "type": "Feature",
      "properties": {
        "id": null,
        "SOURCE_FILE": "/Users/maples/GitHub/mortalitree_testing/labels/ajones16_mortalitree_prefire_labels.geojson",
        "SUNETID": "ajones16",
        "FIRENAME": "CASTLE",
        "FIRE_SLUG": "CASTLE",
        "PREFIRE": 1,
        "PREFIRE_STATUS": "prefire",
        "TILE_Z": 17,
        "TILE_X": 22430,
        "TILE_Y": 51340,
        "TILEXYZ": [
          17,
          22430,
          51340
        ],
        "OUTPUT_FILE": "/Users/maples/GitHub/mortalitree_testing/notebooks/single_tiles/prefire/17/22430/51340.geojson",
        "OUTPUT_STATUS_DIR": "prefire",
        "FEATURE_COUNT": 286
      },
      "geometry": {
        "type": "Polygon",
        "coordinates": [
          [
            [
              -118.39272288902065,
              36.28672351376309
            ],
            [
              -118.39264265740155,
              36.28672041578173
            ],
            [
              -118.39264593735182,
              36.2866647399582
            ],
            [
              -118.3927261689143,
              36.28666783793328
            ],
            [
              -118.39272288902065,
              36.28672351376309
            ]
          ]
        ]
      }
    },
    {
      "id": "1028",
      "type": "Feature",
      "properties": {
        "id": null,
        "SOURCE_FILE": "/Users/maples/GitHub/mortalitree_testing/labels/ajones16_mortalitree_prefire_labels.geojson",
        "SUNETID": "ajones16",
        "FIRENAME": "CASTLE",
        "FIRE_SLUG": "CASTLE",
        "PREFIRE": 1,
        "PREFIRE_STATUS": "prefire",
        "TILE_Z": 17,
        "TILE_X": 22430,
        "TILE_Y": 51340,
        "TILEXYZ": [
          17,
          22430,
          51340
        ],
        "OUTPUT_FILE": "/Users/maples/GitHub/mortalitree_testing/notebooks/single_tiles/prefire/17/22430/51340.geojson",
        "OUTPUT_STATUS_DIR": "prefire",
        "FEATURE_COUNT": 286
      },
      "geometry": {
        "type": "Polygon",
        "coordinates": [
          [
            [
              -118.3933776948908,
              36.28686970113788
            ],
            [
              -118.39332038643036,
              36.28686748860571
            ],
            [
              -118.39332530565666,
              36.28678397479234
            ],
            [
              -118.39338261405643,
              36.28678618731778
            ],
            [
              -118.3933776948908,
              36.28686970113788
            ]
          ]
        ]
      }
    },
    {
      "id": "1029",
      "type": "Feature",
      "properties": {
        "id": null,
        "SOURCE_FILE": "/Users/maples/GitHub/mortalitree_testing/labels/ajones16_mortalitree_prefire_labels.geojson",
        "SUNETID": "ajones16",
        "FIRENAME": "CASTLE",
        "FIRE_SLUG": "CASTLE",
        "PREFIRE": 1,
        "PREFIRE_STATUS": "prefire",
        "TILE_Z": 17,
        "TILE_X": 22430,
        "TILE_Y": 51340,
        "TILEXYZ": [
          17,
          22430,
          51340
        ],
        "OUTPUT_FILE": "/Users/maples/GitHub/mortalitree_testing/notebooks/single_tiles/prefire/17/22430/51340.geojson",
        "OUTPUT_STATUS_DIR": "prefire",
        "FEATURE_COUNT": 286
      },
      "geometry": {
        "type": "Polygon",
        "coordinates": [
          [
            [
              -118.39328873428332,
              36.28681976451274
            ],
            [
              -118.3931913099786,
              36.28681600312374
            ],
            [
              -118.39319622933318,
              36.28673248932486
            ],
            [
              -118.39329365353476,
              36.28673625070245
            ],
            [
              -118.39328873428332,
              36.28681976451274
            ]
          ]
        ]
      }
    },
    {
      "id": "1030",
      "type": "Feature",
      "properties": {
        "id": null,
        "SOURCE_FILE": "/Users/maples/GitHub/mortalitree_testing/labels/ajones16_mortalitree_prefire_labels.geojson",
        "SUNETID": "ajones16",
        "FIRENAME": "CASTLE",
        "FIRE_SLUG": "CASTLE",
        "PREFIRE": 1,
        "PREFIRE_STATUS": "prefire",
        "TILE_Z": 17,
        "TILE_X": 22430,
        "TILE_Y": 51340,
        "TILEXYZ": [
          17,
          22430,
          51340
        ],
        "OUTPUT_FILE": "/Users/maples/GitHub/mortalitree_testing/notebooks/single_tiles/prefire/17/22430/51340.geojson",
        "OUTPUT_STATUS_DIR": "prefire",
        "FEATURE_COUNT": 286
      },
      "geometry": {
        "type": "Polygon",
        "coordinates": [
          [
            [
              -118.3932340138074,
              36.2868711292397
            ],
            [
              -118.39313085860216,
              36.286867146538036
            ],
            [
              -118.39313523142819,
              36.28679291205718
            ],
            [
              -118.3932383865364,
              36.28679689474811
            ],
            [
              -118.3932340138074,
              36.2868711292397
            ]
          ]
        ]
      }
    },
    {
      "id": "1031",
      "type": "Feature",
      "properties": {
        "id": null,
        "SOURCE_FILE": "/Users/maples/GitHub/mortalitree_testing/labels/ajones16_mortalitree_prefire_labels.geojson",
        "SUNETID": "ajones16",
        "FIRENAME": "CASTLE",
        "FIRE_SLUG": "CASTLE",
        "PREFIRE": 1,
        "PREFIRE_STATUS": "prefire",
        "TILE_Z": 17,
        "TILE_X": 22430,
        "TILE_Y": 51340,
        "TILEXYZ": [
          17,
          22430,
          51340
        ],
        "OUTPUT_FILE": "/Users/maples/GitHub/mortalitree_testing/notebooks/single_tiles/prefire/17/22430/51340.geojson",
        "OUTPUT_STATUS_DIR": "prefire",
        "FEATURE_COUNT": 286
      },
      "geometry": {
        "type": "Polygon",
        "coordinates": [
          [
            [
              -118.39276410705509,
              36.28660885013439
            ],
            [
              -118.39261510569578,
              36.28660309676473
            ],
            [
              -118.3926211189412,
              36.28650102442295
            ],
            [
              -118.39277012010767,
              36.28650677777128
            ],
            [
              -118.39276410705509,
              36.28660885013439
            ]
          ]
        ]
      }
    },
    {
      "id": "1032",
      "type": "Feature",
      "properties": {
        "id": null,
        "SOURCE_FILE": "/Users/maples/GitHub/mortalitree_testing/labels/ajones16_mortalitree_prefire_labels.geojson",
        "SUNETID": "ajones16",
        "FIRENAME": "CASTLE",
        "FIRE_SLUG": "CASTLE",
        "PREFIRE": 1,
        "PREFIRE_STATUS": "prefire",
        "TILE_Z": 17,
        "TILE_X": 22430,
        "TILE_Y": 51340,
        "TILEXYZ": [
          17,
          22430,
          51340
        ],
        "OUTPUT_FILE": "/Users/maples/GitHub/mortalitree_testing/notebooks/single_tiles/prefire/17/22430/51340.geojson",
        "OUTPUT_STATUS_DIR": "prefire",
        "FEATURE_COUNT": 286
      },
      "geometry": {
        "type": "Polygon",
        "coordinates": [
          [
            [
              -118.39280516166043,
              36.28678946828451
            ],
            [
              -118.39271919912954,
              36.2867861490707
            ],
            [
              -118.39272329900786,
              36.2867165542844
            ],
            [
              -118.39280926146292,
              36.28671987348981
            ],
            [
              -118.39280516166043,
              36.28678946828451
            ]
          ]
        ]
      }
    },
    {
      "id": "1033",
      "type": "Feature",
      "properties": {
        "id": null,
        "SOURCE_FILE": "/Users/maples/GitHub/mortalitree_testing/labels/ajones16_mortalitree_prefire_labels.geojson",
        "SUNETID": "ajones16",
        "FIRENAME": "CASTLE",
        "FIRE_SLUG": "CASTLE",
        "PREFIRE": 1,
        "PREFIRE_STATUS": "prefire",
        "TILE_Z": 17,
        "TILE_X": 22430,
        "TILE_Y": 51340,
        "TILEXYZ": [
          17,
          22430,
          51340
        ],
        "OUTPUT_FILE": "/Users/maples/GitHub/mortalitree_testing/notebooks/single_tiles/prefire/17/22430/51340.geojson",
        "OUTPUT_STATUS_DIR": "prefire",
        "FEATURE_COUNT": 286
      },
      "geometry": {
        "type": "Polygon",
        "coordinates": [
          [
            [
              -118.39286261990411,
              36.28664288023806
            ],
            [
              -118.39282250412639,
              36.286641331303905
            ],
            [
              -118.39282523730455,
              36.28659493477196
            ],
            [
              -118.39286535305868,
              36.286596483703505
            ],
            [
              -118.39286261990411,
              36.28664288023806
            ]
          ]
        ]
      }
    },
    {
      "id": "1034",
      "type": "Feature",
      "properties": {
        "id": null,
        "SOURCE_FILE": "/Users/maples/GitHub/mortalitree_testing/labels/ajones16_mortalitree_prefire_labels.geojson",
        "SUNETID": "ajones16",
        "FIRENAME": "CASTLE",
        "FIRE_SLUG": "CASTLE",
        "PREFIRE": 1,
        "PREFIRE_STATUS": "prefire",
        "TILE_Z": 17,
        "TILE_X": 22430,
        "TILE_Y": 51340,
        "TILEXYZ": [
          17,
          22430,
          51340
        ],
        "OUTPUT_FILE": "/Users/maples/GitHub/mortalitree_testing/notebooks/single_tiles/prefire/17/22430/51340.geojson",
        "OUTPUT_STATUS_DIR": "prefire",
        "FEATURE_COUNT": 286
      },
      "geometry": {
        "type": "Polygon",
        "coordinates": [
          [
            [
              -118.39344605512626,
              36.28687931562597
            ],
            [
              -118.39338874665327,
              36.286877103126066
            ],
            [
              -118.39339229937848,
              36.286816787588634
            ],
            [
              -118.39344960780765,
              36.28681900008368
            ],
            [
              -118.39344605512626,
              36.28687931562597
            ]
          ]
        ]
      }
    },
    {
      "id": "1035",
      "type": "Feature",
      "properties": {
        "id": null,
        "SOURCE_FILE": "/Users/maples/GitHub/mortalitree_testing/labels/ajones16_mortalitree_prefire_labels.geojson",
        "SUNETID": "ajones16",
        "FIRENAME": "CASTLE",
        "FIRE_SLUG": "CASTLE",
        "PREFIRE": 1,
        "PREFIRE_STATUS": "prefire",
        "TILE_Z": 17,
        "TILE_X": 22430,
        "TILE_Y": 51340,
        "TILEXYZ": [
          17,
          22430,
          51340
        ],
        "OUTPUT_FILE": "/Users/maples/GitHub/mortalitree_testing/notebooks/single_tiles/prefire/17/22430/51340.geojson",
        "OUTPUT_STATUS_DIR": "prefire",
        "FEATURE_COUNT": 286
      },
      "geometry": {
        "type": "Polygon",
        "coordinates": [
          [
            [
              -118.39335844445868,
              36.28700148884307
            ],
            [
              -118.39327821248308,
              36.28699839126783
            ],
            [
              -118.39328340507141,
              36.286910237805266
            ],
            [
              -118.39336363695735,
              36.28691333537059
            ],
            [
              -118.39335844445868,
              36.28700148884307
            ]
          ]
        ]
      }
    },
    {
      "id": "1036",
      "type": "Feature",
      "properties": {
        "id": null,
        "SOURCE_FILE": "/Users/maples/GitHub/mortalitree_testing/labels/ajones16_mortalitree_prefire_labels.geojson",
        "SUNETID": "ajones16",
        "FIRENAME": "CASTLE",
        "FIRE_SLUG": "CASTLE",
        "PREFIRE": 1,
        "PREFIRE_STATUS": "prefire",
        "TILE_Z": 17,
        "TILE_X": 22430,
        "TILE_Y": 51340,
        "TILEXYZ": [
          17,
          22430,
          51340
        ],
        "OUTPUT_FILE": "/Users/maples/GitHub/mortalitree_testing/notebooks/single_tiles/prefire/17/22430/51340.geojson",
        "OUTPUT_STATUS_DIR": "prefire",
        "FEATURE_COUNT": 286
      },
      "geometry": {
        "type": "Polygon",
        "coordinates": [
          [
            [
              -118.39324669278176,
              36.2869971743486
            ],
            [
              -118.39317792253082,
              36.286994519223384
            ],
            [
              -118.393182022033,
              36.2869249243945
            ],
            [
              -118.39325079222326,
              36.28692757951299
            ],
            [
              -118.39324669278176,
              36.2869971743486
            ]
          ]
        ]
      }
    },
    {
      "id": "1037",
      "type": "Feature",
      "properties": {
        "id": null,
        "SOURCE_FILE": "/Users/maples/GitHub/mortalitree_testing/labels/ajones16_mortalitree_prefire_labels.geojson",
        "SUNETID": "ajones16",
        "FIRENAME": "CASTLE",
        "FIRE_SLUG": "CASTLE",
        "PREFIRE": 1,
        "PREFIRE_STATUS": "prefire",
        "TILE_Z": 17,
        "TILE_X": 22430,
        "TILE_Y": 51340,
        "TILEXYZ": [
          17,
          22430,
          51340
        ],
        "OUTPUT_FILE": "/Users/maples/GitHub/mortalitree_testing/notebooks/single_tiles/prefire/17/22430/51340.geojson",
        "OUTPUT_STATUS_DIR": "prefire",
        "FEATURE_COUNT": 286
      },
      "geometry": {
        "type": "Polygon",
        "coordinates": [
          [
            [
              -118.39301499451848,
              36.28707890766863
            ],
            [
              -118.3929347625025,
              36.28707580985729
            ],
            [
              -118.39293886223278,
              36.287006215053204
            ],
            [
              -118.39301909417797,
              36.28700931285671
            ],
            [
              -118.39301499451848,
              36.28707890766863
            ]
          ]
        ]
      }
    },
    {
      "id": "1038",
      "type": "Feature",
      "properties": {
        "id": null,
        "SOURCE_FILE": "/Users/maples/GitHub/mortalitree_testing/labels/ajones16_mortalitree_prefire_labels.geojson",
        "SUNETID": "ajones16",
        "FIRENAME": "CASTLE",
        "FIRE_SLUG": "CASTLE",
        "PREFIRE": 1,
        "PREFIRE_STATUS": "prefire",
        "TILE_Z": 17,
        "TILE_X": 22430,
        "TILE_Y": 51340,
        "TILEXYZ": [
          17,
          22430,
          51340
        ],
        "OUTPUT_FILE": "/Users/maples/GitHub/mortalitree_testing/notebooks/single_tiles/prefire/17/22430/51340.geojson",
        "OUTPUT_STATUS_DIR": "prefire",
        "FEATURE_COUNT": 286
      },
      "geometry": {
        "type": "Polygon",
        "coordinates": [
          [
            [
              -118.39285917250834,
              36.287042664886286
            ],
            [
              -118.3927904022551,
              36.28704000953535
            ],
            [
              -118.39279395546193,
              36.286979694050466
            ],
            [
              -118.3928627256626,
              36.28698234939557
            ],
            [
              -118.39285917250834,
              36.287042664886286
            ]
          ]
        ]
      }
    },
    {
      "id": "1039",
      "type": "Feature",
      "properties": {
        "id": null,
        "SOURCE_FILE": "/Users/maples/GitHub/mortalitree_testing/labels/ajones16_mortalitree_prefire_labels.geojson",
        "SUNETID": "ajones16",
        "FIRENAME": "CASTLE",
        "FIRE_SLUG": "CASTLE",
        "PREFIRE": 1,
        "PREFIRE_STATUS": "prefire",
        "TILE_Z": 17,
        "TILE_X": 22430,
        "TILE_Y": 51340,
        "TILEXYZ": [
          17,
          22430,
          51340
        ],
        "OUTPUT_FILE": "/Users/maples/GitHub/mortalitree_testing/notebooks/single_tiles/prefire/17/22430/51340.geojson",
        "OUTPUT_STATUS_DIR": "prefire",
        "FEATURE_COUNT": 286
      },
      "geometry": {
        "type": "Polygon",
        "coordinates": [
          [
            [
              -118.39232359689639,
              36.28716381550147
            ],
            [
              -118.39223190315494,
              36.28716027460399
            ],
            [
              -118.39223791702177,
              36.2870582023269
            ],
            [
              -118.39232961064461,
              36.28706174321125
            ],
            [
              -118.39232359689639,
              36.28716381550147
            ]
          ]
        ]
      }
    },
    {
      "id": "1040",
      "type": "Feature",
      "properties": {
        "id": null,
        "SOURCE_FILE": "/Users/maples/GitHub/mortalitree_testing/labels/ajones16_mortalitree_prefire_labels.geojson",
        "SUNETID": "ajones16",
        "FIRENAME": "CASTLE",
        "FIRE_SLUG": "CASTLE",
        "PREFIRE": 1,
        "PREFIRE_STATUS": "prefire",
        "TILE_Z": 17,
        "TILE_X": 22430,
        "TILE_Y": 51340,
        "TILEXYZ": [
          17,
          22430,
          51340
        ],
        "OUTPUT_FILE": "/Users/maples/GitHub/mortalitree_testing/notebooks/single_tiles/prefire/17/22430/51340.geojson",
        "OUTPUT_STATUS_DIR": "prefire",
        "FEATURE_COUNT": 286
      },
      "geometry": {
        "type": "Polygon",
        "coordinates": [
          [
            [
              -118.39362533528211,
              36.287053644376726
            ],
            [
              -118.39356802666717,
              36.287051431953635
            ],
            [
              -118.39357294566264,
              36.28696791811367
            ],
            [
              -118.39363025421692,
              36.28697013053003
            ],
            [
              -118.39362533528211,
              36.287053644376726
            ]
          ]
        ]
      }
    },
    {
      "id": "1041",
      "type": "Feature",
      "properties": {
        "id": null,
        "SOURCE_FILE": "/Users/maples/GitHub/mortalitree_testing/labels/ajones16_mortalitree_prefire_labels.geojson",
        "SUNETID": "ajones16",
        "FIRENAME": "CASTLE",
        "FIRE_SLUG": "CASTLE",
        "PREFIRE": 1,
        "PREFIRE_STATUS": "prefire",
        "TILE_Z": 17,
        "TILE_X": 22430,
        "TILE_Y": 51340,
        "TILEXYZ": [
          17,
          22430,
          51340
        ],
        "OUTPUT_FILE": "/Users/maples/GitHub/mortalitree_testing/notebooks/single_tiles/prefire/17/22430/51340.geojson",
        "OUTPUT_STATUS_DIR": "prefire",
        "FEATURE_COUNT": 286
      },
      "geometry": {
        "type": "Polygon",
        "coordinates": [
          [
            [
              -118.39390137690427,
              36.2869991977741
            ],
            [
              -118.39385553002582,
              36.28699742794594
            ],
            [
              -118.39385880914766,
              36.28694175202975
            ],
            [
              -118.39390465599378,
              36.28694352185433
            ],
            [
              -118.39390137690427,
              36.2869991977741
            ]
          ]
        ]
      }
    },
    {
      "id": "1042",
      "type": "Feature",
      "properties": {
        "id": null,
        "SOURCE_FILE": "/Users/maples/GitHub/mortalitree_testing/labels/ajones16_mortalitree_prefire_labels.geojson",
        "SUNETID": "ajones16",
        "FIRENAME": "CASTLE",
        "FIRE_SLUG": "CASTLE",
        "PREFIRE": 1,
        "PREFIRE_STATUS": "prefire",
        "TILE_Z": 17,
        "TILE_X": 22430,
        "TILE_Y": 51340,
        "TILEXYZ": [
          17,
          22430,
          51340
        ],
        "OUTPUT_FILE": "/Users/maples/GitHub/mortalitree_testing/notebooks/single_tiles/prefire/17/22430/51340.geojson",
        "OUTPUT_STATUS_DIR": "prefire",
        "FEATURE_COUNT": 286
      },
      "geometry": {
        "type": "Polygon",
        "coordinates": [
          [
            [
              -118.39189477967092,
              36.28674036254603
            ],
            [
              -118.39181454812828,
              36.28673726400781
            ],
            [
              -118.39182028906833,
              36.286639831430215
            ],
            [
              -118.39190052051188,
              36.28664292995746
            ],
            [
              -118.39189477967092,
              36.28674036254603
            ]
          ]
        ]
      }
    },
    {
      "id": "1043",
      "type": "Feature",
      "properties": {
        "id": null,
        "SOURCE_FILE": "/Users/maples/GitHub/mortalitree_testing/labels/ajones16_mortalitree_prefire_labels.geojson",
        "SUNETID": "ajones16",
        "FIRENAME": "CASTLE",
        "FIRE_SLUG": "CASTLE",
        "PREFIRE": 1,
        "PREFIRE_STATUS": "prefire",
        "TILE_Z": 17,
        "TILE_X": 22430,
        "TILE_Y": 51340,
        "TILEXYZ": [
          17,
          22430,
          51340
        ],
        "OUTPUT_FILE": "/Users/maples/GitHub/mortalitree_testing/notebooks/single_tiles/prefire/17/22430/51340.geojson",
        "OUTPUT_STATUS_DIR": "prefire",
        "FEATURE_COUNT": 286
      },
      "geometry": {
        "type": "Polygon",
        "coordinates": [
          [
            [
              -118.39180731371832,
              36.286762560737046
            ],
            [
              -118.39174427463801,
              36.286760126128435
            ],
            [
              -118.39174810199589,
              36.28669517108364
            ],
            [
              -118.39181114102429,
              36.28669760568651
            ],
            [
              -118.39180731371832,
              36.286762560737046
            ]
          ]
        ]
      }
    },
    {
      "id": "1044",
      "type": "Feature",
      "properties": {
        "id": null,
        "SOURCE_FILE": "/Users/maples/GitHub/mortalitree_testing/labels/ajones16_mortalitree_prefire_labels.geojson",
        "SUNETID": "ajones16",
        "FIRENAME": "CASTLE",
        "FIRE_SLUG": "CASTLE",
        "PREFIRE": 1,
        "PREFIRE_STATUS": "prefire",
        "TILE_Z": 17,
        "TILE_X": 22430,
        "TILE_Y": 51340,
        "TILEXYZ": [
          17,
          22430,
          51340
        ],
        "OUTPUT_FILE": "/Users/maples/GitHub/mortalitree_testing/notebooks/single_tiles/prefire/17/22430/51340.geojson",
        "OUTPUT_STATUS_DIR": "prefire",
        "FEATURE_COUNT": 286
      },
      "geometry": {
        "type": "Polygon",
        "coordinates": [
          [
            [
              -118.3920504589029,
              36.286827753301964
            ],
            [
              -118.39197595808491,
              36.28682487618074
            ],
            [
              -118.3919792385213,
              36.28676920041053
            ],
            [
              -118.39205373928672,
              36.28677207752593
            ],
            [
              -118.3920504589029,
              36.286827753301964
            ]
          ]
        ]
      }
    },
    {
      "id": "1045",
      "type": "Feature",
      "properties": {
        "id": null,
        "SOURCE_FILE": "/Users/maples/GitHub/mortalitree_testing/labels/ajones16_mortalitree_prefire_labels.geojson",
        "SUNETID": "ajones16",
        "FIRENAME": "CASTLE",
        "FIRE_SLUG": "CASTLE",
        "PREFIRE": 1,
        "PREFIRE_STATUS": "prefire",
        "TILE_Z": 17,
        "TILE_X": 22430,
        "TILE_Y": 51340,
        "TILEXYZ": [
          17,
          22430,
          51340
        ],
        "OUTPUT_FILE": "/Users/maples/GitHub/mortalitree_testing/notebooks/single_tiles/prefire/17/22430/51340.geojson",
        "OUTPUT_STATUS_DIR": "prefire",
        "FEATURE_COUNT": 286
      },
      "geometry": {
        "type": "Polygon",
        "coordinates": [
          [
            [
              -118.39183013565113,
              36.286423977195255
            ],
            [
              -118.39172125043858,
              36.28641977199579
            ],
            [
              -118.39172540317648,
              36.28634929429455
            ],
            [
              -118.3918345360671,
              36.28634929429455
            ],
            [
              -118.39183013565113,
              36.286423977195255
            ]
          ]
        ]
      }
    },
    {
      "id": "1046",
      "type": "Feature",
      "properties": {
        "id": null,
        "SOURCE_FILE": "/Users/maples/GitHub/mortalitree_testing/labels/ajones16_mortalitree_prefire_labels.geojson",
        "SUNETID": "ajones16",
        "FIRENAME": "CASTLE",
        "FIRE_SLUG": "CASTLE",
        "PREFIRE": 1,
        "PREFIRE_STATUS": "prefire",
        "TILE_Z": 17,
        "TILE_X": 22430,
        "TILE_Y": 51340,
        "TILEXYZ": [
          17,
          22430,
          51340
        ],
        "OUTPUT_FILE": "/Users/maples/GitHub/mortalitree_testing/notebooks/single_tiles/prefire/17/22430/51340.geojson",
        "OUTPUT_STATUS_DIR": "prefire",
        "FEATURE_COUNT": 286
      },
      "geometry": {
        "type": "Polygon",
        "coordinates": [
          [
            [
              -118.39154685550837,
              36.28655254269213
            ],
            [
              -118.39148381662014,
              36.28655010795828
            ],
            [
              -118.39148737076887,
              36.286489792579616
            ],
            [
              -118.39155040960891,
              36.28649222730814
            ],
            [
              -118.39154685550837,
              36.28655254269213
            ]
          ]
        ]
      }
    },
    {
      "id": "1047",
      "type": "Feature",
      "properties": {
        "id": null,
        "SOURCE_FILE": "/Users/maples/GitHub/mortalitree_testing/labels/ajones16_mortalitree_prefire_labels.geojson",
        "SUNETID": "ajones16",
        "FIRENAME": "CASTLE",
        "FIRE_SLUG": "CASTLE",
        "PREFIRE": 1,
        "PREFIRE_STATUS": "prefire",
        "TILE_Z": 17,
        "TILE_X": 22430,
        "TILE_Y": 51340,
        "TILEXYZ": [
          17,
          22430,
          51340
        ],
        "OUTPUT_FILE": "/Users/maples/GitHub/mortalitree_testing/notebooks/single_tiles/prefire/17/22430/51340.geojson",
        "OUTPUT_STATUS_DIR": "prefire",
        "FEATURE_COUNT": 286
      },
      "geometry": {
        "type": "Polygon",
        "coordinates": [
          [
            [
              -118.39173721771941,
              36.28639248743971
            ],
            [
              -118.39167417894298,
              36.2863900528154
            ],
            [
              -118.39167658056985,
              36.28634929429455
            ],
            [
              -118.39173976276767,
              36.28634929429455
            ],
            [
              -118.39173721771941,
              36.28639248743971
            ]
          ]
        ]
      }
    },
    {
      "id": "1048",
      "type": "Feature",
      "properties": {
        "id": null,
        "SOURCE_FILE": "/Users/maples/GitHub/mortalitree_testing/labels/ajones16_mortalitree_prefire_labels.geojson",
        "SUNETID": "ajones16",
        "FIRENAME": "CASTLE",
        "FIRE_SLUG": "CASTLE",
        "PREFIRE": 1,
        "PREFIRE_STATUS": "prefire",
        "TILE_Z": 17,
        "TILE_X": 22430,
        "TILE_Y": 51340,
        "TILEXYZ": [
          17,
          22430,
          51340
        ],
        "OUTPUT_FILE": "/Users/maples/GitHub/mortalitree_testing/notebooks/single_tiles/prefire/17/22430/51340.geojson",
        "OUTPUT_STATUS_DIR": "prefire",
        "FEATURE_COUNT": 286
      },
      "geometry": {
        "type": "Polygon",
        "coordinates": [
          [
            [
              -118.39167604120381,
              36.286845844752285
            ],
            [
              -118.39162446372863,
              36.28684385274169
            ],
            [
              -118.39162856458768,
              36.28677425806356
            ],
            [
              -118.39168014201735,
              36.2867762500691
            ],
            [
              -118.39167604120381,
              36.286845844752285
            ]
          ]
        ]
      }
    },
    {
      "id": "1049",
      "type": "Feature",
      "properties": {
        "id": null,
        "SOURCE_FILE": "/Users/maples/GitHub/mortalitree_testing/labels/ajones16_mortalitree_prefire_labels.geojson",
        "SUNETID": "ajones16",
        "FIRENAME": "CASTLE",
        "FIRE_SLUG": "CASTLE",
        "PREFIRE": 1,
        "PREFIRE_STATUS": "prefire",
        "TILE_Z": 17,
        "TILE_X": 22430,
        "TILE_Y": 51340,
        "TILEXYZ": [
          17,
          22430,
          51340
        ],
        "OUTPUT_FILE": "/Users/maples/GitHub/mortalitree_testing/notebooks/single_tiles/prefire/17/22430/51340.geojson",
        "OUTPUT_STATUS_DIR": "prefire",
        "FEATURE_COUNT": 286
      },
      "geometry": {
        "type": "Polygon",
        "coordinates": [
          [
            [
              -118.39156470010585,
              36.28683456923419
            ],
            [
              -118.39149019933244,
              36.28683169180985
            ],
            [
              -118.39149375351283,
              36.2867713764335
            ],
            [
              -118.3915682542293,
              36.28677425385153
            ],
            [
              -118.39156470010585,
              36.28683456923419
            ]
          ]
        ]
      }
    },
    {
      "id": "1050",
      "type": "Feature",
      "properties": {
        "id": null,
        "SOURCE_FILE": "/Users/maples/GitHub/mortalitree_testing/labels/ajones16_mortalitree_prefire_labels.geojson",
        "SUNETID": "ajones16",
        "FIRENAME": "CASTLE",
        "FIRE_SLUG": "CASTLE",
        "PREFIRE": 1,
        "PREFIRE_STATUS": "prefire",
        "TILE_Z": 17,
        "TILE_X": 22430,
        "TILE_Y": 51340,
        "TILEXYZ": [
          17,
          22430,
          51340
        ],
        "OUTPUT_FILE": "/Users/maples/GitHub/mortalitree_testing/notebooks/single_tiles/prefire/17/22430/51340.geojson",
        "OUTPUT_STATUS_DIR": "prefire",
        "FEATURE_COUNT": 286
      },
      "geometry": {
        "type": "Polygon",
        "coordinates": [
          [
            [
              -118.3915817506777,
              36.286886380011204
            ],
            [
              -118.39151298068552,
              36.286883723935404
            ],
            [
              -118.3915159880605,
              36.28683268784659
            ],
            [
              -118.39158475800821,
              36.28683534391746
            ],
            [
              -118.3915817506777,
              36.286886380011204
            ]
          ]
        ]
      }
    },
    {
      "id": "1051",
      "type": "Feature",
      "properties": {
        "id": null,
        "SOURCE_FILE": "/Users/maples/GitHub/mortalitree_testing/labels/ajones16_mortalitree_prefire_labels.geojson",
        "SUNETID": "ajones16",
        "FIRENAME": "CASTLE",
        "FIRE_SLUG": "CASTLE",
        "PREFIRE": 1,
        "PREFIRE_STATUS": "prefire",
        "TILE_Z": 17,
        "TILE_X": 22430,
        "TILE_Y": 51340,
        "TILEXYZ": [
          17,
          22430,
          51340
        ],
        "OUTPUT_FILE": "/Users/maples/GitHub/mortalitree_testing/notebooks/single_tiles/prefire/17/22430/51340.geojson",
        "OUTPUT_STATUS_DIR": "prefire",
        "FEATURE_COUNT": 286
      },
      "geometry": {
        "type": "Polygon",
        "coordinates": [
          [
            [
              -118.39151296487977,
              36.287030204744994
            ],
            [
              -118.39142127139948,
              36.28702666323707
            ],
            [
              -118.3914259192742,
              36.28694778929343
            ],
            [
              -118.3915176126628,
              36.2869513307912
            ],
            [
              -118.39151296487977,
              36.287030204744994
            ]
          ]
        ]
      }
    },
    {
      "id": "1052",
      "type": "Feature",
      "properties": {
        "id": null,
        "SOURCE_FILE": "/Users/maples/GitHub/mortalitree_testing/labels/ajones16_mortalitree_prefire_labels.geojson",
        "SUNETID": "ajones16",
        "FIRENAME": "CASTLE",
        "FIRE_SLUG": "CASTLE",
        "PREFIRE": 1,
        "PREFIRE_STATUS": "prefire",
        "TILE_Z": 17,
        "TILE_X": 22430,
        "TILE_Y": 51340,
        "TILEXYZ": [
          17,
          22430,
          51340
        ],
        "OUTPUT_FILE": "/Users/maples/GitHub/mortalitree_testing/notebooks/single_tiles/prefire/17/22430/51340.geojson",
        "OUTPUT_STATUS_DIR": "prefire",
        "FEATURE_COUNT": 286
      },
      "geometry": {
        "type": "Polygon",
        "coordinates": [
          [
            [
              -118.39178186866765,
              36.287389355618515
            ],
            [
              -118.39170163647344,
              36.28738625695706
            ],
            [
              -118.3917054639542,
              36.28732130192299
            ],
            [
              -118.39178569608235,
              36.28732440057711
            ],
            [
              -118.39178186866765,
              36.287389355618515
            ]
          ]
        ]
      }
    },
    {
      "id": "1053",
      "type": "Feature",
      "properties": {
        "id": null,
        "SOURCE_FILE": "/Users/maples/GitHub/mortalitree_testing/labels/ajones16_mortalitree_prefire_labels.geojson",
        "SUNETID": "ajones16",
        "FIRENAME": "CASTLE",
        "FIRE_SLUG": "CASTLE",
        "PREFIRE": 1,
        "PREFIRE_STATUS": "prefire",
        "TILE_Z": 17,
        "TILE_X": 22430,
        "TILE_Y": 51340,
        "TILEXYZ": [
          17,
          22430,
          51340
        ],
        "OUTPUT_FILE": "/Users/maples/GitHub/mortalitree_testing/notebooks/single_tiles/prefire/17/22430/51340.geojson",
        "OUTPUT_STATUS_DIR": "prefire",
        "FEATURE_COUNT": 286
      },
      "geometry": {
        "type": "Polygon",
        "coordinates": [
          [
            [
              -118.39175376623392,
              36.28733014272356
            ],
            [
              -118.39167353410349,
              36.2873270440476
            ],
            [
              -118.39167708820709,
              36.287266728660626
            ],
            [
              -118.3917573202762,
              36.28726982732981
            ],
            [
              -118.39175376623392,
              36.28733014272356
            ]
          ]
        ]
      }
    },
    {
      "id": "1054",
      "type": "Feature",
      "properties": {
        "id": null,
        "SOURCE_FILE": "/Users/maples/GitHub/mortalitree_testing/labels/ajones16_mortalitree_prefire_labels.geojson",
        "SUNETID": "ajones16",
        "FIRENAME": "CASTLE",
        "FIRE_SLUG": "CASTLE",
        "PREFIRE": 1,
        "PREFIRE_STATUS": "prefire",
        "TILE_Z": 17,
        "TILE_X": 22430,
        "TILE_Y": 51340,
        "TILEXYZ": [
          17,
          22430,
          51340
        ],
        "OUTPUT_FILE": "/Users/maples/GitHub/mortalitree_testing/notebooks/single_tiles/prefire/17/22430/51340.geojson",
        "OUTPUT_STATUS_DIR": "prefire",
        "FEATURE_COUNT": 286
      },
      "geometry": {
        "type": "Polygon",
        "coordinates": [
          [
            [
              -118.39194575031004,
              36.28733755719489
            ],
            [
              -118.39187124901844,
              36.287334679973796
            ],
            [
              -118.39187562311226,
              36.28726044563065
            ],
            [
              -118.39195012433375,
              36.287263322843984
            ],
            [
              -118.39194575031004,
              36.28733755719489
            ]
          ]
        ]
      }
    },
    {
      "id": "1055",
      "type": "Feature",
      "properties": {
        "id": null,
        "SOURCE_FILE": "/Users/maples/GitHub/mortalitree_testing/labels/ajones16_mortalitree_prefire_labels.geojson",
        "SUNETID": "ajones16",
        "FIRENAME": "CASTLE",
        "FIRE_SLUG": "CASTLE",
        "PREFIRE": 1,
        "PREFIRE_STATUS": "prefire",
        "TILE_Z": 17,
        "TILE_X": 22430,
        "TILE_Y": 51340,
        "TILEXYZ": [
          17,
          22430,
          51340
        ],
        "OUTPUT_FILE": "/Users/maples/GitHub/mortalitree_testing/notebooks/single_tiles/prefire/17/22430/51340.geojson",
        "OUTPUT_STATUS_DIR": "prefire",
        "FEATURE_COUNT": 286
      },
      "geometry": {
        "type": "Polygon",
        "coordinates": [
          [
            [
              -118.39196663849205,
              36.2872267589722
            ],
            [
              -118.3919035990242,
              36.28722432442091
            ],
            [
              -118.39190687955987,
              36.28716864866009
            ],
            [
              -118.39196991898322,
              36.287171083206474
            ],
            [
              -118.39196663849205,
              36.2872267589722
            ]
          ]
        ]
      }
    },
    {
      "id": "1056",
      "type": "Feature",
      "properties": {
        "id": null,
        "SOURCE_FILE": "/Users/maples/GitHub/mortalitree_testing/labels/ajones16_mortalitree_prefire_labels.geojson",
        "SUNETID": "ajones16",
        "FIRENAME": "CASTLE",
        "FIRE_SLUG": "CASTLE",
        "PREFIRE": 1,
        "PREFIRE_STATUS": "prefire",
        "TILE_Z": 17,
        "TILE_X": 22430,
        "TILE_Y": 51340,
        "TILEXYZ": [
          17,
          22430,
          51340
        ],
        "OUTPUT_FILE": "/Users/maples/GitHub/mortalitree_testing/notebooks/single_tiles/prefire/17/22430/51340.geojson",
        "OUTPUT_STATUS_DIR": "prefire",
        "FEATURE_COUNT": 286
      },
      "geometry": {
        "type": "Polygon",
        "coordinates": [
          [
            [
              -118.39189377757658,
              36.2871960438918
            ],
            [
              -118.3918479307128,
              36.28719427328567
            ],
            [
              -118.39185175804546,
              36.2871293182361
            ],
            [
              -118.39189760487149,
              36.28713108883806
            ],
            [
              -118.39189377757658,
              36.2871960438918
            ]
          ]
        ]
      }
    },
    {
      "id": "1057",
      "type": "Feature",
      "properties": {
        "id": null,
        "SOURCE_FILE": "/Users/maples/GitHub/mortalitree_testing/labels/ajones16_mortalitree_prefire_labels.geojson",
        "SUNETID": "ajones16",
        "FIRENAME": "CASTLE",
        "FIRE_SLUG": "CASTLE",
        "PREFIRE": 1,
        "PREFIRE_STATUS": "prefire",
        "TILE_Z": 17,
        "TILE_X": 22430,
        "TILE_Y": 51340,
        "TILEXYZ": [
          17,
          22430,
          51340
        ],
        "OUTPUT_FILE": "/Users/maples/GitHub/mortalitree_testing/notebooks/single_tiles/prefire/17/22430/51340.geojson",
        "OUTPUT_STATUS_DIR": "prefire",
        "FEATURE_COUNT": 286
      },
      "geometry": {
        "type": "Polygon",
        "coordinates": [
          [
            [
              -118.39173631054675,
              36.287236464482184
            ],
            [
              -118.3916560785142,
              36.28723336580135
            ],
            [
              -118.3916601794035,
              36.28716377112464
            ],
            [
              -118.39174041136528,
              36.28716686979763
            ],
            [
              -118.39173631054675,
              36.287236464482184
            ]
          ]
        ]
      }
    },
    {
      "id": "1058",
      "type": "Feature",
      "properties": {
        "id": null,
        "SOURCE_FILE": "/Users/maples/GitHub/mortalitree_testing/labels/ajones16_mortalitree_prefire_labels.geojson",
        "SUNETID": "ajones16",
        "FIRENAME": "CASTLE",
        "FIRE_SLUG": "CASTLE",
        "PREFIRE": 1,
        "PREFIRE_STATUS": "prefire",
        "TILE_Z": 17,
        "TILE_X": 22430,
        "TILE_Y": 51340,
        "TILEXYZ": [
          17,
          22430,
          51340
        ],
        "OUTPUT_FILE": "/Users/maples/GitHub/mortalitree_testing/notebooks/single_tiles/prefire/17/22430/51340.geojson",
        "OUTPUT_STATUS_DIR": "prefire",
        "FEATURE_COUNT": 286
      },
      "geometry": {
        "type": "Polygon",
        "coordinates": [
          [
            [
              -118.39197699170894,
              36.28739224106894
            ],
            [
              -118.39190822123454,
              36.287389585188734
            ],
            [
              -118.39191150178671,
              36.28733390942911
            ],
            [
              -118.39198027221259,
              36.287336565303924
            ],
            [
              -118.39197699170894,
              36.28739224106894
            ]
          ]
        ]
      }
    },
    {
      "id": "1059",
      "type": "Feature",
      "properties": {
        "id": null,
        "SOURCE_FILE": "/Users/maples/GitHub/mortalitree_testing/labels/ajones16_mortalitree_prefire_labels.geojson",
        "SUNETID": "ajones16",
        "FIRENAME": "CASTLE",
        "FIRE_SLUG": "CASTLE",
        "PREFIRE": 1,
        "PREFIRE_STATUS": "prefire",
        "TILE_Z": 17,
        "TILE_X": 22430,
        "TILE_Y": 51340,
        "TILEXYZ": [
          17,
          22430,
          51340
        ],
        "OUTPUT_FILE": "/Users/maples/GitHub/mortalitree_testing/notebooks/single_tiles/prefire/17/22430/51340.geojson",
        "OUTPUT_STATUS_DIR": "prefire",
        "FEATURE_COUNT": 286
      },
      "geometry": {
        "type": "Polygon",
        "coordinates": [
          [
            [
              -118.392655808923,
              36.2876184133609
            ],
            [
              -118.39256984550101,
              36.28761509397477
            ],
            [
              -118.39257394563609,
              36.2875454992128
            ],
            [
              -118.39265990898224,
              36.287548818590516
            ],
            [
              -118.392655808923,
              36.2876184133609
            ]
          ]
        ]
      }
    },
    {
      "id": "1060",
      "type": "Feature",
      "properties": {
        "id": null,
        "SOURCE_FILE": "/Users/maples/GitHub/mortalitree_testing/labels/ajones16_mortalitree_prefire_labels.geojson",
        "SUNETID": "ajones16",
        "FIRENAME": "CASTLE",
        "FIRE_SLUG": "CASTLE",
        "PREFIRE": 1,
        "PREFIRE_STATUS": "prefire",
        "TILE_Z": 17,
        "TILE_X": 22430,
        "TILE_Y": 51340,
        "TILEXYZ": [
          17,
          22430,
          51340
        ],
        "OUTPUT_FILE": "/Users/maples/GitHub/mortalitree_testing/notebooks/single_tiles/prefire/17/22430/51340.geojson",
        "OUTPUT_STATUS_DIR": "prefire",
        "FEATURE_COUNT": 286
      },
      "geometry": {
        "type": "Polygon",
        "coordinates": [
          [
            [
              -118.39261145587842,
              36.28768877891243
            ],
            [
              -118.39253122328377,
              36.287685680785735
            ],
            [
              -118.39253532346372,
              36.28761608602835
            ],
            [
              -118.39261555598759,
              36.28761918414722
            ],
            [
              -118.39261145587842,
              36.28768877891243
            ]
          ]
        ]
      }
    },
    {
      "id": "1061",
      "type": "Feature",
      "properties": {
        "id": null,
        "SOURCE_FILE": "/Users/maples/GitHub/mortalitree_testing/labels/ajones16_mortalitree_prefire_labels.geojson",
        "SUNETID": "ajones16",
        "FIRENAME": "CASTLE",
        "FIRE_SLUG": "CASTLE",
        "PREFIRE": 1,
        "PREFIRE_STATUS": "prefire",
        "TILE_Z": 17,
        "TILE_X": 22430,
        "TILE_Y": 51340,
        "TILEXYZ": [
          17,
          22430,
          51340
        ],
        "OUTPUT_FILE": "/Users/maples/GitHub/mortalitree_testing/notebooks/single_tiles/prefire/17/22430/51340.geojson",
        "OUTPUT_STATUS_DIR": "prefire",
        "FEATURE_COUNT": 286
      },
      "geometry": {
        "type": "Polygon",
        "coordinates": [
          [
            [
              -118.39287889497187,
              36.28773165694328
            ],
            [
              -118.39281012411215,
              36.28772900156051
            ],
            [
              -118.3928125840771,
              36.28768724469009
            ],
            [
              -118.39288135490042,
              36.28768990006884
            ],
            [
              -118.39287889497187,
              36.28773165694328
            ]
          ]
        ]
      }
    },
    {
      "id": "1062",
      "type": "Feature",
      "properties": {
        "id": null,
        "SOURCE_FILE": "/Users/maples/GitHub/mortalitree_testing/labels/ajones16_mortalitree_prefire_labels.geojson",
        "SUNETID": "ajones16",
        "FIRENAME": "CASTLE",
        "FIRE_SLUG": "CASTLE",
        "PREFIRE": 1,
        "PREFIRE_STATUS": "prefire",
        "TILE_Z": 17,
        "TILE_X": 22430,
        "TILE_Y": 51340,
        "TILEXYZ": [
          17,
          22430,
          51340
        ],
        "OUTPUT_FILE": "/Users/maples/GitHub/mortalitree_testing/notebooks/single_tiles/prefire/17/22430/51340.geojson",
        "OUTPUT_STATUS_DIR": "prefire",
        "FEATURE_COUNT": 286
      },
      "geometry": {
        "type": "Polygon",
        "coordinates": [
          [
            [
              -118.39268393959556,
              36.28738466418277
            ],
            [
              -118.39263236169246,
              36.28738267258159
            ],
            [
              -118.3926356417294,
              36.28732699676504
            ],
            [
              -118.39268721959608,
              36.28732898836216
            ],
            [
              -118.39268393959556,
              36.28738466418277
            ]
          ]
        ]
      }
    },
    {
      "id": "1063",
      "type": "Feature",
      "properties": {
        "id": null,
        "SOURCE_FILE": "/Users/maples/GitHub/mortalitree_testing/labels/ajones16_mortalitree_prefire_labels.geojson",
        "SUNETID": "ajones16",
        "FIRENAME": "CASTLE",
        "FIRE_SLUG": "CASTLE",
        "PREFIRE": 1,
        "PREFIRE_STATUS": "prefire",
        "TILE_Z": 17,
        "TILE_X": 22430,
        "TILE_Y": 51340,
        "TILEXYZ": [
          17,
          22430,
          51340
        ],
        "OUTPUT_FILE": "/Users/maples/GitHub/mortalitree_testing/notebooks/single_tiles/prefire/17/22430/51340.geojson",
        "OUTPUT_STATUS_DIR": "prefire",
        "FEATURE_COUNT": 286
      },
      "geometry": {
        "type": "Polygon",
        "coordinates": [
          [
            [
              -118.39269349713568,
              36.28731993034579
            ],
            [
              -118.39263618840135,
              36.287317717462194
            ],
            [
              -118.39263892175732,
              36.28727132094768
            ],
            [
              -118.39269623045797,
              36.287273533827545
            ],
            [
              -118.39269349713568,
              36.28731993034579
            ]
          ]
        ]
      }
    },
    {
      "id": "1064",
      "type": "Feature",
      "properties": {
        "id": null,
        "SOURCE_FILE": "/Users/maples/GitHub/mortalitree_testing/labels/ajones16_mortalitree_prefire_labels.geojson",
        "SUNETID": "ajones16",
        "FIRENAME": "CASTLE",
        "FIRE_SLUG": "CASTLE",
        "PREFIRE": 1,
        "PREFIRE_STATUS": "prefire",
        "TILE_Z": 17,
        "TILE_X": 22430,
        "TILE_Y": 51340,
        "TILEXYZ": [
          17,
          22430,
          51340
        ],
        "OUTPUT_FILE": "/Users/maples/GitHub/mortalitree_testing/notebooks/single_tiles/prefire/17/22430/51340.geojson",
        "OUTPUT_STATUS_DIR": "prefire",
        "FEATURE_COUNT": 286
      },
      "geometry": {
        "type": "Polygon",
        "coordinates": [
          [
            [
              -118.39311770142983,
              36.28752929302992
            ],
            [
              -118.39303173804959,
              36.28752597398284
            ],
            [
              -118.39303583776116,
              36.287456379174486
            ],
            [
              -118.39312180106556,
              36.28745969821317
            ],
            [
              -118.39311770142983,
              36.28752929302992
            ]
          ]
        ]
      }
    },
    {
      "id": "1065",
      "type": "Feature",
      "properties": {
        "id": null,
        "SOURCE_FILE": "/Users/maples/GitHub/mortalitree_testing/labels/ajones16_mortalitree_prefire_labels.geojson",
        "SUNETID": "ajones16",
        "FIRENAME": "CASTLE",
        "FIRE_SLUG": "CASTLE",
        "PREFIRE": 1,
        "PREFIRE_STATUS": "prefire",
        "TILE_Z": 17,
        "TILE_X": 22430,
        "TILE_Y": 51340,
        "TILEXYZ": [
          17,
          22430,
          51340
        ],
        "OUTPUT_FILE": "/Users/maples/GitHub/mortalitree_testing/notebooks/single_tiles/prefire/17/22430/51340.geojson",
        "OUTPUT_STATUS_DIR": "prefire",
        "FEATURE_COUNT": 286
      },
      "geometry": {
        "type": "Polygon",
        "coordinates": [
          [
            [
              -118.39253826323879,
              36.28683496498142
            ],
            [
              -118.39247522403522,
              36.28683253075399
            ],
            [
              -118.39247741075799,
              36.28679541354784
            ],
            [
              -118.39254044993189,
              36.28679784777199
            ],
            [
              -118.39253826323879,
              36.28683496498142
            ]
          ]
        ]
      }
    },
    {
      "id": "1066",
      "type": "Feature",
      "properties": {
        "id": null,
        "SOURCE_FILE": "/Users/maples/GitHub/mortalitree_testing/labels/ajones16_mortalitree_prefire_labels.geojson",
        "SUNETID": "ajones16",
        "FIRENAME": "CASTLE",
        "FIRE_SLUG": "CASTLE",
        "PREFIRE": 1,
        "PREFIRE_STATUS": "prefire",
        "TILE_Z": 17,
        "TILE_X": 22430,
        "TILE_Y": 51340,
        "TILEXYZ": [
          17,
          22430,
          51340
        ],
        "OUTPUT_FILE": "/Users/maples/GitHub/mortalitree_testing/notebooks/single_tiles/prefire/17/22430/51340.geojson",
        "OUTPUT_STATUS_DIR": "prefire",
        "FEATURE_COUNT": 286
      },
      "geometry": {
        "type": "Polygon",
        "coordinates": [
          [
            [
              -118.39251493451587,
              36.28679221230599
            ],
            [
              -118.39245762618184,
              36.28678999936438
            ],
            [
              -118.39246035959083,
              36.28674360285747
            ],
            [
              -118.39251766789116,
              36.28674581579535
            ],
            [
              -118.39251493451587,
              36.28679221230599
            ]
          ]
        ]
      }
    },
    {
      "id": "1067",
      "type": "Feature",
      "properties": {
        "id": null,
        "SOURCE_FILE": "/Users/maples/GitHub/mortalitree_testing/labels/ajones16_mortalitree_prefire_labels.geojson",
        "SUNETID": "ajones16",
        "FIRENAME": "CASTLE",
        "FIRE_SLUG": "CASTLE",
        "PREFIRE": 1,
        "PREFIRE_STATUS": "prefire",
        "TILE_Z": 17,
        "TILE_X": 22430,
        "TILE_Y": 51340,
        "TILEXYZ": [
          17,
          22430,
          51340
        ],
        "OUTPUT_FILE": "/Users/maples/GitHub/mortalitree_testing/notebooks/single_tiles/prefire/17/22430/51340.geojson",
        "OUTPUT_STATUS_DIR": "prefire",
        "FEATURE_COUNT": 286
      },
      "geometry": {
        "type": "Polygon",
        "coordinates": [
          [
            [
              -118.39150350606485,
              36.28743440714065
            ],
            [
              -118.39144046647115,
              36.28743197233325
            ],
            [
              -118.39144429417475,
              36.28736701732361
            ],
            [
              -118.39150733371653,
              36.287369452125255
            ],
            [
              -118.39150350606485,
              36.28743440714065
            ]
          ]
        ]
      }
    },
    {
      "id": "1068",
      "type": "Feature",
      "properties": {
        "id": null,
        "SOURCE_FILE": "/Users/maples/GitHub/mortalitree_testing/labels/ajones16_mortalitree_prefire_labels.geojson",
        "SUNETID": "ajones16",
        "FIRENAME": "CASTLE",
        "FIRE_SLUG": "CASTLE",
        "PREFIRE": 1,
        "PREFIRE_STATUS": "prefire",
        "TILE_Z": 17,
        "TILE_X": 22430,
        "TILE_Y": 51340,
        "TILEXYZ": [
          17,
          22430,
          51340
        ],
        "OUTPUT_FILE": "/Users/maples/GitHub/mortalitree_testing/notebooks/single_tiles/prefire/17/22430/51340.geojson",
        "OUTPUT_STATUS_DIR": "prefire",
        "FEATURE_COUNT": 286
      },
      "geometry": {
        "type": "Polygon",
        "coordinates": [
          [
            [
              -118.39159956391356,
              36.28746136818241
            ],
            [
              -118.39152506254064,
              36.28745849073724
            ],
            [
              -118.39152834337327,
              36.28740281500835
            ],
            [
              -118.39160284469361,
              36.2874056924477
            ],
            [
              -118.39159956391356,
              36.28746136818241
            ]
          ]
        ]
      }
    },
    {
      "id": "1069",
      "type": "Feature",
      "properties": {
        "id": null,
        "SOURCE_FILE": "/Users/maples/GitHub/mortalitree_testing/labels/ajones16_mortalitree_prefire_labels.geojson",
        "SUNETID": "ajones16",
        "FIRENAME": "CASTLE",
        "FIRE_SLUG": "CASTLE",
        "PREFIRE": 1,
        "PREFIRE_STATUS": "prefire",
        "TILE_Z": 17,
        "TILE_X": 22430,
        "TILE_Y": 51340,
        "TILEXYZ": [
          17,
          22430,
          51340
        ],
        "OUTPUT_FILE": "/Users/maples/GitHub/mortalitree_testing/notebooks/single_tiles/prefire/17/22430/51340.geojson",
        "OUTPUT_STATUS_DIR": "prefire",
        "FEATURE_COUNT": 286
      },
      "geometry": {
        "type": "Polygon",
        "coordinates": [
          [
            [
              -118.39154116155538,
              36.287477713343726
            ],
            [
              -118.39146092929796,
              36.287474614514316
            ],
            [
              -118.39146421017807,
              36.287418938790594
            ],
            [
              -118.39154444237889,
              36.287422037613744
            ],
            [
              -118.39154116155538,
              36.287477713343726
            ]
          ]
        ]
      }
    },
    {
      "id": "1070",
      "type": "Feature",
      "properties": {
        "id": null,
        "SOURCE_FILE": "/Users/maples/GitHub/mortalitree_testing/labels/ajones16_mortalitree_prefire_labels.geojson",
        "SUNETID": "ajones16",
        "FIRENAME": "CASTLE",
        "FIRE_SLUG": "CASTLE",
        "PREFIRE": 1,
        "PREFIRE_STATUS": "prefire",
        "TILE_Z": 17,
        "TILE_X": 22430,
        "TILE_Y": 51340,
        "TILEXYZ": [
          17,
          22430,
          51340
        ],
        "OUTPUT_FILE": "/Users/maples/GitHub/mortalitree_testing/notebooks/single_tiles/prefire/17/22430/51340.geojson",
        "OUTPUT_STATUS_DIR": "prefire",
        "FEATURE_COUNT": 286
      },
      "geometry": {
        "type": "Polygon",
        "coordinates": [
          [
            [
              -118.39147566126663,
              36.28751703534696
            ],
            [
              -118.39142408336431,
              36.287515043218384
            ],
            [
              -118.39142736427544,
              36.28745936749796
            ],
            [
              -118.39147894214136,
              36.28746135962249
            ],
            [
              -118.39147566126663,
              36.28751703534696
            ]
          ]
        ]
      }
    },
    {
      "id": "1071",
      "type": "Feature",
      "properties": {
        "id": null,
        "SOURCE_FILE": "/Users/maples/GitHub/mortalitree_testing/labels/ajones16_mortalitree_prefire_labels.geojson",
        "SUNETID": "ajones16",
        "FIRENAME": "CASTLE",
        "FIRE_SLUG": "CASTLE",
        "PREFIRE": 1,
        "PREFIRE_STATUS": "prefire",
        "TILE_Z": 17,
        "TILE_X": 22430,
        "TILE_Y": 51340,
        "TILEXYZ": [
          17,
          22430,
          51340
        ],
        "OUTPUT_FILE": "/Users/maples/GitHub/mortalitree_testing/notebooks/single_tiles/prefire/17/22430/51340.geojson",
        "OUTPUT_STATUS_DIR": "prefire",
        "FEATURE_COUNT": 286
      },
      "geometry": {
        "type": "Polygon",
        "coordinates": [
          [
            [
              -118.39153870093185,
              36.2875194701407
            ],
            [
              -118.39146419951011,
              36.28751659265365
            ],
            [
              -118.3914666601731,
              36.287474835861026
            ],
            [
              -118.39154116155538,
              36.28747771334372
            ],
            [
              -118.39153870093185,
              36.2875194701407
            ]
          ]
        ]
      }
    },
    {
      "id": "1072",
      "type": "Feature",
      "properties": {
        "id": null,
        "SOURCE_FILE": "/Users/maples/GitHub/mortalitree_testing/labels/ajones16_mortalitree_prefire_labels.geojson",
        "SUNETID": "ajones16",
        "FIRENAME": "CASTLE",
        "FIRE_SLUG": "CASTLE",
        "PREFIRE": 1,
        "PREFIRE_STATUS": "prefire",
        "TILE_Z": 17,
        "TILE_X": 22430,
        "TILE_Y": 51340,
        "TILEXYZ": [
          17,
          22430,
          51340
        ],
        "OUTPUT_FILE": "/Users/maples/GitHub/mortalitree_testing/notebooks/single_tiles/prefire/17/22430/51340.geojson",
        "OUTPUT_STATUS_DIR": "prefire",
        "FEATURE_COUNT": 286
      },
      "geometry": {
        "type": "Polygon",
        "coordinates": [
          [
            [
              -118.39163830259996,
              36.28758376965859
            ],
            [
              -118.39156953199034,
              36.287581113571584
            ],
            [
              -118.3915747266111,
              36.2874929603301
            ],
            [
              -118.39164349714387,
              36.28749561640859
            ],
            [
              -118.39163830259996,
              36.28758376965859
            ]
          ]
        ]
      }
    },
    {
      "id": "1073",
      "type": "Feature",
      "properties": {
        "id": null,
        "SOURCE_FILE": "/Users/maples/GitHub/mortalitree_testing/labels/ajones16_mortalitree_prefire_labels.geojson",
        "SUNETID": "ajones16",
        "FIRENAME": "CASTLE",
        "FIRE_SLUG": "CASTLE",
        "PREFIRE": 1,
        "PREFIRE_STATUS": "prefire",
        "TILE_Z": 17,
        "TILE_X": 22430,
        "TILE_Y": 51340,
        "TILEXYZ": [
          17,
          22430,
          51340
        ],
        "OUTPUT_FILE": "/Users/maples/GitHub/mortalitree_testing/notebooks/single_tiles/prefire/17/22430/51340.geojson",
        "OUTPUT_STATUS_DIR": "prefire",
        "FEATURE_COUNT": 286
      },
      "geometry": {
        "type": "Polygon",
        "coordinates": [
          [
            [
              -118.39160718758174,
              36.28762441976074
            ],
            [
              -118.39154987871255,
              36.2876222063406
            ],
            [
              -118.39155315954717,
              36.28756653061129
            ],
            [
              -118.3916104683759,
              36.287568744026935
            ],
            [
              -118.39160718758174,
              36.28762441976074
            ]
          ]
        ]
      }
    },
    {
      "id": "1074",
      "type": "Feature",
      "properties": {
        "id": null,
        "SOURCE_FILE": "/Users/maples/GitHub/mortalitree_testing/labels/ajones16_mortalitree_prefire_labels.geojson",
        "SUNETID": "ajones16",
        "FIRENAME": "CASTLE",
        "FIRE_SLUG": "CASTLE",
        "PREFIRE": 1,
        "PREFIRE_STATUS": "prefire",
        "TILE_Z": 17,
        "TILE_X": 22430,
        "TILE_Y": 51340,
        "TILEXYZ": [
          17,
          22430,
          51340
        ],
        "OUTPUT_FILE": "/Users/maples/GitHub/mortalitree_testing/notebooks/single_tiles/prefire/17/22430/51340.geojson",
        "OUTPUT_STATUS_DIR": "prefire",
        "FEATURE_COUNT": 286
      },
      "geometry": {
        "type": "Polygon",
        "coordinates": [
          [
            [
              -118.39161605206094,
              36.28766893906422
            ],
            [
              -118.3915587431585,
              36.28766672564601
            ],
            [
              -118.39156147718717,
              36.28762032920474
            ],
            [
              -118.39161878605591,
              36.287622542619225
            ],
            [
              -118.39161605206094,
              36.28766893906422
            ]
          ]
        ]
      }
    },
    {
      "id": "1075",
      "type": "Feature",
      "properties": {
        "id": null,
        "SOURCE_FILE": "/Users/maples/GitHub/mortalitree_testing/labels/ajones16_mortalitree_prefire_labels.geojson",
        "SUNETID": "ajones16",
        "FIRENAME": "CASTLE",
        "FIRE_SLUG": "CASTLE",
        "PREFIRE": 1,
        "PREFIRE_STATUS": "prefire",
        "TILE_Z": 17,
        "TILE_X": 22430,
        "TILE_Y": 51340,
        "TILEXYZ": [
          17,
          22430,
          51340
        ],
        "OUTPUT_FILE": "/Users/maples/GitHub/mortalitree_testing/notebooks/single_tiles/prefire/17/22430/51340.geojson",
        "OUTPUT_STATUS_DIR": "prefire",
        "FEATURE_COUNT": 286
      },
      "geometry": {
        "type": "Polygon",
        "coordinates": [
          [
            [
              -118.39149925233426,
              36.28765280241817
            ],
            [
              -118.3914534052288,
              36.28765103164167
            ],
            [
              -118.39145777976893,
              36.28757679734621
            ],
            [
              -118.39150362683125,
              36.28757856811793
            ],
            [
              -118.39149925233426,
              36.28765280241817
            ]
          ]
        ]
      }
    },
    {
      "id": "1076",
      "type": "Feature",
      "properties": {
        "id": null,
        "SOURCE_FILE": "/Users/maples/GitHub/mortalitree_testing/labels/ajones16_mortalitree_prefire_labels.geojson",
        "SUNETID": "ajones16",
        "FIRENAME": "CASTLE",
        "FIRE_SLUG": "CASTLE",
        "PREFIRE": 1,
        "PREFIRE_STATUS": "prefire",
        "TILE_Z": 17,
        "TILE_X": 22430,
        "TILE_Y": 51340,
        "TILEXYZ": [
          17,
          22430,
          51340
        ],
        "OUTPUT_FILE": "/Users/maples/GitHub/mortalitree_testing/notebooks/single_tiles/prefire/17/22430/51340.geojson",
        "OUTPUT_STATUS_DIR": "prefire",
        "FEATURE_COUNT": 286
      },
      "geometry": {
        "type": "Polygon",
        "coordinates": [
          [
            [
              -118.3927369753511,
              36.28784940755288
            ],
            [
              -118.39264528075404,
              36.287845866915106
            ],
            [
              -118.39264856083729,
              36.28779019110183
            ],
            [
              -118.39274025536962,
              36.28779373173244
            ],
            [
              -118.3927369753511,
              36.28784940755288
            ]
          ]
        ]
      }
    },
    {
      "id": "1077",
      "type": "Feature",
      "properties": {
        "id": null,
        "SOURCE_FILE": "/Users/maples/GitHub/mortalitree_testing/labels/ajones16_mortalitree_prefire_labels.geojson",
        "SUNETID": "ajones16",
        "FIRENAME": "CASTLE",
        "FIRE_SLUG": "CASTLE",
        "PREFIRE": 1,
        "PREFIRE_STATUS": "prefire",
        "TILE_Z": 17,
        "TILE_X": 22430,
        "TILE_Y": 51340,
        "TILEXYZ": [
          17,
          22430,
          51340
        ],
        "OUTPUT_FILE": "/Users/maples/GitHub/mortalitree_testing/notebooks/single_tiles/prefire/17/22430/51340.geojson",
        "OUTPUT_STATUS_DIR": "prefire",
        "FEATURE_COUNT": 286
      },
      "geometry": {
        "type": "Polygon",
        "coordinates": [
          [
            [
              -118.39194735534282,
              36.287651507985004
            ],
            [
              -118.39190150820913,
              36.287649737380384
            ],
            [
              -118.39190396865106,
              36.28760798056295
            ],
            [
              -118.39194981576048,
              36.28760975116488
            ],
            [
              -118.39194735534282,
              36.287651507985004
            ]
          ]
        ]
      }
    },
    {
      "id": "1078",
      "type": "Feature",
      "properties": {
        "id": null,
        "SOURCE_FILE": "/Users/maples/GitHub/mortalitree_testing/labels/ajones16_mortalitree_prefire_labels.geojson",
        "SUNETID": "ajones16",
        "FIRENAME": "CASTLE",
        "FIRE_SLUG": "CASTLE",
        "PREFIRE": 1,
        "PREFIRE_STATUS": "prefire",
        "TILE_Z": 17,
        "TILE_X": 22430,
        "TILE_Y": 51340,
        "TILEXYZ": [
          17,
          22430,
          51340
        ],
        "OUTPUT_FILE": "/Users/maples/GitHub/mortalitree_testing/notebooks/single_tiles/prefire/17/22430/51340.geojson",
        "OUTPUT_STATUS_DIR": "prefire",
        "FEATURE_COUNT": 286
      },
      "geometry": {
        "type": "Polygon",
        "coordinates": [
          [
            [
              -118.39197900691259,
              36.287699232395525
            ],
            [
              -118.39192742885375,
              36.287697240475495
            ],
            [
              -118.39192988928615,
              36.28765548365688
            ],
            [
              -118.39198146731769,
              36.28765747557387
            ],
            [
              -118.39197900691259,
              36.287699232395525
            ]
          ]
        ]
      }
    },
    {
      "id": "1079",
      "type": "Feature",
      "properties": {
        "id": null,
        "SOURCE_FILE": "/Users/maples/GitHub/mortalitree_testing/labels/ajones16_mortalitree_prefire_labels.geojson",
        "SUNETID": "ajones16",
        "FIRENAME": "CASTLE",
        "FIRE_SLUG": "CASTLE",
        "PREFIRE": 1,
        "PREFIRE_STATUS": "prefire",
        "TILE_Z": 17,
        "TILE_X": 22430,
        "TILE_Y": 51340,
        "TILEXYZ": [
          17,
          22430,
          51340
        ],
        "OUTPUT_FILE": "/Users/maples/GitHub/mortalitree_testing/notebooks/single_tiles/prefire/17/22430/51340.geojson",
        "OUTPUT_STATUS_DIR": "prefire",
        "FEATURE_COUNT": 286
      },
      "geometry": {
        "type": "Polygon",
        "coordinates": [
          [
            [
              -118.39201024845289,
              36.28775391627063
            ],
            [
              -118.39193574675872,
              36.287751039061455
            ],
            [
              -118.39193930071556,
              36.28769072365645
            ],
            [
              -118.39201380235279,
              36.28769360085931
            ],
            [
              -118.39201024845289,
              36.28775391627063
            ]
          ]
        ]
      }
    },
    {
      "id": "1080",
      "type": "Feature",
      "properties": {
        "id": null,
        "SOURCE_FILE": "/Users/maples/GitHub/mortalitree_testing/labels/ajones16_mortalitree_prefire_labels.geojson",
        "SUNETID": "ajones16",
        "FIRENAME": "CASTLE",
        "FIRE_SLUG": "CASTLE",
        "PREFIRE": 1,
        "PREFIRE_STATUS": "prefire",
        "TILE_Z": 17,
        "TILE_X": 22430,
        "TILE_Y": 51340,
        "TILEXYZ": [
          17,
          22430,
          51340
        ],
        "OUTPUT_FILE": "/Users/maples/GitHub/mortalitree_testing/notebooks/single_tiles/prefire/17/22430/51340.geojson",
        "OUTPUT_STATUS_DIR": "prefire",
        "FEATURE_COUNT": 286
      },
      "geometry": {
        "type": "Polygon",
        "coordinates": [
          [
            [
              -118.39203699431826,
              36.28773867345179
            ],
            [
              -118.39199687802639,
              36.28773712420059
            ],
            [
              -118.39199988518,
              36.287686088084214
            ],
            [
              -118.39204000144595,
              36.28768763733255
            ],
            [
              -118.39203699431826,
              36.28773867345179
            ]
          ]
        ]
      }
    },
    {
      "id": "1081",
      "type": "Feature",
      "properties": {
        "id": null,
        "SOURCE_FILE": "/Users/maples/GitHub/mortalitree_testing/labels/ajones16_mortalitree_prefire_labels.geojson",
        "SUNETID": "ajones16",
        "FIRENAME": "CASTLE",
        "FIRE_SLUG": "CASTLE",
        "PREFIRE": 1,
        "PREFIRE_STATUS": "prefire",
        "TILE_Z": 17,
        "TILE_X": 22430,
        "TILE_Y": 51340,
        "TILEXYZ": [
          17,
          22430,
          51340
        ],
        "OUTPUT_FILE": "/Users/maples/GitHub/mortalitree_testing/notebooks/single_tiles/prefire/17/22430/51340.geojson",
        "OUTPUT_STATUS_DIR": "prefire",
        "FEATURE_COUNT": 286
      },
      "geometry": {
        "type": "Polygon",
        "coordinates": [
          [
            [
              -118.39185855198117,
              36.287403942678395
            ],
            [
              -118.39180124325287,
              36.287401729390254
            ],
            [
              -118.39180534403852,
              36.28733213470123
            ],
            [
              -118.39186265271626,
              36.28733434798377
            ],
            [
              -118.39185855198117,
              36.287403942678395
            ]
          ]
        ]
      }
    },
    {
      "id": "1082",
      "type": "Feature",
      "properties": {
        "id": null,
        "SOURCE_FILE": "/Users/maples/GitHub/mortalitree_testing/labels/ajones16_mortalitree_prefire_labels.geojson",
        "SUNETID": "ajones16",
        "FIRENAME": "CASTLE",
        "FIRE_SLUG": "CASTLE",
        "PREFIRE": 1,
        "PREFIRE_STATUS": "prefire",
        "TILE_Z": 17,
        "TILE_X": 22430,
        "TILE_Y": 51340,
        "TILEXYZ": [
          17,
          22430,
          51340
        ],
        "OUTPUT_FILE": "/Users/maples/GitHub/mortalitree_testing/notebooks/single_tiles/prefire/17/22430/51340.geojson",
        "OUTPUT_STATUS_DIR": "prefire",
        "FEATURE_COUNT": 286
      },
      "geometry": {
        "type": "Polygon",
        "coordinates": [
          [
            [
              -118.39146012507537,
              36.28734205265021
            ],
            [
              -118.39141845703125,
              36.287340443274466
            ],
            [
              -118.39141845703125,
              36.28726604001865
            ],
            [
              -118.39146449955977,
              36.28726781835022
            ],
            [
              -118.39146012507537,
              36.28734205265021
            ]
          ]
        ]
      }
    },
    {
      "id": "1083",
      "type": "Feature",
      "properties": {
        "id": null,
        "SOURCE_FILE": "/Users/maples/GitHub/mortalitree_testing/labels/ajones16_mortalitree_prefire_labels.geojson",
        "SUNETID": "ajones16",
        "FIRENAME": "CASTLE",
        "FIRE_SLUG": "CASTLE",
        "PREFIRE": 1,
        "PREFIRE_STATUS": "prefire",
        "TILE_Z": 17,
        "TILE_X": 22430,
        "TILE_Y": 51340,
        "TILEXYZ": [
          17,
          22430,
          51340
        ],
        "OUTPUT_FILE": "/Users/maples/GitHub/mortalitree_testing/notebooks/single_tiles/prefire/17/22430/51340.geojson",
        "OUTPUT_STATUS_DIR": "prefire",
        "FEATURE_COUNT": 286
      },
      "geometry": {
        "type": "Polygon",
        "coordinates": [
          [
            [
              -118.39144879471142,
              36.28738811706682
            ],
            [
              -118.39141845703125,
              36.287386945310104
            ],
            [
              -118.39141845703125,
              36.287331142868254
            ],
            [
              -118.39145207558981,
              36.287332441343274
            ],
            [
              -118.39144879471142,
              36.28738811706682
            ]
          ]
        ]
      }
    },
    {
      "id": "1084",
      "type": "Feature",
      "properties": {
        "id": null,
        "SOURCE_FILE": "/Users/maples/GitHub/mortalitree_testing/labels/ajones16_mortalitree_prefire_labels.geojson",
        "SUNETID": "ajones16",
        "FIRENAME": "CASTLE",
        "FIRE_SLUG": "CASTLE",
        "PREFIRE": 1,
        "PREFIRE_STATUS": "prefire",
        "TILE_Z": 17,
        "TILE_X": 22430,
        "TILE_Y": 51340,
        "TILEXYZ": [
          17,
          22430,
          51340
        ],
        "OUTPUT_FILE": "/Users/maples/GitHub/mortalitree_testing/notebooks/single_tiles/prefire/17/22430/51340.geojson",
        "OUTPUT_STATUS_DIR": "prefire",
        "FEATURE_COUNT": 286
      },
      "geometry": {
        "type": "Polygon",
        "coordinates": [
          [
            [
              -118.39241836783924,
              36.2877975779927
            ],
            [
              -118.39236678968372,
              36.28779558625756
            ],
            [
              -118.39236952324691,
              36.28774918976439
            ],
            [
              -118.39242110137208,
              36.287751181496155
            ],
            [
              -118.39241836783924,
              36.2877975779927
            ]
          ]
        ]
      }
    },
    {
      "id": "1085",
      "type": "Feature",
      "properties": {
        "id": null,
        "SOURCE_FILE": "/Users/maples/GitHub/mortalitree_testing/labels/ajones16_mortalitree_prefire_labels.geojson",
        "SUNETID": "ajones16",
        "FIRENAME": "CASTLE",
        "FIRE_SLUG": "CASTLE",
        "PREFIRE": 1,
        "PREFIRE_STATUS": "prefire",
        "TILE_Z": 17,
        "TILE_X": 22430,
        "TILE_Y": 51340,
        "TILEXYZ": [
          17,
          22430,
          51340
        ],
        "OUTPUT_FILE": "/Users/maples/GitHub/mortalitree_testing/notebooks/single_tiles/prefire/17/22430/51340.geojson",
        "OUTPUT_STATUS_DIR": "prefire",
        "FEATURE_COUNT": 286
      },
      "geometry": {
        "type": "Polygon",
        "coordinates": [
          [
            [
              -118.39194035373167,
              36.28806278067513
            ],
            [
              -118.3918773135937,
              36.28806034606193
            ],
            [
              -118.39188141441042,
              36.287990751373115
            ],
            [
              -118.3919444544928,
              36.28799318598015
            ],
            [
              -118.39194035373167,
              36.28806278067513
            ]
          ]
        ]
      }
    },
    {
      "id": "1086",
      "type": "Feature",
      "properties": {
        "id": null,
        "SOURCE_FILE": "/Users/maples/GitHub/mortalitree_testing/labels/ajones16_mortalitree_prefire_labels.geojson",
        "SUNETID": "ajones16",
        "FIRENAME": "CASTLE",
        "FIRE_SLUG": "CASTLE",
        "PREFIRE": 1,
        "PREFIRE_STATUS": "prefire",
        "TILE_Z": 17,
        "TILE_X": 22430,
        "TILE_Y": 51340,
        "TILEXYZ": [
          17,
          22430,
          51340
        ],
        "OUTPUT_FILE": "/Users/maples/GitHub/mortalitree_testing/notebooks/single_tiles/prefire/17/22430/51340.geojson",
        "OUTPUT_STATUS_DIR": "prefire",
        "FEATURE_COUNT": 286
      },
      "geometry": {
        "type": "Polygon",
        "coordinates": [
          [
            [
              -118.39192301918389,
              36.28811326346471
            ],
            [
              -118.39185997900682,
              36.28811082883947
            ],
            [
              -118.39186298629063,
              36.28805979273614
            ],
            [
              -118.39192602642692,
              36.28806222735685
            ],
            [
              -118.39192301918389,
              36.28811326346471
            ]
          ]
        ]
      }
    },
    {
      "id": "1087",
      "type": "Feature",
      "properties": {
        "id": null,
        "SOURCE_FILE": "/Users/maples/GitHub/mortalitree_testing/labels/ajones16_mortalitree_prefire_labels.geojson",
        "SUNETID": "ajones16",
        "FIRENAME": "CASTLE",
        "FIRE_SLUG": "CASTLE",
        "PREFIRE": 1,
        "PREFIRE_STATUS": "prefire",
        "TILE_Z": 17,
        "TILE_X": 22430,
        "TILE_Y": 51340,
        "TILEXYZ": [
          17,
          22430,
          51340
        ],
        "OUTPUT_FILE": "/Users/maples/GitHub/mortalitree_testing/notebooks/single_tiles/prefire/17/22430/51340.geojson",
        "OUTPUT_STATUS_DIR": "prefire",
        "FEATURE_COUNT": 286
      },
      "geometry": {
        "type": "Polygon",
        "coordinates": [
          [
            [
              -118.39157522058926,
              36.28797195039195
            ],
            [
              -118.39152937329219,
              36.287970179631245
            ],
            [
              -118.3915326541831,
              36.28791450390679
            ],
            [
              -118.3915785014478,
              36.2879162746639
            ],
            [
              -118.39157522058926,
              36.28797195039195
            ]
          ]
        ]
      }
    },
    {
      "id": "1088",
      "type": "Feature",
      "properties": {
        "id": null,
        "SOURCE_FILE": "/Users/maples/GitHub/mortalitree_testing/labels/ajones16_mortalitree_prefire_labels.geojson",
        "SUNETID": "ajones16",
        "FIRENAME": "CASTLE",
        "FIRE_SLUG": "CASTLE",
        "PREFIRE": 1,
        "PREFIRE_STATUS": "prefire",
        "TILE_Z": 17,
        "TILE_X": 22430,
        "TILE_Y": 51340,
        "TILEXYZ": [
          17,
          22430,
          51340
        ],
        "OUTPUT_FILE": "/Users/maples/GitHub/mortalitree_testing/notebooks/single_tiles/prefire/17/22430/51340.geojson",
        "OUTPUT_STATUS_DIR": "prefire",
        "FEATURE_COUNT": 286
      },
      "geometry": {
        "type": "Polygon",
        "coordinates": [
          [
            [
              -118.39152473068216,
              36.28800022664176
            ],
            [
              -118.39147315245829,
              36.28799823451163
            ],
            [
              -118.3914756131598,
              36.28795647772187
            ],
            [
              -118.39152719135636,
              36.28795846984898
            ],
            [
              -118.39152473068216,
              36.28800022664176
            ]
          ]
        ]
      }
    },
    {
      "id": "1089",
      "type": "Feature",
      "properties": {
        "id": null,
        "SOURCE_FILE": "/Users/maples/GitHub/mortalitree_testing/labels/ajones16_mortalitree_prefire_labels.geojson",
        "SUNETID": "ajones16",
        "FIRENAME": "CASTLE",
        "FIRE_SLUG": "CASTLE",
        "PREFIRE": 1,
        "PREFIRE_STATUS": "prefire",
        "TILE_Z": 17,
        "TILE_X": 22430,
        "TILE_Y": 51340,
        "TILEXYZ": [
          17,
          22430,
          51340
        ],
        "OUTPUT_FILE": "/Users/maples/GitHub/mortalitree_testing/notebooks/single_tiles/prefire/17/22430/51340.geojson",
        "OUTPUT_STATUS_DIR": "prefire",
        "FEATURE_COUNT": 286
      },
      "geometry": {
        "type": "Polygon",
        "coordinates": [
          [
            [
              -118.39159431657852,
              36.28803779078291
            ],
            [
              -118.39151981465821,
              36.28803491329531
            ],
            [
              -118.39152364238035,
              36.287969958284926
            ],
            [
              -118.39159814423932,
              36.28797283576575
            ],
            [
              -118.39159431657852,
              36.28803779078291
            ]
          ]
        ]
      }
    },
    {
      "id": "1090",
      "type": "Feature",
      "properties": {
        "id": null,
        "SOURCE_FILE": "/Users/maples/GitHub/mortalitree_testing/labels/ajones16_mortalitree_prefire_labels.geojson",
        "SUNETID": "ajones16",
        "FIRENAME": "CASTLE",
        "FIRE_SLUG": "CASTLE",
        "PREFIRE": 1,
        "PREFIRE_STATUS": "prefire",
        "TILE_Z": 17,
        "TILE_X": 22430,
        "TILE_Y": 51340,
        "TILEXYZ": [
          17,
          22430,
          51340
        ],
        "OUTPUT_FILE": "/Users/maples/GitHub/mortalitree_testing/notebooks/single_tiles/prefire/17/22430/51340.geojson",
        "OUTPUT_STATUS_DIR": "prefire",
        "FEATURE_COUNT": 286
      },
      "geometry": {
        "type": "Polygon",
        "coordinates": [
          [
            [
              -118.39155392143275,
              36.28808970794827
            ],
            [
              -118.39149661222764,
              36.2880874944783
            ],
            [
              -118.39150016656612,
              36.28802717911406
            ],
            [
              -118.39155747572744,
              36.288029392579176
            ],
            [
              -118.39155392143275,
              36.28808970794827
            ]
          ]
        ]
      }
    },
    {
      "id": "1091",
      "type": "Feature",
      "properties": {
        "id": null,
        "SOURCE_FILE": "/Users/maples/GitHub/mortalitree_testing/labels/ajones16_mortalitree_prefire_labels.geojson",
        "SUNETID": "ajones16",
        "FIRENAME": "CASTLE",
        "FIRE_SLUG": "CASTLE",
        "PREFIRE": 1,
        "PREFIRE_STATUS": "prefire",
        "TILE_Z": 17,
        "TILE_X": 22430,
        "TILE_Y": 51340,
        "TILEXYZ": [
          17,
          22430,
          51340
        ],
        "OUTPUT_FILE": "/Users/maples/GitHub/mortalitree_testing/notebooks/single_tiles/prefire/17/22430/51340.geojson",
        "OUTPUT_STATUS_DIR": "prefire",
        "FEATURE_COUNT": 286
      },
      "geometry": {
        "type": "Polygon",
        "coordinates": [
          [
            [
              -118.39351507582221,
              36.28797477904755
            ],
            [
              -118.39344057375993,
              36.28797190276097
            ],
            [
              -118.3934443998813,
              36.28790694757392
            ],
            [
              -118.39351890188223,
              36.2879098238537
            ],
            [
              -118.39351507582221,
              36.28797477904755
            ]
          ]
        ]
      }
    },
    {
      "id": "1092",
      "type": "Feature",
      "properties": {
        "id": null,
        "SOURCE_FILE": "/Users/maples/GitHub/mortalitree_testing/labels/ajones16_mortalitree_prefire_labels.geojson",
        "SUNETID": "ajones16",
        "FIRENAME": "CASTLE",
        "FIRE_SLUG": "CASTLE",
        "PREFIRE": 1,
        "PREFIRE_STATUS": "prefire",
        "TILE_Z": 17,
        "TILE_X": 22430,
        "TILE_Y": 51340,
        "TILEXYZ": [
          17,
          22430,
          51340
        ],
        "OUTPUT_FILE": "/Users/maples/GitHub/mortalitree_testing/notebooks/single_tiles/prefire/17/22430/51340.geojson",
        "OUTPUT_STATUS_DIR": "prefire",
        "FEATURE_COUNT": 286
      },
      "geometry": {
        "type": "Polygon",
        "coordinates": [
          [
            [
              -118.39356774327524,
              36.28800703869056
            ],
            [
              -118.39351043396778,
              36.28800482619008
            ],
            [
              -118.39351426003589,
              36.28793987099699
            ],
            [
              -118.39357156929614,
              36.28794208349225
            ],
            [
              -118.39356774327524,
              36.28800703869056
            ]
          ]
        ]
      }
    },
    {
      "id": "1093",
      "type": "Feature",
      "properties": {
        "id": null,
        "SOURCE_FILE": "/Users/maples/GitHub/mortalitree_testing/labels/ajones16_mortalitree_prefire_labels.geojson",
        "SUNETID": "ajones16",
        "FIRENAME": "CASTLE",
        "FIRE_SLUG": "CASTLE",
        "PREFIRE": 1,
        "PREFIRE_STATUS": "prefire",
        "TILE_Z": 17,
        "TILE_X": 22430,
        "TILE_Y": 51340,
        "TILEXYZ": [
          17,
          22430,
          51340
        ],
        "OUTPUT_FILE": "/Users/maples/GitHub/mortalitree_testing/notebooks/single_tiles/prefire/17/22430/51340.geojson",
        "OUTPUT_STATUS_DIR": "prefire",
        "FEATURE_COUNT": 286
      },
      "geometry": {
        "type": "Polygon",
        "coordinates": [
          [
            [
              -118.39350878602714,
              36.28813031816892
            ],
            [
              -118.39345147663431,
              36.288128105633746
            ],
            [
              -118.39345557606332,
              36.28805851079119
            ],
            [
              -118.3935128854056,
              36.288060723320754
            ],
            [
              -118.39350878602714,
              36.28813031816892
            ]
          ]
        ]
      }
    },
    {
      "id": "1094",
      "type": "Feature",
      "properties": {
        "id": null,
        "SOURCE_FILE": "/Users/maples/GitHub/mortalitree_testing/labels/ajones16_mortalitree_prefire_labels.geojson",
        "SUNETID": "ajones16",
        "FIRENAME": "CASTLE",
        "FIRE_SLUG": "CASTLE",
        "PREFIRE": 1,
        "PREFIRE_STATUS": "prefire",
        "TILE_Z": 17,
        "TILE_X": 22430,
        "TILE_Y": 51340,
        "TILEXYZ": [
          17,
          22430,
          51340
        ],
        "OUTPUT_FILE": "/Users/maples/GitHub/mortalitree_testing/notebooks/single_tiles/prefire/17/22430/51340.geojson",
        "OUTPUT_STATUS_DIR": "prefire",
        "FEATURE_COUNT": 286
      },
      "geometry": {
        "type": "Polygon",
        "coordinates": [
          [
            [
              -118.39364124767901,
              36.28856319836237
            ],
            [
              -118.39363988190998,
              36.28856319836237
            ],
            [
              -118.39357820388851,
              36.28856081722432
            ],
            [
              -118.39358066351896,
              36.28851906031449
            ],
            [
              -118.39364370417739,
              36.28852149405602
            ],
            [
              -118.39364124767901,
              36.28856319836237
            ]
          ]
        ]
      }
    },
    {
      "id": "1095",
      "type": "Feature",
      "properties": {
        "id": null,
        "SOURCE_FILE": "/Users/maples/GitHub/mortalitree_testing/labels/ajones16_mortalitree_prefire_labels.geojson",
        "SUNETID": "ajones16",
        "FIRENAME": "CASTLE",
        "FIRE_SLUG": "CASTLE",
        "PREFIRE": 1,
        "PREFIRE_STATUS": "prefire",
        "TILE_Z": 17,
        "TILE_X": 22430,
        "TILE_Y": 51340,
        "TILEXYZ": [
          17,
          22430,
          51340
        ],
        "OUTPUT_FILE": "/Users/maples/GitHub/mortalitree_testing/notebooks/single_tiles/prefire/17/22430/51340.geojson",
        "OUTPUT_STATUS_DIR": "prefire",
        "FEATURE_COUNT": 286
      },
      "geometry": {
        "type": "Polygon",
        "coordinates": [
          [
            [
              -118.39201216757155,
              36.28833061574191
            ],
            [
              -118.39196058909478,
              36.28832862380651
            ],
            [
              -118.39196523664775,
              36.28824974982001
            ],
            [
              -118.39201681507296,
              36.288251741749704
            ],
            [
              -118.39201216757155,
              36.28833061574191
            ]
          ]
        ]
      }
    },
    {
      "id": "1096",
      "type": "Feature",
      "properties": {
        "id": null,
        "SOURCE_FILE": "/Users/maples/GitHub/mortalitree_testing/labels/ajones16_mortalitree_prefire_labels.geojson",
        "SUNETID": "ajones16",
        "FIRENAME": "CASTLE",
        "FIRE_SLUG": "CASTLE",
        "PREFIRE": 1,
        "PREFIRE_STATUS": "prefire",
        "TILE_Z": 17,
        "TILE_X": 22430,
        "TILE_Y": 51340,
        "TILEXYZ": [
          17,
          22430,
          51340
        ],
        "OUTPUT_FILE": "/Users/maples/GitHub/mortalitree_testing/notebooks/single_tiles/prefire/17/22430/51340.geojson",
        "OUTPUT_STATUS_DIR": "prefire",
        "FEATURE_COUNT": 286
      },
      "geometry": {
        "type": "Polygon",
        "coordinates": [
          [
            [
              -118.3919433962703,
              36.288327959823114
            ],
            [
              -118.39186889403746,
              36.2883250825333
            ],
            [
              -118.39187381507242,
              36.28824156891127
            ],
            [
              -118.3919483172264,
              36.288244446192344
            ],
            [
              -118.3919433962703,
              36.288327959823114
            ]
          ]
        ]
      }
    },
    {
      "id": "1097",
      "type": "Feature",
      "properties": {
        "id": null,
        "SOURCE_FILE": "/Users/maples/GitHub/mortalitree_testing/labels/ajones16_mortalitree_prefire_labels.geojson",
        "SUNETID": "ajones16",
        "FIRENAME": "CASTLE",
        "FIRE_SLUG": "CASTLE",
        "PREFIRE": 1,
        "PREFIRE_STATUS": "prefire",
        "TILE_Z": 17,
        "TILE_X": 22430,
        "TILE_Y": 51340,
        "TILEXYZ": [
          17,
          22430,
          51340
        ],
        "OUTPUT_FILE": "/Users/maples/GitHub/mortalitree_testing/notebooks/single_tiles/prefire/17/22430/51340.geojson",
        "OUTPUT_STATUS_DIR": "prefire",
        "FEATURE_COUNT": 286
      },
      "geometry": {
        "type": "Polygon",
        "coordinates": [
          [
            [
              -118.3918478737162,
              36.288389373573374
            ],
            [
              -118.39178483332374,
              36.28838693889266
            ],
            [
              -118.39178920766754,
              36.288312704571595
            ],
            [
              -118.39185224800067,
              36.28831513924575
            ],
            [
              -118.3918478737162,
              36.288389373573374
            ]
          ]
        ]
      }
    },
    {
      "id": "1098",
      "type": "Feature",
      "properties": {
        "id": null,
        "SOURCE_FILE": "/Users/maples/GitHub/mortalitree_testing/labels/ajones16_mortalitree_prefire_labels.geojson",
        "SUNETID": "ajones16",
        "FIRENAME": "CASTLE",
        "FIRE_SLUG": "CASTLE",
        "PREFIRE": 1,
        "PREFIRE_STATUS": "prefire",
        "TILE_Z": 17,
        "TILE_X": 22430,
        "TILE_Y": 51340,
        "TILEXYZ": [
          17,
          22430,
          51340
        ],
        "OUTPUT_FILE": "/Users/maples/GitHub/mortalitree_testing/notebooks/single_tiles/prefire/17/22430/51340.geojson",
        "OUTPUT_STATUS_DIR": "prefire",
        "FEATURE_COUNT": 286
      },
      "geometry": {
        "type": "Polygon",
        "coordinates": [
          [
            [
              -118.39178837709298,
              36.288424277388934
            ],
            [
              -118.39173106762425,
              36.28842206401386
            ],
            [
              -118.3917357154241,
              36.28834319005416
            ],
            [
              -118.39179302483551,
              36.28834540342288
            ],
            [
              -118.39178837709298,
              36.288424277388934
            ]
          ]
        ]
      }
    },
    {
      "id": "1099",
      "type": "Feature",
      "properties": {
        "id": null,
        "SOURCE_FILE": "/Users/maples/GitHub/mortalitree_testing/labels/ajones16_mortalitree_prefire_labels.geojson",
        "SUNETID": "ajones16",
        "FIRENAME": "CASTLE",
        "FIRE_SLUG": "CASTLE",
        "PREFIRE": 1,
        "PREFIRE_STATUS": "prefire",
        "TILE_Z": 17,
        "TILE_X": 22430,
        "TILE_Y": 51340,
        "TILEXYZ": [
          17,
          22430,
          51340
        ],
        "OUTPUT_FILE": "/Users/maples/GitHub/mortalitree_testing/notebooks/single_tiles/prefire/17/22430/51340.geojson",
        "OUTPUT_STATUS_DIR": "prefire",
        "FEATURE_COUNT": 286
      },
      "geometry": {
        "type": "Polygon",
        "coordinates": [
          [
            [
              -118.39252029397554,
              36.28852927104598
            ],
            [
              -118.39243432957088,
              36.28852595149107
            ],
            [
              -118.39243760988549,
              36.288470275700696
            ],
            [
              -118.39252357422947,
              36.28847359524889
            ],
            [
              -118.39252029397554,
              36.28852927104598
            ]
          ]
        ]
      }
    },
    {
      "id": "1100",
      "type": "Feature",
      "properties": {
        "id": null,
        "SOURCE_FILE": "/Users/maples/GitHub/mortalitree_testing/labels/ajones16_mortalitree_prefire_labels.geojson",
        "SUNETID": "ajones16",
        "FIRENAME": "CASTLE",
        "FIRE_SLUG": "CASTLE",
        "PREFIRE": 1,
        "PREFIRE_STATUS": "prefire",
        "TILE_Z": 17,
        "TILE_X": 22430,
        "TILE_Y": 51340,
        "TILEXYZ": [
          17,
          22430,
          51340
        ],
        "OUTPUT_FILE": "/Users/maples/GitHub/mortalitree_testing/notebooks/single_tiles/prefire/17/22430/51340.geojson",
        "OUTPUT_STATUS_DIR": "prefire",
        "FEATURE_COUNT": 286
      },
      "geometry": {
        "type": "Polygon",
        "coordinates": [
          [
            [
              -118.39318863461938,
              36.28854345169213
            ],
            [
              -118.39311986301723,
              36.28854079643662
            ],
            [
              -118.39312368948397,
              36.28847584128513
            ],
            [
              -118.39319246102946,
              36.28847849653437
            ],
            [
              -118.39318863461938,
              36.28854345169213
            ]
          ]
        ]
      }
    },
    {
      "id": "1101",
      "type": "Feature",
      "properties": {
        "id": null,
        "SOURCE_FILE": "/Users/maples/GitHub/mortalitree_testing/labels/ajones16_mortalitree_prefire_labels.geojson",
        "SUNETID": "ajones16",
        "FIRENAME": "CASTLE",
        "FIRE_SLUG": "CASTLE",
        "PREFIRE": 1,
        "PREFIRE_STATUS": "prefire",
        "TILE_Z": 17,
        "TILE_X": 22430,
        "TILE_Y": 51340,
        "TILEXYZ": [
          17,
          22430,
          51340
        ],
        "OUTPUT_FILE": "/Users/maples/GitHub/mortalitree_testing/notebooks/single_tiles/prefire/17/22430/51340.geojson",
        "OUTPUT_STATUS_DIR": "prefire",
        "FEATURE_COUNT": 286
      },
      "geometry": {
        "type": "Polygon",
        "coordinates": [
          [
            [
              -118.39280823611054,
              36.28822417560641
            ],
            [
              -118.39274519576553,
              36.2882217414415
            ],
            [
              -118.3927482024851,
              36.28817070527538
            ],
            [
              -118.39281124278928,
              36.28817313943578
            ],
            [
              -118.39280823611054,
              36.28822417560641
            ]
          ]
        ]
      }
    },
    {
      "id": "1102",
      "type": "Feature",
      "properties": {
        "id": null,
        "SOURCE_FILE": "/Users/maples/GitHub/mortalitree_testing/labels/ajones16_mortalitree_prefire_labels.geojson",
        "SUNETID": "ajones16",
        "FIRENAME": "CASTLE",
        "FIRE_SLUG": "CASTLE",
        "PREFIRE": 1,
        "PREFIRE_STATUS": "prefire",
        "TILE_Z": 17,
        "TILE_X": 22430,
        "TILE_Y": 51340,
        "TILEXYZ": [
          17,
          22430,
          51340
        ],
        "OUTPUT_FILE": "/Users/maples/GitHub/mortalitree_testing/notebooks/single_tiles/prefire/17/22430/51340.geojson",
        "OUTPUT_STATUS_DIR": "prefire",
        "FEATURE_COUNT": 286
      },
      "geometry": {
        "type": "Polygon",
        "coordinates": [
          [
            [
              -118.39346014684955,
              36.28724955116255
            ],
            [
              -118.39338564548247,
              36.28724667489098
            ],
            [
              -118.39338865167787,
              36.28719563867043
            ],
            [
              -118.39346315299676,
              36.28719851493667
            ],
            [
              -118.39346014684955,
              36.28724955116255
            ]
          ]
        ]
      }
    },
    {
      "id": "1103",
      "type": "Feature",
      "properties": {
        "id": null,
        "SOURCE_FILE": "/Users/maples/GitHub/mortalitree_testing/labels/ajones16_mortalitree_prefire_labels.geojson",
        "SUNETID": "ajones16",
        "FIRENAME": "CASTLE",
        "FIRE_SLUG": "CASTLE",
        "PREFIRE": 1,
        "PREFIRE_STATUS": "prefire",
        "TILE_Z": 17,
        "TILE_X": 22430,
        "TILE_Y": 51340,
        "TILEXYZ": [
          17,
          22430,
          51340
        ],
        "OUTPUT_FILE": "/Users/maples/GitHub/mortalitree_testing/notebooks/single_tiles/prefire/17/22430/51340.geojson",
        "OUTPUT_STATUS_DIR": "prefire",
        "FEATURE_COUNT": 286
      },
      "geometry": {
        "type": "Polygon",
        "coordinates": [
          [
            [
              -118.3934523744706,
              36.28718647329504
            ],
            [
              -118.39334348794955,
              36.287182269497116
            ],
            [
              -118.39334758733283,
              36.287112674654146
            ],
            [
              -118.39345647375784,
              36.28711687844144
            ],
            [
              -118.3934523744706,
              36.28718647329504
            ]
          ]
        ]
      }
    },
    {
      "id": "1104",
      "type": "Feature",
      "properties": {
        "id": null,
        "SOURCE_FILE": "/Users/maples/GitHub/mortalitree_testing/labels/ajones16_mortalitree_prefire_labels.geojson",
        "SUNETID": "ajones16",
        "FIRENAME": "CASTLE",
        "FIRE_SLUG": "CASTLE",
        "PREFIRE": 1,
        "PREFIRE_STATUS": "prefire",
        "TILE_Z": 17,
        "TILE_X": 22430,
        "TILE_Y": 51340,
        "TILEXYZ": [
          17,
          22430,
          51340
        ],
        "OUTPUT_FILE": "/Users/maples/GitHub/mortalitree_testing/notebooks/single_tiles/prefire/17/22430/51340.geojson",
        "OUTPUT_STATUS_DIR": "prefire",
        "FEATURE_COUNT": 286
      },
      "geometry": {
        "type": "Polygon",
        "coordinates": [
          [
            [
              -118.39238996273677,
              36.28803596667893
            ],
            [
              -118.39232119165743,
              36.288033310995885
            ],
            [
              -118.39232570211703,
              36.28795675678983
            ],
            [
              -118.39239447312963,
              36.287959412465476
            ],
            [
              -118.39238996273677,
              36.28803596667893
            ]
          ]
        ]
      }
    },
    {
      "id": "1105",
      "type": "Feature",
      "properties": {
        "id": null,
        "SOURCE_FILE": "/Users/maples/GitHub/mortalitree_testing/labels/ajones16_mortalitree_prefire_labels.geojson",
        "SUNETID": "ajones16",
        "FIRENAME": "CASTLE",
        "FIRE_SLUG": "CASTLE",
        "PREFIRE": 1,
        "PREFIRE_STATUS": "prefire",
        "TILE_Z": 17,
        "TILE_X": 22430,
        "TILE_Y": 51340,
        "TILEXYZ": [
          17,
          22430,
          51340
        ],
        "OUTPUT_FILE": "/Users/maples/GitHub/mortalitree_testing/notebooks/single_tiles/prefire/17/22430/51340.geojson",
        "OUTPUT_STATUS_DIR": "prefire",
        "FEATURE_COUNT": 286
      },
      "geometry": {
        "type": "Polygon",
        "coordinates": [
          [
            [
              -118.39251432755113,
              36.28814307360424
            ],
            [
              -118.39245988369528,
              36.28814097124306
            ],
            [
              -118.39246425736037,
              36.288066736848265
            ],
            [
              -118.39251870116497,
              36.28806883920377
            ],
            [
              -118.39251432755113,
              36.28814307360424
            ]
          ]
        ]
      }
    },
    {
      "id": "1106",
      "type": "Feature",
      "properties": {
        "id": null,
        "SOURCE_FILE": "/Users/maples/GitHub/mortalitree_testing/labels/ajones16_mortalitree_prefire_labels.geojson",
        "SUNETID": "ajones16",
        "FIRENAME": "CASTLE",
        "FIRE_SLUG": "CASTLE",
        "PREFIRE": 1,
        "PREFIRE_STATUS": "prefire",
        "TILE_Z": 17,
        "TILE_X": 22430,
        "TILE_Y": 51340,
        "TILEXYZ": [
          17,
          22430,
          51340
        ],
        "OUTPUT_FILE": "/Users/maples/GitHub/mortalitree_testing/notebooks/single_tiles/prefire/17/22430/51340.geojson",
        "OUTPUT_STATUS_DIR": "prefire",
        "FEATURE_COUNT": 286
      },
      "geometry": {
        "type": "Polygon",
        "coordinates": [
          [
            [
              -118.39241751436936,
              36.28815328574096
            ],
            [
              -118.39236020504795,
              36.28815107268158
            ],
            [
              -118.39236321201042,
              36.288100036542566
            ],
            [
              -118.39242052129475,
              36.28810224959786
            ],
            [
              -118.39241751436936,
              36.28815328574096
            ]
          ]
        ]
      }
    },
    {
      "id": "1107",
      "type": "Feature",
      "properties": {
        "id": null,
        "SOURCE_FILE": "/Users/maples/GitHub/mortalitree_testing/labels/ajones16_mortalitree_prefire_labels.geojson",
        "SUNETID": "ajones16",
        "FIRENAME": "CASTLE",
        "FIRE_SLUG": "CASTLE",
        "PREFIRE": 1,
        "PREFIRE_STATUS": "prefire",
        "TILE_Z": 17,
        "TILE_X": 22430,
        "TILE_Y": 51340,
        "TILEXYZ": [
          17,
          22430,
          51340
        ],
        "OUTPUT_FILE": "/Users/maples/GitHub/mortalitree_testing/notebooks/single_tiles/prefire/17/22430/51340.geojson",
        "OUTPUT_STATUS_DIR": "prefire",
        "FEATURE_COUNT": 286
      },
      "geometry": {
        "type": "Polygon",
        "coordinates": [
          [
            [
              -118.39391044170497,
              36.28799120463272
            ],
            [
              -118.39383020865374,
              36.287988107355496
            ],
            [
              -118.39383458099644,
              36.28791387281534
            ],
            [
              -118.39391481397217,
              36.28791697008419
            ],
            [
              -118.39391044170497,
              36.28799120463272
            ]
          ]
        ]
      }
    },
    {
      "id": "1108",
      "type": "Feature",
      "properties": {
        "id": null,
        "SOURCE_FILE": "/Users/maples/GitHub/mortalitree_testing/labels/ajones16_mortalitree_prefire_labels.geojson",
        "SUNETID": "ajones16",
        "FIRENAME": "CASTLE",
        "FIRE_SLUG": "CASTLE",
        "PREFIRE": 1,
        "PREFIRE_STATUS": "prefire",
        "TILE_Z": 17,
        "TILE_X": 22430,
        "TILE_Y": 51340,
        "TILEXYZ": [
          17,
          22430,
          51340
        ],
        "OUTPUT_FILE": "/Users/maples/GitHub/mortalitree_testing/notebooks/single_tiles/prefire/17/22430/51340.geojson",
        "OUTPUT_STATUS_DIR": "prefire",
        "FEATURE_COUNT": 286
      },
      "geometry": {
        "type": "Polygon",
        "coordinates": [
          [
            [
              -118.39367665524051,
              36.288547179738224
            ],
            [
              -118.393590690676,
              36.28854386101325
            ],
            [
              -118.39359560991551,
              36.28846034719145
            ],
            [
              -118.393681574389,
              36.288463665906356
            ],
            [
              -118.39367665524051,
              36.288547179738224
            ]
          ]
        ]
      }
    },
    {
      "id": "1109",
      "type": "Feature",
      "properties": {
        "id": null,
        "SOURCE_FILE": "/Users/maples/GitHub/mortalitree_testing/labels/ajones16_mortalitree_prefire_labels.geojson",
        "SUNETID": "ajones16",
        "FIRENAME": "CASTLE",
        "FIRE_SLUG": "CASTLE",
        "PREFIRE": 1,
        "PREFIRE_STATUS": "prefire",
        "TILE_Z": 17,
        "TILE_X": 22430,
        "TILE_Y": 51340,
        "TILEXYZ": [
          17,
          22430,
          51340
        ],
        "OUTPUT_FILE": "/Users/maples/GitHub/mortalitree_testing/notebooks/single_tiles/prefire/17/22430/51340.geojson",
        "OUTPUT_STATUS_DIR": "prefire",
        "FEATURE_COUNT": 286
      },
      "geometry": {
        "type": "Polygon",
        "coordinates": [
          [
            [
              -118.39363845550649,
              36.28846432638514
            ],
            [
              -118.39356968393017,
              36.28846167139329
            ],
            [
              -118.393573510013,
              36.28839671619974
            ],
            [
              -118.3936422815327,
              36.288399371185314
            ],
            [
              -118.39363845550649,
              36.28846432638514
            ]
          ]
        ]
      }
    },
    {
      "id": "1110",
      "type": "Feature",
      "properties": {
        "id": null,
        "SOURCE_FILE": "/Users/maples/GitHub/mortalitree_testing/labels/ajones16_mortalitree_prefire_labels.geojson",
        "SUNETID": "ajones16",
        "FIRENAME": "CASTLE",
        "FIRE_SLUG": "CASTLE",
        "PREFIRE": 1,
        "PREFIRE_STATUS": "prefire",
        "TILE_Z": 17,
        "TILE_X": 22430,
        "TILE_Y": 51340,
        "TILEXYZ": [
          17,
          22430,
          51340
        ],
        "OUTPUT_FILE": "/Users/maples/GitHub/mortalitree_testing/notebooks/single_tiles/prefire/17/22430/51340.geojson",
        "OUTPUT_STATUS_DIR": "prefire",
        "FEATURE_COUNT": 286
      },
      "geometry": {
        "type": "Polygon",
        "coordinates": [
          [
            [
              -118.39367912284878,
              36.28840776877217
            ],
            [
              -118.39360462035766,
              36.28840489255841
            ],
            [
              -118.39360789982638,
              36.288349216675
            ],
            [
              -118.3936824022649,
              36.28835209288293
            ],
            [
              -118.39367912284878,
              36.28840776877217
            ]
          ]
        ]
      }
    },
    {
      "id": "1111",
      "type": "Feature",
      "properties": {
        "id": null,
        "SOURCE_FILE": "/Users/maples/GitHub/mortalitree_testing/labels/ajones16_mortalitree_prefire_labels.geojson",
        "SUNETID": "ajones16",
        "FIRENAME": "CASTLE",
        "FIRE_SLUG": "CASTLE",
        "PREFIRE": 1,
        "PREFIRE_STATUS": "prefire",
        "TILE_Z": 17,
        "TILE_X": 22430,
        "TILE_Y": 51340,
        "TILEXYZ": [
          17,
          22430,
          51340
        ],
        "OUTPUT_FILE": "/Users/maples/GitHub/mortalitree_testing/notebooks/single_tiles/prefire/17/22430/51340.geojson",
        "OUTPUT_STATUS_DIR": "prefire",
        "FEATURE_COUNT": 286
      },
      "geometry": {
        "type": "Polygon",
        "coordinates": [
          [
            [
              -118.39344006232506,
              36.288370638287574
            ],
            [
              -118.39329678842924,
              36.288365106784646
            ],
            [
              -118.39330280117385,
              36.28826303437479
            ],
            [
              -118.39344607488428,
              36.28826856585719
            ],
            [
              -118.39344006232506,
              36.288370638287574
            ]
          ]
        ]
      }
    },
    {
      "id": "1112",
      "type": "Feature",
      "properties": {
        "id": null,
        "SOURCE_FILE": "/Users/maples/GitHub/mortalitree_testing/labels/ajones16_mortalitree_prefire_labels.geojson",
        "SUNETID": "ajones16",
        "FIRENAME": "CASTLE",
        "FIRE_SLUG": "CASTLE",
        "PREFIRE": 1,
        "PREFIRE_STATUS": "prefire",
        "TILE_Z": 17,
        "TILE_X": 22430,
        "TILE_Y": 51340,
        "TILEXYZ": [
          17,
          22430,
          51340
        ],
        "OUTPUT_FILE": "/Users/maples/GitHub/mortalitree_testing/notebooks/single_tiles/prefire/17/22430/51340.geojson",
        "OUTPUT_STATUS_DIR": "prefire",
        "FEATURE_COUNT": 286
      },
      "geometry": {
        "type": "Polygon",
        "coordinates": [
          [
            [
              -118.39360341890003,
              36.28808398185415
            ],
            [
              -118.39352318578854,
              36.28808088436414
            ],
            [
              -118.39352755843684,
              36.28800664985728
            ],
            [
              -118.39360779147285,
              36.288009747338926
            ],
            [
              -118.39360341890003,
              36.28808398185415
            ]
          ]
        ]
      }
    },
    {
      "id": "1113",
      "type": "Feature",
      "properties": {
        "id": null,
        "SOURCE_FILE": "/Users/maples/GitHub/mortalitree_testing/labels/ajones16_mortalitree_prefire_labels.geojson",
        "SUNETID": "ajones16",
        "FIRENAME": "CASTLE",
        "FIRE_SLUG": "CASTLE",
        "PREFIRE": 1,
        "PREFIRE_STATUS": "prefire",
        "TILE_Z": 17,
        "TILE_X": 22430,
        "TILE_Y": 51340,
        "TILEXYZ": [
          17,
          22430,
          51340
        ],
        "OUTPUT_FILE": "/Users/maples/GitHub/mortalitree_testing/notebooks/single_tiles/prefire/17/22430/51340.geojson",
        "OUTPUT_STATUS_DIR": "prefire",
        "FEATURE_COUNT": 286
      },
      "geometry": {
        "type": "Polygon",
        "coordinates": [
          [
            [
              -118.39313577072744,
              36.288417017607415
            ],
            [
              -118.39306126828463,
              36.28841414105449
            ],
            [
              -118.39306482146137,
              36.28835382556041
            ],
            [
              -118.39313932384721,
              36.28835670210703
            ],
            [
              -118.39313577072744,
              36.288417017607415
            ]
          ]
        ]
      }
    },
    {
      "id": "1114",
      "type": "Feature",
      "properties": {
        "id": null,
        "SOURCE_FILE": "/Users/maples/GitHub/mortalitree_testing/labels/ajones16_mortalitree_prefire_labels.geojson",
        "SUNETID": "ajones16",
        "FIRENAME": "CASTLE",
        "FIRE_SLUG": "CASTLE",
        "PREFIRE": 1,
        "PREFIRE_STATUS": "prefire",
        "TILE_Z": 17,
        "TILE_X": 22430,
        "TILE_Y": 51340,
        "TILEXYZ": [
          17,
          22430,
          51340
        ],
        "OUTPUT_FILE": "/Users/maples/GitHub/mortalitree_testing/notebooks/single_tiles/prefire/17/22430/51340.geojson",
        "OUTPUT_STATUS_DIR": "prefire",
        "FEATURE_COUNT": 286
      },
      "geometry": {
        "type": "Polygon",
        "coordinates": [
          [
            [
              -118.39309948049544,
              36.28835051354942
            ],
            [
              -118.39302497811963,
              36.288347636978386
            ],
            [
              -118.39302907796026,
              36.28827804218023
            ],
            [
              -118.39310358027033,
              36.28828091874397
            ],
            [
              -118.39309948049544,
              36.28835051354942
            ]
          ]
        ]
      }
    },
    {
      "id": "1115",
      "type": "Feature",
      "properties": {
        "id": null,
        "SOURCE_FILE": "/Users/maples/GitHub/mortalitree_testing/labels/ajones16_mortalitree_prefire_labels.geojson",
        "SUNETID": "ajones16",
        "FIRENAME": "CASTLE",
        "FIRE_SLUG": "CASTLE",
        "PREFIRE": 1,
        "PREFIRE_STATUS": "prefire",
        "TILE_Z": 17,
        "TILE_X": 22430,
        "TILE_Y": 51340,
        "TILEXYZ": [
          17,
          22430,
          51340
        ],
        "OUTPUT_FILE": "/Users/maples/GitHub/mortalitree_testing/notebooks/single_tiles/prefire/17/22430/51340.geojson",
        "OUTPUT_STATUS_DIR": "prefire",
        "FEATURE_COUNT": 286
      },
      "geometry": {
        "type": "Polygon",
        "coordinates": [
          [
            [
              -118.39315693101369,
              36.28830157943534
            ],
            [
              -118.39309389057544,
              36.28829914544982
            ],
            [
              -118.39309799034763,
              36.28822955064435
            ],
            [
              -118.39316103073025,
              36.288231984623714
            ],
            [
              -118.39315693101369,
              36.28830157943534
            ]
          ]
        ]
      }
    },
    {
      "id": "1116",
      "type": "Feature",
      "properties": {
        "id": null,
        "SOURCE_FILE": "/Users/maples/GitHub/mortalitree_testing/labels/ajones16_mortalitree_prefire_labels.geojson",
        "SUNETID": "ajones16",
        "FIRENAME": "CASTLE",
        "FIRE_SLUG": "CASTLE",
        "PREFIRE": 1,
        "PREFIRE_STATUS": "prefire",
        "TILE_Z": 17,
        "TILE_X": 22430,
        "TILE_Y": 51340,
        "TILEXYZ": [
          17,
          22430,
          51340
        ],
        "OUTPUT_FILE": "/Users/maples/GitHub/mortalitree_testing/notebooks/single_tiles/prefire/17/22430/51340.geojson",
        "OUTPUT_STATUS_DIR": "prefire",
        "FEATURE_COUNT": 286
      },
      "geometry": {
        "type": "Polygon",
        "coordinates": [
          [
            [
              -118.39382204934003,
              36.28763902676716
            ],
            [
              -118.39373608575401,
              36.28763570821785
            ],
            [
              -118.39374073140253,
              36.28755683402471
            ],
            [
              -118.39382669490257,
              36.28756015256451
            ],
            [
              -118.39382204934003,
              36.28763902676716
            ]
          ]
        ]
      }
    },
    {
      "id": "1117",
      "type": "Feature",
      "properties": {
        "id": null,
        "SOURCE_FILE": "/Users/maples/GitHub/mortalitree_testing/labels/ajones16_mortalitree_prefire_labels.geojson",
        "SUNETID": "ajones16",
        "FIRENAME": "CASTLE",
        "FIRE_SLUG": "CASTLE",
        "PREFIRE": 1,
        "PREFIRE_STATUS": "prefire",
        "TILE_Z": 17,
        "TILE_X": 22430,
        "TILE_Y": 51340,
        "TILEXYZ": [
          17,
          22430,
          51340
        ],
        "OUTPUT_FILE": "/Users/maples/GitHub/mortalitree_testing/notebooks/single_tiles/prefire/17/22430/51340.geojson",
        "OUTPUT_STATUS_DIR": "prefire",
        "FEATURE_COUNT": 286
      },
      "geometry": {
        "type": "Polygon",
        "coordinates": [
          [
            [
              -118.39392589262208,
              36.28758258275517
            ],
            [
              -118.39382846728158,
              36.28757882181758
            ],
            [
              -118.39383365936108,
              36.28749066829517
            ],
            [
              -118.39393108459271,
              36.2874944292207
            ],
            [
              -118.39392589262208,
              36.28758258275517
            ]
          ]
        ]
      }
    },
    {
      "id": "1118",
      "type": "Feature",
      "properties": {
        "id": null,
        "SOURCE_FILE": "/Users/maples/GitHub/mortalitree_testing/labels/ajones16_mortalitree_prefire_labels.geojson",
        "SUNETID": "ajones16",
        "FIRENAME": "CASTLE",
        "FIRE_SLUG": "CASTLE",
        "PREFIRE": 1,
        "PREFIRE_STATUS": "prefire",
        "TILE_Z": 17,
        "TILE_X": 22430,
        "TILE_Y": 51340,
        "TILEXYZ": [
          17,
          22430,
          51340
        ],
        "OUTPUT_FILE": "/Users/maples/GitHub/mortalitree_testing/notebooks/single_tiles/prefire/17/22430/51340.geojson",
        "OUTPUT_STATUS_DIR": "prefire",
        "FEATURE_COUNT": 286
      },
      "geometry": {
        "type": "Polygon",
        "coordinates": [
          [
            [
              -118.39396942845615,
              36.28747730856071
            ],
            [
              -118.39384907966301,
              36.287472662740505
            ],
            [
              -118.39385481822798,
              36.287375229895275
            ],
            [
              -118.3939751668725,
              36.28737987569903
            ],
            [
              -118.39396942845615,
              36.28747730856071
            ]
          ]
        ]
      }
    },
    {
      "id": "1119",
      "type": "Feature",
      "properties": {
        "id": null,
        "SOURCE_FILE": "/Users/maples/GitHub/mortalitree_testing/labels/ajones16_mortalitree_prefire_labels.geojson",
        "SUNETID": "ajones16",
        "FIRENAME": "CASTLE",
        "FIRE_SLUG": "CASTLE",
        "PREFIRE": 1,
        "PREFIRE_STATUS": "prefire",
        "TILE_Z": 17,
        "TILE_X": 22430,
        "TILE_Y": 51340,
        "TILEXYZ": [
          17,
          22430,
          51340
        ],
        "OUTPUT_FILE": "/Users/maples/GitHub/mortalitree_testing/notebooks/single_tiles/prefire/17/22430/51340.geojson",
        "OUTPUT_STATUS_DIR": "prefire",
        "FEATURE_COUNT": 286
      },
      "geometry": {
        "type": "Polygon",
        "coordinates": [
          [
            [
              -118.3940176502526,
              36.28675606258264
            ],
            [
              -118.39393168761133,
              36.286752744243095
            ],
            [
              -118.39393742592272,
              36.28665531137481
            ],
            [
              -118.3940233884578,
              36.2866586297026
            ],
            [
              -118.3940176502526,
              36.28675606258264
            ]
          ]
        ]
      }
    },
    {
      "id": "1120",
      "type": "Feature",
      "properties": {
        "id": null,
        "SOURCE_FILE": "/Users/maples/GitHub/mortalitree_testing/labels/ajones16_mortalitree_prefire_labels.geojson",
        "SUNETID": "ajones16",
        "FIRENAME": "CASTLE",
        "FIRE_SLUG": "CASTLE",
        "PREFIRE": 1,
        "PREFIRE_STATUS": "prefire",
        "TILE_Z": 17,
        "TILE_X": 22430,
        "TILE_Y": 51340,
        "TILEXYZ": [
          17,
          22430,
          51340
        ],
        "OUTPUT_FILE": "/Users/maples/GitHub/mortalitree_testing/notebooks/single_tiles/prefire/17/22430/51340.geojson",
        "OUTPUT_STATUS_DIR": "prefire",
        "FEATURE_COUNT": 286
      },
      "geometry": {
        "type": "Polygon",
        "coordinates": [
          [
            [
              -118.3939644405949,
              36.286684255454645
            ],
            [
              -118.39388420887548,
              36.28668115830919
            ],
            [
              -118.39388912746752,
              36.28659764442683
            ],
            [
              -118.39396935910199,
              36.286600741562864
            ],
            [
              -118.3939644405949,
              36.286684255454645
            ]
          ]
        ]
      }
    },
    {
      "id": "1121",
      "type": "Feature",
      "properties": {
        "id": null,
        "SOURCE_FILE": "/Users/maples/GitHub/mortalitree_testing/labels/ajones16_mortalitree_prefire_labels.geojson",
        "SUNETID": "ajones16",
        "FIRENAME": "CASTLE",
        "FIRE_SLUG": "CASTLE",
        "PREFIRE": 1,
        "PREFIRE_STATUS": "prefire",
        "TILE_Z": 17,
        "TILE_X": 22430,
        "TILE_Y": 51340,
        "TILEXYZ": [
          17,
          22430,
          51340
        ],
        "OUTPUT_FILE": "/Users/maples/GitHub/mortalitree_testing/notebooks/single_tiles/prefire/17/22430/51340.geojson",
        "OUTPUT_STATUS_DIR": "prefire",
        "FEATURE_COUNT": 286
      },
      "geometry": {
        "type": "Polygon",
        "coordinates": [
          [
            [
              -118.39387398815381,
              36.28651335625268
            ],
            [
              -118.39375364085706,
              36.28650871044211
            ],
            [
              -118.39375773977527,
              36.28643911555106
            ],
            [
              -118.39387808696586,
              36.28644376134987
            ],
            [
              -118.39387398815381,
              36.28651335625268
            ]
          ]
        ]
      }
    },
    {
      "id": "1122",
      "type": "Feature",
      "properties": {
        "id": null,
        "SOURCE_FILE": "/Users/maples/GitHub/mortalitree_testing/labels/ajones16_mortalitree_prefire_labels.geojson",
        "SUNETID": "ajones16",
        "FIRENAME": "CASTLE",
        "FIRE_SLUG": "CASTLE",
        "PREFIRE": 1,
        "PREFIRE_STATUS": "prefire",
        "TILE_Z": 17,
        "TILE_X": 22430,
        "TILE_Y": 51340,
        "TILEXYZ": [
          17,
          22430,
          51340
        ],
        "OUTPUT_FILE": "/Users/maples/GitHub/mortalitree_testing/notebooks/single_tiles/prefire/17/22430/51340.geojson",
        "OUTPUT_STATUS_DIR": "prefire",
        "FEATURE_COUNT": 286
      },
      "geometry": {
        "type": "Polygon",
        "coordinates": [
          [
            [
              -118.39382090402191,
              36.28658571037664
            ],
            [
              -118.39372347993502,
              36.28658194944202
            ],
            [
              -118.39372757889097,
              36.28651235455477
            ],
            [
              -118.39382500289193,
              36.2865161154799
            ],
            [
              -118.39382090402191,
              36.28658571037664
            ]
          ]
        ]
      }
    },
    {
      "id": "1123",
      "type": "Feature",
      "properties": {
        "id": null,
        "SOURCE_FILE": "/Users/maples/GitHub/mortalitree_testing/labels/ajones16_mortalitree_prefire_labels.geojson",
        "SUNETID": "ajones16",
        "FIRENAME": "CASTLE",
        "FIRE_SLUG": "CASTLE",
        "PREFIRE": 1,
        "PREFIRE_STATUS": "prefire",
        "TILE_Z": 17,
        "TILE_X": 22430,
        "TILE_Y": 51340,
        "TILEXYZ": [
          17,
          22430,
          51340
        ],
        "OUTPUT_FILE": "/Users/maples/GitHub/mortalitree_testing/notebooks/single_tiles/prefire/17/22430/51340.geojson",
        "OUTPUT_STATUS_DIR": "prefire",
        "FEATURE_COUNT": 286
      },
      "geometry": {
        "type": "Polygon",
        "coordinates": [
          [
            [
              -118.39353300818989,
              36.2864513657799
            ],
            [
              -118.39349289247225,
              36.286449817077646
            ],
            [
              -118.39349562523445,
              36.28640342050035
            ],
            [
              -118.39353574092848,
              36.286404969199985
            ],
            [
              -118.39353300818989,
              36.2864513657799
            ]
          ]
        ]
      }
    },
    {
      "id": "1124",
      "type": "Feature",
      "properties": {
        "id": null,
        "SOURCE_FILE": "/Users/maples/GitHub/mortalitree_testing/labels/ajones16_mortalitree_prefire_labels.geojson",
        "SUNETID": "ajones16",
        "FIRENAME": "CASTLE",
        "FIRE_SLUG": "CASTLE",
        "PREFIRE": 1,
        "PREFIRE_STATUS": "prefire",
        "TILE_Z": 17,
        "TILE_X": 22430,
        "TILE_Y": 51340,
        "TILEXYZ": [
          17,
          22430,
          51340
        ],
        "OUTPUT_FILE": "/Users/maples/GitHub/mortalitree_testing/notebooks/single_tiles/prefire/17/22430/51340.geojson",
        "OUTPUT_STATUS_DIR": "prefire",
        "FEATURE_COUNT": 286
      },
      "geometry": {
        "type": "Polygon",
        "coordinates": [
          [
            [
              -118.39348620518629,
              36.286465834635166
            ],
            [
              -118.3934518202812,
              36.286464507163004
            ],
            [
              -118.39345400651206,
              36.28642738990345
            ],
            [
              -118.39348839140098,
              36.28642871737382
            ],
            [
              -118.39348620518629,
              36.286465834635166
            ]
          ]
        ]
      }
    },
    {
      "id": "1125",
      "type": "Feature",
      "properties": {
        "id": null,
        "SOURCE_FILE": "/Users/maples/GitHub/mortalitree_testing/labels/ajones16_mortalitree_prefire_labels.geojson",
        "SUNETID": "ajones16",
        "FIRENAME": "CASTLE",
        "FIRE_SLUG": "CASTLE",
        "PREFIRE": 1,
        "PREFIRE_STATUS": "prefire",
        "TILE_Z": 17,
        "TILE_X": 22430,
        "TILE_Y": 51340,
        "TILEXYZ": [
          17,
          22430,
          51340
        ],
        "OUTPUT_FILE": "/Users/maples/GitHub/mortalitree_testing/notebooks/single_tiles/prefire/17/22430/51340.geojson",
        "OUTPUT_STATUS_DIR": "prefire",
        "FEATURE_COUNT": 286
      },
      "geometry": {
        "type": "Polygon",
        "coordinates": [
          [
            [
              -118.39355306209039,
              36.28650096715647
            ],
            [
              -118.3935072155259,
              36.28649919721557
            ],
            [
              -118.39350912845758,
              36.286466719611134
            ],
            [
              -118.3935549750032,
              36.28646848954995
            ],
            [
              -118.39355306209039,
              36.28650096715647
            ]
          ]
        ]
      }
    },
    {
      "id": "1126",
      "type": "Feature",
      "properties": {
        "id": null,
        "SOURCE_FILE": "/Users/maples/GitHub/mortalitree_testing/labels/ajones16_mortalitree_prefire_labels.geojson",
        "SUNETID": "ajones16",
        "FIRENAME": "CASTLE",
        "FIRE_SLUG": "CASTLE",
        "PREFIRE": 1,
        "PREFIRE_STATUS": "prefire",
        "TILE_Z": 17,
        "TILE_X": 22430,
        "TILE_Y": 51340,
        "TILEXYZ": [
          17,
          22430,
          51340
        ],
        "OUTPUT_FILE": "/Users/maples/GitHub/mortalitree_testing/notebooks/single_tiles/prefire/17/22430/51340.geojson",
        "OUTPUT_STATUS_DIR": "prefire",
        "FEATURE_COUNT": 286
      },
      "geometry": {
        "type": "Polygon",
        "coordinates": [
          [
            [
              -118.39359399371433,
              36.286537423897535
            ],
            [
              -118.39354814712587,
              36.286535653970816
            ],
            [
              -118.3935503333168,
              36.28649853670667
            ],
            [
              -118.3935961798837,
              36.286500306631
            ],
            [
              -118.39359399371433,
              36.286537423897535
            ]
          ]
        ]
      }
    },
    {
      "id": "1127",
      "type": "Feature",
      "properties": {
        "id": null,
        "SOURCE_FILE": "/Users/maples/GitHub/mortalitree_testing/labels/ajones16_mortalitree_prefire_labels.geojson",
        "SUNETID": "ajones16",
        "FIRENAME": "CASTLE",
        "FIRE_SLUG": "CASTLE",
        "PREFIRE": 1,
        "PREFIRE_STATUS": "prefire",
        "TILE_Z": 17,
        "TILE_X": 22430,
        "TILE_Y": 51340,
        "TILEXYZ": [
          17,
          22430,
          51340
        ],
        "OUTPUT_FILE": "/Users/maples/GitHub/mortalitree_testing/notebooks/single_tiles/prefire/17/22430/51340.geojson",
        "OUTPUT_STATUS_DIR": "prefire",
        "FEATURE_COUNT": 286
      },
      "geometry": {
        "type": "Polygon",
        "coordinates": [
          [
            [
              -118.39323894772623,
              36.286616720883394
            ],
            [
              -118.39313579285508,
              36.28661273820989
            ],
            [
              -118.39314153212653,
              36.28651530544869
            ],
            [
              -118.39324468687026,
              36.28651928810809
            ],
            [
              -118.39323894772623,
              36.286616720883394
            ]
          ]
        ]
      }
    },
    {
      "id": "1128",
      "type": "Feature",
      "properties": {
        "id": null,
        "SOURCE_FILE": "/Users/maples/GitHub/mortalitree_testing/labels/ajones16_mortalitree_prefire_labels.geojson",
        "SUNETID": "ajones16",
        "FIRENAME": "CASTLE",
        "FIRE_SLUG": "CASTLE",
        "PREFIRE": 1,
        "PREFIRE_STATUS": "prefire",
        "TILE_Z": 17,
        "TILE_X": 22430,
        "TILE_Y": 51340,
        "TILEXYZ": [
          17,
          22430,
          51340
        ],
        "OUTPUT_FILE": "/Users/maples/GitHub/mortalitree_testing/notebooks/single_tiles/prefire/17/22430/51340.geojson",
        "OUTPUT_STATUS_DIR": "prefire",
        "FEATURE_COUNT": 286
      },
      "geometry": {
        "type": "Polygon",
        "coordinates": [
          [
            [
              -118.39324400571812,
              36.286506473739905
            ],
            [
              -118.39318096671603,
              36.28650403990341
            ],
            [
              -118.39318602267277,
              36.28641820627354
            ],
            [
              -118.39324906160626,
              36.28642064010244
            ],
            [
              -118.39324400571812,
              36.286506473739905
            ]
          ]
        ]
      }
    },
    {
      "id": "1129",
      "type": "Feature",
      "properties": {
        "id": null,
        "SOURCE_FILE": "/Users/maples/GitHub/mortalitree_testing/labels/ajones16_mortalitree_prefire_labels.geojson",
        "SUNETID": "ajones16",
        "FIRENAME": "CASTLE",
        "FIRE_SLUG": "CASTLE",
        "PREFIRE": 1,
        "PREFIRE_STATUS": "prefire",
        "TILE_Z": 17,
        "TILE_X": 22430,
        "TILE_Y": 51340,
        "TILEXYZ": [
          17,
          22430,
          51340
        ],
        "OUTPUT_FILE": "/Users/maples/GitHub/mortalitree_testing/notebooks/single_tiles/prefire/17/22430/51340.geojson",
        "OUTPUT_STATUS_DIR": "prefire",
        "FEATURE_COUNT": 286
      },
      "geometry": {
        "type": "Polygon",
        "coordinates": [
          [
            [
              -118.3930936400735,
              36.28649950575249
            ],
            [
              -118.39300481241764,
              36.28649607613493
            ],
            [
              -118.39300959526106,
              36.28641488218083
            ],
            [
              -118.3930984228255,
              36.28641831178825
            ],
            [
              -118.3930936400735,
              36.28649950575249
            ]
          ]
        ]
      }
    },
    {
      "id": "1130",
      "type": "Feature",
      "properties": {
        "id": null,
        "SOURCE_FILE": "/Users/maples/GitHub/mortalitree_testing/labels/ajones16_mortalitree_prefire_labels.geojson",
        "SUNETID": "ajones16",
        "FIRENAME": "CASTLE",
        "FIRE_SLUG": "CASTLE",
        "PREFIRE": 1,
        "PREFIRE_STATUS": "prefire",
        "TILE_Z": 17,
        "TILE_X": 22430,
        "TILE_Y": 51340,
        "TILEXYZ": [
          17,
          22430,
          51340
        ],
        "OUTPUT_FILE": "/Users/maples/GitHub/mortalitree_testing/notebooks/single_tiles/prefire/17/22430/51340.geojson",
        "OUTPUT_STATUS_DIR": "prefire",
        "FEATURE_COUNT": 286
      },
      "geometry": {
        "type": "Polygon",
        "coordinates": [
          [
            [
              -118.39302282907028,
              36.286433993966355
            ],
            [
              -118.39292540528162,
              36.28643023239496
            ],
            [
              -118.39292868499628,
              36.28637455654653
            ],
            [
              -118.39302610871616,
              36.28637831811031
            ],
            [
              -118.39302282907028,
              36.286433993966355
            ]
          ]
        ]
      }
    },
    {
      "id": "1131",
      "type": "Feature",
      "properties": {
        "id": null,
        "SOURCE_FILE": "/Users/maples/GitHub/mortalitree_testing/labels/ajones16_mortalitree_prefire_labels.geojson",
        "SUNETID": "ajones16",
        "FIRENAME": "CASTLE",
        "FIRE_SLUG": "CASTLE",
        "PREFIRE": 1,
        "PREFIRE_STATUS": "prefire",
        "TILE_Z": 17,
        "TILE_X": 22430,
        "TILE_Y": 51340,
        "TILEXYZ": [
          17,
          22430,
          51340
        ],
        "OUTPUT_FILE": "/Users/maples/GitHub/mortalitree_testing/notebooks/single_tiles/prefire/17/22430/51340.geojson",
        "OUTPUT_STATUS_DIR": "prefire",
        "FEATURE_COUNT": 286
      },
      "geometry": {
        "type": "Polygon",
        "coordinates": [
          [
            [
              -118.39287402420563,
              36.2865224152028
            ],
            [
              -118.39279665818327,
              36.28651942797653
            ],
            [
              -118.3928008946116,
              36.28644751335295
            ],
            [
              -118.39287826056342,
              36.28645050057142
            ],
            [
              -118.39287402420563,
              36.2865224152028
            ]
          ]
        ]
      }
    },
    {
      "id": "1132",
      "type": "Feature",
      "properties": {
        "id": null,
        "SOURCE_FILE": "/Users/maples/GitHub/mortalitree_testing/labels/ajones16_mortalitree_prefire_labels.geojson",
        "SUNETID": "ajones16",
        "FIRENAME": "CASTLE",
        "FIRE_SLUG": "CASTLE",
        "PREFIRE": 1,
        "PREFIRE_STATUS": "prefire",
        "TILE_Z": 17,
        "TILE_X": 22430,
        "TILE_Y": 51340,
        "TILEXYZ": [
          17,
          22430,
          51340
        ],
        "OUTPUT_FILE": "/Users/maples/GitHub/mortalitree_testing/notebooks/single_tiles/prefire/17/22430/51340.geojson",
        "OUTPUT_STATUS_DIR": "prefire",
        "FEATURE_COUNT": 286
      },
      "geometry": {
        "type": "Polygon",
        "coordinates": [
          [
            [
              -118.39281262733951,
              36.28646772975245
            ],
            [
              -118.39275245381279,
              36.286465406330656
            ],
            [
              -118.3927568269331,
              36.28639117188444
            ],
            [
              -118.39281700040317,
              36.28639349529997
            ],
            [
              -118.39281262733951,
              36.28646772975245
            ]
          ]
        ]
      }
    },
    {
      "id": "1133",
      "type": "Feature",
      "properties": {
        "id": null,
        "SOURCE_FILE": "/Users/maples/GitHub/mortalitree_testing/labels/ajones16_mortalitree_prefire_labels.geojson",
        "SUNETID": "ajones16",
        "FIRENAME": "CASTLE",
        "FIRE_SLUG": "CASTLE",
        "PREFIRE": 1,
        "PREFIRE_STATUS": "prefire",
        "TILE_Z": 17,
        "TILE_X": 22430,
        "TILE_Y": 51340,
        "TILEXYZ": [
          17,
          22430,
          51340
        ],
        "OUTPUT_FILE": "/Users/maples/GitHub/mortalitree_testing/notebooks/single_tiles/prefire/17/22430/51340.geojson",
        "OUTPUT_STATUS_DIR": "prefire",
        "FEATURE_COUNT": 286
      },
      "geometry": {
        "type": "Polygon",
        "coordinates": [
          [
            [
              -118.39290050053145,
              36.28646298479816
            ],
            [
              -118.39284032700091,
              36.28646066142084
            ],
            [
              -118.39284319680779,
              36.286411945059584
            ],
            [
              -118.39290337030118,
              36.2864142684328
            ],
            [
              -118.39290050053145,
              36.28646298479816
            ]
          ]
        ]
      }
    },
    {
      "id": "1134",
      "type": "Feature",
      "properties": {
        "id": null,
        "SOURCE_FILE": "/Users/maples/GitHub/mortalitree_testing/labels/ajones16_mortalitree_prefire_labels.geojson",
        "SUNETID": "ajones16",
        "FIRENAME": "CASTLE",
        "FIRE_SLUG": "CASTLE",
        "PREFIRE": 1,
        "PREFIRE_STATUS": "prefire",
        "TILE_Z": 17,
        "TILE_X": 22430,
        "TILE_Y": 51340,
        "TILEXYZ": [
          17,
          22430,
          51340
        ],
        "OUTPUT_FILE": "/Users/maples/GitHub/mortalitree_testing/notebooks/single_tiles/prefire/17/22430/51340.geojson",
        "OUTPUT_STATUS_DIR": "prefire",
        "FEATURE_COUNT": 286
      },
      "geometry": {
        "type": "Polygon",
        "coordinates": [
          [
            [
              -118.39288140147035,
              36.28642155805414
            ],
            [
              -118.39280690095113,
              36.2864186814782
            ],
            [
              -118.39280990743248,
              36.28636764529225
            ],
            [
              -118.39288440790348,
              36.28637052186285
            ],
            [
              -118.39288140147035,
              36.28642155805414
            ]
          ]
        ]
      }
    },
    {
      "id": "1135",
      "type": "Feature",
      "properties": {
        "id": null,
        "SOURCE_FILE": "/Users/maples/GitHub/mortalitree_testing/labels/ajones16_mortalitree_prefire_labels.geojson",
        "SUNETID": "ajones16",
        "FIRENAME": "CASTLE",
        "FIRE_SLUG": "CASTLE",
        "PREFIRE": 1,
        "PREFIRE_STATUS": "prefire",
        "TILE_Z": 17,
        "TILE_X": 22430,
        "TILE_Y": 51340,
        "TILEXYZ": [
          17,
          22430,
          51340
        ],
        "OUTPUT_FILE": "/Users/maples/GitHub/mortalitree_testing/notebooks/single_tiles/prefire/17/22430/51340.geojson",
        "OUTPUT_STATUS_DIR": "prefire",
        "FEATURE_COUNT": 286
      },
      "geometry": {
        "type": "Polygon",
        "coordinates": [
          [
            [
              -118.39272892230065,
              36.286401719937466
            ],
            [
              -118.39266015262243,
              36.286399064551794
            ],
            [
              -118.39266308462108,
              36.28634929429455
            ],
            [
              -118.3926959442272,
              36.28634929429455
            ],
            [
              -118.3927319288309,
              36.286350683757
            ],
            [
              -118.39272892230065,
              36.286401719937466
            ]
          ]
        ]
      }
    },
    {
      "id": "1136",
      "type": "Feature",
      "properties": {
        "id": null,
        "SOURCE_FILE": "/Users/maples/GitHub/mortalitree_testing/labels/ajones16_mortalitree_prefire_labels.geojson",
        "SUNETID": "ajones16",
        "FIRENAME": "CASTLE",
        "FIRE_SLUG": "CASTLE",
        "PREFIRE": 1,
        "PREFIRE_STATUS": "prefire",
        "TILE_Z": 17,
        "TILE_X": 22430,
        "TILE_Y": 51340,
        "TILEXYZ": [
          17,
          22430,
          51340
        ],
        "OUTPUT_FILE": "/Users/maples/GitHub/mortalitree_testing/notebooks/single_tiles/prefire/17/22430/51340.geojson",
        "OUTPUT_STATUS_DIR": "prefire",
        "FEATURE_COUNT": 286
      },
      "geometry": {
        "type": "Polygon",
        "coordinates": [
          [
            [
              -118.39268825100804,
              36.286507104256025
            ],
            [
              -118.39261661583454,
              36.28650433819718
            ],
            [
              -118.39262071576174,
              36.28643474341767
            ],
            [
              -118.39269235087203,
              36.286437509469515
            ],
            [
              -118.39268825100804,
              36.286507104256025
            ]
          ]
        ]
      }
    },
    {
      "id": "1137",
      "type": "Feature",
      "properties": {
        "id": null,
        "SOURCE_FILE": "/Users/maples/GitHub/mortalitree_testing/labels/ajones16_mortalitree_prefire_labels.geojson",
        "SUNETID": "ajones16",
        "FIRENAME": "CASTLE",
        "FIRE_SLUG": "CASTLE",
        "PREFIRE": 1,
        "PREFIRE_STATUS": "prefire",
        "TILE_Z": 17,
        "TILE_X": 22430,
        "TILE_Y": 51340,
        "TILEXYZ": [
          17,
          22430,
          51340
        ],
        "OUTPUT_FILE": "/Users/maples/GitHub/mortalitree_testing/notebooks/single_tiles/prefire/17/22430/51340.geojson",
        "OUTPUT_STATUS_DIR": "prefire",
        "FEATURE_COUNT": 286
      },
      "geometry": {
        "type": "Polygon",
        "coordinates": [
          [
            [
              -118.39257343430918,
              36.28645733129348
            ],
            [
              -118.39247027974466,
              36.28645334806084
            ],
            [
              -118.3924761564779,
              36.28635359556293
            ],
            [
              -118.392579310912,
              36.28635757878111
            ],
            [
              -118.39257343430918,
              36.28645733129348
            ]
          ]
        ]
      }
    },
    {
      "id": "1138",
      "type": "Feature",
      "properties": {
        "id": null,
        "SOURCE_FILE": "/Users/maples/GitHub/mortalitree_testing/labels/ajones16_mortalitree_prefire_labels.geojson",
        "SUNETID": "ajones16",
        "FIRENAME": "CASTLE",
        "FIRE_SLUG": "CASTLE",
        "PREFIRE": 1,
        "PREFIRE_STATUS": "prefire",
        "TILE_Z": 17,
        "TILE_X": 22430,
        "TILE_Y": 51340,
        "TILEXYZ": [
          17,
          22430,
          51340
        ],
        "OUTPUT_FILE": "/Users/maples/GitHub/mortalitree_testing/notebooks/single_tiles/prefire/17/22430/51340.geojson",
        "OUTPUT_STATUS_DIR": "prefire",
        "FEATURE_COUNT": 286
      },
      "geometry": {
        "type": "Polygon",
        "coordinates": [
          [
            [
              -118.39245062029435,
              36.28656768150925
            ],
            [
              -118.39236179264176,
              36.28656425140849
            ],
            [
              -118.39236739619359,
              36.28646913857802
            ],
            [
              -118.39245622373905,
              36.28647256866691
            ],
            [
              -118.39245062029435,
              36.28656768150925
            ]
          ]
        ]
      }
    },
    {
      "id": "1139",
      "type": "Feature",
      "properties": {
        "id": null,
        "SOURCE_FILE": "/Users/maples/GitHub/mortalitree_testing/labels/ajones16_mortalitree_prefire_labels.geojson",
        "SUNETID": "ajones16",
        "FIRENAME": "CASTLE",
        "FIRE_SLUG": "CASTLE",
        "PREFIRE": 1,
        "PREFIRE_STATUS": "prefire",
        "TILE_Z": 17,
        "TILE_X": 22430,
        "TILE_Y": 51340,
        "TILEXYZ": [
          17,
          22430,
          51340
        ],
        "OUTPUT_FILE": "/Users/maples/GitHub/mortalitree_testing/notebooks/single_tiles/prefire/17/22430/51340.geojson",
        "OUTPUT_STATUS_DIR": "prefire",
        "FEATURE_COUNT": 286
      },
      "geometry": {
        "type": "Polygon",
        "coordinates": [
          [
            [
              -118.39292838774678,
              36.28664774471343
            ],
            [
              -118.39289400278895,
              36.28664641707516
            ],
            [
              -118.39289618929851,
              36.28660929984594
            ],
            [
              -118.39293057424017,
              36.28661062748241
            ],
            [
              -118.39292838774678,
              36.28664774471343
            ]
          ]
        ]
      }
    },
    {
      "id": "1140",
      "type": "Feature",
      "properties": {
        "id": null,
        "SOURCE_FILE": "/Users/maples/GitHub/mortalitree_testing/labels/ajones16_mortalitree_prefire_labels.geojson",
        "SUNETID": "ajones16",
        "FIRENAME": "CASTLE",
        "FIRE_SLUG": "CASTLE",
        "PREFIRE": 1,
        "PREFIRE_STATUS": "prefire",
        "TILE_Z": 17,
        "TILE_X": 22430,
        "TILE_Y": 51340,
        "TILEXYZ": [
          17,
          22430,
          51340
        ],
        "OUTPUT_FILE": "/Users/maples/GitHub/mortalitree_testing/notebooks/single_tiles/prefire/17/22430/51340.geojson",
        "OUTPUT_STATUS_DIR": "prefire",
        "FEATURE_COUNT": 286
      },
      "geometry": {
        "type": "Polygon",
        "coordinates": [
          [
            [
              -118.39294127775096,
              36.286697069577265
            ],
            [
              -118.39287537320774,
              36.286694524932756
            ],
            [
              -118.39287783304496,
              36.28665276805129
            ],
            [
              -118.39294373755332,
              36.286655312691934
            ],
            [
              -118.39294127775096,
              36.286697069577265
            ]
          ]
        ]
      }
    },
    {
      "id": "1141",
      "type": "Feature",
      "properties": {
        "id": null,
        "SOURCE_FILE": "/Users/maples/GitHub/mortalitree_testing/labels/ajones16_mortalitree_prefire_labels.geojson",
        "SUNETID": "ajones16",
        "FIRENAME": "CASTLE",
        "FIRE_SLUG": "CASTLE",
        "PREFIRE": 1,
        "PREFIRE_STATUS": "prefire",
        "TILE_Z": 17,
        "TILE_X": 22430,
        "TILE_Y": 51340,
        "TILEXYZ": [
          17,
          22430,
          51340
        ],
        "OUTPUT_FILE": "/Users/maples/GitHub/mortalitree_testing/notebooks/single_tiles/prefire/17/22430/51340.geojson",
        "OUTPUT_STATUS_DIR": "prefire",
        "FEATURE_COUNT": 286
      },
      "geometry": {
        "type": "Polygon",
        "coordinates": [
          [
            [
              -118.39294782198279,
              36.28675661239025
            ],
            [
              -118.3928962444738,
              36.28675462093243
            ],
            [
              -118.39289938759094,
              36.286701264916104
            ],
            [
              -118.39295096506504,
              36.28670325637006
            ],
            [
              -118.39294782198279,
              36.28675661239025
            ]
          ]
        ]
      }
    },
    {
      "id": "1142",
      "type": "Feature",
      "properties": {
        "id": null,
        "SOURCE_FILE": "/Users/maples/GitHub/mortalitree_testing/labels/ajones16_mortalitree_prefire_labels.geojson",
        "SUNETID": "ajones16",
        "FIRENAME": "CASTLE",
        "FIRE_SLUG": "CASTLE",
        "PREFIRE": 1,
        "PREFIRE_STATUS": "prefire",
        "TILE_Z": 17,
        "TILE_X": 22430,
        "TILE_Y": 51340,
        "TILEXYZ": [
          17,
          22430,
          51340
        ],
        "OUTPUT_FILE": "/Users/maples/GitHub/mortalitree_testing/notebooks/single_tiles/prefire/17/22430/51340.geojson",
        "OUTPUT_STATUS_DIR": "prefire",
        "FEATURE_COUNT": 286
      },
      "geometry": {
        "type": "Polygon",
        "coordinates": [
          [
            [
              -118.39306831259508,
              36.28668569870052
            ],
            [
              -118.3930367930288,
              36.286684481734945
            ],
            [
              -118.39303925277913,
              36.286642724843894
            ],
            [
              -118.39307077232871,
              36.28664394180762
            ],
            [
              -118.39306831259508,
              36.28668569870052
            ]
          ]
        ]
      }
    },
    {
      "id": "1143",
      "type": "Feature",
      "properties": {
        "id": null,
        "SOURCE_FILE": "/Users/maples/GitHub/mortalitree_testing/labels/ajones16_mortalitree_prefire_labels.geojson",
        "SUNETID": "ajones16",
        "FIRENAME": "CASTLE",
        "FIRE_SLUG": "CASTLE",
        "PREFIRE": 1,
        "PREFIRE_STATUS": "prefire",
        "TILE_Z": 17,
        "TILE_X": 22430,
        "TILE_Y": 51340,
        "TILEXYZ": [
          17,
          22430,
          51340
        ],
        "OUTPUT_FILE": "/Users/maples/GitHub/mortalitree_testing/notebooks/single_tiles/prefire/17/22430/51340.geojson",
        "OUTPUT_STATUS_DIR": "prefire",
        "FEATURE_COUNT": 286
      },
      "geometry": {
        "type": "Polygon",
        "coordinates": [
          [
            [
              -118.39311804528812,
              36.28671900775254
            ],
            [
              -118.3930636023752,
              36.28671690573688
            ],
            [
              -118.39306660872211,
              36.28666586953501
            ],
            [
              -118.39312105159983,
              36.28666797154674
            ],
            [
              -118.39311804528812,
              36.28671900775254
            ]
          ]
        ]
      }
    },
    {
      "id": "1144",
      "type": "Feature",
      "properties": {
        "id": null,
        "SOURCE_FILE": "/Users/maples/GitHub/mortalitree_testing/labels/ajones16_mortalitree_prefire_labels.geojson",
        "SUNETID": "ajones16",
        "FIRENAME": "CASTLE",
        "FIRE_SLUG": "CASTLE",
        "PREFIRE": 1,
        "PREFIRE_STATUS": "prefire",
        "TILE_Z": 17,
        "TILE_X": 22430,
        "TILE_Y": 51340,
        "TILEXYZ": [
          17,
          22430,
          51340
        ],
        "OUTPUT_FILE": "/Users/maples/GitHub/mortalitree_testing/notebooks/single_tiles/prefire/17/22430/51340.geojson",
        "OUTPUT_STATUS_DIR": "prefire",
        "FEATURE_COUNT": 286
      },
      "geometry": {
        "type": "Polygon",
        "coordinates": [
          [
            [
              -118.39308222330948,
              36.28676645185823
            ],
            [
              -118.39303637662012,
              36.286764681725714
            ],
            [
              -118.39303897303093,
              36.286720605007986
            ],
            [
              -118.39308481969466,
              36.28672237513767
            ],
            [
              -118.39308222330948,
              36.28676645185823
            ]
          ]
        ]
      }
    },
    {
      "id": "1145",
      "type": "Feature",
      "properties": {
        "id": null,
        "SOURCE_FILE": "/Users/maples/GitHub/mortalitree_testing/labels/ajones16_mortalitree_prefire_labels.geojson",
        "SUNETID": "ajones16",
        "FIRENAME": "CASTLE",
        "FIRE_SLUG": "CASTLE",
        "PREFIRE": 1,
        "PREFIRE_STATUS": "prefire",
        "TILE_Z": 17,
        "TILE_X": 22430,
        "TILE_Y": 51340,
        "TILEXYZ": [
          17,
          22430,
          51340
        ],
        "OUTPUT_FILE": "/Users/maples/GitHub/mortalitree_testing/notebooks/single_tiles/prefire/17/22430/51340.geojson",
        "OUTPUT_STATUS_DIR": "prefire",
        "FEATURE_COUNT": 286
      },
      "geometry": {
        "type": "Polygon",
        "coordinates": [
          [
            [
              -118.39304286119663,
              36.28672773044021
            ],
            [
              -118.39298268745075,
              36.286725407119995
            ],
            [
              -118.39298542054249,
              36.28667901057823
            ],
            [
              -118.39304559425297,
              36.286681333894514
            ],
            [
              -118.39304286119663,
              36.28672773044021
            ]
          ]
        ]
      }
    },
    {
      "id": "1146",
      "type": "Feature",
      "properties": {
        "id": null,
        "SOURCE_FILE": "/Users/maples/GitHub/mortalitree_testing/labels/ajones16_mortalitree_prefire_labels.geojson",
        "SUNETID": "ajones16",
        "FIRENAME": "CASTLE",
        "FIRE_SLUG": "CASTLE",
        "PREFIRE": 1,
        "PREFIRE_STATUS": "prefire",
        "TILE_Z": 17,
        "TILE_X": 22430,
        "TILE_Y": 51340,
        "TILEXYZ": [
          17,
          22430,
          51340
        ],
        "OUTPUT_FILE": "/Users/maples/GitHub/mortalitree_testing/notebooks/single_tiles/prefire/17/22430/51340.geojson",
        "OUTPUT_STATUS_DIR": "prefire",
        "FEATURE_COUNT": 286
      },
      "geometry": {
        "type": "Polygon",
        "coordinates": [
          [
            [
              -118.39291643029028,
              36.28685072956444
            ],
            [
              -118.39283046767872,
              36.28684741042583
            ],
            [
              -118.39283402082971,
              36.2867870949356
            ],
            [
              -118.39291998337558,
              36.286790414066935
            ],
            [
              -118.39291643029028,
              36.28685072956444
            ]
          ]
        ]
      }
    },
    {
      "id": "1147",
      "type": "Feature",
      "properties": {
        "id": null,
        "SOURCE_FILE": "/Users/maples/GitHub/mortalitree_testing/labels/ajones16_mortalitree_prefire_labels.geojson",
        "SUNETID": "ajones16",
        "FIRENAME": "CASTLE",
        "FIRE_SLUG": "CASTLE",
        "PREFIRE": 1,
        "PREFIRE_STATUS": "prefire",
        "TILE_Z": 17,
        "TILE_X": 22430,
        "TILE_Y": 51340,
        "TILEXYZ": [
          17,
          22430,
          51340
        ],
        "OUTPUT_FILE": "/Users/maples/GitHub/mortalitree_testing/notebooks/single_tiles/prefire/17/22430/51340.geojson",
        "OUTPUT_STATUS_DIR": "prefire",
        "FEATURE_COUNT": 286
      },
      "geometry": {
        "type": "Polygon",
        "coordinates": [
          [
            [
              -118.39296772148238,
              36.28700384167739
            ],
            [
              -118.3929046821048,
              36.28700140766665
            ],
            [
              -118.39290796190261,
              36.28694573182516
            ],
            [
              -118.3929710012357,
              36.28694816583097
            ],
            [
              -118.39296772148238,
              36.28700384167739
            ]
          ]
        ]
      }
    },
    {
      "id": "1148",
      "type": "Feature",
      "properties": {
        "id": null,
        "SOURCE_FILE": "/Users/maples/GitHub/mortalitree_testing/labels/ajones16_mortalitree_prefire_labels.geojson",
        "SUNETID": "ajones16",
        "FIRENAME": "CASTLE",
        "FIRE_SLUG": "CASTLE",
        "PREFIRE": 1,
        "PREFIRE_STATUS": "prefire",
        "TILE_Z": 17,
        "TILE_X": 22430,
        "TILE_Y": 51340,
        "TILEXYZ": [
          17,
          22430,
          51340
        ],
        "OUTPUT_FILE": "/Users/maples/GitHub/mortalitree_testing/notebooks/single_tiles/prefire/17/22430/51340.geojson",
        "OUTPUT_STATUS_DIR": "prefire",
        "FEATURE_COUNT": 286
      },
      "geometry": {
        "type": "Polygon",
        "coordinates": [
          [
            [
              -118.39310730748102,
              36.28702318172838
            ],
            [
              -118.39302134465717,
              36.28701986271348
            ],
            [
              -118.39302653753846,
              36.286931709283174
            ],
            [
              -118.39311250026627,
              36.28693502828744
            ],
            [
              -118.39310730748102,
              36.28702318172838
            ]
          ]
        ]
      }
    },
    {
      "id": "1149",
      "type": "Feature",
      "properties": {
        "id": null,
        "SOURCE_FILE": "/Users/maples/GitHub/mortalitree_testing/labels/ajones16_mortalitree_prefire_labels.geojson",
        "SUNETID": "ajones16",
        "FIRENAME": "CASTLE",
        "FIRE_SLUG": "CASTLE",
        "PREFIRE": 1,
        "PREFIRE_STATUS": "prefire",
        "TILE_Z": 17,
        "TILE_X": 22430,
        "TILE_Y": 51340,
        "TILEXYZ": [
          17,
          22430,
          51340
        ],
        "OUTPUT_FILE": "/Users/maples/GitHub/mortalitree_testing/notebooks/single_tiles/prefire/17/22430/51340.geojson",
        "OUTPUT_STATUS_DIR": "prefire",
        "FEATURE_COUNT": 286
      },
      "geometry": {
        "type": "Polygon",
        "coordinates": [
          [
            [
              -118.39340231815018,
              36.28693924233106
            ],
            [
              -118.39332208623335,
              36.286936144789806
            ],
            [
              -118.39332591230817,
              36.28687118960237
            ],
            [
              -118.39340614415894,
              36.28687428713631
            ],
            [
              -118.39340231815018,
              36.28693924233106
            ]
          ]
        ]
      }
    },
    {
      "id": "1150",
      "type": "Feature",
      "properties": {
        "id": null,
        "SOURCE_FILE": "/Users/maples/GitHub/mortalitree_testing/labels/ajones16_mortalitree_prefire_labels.geojson",
        "SUNETID": "ajones16",
        "FIRENAME": "CASTLE",
        "FIRE_SLUG": "CASTLE",
        "PREFIRE": 1,
        "PREFIRE_STATUS": "prefire",
        "TILE_Z": 17,
        "TILE_X": 22430,
        "TILE_Y": 51340,
        "TILEXYZ": [
          17,
          22430,
          51340
        ],
        "OUTPUT_FILE": "/Users/maples/GitHub/mortalitree_testing/notebooks/single_tiles/prefire/17/22430/51340.geojson",
        "OUTPUT_STATUS_DIR": "prefire",
        "FEATURE_COUNT": 286
      },
      "geometry": {
        "type": "Polygon",
        "coordinates": [
          [
            [
              -118.39383442814366,
              36.28725818756092
            ],
            [
              -118.39377711936226,
              36.28725597522737
            ],
            [
              -118.3937814916383,
              36.28718174068368
            ],
            [
              -118.39383880036577,
              36.28718395301126
            ],
            [
              -118.39383442814366,
              36.28725818756092
            ]
          ]
        ]
      }
    },
    {
      "id": "1151",
      "type": "Feature",
      "properties": {
        "id": null,
        "SOURCE_FILE": "/Users/maples/GitHub/mortalitree_testing/labels/ajones16_mortalitree_prefire_labels.geojson",
        "SUNETID": "ajones16",
        "FIRENAME": "CASTLE",
        "FIRE_SLUG": "CASTLE",
        "PREFIRE": 1,
        "PREFIRE_STATUS": "prefire",
        "TILE_Z": 17,
        "TILE_X": 22430,
        "TILE_Y": 51340,
        "TILEXYZ": [
          17,
          22430,
          51340
        ],
        "OUTPUT_FILE": "/Users/maples/GitHub/mortalitree_testing/notebooks/single_tiles/prefire/17/22430/51340.geojson",
        "OUTPUT_STATUS_DIR": "prefire",
        "FEATURE_COUNT": 286
      },
      "geometry": {
        "type": "Polygon",
        "coordinates": [
          [
            [
              -118.39387154222383,
              36.287261945392835
            ],
            [
              -118.39384288782946,
              36.28726083923827
            ],
            [
              -118.39384616699188,
              36.287205163325524
            ],
            [
              -118.393874821366,
              36.28720626947785
            ],
            [
              -118.39387154222383,
              36.287261945392835
            ]
          ]
        ]
      }
    },
    {
      "id": "1152",
      "type": "Feature",
      "properties": {
        "id": null,
        "SOURCE_FILE": "/Users/maples/GitHub/mortalitree_testing/labels/ajones16_mortalitree_prefire_labels.geojson",
        "SUNETID": "ajones16",
        "FIRENAME": "CASTLE",
        "FIRE_SLUG": "CASTLE",
        "PREFIRE": 1,
        "PREFIRE_STATUS": "prefire",
        "TILE_Z": 17,
        "TILE_X": 22430,
        "TILE_Y": 51340,
        "TILEXYZ": [
          17,
          22430,
          51340
        ],
        "OUTPUT_FILE": "/Users/maples/GitHub/mortalitree_testing/notebooks/single_tiles/prefire/17/22430/51340.geojson",
        "OUTPUT_STATUS_DIR": "prefire",
        "FEATURE_COUNT": 286
      },
      "geometry": {
        "type": "Polygon",
        "coordinates": [
          [
            [
              -118.39289280380729,
              36.287081165092424
            ],
            [
              -118.39283836066005,
              36.287079062956245
            ],
            [
              -118.39284082055156,
              36.287037306079654
            ],
            [
              -118.39289526366997,
              36.28703940821263
            ],
            [
              -118.39289280380729,
              36.287081165092424
            ]
          ]
        ]
      }
    },
    {
      "id": "1153",
      "type": "Feature",
      "properties": {
        "id": null,
        "SOURCE_FILE": "/Users/maples/GitHub/mortalitree_testing/labels/ajones16_mortalitree_prefire_labels.geojson",
        "SUNETID": "ajones16",
        "FIRENAME": "CASTLE",
        "FIRE_SLUG": "CASTLE",
        "PREFIRE": 1,
        "PREFIRE_STATUS": "prefire",
        "TILE_Z": 17,
        "TILE_X": 22430,
        "TILE_Y": 51340,
        "TILEXYZ": [
          17,
          22430,
          51340
        ],
        "OUTPUT_FILE": "/Users/maples/GitHub/mortalitree_testing/notebooks/single_tiles/prefire/17/22430/51340.geojson",
        "OUTPUT_STATUS_DIR": "prefire",
        "FEATURE_COUNT": 286
      },
      "geometry": {
        "type": "Polygon",
        "coordinates": [
          [
            [
              -118.39292588850475,
              36.287128944598194
            ],
            [
              -118.39285138730843,
              36.28712606800196
            ],
            [
              -118.3928542571782,
              36.287077351645365
            ],
            [
              -118.3929287583285,
              36.28708022823652
            ],
            [
              -118.39292588850475,
              36.287128944598194
            ]
          ]
        ]
      }
    },
    {
      "id": "1154",
      "type": "Feature",
      "properties": {
        "id": null,
        "SOURCE_FILE": "/Users/maples/GitHub/mortalitree_testing/labels/ajones16_mortalitree_prefire_labels.geojson",
        "SUNETID": "ajones16",
        "FIRENAME": "CASTLE",
        "FIRE_SLUG": "CASTLE",
        "PREFIRE": 1,
        "PREFIRE_STATUS": "prefire",
        "TILE_Z": 17,
        "TILE_X": 22430,
        "TILE_Y": 51340,
        "TILEXYZ": [
          17,
          22430,
          51340
        ],
        "OUTPUT_FILE": "/Users/maples/GitHub/mortalitree_testing/notebooks/single_tiles/prefire/17/22430/51340.geojson",
        "OUTPUT_STATUS_DIR": "prefire",
        "FEATURE_COUNT": 286
      },
      "geometry": {
        "type": "Polygon",
        "coordinates": [
          [
            [
              -118.39296190700205,
              36.28717567482075
            ],
            [
              -118.39287594402853,
              36.28717235568937
            ],
            [
              -118.39287881388788,
              36.28712363933147
            ],
            [
              -118.3929647768083,
              36.28712695845697
            ],
            [
              -118.39296190700205,
              36.28717567482075
            ]
          ]
        ]
      }
    },
    {
      "id": "1155",
      "type": "Feature",
      "properties": {
        "id": null,
        "SOURCE_FILE": "/Users/maples/GitHub/mortalitree_testing/labels/ajones16_mortalitree_prefire_labels.geojson",
        "SUNETID": "ajones16",
        "FIRENAME": "CASTLE",
        "FIRE_SLUG": "CASTLE",
        "PREFIRE": 1,
        "PREFIRE_STATUS": "prefire",
        "TILE_Z": 17,
        "TILE_X": 22430,
        "TILE_Y": 51340,
        "TILEXYZ": [
          17,
          22430,
          51340
        ],
        "OUTPUT_FILE": "/Users/maples/GitHub/mortalitree_testing/notebooks/single_tiles/prefire/17/22430/51340.geojson",
        "OUTPUT_STATUS_DIR": "prefire",
        "FEATURE_COUNT": 286
      },
      "geometry": {
        "type": "Polygon",
        "coordinates": [
          [
            [
              -118.39297471780833,
              36.28734822709951
            ],
            [
              -118.39289735095983,
              36.28734523988015
            ],
            [
              -118.39290213406294,
              36.28726404594988
            ],
            [
              -118.39297950083183,
              36.28726703316041
            ],
            [
              -118.39297471780833,
              36.28734822709951
            ]
          ]
        ]
      }
    },
    {
      "id": "1156",
      "type": "Feature",
      "properties": {
        "id": null,
        "SOURCE_FILE": "/Users/maples/GitHub/mortalitree_testing/labels/ajones16_mortalitree_prefire_labels.geojson",
        "SUNETID": "ajones16",
        "FIRENAME": "CASTLE",
        "FIRE_SLUG": "CASTLE",
        "PREFIRE": 1,
        "PREFIRE_STATUS": "prefire",
        "TILE_Z": 17,
        "TILE_X": 22430,
        "TILE_Y": 51340,
        "TILEXYZ": [
          17,
          22430,
          51340
        ],
        "OUTPUT_FILE": "/Users/maples/GitHub/mortalitree_testing/notebooks/single_tiles/prefire/17/22430/51340.geojson",
        "OUTPUT_STATUS_DIR": "prefire",
        "FEATURE_COUNT": 286
      },
      "geometry": {
        "type": "Polygon",
        "coordinates": [
          [
            [
              -118.39283110645472,
              36.28732408124162
            ],
            [
              -118.39279385576748,
              36.287322642913125
            ],
            [
              -118.39279645236762,
              36.2872785662146
            ],
            [
              -118.39283370303404,
              36.2872800045408
            ],
            [
              -118.39283110645472,
              36.28732408124162
            ]
          ]
        ]
      }
    },
    {
      "id": "1157",
      "type": "Feature",
      "properties": {
        "id": null,
        "SOURCE_FILE": "/Users/maples/GitHub/mortalitree_testing/labels/ajones16_mortalitree_prefire_labels.geojson",
        "SUNETID": "ajones16",
        "FIRENAME": "CASTLE",
        "FIRE_SLUG": "CASTLE",
        "PREFIRE": 1,
        "PREFIRE_STATUS": "prefire",
        "TILE_Z": 17,
        "TILE_X": 22430,
        "TILE_Y": 51340,
        "TILEXYZ": [
          17,
          22430,
          51340
        ],
        "OUTPUT_FILE": "/Users/maples/GitHub/mortalitree_testing/notebooks/single_tiles/prefire/17/22430/51340.geojson",
        "OUTPUT_STATUS_DIR": "prefire",
        "FEATURE_COUNT": 286
      },
      "geometry": {
        "type": "Polygon",
        "coordinates": [
          [
            [
              -118.39278320950018,
              36.28735710838236
            ],
            [
              -118.39274595879976,
              36.287355670037805
            ],
            [
              -118.39274910208825,
              36.28730231403816
            ],
            [
              -118.39278635276345,
              36.28730375237991
            ],
            [
              -118.39278320950018,
              36.28735710838236
            ]
          ]
        ]
      }
    },
    {
      "id": "1158",
      "type": "Feature",
      "properties": {
        "id": null,
        "SOURCE_FILE": "/Users/maples/GitHub/mortalitree_testing/labels/ajones16_mortalitree_prefire_labels.geojson",
        "SUNETID": "ajones16",
        "FIRENAME": "CASTLE",
        "FIRE_SLUG": "CASTLE",
        "PREFIRE": 1,
        "PREFIRE_STATUS": "prefire",
        "TILE_Z": 17,
        "TILE_X": 22430,
        "TILE_Y": 51340,
        "TILEXYZ": [
          17,
          22430,
          51340
        ],
        "OUTPUT_FILE": "/Users/maples/GitHub/mortalitree_testing/notebooks/single_tiles/prefire/17/22430/51340.geojson",
        "OUTPUT_STATUS_DIR": "prefire",
        "FEATURE_COUNT": 286
      },
      "geometry": {
        "type": "Polygon",
        "coordinates": [
          [
            [
              -118.3927511407562,
              36.28738958412143
            ],
            [
              -118.39269096652694,
              36.28738726061813
            ],
            [
              -118.39269438318908,
              36.28732926497112
            ],
            [
              -118.39275455737413,
              36.28733158846951
            ],
            [
              -118.3927511407562,
              36.28738958412143
            ]
          ]
        ]
      }
    },
    {
      "id": "1159",
      "type": "Feature",
      "properties": {
        "id": null,
        "SOURCE_FILE": "/Users/maples/GitHub/mortalitree_testing/labels/ajones16_mortalitree_prefire_labels.geojson",
        "SUNETID": "ajones16",
        "FIRENAME": "CASTLE",
        "FIRE_SLUG": "CASTLE",
        "PREFIRE": 1,
        "PREFIRE_STATUS": "prefire",
        "TILE_Z": 17,
        "TILE_X": 22430,
        "TILE_Y": 51340,
        "TILEXYZ": [
          17,
          22430,
          51340
        ],
        "OUTPUT_FILE": "/Users/maples/GitHub/mortalitree_testing/notebooks/single_tiles/prefire/17/22430/51340.geojson",
        "OUTPUT_STATUS_DIR": "prefire",
        "FEATURE_COUNT": 286
      },
      "geometry": {
        "type": "Polygon",
        "coordinates": [
          [
            [
              -118.3928695254254,
              36.28723256054026
            ],
            [
              -118.39279502413653,
              36.28722968390187
            ],
            [
              -118.39279926067627,
              36.28715776928699
            ],
            [
              -118.39287376189722,
              36.287160645917865
            ],
            [
              -118.3928695254254,
              36.28723256054026
            ]
          ]
        ]
      }
    },
    {
      "id": "1160",
      "type": "Feature",
      "properties": {
        "id": null,
        "SOURCE_FILE": "/Users/maples/GitHub/mortalitree_testing/labels/ajones16_mortalitree_prefire_labels.geojson",
        "SUNETID": "ajones16",
        "FIRENAME": "CASTLE",
        "FIRE_SLUG": "CASTLE",
        "PREFIRE": 1,
        "PREFIRE_STATUS": "prefire",
        "TILE_Z": 17,
        "TILE_X": 22430,
        "TILE_Y": 51340,
        "TILEXYZ": [
          17,
          22430,
          51340
        ],
        "OUTPUT_FILE": "/Users/maples/GitHub/mortalitree_testing/notebooks/single_tiles/prefire/17/22430/51340.geojson",
        "OUTPUT_STATUS_DIR": "prefire",
        "FEATURE_COUNT": 286
      },
      "geometry": {
        "type": "Polygon",
        "coordinates": [
          [
            [
              -118.39279079207277,
              36.287252771523505
            ],
            [
              -118.39273061794518,
              36.28725044804766
            ],
            [
              -118.39273362456754,
              36.2871994118743
            ],
            [
              -118.3927937986562,
              36.28720173534583
            ],
            [
              -118.39279079207277,
              36.287252771523505
            ]
          ]
        ]
      }
    },
    {
      "id": "1161",
      "type": "Feature",
      "properties": {
        "id": null,
        "SOURCE_FILE": "/Users/maples/GitHub/mortalitree_testing/labels/ajones16_mortalitree_prefire_labels.geojson",
        "SUNETID": "ajones16",
        "FIRENAME": "CASTLE",
        "FIRE_SLUG": "CASTLE",
        "PREFIRE": 1,
        "PREFIRE_STATUS": "prefire",
        "TILE_Z": 17,
        "TILE_X": 22430,
        "TILE_Y": 51340,
        "TILEXYZ": [
          17,
          22430,
          51340
        ],
        "OUTPUT_FILE": "/Users/maples/GitHub/mortalitree_testing/notebooks/single_tiles/prefire/17/22430/51340.geojson",
        "OUTPUT_STATUS_DIR": "prefire",
        "FEATURE_COUNT": 286
      },
      "geometry": {
        "type": "Polygon",
        "coordinates": [
          [
            [
              -118.39273089353755,
              36.287221394900804
            ],
            [
              -118.39267645030536,
              36.28721929268395
            ],
            [
              -118.39267918362766,
              36.28717289616606
            ],
            [
              -118.39273362682785,
              36.28717499837936
            ],
            [
              -118.39273089353755,
              36.287221394900804
            ]
          ]
        ]
      }
    },
    {
      "id": "1162",
      "type": "Feature",
      "properties": {
        "id": null,
        "SOURCE_FILE": "/Users/maples/GitHub/mortalitree_testing/labels/ajones16_mortalitree_prefire_labels.geojson",
        "SUNETID": "ajones16",
        "FIRENAME": "CASTLE",
        "FIRE_SLUG": "CASTLE",
        "PREFIRE": 1,
        "PREFIRE_STATUS": "prefire",
        "TILE_Z": 17,
        "TILE_X": 22430,
        "TILE_Y": 51340,
        "TILEXYZ": [
          17,
          22430,
          51340
        ],
        "OUTPUT_FILE": "/Users/maples/GitHub/mortalitree_testing/notebooks/single_tiles/prefire/17/22430/51340.geojson",
        "OUTPUT_STATUS_DIR": "prefire",
        "FEATURE_COUNT": 286
      },
      "geometry": {
        "type": "Polygon",
        "coordinates": [
          [
            [
              -118.39276023794616,
              36.28713766170329
            ],
            [
              -118.39271725649074,
              36.2871360020743
            ],
            [
              -118.39272067310206,
              36.28707800642269
            ],
            [
              -118.3927636545259,
              36.287079666048186
            ],
            [
              -118.39276023794616,
              36.28713766170329
            ]
          ]
        ]
      }
    },
    {
      "id": "1163",
      "type": "Feature",
      "properties": {
        "id": null,
        "SOURCE_FILE": "/Users/maples/GitHub/mortalitree_testing/labels/ajones16_mortalitree_prefire_labels.geojson",
        "SUNETID": "ajones16",
        "FIRENAME": "CASTLE",
        "FIRE_SLUG": "CASTLE",
        "PREFIRE": 1,
        "PREFIRE_STATUS": "prefire",
        "TILE_Z": 17,
        "TILE_X": 22430,
        "TILE_Y": 51340,
        "TILEXYZ": [
          17,
          22430,
          51340
        ],
        "OUTPUT_FILE": "/Users/maples/GitHub/mortalitree_testing/notebooks/single_tiles/prefire/17/22430/51340.geojson",
        "OUTPUT_STATUS_DIR": "prefire",
        "FEATURE_COUNT": 286
      },
      "geometry": {
        "type": "Polygon",
        "coordinates": [
          [
            [
              -118.39268178027808,
              36.28712881947355
            ],
            [
              -118.39264166426187,
              36.28712727046096
            ],
            [
              -118.39264398759592,
              36.287087833422106
            ],
            [
              -118.3926841035921,
              36.28708938243247
            ],
            [
              -118.39268178027808,
              36.28712881947355
            ]
          ]
        ]
      }
    },
    {
      "id": "1164",
      "type": "Feature",
      "properties": {
        "id": null,
        "SOURCE_FILE": "/Users/maples/GitHub/mortalitree_testing/labels/ajones16_mortalitree_prefire_labels.geojson",
        "SUNETID": "ajones16",
        "FIRENAME": "CASTLE",
        "FIRE_SLUG": "CASTLE",
        "PREFIRE": 1,
        "PREFIRE_STATUS": "prefire",
        "TILE_Z": 17,
        "TILE_X": 22430,
        "TILE_Y": 51340,
        "TILEXYZ": [
          17,
          22430,
          51340
        ],
        "OUTPUT_FILE": "/Users/maples/GitHub/mortalitree_testing/notebooks/single_tiles/prefire/17/22430/51340.geojson",
        "OUTPUT_STATUS_DIR": "prefire",
        "FEATURE_COUNT": 286
      },
      "geometry": {
        "type": "Polygon",
        "coordinates": [
          [
            [
              -118.39264957264605,
              36.287188028508766
            ],
            [
              -118.39260945660135,
              36.2871864794832
            ],
            [
              -118.39261314663412,
              36.28712384418948
            ],
            [
              -118.39265326264697,
              36.28712539321151
            ],
            [
              -118.39264957264605,
              36.287188028508766
            ]
          ]
        ]
      }
    },
    {
      "id": "1165",
      "type": "Feature",
      "properties": {
        "id": null,
        "SOURCE_FILE": "/Users/maples/GitHub/mortalitree_testing/labels/ajones16_mortalitree_prefire_labels.geojson",
        "SUNETID": "ajones16",
        "FIRENAME": "CASTLE",
        "FIRE_SLUG": "CASTLE",
        "PREFIRE": 1,
        "PREFIRE_STATUS": "prefire",
        "TILE_Z": 17,
        "TILE_X": 22430,
        "TILE_Y": 51340,
        "TILEXYZ": [
          17,
          22430,
          51340
        ],
        "OUTPUT_FILE": "/Users/maples/GitHub/mortalitree_testing/notebooks/single_tiles/prefire/17/22430/51340.geojson",
        "OUTPUT_STATUS_DIR": "prefire",
        "FEATURE_COUNT": 286
      },
      "geometry": {
        "type": "Polygon",
        "coordinates": [
          [
            [
              -118.39261150432324,
              36.287176095590205
            ],
            [
              -118.39255706113168,
              36.28717399332125
            ],
            [
              -118.3925595211816,
              36.287132236461865
            ],
            [
              -118.39261396434435,
              36.28713433872763
            ],
            [
              -118.39261150432324,
              36.287176095590205
            ]
          ]
        ]
      }
    },
    {
      "id": "1166",
      "type": "Feature",
      "properties": {
        "id": null,
        "SOURCE_FILE": "/Users/maples/GitHub/mortalitree_testing/labels/ajones16_mortalitree_prefire_labels.geojson",
        "SUNETID": "ajones16",
        "FIRENAME": "CASTLE",
        "FIRE_SLUG": "CASTLE",
        "PREFIRE": 1,
        "PREFIRE_STATUS": "prefire",
        "TILE_Z": 17,
        "TILE_X": 22430,
        "TILE_Y": 51340,
        "TILEXYZ": [
          17,
          22430,
          51340
        ],
        "OUTPUT_FILE": "/Users/maples/GitHub/mortalitree_testing/notebooks/single_tiles/prefire/17/22430/51340.geojson",
        "OUTPUT_STATUS_DIR": "prefire",
        "FEATURE_COUNT": 286
      },
      "geometry": {
        "type": "Polygon",
        "coordinates": [
          [
            [
              -118.39262275875186,
              36.28720443140104
            ],
            [
              -118.39257691183602,
              36.287202661074055
            ],
            [
              -118.39257882520239,
              36.28717018351605
            ],
            [
              -118.39262467209934,
              36.28717195384094
            ],
            [
              -118.39262275875186,
              36.28720443140104
            ]
          ]
        ]
      }
    },
    {
      "id": "1167",
      "type": "Feature",
      "properties": {
        "id": null,
        "SOURCE_FILE": "/Users/maples/GitHub/mortalitree_testing/labels/ajones16_mortalitree_prefire_labels.geojson",
        "SUNETID": "ajones16",
        "FIRENAME": "CASTLE",
        "FIRE_SLUG": "CASTLE",
        "PREFIRE": 1,
        "PREFIRE_STATUS": "prefire",
        "TILE_Z": 17,
        "TILE_X": 22430,
        "TILE_Y": 51340,
        "TILEXYZ": [
          17,
          22430,
          51340
        ],
        "OUTPUT_FILE": "/Users/maples/GitHub/mortalitree_testing/notebooks/single_tiles/prefire/17/22430/51340.geojson",
        "OUTPUT_STATUS_DIR": "prefire",
        "FEATURE_COUNT": 286
      },
      "geometry": {
        "type": "Polygon",
        "coordinates": [
          [
            [
              -118.3926089713605,
              36.287267839349155
            ],
            [
              -118.39254879723678,
              36.287265515780994
            ],
            [
              -118.392553034008,
              36.28719360119153
            ],
            [
              -118.39261320807687,
              36.287195924753625
            ],
            [
              -118.3926089713605,
              36.287267839349155
            ]
          ]
        ]
      }
    },
    {
      "id": "1168",
      "type": "Feature",
      "properties": {
        "id": null,
        "SOURCE_FILE": "/Users/maples/GitHub/mortalitree_testing/labels/ajones16_mortalitree_prefire_labels.geojson",
        "SUNETID": "ajones16",
        "FIRENAME": "CASTLE",
        "FIRE_SLUG": "CASTLE",
        "PREFIRE": 1,
        "PREFIRE_STATUS": "prefire",
        "TILE_Z": 17,
        "TILE_X": 22430,
        "TILE_Y": 51340,
        "TILEXYZ": [
          17,
          22430,
          51340
        ],
        "OUTPUT_FILE": "/Users/maples/GitHub/mortalitree_testing/notebooks/single_tiles/prefire/17/22430/51340.geojson",
        "OUTPUT_STATUS_DIR": "prefire",
        "FEATURE_COUNT": 286
      },
      "geometry": {
        "type": "Polygon",
        "coordinates": [
          [
            [
              -118.39205940914162,
              36.28670021830929
            ],
            [
              -118.39199350467773,
              36.286697673178544
            ],
            [
              -118.39199596498509,
              36.28665591634905
            ],
            [
              -118.3920618694141,
              36.28665846147593
            ],
            [
              -118.39205940914162,
              36.28670021830929
            ]
          ]
        ]
      }
    },
    {
      "id": "1169",
      "type": "Feature",
      "properties": {
        "id": null,
        "SOURCE_FILE": "/Users/maples/GitHub/mortalitree_testing/labels/ajones16_mortalitree_prefire_labels.geojson",
        "SUNETID": "ajones16",
        "FIRENAME": "CASTLE",
        "FIRE_SLUG": "CASTLE",
        "PREFIRE": 1,
        "PREFIRE_STATUS": "prefire",
        "TILE_Z": 17,
        "TILE_X": 22430,
        "TILE_Y": 51340,
        "TILEXYZ": [
          17,
          22430,
          51340
        ],
        "OUTPUT_FILE": "/Users/maples/GitHub/mortalitree_testing/notebooks/single_tiles/prefire/17/22430/51340.geojson",
        "OUTPUT_STATUS_DIR": "prefire",
        "FEATURE_COUNT": 286
      },
      "geometry": {
        "type": "Polygon",
        "coordinates": [
          [
            [
              -118.39210572923065,
              36.286742696393326
            ],
            [
              -118.3920541517921,
              36.286740704572935
            ],
            [
              -118.39205893566309,
              36.28665951073103
            ],
            [
              -118.39211051304856,
              36.28666150254554
            ],
            [
              -118.39210572923065,
              36.286742696393326
            ]
          ]
        ]
      }
    },
    {
      "id": "1170",
      "type": "Feature",
      "properties": {
        "id": null,
        "SOURCE_FILE": "/Users/maples/GitHub/mortalitree_testing/labels/ajones16_mortalitree_prefire_labels.geojson",
        "SUNETID": "ajones16",
        "FIRENAME": "CASTLE",
        "FIRE_SLUG": "CASTLE",
        "PREFIRE": 1,
        "PREFIRE_STATUS": "prefire",
        "TILE_Z": 17,
        "TILE_X": 22430,
        "TILE_Y": 51340,
        "TILEXYZ": [
          17,
          22430,
          51340
        ],
        "OUTPUT_FILE": "/Users/maples/GitHub/mortalitree_testing/notebooks/single_tiles/prefire/17/22430/51340.geojson",
        "OUTPUT_STATUS_DIR": "prefire",
        "FEATURE_COUNT": 286
      },
      "geometry": {
        "type": "Polygon",
        "coordinates": [
          [
            [
              -118.39224306167712,
              36.28677590102818
            ],
            [
              -118.39216856088815,
              36.28677302403048
            ],
            [
              -118.39217320796774,
              36.28669415000034
            ],
            [
              -118.39224770868223,
              36.2866970269898
            ],
            [
              -118.39224306167712,
              36.28677590102818
            ]
          ]
        ]
      }
    },
    {
      "id": "1171",
      "type": "Feature",
      "properties": {
        "id": null,
        "SOURCE_FILE": "/Users/maples/GitHub/mortalitree_testing/labels/ajones16_mortalitree_prefire_labels.geojson",
        "SUNETID": "ajones16",
        "FIRENAME": "CASTLE",
        "FIRE_SLUG": "CASTLE",
        "PREFIRE": 1,
        "PREFIRE_STATUS": "prefire",
        "TILE_Z": 17,
        "TILE_X": 22430,
        "TILE_Y": 51340,
        "TILEXYZ": [
          17,
          22430,
          51340
        ],
        "OUTPUT_FILE": "/Users/maples/GitHub/mortalitree_testing/notebooks/single_tiles/prefire/17/22430/51340.geojson",
        "OUTPUT_STATUS_DIR": "prefire",
        "FEATURE_COUNT": 286
      },
      "geometry": {
        "type": "Polygon",
        "coordinates": [
          [
            [
              -118.39215928367291,
              36.28675987770478
            ],
            [
              -118.39210770621916,
              36.28675788590669
            ],
            [
              -118.39211071319303,
              36.28670684977397
            ],
            [
              -118.39216229061343,
              36.286708841568384
            ],
            [
              -118.39215928367291,
              36.28675987770478
            ]
          ]
        ]
      }
    },
    {
      "id": "1172",
      "type": "Feature",
      "properties": {
        "id": null,
        "SOURCE_FILE": "/Users/maples/GitHub/mortalitree_testing/labels/ajones16_mortalitree_prefire_labels.geojson",
        "SUNETID": "ajones16",
        "FIRENAME": "CASTLE",
        "FIRE_SLUG": "CASTLE",
        "PREFIRE": 1,
        "PREFIRE_STATUS": "prefire",
        "TILE_Z": 17,
        "TILE_X": 22430,
        "TILE_Y": 51340,
        "TILEXYZ": [
          17,
          22430,
          51340
        ],
        "OUTPUT_FILE": "/Users/maples/GitHub/mortalitree_testing/notebooks/single_tiles/prefire/17/22430/51340.geojson",
        "OUTPUT_STATUS_DIR": "prefire",
        "FEATURE_COUNT": 286
      },
      "geometry": {
        "type": "Polygon",
        "coordinates": [
          [
            [
              -118.39213166435876,
              36.28664371853956
            ],
            [
              -118.39206862534519,
              36.28664128410876
            ],
            [
              -118.39207299914126,
              36.286567049736334
            ],
            [
              -118.39213603809553,
              36.28656948416056
            ],
            [
              -118.39213166435876,
              36.28664371853956
            ]
          ]
        ]
      }
    },
    {
      "id": "1173",
      "type": "Feature",
      "properties": {
        "id": null,
        "SOURCE_FILE": "/Users/maples/GitHub/mortalitree_testing/labels/ajones16_mortalitree_prefire_labels.geojson",
        "SUNETID": "ajones16",
        "FIRENAME": "CASTLE",
        "FIRE_SLUG": "CASTLE",
        "PREFIRE": 1,
        "PREFIRE_STATUS": "prefire",
        "TILE_Z": 17,
        "TILE_X": 22430,
        "TILE_Y": 51340,
        "TILEXYZ": [
          17,
          22430,
          51340
        ],
        "OUTPUT_FILE": "/Users/maples/GitHub/mortalitree_testing/notebooks/single_tiles/prefire/17/22430/51340.geojson",
        "OUTPUT_STATUS_DIR": "prefire",
        "FEATURE_COUNT": 286
      },
      "geometry": {
        "type": "Polygon",
        "coordinates": [
          [
            [
              -118.3920672658796,
              36.28659124190512
            ],
            [
              -118.39198703447012,
              36.28658814349353
            ],
            [
              -118.39199017818711,
              36.286534787544156
            ],
            [
              -118.39207040954234,
              36.286537885949734
            ],
            [
              -118.3920672658796,
              36.28659124190512
            ]
          ]
        ]
      }
    },
    {
      "id": "1174",
      "type": "Feature",
      "properties": {
        "id": null,
        "SOURCE_FILE": "/Users/maples/GitHub/mortalitree_testing/labels/ajones16_mortalitree_prefire_labels.geojson",
        "SUNETID": "ajones16",
        "FIRENAME": "CASTLE",
        "FIRE_SLUG": "CASTLE",
        "PREFIRE": 1,
        "PREFIRE_STATUS": "prefire",
        "TILE_Z": 17,
        "TILE_X": 22430,
        "TILE_Y": 51340,
        "TILEXYZ": [
          17,
          22430,
          51340
        ],
        "OUTPUT_FILE": "/Users/maples/GitHub/mortalitree_testing/notebooks/single_tiles/prefire/17/22430/51340.geojson",
        "OUTPUT_STATUS_DIR": "prefire",
        "FEATURE_COUNT": 286
      },
      "geometry": {
        "type": "Polygon",
        "coordinates": [
          [
            [
              -118.39205777632156,
              36.28665481575439
            ],
            [
              -118.39196608321001,
              36.28665127469561
            ],
            [
              -118.39196991036883,
              36.286586319629315
            ],
            [
              -118.39206160340491,
              36.28658986067973
            ],
            [
              -118.39205777632156,
              36.28665481575439
            ]
          ]
        ]
      }
    },
    {
      "id": "1175",
      "type": "Feature",
      "properties": {
        "id": null,
        "SOURCE_FILE": "/Users/maples/GitHub/mortalitree_testing/labels/ajones16_mortalitree_prefire_labels.geojson",
        "SUNETID": "ajones16",
        "FIRENAME": "CASTLE",
        "FIRE_SLUG": "CASTLE",
        "PREFIRE": 1,
        "PREFIRE_STATUS": "prefire",
        "TILE_Z": 17,
        "TILE_X": 22430,
        "TILE_Y": 51340,
        "TILEXYZ": [
          17,
          22430,
          51340
        ],
        "OUTPUT_FILE": "/Users/maples/GitHub/mortalitree_testing/notebooks/single_tiles/prefire/17/22430/51340.geojson",
        "OUTPUT_STATUS_DIR": "prefire",
        "FEATURE_COUNT": 286
      },
      "geometry": {
        "type": "Polygon",
        "coordinates": [
          [
            [
              -118.39233133098429,
              36.28691067796833
            ],
            [
              -118.39227115715835,
              36.28690835428004
            ],
            [
              -118.39227443739505,
              36.28685267848742
            ],
            [
              -118.39233461117853,
              36.286855002171016
            ],
            [
              -118.39233133098429,
              36.28691067796833
            ]
          ]
        ]
      }
    },
    {
      "id": "1176",
      "type": "Feature",
      "properties": {
        "id": null,
        "SOURCE_FILE": "/Users/maples/GitHub/mortalitree_testing/labels/ajones16_mortalitree_prefire_labels.geojson",
        "SUNETID": "ajones16",
        "FIRENAME": "CASTLE",
        "FIRE_SLUG": "CASTLE",
        "PREFIRE": 1,
        "PREFIRE_STATUS": "prefire",
        "TILE_Z": 17,
        "TILE_X": 22430,
        "TILE_Y": 51340,
        "TILEXYZ": [
          17,
          22430,
          51340
        ],
        "OUTPUT_FILE": "/Users/maples/GitHub/mortalitree_testing/notebooks/single_tiles/prefire/17/22430/51340.geojson",
        "OUTPUT_STATUS_DIR": "prefire",
        "FEATURE_COUNT": 286
      },
      "geometry": {
        "type": "Polygon",
        "coordinates": [
          [
            [
              -118.3923349528649,
              36.28684920260875
            ],
            [
              -118.39227477908585,
              36.286846878925644
            ],
            [
              -118.39227764928475,
              36.286798162606395
            ],
            [
              -118.39233782302664,
              36.28680048628539
            ],
            [
              -118.3923349528649,
              36.28684920260875
            ]
          ]
        ]
      }
    },
    {
      "id": "1177",
      "type": "Feature",
      "properties": {
        "id": null,
        "SOURCE_FILE": "/Users/maples/GitHub/mortalitree_testing/labels/ajones16_mortalitree_prefire_labels.geojson",
        "SUNETID": "ajones16",
        "FIRENAME": "CASTLE",
        "FIRE_SLUG": "CASTLE",
        "PREFIRE": 1,
        "PREFIRE_STATUS": "prefire",
        "TILE_Z": 17,
        "TILE_X": 22430,
        "TILE_Y": 51340,
        "TILEXYZ": [
          17,
          22430,
          51340
        ],
        "OUTPUT_FILE": "/Users/maples/GitHub/mortalitree_testing/notebooks/single_tiles/prefire/17/22430/51340.geojson",
        "OUTPUT_STATUS_DIR": "prefire",
        "FEATURE_COUNT": 286
      },
      "geometry": {
        "type": "Polygon",
        "coordinates": [
          [
            [
              -118.39188546422339,
              36.286435414382616
            ],
            [
              -118.39184534860715,
              36.28643386512824
            ],
            [
              -118.39184739890966,
              36.286399067776095
            ],
            [
              -118.3918875145082,
              36.28640061702852
            ],
            [
              -118.39188546422339,
              36.286435414382616
            ]
          ]
        ]
      }
    },
    {
      "id": "1178",
      "type": "Feature",
      "properties": {
        "id": null,
        "SOURCE_FILE": "/Users/maples/GitHub/mortalitree_testing/labels/ajones16_mortalitree_prefire_labels.geojson",
        "SUNETID": "ajones16",
        "FIRENAME": "CASTLE",
        "FIRE_SLUG": "CASTLE",
        "PREFIRE": 1,
        "PREFIRE_STATUS": "prefire",
        "TILE_Z": 17,
        "TILE_X": 22430,
        "TILE_Y": 51340,
        "TILEXYZ": [
          17,
          22430,
          51340
        ],
        "OUTPUT_FILE": "/Users/maples/GitHub/mortalitree_testing/notebooks/single_tiles/prefire/17/22430/51340.geojson",
        "OUTPUT_STATUS_DIR": "prefire",
        "FEATURE_COUNT": 286
      },
      "geometry": {
        "type": "Polygon",
        "coordinates": [
          [
            [
              -118.39183715995043,
              36.28645098715005
            ],
            [
              -118.39177698651935,
              36.28644866323829
            ],
            [
              -118.39177931023092,
              36.286409226243066
            ],
            [
              -118.3918394836319,
              36.28641155015149
            ],
            [
              -118.39183715995043,
              36.28645098715005
            ]
          ]
        ]
      }
    },
    {
      "id": "1179",
      "type": "Feature",
      "properties": {
        "id": null,
        "SOURCE_FILE": "/Users/maples/GitHub/mortalitree_testing/labels/ajones16_mortalitree_prefire_labels.geojson",
        "SUNETID": "ajones16",
        "FIRENAME": "CASTLE",
        "FIRE_SLUG": "CASTLE",
        "PREFIRE": 1,
        "PREFIRE_STATUS": "prefire",
        "TILE_Z": 17,
        "TILE_X": 22430,
        "TILE_Y": 51340,
        "TILEXYZ": [
          17,
          22430,
          51340
        ],
        "OUTPUT_FILE": "/Users/maples/GitHub/mortalitree_testing/notebooks/single_tiles/prefire/17/22430/51340.geojson",
        "OUTPUT_STATUS_DIR": "prefire",
        "FEATURE_COUNT": 286
      },
      "geometry": {
        "type": "Polygon",
        "coordinates": [
          [
            [
              -118.39183343143696,
              36.286550822553004
            ],
            [
              -118.391780421442,
              36.28654877529251
            ],
            [
              -118.39178301853863,
              36.2865046986513
            ],
            [
              -118.391836028504,
              36.28650674590851
            ],
            [
              -118.39183343143696,
              36.286550822553004
            ]
          ]
        ]
      }
    },
    {
      "id": "1180",
      "type": "Feature",
      "properties": {
        "id": null,
        "SOURCE_FILE": "/Users/maples/GitHub/mortalitree_testing/labels/ajones16_mortalitree_prefire_labels.geojson",
        "SUNETID": "ajones16",
        "FIRENAME": "CASTLE",
        "FIRE_SLUG": "CASTLE",
        "PREFIRE": 1,
        "PREFIRE_STATUS": "prefire",
        "TILE_Z": 17,
        "TILE_X": 22430,
        "TILE_Y": 51340,
        "TILEXYZ": [
          17,
          22430,
          51340
        ],
        "OUTPUT_FILE": "/Users/maples/GitHub/mortalitree_testing/notebooks/single_tiles/prefire/17/22430/51340.geojson",
        "OUTPUT_STATUS_DIR": "prefire",
        "FEATURE_COUNT": 286
      },
      "geometry": {
        "type": "Polygon",
        "coordinates": [
          [
            [
              -118.39180481661361,
              36.286500309020816
            ],
            [
              -118.39177043177494,
              36.28649898106408
            ],
            [
              -118.3917728921833,
              36.28645722424634
            ],
            [
              -118.39180727700375,
              36.28645855220106
            ],
            [
              -118.39180481661361,
              36.286500309020816
            ]
          ]
        ]
      }
    },
    {
      "id": "1181",
      "type": "Feature",
      "properties": {
        "id": null,
        "SOURCE_FILE": "/Users/maples/GitHub/mortalitree_testing/labels/ajones16_mortalitree_prefire_labels.geojson",
        "SUNETID": "ajones16",
        "FIRENAME": "CASTLE",
        "FIRE_SLUG": "CASTLE",
        "PREFIRE": 1,
        "PREFIRE_STATUS": "prefire",
        "TILE_Z": 17,
        "TILE_X": 22430,
        "TILE_Y": 51340,
        "TILEXYZ": [
          17,
          22430,
          51340
        ],
        "OUTPUT_FILE": "/Users/maples/GitHub/mortalitree_testing/notebooks/single_tiles/prefire/17/22430/51340.geojson",
        "OUTPUT_STATUS_DIR": "prefire",
        "FEATURE_COUNT": 286
      },
      "geometry": {
        "type": "Polygon",
        "coordinates": [
          [
            [
              -118.39175733496809,
              36.286477549337484
            ],
            [
              -118.39171721933755,
              36.28647600003857
            ],
            [
              -118.39171981646282,
              36.286431923400734
            ],
            [
              -118.39175993207098,
              36.28643347269717
            ],
            [
              -118.39175733496809,
              36.286477549337484
            ]
          ]
        ]
      }
    },
    {
      "id": "1182",
      "type": "Feature",
      "properties": {
        "id": null,
        "SOURCE_FILE": "/Users/maples/GitHub/mortalitree_testing/labels/ajones16_mortalitree_prefire_labels.geojson",
        "SUNETID": "ajones16",
        "FIRENAME": "CASTLE",
        "FIRE_SLUG": "CASTLE",
        "PREFIRE": 1,
        "PREFIRE_STATUS": "prefire",
        "TILE_Z": 17,
        "TILE_X": 22430,
        "TILE_Y": 51340,
        "TILEXYZ": [
          17,
          22430,
          51340
        ],
        "OUTPUT_FILE": "/Users/maples/GitHub/mortalitree_testing/notebooks/single_tiles/prefire/17/22430/51340.geojson",
        "OUTPUT_STATUS_DIR": "prefire",
        "FEATURE_COUNT": 286
      },
      "geometry": {
        "type": "Polygon",
        "coordinates": [
          [
            [
              -118.39174307120851,
              36.28652466305577
            ],
            [
              -118.39169435934349,
              36.2865227817546
            ],
            [
              -118.39169695648607,
              36.28647870511855
            ],
            [
              -118.39174566832386,
              36.2864805864167
            ],
            [
              -118.39174307120851,
              36.28652466305577
            ]
          ]
        ]
      }
    },
    {
      "id": "1183",
      "type": "Feature",
      "properties": {
        "id": null,
        "SOURCE_FILE": "/Users/maples/GitHub/mortalitree_testing/labels/ajones16_mortalitree_prefire_labels.geojson",
        "SUNETID": "ajones16",
        "FIRENAME": "CASTLE",
        "FIRE_SLUG": "CASTLE",
        "PREFIRE": 1,
        "PREFIRE_STATUS": "prefire",
        "TILE_Z": 17,
        "TILE_X": 22430,
        "TILE_Y": 51340,
        "TILEXYZ": [
          17,
          22430,
          51340
        ],
        "OUTPUT_FILE": "/Users/maples/GitHub/mortalitree_testing/notebooks/single_tiles/prefire/17/22430/51340.geojson",
        "OUTPUT_STATUS_DIR": "prefire",
        "FEATURE_COUNT": 286
      },
      "geometry": {
        "type": "Polygon",
        "coordinates": [
          [
            [
              -118.39154753507522,
              36.2865775637851
            ],
            [
              -118.39149309238113,
              36.28657546106142
            ],
            [
              -118.3914956896419,
              36.28653138443827
            ],
            [
              -118.39155013230557,
              36.28653348715858
            ],
            [
              -118.39154753507522,
              36.2865775637851
            ]
          ]
        ]
      }
    },
    {
      "id": "1184",
      "type": "Feature",
      "properties": {
        "id": null,
        "SOURCE_FILE": "/Users/maples/GitHub/mortalitree_testing/labels/ajones16_mortalitree_prefire_labels.geojson",
        "SUNETID": "ajones16",
        "FIRENAME": "CASTLE",
        "FIRE_SLUG": "CASTLE",
        "PREFIRE": 1,
        "PREFIRE_STATUS": "prefire",
        "TILE_Z": 17,
        "TILE_X": 22430,
        "TILE_Y": 51340,
        "TILEXYZ": [
          17,
          22430,
          51340
        ],
        "OUTPUT_FILE": "/Users/maples/GitHub/mortalitree_testing/notebooks/single_tiles/prefire/17/22430/51340.geojson",
        "OUTPUT_STATUS_DIR": "prefire",
        "FEATURE_COUNT": 286
      },
      "geometry": {
        "type": "Polygon",
        "coordinates": [
          [
            [
              -118.39164086578981,
              36.286577680757944
            ],
            [
              -118.39157066336021,
              36.28657496940127
            ],
            [
              -118.3915749692697,
              36.286501894991446
            ],
            [
              -118.39164517163428,
              36.28650460634092
            ],
            [
              -118.39164086578981,
              36.286577680757944
            ]
          ]
        ]
      }
    },
    {
      "id": "1185",
      "type": "Feature",
      "properties": {
        "id": null,
        "SOURCE_FILE": "/Users/maples/GitHub/mortalitree_testing/labels/ajones16_mortalitree_prefire_labels.geojson",
        "SUNETID": "ajones16",
        "FIRENAME": "CASTLE",
        "FIRE_SLUG": "CASTLE",
        "PREFIRE": 1,
        "PREFIRE_STATUS": "prefire",
        "TILE_Z": 17,
        "TILE_X": 22430,
        "TILE_Y": 51340,
        "TILEXYZ": [
          17,
          22430,
          51340
        ],
        "OUTPUT_FILE": "/Users/maples/GitHub/mortalitree_testing/notebooks/single_tiles/prefire/17/22430/51340.geojson",
        "OUTPUT_STATUS_DIR": "prefire",
        "FEATURE_COUNT": 286
      },
      "geometry": {
        "type": "Polygon",
        "coordinates": [
          [
            [
              -118.3916161429913,
              36.28649767244911
            ],
            [
              -118.39155740224423,
              36.286495403757854
            ],
            [
              -118.39156047789534,
              36.286443207751255
            ],
            [
              -118.39161921860355,
              36.2864454764382
            ],
            [
              -118.3916161429913,
              36.28649767244911
            ]
          ]
        ]
      }
    },
    {
      "id": "1186",
      "type": "Feature",
      "properties": {
        "id": null,
        "SOURCE_FILE": "/Users/maples/GitHub/mortalitree_testing/labels/ajones16_mortalitree_prefire_labels.geojson",
        "SUNETID": "ajones16",
        "FIRENAME": "CASTLE",
        "FIRE_SLUG": "CASTLE",
        "PREFIRE": 1,
        "PREFIRE_STATUS": "prefire",
        "TILE_Z": 17,
        "TILE_X": 22430,
        "TILE_Y": 51340,
        "TILEXYZ": [
          17,
          22430,
          51340
        ],
        "OUTPUT_FILE": "/Users/maples/GitHub/mortalitree_testing/notebooks/single_tiles/prefire/17/22430/51340.geojson",
        "OUTPUT_STATUS_DIR": "prefire",
        "FEATURE_COUNT": 286
      },
      "geometry": {
        "type": "Polygon",
        "coordinates": [
          [
            [
              -118.39160936056916,
              36.286442189325086
            ],
            [
              -118.39153629286403,
              36.286439367289695
            ],
            [
              -118.39154039374075,
              36.286369772615494
            ],
            [
              -118.39161346138144,
              36.28637259464375
            ],
            [
              -118.39160936056916,
              36.286442189325086
            ]
          ]
        ]
      }
    },
    {
      "id": "1187",
      "type": "Feature",
      "properties": {
        "id": null,
        "SOURCE_FILE": "/Users/maples/GitHub/mortalitree_testing/labels/ajones16_mortalitree_prefire_labels.geojson",
        "SUNETID": "ajones16",
        "FIRENAME": "CASTLE",
        "FIRE_SLUG": "CASTLE",
        "PREFIRE": 1,
        "PREFIRE_STATUS": "prefire",
        "TILE_Z": 17,
        "TILE_X": 22430,
        "TILE_Y": 51340,
        "TILEXYZ": [
          17,
          22430,
          51340
        ],
        "OUTPUT_FILE": "/Users/maples/GitHub/mortalitree_testing/notebooks/single_tiles/prefire/17/22430/51340.geojson",
        "OUTPUT_STATUS_DIR": "prefire",
        "FEATURE_COUNT": 286
      },
      "geometry": {
        "type": "Polygon",
        "coordinates": [
          [
            [
              -118.39165878994393,
              36.28707768868628
            ],
            [
              -118.39161007774102,
              36.28707580732621
            ],
            [
              -118.39161349516412,
              36.28701781176461
            ],
            [
              -118.39166220733125,
              36.287019693120705
            ],
            [
              -118.39165878994393,
              36.28707768868628
            ]
          ]
        ]
      }
    },
    {
      "id": "1188",
      "type": "Feature",
      "properties": {
        "id": null,
        "SOURCE_FILE": "/Users/maples/GitHub/mortalitree_testing/labels/ajones16_mortalitree_prefire_labels.geojson",
        "SUNETID": "ajones16",
        "FIRENAME": "CASTLE",
        "FIRE_SLUG": "CASTLE",
        "PREFIRE": 1,
        "PREFIRE_STATUS": "prefire",
        "TILE_Z": 17,
        "TILE_X": 22430,
        "TILE_Y": 51340,
        "TILEXYZ": [
          17,
          22430,
          51340
        ],
        "OUTPUT_FILE": "/Users/maples/GitHub/mortalitree_testing/notebooks/single_tiles/prefire/17/22430/51340.geojson",
        "OUTPUT_STATUS_DIR": "prefire",
        "FEATURE_COUNT": 286
      },
      "geometry": {
        "type": "Polygon",
        "coordinates": [
          [
            [
              -118.3917375891053,
              36.28708073202103
            ],
            [
              -118.39166881892746,
              36.28707807602267
            ],
            [
              -118.39167264639232,
              36.28701312098824
            ],
            [
              -118.39174141651355,
              36.287015776980326
            ],
            [
              -118.3917375891053,
              36.28708073202103
            ]
          ]
        ]
      }
    },
    {
      "id": "1189",
      "type": "Feature",
      "properties": {
        "id": null,
        "SOURCE_FILE": "/Users/maples/GitHub/mortalitree_testing/labels/ajones16_mortalitree_prefire_labels.geojson",
        "SUNETID": "ajones16",
        "FIRENAME": "CASTLE",
        "FIRE_SLUG": "CASTLE",
        "PREFIRE": 1,
        "PREFIRE_STATUS": "prefire",
        "TILE_Z": 17,
        "TILE_X": 22430,
        "TILE_Y": 51340,
        "TILEXYZ": [
          17,
          22430,
          51340
        ],
        "OUTPUT_FILE": "/Users/maples/GitHub/mortalitree_testing/notebooks/single_tiles/prefire/17/22430/51340.geojson",
        "OUTPUT_STATUS_DIR": "prefire",
        "FEATURE_COUNT": 286
      },
      "geometry": {
        "type": "Polygon",
        "coordinates": [
          [
            [
              -118.39167346397582,
              36.28702361552387
            ],
            [
              -118.39159323216828,
              36.28702051681643
            ],
            [
              -118.39159746977838,
              36.28694860232096
            ],
            [
              -118.39167770151279,
              36.286951701020286
            ],
            [
              -118.39167346397582,
              36.28702361552387
            ]
          ]
        ]
      }
    },
    {
      "id": "1190",
      "type": "Feature",
      "properties": {
        "id": null,
        "SOURCE_FILE": "/Users/maples/GitHub/mortalitree_testing/labels/ajones16_mortalitree_prefire_labels.geojson",
        "SUNETID": "ajones16",
        "FIRENAME": "CASTLE",
        "FIRE_SLUG": "CASTLE",
        "PREFIRE": 1,
        "PREFIRE_STATUS": "prefire",
        "TILE_Z": 17,
        "TILE_X": 22430,
        "TILE_Y": 51340,
        "TILEXYZ": [
          17,
          22430,
          51340
        ],
        "OUTPUT_FILE": "/Users/maples/GitHub/mortalitree_testing/notebooks/single_tiles/prefire/17/22430/51340.geojson",
        "OUTPUT_STATUS_DIR": "prefire",
        "FEATURE_COUNT": 286
      },
      "geometry": {
        "type": "Polygon",
        "coordinates": [
          [
            [
              -118.39177830993373,
              36.28716949602673
            ],
            [
              -118.39170667424676,
              36.287166729379514
            ],
            [
              -118.39171159524636,
              36.28708321576041
            ],
            [
              -118.3917832308575,
              36.287085982399226
            ],
            [
              -118.39177830993373,
              36.28716949602673
            ]
          ]
        ]
      }
    },
    {
      "id": "1191",
      "type": "Feature",
      "properties": {
        "id": null,
        "SOURCE_FILE": "/Users/maples/GitHub/mortalitree_testing/labels/ajones16_mortalitree_prefire_labels.geojson",
        "SUNETID": "ajones16",
        "FIRENAME": "CASTLE",
        "FIRE_SLUG": "CASTLE",
        "PREFIRE": 1,
        "PREFIRE_STATUS": "prefire",
        "TILE_Z": 17,
        "TILE_X": 22430,
        "TILE_Y": 51340,
        "TILEXYZ": [
          17,
          22430,
          51340
        ],
        "OUTPUT_FILE": "/Users/maples/GitHub/mortalitree_testing/notebooks/single_tiles/prefire/17/22430/51340.geojson",
        "OUTPUT_STATUS_DIR": "prefire",
        "FEATURE_COUNT": 286
      },
      "geometry": {
        "type": "Polygon",
        "coordinates": [
          [
            [
              -118.39201646976731,
              36.287294948823515
            ],
            [
              -118.39195056480729,
              36.28729240363338
            ],
            [
              -118.39195452875627,
              36.28722512875195
            ],
            [
              -118.3920204336601,
              36.28722767393587
            ],
            [
              -118.39201646976731,
              36.287294948823515
            ]
          ]
        ]
      }
    },
    {
      "id": "1192",
      "type": "Feature",
      "properties": {
        "id": null,
        "SOURCE_FILE": "/Users/maples/GitHub/mortalitree_testing/labels/ajones16_mortalitree_prefire_labels.geojson",
        "SUNETID": "ajones16",
        "FIRENAME": "CASTLE",
        "FIRE_SLUG": "CASTLE",
        "PREFIRE": 1,
        "PREFIRE_STATUS": "prefire",
        "TILE_Z": 17,
        "TILE_X": 22430,
        "TILE_Y": 51340,
        "TILEXYZ": [
          17,
          22430,
          51340
        ],
        "OUTPUT_FILE": "/Users/maples/GitHub/mortalitree_testing/notebooks/single_tiles/prefire/17/22430/51340.geojson",
        "OUTPUT_STATUS_DIR": "prefire",
        "FEATURE_COUNT": 286
      },
      "geometry": {
        "type": "Polygon",
        "coordinates": [
          [
            [
              -118.3918903147889,
              36.28736448007124
            ],
            [
              -118.39183587152185,
              36.28736237746457
            ],
            [
              -118.39183887873915,
              36.28731134135658
            ],
            [
              -118.39189332197095,
              36.28731344395935
            ],
            [
              -118.3918903147889,
              36.28736448007124
            ]
          ]
        ]
      }
    },
    {
      "id": "1193",
      "type": "Feature",
      "properties": {
        "id": null,
        "SOURCE_FILE": "/Users/maples/GitHub/mortalitree_testing/labels/ajones16_mortalitree_prefire_labels.geojson",
        "SUNETID": "ajones16",
        "FIRENAME": "CASTLE",
        "FIRE_SLUG": "CASTLE",
        "PREFIRE": 1,
        "PREFIRE_STATUS": "prefire",
        "TILE_Z": 17,
        "TILE_X": 22430,
        "TILE_Y": 51340,
        "TILEXYZ": [
          17,
          22430,
          51340
        ],
        "OUTPUT_FILE": "/Users/maples/GitHub/mortalitree_testing/notebooks/single_tiles/prefire/17/22430/51340.geojson",
        "OUTPUT_STATUS_DIR": "prefire",
        "FEATURE_COUNT": 286
      },
      "geometry": {
        "type": "Polygon",
        "coordinates": [
          [
            [
              -118.39157969643094,
              36.28727459269772
            ],
            [
              -118.39153098411109,
              36.28727271129668
            ],
            [
              -118.39153344471653,
              36.28723095449844
            ],
            [
              -118.39158215701063,
              36.28723283589663
            ],
            [
              -118.39157969643094,
              36.28727459269772
            ]
          ]
        ]
      }
    },
    {
      "id": "1194",
      "type": "Feature",
      "properties": {
        "id": null,
        "SOURCE_FILE": "/Users/maples/GitHub/mortalitree_testing/labels/ajones16_mortalitree_prefire_labels.geojson",
        "SUNETID": "ajones16",
        "FIRENAME": "CASTLE",
        "FIRE_SLUG": "CASTLE",
        "PREFIRE": 1,
        "PREFIRE_STATUS": "prefire",
        "TILE_Z": 17,
        "TILE_X": 22430,
        "TILE_Y": 51340,
        "TILEXYZ": [
          17,
          22430,
          51340
        ],
        "OUTPUT_FILE": "/Users/maples/GitHub/mortalitree_testing/notebooks/single_tiles/prefire/17/22430/51340.geojson",
        "OUTPUT_STATUS_DIR": "prefire",
        "FEATURE_COUNT": 286
      },
      "geometry": {
        "type": "Polygon",
        "coordinates": [
          [
            [
              -118.39150424362386,
              36.28723912707256
            ],
            [
              -118.39146412761782,
              36.28723757766088
            ],
            [
              -118.39146727176538,
              36.287184221756675
            ],
            [
              -118.39150738774428,
              36.28718577116533
            ],
            [
              -118.39150424362386,
              36.28723912707256
            ]
          ]
        ]
      }
    },
    {
      "id": "1195",
      "type": "Feature",
      "properties": {
        "id": null,
        "SOURCE_FILE": "/Users/maples/GitHub/mortalitree_testing/labels/ajones16_mortalitree_prefire_labels.geojson",
        "SUNETID": "ajones16",
        "FIRENAME": "CASTLE",
        "FIRE_SLUG": "CASTLE",
        "PREFIRE": 1,
        "PREFIRE_STATUS": "prefire",
        "TILE_Z": 17,
        "TILE_X": 22430,
        "TILE_Y": 51340,
        "TILEXYZ": [
          17,
          22430,
          51340
        ],
        "OUTPUT_FILE": "/Users/maples/GitHub/mortalitree_testing/notebooks/single_tiles/prefire/17/22430/51340.geojson",
        "OUTPUT_STATUS_DIR": "prefire",
        "FEATURE_COUNT": 286
      },
      "geometry": {
        "type": "Polygon",
        "coordinates": [
          [
            [
              -118.3915376193296,
              36.28711137298602
            ],
            [
              -118.39145452202347,
              36.2871081635084
            ],
            [
              -118.39145834967013,
              36.28704320849397
            ],
            [
              -118.39154144690785,
              36.28704641796398
            ],
            [
              -118.3915376193296,
              36.28711137298602
            ]
          ]
        ]
      }
    },
    {
      "id": "1196",
      "type": "Feature",
      "properties": {
        "id": null,
        "SOURCE_FILE": "/Users/maples/GitHub/mortalitree_testing/labels/ajones16_mortalitree_prefire_labels.geojson",
        "SUNETID": "ajones16",
        "FIRENAME": "CASTLE",
        "FIRE_SLUG": "CASTLE",
        "PREFIRE": 1,
        "PREFIRE_STATUS": "prefire",
        "TILE_Z": 17,
        "TILE_X": 22430,
        "TILE_Y": 51340,
        "TILEXYZ": [
          17,
          22430,
          51340
        ],
        "OUTPUT_FILE": "/Users/maples/GitHub/mortalitree_testing/notebooks/single_tiles/prefire/17/22430/51340.geojson",
        "OUTPUT_STATUS_DIR": "prefire",
        "FEATURE_COUNT": 286
      },
      "geometry": {
        "type": "Polygon",
        "coordinates": [
          [
            [
              -118.39158121060414,
              36.287151420776176
            ],
            [
              -118.39152390208294,
              36.287149207368294
            ],
            [
              -118.39152636268108,
              36.28710745056962
            ],
            [
              -118.39158367117196,
              36.287109663974135
            ],
            [
              -118.39158121060414,
              36.287151420776176
            ]
          ]
        ]
      }
    },
    {
      "id": "1197",
      "type": "Feature",
      "properties": {
        "id": null,
        "SOURCE_FILE": "/Users/maples/GitHub/mortalitree_testing/labels/ajones16_mortalitree_prefire_labels.geojson",
        "SUNETID": "ajones16",
        "FIRENAME": "CASTLE",
        "FIRE_SLUG": "CASTLE",
        "PREFIRE": 1,
        "PREFIRE_STATUS": "prefire",
        "TILE_Z": 17,
        "TILE_X": 22430,
        "TILE_Y": 51340,
        "TILEXYZ": [
          17,
          22430,
          51340
        ],
        "OUTPUT_FILE": "/Users/maples/GitHub/mortalitree_testing/notebooks/single_tiles/prefire/17/22430/51340.geojson",
        "OUTPUT_STATUS_DIR": "prefire",
        "FEATURE_COUNT": 286
      },
      "geometry": {
        "type": "Polygon",
        "coordinates": [
          [
            [
              -118.39158188623503,
              36.28721306207214
            ],
            [
              -118.3915102505281,
              36.287210295304405
            ],
            [
              -118.39151366804187,
              36.287152299752265
            ],
            [
              -118.39158530369612,
              36.28715506651417
            ],
            [
              -118.39158188623503,
              36.28721306207214
            ]
          ]
        ]
      }
    },
    {
      "id": "1198",
      "type": "Feature",
      "properties": {
        "id": null,
        "SOURCE_FILE": "/Users/maples/GitHub/mortalitree_testing/labels/ajones16_mortalitree_prefire_labels.geojson",
        "SUNETID": "ajones16",
        "FIRENAME": "CASTLE",
        "FIRE_SLUG": "CASTLE",
        "PREFIRE": 1,
        "PREFIRE_STATUS": "prefire",
        "TILE_Z": 17,
        "TILE_X": 22430,
        "TILE_Y": 51340,
        "TILEXYZ": [
          17,
          22430,
          51340
        ],
        "OUTPUT_FILE": "/Users/maples/GitHub/mortalitree_testing/notebooks/single_tiles/prefire/17/22430/51340.geojson",
        "OUTPUT_STATUS_DIR": "prefire",
        "FEATURE_COUNT": 286
      },
      "geometry": {
        "type": "Polygon",
        "coordinates": [
          [
            [
              -118.39164739192266,
              36.2877585033526
            ],
            [
              -118.39154710122843,
              36.28775462987088
            ],
            [
              -118.3915517491001,
              36.28767575592284
            ],
            [
              -118.39165203969407,
              36.28767962939346
            ],
            [
              -118.39164739192266,
              36.2877585033526
            ]
          ]
        ]
      }
    },
    {
      "id": "1199",
      "type": "Feature",
      "properties": {
        "id": null,
        "SOURCE_FILE": "/Users/maples/GitHub/mortalitree_testing/labels/ajones16_mortalitree_prefire_labels.geojson",
        "SUNETID": "ajones16",
        "FIRENAME": "CASTLE",
        "FIRE_SLUG": "CASTLE",
        "PREFIRE": 1,
        "PREFIRE_STATUS": "prefire",
        "TILE_Z": 17,
        "TILE_X": 22430,
        "TILE_Y": 51340,
        "TILEXYZ": [
          17,
          22430,
          51340
        ],
        "OUTPUT_FILE": "/Users/maples/GitHub/mortalitree_testing/notebooks/single_tiles/prefire/17/22430/51340.geojson",
        "OUTPUT_STATUS_DIR": "prefire",
        "FEATURE_COUNT": 286
      },
      "geometry": {
        "type": "Polygon",
        "coordinates": [
          [
            [
              -118.39156012980004,
              36.287777221539706
            ],
            [
              -118.39148849357964,
              36.28777445472209
            ],
            [
              -118.39149218458755,
              36.287711819533584
            ],
            [
              -118.39156382075107,
              36.28771458634489
            ],
            [
              -118.39156012980004,
              36.287777221539706
            ]
          ]
        ]
      }
    },
    {
      "id": "1200",
      "type": "Feature",
      "properties": {
        "id": null,
        "SOURCE_FILE": "/Users/maples/GitHub/mortalitree_testing/labels/ajones16_mortalitree_prefire_labels.geojson",
        "SUNETID": "ajones16",
        "FIRENAME": "CASTLE",
        "FIRE_SLUG": "CASTLE",
        "PREFIRE": 1,
        "PREFIRE_STATUS": "prefire",
        "TILE_Z": 17,
        "TILE_X": 22430,
        "TILE_Y": 51340,
        "TILEXYZ": [
          17,
          22430,
          51340
        ],
        "OUTPUT_FILE": "/Users/maples/GitHub/mortalitree_testing/notebooks/single_tiles/prefire/17/22430/51340.geojson",
        "OUTPUT_STATUS_DIR": "prefire",
        "FEATURE_COUNT": 286
      },
      "geometry": {
        "type": "Polygon",
        "coordinates": [
          [
            [
              -118.39154696982635,
              36.28770812275909
            ],
            [
              -118.39148393000862,
              36.28770568795888
            ],
            [
              -118.39148789441802,
              36.287638413126395
            ],
            [
              -118.39155093418196,
              36.28764084792065
            ],
            [
              -118.39154696982635,
              36.28770812275909
            ]
          ]
        ]
      }
    },
    {
      "id": "1201",
      "type": "Feature",
      "properties": {
        "id": null,
        "SOURCE_FILE": "/Users/maples/GitHub/mortalitree_testing/labels/ajones16_mortalitree_prefire_labels.geojson",
        "SUNETID": "ajones16",
        "FIRENAME": "CASTLE",
        "FIRE_SLUG": "CASTLE",
        "PREFIRE": 1,
        "PREFIRE_STATUS": "prefire",
        "TILE_Z": 17,
        "TILE_X": 22430,
        "TILE_Y": 51340,
        "TILEXYZ": [
          17,
          22430,
          51340
        ],
        "OUTPUT_FILE": "/Users/maples/GitHub/mortalitree_testing/notebooks/single_tiles/prefire/17/22430/51340.geojson",
        "OUTPUT_STATUS_DIR": "prefire",
        "FEATURE_COUNT": 286
      },
      "geometry": {
        "type": "Polygon",
        "coordinates": [
          [
            [
              -118.39148194512786,
              36.287763738840084
            ],
            [
              -118.39144755975056,
              36.2877624107509
            ],
            [
              -118.39145043055964,
              36.28771369449596
            ],
            [
              -118.3914848159157,
              36.28771502258278
            ],
            [
              -118.39148194512786,
              36.287763738840084
            ]
          ]
        ]
      }
    },
    {
      "id": "1202",
      "type": "Feature",
      "properties": {
        "id": null,
        "SOURCE_FILE": "/Users/maples/GitHub/mortalitree_testing/labels/ajones16_mortalitree_prefire_labels.geojson",
        "SUNETID": "ajones16",
        "FIRENAME": "CASTLE",
        "FIRE_SLUG": "CASTLE",
        "PREFIRE": 1,
        "PREFIRE_STATUS": "prefire",
        "TILE_Z": 17,
        "TILE_X": 22430,
        "TILE_Y": 51340,
        "TILEXYZ": [
          17,
          22430,
          51340
        ],
        "OUTPUT_FILE": "/Users/maples/GitHub/mortalitree_testing/notebooks/single_tiles/prefire/17/22430/51340.geojson",
        "OUTPUT_STATUS_DIR": "prefire",
        "FEATURE_COUNT": 286
      },
      "geometry": {
        "type": "Polygon",
        "coordinates": [
          [
            [
              -118.39145281485885,
              36.2877463380109
            ],
            [
              -118.39141845703125,
              36.28774501097638
            ],
            [
              -118.39141845703125,
              36.287698508942555
            ],
            [
              -118.39145554895818,
              36.28769994157719
            ],
            [
              -118.39145281485885,
              36.2877463380109
            ]
          ]
        ]
      }
    },
    {
      "id": "1203",
      "type": "Feature",
      "properties": {
        "id": null,
        "SOURCE_FILE": "/Users/maples/GitHub/mortalitree_testing/labels/ajones16_mortalitree_prefire_labels.geojson",
        "SUNETID": "ajones16",
        "FIRENAME": "CASTLE",
        "FIRE_SLUG": "CASTLE",
        "PREFIRE": 1,
        "PREFIRE_STATUS": "prefire",
        "TILE_Z": 17,
        "TILE_X": 22430,
        "TILE_Y": 51340,
        "TILEXYZ": [
          17,
          22430,
          51340
        ],
        "OUTPUT_FILE": "/Users/maples/GitHub/mortalitree_testing/notebooks/single_tiles/prefire/17/22430/51340.geojson",
        "OUTPUT_STATUS_DIR": "prefire",
        "FEATURE_COUNT": 286
      },
      "geometry": {
        "type": "Polygon",
        "coordinates": [
          [
            [
              -118.3935738828695,
              36.28676915790861
            ],
            [
              -118.39352803614676,
              36.28676738796448
            ],
            [
              -118.39353063228134,
              36.28672331121623
            ],
            [
              -118.39357647897846,
              36.28672508115751
            ],
            [
              -118.3935738828695,
              36.28676915790861
            ]
          ]
        ]
      }
    },
    {
      "id": "1204",
      "type": "Feature",
      "properties": {
        "id": null,
        "SOURCE_FILE": "/Users/maples/GitHub/mortalitree_testing/labels/ajones16_mortalitree_prefire_labels.geojson",
        "SUNETID": "ajones16",
        "FIRENAME": "CASTLE",
        "FIRE_SLUG": "CASTLE",
        "PREFIRE": 1,
        "PREFIRE_STATUS": "prefire",
        "TILE_Z": 17,
        "TILE_X": 22430,
        "TILE_Y": 51340,
        "TILEXYZ": [
          17,
          22430,
          51340
        ],
        "OUTPUT_FILE": "/Users/maples/GitHub/mortalitree_testing/notebooks/single_tiles/prefire/17/22430/51340.geojson",
        "OUTPUT_STATUS_DIR": "prefire",
        "FEATURE_COUNT": 286
      },
      "geometry": {
        "type": "Polygon",
        "coordinates": [
          [
            [
              -118.39272166504728,
              36.28704898093602
            ],
            [
              -118.39267008736235,
              36.28704698936691
            ],
            [
              -118.39267295733652,
              36.28699827302213
            ],
            [
              -118.3927245349896,
              36.28700026458772
            ],
            [
              -118.39272166504728,
              36.28704898093602
            ]
          ]
        ]
      }
    },
    {
      "id": "1205",
      "type": "Feature",
      "properties": {
        "id": null,
        "SOURCE_FILE": "/Users/maples/GitHub/mortalitree_testing/labels/ajones16_mortalitree_prefire_labels.geojson",
        "SUNETID": "ajones16",
        "FIRENAME": "CASTLE",
        "FIRE_SLUG": "CASTLE",
        "PREFIRE": 1,
        "PREFIRE_STATUS": "prefire",
        "TILE_Z": 17,
        "TILE_X": 22430,
        "TILE_Y": 51340,
        "TILEXYZ": [
          17,
          22430,
          51340
        ],
        "OUTPUT_FILE": "/Users/maples/GitHub/mortalitree_testing/notebooks/single_tiles/prefire/17/22430/51340.geojson",
        "OUTPUT_STATUS_DIR": "prefire",
        "FEATURE_COUNT": 286
      },
      "geometry": {
        "type": "Polygon",
        "coordinates": [
          [
            [
              -118.39269185366173,
              36.28701876604362
            ],
            [
              -118.3926230834457,
              36.28701611059796
            ],
            [
              -118.3926267734446,
              36.28695347530125
            ],
            [
              -118.39269554360607,
              36.28695613074087
            ],
            [
              -118.39269185366173,
              36.28701876604362
            ]
          ]
        ]
      }
    },
    {
      "id": "1206",
      "type": "Feature",
      "properties": {
        "id": null,
        "SOURCE_FILE": "/Users/maples/GitHub/mortalitree_testing/labels/ajones16_mortalitree_prefire_labels.geojson",
        "SUNETID": "ajones16",
        "FIRENAME": "CASTLE",
        "FIRE_SLUG": "CASTLE",
        "PREFIRE": 1,
        "PREFIRE_STATUS": "prefire",
        "TILE_Z": 17,
        "TILE_X": 22430,
        "TILE_Y": 51340,
        "TILEXYZ": [
          17,
          22430,
          51340
        ],
        "OUTPUT_FILE": "/Users/maples/GitHub/mortalitree_testing/notebooks/single_tiles/prefire/17/22430/51340.geojson",
        "OUTPUT_STATUS_DIR": "prefire",
        "FEATURE_COUNT": 286
      },
      "geometry": {
        "type": "Polygon",
        "coordinates": [
          [
            [
              -118.39259334733406,
              36.28691149529415
            ],
            [
              -118.39254750059148,
              36.28690972496813
            ],
            [
              -118.39255050729567,
              36.28685868880503
            ],
            [
              -118.39259635400859,
              36.28686045912777
            ],
            [
              -118.39259334733406,
              36.28691149529415
            ]
          ]
        ]
      }
    },
    {
      "id": "1207",
      "type": "Feature",
      "properties": {
        "id": null,
        "SOURCE_FILE": "/Users/maples/GitHub/mortalitree_testing/labels/ajones16_mortalitree_prefire_labels.geojson",
        "SUNETID": "ajones16",
        "FIRENAME": "CASTLE",
        "FIRE_SLUG": "CASTLE",
        "PREFIRE": 1,
        "PREFIRE_STATUS": "prefire",
        "TILE_Z": 17,
        "TILE_X": 22430,
        "TILE_Y": 51340,
        "TILEXYZ": [
          17,
          22430,
          51340
        ],
        "OUTPUT_FILE": "/Users/maples/GitHub/mortalitree_testing/notebooks/single_tiles/prefire/17/22430/51340.geojson",
        "OUTPUT_STATUS_DIR": "prefire",
        "FEATURE_COUNT": 286
      },
      "geometry": {
        "type": "Polygon",
        "coordinates": [
          [
            [
              -118.3926351555753,
              36.287054940945104
            ],
            [
              -118.39257784703945,
              36.28705272804739
            ],
            [
              -118.39258126374354,
              36.28699473240638
            ],
            [
              -118.39263857223727,
              36.286996945299435
            ],
            [
              -118.3926351555753,
              36.287054940945104
            ]
          ]
        ]
      }
    },
    {
      "id": "1208",
      "type": "Feature",
      "properties": {
        "id": null,
        "SOURCE_FILE": "/Users/maples/GitHub/mortalitree_testing/labels/ajones16_mortalitree_prefire_labels.geojson",
        "SUNETID": "ajones16",
        "FIRENAME": "CASTLE",
        "FIRE_SLUG": "CASTLE",
        "PREFIRE": 1,
        "PREFIRE_STATUS": "prefire",
        "TILE_Z": 17,
        "TILE_X": 22430,
        "TILE_Y": 51340,
        "TILEXYZ": [
          17,
          22430,
          51340
        ],
        "OUTPUT_FILE": "/Users/maples/GitHub/mortalitree_testing/notebooks/single_tiles/prefire/17/22430/51340.geojson",
        "OUTPUT_STATUS_DIR": "prefire",
        "FEATURE_COUNT": 286
      },
      "geometry": {
        "type": "Polygon",
        "coordinates": [
          [
            [
              -118.39265153726124,
              36.28697186978997
            ],
            [
              -118.39261142132706,
              36.28697032077299
            ],
            [
              -118.39261401799637,
              36.28692624408321
            ],
            [
              -118.39265413390812,
              36.28692779309771
            ],
            [
              -118.39265153726124,
              36.28697186978997
            ]
          ]
        ]
      }
    },
    {
      "id": "1209",
      "type": "Feature",
      "properties": {
        "id": null,
        "SOURCE_FILE": "/Users/maples/GitHub/mortalitree_testing/labels/ajones16_mortalitree_prefire_labels.geojson",
        "SUNETID": "ajones16",
        "FIRENAME": "CASTLE",
        "FIRE_SLUG": "CASTLE",
        "PREFIRE": 1,
        "PREFIRE_STATUS": "prefire",
        "TILE_Z": 17,
        "TILE_X": 22430,
        "TILE_Y": 51340,
        "TILEXYZ": [
          17,
          22430,
          51340
        ],
        "OUTPUT_FILE": "/Users/maples/GitHub/mortalitree_testing/notebooks/single_tiles/prefire/17/22430/51340.geojson",
        "OUTPUT_STATUS_DIR": "prefire",
        "FEATURE_COUNT": 286
      },
      "geometry": {
        "type": "Polygon",
        "coordinates": [
          [
            [
              -118.39262233864328,
              36.28695562916078
            ],
            [
              -118.39257076102699,
              36.28695363755321
            ],
            [
              -118.39257349438535,
              36.28690724104017
            ],
            [
              -118.39262507197131,
              36.28690923264438
            ],
            [
              -118.39262233864328,
              36.28695562916078
            ]
          ]
        ]
      }
    },
    {
      "id": "1210",
      "type": "Feature",
      "properties": {
        "id": null,
        "SOURCE_FILE": "/Users/maples/GitHub/mortalitree_testing/labels/ajones16_mortalitree_prefire_labels.geojson",
        "SUNETID": "ajones16",
        "FIRENAME": "CASTLE",
        "FIRE_SLUG": "CASTLE",
        "PREFIRE": 1,
        "PREFIRE_STATUS": "prefire",
        "TILE_Z": 17,
        "TILE_X": 22430,
        "TILE_Y": 51340,
        "TILEXYZ": [
          17,
          22430,
          51340
        ],
        "OUTPUT_FILE": "/Users/maples/GitHub/mortalitree_testing/notebooks/single_tiles/prefire/17/22430/51340.geojson",
        "OUTPUT_STATUS_DIR": "prefire",
        "FEATURE_COUNT": 286
      },
      "geometry": {
        "type": "Polygon",
        "coordinates": [
          [
            [
              -118.39182639436596,
              36.2873038838989
            ],
            [
              -118.39176622028099,
              36.287301559934924
            ],
            [
              -118.3917703210827,
              36.28723196524819
            ],
            [
              -118.3918304951146,
              36.287234289206275
            ],
            [
              -118.39182639436596,
              36.2873038838989
            ]
          ]
        ]
      }
    },
    {
      "id": "1211",
      "type": "Feature",
      "properties": {
        "id": null,
        "SOURCE_FILE": "/Users/maples/GitHub/mortalitree_testing/labels/ajones16_mortalitree_prefire_labels.geojson",
        "SUNETID": "ajones16",
        "FIRENAME": "CASTLE",
        "FIRE_SLUG": "CASTLE",
        "PREFIRE": 1,
        "PREFIRE_STATUS": "prefire",
        "TILE_Z": 17,
        "TILE_X": 22430,
        "TILE_Y": 51340,
        "TILEXYZ": [
          17,
          22430,
          51340
        ],
        "OUTPUT_FILE": "/Users/maples/GitHub/mortalitree_testing/notebooks/single_tiles/prefire/17/22430/51340.geojson",
        "OUTPUT_STATUS_DIR": "prefire",
        "FEATURE_COUNT": 286
      },
      "geometry": {
        "type": "Polygon",
        "coordinates": [
          [
            [
              -118.39183192782973,
              36.28723434453824
            ],
            [
              -118.39177748465757,
              36.28723224191145
            ],
            [
              -118.39178090197633,
              36.28717424633765
            ],
            [
              -118.39183534510848,
              36.28717634896002
            ],
            [
              -118.39183192782973,
              36.28723434453824
            ]
          ]
        ]
      }
    },
    {
      "id": "1212",
      "type": "Feature",
      "properties": {
        "id": null,
        "SOURCE_FILE": "/Users/maples/GitHub/mortalitree_testing/labels/ajones16_mortalitree_prefire_labels.geojson",
        "SUNETID": "ajones16",
        "FIRENAME": "CASTLE",
        "FIRE_SLUG": "CASTLE",
        "PREFIRE": 1,
        "PREFIRE_STATUS": "prefire",
        "TILE_Z": 17,
        "TILE_X": 22430,
        "TILE_Y": 51340,
        "TILEXYZ": [
          17,
          22430,
          51340
        ],
        "OUTPUT_FILE": "/Users/maples/GitHub/mortalitree_testing/notebooks/single_tiles/prefire/17/22430/51340.geojson",
        "OUTPUT_STATUS_DIR": "prefire",
        "FEATURE_COUNT": 286
      },
      "geometry": {
        "type": "Polygon",
        "coordinates": [
          [
            [
              -118.39176953179995,
              36.28824451670783
            ],
            [
              -118.39172081886417,
              36.28824263534106
            ],
            [
              -118.39172437305027,
              36.288182319959304
            ],
            [
              -118.39177308594881,
              36.28818420132195
            ],
            [
              -118.39176953179995,
              36.28824451670783
            ]
          ]
        ]
      }
    },
    {
      "id": "1213",
      "type": "Feature",
      "properties": {
        "id": null,
        "SOURCE_FILE": "/Users/maples/GitHub/mortalitree_testing/labels/ajones16_mortalitree_prefire_labels.geojson",
        "SUNETID": "ajones16",
        "FIRENAME": "CASTLE",
        "FIRE_SLUG": "CASTLE",
        "PREFIRE": 1,
        "PREFIRE_STATUS": "prefire",
        "TILE_Z": 17,
        "TILE_X": 22430,
        "TILE_Y": 51340,
        "TILEXYZ": [
          17,
          22430,
          51340
        ],
        "OUTPUT_FILE": "/Users/maples/GitHub/mortalitree_testing/notebooks/single_tiles/prefire/17/22430/51340.geojson",
        "OUTPUT_STATUS_DIR": "prefire",
        "FEATURE_COUNT": 286
      },
      "geometry": {
        "type": "Polygon",
        "coordinates": [
          [
            [
              -118.39170062127758,
              36.28826859394604
            ],
            [
              -118.39162898459384,
              36.28826582718052
            ],
            [
              -118.3916333590659,
              36.28819159287429
            ],
            [
              -118.39170499568225,
              36.28819435963236
            ],
            [
              -118.39170062127758,
              36.28826859394604
            ]
          ]
        ]
      }
    },
    {
      "id": "1214",
      "type": "Feature",
      "properties": {
        "id": null,
        "SOURCE_FILE": "/Users/maples/GitHub/mortalitree_testing/labels/ajones16_mortalitree_prefire_labels.geojson",
        "SUNETID": "ajones16",
        "FIRENAME": "CASTLE",
        "FIRE_SLUG": "CASTLE",
        "PREFIRE": 1,
        "PREFIRE_STATUS": "prefire",
        "TILE_Z": 17,
        "TILE_X": 22430,
        "TILE_Y": 51340,
        "TILEXYZ": [
          17,
          22430,
          51340
        ],
        "OUTPUT_FILE": "/Users/maples/GitHub/mortalitree_testing/notebooks/single_tiles/prefire/17/22430/51340.geojson",
        "OUTPUT_STATUS_DIR": "prefire",
        "FEATURE_COUNT": 286
      },
      "geometry": {
        "type": "Polygon",
        "coordinates": [
          [
            [
              -118.39165723705977,
              36.28820065295441
            ],
            [
              -118.39158273497803,
              36.28819777549496
            ],
            [
              -118.39158628926455,
              36.288137460124496
            ],
            [
              -118.39166079128934,
              36.288140337577644
            ],
            [
              -118.39165723705977,
              36.28820065295441
            ]
          ]
        ]
      }
    },
    {
      "id": "1215",
      "type": "Feature",
      "properties": {
        "id": null,
        "SOURCE_FILE": "/Users/maples/GitHub/mortalitree_testing/labels/ajones16_mortalitree_prefire_labels.geojson",
        "SUNETID": "ajones16",
        "FIRENAME": "CASTLE",
        "FIRE_SLUG": "CASTLE",
        "PREFIRE": 1,
        "PREFIRE_STATUS": "prefire",
        "TILE_Z": 17,
        "TILE_X": 22430,
        "TILE_Y": 51340,
        "TILEXYZ": [
          17,
          22430,
          51340
        ],
        "OUTPUT_FILE": "/Users/maples/GitHub/mortalitree_testing/notebooks/single_tiles/prefire/17/22430/51340.geojson",
        "OUTPUT_STATUS_DIR": "prefire",
        "FEATURE_COUNT": 286
      },
      "geometry": {
        "type": "Polygon",
        "coordinates": [
          [
            [
              -118.39166099371204,
              36.288161271312624
            ],
            [
              -118.39159795351968,
              36.28815883654649
            ],
            [
              -118.39160137108695,
              36.28810084099637
            ],
            [
              -118.39166441123298,
              36.28810327575736
            ],
            [
              -118.39166099371204,
              36.288161271312624
            ]
          ]
        ]
      }
    },
    {
      "id": "1216",
      "type": "Feature",
      "properties": {
        "id": null,
        "SOURCE_FILE": "/Users/maples/GitHub/mortalitree_testing/labels/ajones16_mortalitree_prefire_labels.geojson",
        "SUNETID": "ajones16",
        "FIRENAME": "CASTLE",
        "FIRE_SLUG": "CASTLE",
        "PREFIRE": 1,
        "PREFIRE_STATUS": "prefire",
        "TILE_Z": 17,
        "TILE_X": 22430,
        "TILE_Y": 51340,
        "TILEXYZ": [
          17,
          22430,
          51340
        ],
        "OUTPUT_FILE": "/Users/maples/GitHub/mortalitree_testing/notebooks/single_tiles/prefire/17/22430/51340.geojson",
        "OUTPUT_STATUS_DIR": "prefire",
        "FEATURE_COUNT": 286
      },
      "geometry": {
        "type": "Polygon",
        "coordinates": [
          [
            [
              -118.39173454148137,
              36.28815597400799
            ],
            [
              -118.39166577036032,
              36.28815331794048
            ],
            [
              -118.39166973467846,
              36.28808604309576
            ],
            [
              -118.39173850574086,
              36.28808869915678
            ],
            [
              -118.39173454148137,
              36.28815597400799
            ]
          ]
        ]
      }
    },
    {
      "id": "1217",
      "type": "Feature",
      "properties": {
        "id": null,
        "SOURCE_FILE": "/Users/maples/GitHub/mortalitree_testing/labels/ajones16_mortalitree_prefire_labels.geojson",
        "SUNETID": "ajones16",
        "FIRENAME": "CASTLE",
        "FIRE_SLUG": "CASTLE",
        "PREFIRE": 1,
        "PREFIRE_STATUS": "prefire",
        "TILE_Z": 17,
        "TILE_X": 22430,
        "TILE_Y": 51340,
        "TILEXYZ": [
          17,
          22430,
          51340
        ],
        "OUTPUT_FILE": "/Users/maples/GitHub/mortalitree_testing/notebooks/single_tiles/prefire/17/22430/51340.geojson",
        "OUTPUT_STATUS_DIR": "prefire",
        "FEATURE_COUNT": 286
      },
      "geometry": {
        "type": "Polygon",
        "coordinates": [
          [
            [
              -118.39164592243567,
              36.28810023657744
            ],
            [
              -118.39156855498983,
              36.288097248445304
            ],
            [
              -118.39157197257117,
              36.288039252897
            ],
            [
              -118.39164933996014,
              36.288042241022836
            ],
            [
              -118.39164592243567,
              36.28810023657744
            ]
          ]
        ]
      }
    },
    {
      "id": "1218",
      "type": "Feature",
      "properties": {
        "id": null,
        "SOURCE_FILE": "/Users/maples/GitHub/mortalitree_testing/labels/ajones16_mortalitree_prefire_labels.geojson",
        "SUNETID": "ajones16",
        "FIRENAME": "CASTLE",
        "FIRE_SLUG": "CASTLE",
        "PREFIRE": 1,
        "PREFIRE_STATUS": "prefire",
        "TILE_Z": 17,
        "TILE_X": 22430,
        "TILE_Y": 51340,
        "TILEXYZ": [
          17,
          22430,
          51340
        ],
        "OUTPUT_FILE": "/Users/maples/GitHub/mortalitree_testing/notebooks/single_tiles/prefire/17/22430/51340.geojson",
        "OUTPUT_STATUS_DIR": "prefire",
        "FEATURE_COUNT": 286
      },
      "geometry": {
        "type": "Polygon",
        "coordinates": [
          [
            [
              -118.39155380692522,
              36.28820130841112
            ],
            [
              -118.39150509403112,
              36.288199426958386
            ],
            [
              -118.3915081015558,
              36.28814839088137
            ],
            [
              -118.39155681441837,
              36.2881502723306
            ],
            [
              -118.39155380692522,
              36.28820130841112
            ]
          ]
        ]
      }
    },
    {
      "id": "1219",
      "type": "Feature",
      "properties": {
        "id": null,
        "SOURCE_FILE": "/Users/maples/GitHub/mortalitree_testing/labels/ajones16_mortalitree_prefire_labels.geojson",
        "SUNETID": "ajones16",
        "FIRENAME": "CASTLE",
        "FIRE_SLUG": "CASTLE",
        "PREFIRE": 1,
        "PREFIRE_STATUS": "prefire",
        "TILE_Z": 17,
        "TILE_X": 22430,
        "TILE_Y": 51340,
        "TILEXYZ": [
          17,
          22430,
          51340
        ],
        "OUTPUT_FILE": "/Users/maples/GitHub/mortalitree_testing/notebooks/single_tiles/prefire/17/22430/51340.geojson",
        "OUTPUT_STATUS_DIR": "prefire",
        "FEATURE_COUNT": 286
      },
      "geometry": {
        "type": "Polygon",
        "coordinates": [
          [
            [
              -118.3920615375302,
              36.288412738392005
            ],
            [
              -118.39199276615211,
              36.28841008249646
            ],
            [
              -118.3919990539885,
              36.28830337062862
            ],
            [
              -118.39206782527356,
              36.288306026513865
            ],
            [
              -118.3920615375302,
              36.288412738392005
            ]
          ]
        ]
      }
    },
    {
      "id": "1220",
      "type": "Feature",
      "properties": {
        "id": null,
        "SOURCE_FILE": "/Users/maples/GitHub/mortalitree_testing/labels/ajones16_mortalitree_prefire_labels.geojson",
        "SUNETID": "ajones16",
        "FIRENAME": "CASTLE",
        "FIRE_SLUG": "CASTLE",
        "PREFIRE": 1,
        "PREFIRE_STATUS": "prefire",
        "TILE_Z": 17,
        "TILE_X": 22430,
        "TILE_Y": 51340,
        "TILEXYZ": [
          17,
          22430,
          51340
        ],
        "OUTPUT_FILE": "/Users/maples/GitHub/mortalitree_testing/notebooks/single_tiles/prefire/17/22430/51340.geojson",
        "OUTPUT_STATUS_DIR": "prefire",
        "FEATURE_COUNT": 286
      },
      "geometry": {
        "type": "Polygon",
        "coordinates": [
          [
            [
              -118.39213713585985,
              36.28837264350022
            ],
            [
              -118.3920941537649,
              36.28837098359886
            ],
            [
              -118.3920972976137,
              36.28831762765732
            ],
            [
              -118.39214027967958,
              36.28831928755546
            ],
            [
              -118.39213713585985,
              36.28837264350022
            ]
          ]
        ]
      }
    },
    {
      "id": "1221",
      "type": "Feature",
      "properties": {
        "id": null,
        "SOURCE_FILE": "/Users/maples/GitHub/mortalitree_testing/labels/ajones16_mortalitree_prefire_labels.geojson",
        "SUNETID": "ajones16",
        "FIRENAME": "CASTLE",
        "FIRE_SLUG": "CASTLE",
        "PREFIRE": 1,
        "PREFIRE_STATUS": "prefire",
        "TILE_Z": 17,
        "TILE_X": 22430,
        "TILE_Y": 51340,
        "TILEXYZ": [
          17,
          22430,
          51340
        ],
        "OUTPUT_FILE": "/Users/maples/GitHub/mortalitree_testing/notebooks/single_tiles/prefire/17/22430/51340.geojson",
        "OUTPUT_STATUS_DIR": "prefire",
        "FEATURE_COUNT": 286
      },
      "geometry": {
        "type": "Polygon",
        "coordinates": [
          [
            [
              -118.3916004697825,
              36.28839028136143
            ],
            [
              -118.39155462223908,
              36.288388510592924
            ],
            [
              -118.39155749304729,
              36.288339794335734
            ],
            [
              -118.39160334056238,
              36.2883415651011
            ],
            [
              -118.3916004697825,
              36.28839028136143
            ]
          ]
        ]
      }
    },
    {
      "id": "1222",
      "type": "Feature",
      "properties": {
        "id": null,
        "SOURCE_FILE": "/Users/maples/GitHub/mortalitree_testing/labels/ajones16_mortalitree_prefire_labels.geojson",
        "SUNETID": "ajones16",
        "FIRENAME": "CASTLE",
        "FIRE_SLUG": "CASTLE",
        "PREFIRE": 1,
        "PREFIRE_STATUS": "prefire",
        "TILE_Z": 17,
        "TILE_X": 22430,
        "TILE_Y": 51340,
        "TILEXYZ": [
          17,
          22430,
          51340
        ],
        "OUTPUT_FILE": "/Users/maples/GitHub/mortalitree_testing/notebooks/single_tiles/prefire/17/22430/51340.geojson",
        "OUTPUT_STATUS_DIR": "prefire",
        "FEATURE_COUNT": 286
      },
      "geometry": {
        "type": "Polygon",
        "coordinates": [
          [
            [
              -118.39154580203522,
              36.28856255255806
            ],
            [
              -118.39148562700765,
              36.288560228383844
            ],
            [
              -118.39148836116885,
              36.288513831954276
            ],
            [
              -118.39154853616101,
              36.28851615612457
            ],
            [
              -118.39154580203522,
              36.28856255255806
            ]
          ]
        ]
      }
    },
    {
      "id": "1223",
      "type": "Feature",
      "properties": {
        "id": null,
        "SOURCE_FILE": "/Users/maples/GitHub/mortalitree_testing/labels/ajones16_mortalitree_prefire_labels.geojson",
        "SUNETID": "ajones16",
        "FIRENAME": "CASTLE",
        "FIRE_SLUG": "CASTLE",
        "PREFIRE": 1,
        "PREFIRE_STATUS": "prefire",
        "TILE_Z": 17,
        "TILE_X": 22430,
        "TILE_Y": 51340,
        "TILEXYZ": [
          17,
          22430,
          51340
        ],
        "OUTPUT_FILE": "/Users/maples/GitHub/mortalitree_testing/notebooks/single_tiles/prefire/17/22430/51340.geojson",
        "OUTPUT_STATUS_DIR": "prefire",
        "FEATURE_COUNT": 286
      },
      "geometry": {
        "type": "Polygon",
        "coordinates": [
          [
            [
              -118.39149320351959,
              36.288529132144916
            ],
            [
              -118.39144735590186,
              36.288527361329486
            ],
            [
              -118.39145022679128,
              36.2884786450808
            ],
            [
              -118.39149607438071,
              36.28848041589308
            ],
            [
              -118.39149320351959,
              36.288529132144916
            ]
          ]
        ]
      }
    },
    {
      "id": "1224",
      "type": "Feature",
      "properties": {
        "id": null,
        "SOURCE_FILE": "/Users/maples/GitHub/mortalitree_testing/labels/ajones16_mortalitree_prefire_labels.geojson",
        "SUNETID": "ajones16",
        "FIRENAME": "CASTLE",
        "FIRE_SLUG": "CASTLE",
        "PREFIRE": 1,
        "PREFIRE_STATUS": "prefire",
        "TILE_Z": 17,
        "TILE_X": 22430,
        "TILE_Y": 51340,
        "TILEXYZ": [
          17,
          22430,
          51340
        ],
        "OUTPUT_FILE": "/Users/maples/GitHub/mortalitree_testing/notebooks/single_tiles/prefire/17/22430/51340.geojson",
        "OUTPUT_STATUS_DIR": "prefire",
        "FEATURE_COUNT": 286
      },
      "geometry": {
        "type": "Polygon",
        "coordinates": [
          [
            [
              -118.39151401643005,
              36.28849273438851
            ],
            [
              -118.39146530335755,
              36.288490852906634
            ],
            [
              -118.39146803752385,
              36.28844445647787
            ],
            [
              -118.3915167505677,
              36.28844633795657
            ],
            [
              -118.39151401643005,
              36.28849273438851
            ]
          ]
        ]
      }
    },
    {
      "id": "1225",
      "type": "Feature",
      "properties": {
        "id": null,
        "SOURCE_FILE": "/Users/maples/GitHub/mortalitree_testing/labels/ajones16_mortalitree_prefire_labels.geojson",
        "SUNETID": "ajones16",
        "FIRENAME": "CASTLE",
        "FIRE_SLUG": "CASTLE",
        "PREFIRE": 1,
        "PREFIRE_STATUS": "prefire",
        "TILE_Z": 17,
        "TILE_X": 22430,
        "TILE_Y": 51340,
        "TILEXYZ": [
          17,
          22430,
          51340
        ],
        "OUTPUT_FILE": "/Users/maples/GitHub/mortalitree_testing/notebooks/single_tiles/prefire/17/22430/51340.geojson",
        "OUTPUT_STATUS_DIR": "prefire",
        "FEATURE_COUNT": 286
      },
      "geometry": {
        "type": "Polygon",
        "coordinates": [
          [
            [
              -118.39148222818146,
              36.28844732967751
            ],
            [
              -118.3914449770312,
              36.288445890890664
            ],
            [
              -118.39144771120506,
              36.288399494462865
            ],
            [
              -118.39148496233338,
              36.28840093324729
            ],
            [
              -118.39148222818146,
              36.28844732967751
            ]
          ]
        ]
      }
    },
    {
      "id": "1226",
      "type": "Feature",
      "properties": {
        "id": null,
        "SOURCE_FILE": "/Users/maples/GitHub/mortalitree_testing/labels/ajones16_mortalitree_prefire_labels.geojson",
        "SUNETID": "ajones16",
        "FIRENAME": "CASTLE",
        "FIRE_SLUG": "CASTLE",
        "PREFIRE": 1,
        "PREFIRE_STATUS": "prefire",
        "TILE_Z": 17,
        "TILE_X": 22430,
        "TILE_Y": 51340,
        "TILEXYZ": [
          17,
          22430,
          51340
        ],
        "OUTPUT_FILE": "/Users/maples/GitHub/mortalitree_testing/notebooks/single_tiles/prefire/17/22430/51340.geojson",
        "OUTPUT_STATUS_DIR": "prefire",
        "FEATURE_COUNT": 286
      },
      "geometry": {
        "type": "Polygon",
        "coordinates": [
          [
            [
              -118.39155072345717,
              36.28847903897739
            ],
            [
              -118.39149341396762,
              36.288476825485546
            ],
            [
              -118.39149915567172,
              36.28837939298042
            ],
            [
              -118.3915564650905,
              36.28838160646441
            ],
            [
              -118.39155072345717,
              36.28847903897739
            ]
          ]
        ]
      }
    },
    {
      "id": "1227",
      "type": "Feature",
      "properties": {
        "id": null,
        "SOURCE_FILE": "/Users/maples/GitHub/mortalitree_testing/labels/ajones16_mortalitree_prefire_labels.geojson",
        "SUNETID": "ajones16",
        "FIRENAME": "CASTLE",
        "FIRE_SLUG": "CASTLE",
        "PREFIRE": 1,
        "PREFIRE_STATUS": "prefire",
        "TILE_Z": 17,
        "TILE_X": 22430,
        "TILE_Y": 51340,
        "TILEXYZ": [
          17,
          22430,
          51340
        ],
        "OUTPUT_FILE": "/Users/maples/GitHub/mortalitree_testing/notebooks/single_tiles/prefire/17/22430/51340.geojson",
        "OUTPUT_STATUS_DIR": "prefire",
        "FEATURE_COUNT": 286
      },
      "geometry": {
        "type": "Polygon",
        "coordinates": [
          [
            [
              -118.39157377862388,
              36.28852643147539
            ],
            [
              -118.39153366195497,
              36.28852488203998
            ],
            [
              -118.39153694290928,
              36.28846920632033
            ],
            [
              -118.39157705954987,
              36.28847075575261
            ],
            [
              -118.39157377862388,
              36.28852643147539
            ]
          ]
        ]
      }
    },
    {
      "id": "1228",
      "type": "Feature",
      "properties": {
        "id": null,
        "SOURCE_FILE": "/Users/maples/GitHub/mortalitree_testing/labels/ajones16_mortalitree_prefire_labels.geojson",
        "SUNETID": "ajones16",
        "FIRENAME": "CASTLE",
        "FIRE_SLUG": "CASTLE",
        "PREFIRE": 1,
        "PREFIRE_STATUS": "prefire",
        "TILE_Z": 17,
        "TILE_X": 22430,
        "TILE_Y": 51340,
        "TILEXYZ": [
          17,
          22430,
          51340
        ],
        "OUTPUT_FILE": "/Users/maples/GitHub/mortalitree_testing/notebooks/single_tiles/prefire/17/22430/51340.geojson",
        "OUTPUT_STATUS_DIR": "prefire",
        "FEATURE_COUNT": 286
      },
      "geometry": {
        "type": "Polygon",
        "coordinates": [
          [
            [
              -118.39303628241835,
              36.28839341295798
            ],
            [
              -118.3929818383485,
              36.28839131082202
            ],
            [
              -118.39298607489661,
              36.28831939620215
            ],
            [
              -118.3930405189168,
              36.288321498332586
            ],
            [
              -118.39303628241835,
              36.28839341295798
            ]
          ]
        ]
      }
    },
    {
      "id": "1229",
      "type": "Feature",
      "properties": {
        "id": null,
        "SOURCE_FILE": "/Users/maples/GitHub/mortalitree_testing/labels/ajones16_mortalitree_prefire_labels.geojson",
        "SUNETID": "ajones16",
        "FIRENAME": "CASTLE",
        "FIRE_SLUG": "CASTLE",
        "PREFIRE": 1,
        "PREFIRE_STATUS": "prefire",
        "TILE_Z": 17,
        "TILE_X": 22430,
        "TILE_Y": 51340,
        "TILEXYZ": [
          17,
          22430,
          51340
        ],
        "OUTPUT_FILE": "/Users/maples/GitHub/mortalitree_testing/notebooks/single_tiles/prefire/17/22430/51340.geojson",
        "OUTPUT_STATUS_DIR": "prefire",
        "FEATURE_COUNT": 286
      },
      "geometry": {
        "type": "Polygon",
        "coordinates": [
          [
            [
              -118.3927486620256,
              36.28818118598285
            ],
            [
              -118.39269708359356,
              36.28817919437216
            ],
            [
              -118.3926995436592,
              36.288137437511566
            ],
            [
              -118.39275112206391,
              36.28813942911923
            ],
            [
              -118.3927486620256,
              36.28818118598285
            ]
          ]
        ]
      }
    },
    {
      "id": "1230",
      "type": "Feature",
      "properties": {
        "id": null,
        "SOURCE_FILE": "/Users/maples/GitHub/mortalitree_testing/labels/ajones16_mortalitree_prefire_labels.geojson",
        "SUNETID": "ajones16",
        "FIRENAME": "CASTLE",
        "FIRE_SLUG": "CASTLE",
        "PREFIRE": 1,
        "PREFIRE_STATUS": "prefire",
        "TILE_Z": 17,
        "TILE_X": 22430,
        "TILE_Y": 51340,
        "TILEXYZ": [
          17,
          22430,
          51340
        ],
        "OUTPUT_FILE": "/Users/maples/GitHub/mortalitree_testing/notebooks/single_tiles/prefire/17/22430/51340.geojson",
        "OUTPUT_STATUS_DIR": "prefire",
        "FEATURE_COUNT": 286
      },
      "geometry": {
        "type": "Polygon",
        "coordinates": [
          [
            [
              -118.39269926801475,
              36.28816649065426
            ],
            [
              -118.3926505550636,
              36.28816460966972
            ],
            [
              -118.39265383518129,
              36.28810893385899
            ],
            [
              -118.39270254809807,
              36.28811081483973
            ],
            [
              -118.39269926801475,
              36.28816649065426
            ]
          ]
        ]
      }
    },
    {
      "id": "1231",
      "type": "Feature",
      "properties": {
        "id": null,
        "SOURCE_FILE": "/Users/maples/GitHub/mortalitree_testing/labels/ajones16_mortalitree_prefire_labels.geojson",
        "SUNETID": "ajones16",
        "FIRENAME": "CASTLE",
        "FIRE_SLUG": "CASTLE",
        "PREFIRE": 1,
        "PREFIRE_STATUS": "prefire",
        "TILE_Z": 17,
        "TILE_X": 22430,
        "TILE_Y": 51340,
        "TILEXYZ": [
          17,
          22430,
          51340
        ],
        "OUTPUT_FILE": "/Users/maples/GitHub/mortalitree_testing/notebooks/single_tiles/prefire/17/22430/51340.geojson",
        "OUTPUT_STATUS_DIR": "prefire",
        "FEATURE_COUNT": 286
      },
      "geometry": {
        "type": "Polygon",
        "coordinates": [
          [
            [
              -118.3928440995202,
              36.28829182581487
            ],
            [
              -118.3927896555357,
              36.28828972359645
            ],
            [
              -118.39279293556959,
              36.28823404777598
            ],
            [
              -118.39284737951564,
              36.288236149990134
            ],
            [
              -118.3928440995202,
              36.28829182581487
            ]
          ]
        ]
      }
    },
    {
      "id": "1232",
      "type": "Feature",
      "properties": {
        "id": null,
        "SOURCE_FILE": "/Users/maples/GitHub/mortalitree_testing/labels/ajones16_mortalitree_prefire_labels.geojson",
        "SUNETID": "ajones16",
        "FIRENAME": "CASTLE",
        "FIRE_SLUG": "CASTLE",
        "PREFIRE": 1,
        "PREFIRE_STATUS": "prefire",
        "TILE_Z": 17,
        "TILE_X": 22430,
        "TILE_Y": 51340,
        "TILEXYZ": [
          17,
          22430,
          51340
        ],
        "OUTPUT_FILE": "/Users/maples/GitHub/mortalitree_testing/notebooks/single_tiles/prefire/17/22430/51340.geojson",
        "OUTPUT_STATUS_DIR": "prefire",
        "FEATURE_COUNT": 286
      },
      "geometry": {
        "type": "Polygon",
        "coordinates": [
          [
            [
              -118.39287795428707,
              36.28813153835625
            ],
            [
              -118.3927919902753,
              36.28812821908963
            ],
            [
              -118.39279568028914,
              36.28806558378963
            ],
            [
              -118.39288164423266,
              36.28806890304869
            ],
            [
              -118.39287795428707,
              36.28813153835625
            ]
          ]
        ]
      }
    },
    {
      "id": "1233",
      "type": "Feature",
      "properties": {
        "id": null,
        "SOURCE_FILE": "/Users/maples/GitHub/mortalitree_testing/labels/ajones16_mortalitree_prefire_labels.geojson",
        "SUNETID": "ajones16",
        "FIRENAME": "CASTLE",
        "FIRE_SLUG": "CASTLE",
        "PREFIRE": 1,
        "PREFIRE_STATUS": "prefire",
        "TILE_Z": 17,
        "TILE_X": 22430,
        "TILE_Y": 51340,
        "TILEXYZ": [
          17,
          22430,
          51340
        ],
        "OUTPUT_FILE": "/Users/maples/GitHub/mortalitree_testing/notebooks/single_tiles/prefire/17/22430/51340.geojson",
        "OUTPUT_STATUS_DIR": "prefire",
        "FEATURE_COUNT": 286
      },
      "geometry": {
        "type": "Polygon",
        "coordinates": [
          [
            [
              -118.39181943600364,
              36.288110425593295
            ],
            [
              -118.39175066491431,
              36.288107769577444
            ],
            [
              -118.39175476585062,
              36.288038174901615
            ],
            [
              -118.39182353687927,
              36.288040830910745
            ],
            [
              -118.39181943600364,
              36.288110425593295
            ]
          ]
        ]
      }
    },
    {
      "id": "1234",
      "type": "Feature",
      "properties": {
        "id": null,
        "SOURCE_FILE": "/Users/maples/GitHub/mortalitree_testing/labels/ajones16_mortalitree_prefire_labels.geojson",
        "SUNETID": "ajones16",
        "FIRENAME": "CASTLE",
        "FIRE_SLUG": "CASTLE",
        "PREFIRE": 1,
        "PREFIRE_STATUS": "prefire",
        "TILE_Z": 17,
        "TILE_X": 22430,
        "TILE_Y": 51340,
        "TILEXYZ": [
          17,
          22430,
          51340
        ],
        "OUTPUT_FILE": "/Users/maples/GitHub/mortalitree_testing/notebooks/single_tiles/prefire/17/22430/51340.geojson",
        "OUTPUT_STATUS_DIR": "prefire",
        "FEATURE_COUNT": 286
      },
      "geometry": {
        "type": "Polygon",
        "coordinates": [
          [
            [
              -118.39168954378765,
              36.28802403041091
            ],
            [
              -118.39163223461962,
              36.28802181700937
            ],
            [
              -118.3916357888452,
              36.28796150163293
            ],
            [
              -118.39169309796945,
              36.28796371502961
            ],
            [
              -118.39168954378765,
              36.28802403041091
            ]
          ]
        ]
      }
    },
    {
      "id": "1235",
      "type": "Feature",
      "properties": {
        "id": null,
        "SOURCE_FILE": "/Users/maples/GitHub/mortalitree_testing/labels/ajones16_mortalitree_prefire_labels.geojson",
        "SUNETID": "ajones16",
        "FIRENAME": "CASTLE",
        "FIRE_SLUG": "CASTLE",
        "PREFIRE": 1,
        "PREFIRE_STATUS": "prefire",
        "TILE_Z": 17,
        "TILE_X": 22430,
        "TILE_Y": 51340,
        "TILEXYZ": [
          17,
          22430,
          51340
        ],
        "OUTPUT_FILE": "/Users/maples/GitHub/mortalitree_testing/notebooks/single_tiles/prefire/17/22430/51340.geojson",
        "OUTPUT_STATUS_DIR": "prefire",
        "FEATURE_COUNT": 286
      },
      "geometry": {
        "type": "Polygon",
        "coordinates": [
          [
            [
              -118.39174003365902,
              36.28799575408811
            ],
            [
              -118.39169418633735,
              36.287993983389605
            ],
            [
              -118.39169692031851,
              36.28794758694201
            ],
            [
              -118.39174276761321,
              36.28794935763753
            ],
            [
              -118.39174003365902,
              36.28799575408811
            ]
          ]
        ]
      }
    },
    {
      "id": "1236",
      "type": "Feature",
      "properties": {
        "id": null,
        "SOURCE_FILE": "/Users/maples/GitHub/mortalitree_testing/labels/ajones16_mortalitree_prefire_labels.geojson",
        "SUNETID": "ajones16",
        "FIRENAME": "CASTLE",
        "FIRE_SLUG": "CASTLE",
        "PREFIRE": 1,
        "PREFIRE_STATUS": "prefire",
        "TILE_Z": 17,
        "TILE_X": 22430,
        "TILE_Y": 51340,
        "TILEXYZ": [
          17,
          22430,
          51340
        ],
        "OUTPUT_FILE": "/Users/maples/GitHub/mortalitree_testing/notebooks/single_tiles/prefire/17/22430/51340.geojson",
        "OUTPUT_STATUS_DIR": "prefire",
        "FEATURE_COUNT": 286
      },
      "geometry": {
        "type": "Polygon",
        "coordinates": [
          [
            [
              -118.39295297244477,
              36.28771126614859
            ],
            [
              -118.39287273978844,
              36.287708168249395
            ],
            [
              -118.39287615635612,
              36.28765017259061
            ],
            [
              -118.39295638895346,
              36.287653270483275
            ],
            [
              -118.39295297244477,
              36.28771126614859
            ]
          ]
        ]
      }
    },
    {
      "id": "1237",
      "type": "Feature",
      "properties": {
        "id": null,
        "SOURCE_FILE": "/Users/maples/GitHub/mortalitree_testing/labels/ajones16_mortalitree_prefire_labels.geojson",
        "SUNETID": "ajones16",
        "FIRENAME": "CASTLE",
        "FIRE_SLUG": "CASTLE",
        "PREFIRE": 1,
        "PREFIRE_STATUS": "prefire",
        "TILE_Z": 17,
        "TILE_X": 22430,
        "TILE_Y": 51340,
        "TILEXYZ": [
          17,
          22430,
          51340
        ],
        "OUTPUT_FILE": "/Users/maples/GitHub/mortalitree_testing/notebooks/single_tiles/prefire/17/22430/51340.geojson",
        "OUTPUT_STATUS_DIR": "prefire",
        "FEATURE_COUNT": 286
      },
      "geometry": {
        "type": "Polygon",
        "coordinates": [
          [
            [
              -118.3929604138086,
              36.287658076093585
            ],
            [
              -118.39287731575602,
              36.287654867563326
            ],
            [
              -118.39288032232726,
              36.28760383138287
            ],
            [
              -118.39296342032607,
              36.287607039907165
            ],
            [
              -118.3929604138086,
              36.287658076093585
            ]
          ]
        ]
      }
    },
    {
      "id": "1238",
      "type": "Feature",
      "properties": {
        "id": null,
        "SOURCE_FILE": "/Users/maples/GitHub/mortalitree_testing/labels/ajones16_mortalitree_prefire_labels.geojson",
        "SUNETID": "ajones16",
        "FIRENAME": "CASTLE",
        "FIRE_SLUG": "CASTLE",
        "PREFIRE": 1,
        "PREFIRE_STATUS": "prefire",
        "TILE_Z": 17,
        "TILE_X": 22430,
        "TILE_Y": 51340,
        "TILEXYZ": [
          17,
          22430,
          51340
        ],
        "OUTPUT_FILE": "/Users/maples/GitHub/mortalitree_testing/notebooks/single_tiles/prefire/17/22430/51340.geojson",
        "OUTPUT_STATUS_DIR": "prefire",
        "FEATURE_COUNT": 286
      },
      "geometry": {
        "type": "Polygon",
        "coordinates": [
          [
            [
              -118.39266952068989,
              36.28745269795891
            ],
            [
              -118.3926122118604,
              36.287450485056894
            ],
            [
              -118.39261453523672,
              36.287411048021816
            ],
            [
              -118.39267184403755,
              36.28741326092066
            ],
            [
              -118.39266952068989,
              36.28745269795891
            ]
          ]
        ]
      }
    },
    {
      "id": "1239",
      "type": "Feature",
      "properties": {
        "id": null,
        "SOURCE_FILE": "/Users/maples/GitHub/mortalitree_testing/labels/ajones16_mortalitree_prefire_labels.geojson",
        "SUNETID": "ajones16",
        "FIRENAME": "CASTLE",
        "FIRE_SLUG": "CASTLE",
        "PREFIRE": 1,
        "PREFIRE_STATUS": "prefire",
        "TILE_Z": 17,
        "TILE_X": 22430,
        "TILE_Y": 51340,
        "TILEXYZ": [
          17,
          22430,
          51340
        ],
        "OUTPUT_FILE": "/Users/maples/GitHub/mortalitree_testing/notebooks/single_tiles/prefire/17/22430/51340.geojson",
        "OUTPUT_STATUS_DIR": "prefire",
        "FEATURE_COUNT": 286
      },
      "geometry": {
        "type": "Polygon",
        "coordinates": [
          [
            [
              -118.39277996784222,
              36.2875522918726
            ],
            [
              -118.39271406259479,
              36.287549747087816
            ],
            [
              -118.39271761592654,
              36.287489431614574
            ],
            [
              -118.39278352112355,
              36.287491976393774
            ],
            [
              -118.39277996784222,
              36.2875522918726
            ]
          ]
        ]
      }
    },
    {
      "id": "1240",
      "type": "Feature",
      "properties": {
        "id": null,
        "SOURCE_FILE": "/Users/maples/GitHub/mortalitree_testing/labels/ajones16_mortalitree_prefire_labels.geojson",
        "SUNETID": "ajones16",
        "FIRENAME": "CASTLE",
        "FIRE_SLUG": "CASTLE",
        "PREFIRE": 1,
        "PREFIRE_STATUS": "prefire",
        "TILE_Z": 17,
        "TILE_X": 22430,
        "TILE_Y": 51340,
        "TILEXYZ": [
          17,
          22430,
          51340
        ],
        "OUTPUT_FILE": "/Users/maples/GitHub/mortalitree_testing/notebooks/single_tiles/prefire/17/22430/51340.geojson",
        "OUTPUT_STATUS_DIR": "prefire",
        "FEATURE_COUNT": 286
      },
      "geometry": {
        "type": "Polygon",
        "coordinates": [
          [
            [
              -118.3927022637093,
              36.28750627709085
            ],
            [
              -118.39263349306447,
              36.28750362162063
            ],
            [
              -118.39263622644059,
              36.287457225107744
            ],
            [
              -118.39270499704499,
              36.28745988057349
            ],
            [
              -118.3927022637093,
              36.28750627709085
            ]
          ]
        ]
      }
    },
    {
      "id": "1241",
      "type": "Feature",
      "properties": {
        "id": null,
        "SOURCE_FILE": "/Users/maples/GitHub/mortalitree_testing/labels/ajones16_mortalitree_prefire_labels.geojson",
        "SUNETID": "ajones16",
        "FIRENAME": "CASTLE",
        "FIRE_SLUG": "CASTLE",
        "PREFIRE": 1,
        "PREFIRE_STATUS": "prefire",
        "TILE_Z": 17,
        "TILE_X": 22430,
        "TILE_Y": 51340,
        "TILEXYZ": [
          17,
          22430,
          51340
        ],
        "OUTPUT_FILE": "/Users/maples/GitHub/mortalitree_testing/notebooks/single_tiles/prefire/17/22430/51340.geojson",
        "OUTPUT_STATUS_DIR": "prefire",
        "FEATURE_COUNT": 286
      },
      "geometry": {
        "type": "Polygon",
        "coordinates": [
          [
            [
              -118.39275548394586,
              36.28745601726065
            ],
            [
              -118.39268671333997,
              36.28745336182419
            ],
            [
              -118.39268944667958,
              36.28740696530742
            ],
            [
              -118.39275821724502,
              36.28740962073942
            ],
            [
              -118.39275548394586,
              36.28745601726065
            ]
          ]
        ]
      }
    },
    {
      "id": "1242",
      "type": "Feature",
      "properties": {
        "id": null,
        "SOURCE_FILE": "/Users/maples/GitHub/mortalitree_testing/labels/ajones16_mortalitree_prefire_labels.geojson",
        "SUNETID": "ajones16",
        "FIRENAME": "CASTLE",
        "FIRE_SLUG": "CASTLE",
        "PREFIRE": 1,
        "PREFIRE_STATUS": "prefire",
        "TILE_Z": 17,
        "TILE_X": 22430,
        "TILE_Y": 51340,
        "TILEXYZ": [
          17,
          22430,
          51340
        ],
        "OUTPUT_FILE": "/Users/maples/GitHub/mortalitree_testing/notebooks/single_tiles/prefire/17/22430/51340.geojson",
        "OUTPUT_STATUS_DIR": "prefire",
        "FEATURE_COUNT": 286
      },
      "geometry": {
        "type": "Polygon",
        "coordinates": [
          [
            [
              -118.3925764737618,
              36.28732587461214
            ],
            [
              -118.39248191436192,
              36.287322223246484
            ],
            [
              -118.3924866978914,
              36.28724102936348
            ],
            [
              -118.39258125719397,
              36.28724468071835
            ],
            [
              -118.3925764737618,
              36.28732587461214
            ]
          ]
        ]
      }
    },
    {
      "id": "1243",
      "type": "Feature",
      "properties": {
        "id": null,
        "SOURCE_FILE": "/Users/maples/GitHub/mortalitree_testing/labels/ajones16_mortalitree_prefire_labels.geojson",
        "SUNETID": "ajones16",
        "FIRENAME": "CASTLE",
        "FIRE_SLUG": "CASTLE",
        "PREFIRE": 1,
        "PREFIRE_STATUS": "prefire",
        "TILE_Z": 17,
        "TILE_X": 22430,
        "TILE_Y": 51340,
        "TILEXYZ": [
          17,
          22430,
          51340
        ],
        "OUTPUT_FILE": "/Users/maples/GitHub/mortalitree_testing/notebooks/single_tiles/prefire/17/22430/51340.geojson",
        "OUTPUT_STATUS_DIR": "prefire",
        "FEATURE_COUNT": 286
      },
      "geometry": {
        "type": "Polygon",
        "coordinates": [
          [
            [
              -118.39254992849729,
              36.28738646481307
            ],
            [
              -118.3925012160412,
              36.28738458380232
            ],
            [
              -118.39250449617151,
              36.28732890799607
            ],
            [
              -118.39255320859323,
              36.287330789003015
            ],
            [
              -118.39254992849729,
              36.28738646481307
            ]
          ]
        ]
      }
    },
    {
      "id": "1244",
      "type": "Feature",
      "properties": {
        "id": null,
        "SOURCE_FILE": "/Users/maples/GitHub/mortalitree_testing/labels/ajones16_mortalitree_prefire_labels.geojson",
        "SUNETID": "ajones16",
        "FIRENAME": "CASTLE",
        "FIRE_SLUG": "CASTLE",
        "PREFIRE": 1,
        "PREFIRE_STATUS": "prefire",
        "TILE_Z": 17,
        "TILE_X": 22430,
        "TILE_Y": 51340,
        "TILEXYZ": [
          17,
          22430,
          51340
        ],
        "OUTPUT_FILE": "/Users/maples/GitHub/mortalitree_testing/notebooks/single_tiles/prefire/17/22430/51340.geojson",
        "OUTPUT_STATUS_DIR": "prefire",
        "FEATURE_COUNT": 286
      },
      "geometry": {
        "type": "Polygon",
        "coordinates": [
          [
            [
              -118.39237222047717,
              36.287551078919655
            ],
            [
              -118.39230918071239,
              36.28754864456354
            ],
            [
              -118.39231205096347,
              36.287499928247655
            ],
            [
              -118.39237509068933,
              36.28750236259946
            ],
            [
              -118.39237222047717,
              36.287551078919655
            ]
          ]
        ]
      }
    },
    {
      "id": "1245",
      "type": "Feature",
      "properties": {
        "id": null,
        "SOURCE_FILE": "/Users/maples/GitHub/mortalitree_testing/labels/ajones16_mortalitree_prefire_labels.geojson",
        "SUNETID": "ajones16",
        "FIRENAME": "CASTLE",
        "FIRE_SLUG": "CASTLE",
        "PREFIRE": 1,
        "PREFIRE_STATUS": "prefire",
        "TILE_Z": 17,
        "TILE_X": 22430,
        "TILE_Y": 51340,
        "TILEXYZ": [
          17,
          22430,
          51340
        ],
        "OUTPUT_FILE": "/Users/maples/GitHub/mortalitree_testing/notebooks/single_tiles/prefire/17/22430/51340.geojson",
        "OUTPUT_STATUS_DIR": "prefire",
        "FEATURE_COUNT": 286
      },
      "geometry": {
        "type": "Polygon",
        "coordinates": [
          [
            [
              -118.39241596807064,
              36.2873934987296
            ],
            [
              -118.39235292842872,
              36.287391064405604
            ],
            [
              -118.39235675537036,
              36.2873261093119
            ],
            [
              -118.39241979496039,
              36.287328543630146
            ],
            [
              -118.39241596807064,
              36.2873934987296
            ]
          ]
        ]
      }
    },
    {
      "id": "1246",
      "type": "Feature",
      "properties": {
        "id": null,
        "SOURCE_FILE": "/Users/maples/GitHub/mortalitree_testing/labels/ajones16_mortalitree_prefire_labels.geojson",
        "SUNETID": "ajones16",
        "FIRENAME": "CASTLE",
        "FIRE_SLUG": "CASTLE",
        "PREFIRE": 1,
        "PREFIRE_STATUS": "prefire",
        "TILE_Z": 17,
        "TILE_X": 22430,
        "TILE_Y": 51340,
        "TILEXYZ": [
          17,
          22430,
          51340
        ],
        "OUTPUT_FILE": "/Users/maples/GitHub/mortalitree_testing/notebooks/single_tiles/prefire/17/22430/51340.geojson",
        "OUTPUT_STATUS_DIR": "prefire",
        "FEATURE_COUNT": 286
      },
      "geometry": {
        "type": "Polygon",
        "coordinates": [
          [
            [
              -118.39250711308095,
              36.2874307322957
            ],
            [
              -118.3924268807623,
              36.28742763411785
            ],
            [
              -118.39243029762491,
              36.28736963849282
            ],
            [
              -118.3925105298846,
              36.287372736664125
            ],
            [
              -118.39250711308095,
              36.2874307322957
            ]
          ]
        ]
      }
    },
    {
      "id": "1247",
      "type": "Feature",
      "properties": {
        "id": null,
        "SOURCE_FILE": "/Users/maples/GitHub/mortalitree_testing/labels/ajones16_mortalitree_prefire_labels.geojson",
        "SUNETID": "ajones16",
        "FIRENAME": "CASTLE",
        "FIRE_SLUG": "CASTLE",
        "PREFIRE": 1,
        "PREFIRE_STATUS": "prefire",
        "TILE_Z": 17,
        "TILE_X": 22430,
        "TILE_Y": 51340,
        "TILEXYZ": [
          17,
          22430,
          51340
        ],
        "OUTPUT_FILE": "/Users/maples/GitHub/mortalitree_testing/notebooks/single_tiles/prefire/17/22430/51340.geojson",
        "OUTPUT_STATUS_DIR": "prefire",
        "FEATURE_COUNT": 286
      },
      "geometry": {
        "type": "Polygon",
        "coordinates": [
          [
            [
              -118.39240231239148,
              36.287503413786595
            ],
            [
              -118.39235359987285,
              36.28750153271052
            ],
            [
              -118.39235688012207,
              36.28744585691693
            ],
            [
              -118.3924055926063,
              36.28744773798921
            ],
            [
              -118.39240231239148,
              36.287503413786595
            ]
          ]
        ]
      }
    },
    {
      "id": "1248",
      "type": "Feature",
      "properties": {
        "id": null,
        "SOURCE_FILE": "/Users/maples/GitHub/mortalitree_testing/labels/ajones16_mortalitree_prefire_labels.geojson",
        "SUNETID": "ajones16",
        "FIRENAME": "CASTLE",
        "FIRE_SLUG": "CASTLE",
        "PREFIRE": 1,
        "PREFIRE_STATUS": "prefire",
        "TILE_Z": 17,
        "TILE_X": 22430,
        "TILE_Y": 51340,
        "TILEXYZ": [
          17,
          22430,
          51340
        ],
        "OUTPUT_FILE": "/Users/maples/GitHub/mortalitree_testing/notebooks/single_tiles/prefire/17/22430/51340.geojson",
        "OUTPUT_STATUS_DIR": "prefire",
        "FEATURE_COUNT": 286
      },
      "geometry": {
        "type": "Polygon",
        "coordinates": [
          [
            [
              -118.39212605134522,
              36.28700098629153
            ],
            [
              -118.39205441577711,
              36.28699821986364
            ],
            [
              -118.39205933637588,
              36.286914706201216
            ],
            [
              -118.39213097186814,
              36.2869174726207
            ],
            [
              -118.39212605134522,
              36.28700098629153
            ]
          ]
        ]
      }
    },
    {
      "id": "1249",
      "type": "Feature",
      "properties": {
        "id": null,
        "SOURCE_FILE": "/Users/maples/GitHub/mortalitree_testing/labels/ajones16_mortalitree_prefire_labels.geojson",
        "SUNETID": "ajones16",
        "FIRENAME": "CASTLE",
        "FIRE_SLUG": "CASTLE",
        "PREFIRE": 1,
        "PREFIRE_STATUS": "prefire",
        "TILE_Z": 17,
        "TILE_X": 22430,
        "TILE_Y": 51340,
        "TILEXYZ": [
          17,
          22430,
          51340
        ],
        "OUTPUT_FILE": "/Users/maples/GitHub/mortalitree_testing/notebooks/single_tiles/prefire/17/22430/51340.geojson",
        "OUTPUT_STATUS_DIR": "prefire",
        "FEATURE_COUNT": 286
      },
      "geometry": {
        "type": "Polygon",
        "coordinates": [
          [
            [
              -118.39203742332366,
              36.28704290313845
            ],
            [
              -118.39197151857365,
              36.287040357974995
            ],
            [
              -118.39197698601092,
              36.28694756502815
            ],
            [
              -118.39204289068341,
              36.286950110183
            ],
            [
              -118.39203742332366,
              36.28704290313845
            ]
          ]
        ]
      }
    },
    {
      "id": "1250",
      "type": "Feature",
      "properties": {
        "id": null,
        "SOURCE_FILE": "/Users/maples/GitHub/mortalitree_testing/labels/ajones16_mortalitree_prefire_labels.geojson",
        "SUNETID": "ajones16",
        "FIRENAME": "CASTLE",
        "FIRE_SLUG": "CASTLE",
        "PREFIRE": 1,
        "PREFIRE_STATUS": "prefire",
        "TILE_Z": 17,
        "TILE_X": 22430,
        "TILE_Y": 51340,
        "TILEXYZ": [
          17,
          22430,
          51340
        ],
        "OUTPUT_FILE": "/Users/maples/GitHub/mortalitree_testing/notebooks/single_tiles/prefire/17/22430/51340.geojson",
        "OUTPUT_STATUS_DIR": "prefire",
        "FEATURE_COUNT": 286
      },
      "geometry": {
        "type": "Polygon",
        "coordinates": [
          [
            [
              -118.39192573763135,
              36.28706184097067
            ],
            [
              -118.39185983287581,
              36.28705929574453
            ],
            [
              -118.39186502707103,
              36.286971142459244
            ],
            [
              -118.39193093175294,
              36.286973687677225
            ],
            [
              -118.39192573763135,
              36.28706184097067
            ]
          ]
        ]
      }
    },
    {
      "id": "1251",
      "type": "Feature",
      "properties": {
        "id": null,
        "SOURCE_FILE": "/Users/maples/GitHub/mortalitree_testing/labels/ajones16_mortalitree_prefire_labels.geojson",
        "SUNETID": "ajones16",
        "FIRENAME": "CASTLE",
        "FIRE_SLUG": "CASTLE",
        "PREFIRE": 1,
        "PREFIRE_STATUS": "prefire",
        "TILE_Z": 17,
        "TILE_X": 22430,
        "TILE_Y": 51340,
        "TILEXYZ": [
          17,
          22430,
          51340
        ],
        "OUTPUT_FILE": "/Users/maples/GitHub/mortalitree_testing/notebooks/single_tiles/prefire/17/22430/51340.geojson",
        "OUTPUT_STATUS_DIR": "prefire",
        "FEATURE_COUNT": 286
      },
      "geometry": {
        "type": "Polygon",
        "coordinates": [
          [
            [
              -118.39322767699839,
              36.28815492299751
            ],
            [
              -118.39311878916632,
              36.288150718898876
            ],
            [
              -118.39312398215256,
              36.28806256547313
            ],
            [
              -118.39323286986293,
              36.28806676955829
            ],
            [
              -118.39322767699839,
              36.28815492299751
            ]
          ]
        ]
      }
    },
    {
      "id": "1252",
      "type": "Feature",
      "properties": {
        "id": null,
        "SOURCE_FILE": "/Users/maples/GitHub/mortalitree_testing/labels/ajones16_mortalitree_prefire_labels.geojson",
        "SUNETID": "ajones16",
        "FIRENAME": "CASTLE",
        "FIRE_SLUG": "CASTLE",
        "PREFIRE": 1,
        "PREFIRE_STATUS": "prefire",
        "TILE_Z": 17,
        "TILE_X": 22430,
        "TILE_Y": 51340,
        "TILEXYZ": [
          17,
          22430,
          51340
        ],
        "OUTPUT_FILE": "/Users/maples/GitHub/mortalitree_testing/notebooks/single_tiles/prefire/17/22430/51340.geojson",
        "OUTPUT_STATUS_DIR": "prefire",
        "FEATURE_COUNT": 286
      },
      "geometry": {
        "type": "Polygon",
        "coordinates": [
          [
            [
              -118.39211453145415,
              36.28791546922284
            ],
            [
              -118.39195406592542,
              36.2879092722158
            ],
            [
              -118.39196144722203,
              36.28778400175833
            ],
            [
              -118.3921219124959,
              36.28779019873714
            ],
            [
              -118.39211453145415,
              36.28791546922284
            ]
          ]
        ]
      }
    },
    {
      "id": "1253",
      "type": "Feature",
      "properties": {
        "id": null,
        "SOURCE_FILE": "/Users/maples/GitHub/mortalitree_testing/labels/ajones16_mortalitree_prefire_labels.geojson",
        "SUNETID": "ajones16",
        "FIRENAME": "CASTLE",
        "FIRE_SLUG": "CASTLE",
        "PREFIRE": 1,
        "PREFIRE_STATUS": "prefire",
        "TILE_Z": 17,
        "TILE_X": 22430,
        "TILE_Y": 51340,
        "TILEXYZ": [
          17,
          22430,
          51340
        ],
        "OUTPUT_FILE": "/Users/maples/GitHub/mortalitree_testing/notebooks/single_tiles/prefire/17/22430/51340.geojson",
        "OUTPUT_STATUS_DIR": "prefire",
        "FEATURE_COUNT": 286
      },
      "geometry": {
        "type": "Polygon",
        "coordinates": [
          [
            [
              -118.3923959181288,
              36.28835531698385
            ],
            [
              -118.39232714676866,
              36.28835266128422
            ],
            [
              -118.39233056382051,
              36.28829466567632
            ],
            [
              -118.3923993351301,
              36.28829732137035
            ],
            [
              -118.3923959181288,
              36.28835531698385
            ]
          ]
        ]
      }
    },
    {
      "id": "1254",
      "type": "Feature",
      "properties": {
        "id": null,
        "SOURCE_FILE": "/Users/maples/GitHub/mortalitree_testing/labels/ajones16_mortalitree_prefire_labels.geojson",
        "SUNETID": "ajones16",
        "FIRENAME": "CASTLE",
        "FIRE_SLUG": "CASTLE",
        "PREFIRE": 1,
        "PREFIRE_STATUS": "prefire",
        "TILE_Z": 17,
        "TILE_X": 22430,
        "TILE_Y": 51340,
        "TILEXYZ": [
          17,
          22430,
          51340
        ],
        "OUTPUT_FILE": "/Users/maples/GitHub/mortalitree_testing/notebooks/single_tiles/prefire/17/22430/51340.geojson",
        "OUTPUT_STATUS_DIR": "prefire",
        "FEATURE_COUNT": 286
      },
      "geometry": {
        "type": "Polygon",
        "coordinates": [
          [
            [
              -118.39179271812108,
              36.28850291723616
            ],
            [
              -118.39166377169505,
              36.2884979370992
            ],
            [
              -118.39166746266042,
              36.28843530190278
            ],
            [
              -118.39179640898405,
              36.28844028202839
            ],
            [
              -118.39179271812108,
              36.28850291723616
            ]
          ]
        ]
      }
    },
    {
      "id": "1255",
      "type": "Feature",
      "properties": {
        "id": null,
        "SOURCE_FILE": "/Users/maples/GitHub/mortalitree_testing/labels/ajones16_mortalitree_prefire_labels.geojson",
        "SUNETID": "ajones16",
        "FIRENAME": "CASTLE",
        "FIRE_SLUG": "CASTLE",
        "PREFIRE": 1,
        "PREFIRE_STATUS": "prefire",
        "TILE_Z": 17,
        "TILE_X": 22430,
        "TILE_Y": 51340,
        "TILEXYZ": [
          17,
          22430,
          51340
        ],
        "OUTPUT_FILE": "/Users/maples/GitHub/mortalitree_testing/notebooks/single_tiles/prefire/17/22430/51340.geojson",
        "OUTPUT_STATUS_DIR": "prefire",
        "FEATURE_COUNT": 286
      },
      "geometry": {
        "type": "Polygon",
        "coordinates": [
          [
            [
              -118.39169917477918,
              36.288555106887195
            ],
            [
              -118.39165332713293,
              36.28855333614965
            ],
            [
              -118.39165660800566,
              36.28849766042087
            ],
            [
              -118.39170245561955,
              36.28849943115485
            ],
            [
              -118.39169917477918,
              36.288555106887195
            ]
          ]
        ]
      }
    },
    {
      "id": "1256",
      "type": "Feature",
      "properties": {
        "id": null,
        "SOURCE_FILE": "/Users/maples/GitHub/mortalitree_testing/labels/ajones16_mortalitree_prefire_labels.geojson",
        "SUNETID": "ajones16",
        "FIRENAME": "CASTLE",
        "FIRE_SLUG": "CASTLE",
        "PREFIRE": 1,
        "PREFIRE_STATUS": "prefire",
        "TILE_Z": 17,
        "TILE_X": 22430,
        "TILE_Y": 51340,
        "TILEXYZ": [
          17,
          22430,
          51340
        ],
        "OUTPUT_FILE": "/Users/maples/GitHub/mortalitree_testing/notebooks/single_tiles/prefire/17/22430/51340.geojson",
        "OUTPUT_STATUS_DIR": "prefire",
        "FEATURE_COUNT": 286
      },
      "geometry": {
        "type": "Polygon",
        "coordinates": [
          [
            [
              -118.39232783260604,
              36.28831664868
            ],
            [
              -118.3922705231724,
              36.28831443556909
            ],
            [
              -118.39227421362811,
              36.28825180031713
            ],
            [
              -118.39233152301624,
              36.28825401342299
            ],
            [
              -118.39232783260604,
              36.28831664868
            ]
          ]
        ]
      }
    },
    {
      "id": "1257",
      "type": "Feature",
      "properties": {
        "id": null,
        "SOURCE_FILE": "/Users/maples/GitHub/mortalitree_testing/labels/ajones16_mortalitree_prefire_labels.geojson",
        "SUNETID": "ajones16",
        "FIRENAME": "CASTLE",
        "FIRE_SLUG": "CASTLE",
        "PREFIRE": 1,
        "PREFIRE_STATUS": "prefire",
        "TILE_Z": 17,
        "TILE_X": 22430,
        "TILE_Y": 51340,
        "TILEXYZ": [
          17,
          22430,
          51340
        ],
        "OUTPUT_FILE": "/Users/maples/GitHub/mortalitree_testing/notebooks/single_tiles/prefire/17/22430/51340.geojson",
        "OUTPUT_STATUS_DIR": "prefire",
        "FEATURE_COUNT": 286
      },
      "geometry": {
        "type": "Polygon",
        "coordinates": [
          [
            [
              -118.39226281764876,
              36.28827461126205
            ],
            [
              -118.39219404637234,
              36.28827195549092
            ],
            [
              -118.39219801025419,
              36.288204680597396
            ],
            [
              -118.39226678147195,
              36.28820733636203
            ],
            [
              -118.39226281764876,
              36.28827461126205
            ]
          ]
        ]
      }
    },
    {
      "id": "1258",
      "type": "Feature",
      "properties": {
        "id": null,
        "SOURCE_FILE": "/Users/maples/GitHub/mortalitree_testing/labels/ajones16_mortalitree_prefire_labels.geojson",
        "SUNETID": "ajones16",
        "FIRENAME": "CASTLE",
        "FIRE_SLUG": "CASTLE",
        "PREFIRE": 1,
        "PREFIRE_STATUS": "prefire",
        "TILE_Z": 17,
        "TILE_X": 22430,
        "TILE_Y": 51340,
        "TILEXYZ": [
          17,
          22430,
          51340
        ],
        "OUTPUT_FILE": "/Users/maples/GitHub/mortalitree_testing/notebooks/single_tiles/prefire/17/22430/51340.geojson",
        "OUTPUT_STATUS_DIR": "prefire",
        "FEATURE_COUNT": 286
      },
      "geometry": {
        "type": "Polygon",
        "coordinates": [
          [
            [
              -118.39232797656143,
              36.28824108840712
            ],
            [
              -118.39228212905822,
              36.288239317923804
            ],
            [
              -118.39228636622484,
              36.28816740337308
            ],
            [
              -118.39233221368627,
              36.28816917385178
            ],
            [
              -118.39232797656143,
              36.28824108840712
            ]
          ]
        ]
      }
    },
    {
      "id": "1259",
      "type": "Feature",
      "properties": {
        "id": null,
        "SOURCE_FILE": "/Users/maples/GitHub/mortalitree_testing/labels/ajones16_mortalitree_prefire_labels.geojson",
        "SUNETID": "ajones16",
        "FIRENAME": "CASTLE",
        "FIRE_SLUG": "CASTLE",
        "PREFIRE": 1,
        "PREFIRE_STATUS": "prefire",
        "TILE_Z": 17,
        "TILE_X": 22430,
        "TILE_Y": 51340,
        "TILEXYZ": [
          17,
          22430,
          51340
        ],
        "OUTPUT_FILE": "/Users/maples/GitHub/mortalitree_testing/notebooks/single_tiles/prefire/17/22430/51340.geojson",
        "OUTPUT_STATUS_DIR": "prefire",
        "FEATURE_COUNT": 286
      },
      "geometry": {
        "type": "Polygon",
        "coordinates": [
          [
            [
              -118.39228465525608,
              36.28822081465802
            ],
            [
              -118.3922445387034,
              36.28821926547227
            ],
            [
              -118.39224795579975,
              36.288161269869846
            ],
            [
              -118.39228807232294,
              36.288162819052324
            ],
            [
              -118.39228465525608,
              36.28822081465802
            ]
          ]
        ]
      }
    },
    {
      "id": "1260",
      "type": "Feature",
      "properties": {
        "id": null,
        "SOURCE_FILE": "/Users/maples/GitHub/mortalitree_testing/labels/ajones16_mortalitree_prefire_labels.geojson",
        "SUNETID": "ajones16",
        "FIRENAME": "CASTLE",
        "FIRE_SLUG": "CASTLE",
        "PREFIRE": 1,
        "PREFIRE_STATUS": "prefire",
        "TILE_Z": 17,
        "TILE_X": 22430,
        "TILE_Y": 51340,
        "TILEXYZ": [
          17,
          22430,
          51340
        ],
        "OUTPUT_FILE": "/Users/maples/GitHub/mortalitree_testing/notebooks/single_tiles/prefire/17/22430/51340.geojson",
        "OUTPUT_STATUS_DIR": "prefire",
        "FEATURE_COUNT": 286
      },
      "geometry": {
        "type": "Polygon",
        "coordinates": [
          [
            [
              -118.39399850702007,
              36.28706281866844
            ],
            [
              -118.3939125440447,
              36.2870595002911
            ],
            [
              -118.39391828244418,
              36.28696206743042
            ],
            [
              -118.39400424531338,
              36.286965385796
            ],
            [
              -118.39399850702007,
              36.28706281866844
            ]
          ]
        ]
      }
    },
    {
      "id": "1261",
      "type": "Feature",
      "properties": {
        "id": null,
        "SOURCE_FILE": "/Users/maples/GitHub/mortalitree_testing/labels/ajones16_mortalitree_prefire_labels.geojson",
        "SUNETID": "ajones16",
        "FIRENAME": "CASTLE",
        "FIRE_SLUG": "CASTLE",
        "PREFIRE": 1,
        "PREFIRE_STATUS": "prefire",
        "TILE_Z": 17,
        "TILE_X": 22430,
        "TILE_Y": 51340,
        "TILEXYZ": [
          17,
          22430,
          51340
        ],
        "OUTPUT_FILE": "/Users/maples/GitHub/mortalitree_testing/notebooks/single_tiles/prefire/17/22430/51340.geojson",
        "OUTPUT_STATUS_DIR": "prefire",
        "FEATURE_COUNT": 286
      },
      "geometry": {
        "type": "Polygon",
        "coordinates": [
          [
            [
              -118.39310142177916,
              36.287811745811524
            ],
            [
              -118.39302691991533,
              36.287808869278294
            ],
            [
              -118.39303074635679,
              36.28774391412736
            ],
            [
              -118.39310524815927,
              36.287746790653806
            ],
            [
              -118.39310142177916,
              36.287811745811524
            ]
          ]
        ]
      }
    },
    {
      "id": "1262",
      "type": "Feature",
      "properties": {
        "id": null,
        "SOURCE_FILE": "/Users/maples/GitHub/mortalitree_testing/labels/ajones16_mortalitree_prefire_labels.geojson",
        "SUNETID": "ajones16",
        "FIRENAME": "CASTLE",
        "FIRE_SLUG": "CASTLE",
        "PREFIRE": 1,
        "PREFIRE_STATUS": "prefire",
        "TILE_Z": 17,
        "TILE_X": 22430,
        "TILE_Y": 51340,
        "TILEXYZ": [
          17,
          22430,
          51340
        ],
        "OUTPUT_FILE": "/Users/maples/GitHub/mortalitree_testing/notebooks/single_tiles/prefire/17/22430/51340.geojson",
        "OUTPUT_STATUS_DIR": "prefire",
        "FEATURE_COUNT": 286
      },
      "geometry": {
        "type": "Polygon",
        "coordinates": [
          [
            [
              -118.39353369189155,
              36.28788423742502
            ],
            [
              -118.39349357544046,
              36.28788268867063
            ],
            [
              -118.39349603505508,
              36.28784093176103
            ],
            [
              -118.39353615148494,
              36.287842480513085
            ],
            [
              -118.39353369189155,
              36.28788423742502
            ]
          ]
        ]
      }
    },
    {
      "id": "1263",
      "type": "Feature",
      "properties": {
        "id": null,
        "SOURCE_FILE": "/Users/maples/GitHub/mortalitree_testing/labels/ajones16_mortalitree_prefire_labels.geojson",
        "SUNETID": "ajones16",
        "FIRENAME": "CASTLE",
        "FIRE_SLUG": "CASTLE",
        "PREFIRE": 1,
        "PREFIRE_STATUS": "prefire",
        "TILE_Z": 17,
        "TILE_X": 22430,
        "TILE_Y": 51340,
        "TILEXYZ": [
          17,
          22430,
          51340
        ],
        "OUTPUT_FILE": "/Users/maples/GitHub/mortalitree_testing/notebooks/single_tiles/prefire/17/22430/51340.geojson",
        "OUTPUT_STATUS_DIR": "prefire",
        "FEATURE_COUNT": 286
      },
      "geometry": {
        "type": "Polygon",
        "coordinates": [
          [
            [
              -118.39320143090991,
              36.287917911663655
            ],
            [
              -118.39314985261824,
              36.28791592026064
            ],
            [
              -118.39315340566213,
              36.287855604754014
            ],
            [
              -118.39320498391437,
              36.28785759615266
            ],
            [
              -118.39320143090991,
              36.287917911663655
            ]
          ]
        ]
      }
    },
    {
      "id": "1264",
      "type": "Feature",
      "properties": {
        "id": null,
        "SOURCE_FILE": "/Users/maples/GitHub/mortalitree_testing/labels/ajones16_mortalitree_prefire_labels.geojson",
        "SUNETID": "ajones16",
        "FIRENAME": "CASTLE",
        "FIRE_SLUG": "CASTLE",
        "PREFIRE": 1,
        "PREFIRE_STATUS": "prefire",
        "TILE_Z": 17,
        "TILE_X": 22430,
        "TILE_Y": 51340,
        "TILEXYZ": [
          17,
          22430,
          51340
        ],
        "OUTPUT_FILE": "/Users/maples/GitHub/mortalitree_testing/notebooks/single_tiles/prefire/17/22430/51340.geojson",
        "OUTPUT_STATUS_DIR": "prefire",
        "FEATURE_COUNT": 286
      },
      "geometry": {
        "type": "Polygon",
        "coordinates": [
          [
            [
              -118.39343749192521,
              36.28790842470559
            ],
            [
              -118.39330568071748,
              36.28790333578187
            ],
            [
              -118.39331223995043,
              36.28779198405191
            ],
            [
              -118.39344405097212,
              36.28779707295501
            ],
            [
              -118.39343749192521,
              36.28790842470559
            ]
          ]
        ]
      }
    },
    {
      "id": "1265",
      "type": "Feature",
      "properties": {
        "id": null,
        "SOURCE_FILE": "/Users/maples/GitHub/mortalitree_testing/labels/ajones16_mortalitree_prefire_labels.geojson",
        "SUNETID": "ajones16",
        "FIRENAME": "CASTLE",
        "FIRE_SLUG": "CASTLE",
        "PREFIRE": 1,
        "PREFIRE_STATUS": "prefire",
        "TILE_Z": 17,
        "TILE_X": 22430,
        "TILE_Y": 51340,
        "TILEXYZ": [
          17,
          22430,
          51340
        ],
        "OUTPUT_FILE": "/Users/maples/GitHub/mortalitree_testing/notebooks/single_tiles/prefire/17/22430/51340.geojson",
        "OUTPUT_STATUS_DIR": "prefire",
        "FEATURE_COUNT": 286
      },
      "geometry": {
        "type": "Polygon",
        "coordinates": [
          [
            [
              -118.39365615919182,
              36.28785292626092
            ],
            [
              -118.39358165723056,
              36.28785005007052
            ],
            [
              -118.39358425343765,
              36.28780597332688
            ],
            [
              -118.39365875535728,
              36.287808849512686
            ],
            [
              -118.39365615919182,
              36.28785292626092
            ]
          ]
        ]
      }
    },
    {
      "id": "1266",
      "type": "Feature",
      "properties": {
        "id": null,
        "SOURCE_FILE": "/Users/maples/GitHub/mortalitree_testing/labels/ajones16_mortalitree_prefire_labels.geojson",
        "SUNETID": "ajones16",
        "FIRENAME": "CASTLE",
        "FIRE_SLUG": "CASTLE",
        "PREFIRE": 1,
        "PREFIRE_STATUS": "prefire",
        "TILE_Z": 17,
        "TILE_X": 22430,
        "TILE_Y": 51340,
        "TILEXYZ": [
          17,
          22430,
          51340
        ],
        "OUTPUT_FILE": "/Users/maples/GitHub/mortalitree_testing/notebooks/single_tiles/prefire/17/22430/51340.geojson",
        "OUTPUT_STATUS_DIR": "prefire",
        "FEATURE_COUNT": 286
      },
      "geometry": {
        "type": "Polygon",
        "coordinates": [
          [
            [
              -118.3936649645144,
              36.287800951354725
            ],
            [
              -118.39360765534981,
              36.287798738911604
            ],
            [
              -118.3936103881787,
              36.28775234233726
            ],
            [
              -118.3936676973096,
              36.28775455477664
            ],
            [
              -118.3936649645144,
              36.287800951354725
            ]
          ]
        ]
      }
    },
    {
      "id": "1267",
      "type": "Feature",
      "properties": {
        "id": null,
        "SOURCE_FILE": "/Users/maples/GitHub/mortalitree_testing/labels/ajones16_mortalitree_prefire_labels.geojson",
        "SUNETID": "ajones16",
        "FIRENAME": "CASTLE",
        "FIRE_SLUG": "CASTLE",
        "PREFIRE": 1,
        "PREFIRE_STATUS": "prefire",
        "TILE_Z": 17,
        "TILE_X": 22430,
        "TILE_Y": 51340,
        "TILEXYZ": [
          17,
          22430,
          51340
        ],
        "OUTPUT_FILE": "/Users/maples/GitHub/mortalitree_testing/notebooks/single_tiles/prefire/17/22430/51340.geojson",
        "OUTPUT_STATUS_DIR": "prefire",
        "FEATURE_COUNT": 286
      },
      "geometry": {
        "type": "Polygon",
        "coordinates": [
          [
            [
              -118.39365562060303,
              36.2877645515209
            ],
            [
              -118.39358111872586,
              36.28776167533618
            ],
            [
              -118.39358508134313,
              36.28769440030529
            ],
            [
              -118.39365958315679,
              36.287697276482994
            ],
            [
              -118.39365562060303,
              36.2877645515209
            ]
          ]
        ]
      }
    },
    {
      "id": "1268",
      "type": "Feature",
      "properties": {
        "id": null,
        "SOURCE_FILE": "/Users/maples/GitHub/mortalitree_testing/labels/ajones16_mortalitree_prefire_labels.geojson",
        "SUNETID": "ajones16",
        "FIRENAME": "CASTLE",
        "FIRE_SLUG": "CASTLE",
        "PREFIRE": 1,
        "PREFIRE_STATUS": "prefire",
        "TILE_Z": 17,
        "TILE_X": 22430,
        "TILE_Y": 51340,
        "TILEXYZ": [
          17,
          22430,
          51340
        ],
        "OUTPUT_FILE": "/Users/maples/GitHub/mortalitree_testing/notebooks/single_tiles/prefire/17/22430/51340.geojson",
        "OUTPUT_STATUS_DIR": "prefire",
        "FEATURE_COUNT": 286
      },
      "geometry": {
        "type": "Polygon",
        "coordinates": [
          [
            [
              -118.39317699327188,
              36.28806461221114
            ],
            [
              -118.39311968395391,
              36.28806239952036
            ],
            [
              -118.39312214378388,
              36.28802064263407
            ],
            [
              -118.39317945307153,
              36.28802285532147
            ],
            [
              -118.39317699327188,
              36.28806461221114
            ]
          ]
        ]
      }
    },
    {
      "id": "1269",
      "type": "Feature",
      "properties": {
        "id": null,
        "SOURCE_FILE": "/Users/maples/GitHub/mortalitree_testing/labels/ajones16_mortalitree_prefire_labels.geojson",
        "SUNETID": "ajones16",
        "FIRENAME": "CASTLE",
        "FIRE_SLUG": "CASTLE",
        "PREFIRE": 1,
        "PREFIRE_STATUS": "prefire",
        "TILE_Z": 17,
        "TILE_X": 22430,
        "TILE_Y": 51340,
        "TILEXYZ": [
          17,
          22430,
          51340
        ],
        "OUTPUT_FILE": "/Users/maples/GitHub/mortalitree_testing/notebooks/single_tiles/prefire/17/22430/51340.geojson",
        "OUTPUT_STATUS_DIR": "prefire",
        "FEATURE_COUNT": 286
      },
      "geometry": {
        "type": "Polygon",
        "coordinates": [
          [
            [
              -118.39317917976071,
              36.28802749497589
            ],
            [
              -118.39314479418535,
              36.2880261673665
            ],
            [
              -118.39314807393535,
              36.28797049151569
            ],
            [
              -118.39318245948644,
              36.28797181912239
            ],
            [
              -118.39317917976071,
              36.28802749497589
            ]
          ]
        ]
      }
    },
    {
      "id": "1270",
      "type": "Feature",
      "properties": {
        "id": null,
        "SOURCE_FILE": "/Users/maples/GitHub/mortalitree_testing/labels/ajones16_mortalitree_prefire_labels.geojson",
        "SUNETID": "ajones16",
        "FIRENAME": "CASTLE",
        "FIRE_SLUG": "CASTLE",
        "PREFIRE": 1,
        "PREFIRE_STATUS": "prefire",
        "TILE_Z": 17,
        "TILE_X": 22430,
        "TILE_Y": 51340,
        "TILEXYZ": [
          17,
          22430,
          51340
        ],
        "OUTPUT_FILE": "/Users/maples/GitHub/mortalitree_testing/notebooks/single_tiles/prefire/17/22430/51340.geojson",
        "OUTPUT_STATUS_DIR": "prefire",
        "FEATURE_COUNT": 286
      },
      "geometry": {
        "type": "Polygon",
        "coordinates": [
          [
            [
              -118.39310713751819,
              36.28798286159077
            ],
            [
              -118.39305555919063,
              36.287980870144025
            ],
            [
              -118.39305829236454,
              36.28793447360723
            ],
            [
              -118.3931098706618,
              36.287936465050606
            ],
            [
              -118.39310713751819,
              36.28798286159077
            ]
          ]
        ]
      }
    },
    {
      "id": "1271",
      "type": "Feature",
      "properties": {
        "id": null,
        "SOURCE_FILE": "/Users/maples/GitHub/mortalitree_testing/labels/ajones16_mortalitree_prefire_labels.geojson",
        "SUNETID": "ajones16",
        "FIRENAME": "CASTLE",
        "FIRE_SLUG": "CASTLE",
        "PREFIRE": 1,
        "PREFIRE_STATUS": "prefire",
        "TILE_Z": 17,
        "TILE_X": 22430,
        "TILE_Y": 51340,
        "TILEXYZ": [
          17,
          22430,
          51340
        ],
        "OUTPUT_FILE": "/Users/maples/GitHub/mortalitree_testing/notebooks/single_tiles/prefire/17/22430/51340.geojson",
        "OUTPUT_STATUS_DIR": "prefire",
        "FEATURE_COUNT": 286
      },
      "geometry": {
        "type": "Polygon",
        "coordinates": [
          [
            [
              -118.39310440002055,
              36.28807808513208
            ],
            [
              -118.39305855256247,
              36.28807631495327
            ],
            [
              -118.39306073910832,
              36.2880391977243
            ],
            [
              -118.39310658654482,
              36.288040967900734
            ],
            [
              -118.39310440002055,
              36.28807808513208
            ]
          ]
        ]
      }
    },
    {
      "id": "1272",
      "type": "Feature",
      "properties": {
        "id": null,
        "SOURCE_FILE": "/Users/maples/GitHub/mortalitree_testing/labels/ajones16_mortalitree_prefire_labels.geojson",
        "SUNETID": "ajones16",
        "FIRENAME": "CASTLE",
        "FIRE_SLUG": "CASTLE",
        "PREFIRE": 1,
        "PREFIRE_STATUS": "prefire",
        "TILE_Z": 17,
        "TILE_X": 22430,
        "TILE_Y": 51340,
        "TILEXYZ": [
          17,
          22430,
          51340
        ],
        "OUTPUT_FILE": "/Users/maples/GitHub/mortalitree_testing/notebooks/single_tiles/prefire/17/22430/51340.geojson",
        "OUTPUT_STATUS_DIR": "prefire",
        "FEATURE_COUNT": 286
      },
      "geometry": {
        "type": "Polygon",
        "coordinates": [
          [
            [
              -118.39309198590432,
              36.288045054376326
            ],
            [
              -118.39304040753694,
              36.28804306292013
            ],
            [
              -118.39304368736309,
              36.28798738707766
            ],
            [
              -118.39309526569411,
              36.28798937852983
            ],
            [
              -118.39309198590432,
              36.288045054376326
            ]
          ]
        ]
      }
    },
    {
      "id": "1273",
      "type": "Feature",
      "properties": {
        "id": null,
        "SOURCE_FILE": "/Users/maples/GitHub/mortalitree_testing/labels/ajones16_mortalitree_prefire_labels.geojson",
        "SUNETID": "ajones16",
        "FIRENAME": "CASTLE",
        "FIRE_SLUG": "CASTLE",
        "PREFIRE": 1,
        "PREFIRE_STATUS": "prefire",
        "TILE_Z": 17,
        "TILE_X": 22430,
        "TILE_Y": 51340,
        "TILEXYZ": [
          17,
          22430,
          51340
        ],
        "OUTPUT_FILE": "/Users/maples/GitHub/mortalitree_testing/notebooks/single_tiles/prefire/17/22430/51340.geojson",
        "OUTPUT_STATUS_DIR": "prefire",
        "FEATURE_COUNT": 286
      },
      "geometry": {
        "type": "Polygon",
        "coordinates": [
          [
            [
              -118.39315735360175,
              36.28795922428248
            ],
            [
              -118.39309431343887,
              36.28795679031684
            ],
            [
              -118.3930975932164,
              36.28790111446933
            ],
            [
              -118.39316063333482,
              36.287903548430045
            ],
            [
              -118.39315735360175,
              36.28795922428248
            ]
          ]
        ]
      }
    },
    {
      "id": "1274",
      "type": "Feature",
      "properties": {
        "id": null,
        "SOURCE_FILE": "/Users/maples/GitHub/mortalitree_testing/labels/ajones16_mortalitree_prefire_labels.geojson",
        "SUNETID": "ajones16",
        "FIRENAME": "CASTLE",
        "FIRE_SLUG": "CASTLE",
        "PREFIRE": 1,
        "PREFIRE_STATUS": "prefire",
        "TILE_Z": 17,
        "TILE_X": 22430,
        "TILE_Y": 51340,
        "TILEXYZ": [
          17,
          22430,
          51340
        ],
        "OUTPUT_FILE": "/Users/maples/GitHub/mortalitree_testing/notebooks/single_tiles/prefire/17/22430/51340.geojson",
        "OUTPUT_STATUS_DIR": "prefire",
        "FEATURE_COUNT": 286
      },
      "geometry": {
        "type": "Polygon",
        "coordinates": [
          [
            [
              -118.39303222112238,
              36.28803577152842
            ],
            [
              -118.39297491183721,
              36.288033558769776
            ],
            [
              -118.39297819170875,
              36.287977882932374
            ],
            [
              -118.3930355009535,
              36.287980095686535
            ],
            [
              -118.39303222112238,
              36.28803577152842
            ]
          ]
        ]
      }
    },
    {
      "id": "1275",
      "type": "Feature",
      "properties": {
        "id": null,
        "SOURCE_FILE": "/Users/maples/GitHub/mortalitree_testing/labels/ajones16_mortalitree_prefire_labels.geojson",
        "SUNETID": "ajones16",
        "FIRENAME": "CASTLE",
        "FIRE_SLUG": "CASTLE",
        "PREFIRE": 1,
        "PREFIRE_STATUS": "prefire",
        "TILE_Z": 17,
        "TILE_X": 22430,
        "TILE_Y": 51340,
        "TILEXYZ": [
          17,
          22430,
          51340
        ],
        "OUTPUT_FILE": "/Users/maples/GitHub/mortalitree_testing/notebooks/single_tiles/prefire/17/22430/51340.geojson",
        "OUTPUT_STATUS_DIR": "prefire",
        "FEATURE_COUNT": 286
      },
      "geometry": {
        "type": "Polygon",
        "coordinates": [
          [
            [
              -118.39218503058376,
              36.2876938193693
            ],
            [
              -118.39214491430644,
              36.28769227016939
            ],
            [
              -118.39214805804274,
              36.28763891421798
            ],
            [
              -118.39218817429294,
              36.28764046341488
            ],
            [
              -118.39218503058376,
              36.2876938193693
            ]
          ]
        ]
      }
    },
    {
      "id": "1276",
      "type": "Feature",
      "properties": {
        "id": null,
        "SOURCE_FILE": "/Users/maples/GitHub/mortalitree_testing/labels/ajones16_mortalitree_prefire_labels.geojson",
        "SUNETID": "ajones16",
        "FIRENAME": "CASTLE",
        "FIRE_SLUG": "CASTLE",
        "PREFIRE": 1,
        "PREFIRE_STATUS": "prefire",
        "TILE_Z": 17,
        "TILE_X": 22430,
        "TILE_Y": 51340,
        "TILEXYZ": [
          17,
          22430,
          51340
        ],
        "OUTPUT_FILE": "/Users/maples/GitHub/mortalitree_testing/notebooks/single_tiles/prefire/17/22430/51340.geojson",
        "OUTPUT_STATUS_DIR": "prefire",
        "FEATURE_COUNT": 286
      },
      "geometry": {
        "type": "Polygon",
        "coordinates": [
          [
            [
              -118.39222378978836,
              36.28762091286912
            ],
            [
              -118.39216648087191,
              36.2876186997447
            ],
            [
              -118.39216839443743,
              36.28758622220774
            ],
            [
              -118.39222570333031,
              36.28758843532957
            ],
            [
              -118.39222378978836,
              36.28762091286912
            ]
          ]
        ]
      }
    },
    {
      "id": "1277",
      "type": "Feature",
      "properties": {
        "id": null,
        "SOURCE_FILE": "/Users/maples/GitHub/mortalitree_testing/labels/ajones16_mortalitree_prefire_labels.geojson",
        "SUNETID": "ajones16",
        "FIRENAME": "CASTLE",
        "FIRE_SLUG": "CASTLE",
        "PREFIRE": 1,
        "PREFIRE_STATUS": "prefire",
        "TILE_Z": 17,
        "TILE_X": 22430,
        "TILE_Y": 51340,
        "TILEXYZ": [
          17,
          22430,
          51340
        ],
        "OUTPUT_FILE": "/Users/maples/GitHub/mortalitree_testing/notebooks/single_tiles/prefire/17/22430/51340.geojson",
        "OUTPUT_STATUS_DIR": "prefire",
        "FEATURE_COUNT": 286
      },
      "geometry": {
        "type": "Polygon",
        "coordinates": [
          [
            [
              -118.39233865937491,
              36.28784042074814
            ],
            [
              -118.39227561938036,
              36.28783798635771
            ],
            [
              -118.39227862636353,
              36.28778695022211
            ],
            [
              -118.39234166631728,
              36.287789384608026
            ],
            [
              -118.39233865937491,
              36.28784042074814
            ]
          ]
        ]
      }
    },
    {
      "id": "1278",
      "type": "Feature",
      "properties": {
        "id": null,
        "SOURCE_FILE": "/Users/maples/GitHub/mortalitree_testing/labels/ajones16_mortalitree_prefire_labels.geojson",
        "SUNETID": "ajones16",
        "FIRENAME": "CASTLE",
        "FIRE_SLUG": "CASTLE",
        "PREFIRE": 1,
        "PREFIRE_STATUS": "prefire",
        "TILE_Z": 17,
        "TILE_X": 22430,
        "TILE_Y": 51340,
        "TILEXYZ": [
          17,
          22430,
          51340
        ],
        "OUTPUT_FILE": "/Users/maples/GitHub/mortalitree_testing/notebooks/single_tiles/prefire/17/22430/51340.geojson",
        "OUTPUT_STATUS_DIR": "prefire",
        "FEATURE_COUNT": 286
      },
      "geometry": {
        "type": "Polygon",
        "coordinates": [
          [
            [
              -118.39211818081898,
              36.28758544561568
            ],
            [
              -118.3920694682689,
              36.28758356442022
            ],
            [
              -118.39207233867265,
              36.287534848121076
            ],
            [
              -118.39212105119266,
              36.28753672931322
            ],
            [
              -118.39211818081898,
              36.28758544561568
            ]
          ]
        ]
      }
    }
  ],
  "properties": {
    "SOURCE_FILE": "/Users/maples/GitHub/mortalitree_testing/labels/ajones16_mortalitree_prefire_labels.geojson",
    "SUNETID": "ajones16",
    "FIRENAME": "CASTLE",
    "FIRE_SLUG": "CASTLE",
    "PREFIRE": 1,
    "PREFIRE_STATUS": "prefire",
    "TILE_Z": 17,
    "TILE_X": 22430,
    "TILE_Y": 51340,
    "TILEXYZ": [
      17,
      22430,
      51340
    ],
    "OUTPUT_FILE": "/Users/maples/GitHub/mortalitree_testing/notebooks/single_tiles/prefire/17/22430/51340.geojson",
    "OUTPUT_STATUS_DIR": "prefire",
    "FEATURE_COUNT": 286
  }
}