site,imgname,xmin,ymin,xmax,ymax,score,ndvi,lat,lon,acquisition_yyyymm,patch_left_utm,patch_top_utm,source_geo_index
CZU_AUG_LIGHTNING,17_20998_50948,167.88,168.55,190.69,191.46,1.0,,37.150466,-122.325897,2022,559738.2,4111897.5,20998_50948
CZU_AUG_LIGHTNING,17_20998_50948,16.49,221.62,26.99,232.61,1.0,,37.150466,-122.325897,2022,559738.2,4111897.5,20998_50948
CZU_AUG_LIGHTNING,17_20998_50948,8.06,232.7,14.91,240.03,1.0,,37.150466,-122.325897,2022,559738.2,4111897.5,20998_50948
CZU_AUG_LIGHTNING,17_20998_50948,14.14,236.84,25.98,245.57,1.0,,37.150466,-122.325897,2022,559738.2,4111897.5,20998_50948
CZU_AUG_LIGHTNING,17_20998_50948,15.68,246.18,20.25,251.21,1.0,,37.150466,-122.325897,2022,559738.2,4111897.5,20998_50948
CZU_AUG_LIGHTNING,17_20998_50948,10.01,246.59,16.39,253.01,1.0,,37.150466,-122.325897,2022,559738.2,4111897.5,20998_50948
CZU_AUG_LIGHTNING,17_20998_50948,0.53,237.88,6.94,247.48,1.0,,37.150466,-122.325897,2022,559738.2,4111897.5,20998_50948
CZU_AUG_LIGHTNING,17_20998_50948,113.73,23.48,122.85,31.73,1.0,,37.150466,-122.325897,2022,559738.2,4111897.5,20998_50948
CZU_AUG_LIGHTNING,17_20998_50948,124.89,19.01,131.72,23.15,1.0,,37.150466,-122.325897,2022,559738.2,4111897.5,20998_50948
CZU_AUG_LIGHTNING,17_20998_50948,10.33,7.5,19.89,15.3,1.0,,37.150466,-122.325897,2022,559738.2,4111897.5,20998_50948
CZU_AUG_LIGHTNING,17_20998_50948,21.62,12.13,28.47,19.46,1.0,,37.150466,-122.325897,2022,559738.2,4111897.5,20998_50948
CZU_AUG_LIGHTNING,17_20998_50948,7.23,30.0,15.43,36.88,1.0,,37.150466,-122.325897,2022,559738.2,4111897.5,20998_50948
CZU_AUG_LIGHTNING,17_21008_50917,101.94,16.98,128.37,36.29,1.0,,37.2183,-122.298431,2022,562121.6,4119440.4,21008_50917
CZU_AUG_LIGHTNING,17_21008_50917,125.9,24.44,146.89,44.62,1.0,,37.2183,-122.298431,2022,562121.6,4119440.4,21008_50917
CZU_AUG_LIGHTNING,17_21008_50917,147.74,17.32,164.17,32.01,1.0,,37.2183,-122.298431,2022,562121.6,4119440.4,21008_50917
CZU_AUG_LIGHTNING,17_21008_50917,152.16,33.74,167.67,47.51,1.0,,37.2183,-122.298431,2022,562121.6,4119440.4,21008_50917
CZU_AUG_LIGHTNING,17_21008_50917,84.45,0.47,99.94,11.51,1.0,,37.2183,-122.298431,2022,562121.6,4119440.4,21008_50917
CZU_AUG_LIGHTNING,17_21008_50917,177.22,18.0,193.62,29.04,1.0,,37.2183,-122.298431,2022,562121.6,4119440.4,21008_50917
CZU_AUG_LIGHTNING,17_21008_50917,183.22,1.2,205.07,15.02,1.0,,37.2183,-122.298431,2022,562121.6,4119440.4,21008_50917
CZU_AUG_LIGHTNING,17_21008_50917,133.39,51.35,159.84,73.39,1.0,,37.2183,-122.298431,2022,562121.6,4119440.4,21008_50917
CZU_AUG_LIGHTNING,17_21008_50917,153.25,66.97,166.07,84.36,1.0,,37.2183,-122.298431,2022,562121.6,4119440.4,21008_50917
CZU_AUG_LIGHTNING,17_21008_50917,105.35,54.33,121.75,66.28,1.0,,37.2183,-122.298431,2022,562121.6,4119440.4,21008_50917
CZU_AUG_LIGHTNING,17_21008_50917,86.41,44.18,107.32,53.43,1.0,,37.2183,-122.298431,2022,562121.6,4119440.4,21008_50917
CZU_AUG_LIGHTNING,17_21008_50917,91.0,28.28,108.34,44.79,1.0,,37.2183,-122.298431,2022,562121.6,4119440.4,21008_50917
CZU_AUG_LIGHTNING,17_21008_50917,131.54,2.64,150.68,17.34,1.0,,37.2183,-122.298431,2022,562121.6,4119440.4,21008_50917
CZU_AUG_LIGHTNING,17_21008_50917,106.74,40.23,125.02,61.3,1.0,,37.2183,-122.298431,2022,562121.6,4119440.4,21008_50917
CZU_AUG_LIGHTNING,17_21008_50917,135.14,74.58,146.07,81.94,1.0,,37.2183,-122.298431,2022,562121.6,4119440.4,21008_50917
CZU_AUG_LIGHTNING,17_21008_50917,126.08,67.23,140.69,80.99,1.0,,37.2183,-122.298431,2022,562121.6,4119440.4,21008_50917
CZU_AUG_LIGHTNING,17_21008_50917,140.95,80.99,159.16,92.96,1.0,,37.2183,-122.298431,2022,562121.6,4119440.4,21008_50917
CZU_AUG_LIGHTNING,17_21008_50917,94.78,74.73,112.99,84.88,1.0,,37.2183,-122.298431,2022,562121.6,4119440.4,21008_50917
CZU_AUG_LIGHTNING,17_21008_50917,91.23,65.6,103.99,74.8,1.0,,37.2183,-122.298431,2022,562121.6,4119440.4,21008_50917
CZU_AUG_LIGHTNING,17_21008_50917,97.63,53.82,107.7,67.54,1.0,,37.2183,-122.298431,2022,562121.6,4119440.4,21008_50917
CZU_AUG_LIGHTNING,17_21008_50917,88.81,81.97,100.7,95.71,1.0,,37.2183,-122.298431,2022,562121.6,4119440.4,21008_50917
CZU_AUG_LIGHTNING,17_21008_50917,94.22,86.11,114.26,99.91,1.0,,37.2183,-122.298431,2022,562121.6,4119440.4,21008_50917
CZU_AUG_LIGHTNING,17_21008_50917,98.2,94.78,115.56,113.11,1.0,,37.2183,-122.298431,2022,562121.6,4119440.4,21008_50917
CZU_AUG_LIGHTNING,17_21008_50917,84.61,96.96,99.23,112.54,1.0,,37.2183,-122.298431,2022,562121.6,4119440.4,21008_50917
CZU_AUG_LIGHTNING,17_21008_50917,91.78,111.57,102.74,123.49,1.0,,37.2183,-122.298431,2022,562121.6,4119440.4,21008_50917
CZU_AUG_LIGHTNING,17_21008_50917,102.65,115.75,112.68,124.93,1.0,,37.2183,-122.298431,2022,562121.6,4119440.4,21008_50917
CZU_AUG_LIGHTNING,17_21008_50917,119.95,103.14,135.44,114.17,1.0,,37.2183,-122.298431,2022,562121.6,4119440.4,21008_50917
CZU_AUG_LIGHTNING,17_21008_50917,77.13,75.51,86.24,81.95,1.0,,37.2183,-122.298431,2022,562121.6,4119440.4,21008_50917
CZU_AUG_LIGHTNING,17_21008_50917,78.82,87.36,86.15,98.33,1.0,,37.2183,-122.298431,2022,562121.6,4119440.4,21008_50917
CZU_AUG_LIGHTNING,17_21008_50917,119.15,86.29,139.18,99.18,1.0,,37.2183,-122.298431,2022,562121.6,4119440.4,21008_50917
CZU_AUG_LIGHTNING,17_21008_50917,107.89,67.55,122.56,89.5,1.0,,37.2183,-122.298431,2022,562121.6,4119440.4,21008_50917
CZU_AUG_LIGHTNING,17_21008_50917,111.13,8.86,122.08,18.95,1.0,,37.2183,-122.298431,2022,562121.6,4119440.4,21008_50917
CZU_AUG_LIGHTNING,17_21008_50917,135.4,95.97,149.08,107.9,1.0,,37.2183,-122.298431,2022,562121.6,4119440.4,21008_50917
CZU_AUG_LIGHTNING,17_21008_50917,151.75,92.9,157.26,102.96,1.0,,37.2183,-122.298431,2022,562121.6,4119440.4,21008_50917
CZU_AUG_LIGHTNING,17_21008_50917,149.37,108.36,162.14,118.47,1.0,,37.2183,-122.298431,2022,562121.6,4119440.4,21008_50917
CZU_AUG_LIGHTNING,17_21008_50917,161.22,99.35,174.89,110.37,1.0,,37.2183,-122.298431,2022,562121.6,4119440.4,21008_50917
CZU_AUG_LIGHTNING,17_21008_50917,175.25,100.36,196.18,112.35,1.0,,37.2183,-122.298431,2022,562121.6,4119440.4,21008_50917
CZU_AUG_LIGHTNING,17_21008_50917,176.52,111.29,191.12,125.06,1.0,,37.2183,-122.298431,2022,562121.6,4119440.4,21008_50917
CZU_AUG_LIGHTNING,17_21008_50917,114.83,119.48,130.33,131.43,1.0,,37.2183,-122.298431,2022,562121.6,4119440.4,21008_50917
CZU_AUG_LIGHTNING,17_21008_50917,133.4,120.08,150.72,133.86,1.0,,37.2183,-122.298431,2022,562121.6,4119440.4,21008_50917
CZU_AUG_LIGHTNING,17_21008_50917,149.28,117.92,167.5,130.8,1.0,,37.2183,-122.298431,2022,562121.6,4119440.4,21008_50917
CZU_AUG_LIGHTNING,17_21008_50917,184.15,121.36,200.56,134.23,1.0,,37.2183,-122.298431,2022,562121.6,4119440.4,21008_50917
CZU_AUG_LIGHTNING,17_21008_50917,95.75,126.62,113.96,138.59,1.0,,37.2183,-122.298431,2022,562121.6,4119440.4,21008_50917
CZU_AUG_LIGHTNING,17_21008_50917,80.68,140.62,94.37,153.46,1.0,,37.2183,-122.298431,2022,562121.6,4119440.4,21008_50917
CZU_AUG_LIGHTNING,17_21008_50917,62.94,155.05,71.15,163.3,1.0,,37.2183,-122.298431,2022,562121.6,4119440.4,21008_50917
CZU_AUG_LIGHTNING,17_21008_50917,71.27,160.8,78.59,169.5,1.0,,37.2183,-122.298431,2022,562121.6,4119440.4,21008_50917
CZU_AUG_LIGHTNING,17_21008_50917,92.62,152.09,107.2,163.12,1.0,,37.2183,-122.298431,2022,562121.6,4119440.4,21008_50917
CZU_AUG_LIGHTNING,17_21008_50917,99.5,142.81,110.44,152.45,1.0,,37.2183,-122.298431,2022,562121.6,4119440.4,21008_50917
CZU_AUG_LIGHTNING,17_21008_50917,123.48,142.3,143.98,157.02,1.0,,37.2183,-122.298431,2022,562121.6,4119440.4,21008_50917
CZU_AUG_LIGHTNING,17_21008_50917,99.52,163.29,117.77,179.81,1.0,,37.2183,-122.298431,2022,562121.6,4119440.4,21008_50917
CZU_AUG_LIGHTNING,17_21008_50917,85.49,163.87,102.81,177.19,1.0,,37.2183,-122.298431,2022,562121.6,4119440.4,21008_50917
CZU_AUG_LIGHTNING,17_21008_50917,115.7,156.35,129.38,167.38,1.0,,37.2183,-122.298431,2022,562121.6,4119440.4,21008_50917
CZU_AUG_LIGHTNING,17_21008_50917,119.23,169.12,135.63,181.08,1.0,,37.2183,-122.298431,2022,562121.6,4119440.4,21008_50917
CZU_AUG_LIGHTNING,17_21008_50917,137.82,171.99,150.56,179.82,1.0,,37.2183,-122.298431,2022,562121.6,4119440.4,21008_50917
CZU_AUG_LIGHTNING,17_21008_50917,137.2,159.25,151.34,171.18,1.0,,37.2183,-122.298431,2022,562121.6,4119440.4,21008_50917
CZU_AUG_LIGHTNING,17_21008_50917,148.02,167.75,160.34,179.21,1.0,,37.2183,-122.298431,2022,562121.6,4119440.4,21008_50917
CZU_AUG_LIGHTNING,17_21008_50917,160.76,162.38,177.14,172.51,1.0,,37.2183,-122.298431,2022,562121.6,4119440.4,21008_50917
CZU_AUG_LIGHTNING,17_21008_50917,151.59,173.23,167.55,186.55,1.0,,37.2183,-122.298431,2022,562121.6,4119440.4,21008_50917
CZU_AUG_LIGHTNING,17_21008_50917,166.06,178.12,179.75,190.96,1.0,,37.2183,-122.298431,2022,562121.6,4119440.4,21008_50917
CZU_AUG_LIGHTNING,17_21008_50917,176.27,175.92,189.05,188.76,1.0,,37.2183,-122.298431,2022,562121.6,4119440.4,21008_50917
CZU_AUG_LIGHTNING,17_21008_50917,184.89,137.3,206.79,157.03,1.0,,37.2183,-122.298431,2022,562121.6,4119440.4,21008_50917
CZU_AUG_LIGHTNING,17_21008_50917,160.66,145.77,177.95,155.45,1.0,,37.2183,-122.298431,2022,562121.6,4119440.4,21008_50917
CZU_AUG_LIGHTNING,17_21008_50917,168.05,153.79,187.63,166.67,1.0,,37.2183,-122.298431,2022,562121.6,4119440.4,21008_50917
CZU_AUG_LIGHTNING,17_21008_50917,184.12,155.73,200.99,169.05,1.0,,37.2183,-122.298431,2022,562121.6,4119440.4,21008_50917
CZU_AUG_LIGHTNING,17_21008_50917,141.22,132.42,167.17,148.54,1.0,,37.2183,-122.298431,2022,562121.6,4119440.4,21008_50917
CZU_AUG_LIGHTNING,17_21008_50917,163.49,122.8,182.2,139.33,1.0,,37.2183,-122.298431,2022,562121.6,4119440.4,21008_50917
CZU_AUG_LIGHTNING,17_21008_50917,200.27,119.89,214.39,129.55,1.0,,37.2183,-122.298431,2022,562121.6,4119440.4,21008_50917
CZU_AUG_LIGHTNING,17_21008_50917,219.57,112.75,238.24,124.72,1.0,,37.2183,-122.298431,2022,562121.6,4119440.4,21008_50917
CZU_AUG_LIGHTNING,17_21008_50917,222.87,127.8,237.45,138.37,1.0,,37.2183,-122.298431,2022,562121.6,4119440.4,21008_50917
CZU_AUG_LIGHTNING,17_21008_50917,238.58,118.36,252.25,128.01,1.0,,37.2183,-122.298431,2022,562121.6,4119440.4,21008_50917
CZU_AUG_LIGHTNING,17_21008_50917,206.02,135.41,221.53,149.18,1.0,,37.2183,-122.298431,2022,562121.6,4119440.4,21008_50917
CZU_AUG_LIGHTNING,17_21008_50917,200.72,147.2,217.59,160.98,1.0,,37.2183,-122.298431,2022,562121.6,4119440.4,21008_50917
CZU_AUG_LIGHTNING,17_21008_50917,214.53,145.48,239.13,163.42,1.0,,37.2183,-122.298431,2022,562121.6,4119440.4,21008_50917
CZU_AUG_LIGHTNING,17_21008_50917,232.52,135.61,252.12,150.77,1.0,,37.2183,-122.298431,2022,562121.6,4119440.4,21008_50917
CZU_AUG_LIGHTNING,17_21008_50917,191.95,163.98,214.29,182.8,1.0,,37.2183,-122.298431,2022,562121.6,4119440.4,21008_50917
CZU_AUG_LIGHTNING,17_21008_50917,206.79,180.24,231.85,199.09,1.0,,37.2183,-122.298431,2022,562121.6,4119440.4,21008_50917
CZU_AUG_LIGHTNING,17_21008_50917,188.36,188.3,212.98,208.51,1.0,,37.2183,-122.298431,2022,562121.6,4119440.4,21008_50917
CZU_AUG_LIGHTNING,17_21008_50917,223.63,166.26,250.08,189.21,1.0,,37.2183,-122.298431,2022,562121.6,4119440.4,21008_50917
CZU_AUG_LIGHTNING,17_21008_50917,243.74,150.71,256.0,166.27,1.0,,37.2183,-122.298431,2022,562121.6,4119440.4,21008_50917
CZU_AUG_LIGHTNING,17_21008_50917,203.06,166.79,222.2,181.49,1.0,,37.2183,-122.298431,2022,562121.6,4119440.4,21008_50917
CZU_AUG_LIGHTNING,17_21008_50917,225.54,188.12,247.42,206.03,1.0,,37.2183,-122.298431,2022,562121.6,4119440.4,21008_50917
CZU_AUG_LIGHTNING,17_21008_50917,242.41,182.56,256.0,192.22,1.0,,37.2183,-122.298431,2022,562121.6,4119440.4,21008_50917
CZU_AUG_LIGHTNING,17_21008_50917,207.97,199.82,240.31,222.36,1.0,,37.2183,-122.298431,2022,562121.6,4119440.4,21008_50917
CZU_AUG_LIGHTNING,17_21008_50917,230.99,221.61,253.3,235.43,1.0,,37.2183,-122.298431,2022,562121.6,4119440.4,21008_50917
CZU_AUG_LIGHTNING,17_21008_50917,230.39,210.91,249.52,224.25,1.0,,37.2183,-122.298431,2022,562121.6,4119440.4,21008_50917
CZU_AUG_LIGHTNING,17_21008_50917,242.95,199.17,256.0,211.56,1.0,,37.2183,-122.298431,2022,562121.6,4119440.4,21008_50917
CZU_AUG_LIGHTNING,17_21008_50917,221.32,240.2,251.8,256.0,1.0,,37.2183,-122.298431,2022,562121.6,4119440.4,21008_50917
CZU_AUG_LIGHTNING,17_21008_50917,194.02,228.62,207.7,239.64,1.0,,37.2183,-122.298431,2022,562121.6,4119440.4,21008_50917
CZU_AUG_LIGHTNING,17_21008_50917,175.64,227.8,199.32,243.45,1.0,,37.2183,-122.298431,2022,562121.6,4119440.4,21008_50917
CZU_AUG_LIGHTNING,17_21008_50917,202.4,225.72,222.9,240.44,1.0,,37.2183,-122.298431,2022,562121.6,4119440.4,21008_50917
CZU_AUG_LIGHTNING,17_21008_50917,178.27,246.71,204.17,256.0,1.0,,37.2183,-122.298431,2022,562121.6,4119440.4,21008_50917
CZU_AUG_LIGHTNING,17_21008_50917,166.8,230.46,182.31,243.78,1.0,,37.2183,-122.298431,2022,562121.6,4119440.4,21008_50917
CZU_AUG_LIGHTNING,17_21008_50917,149.6,225.33,170.56,241.41,1.0,,37.2183,-122.298431,2022,562121.6,4119440.4,21008_50917
CZU_AUG_LIGHTNING,17_21008_50917,141.11,238.01,169.79,256.0,1.0,,37.2183,-122.298431,2022,562121.6,4119440.4,21008_50917
CZU_AUG_LIGHTNING,17_21008_50917,214.25,219.21,228.84,231.61,1.0,,37.2183,-122.298431,2022,562121.6,4119440.4,21008_50917
CZU_AUG_LIGHTNING,17_21008_50917,195.05,245.24,209.62,254.45,1.0,,37.2183,-122.298431,2022,562121.6,4119440.4,21008_50917
CZU_AUG_LIGHTNING,17_21008_50917,181.66,208.05,203.55,226.41,1.0,,37.2183,-122.298431,2022,562121.6,4119440.4,21008_50917
CZU_AUG_LIGHTNING,17_21008_50917,199.16,206.58,216.02,219.0,1.0,,37.2183,-122.298431,2022,562121.6,4119440.4,21008_50917
CZU_AUG_LIGHTNING,17_21008_50917,169.64,212.51,183.8,228.09,1.0,,37.2183,-122.298431,2022,562121.6,4119440.4,21008_50917
CZU_AUG_LIGHTNING,17_21008_50917,155.39,207.85,176.36,224.39,1.0,,37.2183,-122.298431,2022,562121.6,4119440.4,21008_50917
CZU_AUG_LIGHTNING,17_21008_50917,141.63,202.97,163.93,215.88,1.0,,37.2183,-122.298431,2022,562121.6,4119440.4,21008_50917
CZU_AUG_LIGHTNING,17_21008_50917,137.01,213.63,157.51,228.35,1.0,,37.2183,-122.298431,2022,562121.6,4119440.4,21008_50917
CZU_AUG_LIGHTNING,17_21008_50917,128.97,229.5,144.93,243.27,1.0,,37.2183,-122.298431,2022,562121.6,4119440.4,21008_50917
CZU_AUG_LIGHTNING,17_21008_50917,125.25,242.67,146.64,256.0,1.0,,37.2183,-122.298431,2022,562121.6,4119440.4,21008_50917
CZU_AUG_LIGHTNING,17_21008_50917,165.96,194.5,181.89,204.18,1.0,,37.2183,-122.298431,2022,562121.6,4119440.4,21008_50917
CZU_AUG_LIGHTNING,17_21008_50917,177.32,186.62,194.19,200.4,1.0,,37.2183,-122.298431,2022,562121.6,4119440.4,21008_50917
CZU_AUG_LIGHTNING,17_21008_50917,156.5,186.92,172.43,197.05,1.0,,37.2183,-122.298431,2022,562121.6,4119440.4,21008_50917
CZU_AUG_LIGHTNING,17_21008_50917,130.85,189.69,143.63,202.98,1.0,,37.2183,-122.298431,2022,562121.6,4119440.4,21008_50917
CZU_AUG_LIGHTNING,17_21008_50917,129.13,177.39,145.99,189.8,1.0,,37.2183,-122.298431,2022,562121.6,4119440.4,21008_50917
CZU_AUG_LIGHTNING,17_21008_50917,121.86,206.92,144.64,223.47,1.0,,37.2183,-122.298431,2022,562121.6,4119440.4,21008_50917
CZU_AUG_LIGHTNING,17_21008_50917,98.22,214.71,121.02,233.99,1.0,,37.2183,-122.298431,2022,562121.6,4119440.4,21008_50917
CZU_AUG_LIGHTNING,17_21008_50917,116.58,219.17,137.07,232.52,1.0,,37.2183,-122.298431,2022,562121.6,4119440.4,21008_50917
CZU_AUG_LIGHTNING,17_21008_50917,89.04,230.57,109.12,249.38,1.0,,37.2183,-122.298431,2022,562121.6,4119440.4,21008_50917
CZU_AUG_LIGHTNING,17_21008_50917,100.15,233.61,119.29,248.77,1.0,,37.2183,-122.298431,2022,562121.6,4119440.4,21008_50917
CZU_AUG_LIGHTNING,17_21008_50917,88.31,245.35,112.86,256.0,1.0,,37.2183,-122.298431,2022,562121.6,4119440.4,21008_50917
CZU_AUG_LIGHTNING,17_21008_50917,89.8,199.17,105.27,208.39,1.0,,37.2183,-122.298431,2022,562121.6,4119440.4,21008_50917
CZU_AUG_LIGHTNING,17_21008_50917,79.87,187.26,106.26,202.02,1.0,,37.2183,-122.298431,2022,562121.6,4119440.4,21008_50917
CZU_AUG_LIGHTNING,17_21008_50917,82.86,210.73,103.37,227.72,1.0,,37.2183,-122.298431,2022,562121.6,4119440.4,21008_50917
CZU_AUG_LIGHTNING,17_21008_50917,106.79,197.02,123.64,208.07,1.0,,37.2183,-122.298431,2022,562121.6,4119440.4,21008_50917
CZU_AUG_LIGHTNING,17_21008_50917,68.66,208.57,77.78,216.38,1.0,,37.2183,-122.298431,2022,562121.6,4119440.4,21008_50917
CZU_AUG_LIGHTNING,17_21008_50917,75.74,226.37,88.98,239.67,1.0,,37.2183,-122.298431,2022,562121.6,4119440.4,21008_50917
CZU_AUG_LIGHTNING,17_21008_50917,34.2,238.81,48.78,249.84,1.0,,37.2183,-122.298431,2022,562121.6,4119440.4,21008_50917
CZU_AUG_LIGHTNING,17_21008_50917,55.82,221.45,74.97,237.06,1.0,,37.2183,-122.298431,2022,562121.6,4119440.4,21008_50917
CZU_AUG_LIGHTNING,17_21008_50917,44.58,244.8,59.16,255.83,1.0,,37.2183,-122.298431,2022,562121.6,4119440.4,21008_50917
CZU_AUG_LIGHTNING,17_21008_50917,65.43,243.82,87.72,256.0,1.0,,37.2183,-122.298431,2022,562121.6,4119440.4,21008_50917
CZU_AUG_LIGHTNING,17_21008_50917,111.64,180.67,128.97,195.82,1.0,,37.2183,-122.298431,2022,562121.6,4119440.4,21008_50917
CZU_AUG_LIGHTNING,17_21008_50917,184.43,74.49,194.9,81.85,1.0,,37.2183,-122.298431,2022,562121.6,4119440.4,21008_50917
CZU_AUG_LIGHTNING,17_21008_50917,196.92,70.48,205.13,78.05,1.0,,37.2183,-122.298431,2022,562121.6,4119440.4,21008_50917
CZU_AUG_LIGHTNING,17_21008_50917,71.66,107.78,83.74,117.2,1.0,,37.2183,-122.298431,2022,562121.6,4119440.4,21008_50917
CZU_AUG_LIGHTNING,17_21008_50917,62.6,91.67,74.23,100.86,1.0,,37.2183,-122.298431,2022,562121.6,4119440.4,21008_50917
CZU_AUG_LIGHTNING,17_21008_50917,69.98,140.08,81.8,145.63,1.0,,37.2183,-122.298431,2022,562121.6,4119440.4,21008_50917
CZU_AUG_LIGHTNING,17_21008_50917,69.0,53.83,85.83,63.51,1.0,,37.2183,-122.298431,2022,562121.6,4119440.4,21008_50917
CZU_AUG_LIGHTNING,17_21008_50917,69.98,33.36,91.42,53.09,1.0,,37.2183,-122.298431,2022,562121.6,4119440.4,21008_50917
CZU_AUG_LIGHTNING,17_21008_50917,79.41,27.06,95.32,34.0,1.0,,37.2183,-122.298431,2022,562121.6,4119440.4,21008_50917
CZU_AUG_LIGHTNING,17_21008_50917,70.07,1.04,82.82,9.79,1.0,,37.2183,-122.298431,2022,562121.6,4119440.4,21008_50917
CZU_AUG_LIGHTNING,17_21008_50917,99.78,0.0,113.42,7.28,1.0,,37.2183,-122.298431,2022,562121.6,4119440.4,21008_50917
CZU_AUG_LIGHTNING,17_21008_50917,109.95,1.57,126.78,10.79,1.0,,37.2183,-122.298431,2022,562121.6,4119440.4,21008_50917
CZU_AUG_LIGHTNING,17_21008_50917,161.41,26.76,175.99,37.79,1.0,,37.2183,-122.298431,2022,562121.6,4119440.4,21008_50917
CZU_AUG_LIGHTNING,17_21008_50917,166.6,0.17,186.16,10.33,1.0,,37.2183,-122.298431,2022,562121.6,4119440.4,21008_50917
CZU_AUG_LIGHTNING,17_21008_50917,146.6,0.93,165.76,17.91,1.0,,37.2183,-122.298431,2022,562121.6,4119440.4,21008_50917
CZU_AUG_LIGHTNING,17_21008_50917,123.38,45.59,144.36,63.04,1.0,,37.2183,-122.298431,2022,562121.6,4119440.4,21008_50917
CZU_AUG_LIGHTNING,17_21008_50917,110.29,134.92,128.06,148.25,1.0,,37.2183,-122.298431,2022,562121.6,4119440.4,21008_50917
CZU_AUG_LIGHTNING,17_21008_50917,126.4,128.44,141.48,144.94,1.0,,37.2183,-122.298431,2022,562121.6,4119440.4,21008_50917
CZU_AUG_LIGHTNING,17_21008_50917,167.05,246.4,180.72,255.6,1.0,,37.2183,-122.298431,2022,562121.6,4119440.4,21008_50917
CZU_AUG_LIGHTNING,17_21008_50917,112.9,246.68,127.01,255.43,1.0,,37.2183,-122.298431,2022,562121.6,4119440.4,21008_50917
CZU_AUG_LIGHTNING,17_21008_50937,11.65,0.0,23.25,7.29,1.0,,37.174543,-122.298431,2022,562157.5,4114586.2,21008_50937
CZU_AUG_LIGHTNING,17_21008_50937,8.42,13.24,15.8,19.09,1.0,,37.174543,-122.298431,2022,562157.5,4114586.2,21008_50937
CZU_AUG_LIGHTNING,17_21008_50937,15.5,15.4,21.3,19.66,1.0,,37.174543,-122.298431,2022,562157.5,4114586.2,21008_50937
CZU_AUG_LIGHTNING,17_21008_50937,21.8,5.7,37.64,19.52,1.0,,37.174543,-122.298431,2022,562157.5,4114586.2,21008_50937
CZU_AUG_LIGHTNING,17_21008_50937,37.95,21.63,52.74,34.38,1.0,,37.174543,-122.298431,2022,562157.5,4114586.2,21008_50937
CZU_AUG_LIGHTNING,17_21008_50937,30.14,20.25,38.06,26.11,1.0,,37.174543,-122.298431,2022,562157.5,4114586.2,21008_50937
CZU_AUG_LIGHTNING,17_21008_50937,7.53,22.46,22.3,33.1,1.0,,37.174543,-122.298431,2022,562157.5,4114586.2,21008_50937
CZU_AUG_LIGHTNING,17_21008_50937,0.0,7.11,4.83,12.95,1.0,,37.174543,-122.298431,2022,562157.5,4114586.2,21008_50937
CZU_AUG_LIGHTNING,17_21008_50937,0.0,17.39,4.75,24.28,1.0,,37.174543,-122.298431,2022,562157.5,4114586.2,21008_50937
CZU_AUG_LIGHTNING,17_21008_50937,22.97,30.74,33.52,38.2,1.0,,37.174543,-122.298431,2022,562157.5,4114586.2,21008_50937
CZU_AUG_LIGHTNING,17_21008_50937,14.24,36.74,26.39,48.42,1.0,,37.174543,-122.298431,2022,562157.5,4114586.2,21008_50937
CZU_AUG_LIGHTNING,17_21008_50937,28.4,34.21,48.45,48.58,1.0,,37.174543,-122.298431,2022,562157.5,4114586.2,21008_50937
CZU_AUG_LIGHTNING,17_21008_50937,47.76,41.99,56.79,56.29,1.0,,37.174543,-122.298431,2022,562157.5,4114586.2,21008_50937
CZU_AUG_LIGHTNING,17_21008_50937,56.91,13.6,72.22,25.83,1.0,,37.174543,-122.298431,2022,562157.5,4114586.2,21008_50937
CZU_AUG_LIGHTNING,17_21008_50937,54.69,35.72,63.66,41.58,1.0,,37.174543,-122.298431,2022,562157.5,4114586.2,21008_50937
CZU_AUG_LIGHTNING,17_21008_50937,65.21,25.26,85.78,39.64,1.0,,37.174543,-122.298431,2022,562157.5,4114586.2,21008_50937
CZU_AUG_LIGHTNING,17_21008_50937,58.41,29.68,66.33,35.54,1.0,,37.174543,-122.298431,2022,562157.5,4114586.2,21008_50937
CZU_AUG_LIGHTNING,17_21008_50937,54.58,42.31,65.71,57.67,1.0,,37.174543,-122.298431,2022,562157.5,4114586.2,21008_50937
CZU_AUG_LIGHTNING,17_21008_50937,69.24,51.37,86.11,62.57,1.0,,37.174543,-122.298431,2022,562157.5,4114586.2,21008_50937
CZU_AUG_LIGHTNING,17_21008_50937,67.48,38.19,84.89,51.49,1.0,,37.174543,-122.298431,2022,562157.5,4114586.2,21008_50937
CZU_AUG_LIGHTNING,17_21008_50937,78.69,47.76,91.38,61.02,1.0,,37.174543,-122.298431,2022,562157.5,4114586.2,21008_50937
CZU_AUG_LIGHTNING,17_21008_50937,88.31,31.49,98.85,37.36,1.0,,37.174543,-122.298431,2022,562157.5,4114586.2,21008_50937
CZU_AUG_LIGHTNING,17_21008_50937,91.4,38.89,100.9,45.81,1.0,,37.174543,-122.298431,2022,562157.5,4114586.2,21008_50937
CZU_AUG_LIGHTNING,17_21008_50937,92.63,48.39,103.19,57.42,1.0,,37.174543,-122.298431,2022,562157.5,4114586.2,21008_50937
CZU_AUG_LIGHTNING,17_21008_50937,98.96,42.37,112.15,52.48,1.0,,37.174543,-122.298431,2022,562157.5,4114586.2,21008_50937
CZU_AUG_LIGHTNING,17_21008_50937,99.56,27.09,115.94,42.5,1.0,,37.174543,-122.298431,2022,562157.5,4114586.2,21008_50937
CZU_AUG_LIGHTNING,17_21008_50937,78.95,16.92,92.66,26.51,1.0,,37.174543,-122.298431,2022,562157.5,4114586.2,21008_50937
CZU_AUG_LIGHTNING,17_21008_50937,74.56,3.19,89.35,16.47,1.0,,37.174543,-122.298431,2022,562157.5,4114586.2,21008_50937
CZU_AUG_LIGHTNING,17_21008_50937,95.8,8.88,107.41,18.98,1.0,,37.174543,-122.298431,2022,562157.5,4114586.2,21008_50937
CZU_AUG_LIGHTNING,17_21008_50937,104.14,17.9,112.6,26.4,1.0,,37.174543,-122.298431,2022,562157.5,4114586.2,21008_50937
CZU_AUG_LIGHTNING,17_21008_50937,110.25,4.77,118.2,15.9,1.0,,37.174543,-122.298431,2022,562157.5,4114586.2,21008_50937
CZU_AUG_LIGHTNING,17_21008_50937,112.79,21.13,119.66,28.03,1.0,,37.174543,-122.298431,2022,562157.5,4114586.2,21008_50937
CZU_AUG_LIGHTNING,17_21008_50937,117.01,7.72,134.98,24.72,1.0,,37.174543,-122.298431,2022,562157.5,4114586.2,21008_50937
CZU_AUG_LIGHTNING,17_21008_50937,120.6,24.88,133.27,36.04,1.0,,37.174543,-122.298431,2022,562157.5,4114586.2,21008_50937
CZU_AUG_LIGHTNING,17_21008_50937,114.78,34.85,126.9,42.84,1.0,,37.174543,-122.298431,2022,562157.5,4114586.2,21008_50937
CZU_AUG_LIGHTNING,17_21008_50937,0.0,51.39,6.86,62.51,1.0,,37.174543,-122.298431,2022,562157.5,4114586.2,21008_50937
CZU_AUG_LIGHTNING,17_21008_50937,18.76,60.49,33.56,75.88,1.0,,37.174543,-122.298431,2022,562157.5,4114586.2,21008_50937
CZU_AUG_LIGHTNING,17_21008_50937,1.38,68.26,17.24,83.14,1.0,,37.174543,-122.298431,2022,562157.5,4114586.2,21008_50937
CZU_AUG_LIGHTNING,17_21008_50937,2.09,81.97,15.3,94.19,1.0,,37.174543,-122.298431,2022,562157.5,4114586.2,21008_50937
CZU_AUG_LIGHTNING,17_21008_50937,1.2,95.4,14.94,108.68,1.0,,37.174543,-122.298431,2022,562157.5,4114586.2,21008_50937
CZU_AUG_LIGHTNING,17_21008_50937,16.03,81.28,24.49,90.31,1.0,,37.174543,-122.298431,2022,562157.5,4114586.2,21008_50937
CZU_AUG_LIGHTNING,17_21008_50937,26.82,74.25,40.55,85.94,1.0,,37.174543,-122.298431,2022,562157.5,4114586.2,21008_50937
CZU_AUG_LIGHTNING,17_21008_50937,18.05,86.31,36.0,101.2,1.0,,37.174543,-122.298431,2022,562157.5,4114586.2,21008_50937
CZU_AUG_LIGHTNING,17_21008_50937,42.09,65.93,57.4,79.22,1.0,,37.174543,-122.298431,2022,562157.5,4114586.2,21008_50937
CZU_AUG_LIGHTNING,17_21008_50937,35.07,93.28,45.13,104.95,1.0,,37.174543,-122.298431,2022,562157.5,4114586.2,21008_50937
CZU_AUG_LIGHTNING,17_21008_50937,63.73,81.64,81.16,98.1,1.0,,37.174543,-122.298431,2022,562157.5,4114586.2,21008_50937
CZU_AUG_LIGHTNING,17_21008_50937,55.02,95.28,70.3,104.88,1.0,,37.174543,-122.298431,2022,562157.5,4114586.2,21008_50937
CZU_AUG_LIGHTNING,17_21008_50937,46.82,101.8,59.5,112.96,1.0,,37.174543,-122.298431,2022,562157.5,4114586.2,21008_50937
CZU_AUG_LIGHTNING,17_21008_50937,29.66,79.28,43.92,91.5,1.0,,37.174543,-122.298431,2022,562157.5,4114586.2,21008_50937
CZU_AUG_LIGHTNING,17_21008_50937,131.8,32.07,146.08,47.46,1.0,,37.174543,-122.298431,2022,562157.5,4114586.2,21008_50937
CZU_AUG_LIGHTNING,17_21008_50937,149.62,40.64,162.29,50.22,1.0,,37.174543,-122.298431,2022,562157.5,4114586.2,21008_50937
CZU_AUG_LIGHTNING,17_21008_50937,152.86,24.06,167.66,38.4,1.0,,37.174543,-122.298431,2022,562157.5,4114586.2,21008_50937
CZU_AUG_LIGHTNING,17_21008_50937,142.99,13.71,154.61,24.34,1.0,,37.174543,-122.298431,2022,562157.5,4114586.2,21008_50937
CZU_AUG_LIGHTNING,17_21008_50937,149.38,2.43,164.14,12.02,1.0,,37.174543,-122.298431,2022,562157.5,4114586.2,21008_50937
CZU_AUG_LIGHTNING,17_21008_50937,126.17,49.95,145.16,63.8,1.0,,37.174543,-122.298431,2022,562157.5,4114586.2,21008_50937
CZU_AUG_LIGHTNING,17_21008_50937,148.18,58.29,158.74,67.32,1.0,,37.174543,-122.298431,2022,562157.5,4114586.2,21008_50937
CZU_AUG_LIGHTNING,17_21008_50937,118.93,66.5,140.05,85.1,1.0,,37.174543,-122.298431,2022,562157.5,4114586.2,21008_50937
CZU_AUG_LIGHTNING,17_21008_50937,126.7,82.63,145.71,98.58,1.0,,37.174543,-122.298431,2022,562157.5,4114586.2,21008_50937
CZU_AUG_LIGHTNING,17_21008_50937,73.53,64.88,82.54,73.93,1.0,,37.174543,-122.298431,2022,562157.5,4114586.2,21008_50937
CZU_AUG_LIGHTNING,17_21008_50937,84.16,64.1,96.6,76.17,1.0,,37.174543,-122.298431,2022,562157.5,4114586.2,21008_50937
CZU_AUG_LIGHTNING,17_21008_50937,89.03,54.3,116.91,81.03,1.0,,37.174543,-122.298431,2022,562157.5,4114586.2,21008_50937
CZU_AUG_LIGHTNING,17_21008_50937,92.35,79.14,108.21,92.09,1.0,,37.174543,-122.298431,2022,562157.5,4114586.2,21008_50937
CZU_AUG_LIGHTNING,17_21008_50937,108.31,85.46,118.6,94.09,1.0,,37.174543,-122.298431,2022,562157.5,4114586.2,21008_50937
CZU_AUG_LIGHTNING,17_21008_50937,114.65,92.99,124.51,102.05,1.0,,37.174543,-122.298431,2022,562157.5,4114586.2,21008_50937
CZU_AUG_LIGHTNING,17_21008_50937,105.12,108.33,120.99,123.42,1.0,,37.174543,-122.298431,2022,562157.5,4114586.2,21008_50937
CZU_AUG_LIGHTNING,17_21008_50937,82.65,96.39,106.17,108.12,1.0,,37.174543,-122.298431,2022,562157.5,4114586.2,21008_50937
CZU_AUG_LIGHTNING,17_21008_50937,77.43,105.55,96.73,121.96,1.0,,37.174543,-122.298431,2022,562157.5,4114586.2,21008_50937
CZU_AUG_LIGHTNING,17_21008_50937,60.37,111.2,76.23,124.59,1.0,,37.174543,-122.298431,2022,562157.5,4114586.2,21008_50937
CZU_AUG_LIGHTNING,17_21008_50937,86.24,126.16,105.52,140.85,1.0,,37.174543,-122.298431,2022,562157.5,4114586.2,21008_50937
CZU_AUG_LIGHTNING,17_21008_50937,134.85,122.24,151.14,135.62,1.0,,37.174543,-122.298431,2022,562157.5,4114586.2,21008_50937
CZU_AUG_LIGHTNING,17_21008_50937,127.31,132.45,145.31,147.13,1.0,,37.174543,-122.298431,2022,562157.5,4114586.2,21008_50937
CZU_AUG_LIGHTNING,17_21008_50937,17.16,106.6,34.3,119.57,1.0,,37.174543,-122.298431,2022,562157.5,4114586.2,21008_50937
CZU_AUG_LIGHTNING,17_21008_50937,7.52,113.17,21.26,127.39,1.0,,37.174543,-122.298431,2022,562157.5,4114586.2,21008_50937
CZU_AUG_LIGHTNING,17_21008_50937,27.74,120.16,44.0,130.12,1.0,,37.174543,-122.298431,2022,562157.5,4114586.2,21008_50937
CZU_AUG_LIGHTNING,17_21008_50937,33.35,106.94,46.23,120.3,1.0,,37.174543,-122.298431,2022,562157.5,4114586.2,21008_50937
CZU_AUG_LIGHTNING,17_21008_50937,29.23,146.49,37.84,158.96,1.0,,37.174543,-122.298431,2022,562157.5,4114586.2,21008_50937
CZU_AUG_LIGHTNING,17_21008_50937,36.44,150.61,48.04,163.53,1.0,,37.174543,-122.298431,2022,562157.5,4114586.2,21008_50937
CZU_AUG_LIGHTNING,17_21008_50937,71.48,139.53,79.22,149.85,1.0,,37.174543,-122.298431,2022,562157.5,4114586.2,21008_50937
CZU_AUG_LIGHTNING,17_21008_50937,96.37,137.14,116.94,153.56,1.0,,37.174543,-122.298431,2022,562157.5,4114586.2,21008_50937
CZU_AUG_LIGHTNING,17_21008_50937,117.2,145.22,128.81,160.28,1.0,,37.174543,-122.298431,2022,562157.5,4114586.2,21008_50937
CZU_AUG_LIGHTNING,17_21008_50937,126.37,148.28,139.23,159.5,1.0,,37.174543,-122.298431,2022,562157.5,4114586.2,21008_50937
CZU_AUG_LIGHTNING,17_21008_50937,147.55,140.09,158.68,147.45,1.0,,37.174543,-122.298431,2022,562157.5,4114586.2,21008_50937
CZU_AUG_LIGHTNING,17_21008_50937,148.35,171.55,162.07,182.34,1.0,,37.174543,-122.298431,2022,562157.5,4114586.2,21008_50937
CZU_AUG_LIGHTNING,17_21008_50937,121.79,164.08,132.51,173.57,1.0,,37.174543,-122.298431,2022,562157.5,4114586.2,21008_50937
CZU_AUG_LIGHTNING,17_21008_50937,131.18,165.0,140.6,171.49,1.0,,37.174543,-122.298431,2022,562157.5,4114586.2,21008_50937
CZU_AUG_LIGHTNING,17_21008_50937,171.81,137.06,185.54,150.43,1.0,,37.174543,-122.298431,2022,562157.5,4114586.2,21008_50937
CZU_AUG_LIGHTNING,17_21008_50937,157.3,108.29,175.74,125.11,1.0,,37.174543,-122.298431,2022,562157.5,4114586.2,21008_50937
CZU_AUG_LIGHTNING,17_21008_50937,152.33,82.36,177.63,104.8,1.0,,37.174543,-122.298431,2022,562157.5,4114586.2,21008_50937
CZU_AUG_LIGHTNING,17_21008_50937,169.36,9.32,179.24,20.09,1.0,,37.174543,-122.298431,2022,562157.5,4114586.2,21008_50937
CZU_AUG_LIGHTNING,17_21008_50937,178.97,11.96,187.95,17.59,1.0,,37.174543,-122.298431,2022,562157.5,4114586.2,21008_50937
CZU_AUG_LIGHTNING,17_21008_50937,187.1,4.53,195.68,12.3,1.0,,37.174543,-122.298431,2022,562157.5,4114586.2,21008_50937
CZU_AUG_LIGHTNING,17_21008_50937,193.45,7.15,205.88,17.94,1.0,,37.174543,-122.298431,2022,562157.5,4114586.2,21008_50937
CZU_AUG_LIGHTNING,17_21008_50937,186.93,20.58,203.23,34.82,1.0,,37.174543,-122.298431,2022,562157.5,4114586.2,21008_50937
CZU_AUG_LIGHTNING,17_21008_50937,175.02,20.7,187.46,32.77,1.0,,37.174543,-122.298431,2022,562157.5,4114586.2,21008_50937
CZU_AUG_LIGHTNING,17_21008_50937,220.47,11.84,234.61,22.21,1.0,,37.174543,-122.298431,2022,562157.5,4114586.2,21008_50937
CZU_AUG_LIGHTNING,17_21008_50937,213.32,28.26,227.46,39.49,1.0,,37.174543,-122.298431,2022,562157.5,4114586.2,21008_50937
CZU_AUG_LIGHTNING,17_21008_50937,244.1,17.58,252.67,24.92,1.0,,37.174543,-122.298431,2022,562157.5,4114586.2,21008_50937
CZU_AUG_LIGHTNING,17_21008_50937,193.94,53.36,209.8,66.32,1.0,,37.174543,-122.298431,2022,562157.5,4114586.2,21008_50937
CZU_AUG_LIGHTNING,17_21008_50937,200.87,65.18,215.89,81.12,1.0,,37.174543,-122.298431,2022,562157.5,4114586.2,21008_50937
CZU_AUG_LIGHTNING,17_21008_50937,192.86,82.67,209.16,97.33,1.0,,37.174543,-122.298431,2022,562157.5,4114586.2,21008_50937
CZU_AUG_LIGHTNING,17_21008_50937,231.21,80.07,236.62,87.65,1.0,,37.174543,-122.298431,2022,562157.5,4114586.2,21008_50937
CZU_AUG_LIGHTNING,17_21008_50937,224.31,66.55,234.04,77.4,1.0,,37.174543,-122.298431,2022,562157.5,4114586.2,21008_50937
CZU_AUG_LIGHTNING,17_21008_50937,246.16,84.76,256.0,96.68,1.0,,37.174543,-122.298431,2022,562157.5,4114586.2,21008_50937
CZU_AUG_LIGHTNING,17_21008_50937,223.84,93.21,236.8,104.61,1.0,,37.174543,-122.298431,2022,562157.5,4114586.2,21008_50937
CZU_AUG_LIGHTNING,17_21008_50937,221.33,104.77,236.98,117.81,1.0,,37.174543,-122.298431,2022,562157.5,4114586.2,21008_50937
CZU_AUG_LIGHTNING,17_21008_50937,236.96,94.38,251.0,107.41,1.0,,37.174543,-122.298431,2022,562157.5,4114586.2,21008_50937
CZU_AUG_LIGHTNING,17_21008_50937,196.94,101.09,216.89,116.31,1.0,,37.174543,-122.298431,2022,562157.5,4114586.2,21008_50937
CZU_AUG_LIGHTNING,17_21008_50937,183.19,116.33,193.99,126.65,1.0,,37.174543,-122.298431,2022,562157.5,4114586.2,21008_50937
CZU_AUG_LIGHTNING,17_21008_50937,213.43,118.44,229.64,135.26,1.0,,37.174543,-122.298431,2022,562157.5,4114586.2,21008_50937
CZU_AUG_LIGHTNING,17_21008_50937,229.3,119.1,240.63,128.34,1.0,,37.174543,-122.298431,2022,562157.5,4114586.2,21008_50937
CZU_AUG_LIGHTNING,17_21008_50937,226.83,127.97,238.15,135.59,1.0,,37.174543,-122.298431,2022,562157.5,4114586.2,21008_50937
CZU_AUG_LIGHTNING,17_21008_50937,224.58,138.45,241.29,149.89,1.0,,37.174543,-122.298431,2022,562157.5,4114586.2,21008_50937
CZU_AUG_LIGHTNING,17_21008_50937,244.48,130.79,255.82,142.19,1.0,,37.174543,-122.298431,2022,562157.5,4114586.2,21008_50937
CZU_AUG_LIGHTNING,17_21008_50937,240.36,105.72,251.72,119.27,1.0,,37.174543,-122.298431,2022,562157.5,4114586.2,21008_50937
CZU_AUG_LIGHTNING,17_21008_50937,191.99,123.4,204.93,132.65,1.0,,37.174543,-122.298431,2022,562157.5,4114586.2,21008_50937
CZU_AUG_LIGHTNING,17_21008_50937,183.34,133.57,193.06,142.26,1.0,,37.174543,-122.298431,2022,562157.5,4114586.2,21008_50937
CZU_AUG_LIGHTNING,17_21008_50937,194.75,130.69,223.38,159.45,1.0,,37.174543,-122.298431,2022,562157.5,4114586.2,21008_50937
CZU_AUG_LIGHTNING,17_21008_50937,242.26,141.82,251.45,151.58,1.0,,37.174543,-122.298431,2022,562157.5,4114586.2,21008_50937
CZU_AUG_LIGHTNING,17_21008_50937,203.18,167.65,219.35,179.08,1.0,,37.174543,-122.298431,2022,562157.5,4114586.2,21008_50937
CZU_AUG_LIGHTNING,17_21008_50937,137.16,201.09,167.89,224.47,1.0,,37.174543,-122.298431,2022,562157.5,4114586.2,21008_50937
CZU_AUG_LIGHTNING,17_21008_50937,220.7,155.39,232.05,166.78,1.0,,37.174543,-122.298431,2022,562157.5,4114586.2,21008_50937
CZU_AUG_LIGHTNING,17_21008_50937,233.41,178.1,247.97,188.44,1.0,,37.174543,-122.298431,2022,562157.5,4114586.2,21008_50937
CZU_AUG_LIGHTNING,17_21008_50937,215.37,180.93,234.27,198.84,1.0,,37.174543,-122.298431,2022,562157.5,4114586.2,21008_50937
CZU_AUG_LIGHTNING,17_21008_50937,201.62,196.45,214.05,209.47,1.0,,37.174543,-122.298431,2022,562157.5,4114586.2,21008_50937
CZU_AUG_LIGHTNING,17_21008_50937,185.49,203.33,197.37,214.73,1.0,,37.174543,-122.298431,2022,562157.5,4114586.2,21008_50937
CZU_AUG_LIGHTNING,17_21008_50937,170.13,214.26,192.2,225.19,1.0,,37.174543,-122.298431,2022,562157.5,4114586.2,21008_50937
CZU_AUG_LIGHTNING,17_21008_50937,180.24,224.03,193.2,235.43,1.0,,37.174543,-122.298431,2022,562157.5,4114586.2,21008_50937
CZU_AUG_LIGHTNING,17_21008_50937,161.72,224.43,177.91,238.55,1.0,,37.174543,-122.298431,2022,562157.5,4114586.2,21008_50937
CZU_AUG_LIGHTNING,17_21008_50937,177.45,234.78,194.73,250.52,1.0,,37.174543,-122.298431,2022,562157.5,4114586.2,21008_50937
CZU_AUG_LIGHTNING,17_21008_50937,143.9,240.99,165.45,255.15,1.0,,37.174543,-122.298431,2022,562157.5,4114586.2,21008_50937
CZU_AUG_LIGHTNING,17_21008_50937,149.92,228.65,161.25,238.96,1.0,,37.174543,-122.298431,2022,562157.5,4114586.2,21008_50937
CZU_AUG_LIGHTNING,17_21008_50937,119.64,221.15,139.59,236.38,1.0,,37.174543,-122.298431,2022,562157.5,4114586.2,21008_50937
CZU_AUG_LIGHTNING,17_21008_50937,110.64,245.05,128.42,256.0,1.0,,37.174543,-122.298431,2022,562157.5,4114586.2,21008_50937
CZU_AUG_LIGHTNING,17_21008_50937,88.39,242.19,109.4,256.0,1.0,,37.174543,-122.298431,2022,562157.5,4114586.2,21008_50937
CZU_AUG_LIGHTNING,17_21008_50937,40.12,133.31,56.85,147.98,1.0,,37.174543,-122.298431,2022,562157.5,4114586.2,21008_50937
CZU_AUG_LIGHTNING,17_21008_50937,249.4,115.48,256.0,128.99,1.0,,37.174543,-122.298431,2022,562157.5,4114586.2,21008_50937
CZU_AUG_LIGHTNING,17_21008_50937,169.18,58.71,188.9,74.07,1.0,,37.174543,-122.298431,2022,562157.5,4114586.2,21008_50937
CZU_AUG_LIGHTNING,17_21014_50949,166.41,9.71,182.83,23.04,1.0,,37.148277,-122.281952,2022,563642.4,4111683.2,21014_50949
CZU_AUG_LIGHTNING,17_21014_50949,147.09,21.4,159.4,31.51,1.0,,37.148277,-122.281952,2022,563642.4,4111683.2,21014_50949
CZU_AUG_LIGHTNING,17_21014_50949,151.75,1.41,164.99,13.8,1.0,,37.148277,-122.281952,2022,563642.4,4111683.2,21014_50949
CZU_AUG_LIGHTNING,17_21014_50949,128.17,4.41,150.46,15.96,1.0,,37.148277,-122.281952,2022,563642.4,4111683.2,21014_50949
CZU_AUG_LIGHTNING,17_21014_50949,194.72,10.16,215.24,26.24,1.0,,37.148277,-122.281952,2022,563642.4,4111683.2,21014_50949
CZU_AUG_LIGHTNING,17_21014_50949,196.2,1.75,208.95,9.58,1.0,,37.148277,-122.281952,2022,563642.4,4111683.2,21014_50949
CZU_AUG_LIGHTNING,17_21014_50949,176.72,0.0,190.38,8.76,1.0,,37.148277,-122.281952,2022,563642.4,4111683.2,21014_50949
CZU_AUG_LIGHTNING,17_21014_50949,226.31,3.11,242.71,14.16,1.0,,37.148277,-122.281952,2022,563642.4,4111683.2,21014_50949
CZU_AUG_LIGHTNING,17_21014_50949,238.13,0.0,252.25,9.91,1.0,,37.148277,-122.281952,2022,563642.4,4111683.2,21014_50949
CZU_AUG_LIGHTNING,17_21014_50949,239.54,23.93,251.85,32.67,1.0,,37.148277,-122.281952,2022,563642.4,4111683.2,21014_50949
CZU_AUG_LIGHTNING,17_21014_50949,235.99,14.79,249.2,23.54,1.0,,37.148277,-122.281952,2022,563642.4,4111683.2,21014_50949
CZU_AUG_LIGHTNING,17_21014_50949,212.32,1.19,222.78,6.27,1.0,,37.148277,-122.281952,2022,563642.4,4111683.2,21014_50949
CZU_AUG_LIGHTNING,17_21014_50949,213.47,25.09,224.42,34.73,1.0,,37.148277,-122.281952,2022,563642.4,4111683.2,21014_50949
CZU_AUG_LIGHTNING,17_21014_50949,203.71,27.75,214.65,36.03,1.0,,37.148277,-122.281952,2022,563642.4,4111683.2,21014_50949
CZU_AUG_LIGHTNING,17_21014_50949,175.15,27.53,184.74,36.71,1.0,,37.148277,-122.281952,2022,563642.4,4111683.2,21014_50949
CZU_AUG_LIGHTNING,17_21014_50949,183.81,19.4,192.96,29.94,1.0,,37.148277,-122.281952,2022,563642.4,4111683.2,21014_50949
CZU_AUG_LIGHTNING,17_21014_50949,169.51,25.67,179.99,33.03,1.0,,37.148277,-122.281952,2022,563642.4,4111683.2,21014_50949
CZU_AUG_LIGHTNING,17_21014_50949,173.52,35.49,183.09,42.39,1.0,,37.148277,-122.281952,2022,563642.4,4111683.2,21014_50949
CZU_AUG_LIGHTNING,17_21014_50949,179.85,38.72,190.77,44.72,1.0,,37.148277,-122.281952,2022,563642.4,4111683.2,21014_50949
CZU_AUG_LIGHTNING,17_21014_50949,186.65,32.4,199.43,43.88,1.0,,37.148277,-122.281952,2022,563642.4,4111683.2,21014_50949
CZU_AUG_LIGHTNING,17_21014_50949,193.42,36.78,206.65,47.8,1.0,,37.148277,-122.281952,2022,563642.4,4111683.2,21014_50949
CZU_AUG_LIGHTNING,17_21014_50949,213.86,61.06,232.53,72.12,1.0,,37.148277,-122.281952,2022,563642.4,4111683.2,21014_50949
CZU_AUG_LIGHTNING,17_21014_50949,202.85,53.23,212.87,60.59,1.0,,37.148277,-122.281952,2022,563642.4,4111683.2,21014_50949
CZU_AUG_LIGHTNING,17_21014_50949,206.69,53.26,218.08,62.0,1.0,,37.148277,-122.281952,2022,563642.4,4111683.2,21014_50949
CZU_AUG_LIGHTNING,17_21014_50949,138.74,14.05,151.98,25.99,1.0,,37.148277,-122.281952,2022,563642.4,4111683.2,21014_50949
CZU_AUG_LIGHTNING,17_21014_50949,142.84,75.99,152.87,84.26,1.0,,37.148277,-122.281952,2022,563642.4,4111683.2,21014_50949
CZU_AUG_LIGHTNING,17_21014_50949,142.39,43.9,153.34,53.54,1.0,,37.148277,-122.281952,2022,563642.4,4111683.2,21014_50949
CZU_AUG_LIGHTNING,17_21014_50949,155.07,49.68,161.45,54.74,1.0,,37.148277,-122.281952,2022,563642.4,4111683.2,21014_50949
CZU_AUG_LIGHTNING,17_21014_50949,146.87,54.4,153.71,59.92,1.0,,37.148277,-122.281952,2022,563642.4,4111683.2,21014_50949
CZU_AUG_LIGHTNING,17_21014_50949,153.19,59.46,160.47,63.15,1.0,,37.148277,-122.281952,2022,563642.4,4111683.2,21014_50949
CZU_AUG_LIGHTNING,17_21014_50949,161.95,35.63,173.34,43.9,1.0,,37.148277,-122.281952,2022,563642.4,4111683.2,21014_50949
CZU_AUG_LIGHTNING,17_21014_50949,169.37,97.13,180.81,111.79,1.0,,37.148277,-122.281952,2022,563642.4,4111683.2,21014_50949
CZU_AUG_LIGHTNING,17_21014_50949,136.87,85.51,146.0,93.77,1.0,,37.148277,-122.281952,2022,563642.4,4111683.2,21014_50949
CZU_AUG_LIGHTNING,17_21014_50949,180.34,58.3,192.21,69.31,1.0,,37.148277,-122.281952,2022,563642.4,4111683.2,21014_50949
CZU_AUG_LIGHTNING,17_21014_50949,242.2,60.13,254.52,71.15,1.0,,37.148277,-122.281952,2022,563642.4,4111683.2,21014_50949
CZU_AUG_LIGHTNING,17_21014_50949,245.56,69.49,255.13,76.39,1.0,,37.148277,-122.281952,2022,563642.4,4111683.2,21014_50949
CZU_AUG_LIGHTNING,17_21014_50949,211.54,44.65,219.74,50.18,1.0,,37.148277,-122.281952,2022,563642.4,4111683.2,21014_50949
CZU_AUG_LIGHTNING,17_21014_50949,210.9,36.23,220.03,44.49,1.0,,37.148277,-122.281952,2022,563642.4,4111683.2,21014_50949
CZU_AUG_LIGHTNING,17_21014_50949,242.54,50.58,252.1,56.11,1.0,,37.148277,-122.281952,2022,563642.4,4111683.2,21014_50949
CZU_AUG_LIGHTNING,17_21014_50949,59.21,63.41,68.32,69.85,1.0,,37.148277,-122.281952,2022,563642.4,4111683.2,21014_50949
CZU_AUG_LIGHTNING,17_21014_50949,77.57,63.78,84.41,69.29,1.0,,37.148277,-122.281952,2022,563642.4,4111683.2,21014_50949
CZU_AUG_LIGHTNING,17_21014_50949,71.24,63.27,78.06,66.96,1.0,,37.148277,-122.281952,2022,563642.4,4111683.2,21014_50949
CZU_AUG_LIGHTNING,17_21014_50949,80.7,69.49,86.63,74.09,1.0,,37.148277,-122.281952,2022,563642.4,4111683.2,21014_50949
CZU_AUG_LIGHTNING,17_21014_50949,84.06,73.16,91.81,80.04,1.0,,37.148277,-122.281952,2022,563642.4,4111683.2,21014_50949
CZU_AUG_LIGHTNING,17_21014_50949,71.11,77.61,82.04,84.52,1.0,,37.148277,-122.281952,2022,563642.4,4111683.2,21014_50949
CZU_AUG_LIGHTNING,17_21014_50949,66.63,68.93,74.4,76.72,1.0,,37.148277,-122.281952,2022,563642.4,4111683.2,21014_50949
CZU_AUG_LIGHTNING,17_21014_50949,92.16,82.09,98.55,87.15,1.0,,37.148277,-122.281952,2022,563642.4,4111683.2,21014_50949
CZU_AUG_LIGHTNING,17_21014_50949,87.58,57.71,93.97,64.13,1.0,,37.148277,-122.281952,2022,563642.4,4111683.2,21014_50949
CZU_AUG_LIGHTNING,17_21014_50949,81.4,35.58,87.79,41.55,1.0,,37.148277,-122.281952,2022,563642.4,4111683.2,21014_50949
CZU_AUG_LIGHTNING,17_21014_50949,76.41,38.28,82.33,42.42,1.0,,37.148277,-122.281952,2022,563642.4,4111683.2,21014_50949
CZU_AUG_LIGHTNING,17_21014_50949,71.68,31.18,78.99,38.52,1.0,,37.148277,-122.281952,2022,563642.4,4111683.2,21014_50949
CZU_AUG_LIGHTNING,17_21014_50949,62.61,33.62,71.71,39.15,1.0,,37.148277,-122.281952,2022,563642.4,4111683.2,21014_50949
CZU_AUG_LIGHTNING,17_21014_50949,71.34,47.34,78.18,53.31,1.0,,37.148277,-122.281952,2022,563642.4,4111683.2,21014_50949
CZU_AUG_LIGHTNING,17_21014_50949,78.84,47.63,82.94,50.84,1.0,,37.148277,-122.281952,2022,563642.4,4111683.2,21014_50949
CZU_AUG_LIGHTNING,17_21014_50949,74.66,56.01,83.33,63.82,1.0,,37.148277,-122.281952,2022,563642.4,4111683.2,21014_50949
CZU_AUG_LIGHTNING,17_21014_50949,63.61,49.56,70.01,56.43,1.0,,37.148277,-122.281952,2022,563642.4,4111683.2,21014_50949
CZU_AUG_LIGHTNING,17_21014_50949,58.88,46.79,63.46,52.29,1.0,,37.148277,-122.281952,2022,563642.4,4111683.2,21014_50949
CZU_AUG_LIGHTNING,17_21014_50949,54.98,55.18,58.18,58.85,1.0,,37.148277,-122.281952,2022,563642.4,4111683.2,21014_50949
CZU_AUG_LIGHTNING,17_21014_50949,51.31,60.62,56.33,65.21,1.0,,37.148277,-122.281952,2022,563642.4,4111683.2,21014_50949
CZU_AUG_LIGHTNING,17_21014_50949,37.02,58.01,44.34,66.71,1.0,,37.148277,-122.281952,2022,563642.4,4111683.2,21014_50949
CZU_AUG_LIGHTNING,17_21014_50949,38.24,50.05,43.72,55.55,1.0,,37.148277,-122.281952,2022,563642.4,4111683.2,21014_50949
CZU_AUG_LIGHTNING,17_21014_50949,49.65,40.8,55.12,44.49,1.0,,37.148277,-122.281952,2022,563642.4,4111683.2,21014_50949
CZU_AUG_LIGHTNING,17_21014_50949,44.21,38.94,51.5,44.91,1.0,,37.148277,-122.281952,2022,563642.4,4111683.2,21014_50949
CZU_AUG_LIGHTNING,17_21014_50949,32.62,42.49,39.92,49.38,1.0,,37.148277,-122.281952,2022,563642.4,4111683.2,21014_50949
CZU_AUG_LIGHTNING,17_21014_50949,28.67,26.08,35.06,32.04,1.0,,37.148277,-122.281952,2022,563642.4,4111683.2,21014_50949
CZU_AUG_LIGHTNING,17_21014_50949,26.05,10.58,32.45,17.91,1.0,,37.148277,-122.281952,2022,563642.4,4111683.2,21014_50949
CZU_AUG_LIGHTNING,17_21014_50949,28.83,3.09,37.5,10.89,1.0,,37.148277,-122.281952,2022,563642.4,4111683.2,21014_50949
CZU_AUG_LIGHTNING,17_21014_50949,40.71,22.07,47.55,27.59,1.0,,37.148277,-122.281952,2022,563642.4,4111683.2,21014_50949
CZU_AUG_LIGHTNING,17_21014_50949,43.15,27.78,51.36,35.58,1.0,,37.148277,-122.281952,2022,563642.4,4111683.2,21014_50949
CZU_AUG_LIGHTNING,17_21014_50949,61.97,28.38,68.81,34.35,1.0,,37.148277,-122.281952,2022,563642.4,4111683.2,21014_50949
CZU_AUG_LIGHTNING,17_21014_50949,156.1,92.59,166.12,99.04,1.0,,37.148277,-122.281952,2022,563642.4,4111683.2,21014_50949
CZU_AUG_LIGHTNING,17_21014_50949,158.16,83.62,170.94,96.23,1.0,,37.148277,-122.281952,2022,563642.4,4111683.2,21014_50949
CZU_AUG_LIGHTNING,17_21014_50949,173.5,84.99,180.11,89.59,1.0,,37.148277,-122.281952,2022,563642.4,4111683.2,21014_50949
CZU_AUG_LIGHTNING,17_21014_50949,11.35,180.94,26.41,194.71,1.0,,37.148277,-122.281952,2022,563642.4,4111683.2,21014_50949
CZU_AUG_LIGHTNING,17_21014_50949,19.3,212.64,30.25,222.73,1.0,,37.148277,-122.281952,2022,563642.4,4111683.2,21014_50949
CZU_AUG_LIGHTNING,17_21014_50949,28.0,201.55,37.59,211.64,1.0,,37.148277,-122.281952,2022,563642.4,4111683.2,21014_50949
CZU_AUG_LIGHTNING,17_21014_50949,2.21,195.21,12.25,205.76,1.0,,37.148277,-122.281952,2022,563642.4,4111683.2,21014_50949
CZU_AUG_LIGHTNING,17_21014_50949,0.0,216.13,9.38,225.31,1.0,,37.148277,-122.281952,2022,563642.4,4111683.2,21014_50949
CZU_AUG_LIGHTNING,17_21014_50949,11.22,203.47,20.35,212.65,1.0,,37.148277,-122.281952,2022,563642.4,4111683.2,21014_50949
CZU_AUG_LIGHTNING,17_21014_50949,16.06,193.95,22.92,202.2,1.0,,37.148277,-122.281952,2022,563642.4,4111683.2,21014_50949
CZU_AUG_LIGHTNING,17_21014_50949,20.58,196.03,30.15,202.93,1.0,,37.148277,-122.281952,2022,563642.4,4111683.2,21014_50949
CZU_AUG_LIGHTNING,17_21014_50949,44.22,214.88,52.9,224.04,1.0,,37.148277,-122.281952,2022,563642.4,4111683.2,21014_50949
CZU_AUG_LIGHTNING,17_21014_50949,69.98,194.36,81.38,204.0,1.0,,37.148277,-122.281952,2022,563642.4,4111683.2,21014_50949
CZU_AUG_LIGHTNING,17_21014_50949,72.4,206.44,83.33,213.35,1.0,,37.148277,-122.281952,2022,563642.4,4111683.2,21014_50949
CZU_AUG_LIGHTNING,17_21014_50949,67.08,218.46,81.2,228.13,1.0,,37.148277,-122.281952,2022,563642.4,4111683.2,21014_50949
CZU_AUG_LIGHTNING,17_21014_50949,33.24,224.35,46.48,237.65,1.0,,37.148277,-122.281952,2022,563642.4,4111683.2,21014_50949
CZU_AUG_LIGHTNING,17_21014_50949,12.2,223.28,24.51,232.93,1.0,,37.148277,-122.281952,2022,563642.4,4111683.2,21014_50949
CZU_AUG_LIGHTNING,17_21014_50949,53.68,222.69,66.44,231.43,1.0,,37.148277,-122.281952,2022,563642.4,4111683.2,21014_50949
CZU_AUG_LIGHTNING,17_21014_50949,53.85,230.2,63.44,239.37,1.0,,37.148277,-122.281952,2022,563642.4,4111683.2,21014_50949
CZU_AUG_LIGHTNING,17_21014_50949,62.39,242.32,70.6,249.21,1.0,,37.148277,-122.281952,2022,563642.4,4111683.2,21014_50949
CZU_AUG_LIGHTNING,17_21014_50949,68.78,233.73,78.37,242.9,1.0,,37.148277,-122.281952,2022,563642.4,4111683.2,21014_50949
CZU_AUG_LIGHTNING,17_21014_50949,83.7,243.4,90.98,247.55,1.0,,37.148277,-122.281952,2022,563642.4,4111683.2,21014_50949
CZU_AUG_LIGHTNING,17_21014_50949,83.74,235.66,90.14,242.99,1.0,,37.148277,-122.281952,2022,563642.4,4111683.2,21014_50949
CZU_AUG_LIGHTNING,17_21014_50949,98.11,226.66,104.94,229.9,1.0,,37.148277,-122.281952,2022,563642.4,4111683.2,21014_50949
CZU_AUG_LIGHTNING,17_21014_50949,94.98,218.67,103.18,224.65,1.0,,37.148277,-122.281952,2022,563642.4,4111683.2,21014_50949
CZU_AUG_LIGHTNING,17_21014_50949,102.46,217.14,110.22,224.48,1.0,,37.148277,-122.281952,2022,563642.4,4111683.2,21014_50949
CZU_AUG_LIGHTNING,17_21014_50949,55.55,186.28,66.03,194.1,1.0,,37.148277,-122.281952,2022,563642.4,4111683.2,21014_50949
CZU_AUG_LIGHTNING,17_21014_50949,114.26,242.04,123.4,252.12,1.0,,37.148277,-122.281952,2022,563642.4,4111683.2,21014_50949
CZU_AUG_LIGHTNING,17_21014_50949,10.75,235.33,20.34,244.51,1.0,,37.148277,-122.281952,2022,563642.4,4111683.2,21014_50949
CZU_AUG_LIGHTNING,17_21014_50949,104.54,176.98,118.91,188.47,1.0,,37.148277,-122.281952,2022,563642.4,4111683.2,21014_50949
CZU_AUG_LIGHTNING,17_21014_50949,116.21,182.99,125.77,189.43,1.0,,37.148277,-122.281952,2022,563642.4,4111683.2,21014_50949
CZU_AUG_LIGHTNING,17_21014_50949,100.78,168.53,110.36,177.25,1.0,,37.148277,-122.281952,2022,563642.4,4111683.2,21014_50949
CZU_AUG_LIGHTNING,17_21014_50949,96.06,191.14,105.66,201.91,1.0,,37.148277,-122.281952,2022,563642.4,4111683.2,21014_50949
CZU_AUG_LIGHTNING,17_21014_50949,104.16,195.99,116.5,208.82,1.0,,37.148277,-122.281952,2022,563642.4,4111683.2,21014_50949
CZU_AUG_LIGHTNING,17_21014_50949,103.66,206.68,114.83,216.09,1.0,,37.148277,-122.281952,2022,563642.4,4111683.2,21014_50949
CZU_AUG_LIGHTNING,17_21014_50949,130.6,208.02,145.19,219.74,1.0,,37.148277,-122.281952,2022,563642.4,4111683.2,21014_50949
CZU_AUG_LIGHTNING,17_21014_50949,117.48,195.18,124.78,201.6,1.0,,37.148277,-122.281952,2022,563642.4,4111683.2,21014_50949
CZU_AUG_LIGHTNING,17_21014_50949,123.09,201.36,130.39,208.93,1.0,,37.148277,-122.281952,2022,563642.4,4111683.2,21014_50949
CZU_AUG_LIGHTNING,17_21014_50949,123.05,193.06,131.25,199.04,1.0,,37.148277,-122.281952,2022,563642.4,4111683.2,21014_50949
CZU_AUG_LIGHTNING,17_21014_50949,110.62,217.2,118.38,224.77,1.0,,37.148277,-122.281952,2022,563642.4,4111683.2,21014_50949
CZU_AUG_LIGHTNING,17_21014_50949,149.82,212.04,164.87,224.89,1.0,,37.148277,-122.281952,2022,563642.4,4111683.2,21014_50949
CZU_AUG_LIGHTNING,17_21014_50949,159.78,220.31,167.99,227.19,1.0,,37.148277,-122.281952,2022,563642.4,4111683.2,21014_50949
CZU_AUG_LIGHTNING,17_21014_50949,144.34,223.72,154.59,230.17,1.0,,37.148277,-122.281952,2022,563642.4,4111683.2,21014_50949
CZU_AUG_LIGHTNING,17_21014_50949,150.07,193.6,163.99,206.45,1.0,,37.148277,-122.281952,2022,563642.4,4111683.2,21014_50949
CZU_AUG_LIGHTNING,17_21014_50949,137.6,196.69,147.2,207.24,1.0,,37.148277,-122.281952,2022,563642.4,4111683.2,21014_50949
CZU_AUG_LIGHTNING,17_21014_50949,144.58,203.8,155.31,213.67,1.0,,37.148277,-122.281952,2022,563642.4,4111683.2,21014_50949
CZU_AUG_LIGHTNING,17_21014_50949,139.29,186.69,150.22,194.51,1.0,,37.148277,-122.281952,2022,563642.4,4111683.2,21014_50949
CZU_AUG_LIGHTNING,17_21014_50949,137.99,176.1,151.89,186.45,1.0,,37.148277,-122.281952,2022,563642.4,4111683.2,21014_50949
CZU_AUG_LIGHTNING,17_21014_50949,146.46,181.4,156.27,189.21,1.0,,37.148277,-122.281952,2022,563642.4,4111683.2,21014_50949
CZU_AUG_LIGHTNING,17_21014_50949,152.33,180.76,169.42,192.5,1.0,,37.148277,-122.281952,2022,563642.4,4111683.2,21014_50949
CZU_AUG_LIGHTNING,17_21014_50949,164.78,187.23,175.71,194.59,1.0,,37.148277,-122.281952,2022,563642.4,4111683.2,21014_50949
CZU_AUG_LIGHTNING,17_21014_50949,174.17,188.67,183.75,196.48,1.0,,37.148277,-122.281952,2022,563642.4,4111683.2,21014_50949
CZU_AUG_LIGHTNING,17_21014_50949,174.14,178.88,181.22,185.76,1.0,,37.148277,-122.281952,2022,563642.4,4111683.2,21014_50949
CZU_AUG_LIGHTNING,17_21014_50949,174.52,174.1,182.5,180.08,1.0,,37.148277,-122.281952,2022,563642.4,4111683.2,21014_50949
CZU_AUG_LIGHTNING,17_21014_50949,176.04,180.6,188.79,188.66,1.0,,37.148277,-122.281952,2022,563642.4,4111683.2,21014_50949
CZU_AUG_LIGHTNING,17_21014_50949,182.61,194.19,196.06,204.08,1.0,,37.148277,-122.281952,2022,563642.4,4111683.2,21014_50949
CZU_AUG_LIGHTNING,17_21014_50949,194.41,194.96,202.4,202.76,1.0,,37.148277,-122.281952,2022,563642.4,4111683.2,21014_50949
CZU_AUG_LIGHTNING,17_21014_50949,198.98,190.56,207.42,197.91,1.0,,37.148277,-122.281952,2022,563642.4,4111683.2,21014_50949
CZU_AUG_LIGHTNING,17_21014_50949,202.28,187.29,212.09,195.55,1.0,,37.148277,-122.281952,2022,563642.4,4111683.2,21014_50949
CZU_AUG_LIGHTNING,17_21014_50949,228.32,177.92,239.47,184.15,1.0,,37.148277,-122.281952,2022,563642.4,4111683.2,21014_50949
CZU_AUG_LIGHTNING,17_21014_50949,220.74,189.13,233.49,197.2,1.0,,37.148277,-122.281952,2022,563642.4,4111683.2,21014_50949
CZU_AUG_LIGHTNING,17_21014_50949,213.85,173.95,220.91,179.01,1.0,,37.148277,-122.281952,2022,563642.4,4111683.2,21014_50949
CZU_AUG_LIGHTNING,17_21014_50949,244.35,200.58,250.29,206.54,1.0,,37.148277,-122.281952,2022,563642.4,4111683.2,21014_50949
CZU_AUG_LIGHTNING,17_21014_50949,238.98,206.68,244.23,212.18,1.0,,37.148277,-122.281952,2022,563642.4,4111683.2,21014_50949
CZU_AUG_LIGHTNING,17_21014_50949,244.94,242.12,252.92,247.87,1.0,,37.148277,-122.281952,2022,563642.4,4111683.2,21014_50949
CZU_AUG_LIGHTNING,17_21014_50949,233.55,249.66,242.66,255.87,1.0,,37.148277,-122.281952,2022,563642.4,4111683.2,21014_50949
CZU_AUG_LIGHTNING,17_21014_50949,44.72,243.21,50.99,248.16,1.0,,37.148277,-122.281952,2022,563642.4,4111683.2,21014_50949
CZU_AUG_LIGHTNING,17_21014_50949,50.06,240.3,57.92,246.39,1.0,,37.148277,-122.281952,2022,563642.4,4111683.2,21014_50949
CZU_AUG_LIGHTNING,17_21014_50949,116.34,168.37,129.79,178.94,1.0,,37.148277,-122.281952,2022,563642.4,4111683.2,21014_50949
CZU_AUG_LIGHTNING,17_21014_50949,128.53,175.97,138.35,185.83,1.0,,37.148277,-122.281952,2022,563642.4,4111683.2,21014_50949
CZU_AUG_LIGHTNING,17_21014_50949,131.87,167.8,140.79,179.25,1.0,,37.148277,-122.281952,2022,563642.4,4111683.2,21014_50949
CZU_AUG_LIGHTNING,17_21014_50949,144.83,165.06,157.35,173.12,1.0,,37.148277,-122.281952,2022,563642.4,4111683.2,21014_50949
CZU_AUG_LIGHTNING,17_21014_50949,157.67,174.83,167.7,183.32,1.0,,37.148277,-122.281952,2022,563642.4,4111683.2,21014_50949
CZU_AUG_LIGHTNING,17_21014_50949,200.02,163.09,208.25,172.71,1.0,,37.148277,-122.281952,2022,563642.4,4111683.2,21014_50949
CZU_AUG_LIGHTNING,17_21014_50949,188.28,160.95,196.48,166.47,1.0,,37.148277,-122.281952,2022,563642.4,4111683.2,21014_50949
CZU_AUG_LIGHTNING,17_21014_50949,189.71,178.03,199.07,187.66,1.0,,37.148277,-122.281952,2022,563642.4,4111683.2,21014_50949
CZU_AUG_LIGHTNING,17_21014_50949,160.39,130.24,173.37,138.76,1.0,,37.148277,-122.281952,2022,563642.4,4111683.2,21014_50949
CZU_AUG_LIGHTNING,17_21014_50949,57.06,111.93,69.82,121.13,1.0,,37.148277,-122.281952,2022,563642.4,4111683.2,21014_50949
CZU_AUG_LIGHTNING,17_21014_50949,52.99,129.08,58.25,135.49,1.0,,37.148277,-122.281952,2022,563642.4,4111683.2,21014_50949
CZU_AUG_LIGHTNING,17_21014_50949,50.2,124.39,55.9,129.78,1.0,,37.148277,-122.281952,2022,563642.4,4111683.2,21014_50949
CZU_AUG_LIGHTNING,17_21014_50949,61.1,129.03,66.58,133.74,1.0,,37.148277,-122.281952,2022,563642.4,4111683.2,21014_50949
CZU_AUG_LIGHTNING,17_21014_50949,42.57,127.92,49.53,135.14,1.0,,37.148277,-122.281952,2022,563642.4,4111683.2,21014_50949
CZU_AUG_LIGHTNING,17_21014_50949,46.92,136.72,54.22,143.37,1.0,,37.148277,-122.281952,2022,563642.4,4111683.2,21014_50949
CZU_AUG_LIGHTNING,17_21014_50949,92.4,160.28,104.93,168.79,1.0,,37.148277,-122.281952,2022,563642.4,4111683.2,21014_50949
CZU_AUG_LIGHTNING,17_21014_50949,30.87,188.37,42.73,198.48,1.0,,37.148277,-122.281952,2022,563642.4,4111683.2,21014_50949
CZU_AUG_LIGHTNING,17_21014_50949,122.38,242.33,132.86,250.6,1.0,,37.148277,-122.281952,2022,563642.4,4111683.2,21014_50949
CZU_AUG_LIGHTNING,17_21014_50949,122.31,148.55,130.74,154.31,1.0,,37.148277,-122.281952,2022,563642.4,4111683.2,21014_50949
CZU_AUG_LIGHTNING,17_21014_50949,126.97,146.2,134.27,152.86,1.0,,37.148277,-122.281952,2022,563642.4,4111683.2,21014_50949
CZU_AUG_LIGHTNING,17_21014_50949,138.16,129.9,150.71,141.37,1.0,,37.148277,-122.281952,2022,563642.4,4111683.2,21014_50949
CZU_AUG_LIGHTNING,17_21014_50949,122.41,134.22,131.75,140.66,1.0,,37.148277,-122.281952,2022,563642.4,4111683.2,21014_50949
CZU_AUG_LIGHTNING,17_21014_50949,111.39,118.2,124.17,129.9,1.0,,37.148277,-122.281952,2022,563642.4,4111683.2,21014_50949
CZU_AUG_LIGHTNING,17_21014_50949,141.7,98.06,150.83,107.69,1.0,,37.148277,-122.281952,2022,563642.4,4111683.2,21014_50949
CZU_AUG_LIGHTNING,17_21014_50949,203.59,94.55,213.64,104.41,1.0,,37.148277,-122.281952,2022,563642.4,4111683.2,21014_50949
CZU_AUG_LIGHTNING,17_21014_50949,203.64,89.54,217.75,97.61,1.0,,37.148277,-122.281952,2022,563642.4,4111683.2,21014_50949
CZU_AUG_LIGHTNING,17_21014_50949,214.32,100.21,226.4,109.86,1.0,,37.148277,-122.281952,2022,563642.4,4111683.2,21014_50949
CZU_AUG_LIGHTNING,17_21014_50949,221.54,120.75,230.21,128.32,1.0,,37.148277,-122.281952,2022,563642.4,4111683.2,21014_50949
CZU_AUG_LIGHTNING,17_21014_50949,206.87,113.01,219.16,120.61,1.0,,37.148277,-122.281952,2022,563642.4,4111683.2,21014_50949
CZU_AUG_LIGHTNING,17_21014_50949,203.73,122.43,212.41,131.37,1.0,,37.148277,-122.281952,2022,563642.4,4111683.2,21014_50949
CZU_AUG_LIGHTNING,17_21014_50949,225.7,110.42,235.27,118.0,1.0,,37.148277,-122.281952,2022,563642.4,4111683.2,21014_50949
CZU_AUG_LIGHTNING,17_21014_50949,234.61,113.68,243.97,123.31,1.0,,37.148277,-122.281952,2022,563642.4,4111683.2,21014_50949
CZU_AUG_LIGHTNING,17_21014_50949,176.36,97.87,189.59,109.58,1.0,,37.148277,-122.281952,2022,563642.4,4111683.2,21014_50949
CZU_AUG_LIGHTNING,17_21014_50949,179.37,92.66,195.75,100.75,1.0,,37.148277,-122.281952,2022,563642.4,4111683.2,21014_50949
CZU_AUG_LIGHTNING,17_21014_50949,185.63,102.04,202.02,112.18,1.0,,37.148277,-122.281952,2022,563642.4,4111683.2,21014_50949
CZU_AUG_LIGHTNING,17_21014_50949,188.5,110.14,200.15,121.83,1.0,,37.148277,-122.281952,2022,563642.4,4111683.2,21014_50949
CZU_AUG_LIGHTNING,17_21014_50949,170.54,118.08,185.13,130.25,1.0,,37.148277,-122.281952,2022,563642.4,4111683.2,21014_50949
CZU_AUG_LIGHTNING,17_21014_50949,158.19,145.19,172.35,160.09,1.0,,37.148277,-122.281952,2022,563642.4,4111683.2,21014_50949
CZU_AUG_LIGHTNING,17_21014_50949,191.4,131.1,209.62,143.07,1.0,,37.148277,-122.281952,2022,563642.4,4111683.2,21014_50949
CZU_AUG_LIGHTNING,17_21014_50949,200.57,147.33,211.54,159.25,1.0,,37.148277,-122.281952,2022,563642.4,4111683.2,21014_50949
CZU_AUG_LIGHTNING,17_21014_50949,107.89,239.71,116.56,248.43,1.0,,37.148277,-122.281952,2022,563642.4,4111683.2,21014_50949
CZU_AUG_LIGHTNING,17_21014_50949,104.88,248.57,114.46,256.0,1.0,,37.148277,-122.281952,2022,563642.4,4111683.2,21014_50949
CZU_AUG_LIGHTNING,17_21014_50949,106.38,231.73,114.59,237.71,1.0,,37.148277,-122.281952,2022,563642.4,4111683.2,21014_50949
CZU_AUG_LIGHTNING,17_21014_50949,108.0,225.15,118.03,232.96,1.0,,37.148277,-122.281952,2022,563642.4,4111683.2,21014_50949
CZU_AUG_LIGHTNING,17_21014_50949,119.07,230.69,130.0,238.51,1.0,,37.148277,-122.281952,2022,563642.4,4111683.2,21014_50949
CZU_AUG_LIGHTNING,17_21014_50949,119.82,218.86,130.32,228.5,1.0,,37.148277,-122.281952,2022,563642.4,4111683.2,21014_50949
CZU_AUG_LIGHTNING,17_21014_50949,128.2,222.57,138.68,229.93,1.0,,37.148277,-122.281952,2022,563642.4,4111683.2,21014_50949
CZU_AUG_LIGHTNING,17_21014_50949,129.73,229.86,140.66,237.68,1.0,,37.148277,-122.281952,2022,563642.4,4111683.2,21014_50949
CZU_AUG_LIGHTNING,17_21014_50949,133.54,234.9,144.48,242.27,1.0,,37.148277,-122.281952,2022,563642.4,4111683.2,21014_50949
CZU_AUG_LIGHTNING,17_21014_50949,208.9,158.77,220.29,166.6,1.0,,37.148277,-122.281952,2022,563642.4,4111683.2,21014_50949
CZU_AUG_LIGHTNING,17_21014_50949,153.82,70.5,160.22,77.83,1.0,,37.148277,-122.281952,2022,563642.4,4111683.2,21014_50949
CZU_AUG_LIGHTNING,17_21014_50949,158.85,65.3,165.7,72.18,1.0,,37.148277,-122.281952,2022,563642.4,4111683.2,21014_50949
CZU_AUG_LIGHTNING,17_21014_50949,182.48,83.46,191.17,94.0,1.0,,37.148277,-122.281952,2022,563642.4,4111683.2,21014_50949
CZU_AUG_LIGHTNING,17_21014_50949,195.21,76.96,205.72,88.87,1.0,,37.148277,-122.281952,2022,563642.4,4111683.2,21014_50949
CZU_AUG_LIGHTNING,17_21014_50949,211.77,75.49,224.09,86.51,1.0,,37.148277,-122.281952,2022,563642.4,4111683.2,21014_50949
CZU_AUG_LIGHTNING,17_21014_50949,218.77,17.05,229.29,29.42,1.0,,37.148277,-122.281952,2022,563642.4,4111683.2,21014_50949
CZU_AUG_LIGHTNING,17_21014_50949,223.67,28.24,236.01,41.54,1.0,,37.148277,-122.281952,2022,563642.4,4111683.2,21014_50949
CZU_AUG_LIGHTNING,17_21014_50949,232.05,33.54,240.73,42.71,1.0,,37.148277,-122.281952,2022,563642.4,4111683.2,21014_50949
CZU_AUG_LIGHTNING,17_21014_50949,229.93,45.82,241.31,52.73,1.0,,37.148277,-122.281952,2022,563642.4,4111683.2,21014_50949
CZU_AUG_LIGHTNING,17_21014_50949,219.96,41.19,227.75,52.17,1.0,,37.148277,-122.281952,2022,563642.4,4111683.2,21014_50949
CZU_AUG_LIGHTNING,17_21014_50949,215.47,6.1,227.79,16.67,1.0,,37.148277,-122.281952,2022,563642.4,4111683.2,21014_50949
CZU_AUG_LIGHTNING,17_21014_50949,139.02,63.67,149.51,71.95,1.0,,37.148277,-122.281952,2022,563642.4,4111683.2,21014_50949
CZU_AUG_LIGHTNING,17_21014_50949,15.05,240.03,25.12,253.31,1.0,,37.148277,-122.281952,2022,563642.4,4111683.2,21014_50949
CZU_AUG_LIGHTNING,17_21015_50917,3.75,148.22,22.01,164.74,1.0,,37.2183,-122.279205,2022,563827.4,4119453.2,21015_50917
CZU_AUG_LIGHTNING,17_21015_50917,13.64,132.13,28.25,145.45,1.0,,37.2183,-122.279205,2022,563827.4,4119453.2,21015_50917
CZU_AUG_LIGHTNING,17_21015_50917,21.42,154.95,32.38,165.51,1.0,,37.2183,-122.279205,2022,563827.4,4119453.2,21015_50917
CZU_AUG_LIGHTNING,17_21015_50917,24.24,142.91,36.55,152.57,1.0,,37.2183,-122.279205,2022,563827.4,4119453.2,21015_50917
CZU_AUG_LIGHTNING,17_21015_50917,21.25,149.04,33.11,158.68,1.0,,37.2183,-122.279205,2022,563827.4,4119453.2,21015_50917
CZU_AUG_LIGHTNING,17_21015_50917,0.73,134.31,13.5,144.42,1.0,,37.2183,-122.279205,2022,563827.4,4119453.2,21015_50917
CZU_AUG_LIGHTNING,17_21015_50917,1.97,119.98,12.48,130.08,1.0,,37.2183,-122.279205,2022,563827.4,4119453.2,21015_50917
CZU_AUG_LIGHTNING,17_21015_50917,11.26,122.33,19.48,130.59,1.0,,37.2183,-122.279205,2022,563827.4,4119453.2,21015_50917
CZU_AUG_LIGHTNING,17_21015_50917,6.29,180.56,20.4,189.31,1.0,,37.2183,-122.279205,2022,563827.4,4119453.2,21015_50917
CZU_AUG_LIGHTNING,17_21015_50917,11.78,172.63,24.54,182.75,1.0,,37.2183,-122.279205,2022,563827.4,4119453.2,21015_50917
CZU_AUG_LIGHTNING,17_21015_50917,17.27,166.76,26.85,175.48,1.0,,37.2183,-122.279205,2022,563827.4,4119453.2,21015_50917
CZU_AUG_LIGHTNING,17_21015_50917,23.6,170.9,35.43,176.91,1.0,,37.2183,-122.279205,2022,563827.4,4119453.2,21015_50917
CZU_AUG_LIGHTNING,17_21015_50917,28.74,180.28,39.22,187.64,1.0,,37.2183,-122.279205,2022,563827.4,4119453.2,21015_50917
CZU_AUG_LIGHTNING,17_21015_50917,24.63,184.11,36.47,190.58,1.0,,37.2183,-122.279205,2022,563827.4,4119453.2,21015_50917
CZU_AUG_LIGHTNING,17_21015_50917,10.5,187.42,30.1,201.68,1.0,,37.2183,-122.279205,2022,563827.4,4119453.2,21015_50917
CZU_AUG_LIGHTNING,17_21015_50917,37.33,184.44,45.08,189.96,1.0,,37.2183,-122.279205,2022,563827.4,4119453.2,21015_50917
CZU_AUG_LIGHTNING,17_21015_50917,42.34,183.34,50.98,187.5,1.0,,37.2183,-122.279205,2022,563827.4,4119453.2,21015_50917
CZU_AUG_LIGHTNING,17_21015_50917,37.81,179.43,44.66,186.31,1.0,,37.2183,-122.279205,2022,563827.4,4119453.2,21015_50917
CZU_AUG_LIGHTNING,17_21015_50917,39.53,191.74,47.74,198.63,1.0,,37.2183,-122.279205,2022,563827.4,4119453.2,21015_50917
CZU_AUG_LIGHTNING,17_21015_50917,44.97,193.37,51.36,198.88,1.0,,37.2183,-122.279205,2022,563827.4,4119453.2,21015_50917
CZU_AUG_LIGHTNING,17_21015_50917,47.9,193.39,56.11,201.2,1.0,,37.2183,-122.279205,2022,563827.4,4119453.2,21015_50917
CZU_AUG_LIGHTNING,17_21015_50917,51.57,187.96,57.97,195.29,1.0,,37.2183,-122.279205,2022,563827.4,4119453.2,21015_50917
CZU_AUG_LIGHTNING,17_21015_50917,58.61,185.74,70.45,193.11,1.0,,37.2183,-122.279205,2022,563827.4,4119453.2,21015_50917
CZU_AUG_LIGHTNING,17_21015_50917,40.93,212.46,54.61,223.03,1.0,,37.2183,-122.279205,2022,563827.4,4119453.2,21015_50917
CZU_AUG_LIGHTNING,17_21015_50917,54.26,217.8,67.94,229.28,1.0,,37.2183,-122.279205,2022,563827.4,4119453.2,21015_50917
CZU_AUG_LIGHTNING,17_21015_50917,38.56,225.19,52.25,237.13,1.0,,37.2183,-122.279205,2022,563827.4,4119453.2,21015_50917
CZU_AUG_LIGHTNING,17_21015_50917,25.2,224.63,35.71,236.09,1.0,,37.2183,-122.279205,2022,563827.4,4119453.2,21015_50917
CZU_AUG_LIGHTNING,17_21015_50917,13.65,222.5,26.43,234.43,1.0,,37.2183,-122.279205,2022,563827.4,4119453.2,21015_50917
CZU_AUG_LIGHTNING,17_21015_50917,0.0,214.2,9.27,227.47,1.0,,37.2183,-122.279205,2022,563827.4,4119453.2,21015_50917
CZU_AUG_LIGHTNING,17_21015_50917,4.43,210.36,19.5,225.5,1.0,,37.2183,-122.279205,2022,563827.4,4119453.2,21015_50917
CZU_AUG_LIGHTNING,17_21015_50917,10.99,246.15,22.4,256.0,1.0,,37.2183,-122.279205,2022,563827.4,4119453.2,21015_50917
CZU_AUG_LIGHTNING,17_21015_50917,0.0,244.47,11.76,254.12,1.0,,37.2183,-122.279205,2022,563827.4,4119453.2,21015_50917
CZU_AUG_LIGHTNING,17_21015_50917,12.2,234.77,22.26,246.23,1.0,,37.2183,-122.279205,2022,563827.4,4119453.2,21015_50917
CZU_AUG_LIGHTNING,17_21015_50917,19.03,235.05,31.32,242.89,1.0,,37.2183,-122.279205,2022,563827.4,4119453.2,21015_50917
CZU_AUG_LIGHTNING,17_21015_50917,28.45,241.5,43.51,256.0,1.0,,37.2183,-122.279205,2022,563827.4,4119453.2,21015_50917
CZU_AUG_LIGHTNING,17_21015_50917,39.11,236.35,62.36,253.82,1.0,,37.2183,-122.279205,2022,563827.4,4119453.2,21015_50917
CZU_AUG_LIGHTNING,17_21015_50917,18.93,248.03,30.32,256.0,1.0,,37.2183,-122.279205,2022,563827.4,4119453.2,21015_50917
CZU_AUG_LIGHTNING,17_21015_50917,58.83,235.13,77.1,253.93,1.0,,37.2183,-122.279205,2022,563827.4,4119453.2,21015_50917
CZU_AUG_LIGHTNING,17_21015_50917,80.18,236.66,93.41,248.59,1.0,,37.2183,-122.279205,2022,563827.4,4119453.2,21015_50917
CZU_AUG_LIGHTNING,17_21015_50917,72.41,245.93,83.37,256.0,1.0,,37.2183,-122.279205,2022,563827.4,4119453.2,21015_50917
CZU_AUG_LIGHTNING,17_21015_50917,68.52,223.37,80.36,231.65,1.0,,37.2183,-122.279205,2022,563827.4,4119453.2,21015_50917
CZU_AUG_LIGHTNING,17_21015_50917,74.83,227.51,84.41,236.24,1.0,,37.2183,-122.279205,2022,563827.4,4119453.2,21015_50917
CZU_AUG_LIGHTNING,17_21015_50917,76.93,218.65,85.16,227.82,1.0,,37.2183,-122.279205,2022,563827.4,4119453.2,21015_50917
CZU_AUG_LIGHTNING,17_21015_50917,84.2,218.25,92.87,226.06,1.0,,37.2183,-122.279205,2022,563827.4,4119453.2,21015_50917
CZU_AUG_LIGHTNING,17_21015_50917,82.53,226.43,93.94,236.54,1.0,,37.2183,-122.279205,2022,563827.4,4119453.2,21015_50917
CZU_AUG_LIGHTNING,17_21015_50917,122.05,251.09,129.34,256.0,1.0,,37.2183,-122.279205,2022,563827.4,4119453.2,21015_50917
CZU_AUG_LIGHTNING,17_21015_50917,128.42,246.36,136.62,252.79,1.0,,37.2183,-122.279205,2022,563827.4,4119453.2,21015_50917
CZU_AUG_LIGHTNING,17_21015_50917,131.63,242.06,136.2,247.1,1.0,,37.2183,-122.279205,2022,563827.4,4119453.2,21015_50917
CZU_AUG_LIGHTNING,17_21015_50917,132.04,247.07,141.15,253.51,1.0,,37.2183,-122.279205,2022,563827.4,4119453.2,21015_50917
CZU_AUG_LIGHTNING,17_21015_50917,138.19,244.16,143.21,248.75,1.0,,37.2183,-122.279205,2022,563827.4,4119453.2,21015_50917
CZU_AUG_LIGHTNING,17_21015_50917,142.48,246.47,146.14,251.05,1.0,,37.2183,-122.279205,2022,563827.4,4119453.2,21015_50917
CZU_AUG_LIGHTNING,17_21015_50917,138.37,251.44,143.84,255.13,1.0,,37.2183,-122.279205,2022,563827.4,4119453.2,21015_50917
CZU_AUG_LIGHTNING,17_21015_50917,118.77,228.08,127.92,239.98,1.0,,37.2183,-122.279205,2022,563827.4,4119453.2,21015_50917
CZU_AUG_LIGHTNING,17_21015_50917,117.13,240.58,123.07,247.46,1.0,,37.2183,-122.279205,2022,563827.4,4119453.2,21015_50917
CZU_AUG_LIGHTNING,17_21015_50917,122.35,240.4,127.38,245.44,1.0,,37.2183,-122.279205,2022,563827.4,4119453.2,21015_50917
CZU_AUG_LIGHTNING,17_21015_50917,124.86,238.14,131.7,243.2,1.0,,37.2183,-122.279205,2022,563827.4,4119453.2,21015_50917
CZU_AUG_LIGHTNING,17_21015_50917,111.3,233.03,119.05,239.0,1.0,,37.2183,-122.279205,2022,563827.4,4119453.2,21015_50917
CZU_AUG_LIGHTNING,17_21015_50917,110.31,243.03,118.97,249.93,1.0,,37.2183,-122.279205,2022,563827.4,4119453.2,21015_50917
CZU_AUG_LIGHTNING,17_21015_50917,115.04,247.85,122.79,253.83,1.0,,37.2183,-122.279205,2022,563827.4,4119453.2,21015_50917
CZU_AUG_LIGHTNING,17_21015_50917,101.36,228.63,108.65,234.14,1.0,,37.2183,-122.279205,2022,563827.4,4119453.2,21015_50917
CZU_AUG_LIGHTNING,17_21015_50917,101.41,220.21,110.53,227.56,1.0,,37.2183,-122.279205,2022,563827.4,4119453.2,21015_50917
CZU_AUG_LIGHTNING,17_21015_50917,96.25,212.43,106.28,221.15,1.0,,37.2183,-122.279205,2022,563827.4,4119453.2,21015_50917
CZU_AUG_LIGHTNING,17_21015_50917,91.32,204.2,100.45,213.82,1.0,,37.2183,-122.279205,2022,563827.4,4119453.2,21015_50917
CZU_AUG_LIGHTNING,17_21015_50917,104.43,211.35,113.54,217.79,1.0,,37.2183,-122.279205,2022,563827.4,4119453.2,21015_50917
CZU_AUG_LIGHTNING,17_21015_50917,108.1,201.82,114.98,211.89,1.0,,37.2183,-122.279205,2022,563827.4,4119453.2,21015_50917
CZU_AUG_LIGHTNING,17_21015_50917,101.28,202.91,107.72,214.79,1.0,,37.2183,-122.279205,2022,563827.4,4119453.2,21015_50917
CZU_AUG_LIGHTNING,17_21015_50917,113.89,212.34,122.6,225.15,1.0,,37.2183,-122.279205,2022,563827.4,4119453.2,21015_50917
CZU_AUG_LIGHTNING,17_21015_50917,122.96,218.55,132.07,224.99,1.0,,37.2183,-122.279205,2022,563827.4,4119453.2,21015_50917
CZU_AUG_LIGHTNING,17_21015_50917,127.51,212.67,137.56,222.76,1.0,,37.2183,-122.279205,2022,563827.4,4119453.2,21015_50917
CZU_AUG_LIGHTNING,17_21015_50917,132.71,215.21,141.85,224.84,1.0,,37.2183,-122.279205,2022,563827.4,4119453.2,21015_50917
CZU_AUG_LIGHTNING,17_21015_50917,132.18,225.68,140.86,235.3,1.0,,37.2183,-122.279205,2022,563827.4,4119453.2,21015_50917
CZU_AUG_LIGHTNING,17_21015_50917,141.95,220.52,154.27,231.53,1.0,,37.2183,-122.279205,2022,563827.4,4119453.2,21015_50917
CZU_AUG_LIGHTNING,17_21015_50917,146.21,226.69,156.72,237.24,1.0,,37.2183,-122.279205,2022,563827.4,4119453.2,21015_50917
CZU_AUG_LIGHTNING,17_21015_50917,139.14,234.15,147.82,243.32,1.0,,37.2183,-122.279205,2022,563827.4,4119453.2,21015_50917
CZU_AUG_LIGHTNING,17_21015_50917,111.49,238.49,121.95,243.58,1.0,,37.2183,-122.279205,2022,563827.4,4119453.2,21015_50917
CZU_AUG_LIGHTNING,17_21015_50917,143.12,248.75,151.79,256.0,1.0,,37.2183,-122.279205,2022,563827.4,4119453.2,21015_50917
CZU_AUG_LIGHTNING,17_21015_50917,144.75,241.7,150.71,250.85,1.0,,37.2183,-122.279205,2022,563827.4,4119453.2,21015_50917
CZU_AUG_LIGHTNING,17_21015_50917,150.64,245.85,158.38,251.37,1.0,,37.2183,-122.279205,2022,563827.4,4119453.2,21015_50917
CZU_AUG_LIGHTNING,17_21015_50917,148.86,236.27,164.8,247.32,1.0,,37.2183,-122.279205,2022,563827.4,4119453.2,21015_50917
CZU_AUG_LIGHTNING,17_21015_50917,155.81,247.71,167.21,256.0,1.0,,37.2183,-122.279205,2022,563827.4,4119453.2,21015_50917
CZU_AUG_LIGHTNING,17_21015_50917,161.29,240.92,172.25,251.93,1.0,,37.2183,-122.279205,2022,563827.4,4119453.2,21015_50917
CZU_AUG_LIGHTNING,17_21015_50917,168.51,249.62,179.89,256.0,1.0,,37.2183,-122.279205,2022,563827.4,4119453.2,21015_50917
CZU_AUG_LIGHTNING,17_21015_50917,168.79,239.16,180.19,248.8,1.0,,37.2183,-122.279205,2022,563827.4,4119453.2,21015_50917
CZU_AUG_LIGHTNING,17_21015_50917,158.88,229.07,167.12,240.05,1.0,,37.2183,-122.279205,2022,563827.4,4119453.2,21015_50917
CZU_AUG_LIGHTNING,17_21015_50917,162.5,235.47,171.15,241.45,1.0,,37.2183,-122.279205,2022,563827.4,4119453.2,21015_50917
CZU_AUG_LIGHTNING,17_21015_50917,156.69,224.27,163.53,230.69,1.0,,37.2183,-122.279205,2022,563827.4,4119453.2,21015_50917
CZU_AUG_LIGHTNING,17_21015_50917,154.01,217.42,161.77,224.76,1.0,,37.2183,-122.279205,2022,563827.4,4119453.2,21015_50917
CZU_AUG_LIGHTNING,17_21015_50917,141.81,213.23,153.19,219.69,1.0,,37.2183,-122.279205,2022,563827.4,4119453.2,21015_50917
CZU_AUG_LIGHTNING,17_21015_50917,120.54,206.47,130.58,215.65,1.0,,37.2183,-122.279205,2022,563827.4,4119453.2,21015_50917
CZU_AUG_LIGHTNING,17_21015_50917,119.93,201.23,129.03,205.85,1.0,,37.2183,-122.279205,2022,563827.4,4119453.2,21015_50917
CZU_AUG_LIGHTNING,17_21015_50917,110.18,196.6,122.5,206.71,1.0,,37.2183,-122.279205,2022,563827.4,4119453.2,21015_50917
CZU_AUG_LIGHTNING,17_21015_50917,127.83,201.29,141.04,210.95,1.0,,37.2183,-122.279205,2022,563827.4,4119453.2,21015_50917
CZU_AUG_LIGHTNING,17_21015_50917,137.62,197.27,147.65,205.08,1.0,,37.2183,-122.279205,2022,563827.4,4119453.2,21015_50917
CZU_AUG_LIGHTNING,17_21015_50917,121.37,187.81,131.85,195.63,1.0,,37.2183,-122.279205,2022,563827.4,4119453.2,21015_50917
CZU_AUG_LIGHTNING,17_21015_50917,92.3,194.42,103.7,204.06,1.0,,37.2183,-122.279205,2022,563827.4,4119453.2,21015_50917
CZU_AUG_LIGHTNING,17_21015_50917,181.45,244.26,188.77,252.51,1.0,,37.2183,-122.279205,2022,563827.4,4119453.2,21015_50917
CZU_AUG_LIGHTNING,17_21015_50917,185.29,248.84,194.4,254.37,1.0,,37.2183,-122.279205,2022,563827.4,4119453.2,21015_50917
CZU_AUG_LIGHTNING,17_21015_50917,189.42,241.59,195.81,247.1,1.0,,37.2183,-122.279205,2022,563827.4,4119453.2,21015_50917
CZU_AUG_LIGHTNING,17_21015_50917,169.98,233.02,178.65,241.28,1.0,,37.2183,-122.279205,2022,563827.4,4119453.2,21015_50917
CZU_AUG_LIGHTNING,17_21015_50917,181.81,226.74,192.3,235.01,1.0,,37.2183,-122.279205,2022,563827.4,4119453.2,21015_50917
CZU_AUG_LIGHTNING,17_21015_50917,175.67,230.56,185.7,237.46,1.0,,37.2183,-122.279205,2022,563827.4,4119453.2,21015_50917
CZU_AUG_LIGHTNING,17_21015_50917,179.71,235.37,188.83,243.63,1.0,,37.2183,-122.279205,2022,563827.4,4119453.2,21015_50917
CZU_AUG_LIGHTNING,17_21015_50917,163.93,221.14,178.97,232.63,1.0,,37.2183,-122.279205,2022,563827.4,4119453.2,21015_50917
CZU_AUG_LIGHTNING,17_21015_50917,173.5,214.38,188.54,224.97,1.0,,37.2183,-122.279205,2022,563827.4,4119453.2,21015_50917
CZU_AUG_LIGHTNING,17_21015_50917,176.4,220.78,188.72,231.8,1.0,,37.2183,-122.279205,2022,563827.4,4119453.2,21015_50917
CZU_AUG_LIGHTNING,17_21015_50917,159.22,217.01,171.07,224.83,1.0,,37.2183,-122.279205,2022,563827.4,4119453.2,21015_50917
CZU_AUG_LIGHTNING,17_21015_50917,160.7,200.63,168.93,209.34,1.0,,37.2183,-122.279205,2022,563827.4,4119453.2,21015_50917
CZU_AUG_LIGHTNING,17_21015_50917,162.8,194.73,171.01,201.16,1.0,,37.2183,-122.279205,2022,563827.4,4119453.2,21015_50917
CZU_AUG_LIGHTNING,17_21015_50917,167.46,202.73,180.69,214.67,1.0,,37.2183,-122.279205,2022,563827.4,4119453.2,21015_50917
CZU_AUG_LIGHTNING,17_21015_50917,178.12,198.94,188.66,213.59,1.0,,37.2183,-122.279205,2022,563827.4,4119453.2,21015_50917
CZU_AUG_LIGHTNING,17_21015_50917,155.09,194.9,164.21,202.7,1.0,,37.2183,-122.279205,2022,563827.4,4119453.2,21015_50917
CZU_AUG_LIGHTNING,17_21015_50917,147.67,188.01,162.22,194.95,1.0,,37.2183,-122.279205,2022,563827.4,4119453.2,21015_50917
CZU_AUG_LIGHTNING,17_21015_50917,152.24,183.27,160.9,189.25,1.0,,37.2183,-122.279205,2022,563827.4,4119453.2,21015_50917
CZU_AUG_LIGHTNING,17_21015_50917,166.46,189.98,177.85,197.35,1.0,,37.2183,-122.279205,2022,563827.4,4119453.2,21015_50917
CZU_AUG_LIGHTNING,17_21015_50917,175.74,189.59,184.87,199.22,1.0,,37.2183,-122.279205,2022,563827.4,4119453.2,21015_50917
CZU_AUG_LIGHTNING,17_21015_50917,173.55,180.24,186.3,188.99,1.0,,37.2183,-122.279205,2022,563827.4,4119453.2,21015_50917
CZU_AUG_LIGHTNING,17_21015_50917,185.34,182.38,193.54,188.36,1.0,,37.2183,-122.279205,2022,563827.4,4119453.2,21015_50917
CZU_AUG_LIGHTNING,17_21015_50917,167.29,169.73,177.77,177.54,1.0,,37.2183,-122.279205,2022,563827.4,4119453.2,21015_50917
CZU_AUG_LIGHTNING,17_21015_50917,162.64,176.97,178.17,192.57,1.0,,37.2183,-122.279205,2022,563827.4,4119453.2,21015_50917
CZU_AUG_LIGHTNING,17_21015_50917,173.61,174.1,182.73,181.0,1.0,,37.2183,-122.279205,2022,563827.4,4119453.2,21015_50917
CZU_AUG_LIGHTNING,17_21015_50917,180.68,167.78,187.53,175.11,1.0,,37.2183,-122.279205,2022,563827.4,4119453.2,21015_50917
CZU_AUG_LIGHTNING,17_21015_50917,175.76,159.32,184.88,165.76,1.0,,37.2183,-122.279205,2022,563827.4,4119453.2,21015_50917
CZU_AUG_LIGHTNING,17_21015_50917,159.62,157.6,174.69,173.19,1.0,,37.2183,-122.279205,2022,563827.4,4119453.2,21015_50917
CZU_AUG_LIGHTNING,17_21015_50917,167.2,150.61,176.78,159.78,1.0,,37.2183,-122.279205,2022,563827.4,4119453.2,21015_50917
CZU_AUG_LIGHTNING,17_21015_50917,144.89,162.95,156.29,172.14,1.0,,37.2183,-122.279205,2022,563827.4,4119453.2,21015_50917
CZU_AUG_LIGHTNING,17_21015_50917,151.26,160.27,164.93,169.48,1.0,,37.2183,-122.279205,2022,563827.4,4119453.2,21015_50917
CZU_AUG_LIGHTNING,17_21015_50917,150.96,170.97,160.09,179.23,1.0,,37.2183,-122.279205,2022,563827.4,4119453.2,21015_50917
CZU_AUG_LIGHTNING,17_21015_50917,131.72,165.36,141.32,176.35,1.0,,37.2183,-122.279205,2022,563827.4,4119453.2,21015_50917
CZU_AUG_LIGHTNING,17_21015_50917,122.43,159.82,136.6,174.95,1.0,,37.2183,-122.279205,2022,563827.4,4119453.2,21015_50917
CZU_AUG_LIGHTNING,17_21015_50917,131.11,184.02,142.53,196.39,1.0,,37.2183,-122.279205,2022,563827.4,4119453.2,21015_50917
CZU_AUG_LIGHTNING,17_21015_50917,121.43,173.93,134.68,188.14,1.0,,37.2183,-122.279205,2022,563827.4,4119453.2,21015_50917
CZU_AUG_LIGHTNING,17_21015_50917,138.67,176.33,151.43,185.54,1.0,,37.2183,-122.279205,2022,563827.4,4119453.2,21015_50917
CZU_AUG_LIGHTNING,17_21015_50917,191.96,225.91,203.41,241.01,1.0,,37.2183,-122.279205,2022,563827.4,4119453.2,21015_50917
CZU_AUG_LIGHTNING,17_21015_50917,187.97,214.49,203.04,230.09,1.0,,37.2183,-122.279205,2022,563827.4,4119453.2,21015_50917
CZU_AUG_LIGHTNING,17_21015_50917,200.7,211.18,213.49,224.48,1.0,,37.2183,-122.279205,2022,563827.4,4119453.2,21015_50917
CZU_AUG_LIGHTNING,17_21015_50917,208.56,223.76,223.6,233.89,1.0,,37.2183,-122.279205,2022,563827.4,4119453.2,21015_50917
CZU_AUG_LIGHTNING,17_21015_50917,214.47,215.61,227.74,231.64,1.0,,37.2183,-122.279205,2022,563827.4,4119453.2,21015_50917
CZU_AUG_LIGHTNING,17_21015_50917,218.67,229.52,236.02,246.5,1.0,,37.2183,-122.279205,2022,563827.4,4119453.2,21015_50917
CZU_AUG_LIGHTNING,17_21015_50917,235.03,231.93,242.8,240.18,1.0,,37.2183,-122.279205,2022,563827.4,4119453.2,21015_50917
CZU_AUG_LIGHTNING,17_21015_50917,216.2,198.1,233.08,213.25,1.0,,37.2183,-122.279205,2022,563827.4,4119453.2,21015_50917
CZU_AUG_LIGHTNING,17_21015_50917,197.88,201.37,207.45,208.27,1.0,,37.2183,-122.279205,2022,563827.4,4119453.2,21015_50917
CZU_AUG_LIGHTNING,17_21015_50917,235.12,210.99,252.02,227.96,1.0,,37.2183,-122.279205,2022,563827.4,4119453.2,21015_50917
CZU_AUG_LIGHTNING,17_21015_50917,249.25,209.05,256.0,218.2,1.0,,37.2183,-122.279205,2022,563827.4,4119453.2,21015_50917
CZU_AUG_LIGHTNING,17_21015_50917,244.33,198.08,256.0,209.55,1.0,,37.2183,-122.279205,2022,563827.4,4119453.2,21015_50917
CZU_AUG_LIGHTNING,17_21015_50917,237.59,189.84,254.0,201.8,1.0,,37.2183,-122.279205,2022,563827.4,4119453.2,21015_50917
CZU_AUG_LIGHTNING,17_21015_50917,232.64,238.51,246.83,256.0,1.0,,37.2183,-122.279205,2022,563827.4,4119453.2,21015_50917
CZU_AUG_LIGHTNING,17_21015_50917,242.95,229.48,253.47,242.31,1.0,,37.2183,-122.279205,2022,563827.4,4119453.2,21015_50917
CZU_AUG_LIGHTNING,17_21015_50917,245.38,240.43,255.43,250.52,1.0,,37.2183,-122.279205,2022,563827.4,4119453.2,21015_50917
CZU_AUG_LIGHTNING,17_21015_50917,215.15,186.48,232.94,202.09,1.0,,37.2183,-122.279205,2022,563827.4,4119453.2,21015_50917
CZU_AUG_LIGHTNING,17_21015_50917,228.82,183.85,238.86,192.58,1.0,,37.2183,-122.279205,2022,563827.4,4119453.2,21015_50917
CZU_AUG_LIGHTNING,17_21015_50917,208.69,176.64,229.62,186.82,1.0,,37.2183,-122.279205,2022,563827.4,4119453.2,21015_50917
CZU_AUG_LIGHTNING,17_21015_50917,233.44,168.87,248.49,181.27,1.0,,37.2183,-122.279205,2022,563827.4,4119453.2,21015_50917
CZU_AUG_LIGHTNING,17_21015_50917,240.96,164.6,253.28,175.16,1.0,,37.2183,-122.279205,2022,563827.4,4119453.2,21015_50917
CZU_AUG_LIGHTNING,17_21015_50917,238.32,152.74,249.29,164.66,1.0,,37.2183,-122.279205,2022,563827.4,4119453.2,21015_50917
CZU_AUG_LIGHTNING,17_21015_50917,225.58,157.43,239.74,171.64,1.0,,37.2183,-122.279205,2022,563827.4,4119453.2,21015_50917
CZU_AUG_LIGHTNING,17_21015_50917,235.23,143.84,248.45,154.87,1.0,,37.2183,-122.279205,2022,563827.4,4119453.2,21015_50917
CZU_AUG_LIGHTNING,17_21015_50917,245.21,143.69,255.25,153.78,1.0,,37.2183,-122.279205,2022,563827.4,4119453.2,21015_50917
CZU_AUG_LIGHTNING,17_21015_50917,195.45,120.55,214.63,140.72,1.0,,37.2183,-122.279205,2022,563827.4,4119453.2,21015_50917
CZU_AUG_LIGHTNING,17_21015_50917,214.28,122.52,228.9,137.65,1.0,,37.2183,-122.279205,2022,563827.4,4119453.2,21015_50917
CZU_AUG_LIGHTNING,17_21015_50917,193.32,106.88,210.66,121.58,1.0,,37.2183,-122.279205,2022,563827.4,4119453.2,21015_50917
CZU_AUG_LIGHTNING,17_21015_50917,162.01,140.78,175.73,155.9,1.0,,37.2183,-122.279205,2022,563827.4,4119453.2,21015_50917
CZU_AUG_LIGHTNING,17_21015_50917,140.7,144.03,153.49,156.87,1.0,,37.2183,-122.279205,2022,563827.4,4119453.2,21015_50917
CZU_AUG_LIGHTNING,17_21015_50917,233.47,130.17,249.01,147.13,1.0,,37.2183,-122.279205,2022,563827.4,4119453.2,21015_50917
CZU_AUG_LIGHTNING,17_21015_50917,238.33,121.33,248.85,134.16,1.0,,37.2183,-122.279205,2022,563827.4,4119453.2,21015_50917
CZU_AUG_LIGHTNING,17_21015_50917,248.27,131.42,256.0,137.86,1.0,,37.2183,-122.279205,2022,563827.4,4119453.2,21015_50917
CZU_AUG_LIGHTNING,17_21015_50917,223.5,104.6,236.29,116.99,1.0,,37.2183,-122.279205,2022,563827.4,4119453.2,21015_50917
CZU_AUG_LIGHTNING,17_21015_50917,213.47,113.18,225.8,124.65,1.0,,37.2183,-122.279205,2022,563827.4,4119453.2,21015_50917
CZU_AUG_LIGHTNING,17_21015_50917,235.46,110.16,245.54,123.89,1.0,,37.2183,-122.279205,2022,563827.4,4119453.2,21015_50917
CZU_AUG_LIGHTNING,17_21015_50917,225.43,118.05,237.77,131.34,1.0,,37.2183,-122.279205,2022,563827.4,4119453.2,21015_50917
CZU_AUG_LIGHTNING,17_21015_50917,246.39,104.78,256.0,116.69,1.0,,37.2183,-122.279205,2022,563827.4,4119453.2,21015_50917
CZU_AUG_LIGHTNING,17_21015_50917,247.43,114.35,256.0,129.43,1.0,,37.2183,-122.279205,2022,563827.4,4119453.2,21015_50917
CZU_AUG_LIGHTNING,17_21015_50917,207.27,91.96,221.88,105.27,1.0,,37.2183,-122.279205,2022,563827.4,4119453.2,21015_50917
CZU_AUG_LIGHTNING,17_21015_50917,216.3,98.86,229.98,109.89,1.0,,37.2183,-122.279205,2022,563827.4,4119453.2,21015_50917
CZU_AUG_LIGHTNING,17_21015_50917,218.42,89.54,236.17,99.24,1.0,,37.2183,-122.279205,2022,563827.4,4119453.2,21015_50917
CZU_AUG_LIGHTNING,17_21015_50917,231.04,98.74,246.53,108.88,1.0,,37.2183,-122.279205,2022,563827.4,4119453.2,21015_50917
CZU_AUG_LIGHTNING,17_21015_50917,230.65,88.27,245.7,100.22,1.0,,37.2183,-122.279205,2022,563827.4,4119453.2,21015_50917
CZU_AUG_LIGHTNING,17_21015_50917,241.15,79.02,253.48,91.4,1.0,,37.2183,-122.279205,2022,563827.4,4119453.2,21015_50917
CZU_AUG_LIGHTNING,17_21015_50917,244.95,89.97,255.89,97.34,1.0,,37.2183,-122.279205,2022,563827.4,4119453.2,21015_50917
CZU_AUG_LIGHTNING,17_21015_50917,229.36,80.75,241.68,92.22,1.0,,37.2183,-122.279205,2022,563827.4,4119453.2,21015_50917
CZU_AUG_LIGHTNING,17_21015_50917,200.36,79.16,213.59,89.73,1.0,,37.2183,-122.279205,2022,563827.4,4119453.2,21015_50917
CZU_AUG_LIGHTNING,17_21015_50917,222.63,71.59,236.31,83.08,1.0,,37.2183,-122.279205,2022,563827.4,4119453.2,21015_50917
CZU_AUG_LIGHTNING,17_21015_50917,237.61,43.03,247.63,49.93,1.0,,37.2183,-122.279205,2022,563827.4,4119453.2,21015_50917
CZU_AUG_LIGHTNING,17_21015_50917,239.7,35.76,247.01,42.65,1.0,,37.2183,-122.279205,2022,563827.4,4119453.2,21015_50917
CZU_AUG_LIGHTNING,17_21015_50917,247.38,37.87,253.79,46.11,1.0,,37.2183,-122.279205,2022,563827.4,4119453.2,21015_50917
CZU_AUG_LIGHTNING,17_21015_50917,245.08,44.0,252.38,50.43,1.0,,37.2183,-122.279205,2022,563827.4,4119453.2,21015_50917
CZU_AUG_LIGHTNING,17_21015_50917,240.32,70.59,250.37,81.14,1.0,,37.2183,-122.279205,2022,563827.4,4119453.2,21015_50917
CZU_AUG_LIGHTNING,17_21015_50917,219.17,140.08,228.76,149.71,1.0,,37.2183,-122.279205,2022,563827.4,4119453.2,21015_50917
CZU_AUG_LIGHTNING,17_21015_50917,197.07,245.06,211.65,255.64,1.0,,37.2183,-122.279205,2022,563827.4,4119453.2,21015_50917
CZU_AUG_LIGHTNING,17_21015_50917,187.82,87.94,202.42,99.89,1.0,,37.2183,-122.279205,2022,563827.4,4119453.2,21015_50917
CZU_AUG_LIGHTNING,17_21015_50917,235.26,50.98,248.03,60.63,1.0,,37.2183,-122.279205,2022,563827.4,4119453.2,21015_50917
CZU_AUG_LIGHTNING,17_21015_50917,241.1,28.83,253.18,37.8,1.0,,37.2183,-122.279205,2022,563827.4,4119453.2,21015_50917
CZU_AUG_LIGHTNING,17_21015_50917,249.13,32.99,256.0,40.33,1.0,,37.2183,-122.279205,2022,563827.4,4119453.2,21015_50917
CZU_AUG_LIGHTNING,17_21022_50962,222.04,243.1,231.26,251.85,1.0,,37.119811,-122.259979,2022,565618.2,4108540.3,21022_50962
CZU_AUG_LIGHTNING,17_21022_50962,207.8,246.05,218.02,253.28,1.0,,37.119811,-122.259979,2022,565618.2,4108540.3,21022_50962
CZU_AUG_LIGHTNING,17_21022_50962,202.54,233.51,213.8,243.29,1.0,,37.119811,-122.259979,2022,565618.2,4108540.3,21022_50962
CZU_AUG_LIGHTNING,17_21022_50962,216.53,232.85,226.76,241.1,1.0,,37.119811,-122.259979,2022,565618.2,4108540.3,21022_50962
CZU_AUG_LIGHTNING,17_21022_50962,165.35,238.07,186.82,255.08,1.0,,37.119811,-122.259979,2022,565618.2,4108540.3,21022_50962
CZU_AUG_LIGHTNING,17_21022_50962,134.34,247.78,146.09,256.0,1.0,,37.119811,-122.259979,2022,565618.2,4108540.3,21022_50962
CZU_AUG_LIGHTNING,17_21022_50962,144.34,234.07,159.16,244.91,1.0,,37.119811,-122.259979,2022,565618.2,4108540.3,21022_50962
CZU_AUG_LIGHTNING,17_21022_50962,146.73,226.18,156.42,231.87,1.0,,37.119811,-122.259979,2022,565618.2,4108540.3,21022_50962
CZU_AUG_LIGHTNING,17_21022_50962,148.38,204.25,161.68,215.58,1.0,,37.119811,-122.259979,2022,565618.2,4108540.3,21022_50962
CZU_AUG_LIGHTNING,17_21022_50962,173.8,200.62,189.15,214.01,1.0,,37.119811,-122.259979,2022,565618.2,4108540.3,21022_50962
CZU_AUG_LIGHTNING,17_21022_50962,192.74,180.86,219.29,196.38,1.0,,37.119811,-122.259979,2022,565618.2,4108540.3,21022_50962
CZU_AUG_LIGHTNING,17_21022_50962,191.12,163.75,205.95,176.11,1.0,,37.119811,-122.259979,2022,565618.2,4108540.3,21022_50962
CZU_AUG_LIGHTNING,17_21022_50962,172.81,161.06,192.25,178.05,1.0,,37.119811,-122.259979,2022,565618.2,4108540.3,21022_50962
CZU_AUG_LIGHTNING,17_21022_50962,165.72,164.57,174.94,174.85,1.0,,37.119811,-122.259979,2022,565618.2,4108540.3,21022_50962
CZU_AUG_LIGHTNING,17_21022_50962,167.61,148.51,179.9,159.83,1.0,,37.119811,-122.259979,2022,565618.2,4108540.3,21022_50962
CZU_AUG_LIGHTNING,17_21022_50962,242.56,180.23,253.85,194.61,1.0,,37.119811,-122.259979,2022,565618.2,4108540.3,21022_50962
CZU_AUG_LIGHTNING,17_21022_50962,185.93,142.53,203.83,157.47,1.0,,37.119811,-122.259979,2022,565618.2,4108540.3,21022_50962
CZU_AUG_LIGHTNING,17_21022_50962,184.27,134.35,190.43,141.54,1.0,,37.119811,-122.259979,2022,565618.2,4108540.3,21022_50962
CZU_AUG_LIGHTNING,17_21022_50962,183.07,126.43,191.76,133.13,1.0,,37.119811,-122.259979,2022,565618.2,4108540.3,21022_50962
CZU_AUG_LIGHTNING,17_21022_50962,172.43,121.75,186.71,128.5,1.0,,37.119811,-122.259979,2022,565618.2,4108540.3,21022_50962
CZU_AUG_LIGHTNING,17_21022_50962,231.92,144.67,245.23,157.54,1.0,,37.119811,-122.259979,2022,565618.2,4108540.3,21022_50962
CZU_AUG_LIGHTNING,17_21022_50962,221.39,128.51,238.24,139.36,1.0,,37.119811,-122.259979,2022,565618.2,4108540.3,21022_50962
CZU_AUG_LIGHTNING,17_21022_50962,209.38,101.88,226.25,115.79,1.0,,37.119811,-122.259979,2022,565618.2,4108540.3,21022_50962
CZU_AUG_LIGHTNING,17_21022_50962,220.24,111.66,233.04,123.5,1.0,,37.119811,-122.259979,2022,565618.2,4108540.3,21022_50962
CZU_AUG_LIGHTNING,17_21022_50962,218.38,151.71,233.24,166.63,1.0,,37.119811,-122.259979,2022,565618.2,4108540.3,21022_50962
CZU_AUG_LIGHTNING,17_21022_50962,155.95,180.06,167.71,189.34,1.0,,37.119811,-122.259979,2022,565618.2,4108540.3,21022_50962
CZU_AUG_LIGHTNING,17_21022_50962,229.37,82.39,239.11,93.69,1.0,,37.119811,-122.259979,2022,565618.2,4108540.3,21022_50962
CZU_AUG_LIGHTNING,17_21022_50962,244.43,76.38,254.66,85.13,1.0,,37.119811,-122.259979,2022,565618.2,4108540.3,21022_50962
CZU_AUG_LIGHTNING,17_21027_50986,176.94,90.55,199.42,114.01,1.0,,37.067232,-122.246246,2022,566884.4,4102716.9,21027_50986
CZU_AUG_LIGHTNING,17_21027_50986,95.56,234.55,119.8,255.34,1.0,,37.067232,-122.246246,2022,566884.4,4102716.9,21027_50986
CZU_AUG_LIGHTNING,17_21027_50986,242.31,178.4,256.0,192.84,1.0,,37.067232,-122.246246,2022,566884.4,4102716.9,21027_50986
CZU_AUG_LIGHTNING,17_21027_50986,211.36,201.89,220.39,216.29,1.0,,37.067232,-122.246246,2022,566884.4,4102716.9,21027_50986
CZU_AUG_LIGHTNING,17_21027_50986,201.93,209.87,210.96,224.27,1.0,,37.067232,-122.246246,2022,566884.4,4102716.9,21027_50986
CZU_AUG_LIGHTNING,17_21027_50986,177.94,247.63,191.38,256.0,1.0,,37.067232,-122.246246,2022,566884.4,4102716.9,21027_50986
CZU_AUG_LIGHTNING,17_21027_50986,210.56,238.94,219.54,247.52,1.0,,37.067232,-122.246246,2022,566884.4,4102716.9,21027_50986
CZU_AUG_LIGHTNING,17_21027_50986,185.33,238.51,199.7,251.61,1.0,,37.067232,-122.246246,2022,566884.4,4102716.9,21027_50986
CZU_AUG_LIGHTNING,17_21036_50968,239.92,245.73,249.37,255.21,1.0,,37.10667,-122.221527,2022,569046.1,4107109.7,21036_50968
CZU_AUG_LIGHTNING,17_21036_50968,232.11,248.35,239.75,256.0,1.0,,37.10667,-122.221527,2022,569046.1,4107109.7,21036_50968
CZU_AUG_LIGHTNING,17_21036_50968,248.55,227.43,255.31,236.45,1.0,,37.10667,-122.221527,2022,569046.1,4107109.7,21036_50968
CZU_AUG_LIGHTNING,17_21036_50968,239.5,214.59,249.84,225.43,1.0,,37.10667,-122.221527,2022,569046.1,4107109.7,21036_50968
CZU_AUG_LIGHTNING,17_21036_50968,237.8,234.29,245.89,241.52,1.0,,37.10667,-122.221527,2022,569046.1,4107109.7,21036_50968
CZU_AUG_LIGHTNING,17_21036_50968,227.37,225.91,241.72,235.88,1.0,,37.10667,-122.221527,2022,569046.1,4107109.7,21036_50968
CZU_AUG_LIGHTNING,17_21036_50968,218.97,215.32,233.78,226.19,1.0,,37.10667,-122.221527,2022,569046.1,4107109.7,21036_50968
CZU_AUG_LIGHTNING,17_21036_50968,214.59,234.77,224.92,244.26,1.0,,37.10667,-122.221527,2022,569046.1,4107109.7,21036_50968
CZU_AUG_LIGHTNING,17_21036_50968,209.36,248.61,226.82,256.0,1.0,,37.10667,-122.221527,2022,569046.1,4107109.7,21036_50968
CZU_AUG_LIGHTNING,17_21036_50968,195.15,242.22,206.8,249.04,1.0,,37.10667,-122.221527,2022,569046.1,4107109.7,21036_50968
CZU_AUG_LIGHTNING,17_21036_50968,184.48,236.98,195.24,244.68,1.0,,37.10667,-122.221527,2022,569046.1,4107109.7,21036_50968
CZU_AUG_LIGHTNING,17_21036_50968,212.04,222.65,217.44,228.52,1.0,,37.10667,-122.221527,2022,569046.1,4107109.7,21036_50968
CZU_AUG_LIGHTNING,17_21036_50968,207.79,224.41,212.3,229.82,1.0,,37.10667,-122.221527,2022,569046.1,4107109.7,21036_50968
CZU_AUG_LIGHTNING,17_21036_50968,190.33,231.88,199.3,237.78,1.0,,37.10667,-122.221527,2022,569046.1,4107109.7,21036_50968
CZU_AUG_LIGHTNING,17_21036_50968,184.1,230.48,189.5,236.8,1.0,,37.10667,-122.221527,2022,569046.1,4107109.7,21036_50968
CZU_AUG_LIGHTNING,17_21036_50968,172.05,230.83,180.57,236.73,1.0,,37.10667,-122.221527,2022,569046.1,4107109.7,21036_50968
CZU_AUG_LIGHTNING,17_21036_50968,164.34,245.55,177.33,253.27,1.0,,37.10667,-122.221527,2022,569046.1,4107109.7,21036_50968
CZU_AUG_LIGHTNING,17_21036_50968,157.34,228.25,168.55,236.4,1.0,,37.10667,-122.221527,2022,569046.1,4107109.7,21036_50968
CZU_AUG_LIGHTNING,17_21036_50968,144.1,236.43,157.11,245.94,1.0,,37.10667,-122.221527,2022,569046.1,4107109.7,21036_50968
CZU_AUG_LIGHTNING,17_21036_50968,141.57,247.83,154.57,256.0,1.0,,37.10667,-122.221527,2022,569046.1,4107109.7,21036_50968
CZU_AUG_LIGHTNING,17_21036_50968,157.39,219.51,169.52,230.36,1.0,,37.10667,-122.221527,2022,569046.1,4107109.7,21036_50968
CZU_AUG_LIGHTNING,17_21036_50968,169.65,220.29,180.88,230.23,1.0,,37.10667,-122.221527,2022,569046.1,4107109.7,21036_50968
CZU_AUG_LIGHTNING,17_21036_50968,226.43,205.75,235.42,213.88,1.0,,37.10667,-122.221527,2022,569046.1,4107109.7,21036_50968
CZU_AUG_LIGHTNING,17_21036_50968,213.48,206.76,223.37,216.25,1.0,,37.10667,-122.221527,2022,569046.1,4107109.7,21036_50968
CZU_AUG_LIGHTNING,17_21036_50968,185.49,221.76,195.81,229.91,1.0,,37.10667,-122.221527,2022,569046.1,4107109.7,21036_50968
CZU_AUG_LIGHTNING,17_21036_50968,193.79,214.89,205.46,223.94,1.0,,37.10667,-122.221527,2022,569046.1,4107109.7,21036_50968
CZU_AUG_LIGHTNING,17_21036_50968,203.04,204.66,212.01,210.56,1.0,,37.10667,-122.221527,2022,569046.1,4107109.7,21036_50968
CZU_AUG_LIGHTNING,17_21036_50968,175.01,161.2,185.38,174.72,1.0,,37.10667,-122.221527,2022,569046.1,4107109.7,21036_50968
CZU_AUG_LIGHTNING,17_21036_50968,181.87,174.92,186.83,182.13,1.0,,37.10667,-122.221527,2022,569046.1,4107109.7,21036_50968
CZU_AUG_LIGHTNING,17_21036_50968,192.6,164.71,203.86,178.68,1.0,,37.10667,-122.221527,2022,569046.1,4107109.7,21036_50968
CZU_AUG_LIGHTNING,17_21036_50968,198.61,228.36,207.13,234.26,1.0,,37.10667,-122.221527,2022,569046.1,4107109.7,21036_50968
CZU_AUG_LIGHTNING,17_21036_50968,206.33,180.5,217.12,190.44,1.0,,37.10667,-122.221527,2022,569046.1,4107109.7,21036_50968
CZU_AUG_LIGHTNING,17_21036_50968,201.97,168.59,215.43,177.66,1.0,,37.10667,-122.221527,2022,569046.1,4107109.7,21036_50968
CZU_AUG_LIGHTNING,17_21036_50968,209.19,160.81,218.61,168.5,1.0,,37.10667,-122.221527,2022,569046.1,4107109.7,21036_50968
CZU_AUG_LIGHTNING,17_21036_50968,243.18,173.19,252.19,184.46,1.0,,37.10667,-122.221527,2022,569046.1,4107109.7,21036_50968
CZU_AUG_LIGHTNING,17_21036_50968,228.66,176.65,239.0,187.48,1.0,,37.10667,-122.221527,2022,569046.1,4107109.7,21036_50968
CZU_AUG_LIGHTNING,17_21036_50968,224.09,162.95,234.88,173.34,1.0,,37.10667,-122.221527,2022,569046.1,4107109.7,21036_50968
CZU_AUG_LIGHTNING,17_21036_50968,233.59,141.97,245.75,157.3,1.0,,37.10667,-122.221527,2022,569046.1,4107109.7,21036_50968
CZU_AUG_LIGHTNING,17_21036_50968,200.61,139.01,215.89,153.92,1.0,,37.10667,-122.221527,2022,569046.1,4107109.7,21036_50968
CZU_AUG_LIGHTNING,17_21036_50968,221.86,134.93,233.1,145.33,1.0,,37.10667,-122.221527,2022,569046.1,4107109.7,21036_50968
CZU_AUG_LIGHTNING,17_21036_50968,217.94,150.8,230.96,162.11,1.0,,37.10667,-122.221527,2022,569046.1,4107109.7,21036_50968
CZU_AUG_LIGHTNING,17_21036_50968,166.3,135.6,180.68,149.15,1.0,,37.10667,-122.221527,2022,569046.1,4107109.7,21036_50968
CZU_AUG_LIGHTNING,17_21036_50968,179.34,127.42,188.33,136.0,1.0,,37.10667,-122.221527,2022,569046.1,4107109.7,21036_50968
CZU_AUG_LIGHTNING,17_21036_50968,196.08,124.42,209.54,134.38,1.0,,37.10667,-122.221527,2022,569046.1,4107109.7,21036_50968
CZU_AUG_LIGHTNING,17_21036_50968,224.91,119.28,232.11,126.95,1.0,,37.10667,-122.221527,2022,569046.1,4107109.7,21036_50968
CZU_AUG_LIGHTNING,17_21036_50968,232.28,117.1,239.94,126.12,1.0,,37.10667,-122.221527,2022,569046.1,4107109.7,21036_50968
CZU_AUG_LIGHTNING,17_21036_50968,249.66,141.43,256.0,155.82,1.0,,37.10667,-122.221527,2022,569046.1,4107109.7,21036_50968
CZU_AUG_LIGHTNING,17_21036_50968,176.23,208.69,187.0,216.84,1.0,,37.10667,-122.221527,2022,569046.1,4107109.7,21036_50968
CZU_AUG_LIGHTNING,17_21036_50968,169.63,195.87,181.31,205.37,1.0,,37.10667,-122.221527,2022,569046.1,4107109.7,21036_50968
SCU_LIGHTNING_COMPLEX,17_21221_50829,47.36,182.2,64.07,198.98,1.0,,37.410528,-121.713409,2022,613736.7,4141311.2,21221_50829
SCU_LIGHTNING_COMPLEX,17_21221_50829,15.67,238.68,31.02,256.0,1.0,,37.410528,-121.713409,2022,613736.7,4141311.2,21221_50829
SCU_LIGHTNING_COMPLEX,17_21221_50829,2.76,236.43,13.87,246.23,1.0,,37.410528,-121.713409,2022,613736.7,4141311.2,21221_50829
SCU_LIGHTNING_COMPLEX,17_21221_50829,8.45,220.64,19.58,231.83,1.0,,37.410528,-121.713409,2022,613736.7,4141311.2,21221_50829
SCU_LIGHTNING_COMPLEX,17_21221_50829,24.76,233.28,34.52,244.45,1.0,,37.410528,-121.713409,2022,613736.7,4141311.2,21221_50829
SCU_LIGHTNING_COMPLEX,17_21221_50829,65.23,238.66,74.98,248.45,1.0,,37.410528,-121.713409,2022,613736.7,4141311.2,21221_50829
SCU_LIGHTNING_COMPLEX,17_21221_50829,38.66,215.54,52.62,232.28,1.0,,37.410528,-121.713409,2022,613736.7,4141311.2,21221_50829
SCU_LIGHTNING_COMPLEX,17_21221_50829,33.29,214.77,41.65,223.16,1.0,,37.410528,-121.713409,2022,613736.7,4141311.2,21221_50829
SCU_LIGHTNING_COMPLEX,17_21221_50829,38.2,204.49,47.97,215.66,1.0,,37.410528,-121.713409,2022,613736.7,4141311.2,21221_50829
SCU_LIGHTNING_COMPLEX,17_21221_50829,3.93,200.57,16.42,210.4,1.0,,37.410528,-121.713409,2022,613736.7,4141311.2,21221_50829
SCU_LIGHTNING_COMPLEX,17_21221_50829,14.17,208.99,19.74,214.58,1.0,,37.410528,-121.713409,2022,613736.7,4141311.2,21221_50829
SCU_LIGHTNING_COMPLEX,17_21221_50829,0.0,209.49,8.06,217.87,1.0,,37.410528,-121.713409,2022,613736.7,4141311.2,21221_50829
SCU_LIGHTNING_COMPLEX,17_21221_50829,50.16,235.7,59.91,245.49,1.0,,37.410528,-121.713409,2022,613736.7,4141311.2,21221_50829
SCU_LIGHTNING_COMPLEX,17_21221_50829,22.76,178.07,32.53,189.23,1.0,,37.410528,-121.713409,2022,613736.7,4141311.2,21221_50829
SCU_LIGHTNING_COMPLEX,17_21221_50829,9.85,164.78,25.15,178.79,1.0,,37.410528,-121.713409,2022,613736.7,4141311.2,21221_50829
SCU_LIGHTNING_COMPLEX,17_21221_50829,4.88,182.65,14.6,191.06,1.0,,37.410528,-121.713409,2022,613736.7,4141311.2,21221_50829
SCU_LIGHTNING_COMPLEX,17_21221_50829,30.19,194.03,37.12,198.27,1.0,,37.410528,-121.713409,2022,613736.7,4141311.2,21221_50829
SCU_LIGHTNING_COMPLEX,17_21221_50829,33.78,176.15,47.66,187.37,1.0,,37.410528,-121.713409,2022,613736.7,4141311.2,21221_50829
SCU_LIGHTNING_COMPLEX,17_21221_50829,39.36,171.4,53.22,181.24,1.0,,37.410528,-121.713409,2022,613736.7,4141311.2,21221_50829
SCU_LIGHTNING_COMPLEX,17_21221_50829,15.68,146.93,25.39,153.96,1.0,,37.410528,-121.713409,2022,613736.7,4141311.2,21221_50829
SCU_LIGHTNING_COMPLEX,17_21221_50829,21.73,155.98,30.08,164.37,1.0,,37.410528,-121.713409,2022,613736.7,4141311.2,21221_50829
SCU_LIGHTNING_COMPLEX,17_21221_50829,60.58,228.25,68.94,236.64,1.0,,37.410528,-121.713409,2022,613736.7,4141311.2,21221_50829
SCU_LIGHTNING_COMPLEX,17_21221_50829,64.8,221.41,75.9,229.84,1.0,,37.410528,-121.713409,2022,613736.7,4141311.2,21221_50829
SCU_LIGHTNING_COMPLEX,17_21221_50829,73.17,211.87,84.27,220.3,1.0,,37.410528,-121.713409,2022,613736.7,4141311.2,21221_50829
SCU_LIGHTNING_COMPLEX,17_21221_50829,74.66,207.75,78.83,211.94,1.0,,37.410528,-121.713409,2022,613736.7,4141311.2,21221_50829
SCU_LIGHTNING_COMPLEX,17_21221_50829,54.09,195.05,68.01,209.04,1.0,,37.410528,-121.713409,2022,613736.7,4141311.2,21221_50829
SCU_LIGHTNING_COMPLEX,17_21221_50829,2.32,119.15,10.66,126.16,1.0,,37.410528,-121.713409,2022,613736.7,4141311.2,21221_50829
SCU_LIGHTNING_COMPLEX,17_21221_50829,28.86,132.62,40.01,145.19,1.0,,37.410528,-121.713409,2022,613736.7,4141311.2,21221_50829
SCU_LIGHTNING_COMPLEX,17_21221_50829,43.37,127.3,55.88,138.51,1.0,,37.410528,-121.713409,2022,613736.7,4141311.2,21221_50829
SCU_LIGHTNING_COMPLEX,17_21221_50829,57.69,130.95,68.89,146.27,1.0,,37.410528,-121.713409,2022,613736.7,4141311.2,21221_50829
SCU_LIGHTNING_COMPLEX,17_21221_50829,63.33,124.82,74.46,136.0,1.0,,37.410528,-121.713409,2022,613736.7,4141311.2,21221_50829
SCU_LIGHTNING_COMPLEX,17_21221_50829,76.93,134.66,88.07,145.85,1.0,,37.410528,-121.713409,2022,613736.7,4141311.2,21221_50829
SCU_LIGHTNING_COMPLEX,17_21221_50829,87.31,127.9,99.84,140.49,1.0,,37.410528,-121.713409,2022,613736.7,4141311.2,21221_50829
SCU_LIGHTNING_COMPLEX,17_21221_50829,100.21,132.22,126.57,151.89,1.0,,37.410528,-121.713409,2022,613736.7,4141311.2,21221_50829
SCU_LIGHTNING_COMPLEX,17_21221_50829,121.0,125.61,137.65,138.25,1.0,,37.410528,-121.713409,2022,613736.7,4141311.2,21221_50829
SCU_LIGHTNING_COMPLEX,17_21221_50829,138.02,136.88,149.17,149.44,1.0,,37.410528,-121.713409,2022,613736.7,4141311.2,21221_50829
SCU_LIGHTNING_COMPLEX,17_21221_50829,143.71,119.71,156.28,135.05,1.0,,37.410528,-121.713409,2022,613736.7,4141311.2,21221_50829
SCU_LIGHTNING_COMPLEX,17_21221_50829,42.88,114.19,48.51,123.92,1.0,,37.410528,-121.713409,2022,613736.7,4141311.2,21221_50829
SCU_LIGHTNING_COMPLEX,17_21221_50829,27.58,122.95,38.77,138.27,1.0,,37.410528,-121.713409,2022,613736.7,4141311.2,21221_50829
SCU_LIGHTNING_COMPLEX,17_21221_50829,6.3,73.68,20.2,86.28,1.0,,37.410528,-121.713409,2022,613736.7,4141311.2,21221_50829
SCU_LIGHTNING_COMPLEX,17_21221_50829,18.54,84.19,26.93,95.34,1.0,,37.410528,-121.713409,2022,613736.7,4141311.2,21221_50829
SCU_LIGHTNING_COMPLEX,17_21221_50829,0.63,82.57,13.22,99.29,1.0,,37.410528,-121.713409,2022,613736.7,4141311.2,21221_50829
SCU_LIGHTNING_COMPLEX,17_21221_50829,21.86,98.03,28.81,103.65,1.0,,37.410528,-121.713409,2022,613736.7,4141311.2,21221_50829
SCU_LIGHTNING_COMPLEX,17_21221_50829,21.04,100.78,37.7,113.42,1.0,,37.410528,-121.713409,2022,613736.7,4141311.2,21221_50829
SCU_LIGHTNING_COMPLEX,17_21221_50829,2.36,61.9,13.5,73.08,1.0,,37.410528,-121.713409,2022,613736.7,4141311.2,21221_50829
SCU_LIGHTNING_COMPLEX,17_21221_50829,38.3,40.32,52.26,57.06,1.0,,37.410528,-121.713409,2022,613736.7,4141311.2,21221_50829
SCU_LIGHTNING_COMPLEX,17_21221_50829,53.52,23.97,78.58,49.14,1.0,,37.410528,-121.713409,2022,613736.7,4141311.2,21221_50829
SCU_LIGHTNING_COMPLEX,17_21221_50829,53.3,43.97,81.05,65.04,1.0,,37.410528,-121.713409,2022,613736.7,4141311.2,21221_50829
SCU_LIGHTNING_COMPLEX,17_21221_50829,49.67,62.55,73.25,79.42,1.0,,37.410528,-121.713409,2022,613736.7,4141311.2,21221_50829
SCU_LIGHTNING_COMPLEX,17_21221_50829,108.53,213.74,140.57,247.28,1.0,,37.410528,-121.713409,2022,613736.7,4141311.2,21221_50829
SCU_LIGHTNING_COMPLEX,17_21221_50829,131.77,237.51,155.36,255.76,1.0,,37.410528,-121.713409,2022,613736.7,4141311.2,21221_50829
SCU_LIGHTNING_COMPLEX,17_21221_50829,77.49,244.35,95.51,256.0,1.0,,37.410528,-121.713409,2022,613736.7,4141311.2,21221_50829
SCU_LIGHTNING_COMPLEX,17_21221_50829,100.91,237.77,117.58,251.79,1.0,,37.410528,-121.713409,2022,613736.7,4141311.2,21221_50829
SCU_LIGHTNING_COMPLEX,17_21221_50829,112.52,248.97,126.36,256.0,1.0,,37.410528,-121.713409,2022,613736.7,4141311.2,21221_50829
SCU_LIGHTNING_COMPLEX,17_21221_50829,219.67,71.09,246.23,105.93,1.0,,37.410528,-121.713409,2022,613736.7,4141311.2,21221_50829
SCU_LIGHTNING_COMPLEX,17_21221_50829,100.44,0.0,128.37,33.26,1.0,,37.410528,-121.713409,2022,613736.7,4141311.2,21221_50829
SCU_LIGHTNING_COMPLEX,17_21221_50829,79.54,6.39,111.79,55.11,1.0,,37.410528,-121.713409,2022,613736.7,4141311.2,21221_50829
SCU_LIGHTNING_COMPLEX,17_21221_50829,122.15,18.7,152.84,53.6,1.0,,37.410528,-121.713409,2022,613736.7,4141311.2,21221_50829
SCU_LIGHTNING_COMPLEX,17_21221_50829,126.02,52.55,142.76,72.09,1.0,,37.410528,-121.713409,2022,613736.7,4141311.2,21221_50829
SCU_LIGHTNING_COMPLEX,17_21221_50829,122.89,77.35,141.05,99.66,1.0,,37.410528,-121.713409,2022,613736.7,4141311.2,21221_50829
SCU_LIGHTNING_COMPLEX,17_21221_50829,200.5,22.53,222.85,50.42,1.0,,37.410528,-121.713409,2022,613736.7,4141311.2,21221_50829
SCU_LIGHTNING_COMPLEX,17_21221_50829,174.71,3.55,201.13,27.36,1.0,,37.410528,-121.713409,2022,613736.7,4141311.2,21221_50829
SCU_LIGHTNING_COMPLEX,17_21221_50829,75.61,174.65,99.2,192.91,1.0,,37.410528,-121.713409,2022,613736.7,4141311.2,21221_50829
SCU_LIGHTNING_COMPLEX,17_21221_50829,78.12,196.07,90.67,210.04,1.0,,37.410528,-121.713409,2022,613736.7,4141311.2,21221_50829
SCU_LIGHTNING_COMPLEX,17_21221_50829,70.91,169.07,84.85,184.43,1.0,,37.410528,-121.713409,2022,613736.7,4141311.2,21221_50829
SCU_LIGHTNING_COMPLEX,17_21221_50829,52.61,148.13,67.96,166.26,1.0,,37.410528,-121.713409,2022,613736.7,4141311.2,21221_50829
SCU_LIGHTNING_COMPLEX,17_21221_50829,154.24,206.77,165.4,219.34,1.0,,37.410528,-121.713409,2022,613736.7,4141311.2,21221_50829
SCU_LIGHTNING_COMPLEX,17_21221_50829,158.99,210.98,178.39,223.65,1.0,,37.410528,-121.713409,2022,613736.7,4141311.2,21221_50829
SCU_LIGHTNING_COMPLEX,17_21221_50829,162.71,186.88,184.9,202.36,1.0,,37.410528,-121.713409,2022,613736.7,4141311.2,21221_50829
SCU_LIGHTNING_COMPLEX,17_21221_50829,121.3,191.84,140.87,216.93,1.0,,37.410528,-121.713409,2022,613736.7,4141311.2,21221_50829
SCU_LIGHTNING_COMPLEX,17_21221_50829,138.91,215.53,158.41,235.11,1.0,,37.410528,-121.713409,2022,613736.7,4141311.2,21221_50829
SCU_LIGHTNING_COMPLEX,17_21221_50829,163.36,225.53,188.49,256.0,1.0,,37.410528,-121.713409,2022,613736.7,4141311.2,21221_50829
SCU_LIGHTNING_COMPLEX,17_21221_50829,157.4,226.82,167.18,239.37,1.0,,37.410528,-121.713409,2022,613736.7,4141311.2,21221_50829
SCU_LIGHTNING_COMPLEX,17_21221_50829,159.92,253.07,169.58,256.0,1.0,,37.410528,-121.713409,2022,613736.7,4141311.2,21221_50829
SCU_LIGHTNING_COMPLEX,17_21221_50829,194.96,248.72,206.04,255.77,1.0,,37.410528,-121.713409,2022,613736.7,4141311.2,21221_50829
SCU_LIGHTNING_COMPLEX,17_21221_50829,214.19,240.02,224.02,256.0,1.0,,37.410528,-121.713409,2022,613736.7,4141311.2,21221_50829
SCU_LIGHTNING_COMPLEX,17_21221_50829,187.57,230.68,198.73,243.25,1.0,,37.410528,-121.713409,2022,613736.7,4141311.2,21221_50829
SCU_LIGHTNING_COMPLEX,17_21221_50829,195.16,222.51,211.89,240.67,1.0,,37.410528,-121.713409,2022,613736.7,4141311.2,21221_50829
SCU_LIGHTNING_COMPLEX,17_21221_50829,196.02,211.48,208.61,228.21,1.0,,37.410528,-121.713409,2022,613736.7,4141311.2,21221_50829
SCU_LIGHTNING_COMPLEX,17_21221_50829,187.38,191.36,205.44,206.78,1.0,,37.410528,-121.713409,2022,613736.7,4141311.2,21221_50829
SCU_LIGHTNING_COMPLEX,17_21221_50829,202.33,200.53,219.06,218.69,1.0,,37.410528,-121.713409,2022,613736.7,4141311.2,21221_50829
SCU_LIGHTNING_COMPLEX,17_21221_50829,8.16,41.97,15.14,50.34,1.0,,37.410528,-121.713409,2022,613736.7,4141311.2,21221_50829
SCU_LIGHTNING_COMPLEX,17_21221_50829,18.19,56.6,25.25,70.48,1.0,,37.410528,-121.713409,2022,613736.7,4141311.2,21221_50829
SCU_LIGHTNING_COMPLEX,17_21221_50829,26.98,71.2,32.6,80.93,1.0,,37.410528,-121.713409,2022,613736.7,4141311.2,21221_50829
SCU_LIGHTNING_COMPLEX,17_21221_50829,13.57,45.49,21.96,56.64,1.0,,37.410528,-121.713409,2022,613736.7,4141311.2,21221_50829
SCU_LIGHTNING_COMPLEX,17_21221_50829,19.63,6.95,25.23,15.3,1.0,,37.410528,-121.713409,2022,613736.7,4141311.2,21221_50829
SCU_LIGHTNING_COMPLEX,17_21221_50829,8.71,1.28,19.81,9.7,1.0,,37.410528,-121.713409,2022,613736.7,4141311.2,21221_50829
SCU_LIGHTNING_COMPLEX,17_21221_50829,65.6,4.13,80.91,19.51,1.0,,37.410528,-121.713409,2022,613736.7,4141311.2,21221_50829
SCU_LIGHTNING_COMPLEX,17_21221_50829,214.77,0.0,225.91,11.15,1.0,,37.410528,-121.713409,2022,613736.7,4141311.2,21221_50829
SCU_LIGHTNING_COMPLEX,17_21221_50829,231.52,20.2,252.42,42.55,1.0,,37.410528,-121.713409,2022,613736.7,4141311.2,21221_50829
SCU_LIGHTNING_COMPLEX,17_21221_50829,247.55,14.21,256.0,25.36,1.0,,37.410528,-121.713409,2022,613736.7,4141311.2,21221_50829
SCU_LIGHTNING_COMPLEX,17_21221_50829,202.04,59.12,223.04,88.37,1.0,,37.410528,-121.713409,2022,613736.7,4141311.2,21221_50829
SCU_LIGHTNING_COMPLEX,17_21221_50829,184.38,49.91,205.31,73.64,1.0,,37.410528,-121.713409,2022,613736.7,4141311.2,21221_50829
SCU_LIGHTNING_COMPLEX,17_21221_50829,184.46,101.64,201.17,118.42,1.0,,37.410528,-121.713409,2022,613736.7,4141311.2,21221_50829
SCU_LIGHTNING_COMPLEX,17_21221_50829,181.93,91.26,191.7,102.43,1.0,,37.410528,-121.713409,2022,613736.7,4141311.2,21221_50829
SCU_LIGHTNING_COMPLEX,17_21221_50829,192.32,82.44,204.87,96.4,1.0,,37.410528,-121.713409,2022,613736.7,4141311.2,21221_50829
SCU_LIGHTNING_COMPLEX,17_21221_50829,203.84,93.63,220.51,107.65,1.0,,37.410528,-121.713409,2022,613736.7,4141311.2,21221_50829
SCU_LIGHTNING_COMPLEX,17_21221_50829,146.12,86.63,172.52,109.06,1.0,,37.410528,-121.713409,2022,613736.7,4141311.2,21221_50829
SCU_LIGHTNING_COMPLEX,17_21221_50829,153.36,70.86,161.75,82.01,1.0,,37.410528,-121.713409,2022,613736.7,4141311.2,21221_50829
SCU_LIGHTNING_COMPLEX,17_21221_50829,131.35,71.25,148.0,83.89,1.0,,37.410528,-121.713409,2022,613736.7,4141311.2,21221_50829
SCU_LIGHTNING_COMPLEX,17_21221_50829,162.88,72.37,187.83,89.27,1.0,,37.410528,-121.713409,2022,613736.7,4141311.2,21221_50829
SCU_LIGHTNING_COMPLEX,17_21221_50829,164.46,62.74,174.22,73.9,1.0,,37.410528,-121.713409,2022,613736.7,4141311.2,21221_50829
SCU_LIGHTNING_COMPLEX,17_21221_50829,156.33,51.59,171.63,65.59,1.0,,37.410528,-121.713409,2022,613736.7,4141311.2,21221_50829
SCU_LIGHTNING_COMPLEX,17_21221_50829,168.12,36.58,191.75,57.59,1.0,,37.410528,-121.713409,2022,613736.7,4141311.2,21221_50829
SCU_LIGHTNING_COMPLEX,17_21221_50829,182.05,25.04,202.9,43.25,1.0,,37.410528,-121.713409,2022,613736.7,4141311.2,21221_50829
SCU_LIGHTNING_COMPLEX,17_21221_50829,67.6,108.32,85.68,125.12,1.0,,37.410528,-121.713409,2022,613736.7,4141311.2,21221_50829
SCU_LIGHTNING_COMPLEX,17_21221_50829,90.28,98.97,116.71,124.16,1.0,,37.410528,-121.713409,2022,613736.7,4141311.2,21221_50829
SCU_LIGHTNING_COMPLEX,17_21221_50829,49.03,108.07,65.76,126.22,1.0,,37.410528,-121.713409,2022,613736.7,4141311.2,21221_50829
SCU_LIGHTNING_COMPLEX,17_21221_50829,53.35,93.64,65.96,111.74,1.0,,37.410528,-121.713409,2022,613736.7,4141311.2,21221_50829
SCU_LIGHTNING_COMPLEX,17_21221_50829,67.76,93.15,79.02,112.61,1.0,,37.410528,-121.713409,2022,613736.7,4141311.2,21221_50829
SCU_LIGHTNING_COMPLEX,17_21221_50829,83.02,74.04,99.88,101.86,1.0,,37.410528,-121.713409,2022,613736.7,4141311.2,21221_50829
SCU_LIGHTNING_COMPLEX,17_21221_50829,86.14,60.98,100.06,74.96,1.0,,37.410528,-121.713409,2022,613736.7,4141311.2,21221_50829
SCU_LIGHTNING_COMPLEX,17_21221_50829,97.94,55.62,109.06,65.42,1.0,,37.410528,-121.713409,2022,613736.7,4141311.2,21221_50829
SCU_LIGHTNING_COMPLEX,17_21221_50829,82.16,51.95,89.19,64.46,1.0,,37.410528,-121.713409,2022,613736.7,4141311.2,21221_50829
SCU_LIGHTNING_COMPLEX,17_21221_50829,114.9,64.82,131.6,81.6,1.0,,37.410528,-121.713409,2022,613736.7,4141311.2,21221_50829
SCU_LIGHTNING_COMPLEX,17_21221_50829,105.73,80.56,122.46,98.72,1.0,,37.410528,-121.713409,2022,613736.7,4141311.2,21221_50829
SCU_LIGHTNING_COMPLEX,17_21221_50829,244.13,62.45,256.0,75.03,1.0,,37.410528,-121.713409,2022,613736.7,4141311.2,21221_50829
SCU_LIGHTNING_COMPLEX,17_21221_50829,234.56,58.87,245.71,71.44,1.0,,37.410528,-121.713409,2022,613736.7,4141311.2,21221_50829
SCU_LIGHTNING_COMPLEX,17_21221_50829,219.48,46.94,241.75,69.31,1.0,,37.410528,-121.713409,2022,613736.7,4141311.2,21221_50829
SCU_LIGHTNING_COMPLEX,17_21221_50829,132.67,178.19,143.8,189.38,1.0,,37.410528,-121.713409,2022,613736.7,4141311.2,21221_50829
SCU_LIGHTNING_COMPLEX,17_21221_50829,76.53,154.66,96.04,175.62,1.0,,37.410528,-121.713409,2022,613736.7,4141311.2,21221_50829
SCU_LIGHTNING_COMPLEX,17_21221_50829,140.99,161.06,160.52,183.4,1.0,,37.410528,-121.713409,2022,613736.7,4141311.2,21221_50829
SCU_LIGHTNING_COMPLEX,17_21221_50829,117.66,153.85,144.13,181.79,1.0,,37.410528,-121.713409,2022,613736.7,4141311.2,21221_50829
SCU_LIGHTNING_COMPLEX,17_21221_50829,142.0,193.5,154.59,210.22,1.0,,37.410528,-121.713409,2022,613736.7,4141311.2,21221_50829
SCU_LIGHTNING_COMPLEX,17_21221_50829,165.97,142.78,182.75,165.08,1.0,,37.410528,-121.713409,2022,613736.7,4141311.2,21221_50829
SCU_LIGHTNING_COMPLEX,17_21221_50829,190.61,145.19,215.69,171.74,1.0,,37.410528,-121.713409,2022,613736.7,4141311.2,21221_50829
SCU_LIGHTNING_COMPLEX,17_21221_50829,193.08,166.61,212.65,191.7,1.0,,37.410528,-121.713409,2022,613736.7,4141311.2,21221_50829
SCU_LIGHTNING_COMPLEX,17_21221_50829,173.85,171.86,191.97,191.42,1.0,,37.410528,-121.713409,2022,613736.7,4141311.2,21221_50829
SCU_LIGHTNING_COMPLEX,17_21221_50829,164.34,171.04,178.25,183.64,1.0,,37.410528,-121.713409,2022,613736.7,4141311.2,21221_50829
SCU_LIGHTNING_COMPLEX,17_21221_50829,217.48,151.76,225.91,165.67,1.0,,37.410528,-121.713409,2022,613736.7,4141311.2,21221_50829
SCU_LIGHTNING_COMPLEX,17_21221_50829,222.36,149.07,233.5,160.26,1.0,,37.410528,-121.713409,2022,613736.7,4141311.2,21221_50829
SCU_LIGHTNING_COMPLEX,17_21221_50829,208.83,133.71,222.72,144.93,1.0,,37.410528,-121.713409,2022,613736.7,4141311.2,21221_50829
SCU_LIGHTNING_COMPLEX,17_21221_50829,195.23,118.35,214.68,135.16,1.0,,37.410528,-121.713409,2022,613736.7,4141311.2,21221_50829
SCU_LIGHTNING_COMPLEX,17_21221_50829,177.89,136.04,187.65,147.21,1.0,,37.410528,-121.713409,2022,613736.7,4141311.2,21221_50829
SCU_LIGHTNING_COMPLEX,17_21221_50829,155.17,142.63,166.27,151.06,1.0,,37.410528,-121.713409,2022,613736.7,4141311.2,21221_50829
SCU_LIGHTNING_COMPLEX,17_21221_50829,152.98,153.64,169.55,160.76,1.0,,37.410528,-121.713409,2022,613736.7,4141311.2,21221_50829
SCU_LIGHTNING_COMPLEX,17_21221_50829,155.35,126.08,166.49,137.26,1.0,,37.410528,-121.713409,2022,613736.7,4141311.2,21221_50829
SCU_LIGHTNING_COMPLEX,17_21221_50829,170.64,111.8,183.17,124.38,1.0,,37.410528,-121.713409,2022,613736.7,4141311.2,21221_50829
SCU_LIGHTNING_COMPLEX,17_21221_50829,166.31,127.61,184.33,140.27,1.0,,37.410528,-121.713409,2022,613736.7,4141311.2,21221_50829
SCU_LIGHTNING_COMPLEX,17_21221_50829,228.24,116.73,243.55,132.11,1.0,,37.410528,-121.713409,2022,613736.7,4141311.2,21221_50829
SCU_LIGHTNING_COMPLEX,17_21221_50829,236.91,128.58,250.95,150.84,1.0,,37.410528,-121.713409,2022,613736.7,4141311.2,21221_50829
SCU_LIGHTNING_COMPLEX,17_21221_50829,239.36,108.6,253.28,122.59,1.0,,37.410528,-121.713409,2022,613736.7,4141311.2,21221_50829
SCU_LIGHTNING_COMPLEX,17_21221_50829,240.15,156.9,247.13,165.27,1.0,,37.410528,-121.713409,2022,613736.7,4141311.2,21221_50829
SCU_LIGHTNING_COMPLEX,17_21221_50829,235.5,187.19,246.72,203.9,1.0,,37.410528,-121.713409,2022,613736.7,4141311.2,21221_50829
SCU_LIGHTNING_COMPLEX,17_21221_50829,228.42,209.86,243.66,219.72,1.0,,37.410528,-121.713409,2022,613736.7,4141311.2,21221_50829
SCU_LIGHTNING_COMPLEX,17_21221_50829,132.38,0.0,157.22,8.14,1.0,,37.410528,-121.713409,2022,613736.7,4141311.2,21221_50829
SCU_LIGHTNING_COMPLEX,17_21221_50829,47.06,10.08,58.16,18.51,1.0,,37.410528,-121.713409,2022,613736.7,4141311.2,21221_50829
SCU_LIGHTNING_COMPLEX,17_21221_50829,31.4,0.0,46.62,8.69,1.0,,37.410528,-121.713409,2022,613736.7,4141311.2,21221_50829
SCU_LIGHTNING_COMPLEX,17_21221_50829,211.49,186.86,225.43,202.22,1.0,,37.410528,-121.713409,2022,613736.7,4141311.2,21221_50829
SCU_LIGHTNING_COMPLEX,17_21221_50829,234.36,167.17,251.11,186.71,1.0,,37.410528,-121.713409,2022,613736.7,4141311.2,21221_50829
SCU_LIGHTNING_COMPLEX,17_21221_50829,208.3,166.81,227.76,183.63,1.0,,37.410528,-121.713409,2022,613736.7,4141311.2,21221_50829
SCU_LIGHTNING_COMPLEX,17_21221_50829,25.48,78.77,42.12,90.03,1.0,,37.410528,-121.713409,2022,613736.7,4141311.2,21221_50829
SCU_LIGHTNING_COMPLEX,17_21222_50781,168.89,28.19,198.06,52.04,1.0,,37.515172,-121.710663,2022,613821.0,4152924.6,21222_50781
SCU_LIGHTNING_COMPLEX,17_21222_50781,188.38,158.85,218.94,184.09,1.0,,37.515172,-121.710663,2022,613821.0,4152924.6,21222_50781
SCU_LIGHTNING_COMPLEX,17_21222_50781,65.71,191.65,93.47,212.72,1.0,,37.515172,-121.710663,2022,613821.0,4152924.6,21222_50781
SCU_LIGHTNING_COMPLEX,17_21222_50781,96.67,196.9,109.2,209.49,1.0,,37.515172,-121.710663,2022,613821.0,4152924.6,21222_50781
SCU_LIGHTNING_COMPLEX,17_21222_50781,35.39,205.72,52.06,219.74,1.0,,37.515172,-121.710663,2022,613821.0,4152924.6,21222_50781
SCU_LIGHTNING_COMPLEX,17_21222_50781,46.24,213.46,71.19,230.35,1.0,,37.515172,-121.710663,2022,613821.0,4152924.6,21222_50781
SCU_LIGHTNING_COMPLEX,17_21222_50781,0.0,225.24,22.94,244.86,1.0,,37.515172,-121.710663,2022,613821.0,4152924.6,21222_50781
SCU_LIGHTNING_COMPLEX,17_21222_50781,0.0,201.09,29.45,222.19,1.0,,37.515172,-121.710663,2022,613821.0,4152924.6,21222_50781
SCU_LIGHTNING_COMPLEX,17_21222_50781,0.04,178.33,23.58,192.44,1.0,,37.515172,-121.710663,2022,613821.0,4152924.6,21222_50781
SCU_LIGHTNING_COMPLEX,17_21222_50781,67.39,170.98,85.51,190.53,1.0,,37.515172,-121.710663,2022,613821.0,4152924.6,21222_50781
SCU_LIGHTNING_COMPLEX,17_21222_50781,8.99,118.43,28.52,140.77,1.0,,37.515172,-121.710663,2022,613821.0,4152924.6,21222_50781
SCU_LIGHTNING_COMPLEX,17_21222_50781,0.76,122.46,13.35,139.18,1.0,,37.515172,-121.710663,2022,613821.0,4152924.6,21222_50781
SCU_LIGHTNING_COMPLEX,17_21222_50781,0.0,143.14,8.95,161.2,1.0,,37.515172,-121.710663,2022,613821.0,4152924.6,21222_50781
SCU_LIGHTNING_COMPLEX,17_21222_50781,47.37,82.4,59.93,96.36,1.0,,37.515172,-121.710663,2022,613821.0,4152924.6,21222_50781
SCU_LIGHTNING_COMPLEX,17_21222_50781,58.81,94.97,76.93,114.53,1.0,,37.515172,-121.710663,2022,613821.0,4152924.6,21222_50781
SCU_LIGHTNING_COMPLEX,17_21222_50781,74.08,84.83,88.06,102.96,1.0,,37.515172,-121.710663,2022,613821.0,4152924.6,21222_50781
SCU_LIGHTNING_COMPLEX,17_21222_50781,144.59,152.72,161.32,170.88,1.0,,37.515172,-121.710663,2022,613821.0,4152924.6,21222_50781
SCU_LIGHTNING_COMPLEX,17_21222_50781,95.31,136.87,116.2,157.84,1.0,,37.515172,-121.710663,2022,613821.0,4152924.6,21222_50781
SCU_LIGHTNING_COMPLEX,17_21222_50781,77.05,216.64,97.94,237.62,1.0,,37.515172,-121.710663,2022,613821.0,4152924.6,21222_50781
SCU_LIGHTNING_COMPLEX,17_21222_50781,139.34,239.57,161.51,253.67,1.0,,37.515172,-121.710663,2022,613821.0,4152924.6,21222_50781
SCU_LIGHTNING_COMPLEX,17_21222_50781,169.71,222.06,186.48,242.97,1.0,,37.515172,-121.710663,2022,613821.0,4152924.6,21222_50781
SCU_LIGHTNING_COMPLEX,17_21222_50781,169.33,198.59,184.74,220.87,1.0,,37.515172,-121.710663,2022,613821.0,4152924.6,21222_50781
SCU_LIGHTNING_COMPLEX,17_21222_50781,181.75,197.39,220.47,217.23,1.0,,37.515172,-121.710663,2022,613821.0,4152924.6,21222_50781
SCU_LIGHTNING_COMPLEX,17_21222_50781,176.81,212.49,212.71,226.78,1.0,,37.515172,-121.710663,2022,613821.0,4152924.6,21222_50781
SCU_LIGHTNING_COMPLEX,17_21222_50781,168.98,184.79,188.36,196.09,1.0,,37.515172,-121.710663,2022,613821.0,4152924.6,21222_50781
SCU_LIGHTNING_COMPLEX,17_21222_50781,189.56,181.63,204.89,198.39,1.0,,37.515172,-121.710663,2022,613821.0,4152924.6,21222_50781
SCU_LIGHTNING_COMPLEX,17_21222_50781,162.66,244.72,184.8,256.0,1.0,,37.515172,-121.710663,2022,613821.0,4152924.6,21222_50781
SCU_LIGHTNING_COMPLEX,17_21222_50781,25.42,225.59,44.92,245.17,1.0,,37.515172,-121.710663,2022,613821.0,4152924.6,21222_50781
SCU_LIGHTNING_COMPLEX,17_21222_50781,41.79,238.92,61.22,254.36,1.0,,37.515172,-121.710663,2022,613821.0,4152924.6,21222_50781
SCU_LIGHTNING_COMPLEX,17_21222_50781,89.85,240.27,109.29,256.0,1.0,,37.515172,-121.710663,2022,613821.0,4152924.6,21222_50781
SCU_LIGHTNING_COMPLEX,17_21222_50781,65.12,241.31,87.3,256.0,1.0,,37.515172,-121.710663,2022,613821.0,4152924.6,21222_50781
SCU_LIGHTNING_COMPLEX,17_21222_50781,38.59,175.41,49.73,186.59,1.0,,37.515172,-121.710663,2022,613821.0,4152924.6,21222_50781
SCU_LIGHTNING_COMPLEX,17_21222_50781,25.68,173.16,29.84,175.97,1.0,,37.515172,-121.710663,2022,613821.0,4152924.6,21222_50781
SCU_LIGHTNING_COMPLEX,17_21222_50781,21.64,161.38,31.37,169.79,1.0,,37.515172,-121.710663,2022,613821.0,4152924.6,21222_50781
SCU_LIGHTNING_COMPLEX,17_21222_50781,22.89,175.88,25.68,178.68,1.0,,37.515172,-121.710663,2022,613821.0,4152924.6,21222_50781
SCU_LIGHTNING_COMPLEX,17_21222_50781,53.88,159.75,66.43,173.72,1.0,,37.515172,-121.710663,2022,613821.0,4152924.6,21222_50781
SCU_LIGHTNING_COMPLEX,17_21222_50781,75.16,164.87,94.52,174.79,1.0,,37.515172,-121.710663,2022,613821.0,4152924.6,21222_50781
SCU_LIGHTNING_COMPLEX,17_21222_50781,69.94,146.17,76.92,154.55,1.0,,37.515172,-121.710663,2022,613821.0,4152924.6,21222_50781
SCU_LIGHTNING_COMPLEX,17_21222_50781,34.91,133.28,66.78,154.4,1.0,,37.515172,-121.710663,2022,613821.0,4152924.6,21222_50781
SCU_LIGHTNING_COMPLEX,17_21222_50781,3.1,99.73,22.59,119.3,1.0,,37.515172,-121.710663,2022,613821.0,4152924.6,21222_50781
SCU_LIGHTNING_COMPLEX,17_21222_50781,33.83,111.88,47.84,132.76,1.0,,37.515172,-121.710663,2022,613821.0,4152924.6,21222_50781
SCU_LIGHTNING_COMPLEX,17_21222_50781,0.84,66.58,17.55,83.36,1.0,,37.515172,-121.710663,2022,613821.0,4152924.6,21222_50781
SCU_LIGHTNING_COMPLEX,17_21222_50781,27.19,89.02,44.03,115.46,1.0,,37.515172,-121.710663,2022,613821.0,4152924.6,21222_50781
SCU_LIGHTNING_COMPLEX,17_21222_50781,8.8,34.27,26.92,53.82,1.0,,37.515172,-121.710663,2022,613821.0,4152924.6,21222_50781
SCU_LIGHTNING_COMPLEX,17_21222_50781,76.33,22.09,101.28,38.98,1.0,,37.515172,-121.710663,2022,613821.0,4152924.6,21222_50781
SCU_LIGHTNING_COMPLEX,17_21222_50781,44.91,14.06,53.3,25.21,1.0,,37.515172,-121.710663,2022,613821.0,4152924.6,21222_50781
SCU_LIGHTNING_COMPLEX,17_21222_50781,91.13,47.12,102.31,61.07,1.0,,37.515172,-121.710663,2022,613821.0,4152924.6,21222_50781
SCU_LIGHTNING_COMPLEX,17_21222_50781,135.09,50.49,139.36,61.58,1.0,,37.515172,-121.710663,2022,613821.0,4152924.6,21222_50781
SCU_LIGHTNING_COMPLEX,17_21225_50825,2.17,20.36,13.37,35.69,1.0,,37.419254,-121.702423,2022,614695.7,4142292.7,21225_50825
SCU_LIGHTNING_COMPLEX,17_21225_50825,5.0,222.54,17.47,230.99,1.0,,37.419254,-121.702423,2022,614695.7,4142292.7,21225_50825
SCU_LIGHTNING_COMPLEX,17_21225_50825,18.15,219.28,26.45,223.53,1.0,,37.419254,-121.702423,2022,614695.7,4142292.7,21225_50825
SCU_LIGHTNING_COMPLEX,17_21225_50825,7.61,34.23,15.93,39.87,1.0,,37.419254,-121.702423,2022,614695.7,4142292.7,21225_50825
SCU_LIGHTNING_COMPLEX,17_21225_50825,17.26,29.54,22.87,37.89,1.0,,37.419254,-121.702423,2022,614695.7,4142292.7,21225_50825
SCU_LIGHTNING_COMPLEX,17_21225_50825,62.84,208.17,74.0,220.73,1.0,,37.419254,-121.702423,2022,614695.7,4142292.7,21225_50825
SCU_LIGHTNING_COMPLEX,17_21225_50825,95.69,224.49,99.89,230.06,1.0,,37.419254,-121.702423,2022,614695.7,4142292.7,21225_50825
SCU_LIGHTNING_COMPLEX,17_21225_50825,95.59,230.69,103.92,237.71,1.0,,37.419254,-121.702423,2022,614695.7,4142292.7,21225_50825
SCU_LIGHTNING_COMPLEX,17_21225_50825,94.53,203.08,100.18,214.2,1.0,,37.419254,-121.702423,2022,614695.7,4142292.7,21225_50825
SCU_LIGHTNING_COMPLEX,17_21225_50825,16.96,157.17,22.49,160.0,1.0,,37.419254,-121.702423,2022,614695.7,4142292.7,21225_50825
SCU_LIGHTNING_COMPLEX,17_21228_50846,7.68,159.8,32.75,184.97,1.0,,37.373431,-121.694183,2022,615495.2,4137218.8,21228_50846
SCU_LIGHTNING_COMPLEX,17_21228_50846,0.0,174.17,17.44,196.49,1.0,,37.373431,-121.694183,2022,615495.2,4137218.8,21228_50846
SCU_LIGHTNING_COMPLEX,17_21228_50846,127.29,200.79,163.4,230.26,1.0,,37.373431,-121.694183,2022,615495.2,4137218.8,21228_50846
SCU_LIGHTNING_COMPLEX,17_21228_50846,144.36,170.66,163.82,187.49,1.0,,37.373431,-121.694183,2022,615495.2,4137218.8,21228_50846
SCU_LIGHTNING_COMPLEX,17_21228_50846,139.09,151.27,159.97,170.87,1.0,,37.373431,-121.694183,2022,615495.2,4137218.8,21228_50846
SCU_LIGHTNING_COMPLEX,17_21228_50846,161.09,148.13,180.62,170.47,1.0,,37.373431,-121.694183,2022,615495.2,4137218.8,21228_50846
SCU_LIGHTNING_COMPLEX,17_21228_50846,191.2,157.52,205.23,178.4,1.0,,37.373431,-121.694183,2022,615495.2,4137218.8,21228_50846
SCU_LIGHTNING_COMPLEX,17_21228_50846,163.61,177.83,188.46,186.45,1.0,,37.373431,-121.694183,2022,615495.2,4137218.8,21228_50846
SCU_LIGHTNING_COMPLEX,17_21228_50846,184.05,185.01,192.48,198.92,1.0,,37.373431,-121.694183,2022,615495.2,4137218.8,21228_50846
SCU_LIGHTNING_COMPLEX,17_21228_50846,152.21,183.19,182.89,216.73,1.0,,37.373431,-121.694183,2022,615495.2,4137218.8,21228_50846
SCU_LIGHTNING_COMPLEX,17_21228_50846,167.46,244.81,188.22,256.0,1.0,,37.373431,-121.694183,2022,615495.2,4137218.8,21228_50846
SCU_LIGHTNING_COMPLEX,17_21228_50846,185.32,238.16,208.92,256.0,1.0,,37.373431,-121.694183,2022,615495.2,4137218.8,21228_50846
SCU_LIGHTNING_COMPLEX,17_21228_50846,76.03,149.01,98.17,160.36,1.0,,37.373431,-121.694183,2022,615495.2,4137218.8,21228_50846
SCU_LIGHTNING_COMPLEX,17_21228_50846,129.02,138.71,141.59,154.06,1.0,,37.373431,-121.694183,2022,615495.2,4137218.8,21228_50846
SCU_LIGHTNING_COMPLEX,17_21228_50846,21.18,131.69,39.32,152.64,1.0,,37.373431,-121.694183,2022,615495.2,4137218.8,21228_50846
SCU_LIGHTNING_COMPLEX,17_21228_50846,221.1,244.17,239.07,252.7,1.0,,37.373431,-121.694183,2022,615495.2,4137218.8,21228_50846
SCU_LIGHTNING_COMPLEX,17_21228_50846,31.1,119.41,42.24,130.6,1.0,,37.373431,-121.694183,2022,615495.2,4137218.8,21228_50846
SCU_LIGHTNING_COMPLEX,17_21228_50846,4.14,115.59,23.74,142.07,1.0,,37.373431,-121.694183,2022,615495.2,4137218.8,21228_50846
SCU_LIGHTNING_COMPLEX,17_21228_50846,2.02,72.78,27.08,96.58,1.0,,37.373431,-121.694183,2022,615495.2,4137218.8,21228_50846
SCU_LIGHTNING_COMPLEX,17_21228_50846,11.33,94.3,33.65,119.44,1.0,,37.373431,-121.694183,2022,615495.2,4137218.8,21228_50846
SCU_LIGHTNING_COMPLEX,17_21228_50846,23.45,5.46,59.6,37.69,1.0,,37.373431,-121.694183,2022,615495.2,4137218.8,21228_50846
SCU_LIGHTNING_COMPLEX,17_21228_50846,38.94,36.04,55.75,59.72,1.0,,37.373431,-121.694183,2022,615495.2,4137218.8,21228_50846
SCU_LIGHTNING_COMPLEX,17_21228_50846,11.94,41.18,44.0,74.73,1.0,,37.373431,-121.694183,2022,615495.2,4137218.8,21228_50846
SCU_LIGHTNING_COMPLEX,17_21228_50846,35.77,78.08,49.68,90.69,1.0,,37.373431,-121.694183,2022,615495.2,4137218.8,21228_50846
SCU_LIGHTNING_COMPLEX,17_21228_50846,51.06,62.42,66.38,77.81,1.0,,37.373431,-121.694183,2022,615495.2,4137218.8,21228_50846
SCU_LIGHTNING_COMPLEX,17_21228_50846,59.92,6.66,90.51,33.29,1.0,,37.373431,-121.694183,2022,615495.2,4137218.8,21228_50846
SCU_LIGHTNING_COMPLEX,17_21228_50846,60.78,41.17,85.91,70.49,1.0,,37.373431,-121.694183,2022,615495.2,4137218.8,21228_50846
SCU_LIGHTNING_COMPLEX,17_21228_50846,40.85,97.47,65.9,121.27,1.0,,37.373431,-121.694183,2022,615495.2,4137218.8,21228_50846
SCU_LIGHTNING_COMPLEX,17_21228_50846,106.47,9.38,142.68,45.75,1.0,,37.373431,-121.694183,2022,615495.2,4137218.8,21228_50846
SCU_LIGHTNING_COMPLEX,17_21228_50846,61.07,79.81,91.56,99.55,1.0,,37.373431,-121.694183,2022,615495.2,4137218.8,21228_50846
SCU_LIGHTNING_COMPLEX,17_21228_50846,43.31,133.38,59.91,141.89,1.0,,37.373431,-121.694183,2022,615495.2,4137218.8,21228_50846
SCU_LIGHTNING_COMPLEX,17_21228_50846,59.69,124.64,87.51,149.86,1.0,,37.373431,-121.694183,2022,615495.2,4137218.8,21228_50846
SCU_LIGHTNING_COMPLEX,17_21228_50846,106.73,108.04,142.7,126.48,1.0,,37.373431,-121.694183,2022,615495.2,4137218.8,21228_50846
SCU_LIGHTNING_COMPLEX,17_21228_50846,85.46,95.33,110.58,124.65,1.0,,37.373431,-121.694183,2022,615495.2,4137218.8,21228_50846
SCU_LIGHTNING_COMPLEX,17_21228_50846,103.23,57.63,120.04,81.31,1.0,,37.373431,-121.694183,2022,615495.2,4137218.8,21228_50846
SCU_LIGHTNING_COMPLEX,17_21228_50846,78.94,14.52,116.5,49.52,1.0,,37.373431,-121.694183,2022,615495.2,4137218.8,21228_50846
SCU_LIGHTNING_COMPLEX,17_21228_50846,111.08,84.65,144.39,109.94,1.0,,37.373431,-121.694183,2022,615495.2,4137218.8,21228_50846
SCU_LIGHTNING_COMPLEX,17_21228_50846,127.97,51.76,155.84,81.12,1.0,,37.373431,-121.694183,2022,615495.2,4137218.8,21228_50846
SCU_LIGHTNING_COMPLEX,17_21228_50846,170.48,64.77,190.02,87.11,1.0,,37.373431,-121.694183,2022,615495.2,4137218.8,21228_50846
SCU_LIGHTNING_COMPLEX,17_21228_50846,159.23,73.59,187.14,105.7,1.0,,37.373431,-121.694183,2022,615495.2,4137218.8,21228_50846
SCU_LIGHTNING_COMPLEX,17_21228_50846,158.91,52.88,178.5,79.36,1.0,,37.373431,-121.694183,2022,615495.2,4137218.8,21228_50846
SCU_LIGHTNING_COMPLEX,17_21228_50846,186.68,41.54,202.02,58.3,1.0,,37.373431,-121.694183,2022,615495.2,4137218.8,21228_50846
SCU_LIGHTNING_COMPLEX,17_21228_50846,158.05,19.06,183.09,41.48,1.0,,37.373431,-121.694183,2022,615495.2,4137218.8,21228_50846
SCU_LIGHTNING_COMPLEX,17_21228_50846,178.01,16.58,198.92,38.94,1.0,,37.373431,-121.694183,2022,615495.2,4137218.8,21228_50846
SCU_LIGHTNING_COMPLEX,17_21228_50846,143.91,0.0,171.68,20.62,1.0,,37.373431,-121.694183,2022,615495.2,4137218.8,21228_50846
SCU_LIGHTNING_COMPLEX,17_21228_50846,168.84,130.99,204.9,156.32,1.0,,37.373431,-121.694183,2022,615495.2,4137218.8,21228_50846
SCU_LIGHTNING_COMPLEX,17_21228_50846,92.74,138.9,106.55,144.6,1.0,,37.373431,-121.694183,2022,615495.2,4137218.8,21228_50846
SCU_LIGHTNING_COMPLEX,17_21228_50846,229.75,144.25,253.5,173.55,1.0,,37.373431,-121.694183,2022,615495.2,4137218.8,21228_50846
SCU_LIGHTNING_COMPLEX,17_21228_50846,218.95,173.08,251.04,209.39,1.0,,37.373431,-121.694183,2022,615495.2,4137218.8,21228_50846
NORTH_COMPLEX,17_21357_49712,124.52,152.59,139.8,167.23,1.0,,39.807481,-121.339874,2022,641988.9,4407823.0,21357_49712
NORTH_COMPLEX,17_21357_49712,116.55,143.82,126.02,153.33,1.0,,39.807481,-121.339874,2022,641988.9,4407823.0,21357_49712
NORTH_COMPLEX,17_21357_49712,65.85,137.55,75.03,147.38,1.0,,39.807481,-121.339874,2022,641988.9,4407823.0,21357_49712
NORTH_COMPLEX,17_21357_49712,69.94,147.29,75.32,152.69,1.0,,39.807481,-121.339874,2022,641988.9,4407823.0,21357_49712
NORTH_COMPLEX,17_21357_49712,102.01,143.06,106.44,147.81,1.0,,39.807481,-121.339874,2022,641988.9,4407823.0,21357_49712
NORTH_COMPLEX,17_21357_49712,42.8,180.61,49.09,185.08,1.0,,39.807481,-121.339874,2022,641988.9,4407823.0,21357_49712
NORTH_COMPLEX,17_21357_49712,39.61,176.18,45.6,181.28,1.0,,39.807481,-121.339874,2022,641988.9,4407823.0,21357_49712
NORTH_COMPLEX,17_21357_49712,22.18,173.45,29.2,179.04,1.0,,39.807481,-121.339874,2022,641988.9,4407823.0,21357_49712
NORTH_COMPLEX,17_21357_49712,52.19,138.79,61.6,145.91,1.0,,39.807481,-121.339874,2022,641988.9,4407823.0,21357_49712
NORTH_COMPLEX,17_21357_49712,47.08,143.86,57.2,153.02,1.0,,39.807481,-121.339874,2022,641988.9,4407823.0,21357_49712
NORTH_COMPLEX,17_21357_49712,46.25,150.28,53.12,157.01,1.0,,39.807481,-121.339874,2022,641988.9,4407823.0,21357_49712
NORTH_COMPLEX,17_21357_49712,16.05,146.79,25.9,159.29,1.0,,39.807481,-121.339874,2022,641988.9,4407823.0,21357_49712
NORTH_COMPLEX,17_21357_49712,25.48,161.12,35.92,169.97,1.0,,39.807481,-121.339874,2022,641988.9,4407823.0,21357_49712
NORTH_COMPLEX,17_21357_49712,1.46,148.68,11.27,158.85,1.0,,39.807481,-121.339874,2022,641988.9,4407823.0,21357_49712
NORTH_COMPLEX,17_21357_49712,6.21,146.27,14.96,153.09,1.0,,39.807481,-121.339874,2022,641988.9,4407823.0,21357_49712
NORTH_COMPLEX,17_21357_49712,10.78,167.01,18.89,175.14,1.0,,39.807481,-121.339874,2022,641988.9,4407823.0,21357_49712
NORTH_COMPLEX,17_21357_49712,8.72,163.8,13.81,170.22,1.0,,39.807481,-121.339874,2022,641988.9,4407823.0,21357_49712
NORTH_COMPLEX,17_21357_49712,35.24,173.62,40.66,180.05,1.0,,39.807481,-121.339874,2022,641988.9,4407823.0,21357_49712
NORTH_COMPLEX,17_21357_49712,33.21,178.75,36.59,182.14,1.0,,39.807481,-121.339874,2022,641988.9,4407823.0,21357_49712
NORTH_COMPLEX,17_21357_49712,5.37,173.69,10.19,178.53,1.0,,39.807481,-121.339874,2022,641988.9,4407823.0,21357_49712
NORTH_COMPLEX,17_21357_49712,0.0,165.82,4.81,171.93,1.0,,39.807481,-121.339874,2022,641988.9,4407823.0,21357_49712
NORTH_COMPLEX,17_21357_49712,0.34,171.85,5.17,177.01,1.0,,39.807481,-121.339874,2022,641988.9,4407823.0,21357_49712
NORTH_COMPLEX,17_21357_49712,4.35,169.39,10.42,173.93,1.0,,39.807481,-121.339874,2022,641988.9,4407823.0,21357_49712
NORTH_COMPLEX,17_21357_49712,40.06,131.98,48.68,139.56,1.0,,39.807481,-121.339874,2022,641988.9,4407823.0,21357_49712
NORTH_COMPLEX,17_21357_49712,26.88,136.21,37.17,151.69,1.0,,39.807481,-121.339874,2022,641988.9,4407823.0,21357_49712
NORTH_COMPLEX,17_21357_49712,12.26,140.96,23.05,147.93,1.0,,39.807481,-121.339874,2022,641988.9,4407823.0,21357_49712
NORTH_COMPLEX,17_21357_49712,39.77,28.64,48.48,37.39,1.0,,39.807481,-121.339874,2022,641988.9,4407823.0,21357_49712
NORTH_COMPLEX,17_21357_49712,44.88,57.31,50.25,63.35,1.0,,39.807481,-121.339874,2022,641988.9,4407823.0,21357_49712
NORTH_COMPLEX,17_21357_49712,48.28,62.32,51.97,66.35,1.0,,39.807481,-121.339874,2022,641988.9,4407823.0,21357_49712
NORTH_COMPLEX,17_21357_49712,68.34,66.17,78.38,75.93,1.0,,39.807481,-121.339874,2022,641988.9,4407823.0,21357_49712
NORTH_COMPLEX,17_21357_49712,83.48,36.56,94.23,48.64,1.0,,39.807481,-121.339874,2022,641988.9,4407823.0,21357_49712
NORTH_COMPLEX,17_21357_49712,13.67,36.08,20.38,43.14,1.0,,39.807481,-121.339874,2022,641988.9,4407823.0,21357_49712
NORTH_COMPLEX,17_21357_49712,40.61,84.14,50.92,93.62,1.0,,39.807481,-121.339874,2022,641988.9,4407823.0,21357_49712
NORTH_COMPLEX,17_21357_49712,129.73,8.6,137.99,16.51,1.0,,39.807481,-121.339874,2022,641988.9,4407823.0,21357_49712
NORTH_COMPLEX,17_21357_49712,115.53,7.75,118.3,11.3,1.0,,39.807481,-121.339874,2022,641988.9,4407823.0,21357_49712
NORTH_COMPLEX,17_21357_49712,104.06,11.61,107.99,15.18,1.0,,39.807481,-121.339874,2022,641988.9,4407823.0,21357_49712
NORTH_COMPLEX,17_21357_49712,34.82,24.68,39.16,30.19,1.0,,39.807481,-121.339874,2022,641988.9,4407823.0,21357_49712
NORTH_COMPLEX,17_21357_49712,117.96,54.55,132.88,68.39,1.0,,39.807481,-121.339874,2022,641988.9,4407823.0,21357_49712
NORTH_COMPLEX,17_21357_49712,18.94,128.44,23.83,136.32,1.0,,39.807481,-121.339874,2022,641988.9,4407823.0,21357_49712
NORTH_COMPLEX,17_21357_49712,94.34,120.96,102.72,131.51,1.0,,39.807481,-121.339874,2022,641988.9,4407823.0,21357_49712
NORTH_COMPLEX,17_21357_49712,103.55,125.03,113.22,134.73,1.0,,39.807481,-121.339874,2022,641988.9,4407823.0,21357_49712
NORTH_COMPLEX,17_21357_49712,111.95,127.57,118.57,135.92,1.0,,39.807481,-121.339874,2022,641988.9,4407823.0,21357_49712
NORTH_COMPLEX,17_21357_49712,61.1,121.42,70.78,131.99,1.0,,39.807481,-121.339874,2022,641988.9,4407823.0,21357_49712
NORTH_COMPLEX,17_21357_49712,20.99,113.31,27.13,119.05,1.0,,39.807481,-121.339874,2022,641988.9,4407823.0,21357_49712
NORTH_COMPLEX,17_21357_49712,28.39,96.77,33.69,103.79,1.0,,39.807481,-121.339874,2022,641988.9,4407823.0,21357_49712
NORTH_COMPLEX,17_21357_49712,135.46,45.6,140.93,50.71,1.0,,39.807481,-121.339874,2022,641988.9,4407823.0,21357_49712
NORTH_COMPLEX,17_21357_49712,110.3,43.78,119.27,51.65,1.0,,39.807481,-121.339874,2022,641988.9,4407823.0,21357_49712
NORTH_COMPLEX,17_21357_49712,151.68,49.37,160.63,56.08,1.0,,39.807481,-121.339874,2022,641988.9,4407823.0,21357_49712
NORTH_COMPLEX,17_21357_49712,99.25,30.47,105.89,36.76,1.0,,39.807481,-121.339874,2022,641988.9,4407823.0,21357_49712
NORTH_COMPLEX,17_21357_49712,135.05,30.72,141.65,37.1,1.0,,39.807481,-121.339874,2022,641988.9,4407823.0,21357_49712
NORTH_COMPLEX,17_21357_49712,170.91,11.36,178.05,18.53,1.0,,39.807481,-121.339874,2022,641988.9,4407823.0,21357_49712
NORTH_COMPLEX,17_21357_49712,163.85,0.67,174.44,13.41,1.0,,39.807481,-121.339874,2022,641988.9,4407823.0,21357_49712
NORTH_COMPLEX,17_21357_49712,149.11,7.74,159.07,19.25,1.0,,39.807481,-121.339874,2022,641988.9,4407823.0,21357_49712
NORTH_COMPLEX,17_21357_49712,137.68,9.98,144.85,18.98,1.0,,39.807481,-121.339874,2022,641988.9,4407823.0,21357_49712
NORTH_COMPLEX,17_21357_49712,143.34,1.97,152.32,9.48,1.0,,39.807481,-121.339874,2022,641988.9,4407823.0,21357_49712
NORTH_COMPLEX,17_21357_49712,134.3,0.0,141.38,4.08,1.0,,39.807481,-121.339874,2022,641988.9,4407823.0,21357_49712
NORTH_COMPLEX,17_21357_49712,137.53,3.24,144.98,10.72,1.0,,39.807481,-121.339874,2022,641988.9,4407823.0,21357_49712
NORTH_COMPLEX,17_21357_49712,188.89,0.0,196.86,2.66,1.0,,39.807481,-121.339874,2022,641988.9,4407823.0,21357_49712
NORTH_COMPLEX,17_21357_49712,216.38,16.8,223.83,24.28,1.0,,39.807481,-121.339874,2022,641988.9,4407823.0,21357_49712
NORTH_COMPLEX,17_21357_49712,227.09,32.76,233.59,38.69,1.0,,39.807481,-121.339874,2022,641988.9,4407823.0,21357_49712
NORTH_COMPLEX,17_21357_49712,199.88,0.73,207.66,9.75,1.0,,39.807481,-121.339874,2022,641988.9,4407823.0,21357_49712
NORTH_COMPLEX,17_21357_49712,205.45,14.0,214.43,21.81,1.0,,39.807481,-121.339874,2022,641988.9,4407823.0,21357_49712
NORTH_COMPLEX,17_21357_49712,169.03,27.85,177.75,37.8,1.0,,39.807481,-121.339874,2022,641988.9,4407823.0,21357_49712
NORTH_COMPLEX,17_21357_49712,48.91,0.0,64.49,12.69,1.0,,39.807481,-121.339874,2022,641988.9,4407823.0,21357_49712
NORTH_COMPLEX,17_21357_49712,27.58,85.23,34.95,94.49,1.0,,39.807481,-121.339874,2022,641988.9,4407823.0,21357_49712
NORTH_COMPLEX,17_21357_49712,32.86,92.91,40.97,103.07,1.0,,39.807481,-121.339874,2022,641988.9,4407823.0,21357_49712
NORTH_COMPLEX,17_21357_49712,38.02,99.34,45.84,109.5,1.0,,39.807481,-121.339874,2022,641988.9,4407823.0,21357_49712
NORTH_COMPLEX,17_21357_49712,49.83,88.07,58.23,97.94,1.0,,39.807481,-121.339874,2022,641988.9,4407823.0,21357_49712
NORTH_COMPLEX,17_21357_49712,94.96,108.95,102.46,117.63,1.0,,39.807481,-121.339874,2022,641988.9,4407823.0,21357_49712
NORTH_COMPLEX,17_21357_49712,101.54,88.0,107.54,95.47,1.0,,39.807481,-121.339874,2022,641988.9,4407823.0,21357_49712
NORTH_COMPLEX,17_21357_49712,96.81,82.61,103.39,89.21,1.0,,39.807481,-121.339874,2022,641988.9,4407823.0,21357_49712
NORTH_COMPLEX,17_21357_49712,52.69,82.23,56.28,85.83,1.0,,39.807481,-121.339874,2022,641988.9,4407823.0,21357_49712
NORTH_COMPLEX,17_21357_49712,37.69,73.25,44.56,79.86,1.0,,39.807481,-121.339874,2022,641988.9,4407823.0,21357_49712
NORTH_COMPLEX,17_21357_49712,40.7,68.3,48.46,75.51,1.0,,39.807481,-121.339874,2022,641988.9,4407823.0,21357_49712
NORTH_COMPLEX,17_21357_49712,84.02,92.09,89.41,98.38,1.0,,39.807481,-121.339874,2022,641988.9,4407823.0,21357_49712
NORTH_COMPLEX,17_21357_49712,15.69,116.85,21.82,123.37,1.0,,39.807481,-121.339874,2022,641988.9,4407823.0,21357_49712
NORTH_COMPLEX,17_21357_49712,13.88,102.29,20.02,109.57,1.0,,39.807481,-121.339874,2022,641988.9,4407823.0,21357_49712
NORTH_COMPLEX,17_21357_49712,8.74,99.24,15.13,105.88,1.0,,39.807481,-121.339874,2022,641988.9,4407823.0,21357_49712
NORTH_COMPLEX,17_21357_49712,0.0,108.63,2.08,113.62,1.0,,39.807481,-121.339874,2022,641988.9,4407823.0,21357_49712
NORTH_COMPLEX,17_21357_49712,24.93,103.48,29.05,108.05,1.0,,39.807481,-121.339874,2022,641988.9,4407823.0,21357_49712
NORTH_COMPLEX,17_21357_49712,22.42,92.19,28.58,98.82,1.0,,39.807481,-121.339874,2022,641988.9,4407823.0,21357_49712
NORTH_COMPLEX,17_21357_49712,24.26,120.44,30.86,126.4,1.0,,39.807481,-121.339874,2022,641988.9,4407823.0,21357_49712
NORTH_COMPLEX,17_21357_49712,24.29,124.94,30.67,131.12,1.0,,39.807481,-121.339874,2022,641988.9,4407823.0,21357_49712
NORTH_COMPLEX,17_21357_49712,83.6,85.62,88.14,90.17,1.0,,39.807481,-121.339874,2022,641988.9,4407823.0,21357_49712
NORTH_COMPLEX,17_21357_49712,78.14,64.69,82.67,69.24,1.0,,39.807481,-121.339874,2022,641988.9,4407823.0,21357_49712
NORTH_COMPLEX,17_21357_49712,85.42,62.73,89.12,66.71,1.0,,39.807481,-121.339874,2022,641988.9,4407823.0,21357_49712
NORTH_COMPLEX,17_21357_49712,122.51,72.93,128.19,78.9,1.0,,39.807481,-121.339874,2022,641988.9,4407823.0,21357_49712
NORTH_COMPLEX,17_21357_49712,95.5,47.68,104.57,56.79,1.0,,39.807481,-121.339874,2022,641988.9,4407823.0,21357_49712
NORTH_COMPLEX,17_21357_49712,91.36,55.01,97.33,62.11,1.0,,39.807481,-121.339874,2022,641988.9,4407823.0,21357_49712
NORTH_COMPLEX,17_21357_49712,30.67,59.84,41.1,72.54,1.0,,39.807481,-121.339874,2022,641988.9,4407823.0,21357_49712
NORTH_COMPLEX,17_21357_49712,0.0,27.22,12.81,47.17,1.0,,39.807481,-121.339874,2022,641988.9,4407823.0,21357_49712
NORTH_COMPLEX,17_21357_49712,3.11,13.62,8.9,20.55,1.0,,39.807481,-121.339874,2022,641988.9,4407823.0,21357_49712
NORTH_COMPLEX,17_21357_49712,2.56,2.06,10.32,9.32,1.0,,39.807481,-121.339874,2022,641988.9,4407823.0,21357_49712
NORTH_COMPLEX,17_21357_49712,31.44,0.0,43.91,10.77,1.0,,39.807481,-121.339874,2022,641988.9,4407823.0,21357_49712
NORTH_COMPLEX,17_21357_49712,32.31,17.54,37.31,22.83,1.0,,39.807481,-121.339874,2022,641988.9,4407823.0,21357_49712
NORTH_COMPLEX,17_21357_49712,14.62,22.27,21.54,27.87,1.0,,39.807481,-121.339874,2022,641988.9,4407823.0,21357_49712
NORTH_COMPLEX,17_21357_49712,118.55,24.61,127.08,34.81,1.0,,39.807481,-121.339874,2022,641988.9,4407823.0,21357_49712
NORTH_COMPLEX,17_21357_49712,109.43,31.97,117.93,41.17,1.0,,39.807481,-121.339874,2022,641988.9,4407823.0,21357_49712
NORTH_COMPLEX,17_21357_49712,120.42,32.68,129.93,41.9,1.0,,39.807481,-121.339874,2022,641988.9,4407823.0,21357_49712
NORTH_COMPLEX,17_21357_49712,118.8,39.02,126.98,48.54,1.0,,39.807481,-121.339874,2022,641988.9,4407823.0,21357_49712
NORTH_COMPLEX,17_21357_49712,127.97,40.53,134.79,48.69,1.0,,39.807481,-121.339874,2022,641988.9,4407823.0,21357_49712
NORTH_COMPLEX,17_21357_49712,116.65,49.36,124.12,56.53,1.0,,39.807481,-121.339874,2022,641988.9,4407823.0,21357_49712
NORTH_COMPLEX,17_21357_49712,157.12,24.04,169.31,35.93,1.0,,39.807481,-121.339874,2022,641988.9,4407823.0,21357_49712
NORTH_COMPLEX,17_21357_49712,176.42,0.9,188.62,13.14,1.0,,39.807481,-121.339874,2022,641988.9,4407823.0,21357_49712
NORTH_COMPLEX,17_21357_49712,44.3,100.7,61.21,117.1,1.0,,39.807481,-121.339874,2022,641988.9,4407823.0,21357_49712
NORTH_COMPLEX,17_21357_49712,58.29,49.9,70.96,61.44,1.0,,39.807481,-121.339874,2022,641988.9,4407823.0,21357_49712
NORTH_COMPLEX,17_21357_49712,69.01,55.87,77.32,64.68,1.0,,39.807481,-121.339874,2022,641988.9,4407823.0,21357_49712
NORTH_COMPLEX,17_21357_49712,66.23,42.95,75.28,53.46,1.0,,39.807481,-121.339874,2022,641988.9,4407823.0,21357_49712
NORTH_COMPLEX,17_21357_49712,52.04,62.29,58.87,69.15,1.0,,39.807481,-121.339874,2022,641988.9,4407823.0,21357_49712
NORTH_COMPLEX,17_21357_49712,54.07,67.14,63.57,76.21,1.0,,39.807481,-121.339874,2022,641988.9,4407823.0,21357_49712
NORTH_COMPLEX,17_21357_49712,60.32,58.84,69.36,68.62,1.0,,39.807481,-121.339874,2022,641988.9,4407823.0,21357_49712
NORTH_COMPLEX,17_21357_49712,48.14,45.98,60.01,53.42,1.0,,39.807481,-121.339874,2022,641988.9,4407823.0,21357_49712
NORTH_COMPLEX,17_21357_49712,15.62,53.98,19.36,57.57,1.0,,39.807481,-121.339874,2022,641988.9,4407823.0,21357_49712
NORTH_COMPLEX,17_21357_49712,122.52,15.92,133.53,26.96,1.0,,39.807481,-121.339874,2022,641988.9,4407823.0,21357_49712
NORTH_COMPLEX,17_21357_49712,129.36,25.02,136.15,31.7,1.0,,39.807481,-121.339874,2022,641988.9,4407823.0,21357_49712
NORTH_COMPLEX,17_21357_49712,135.48,17.29,142.69,23.12,1.0,,39.807481,-121.339874,2022,641988.9,4407823.0,21357_49712
NORTH_COMPLEX,17_21357_49712,235.53,15.81,243.65,23.57,1.0,,39.807481,-121.339874,2022,641988.9,4407823.0,21357_49712
NORTH_COMPLEX,17_21357_49712,239.36,20.49,249.55,32.29,1.0,,39.807481,-121.339874,2022,641988.9,4407823.0,21357_49712
NORTH_COMPLEX,17_21357_49712,224.61,0.18,235.56,9.99,1.0,,39.807481,-121.339874,2022,641988.9,4407823.0,21357_49712
NORTH_COMPLEX,17_21357_49712,235.14,2.58,246.49,12.4,1.0,,39.807481,-121.339874,2022,641988.9,4407823.0,21357_49712
NORTH_COMPLEX,17_21357_49712,215.15,37.27,224.89,46.26,1.0,,39.807481,-121.339874,2022,641988.9,4407823.0,21357_49712
NORTH_COMPLEX,17_21357_49712,163.06,37.9,173.99,46.91,1.0,,39.807481,-121.339874,2022,641988.9,4407823.0,21357_49712
NORTH_COMPLEX,17_21357_49712,147.27,32.6,163.51,48.12,1.0,,39.807481,-121.339874,2022,641988.9,4407823.0,21357_49712
NORTH_COMPLEX,17_21357_49712,194.33,8.43,204.07,17.82,1.0,,39.807481,-121.339874,2022,641988.9,4407823.0,21357_49712
NORTH_COMPLEX,17_21357_49712,177.09,14.12,186.41,21.9,1.0,,39.807481,-121.339874,2022,641988.9,4407823.0,21357_49712
NORTH_COMPLEX,17_21357_49712,134.16,64.58,142.74,74.11,1.0,,39.807481,-121.339874,2022,641988.9,4407823.0,21357_49712
NORTH_COMPLEX,17_21357_49712,150.57,57.74,158.63,68.11,1.0,,39.807481,-121.339874,2022,641988.9,4407823.0,21357_49712
NORTH_COMPLEX,17_21357_49712,143.31,65.28,151.31,72.39,1.0,,39.807481,-121.339874,2022,641988.9,4407823.0,21357_49712
NORTH_COMPLEX,17_21357_49712,142.97,70.04,152.84,78.58,1.0,,39.807481,-121.339874,2022,641988.9,4407823.0,21357_49712
NORTH_COMPLEX,17_21357_49712,146.67,78.12,154.2,85.0,1.0,,39.807481,-121.339874,2022,641988.9,4407823.0,21357_49712
NORTH_COMPLEX,17_21357_49712,72.95,92.13,80.82,100.8,1.0,,39.807481,-121.339874,2022,641988.9,4407823.0,21357_49712
NORTH_COMPLEX,17_21357_49712,80.32,68.5,85.8,75.63,1.0,,39.807481,-121.339874,2022,641988.9,4407823.0,21357_49712
NORTH_COMPLEX,17_21357_49712,75.59,74.52,82.18,81.86,1.0,,39.807481,-121.339874,2022,641988.9,4407823.0,21357_49712
NORTH_COMPLEX,17_21357_49712,108.05,51.92,116.1,59.68,1.0,,39.807481,-121.339874,2022,641988.9,4407823.0,21357_49712
NORTH_COMPLEX,17_21357_49712,87.76,65.67,94.5,71.19,1.0,,39.807481,-121.339874,2022,641988.9,4407823.0,21357_49712
NORTH_COMPLEX,17_21357_49712,93.84,60.7,99.33,67.15,1.0,,39.807481,-121.339874,2022,641988.9,4407823.0,21357_49712
NORTH_COMPLEX,17_21357_49712,98.05,56.49,102.89,61.66,1.0,,39.807481,-121.339874,2022,641988.9,4407823.0,21357_49712
NORTH_COMPLEX,17_21357_49712,105.76,57.12,109.99,63.86,1.0,,39.807481,-121.339874,2022,641988.9,4407823.0,21357_49712
NORTH_COMPLEX,17_21357_49712,100.03,59.55,105.52,66.0,1.0,,39.807481,-121.339874,2022,641988.9,4407823.0,21357_49712
NORTH_COMPLEX,17_21357_49712,224.26,9.4,234.36,19.96,1.0,,39.807481,-121.339874,2022,641988.9,4407823.0,21357_49712
NORTH_COMPLEX,17_21357_49712,209.38,0.91,219.44,9.74,1.0,,39.807481,-121.339874,2022,641988.9,4407823.0,21357_49712
NORTH_COMPLEX,17_21357_49712,213.77,8.34,223.4,16.73,1.0,,39.807481,-121.339874,2022,641988.9,4407823.0,21357_49712
NORTH_COMPLEX,17_21357_49712,216.7,1.91,223.73,9.82,1.0,,39.807481,-121.339874,2022,641988.9,4407823.0,21357_49712
NORTH_COMPLEX,17_21357_49712,49.77,156.28,65.89,168.94,1.0,,39.807481,-121.339874,2022,641988.9,4407823.0,21357_49712
NORTH_COMPLEX,17_21357_49712,79.85,27.74,85.94,35.32,1.0,,39.807481,-121.339874,2022,641988.9,4407823.0,21357_49712
NORTH_COMPLEX,17_21357_49712,104.28,22.47,110.36,29.05,1.0,,39.807481,-121.339874,2022,641988.9,4407823.0,21357_49712
NORTH_COMPLEX,17_21357_49712,96.55,26.31,102.1,31.39,1.0,,39.807481,-121.339874,2022,641988.9,4407823.0,21357_49712
NORTH_COMPLEX,17_21357_49712,35.42,110.44,46.07,120.49,1.0,,39.807481,-121.339874,2022,641988.9,4407823.0,21357_49712
NORTH_COMPLEX,17_21357_49712,210.11,44.89,215.36,52.18,1.0,,39.807481,-121.339874,2022,641988.9,4407823.0,21357_49712
NORTH_COMPLEX,17_21357_49712,80.98,125.12,88.87,132.41,1.0,,39.807481,-121.339874,2022,641988.9,4407823.0,21357_49712
NORTH_COMPLEX,17_21357_49712,85.03,112.86,92.33,123.05,1.0,,39.807481,-121.339874,2022,641988.9,4407823.0,21357_49712
NORTH_COMPLEX,17_21357_49712,81.69,112.31,86.03,119.85,1.0,,39.807481,-121.339874,2022,641988.9,4407823.0,21357_49712
NORTH_COMPLEX,17_21357_49712,78.87,149.32,90.33,162.15,1.0,,39.807481,-121.339874,2022,641988.9,4407823.0,21357_49712
NORTH_COMPLEX,17_21357_49712,67.51,155.19,80.34,169.85,1.0,,39.807481,-121.339874,2022,641988.9,4407823.0,21357_49712
NORTH_COMPLEX,17_21357_49712,183.95,21.33,192.68,30.91,1.0,,39.807481,-121.339874,2022,641988.9,4407823.0,21357_49712
NORTH_COMPLEX,17_21357_49712,174.98,21.02,182.33,30.58,1.0,,39.807481,-121.339874,2022,641988.9,4407823.0,21357_49712
NORTH_COMPLEX,17_21380_49719,241.49,111.63,254.58,123.71,1.0,,39.79271,-121.276703,2022,647428.2,4406285.7,21380_49719
NORTH_COMPLEX,17_21380_49719,203.57,215.86,216.66,227.95,1.0,,39.79271,-121.276703,2022,647428.2,4406285.7,21380_49719
NORTH_COMPLEX,17_21380_49719,196.23,210.34,206.04,219.13,1.0,,39.79271,-121.276703,2022,647428.2,4406285.7,21380_49719
NORTH_COMPLEX,17_21380_49719,166.06,251.92,182.15,256.0,1.0,,39.79271,-121.276703,2022,647428.2,4406285.7,21380_49719
NORTH_COMPLEX,17_21380_49719,181.05,185.49,189.25,192.84,1.0,,39.79271,-121.276703,2022,647428.2,4406285.7,21380_49719
NORTH_COMPLEX,17_21380_49719,143.76,206.93,149.52,212.16,1.0,,39.79271,-121.276703,2022,647428.2,4406285.7,21380_49719
NORTH_COMPLEX,17_21380_49719,156.05,199.21,162.41,206.15,1.0,,39.79271,-121.276703,2022,647428.2,4406285.7,21380_49719
NORTH_COMPLEX,17_21380_49719,196.09,178.37,202.46,185.88,1.0,,39.79271,-121.276703,2022,647428.2,4406285.7,21380_49719
NORTH_COMPLEX,17_21380_49719,189.22,182.5,196.15,190.03,1.0,,39.79271,-121.276703,2022,647428.2,4406285.7,21380_49719
NORTH_COMPLEX,17_21380_49719,185.0,7.93,193.72,17.96,1.0,,39.79271,-121.276703,2022,647428.2,4406285.7,21380_49719
NORTH_COMPLEX,17_21380_49719,193.38,19.94,200.05,25.99,1.0,,39.79271,-121.276703,2022,647428.2,4406285.7,21380_49719
NORTH_COMPLEX,17_21380_49719,188.2,14.9,197.52,22.32,1.0,,39.79271,-121.276703,2022,647428.2,4406285.7,21380_49719
NORTH_COMPLEX,17_21380_49719,231.41,85.87,240.76,94.6,1.0,,39.79271,-121.276703,2022,647428.2,4406285.7,21380_49719
NORTH_COMPLEX,17_21380_49719,227.66,76.91,235.68,84.96,1.0,,39.79271,-121.276703,2022,647428.2,4406285.7,21380_49719
NORTH_COMPLEX,17_21380_49719,147.17,32.55,155.2,41.26,1.0,,39.79271,-121.276703,2022,647428.2,4406285.7,21380_49719
NORTH_COMPLEX,17_21380_49719,143.04,26.21,150.41,34.25,1.0,,39.79271,-121.276703,2022,647428.2,4406285.7,21380_49719
NORTH_COMPLEX,17_21380_49719,231.71,3.23,239.72,10.62,1.0,,39.79271,-121.276703,2022,647428.2,4406285.7,21380_49719
NORTH_COMPLEX,17_21380_49719,239.01,0.0,246.34,6.47,1.0,,39.79271,-121.276703,2022,647428.2,4406285.7,21380_49719
NORTH_COMPLEX,17_21380_49719,214.12,14.74,220.15,21.44,1.0,,39.79271,-121.276703,2022,647428.2,4406285.7,21380_49719
NORTH_COMPLEX,17_21380_49719,218.12,10.87,224.16,18.23,1.0,,39.79271,-121.276703,2022,647428.2,4406285.7,21380_49719
NORTH_COMPLEX,17_21380_49719,223.43,9.0,228.79,15.02,1.0,,39.79271,-121.276703,2022,647428.2,4406285.7,21380_49719
NORTH_COMPLEX,17_21380_49719,227.62,11.38,233.66,18.74,1.0,,39.79271,-121.276703,2022,647428.2,4406285.7,21380_49719
NORTH_COMPLEX,17_21380_49719,199.02,100.39,205.06,107.74,1.0,,39.79271,-121.276703,2022,647428.2,4406285.7,21380_49719
NORTH_COMPLEX,17_21380_49719,205.47,107.1,210.84,113.78,1.0,,39.79271,-121.276703,2022,647428.2,4406285.7,21380_49719
NORTH_COMPLEX,17_21380_49719,227.01,94.67,235.01,102.07,1.0,,39.79271,-121.276703,2022,647428.2,4406285.7,21380_49719
NORTH_COMPLEX,17_21380_49719,234.49,97.12,240.54,105.14,1.0,,39.79271,-121.276703,2022,647428.2,4406285.7,21380_49719
NORTH_COMPLEX,17_21380_49719,247.33,6.5,256.0,17.2,1.0,,39.79271,-121.276703,2022,647428.2,4406285.7,21380_49719
NORTH_COMPLEX,17_21380_49719,235.53,9.23,244.2,16.64,1.0,,39.79271,-121.276703,2022,647428.2,4406285.7,21380_49719
NORTH_COMPLEX,17_21380_49719,172.11,221.89,182.58,232.86,1.0,,39.79271,-121.276703,2022,647428.2,4406285.7,21380_49719
NORTH_COMPLEX,17_21380_49719,179.1,218.75,194.76,233.56,1.0,,39.79271,-121.276703,2022,647428.2,4406285.7,21380_49719
NORTH_COMPLEX,17_21380_49719,181.33,245.25,188.43,251.0,1.0,,39.79271,-121.276703,2022,647428.2,4406285.7,21380_49719
NORTH_COMPLEX,17_21380_49719,160.73,246.49,168.35,255.06,1.0,,39.79271,-121.276703,2022,647428.2,4406285.7,21380_49719
NORTH_COMPLEX,17_21380_49719,169.94,242.45,175.66,249.11,1.0,,39.79271,-121.276703,2022,647428.2,4406285.7,21380_49719
NORTH_COMPLEX,17_21380_49719,214.92,230.44,221.59,238.06,1.0,,39.79271,-121.276703,2022,647428.2,4406285.7,21380_49719
NORTH_COMPLEX,17_21380_49719,206.28,229.81,213.91,238.85,1.0,,39.79271,-121.276703,2022,647428.2,4406285.7,21380_49719
NORTH_COMPLEX,17_21380_49719,178.44,236.29,184.17,243.42,1.0,,39.79271,-121.276703,2022,647428.2,4406285.7,21380_49719
NORTH_COMPLEX,17_21380_49719,156.73,237.05,166.2,244.71,1.0,,39.79271,-121.276703,2022,647428.2,4406285.7,21380_49719
NORTH_COMPLEX,17_21380_49719,201.48,248.5,206.55,254.03,1.0,,39.79271,-121.276703,2022,647428.2,4406285.7,21380_49719
NORTH_COMPLEX,17_21380_49719,195.23,244.75,200.75,250.3,1.0,,39.79271,-121.276703,2022,647428.2,4406285.7,21380_49719
NORTH_COMPLEX,17_21380_49719,207.18,196.47,219.51,204.41,1.0,,39.79271,-121.276703,2022,647428.2,4406285.7,21380_49719
NORTH_COMPLEX,17_21380_49719,214.5,202.51,225.49,211.33,1.0,,39.79271,-121.276703,2022,647428.2,4406285.7,21380_49719
NORTH_COMPLEX,17_21380_49719,204.48,203.0,215.55,215.44,1.0,,39.79271,-121.276703,2022,647428.2,4406285.7,21380_49719
NORTH_COMPLEX,17_21380_49719,197.02,185.17,202.57,192.53,1.0,,39.79271,-121.276703,2022,647428.2,4406285.7,21380_49719
NORTH_COMPLEX,17_21380_49719,238.36,141.7,248.08,150.88,1.0,,39.79271,-121.276703,2022,647428.2,4406285.7,21380_49719
NORTH_COMPLEX,17_21380_49719,246.67,0.0,256.0,7.84,1.0,,39.79271,-121.276703,2022,647428.2,4406285.7,21380_49719
NORTH_COMPLEX,17_21479_49705,34.06,223.17,42.17,233.51,1.0,,39.822249,-121.004791,2022,670637.3,4410047.8,21479_49705
NORTH_COMPLEX,17_21479_49705,57.46,210.69,67.22,219.38,1.0,,39.822249,-121.004791,2022,670637.3,4410047.8,21479_49705
NORTH_COMPLEX,17_21479_49705,45.08,209.84,53.16,219.06,1.0,,39.822249,-121.004791,2022,670637.3,4410047.8,21479_49705
NORTH_COMPLEX,17_21479_49705,60.37,168.35,68.44,177.0,1.0,,39.822249,-121.004791,2022,670637.3,4410047.8,21479_49705
NORTH_COMPLEX,17_21479_49705,82.28,224.53,87.47,230.29,1.0,,39.822249,-121.004791,2022,670637.3,4410047.8,21479_49705
NORTH_COMPLEX,17_21479_49705,54.55,204.12,61.45,211.05,1.0,,39.822249,-121.004791,2022,670637.3,4410047.8,21479_49705
NORTH_COMPLEX,17_21479_49705,46.6,195.18,52.36,201.52,1.0,,39.822249,-121.004791,2022,670637.3,4410047.8,21479_49705
NORTH_COMPLEX,17_21479_49705,45.87,201.95,51.65,208.85,1.0,,39.822249,-121.004791,2022,670637.3,4410047.8,21479_49705
NORTH_COMPLEX,17_21479_49705,111.56,117.47,118.32,123.61,1.0,,39.822249,-121.004791,2022,670637.3,4410047.8,21479_49705
NORTH_COMPLEX,17_21479_49705,179.6,111.01,189.75,120.55,1.0,,39.822249,-121.004791,2022,670637.3,4410047.8,21479_49705
NORTH_COMPLEX,17_21479_49705,186.08,119.14,194.21,127.31,1.0,,39.822249,-121.004791,2022,670637.3,4410047.8,21479_49705
NORTH_COMPLEX,17_21479_49705,155.28,118.12,164.06,125.63,1.0,,39.822249,-121.004791,2022,670637.3,4410047.8,21479_49705
NORTH_COMPLEX,17_21479_49705,203.54,103.25,213.34,114.18,1.0,,39.822249,-121.004791,2022,670637.3,4410047.8,21479_49705
NORTH_COMPLEX,17_21479_49705,84.06,72.57,95.54,85.19,1.0,,39.822249,-121.004791,2022,670637.3,4410047.8,21479_49705
NORTH_COMPLEX,17_21479_49705,60.19,78.78,70.46,87.44,1.0,,39.822249,-121.004791,2022,670637.3,4410047.8,21479_49705
NORTH_COMPLEX,17_21479_49705,59.21,20.8,68.39,30.56,1.0,,39.822249,-121.004791,2022,670637.3,4410047.8,21479_49705
NORTH_COMPLEX,17_21479_49705,111.98,49.84,125.75,64.76,1.0,,39.822249,-121.004791,2022,670637.3,4410047.8,21479_49705
NORTH_COMPLEX,17_21479_49705,150.64,81.93,158.67,90.55,1.0,,39.822249,-121.004791,2022,670637.3,4410047.8,21479_49705
NORTH_COMPLEX,17_21479_49705,133.5,95.06,144.37,105.42,1.0,,39.822249,-121.004791,2022,670637.3,4410047.8,21479_49705
NORTH_COMPLEX,17_21479_49705,91.97,88.5,97.71,94.81,1.0,,39.822249,-121.004791,2022,670637.3,4410047.8,21479_49705
NORTH_COMPLEX,17_21479_49705,83.59,87.46,89.89,93.79,1.0,,39.822249,-121.004791,2022,670637.3,4410047.8,21479_49705
NORTH_COMPLEX,17_21479_49705,83.58,99.0,91.03,107.04,1.0,,39.822249,-121.004791,2022,670637.3,4410047.8,21479_49705
NORTH_COMPLEX,17_21479_49705,175.49,85.02,184.11,94.77,1.0,,39.822249,-121.004791,2022,670637.3,4410047.8,21479_49705
NORTH_COMPLEX,17_21479_49705,150.54,99.09,158.57,107.71,1.0,,39.822249,-121.004791,2022,670637.3,4410047.8,21479_49705
NORTH_COMPLEX,17_21479_49705,34.07,147.72,41.1,156.79,1.0,,39.822249,-121.004791,2022,670637.3,4410047.8,21479_49705
NORTH_COMPLEX,17_21479_49705,40.07,132.33,48.45,140.74,1.0,,39.822249,-121.004791,2022,670637.3,4410047.8,21479_49705
NORTH_COMPLEX,17_21479_49705,52.15,140.83,59.7,150.52,1.0,,39.822249,-121.004791,2022,670637.3,4410047.8,21479_49705
NORTH_COMPLEX,17_21479_49705,54.49,115.1,61.56,123.05,1.0,,39.822249,-121.004791,2022,670637.3,4410047.8,21479_49705
NORTH_COMPLEX,17_21479_49705,49.65,98.32,58.05,108.03,1.0,,39.822249,-121.004791,2022,670637.3,4410047.8,21479_49705
NORTH_COMPLEX,17_21479_49705,64.59,107.53,70.36,115.02,1.0,,39.822249,-121.004791,2022,670637.3,4410047.8,21479_49705
NORTH_COMPLEX,17_21479_49705,63.69,99.71,70.32,107.22,1.0,,39.822249,-121.004791,2022,670637.3,4410047.8,21479_49705
NORTH_COMPLEX,17_21479_49705,41.59,121.96,49.11,130.79,1.0,,39.822249,-121.004791,2022,670637.3,4410047.8,21479_49705
NORTH_COMPLEX,17_21479_49705,34.81,117.05,41.45,124.99,1.0,,39.822249,-121.004791,2022,670637.3,4410047.8,21479_49705
NORTH_COMPLEX,17_21479_49705,106.6,95.83,113.53,103.89,1.0,,39.822249,-121.004791,2022,670637.3,4410047.8,21479_49705
NORTH_COMPLEX,17_21479_49705,123.56,105.4,131.61,113.48,1.0,,39.822249,-121.004791,2022,670637.3,4410047.8,21479_49705
NORTH_COMPLEX,17_21479_49705,184.75,100.41,195.22,110.62,1.0,,39.822249,-121.004791,2022,670637.3,4410047.8,21479_49705
NORTH_COMPLEX,17_21479_49705,192.16,109.01,201.71,119.82,1.0,,39.822249,-121.004791,2022,670637.3,4410047.8,21479_49705
NORTH_COMPLEX,17_21479_49705,184.82,76.39,195.6,86.61,1.0,,39.822249,-121.004791,2022,670637.3,4410047.8,21479_49705
NORTH_COMPLEX,17_21479_49705,186.21,91.4,196.36,100.98,1.0,,39.822249,-121.004791,2022,670637.3,4410047.8,21479_49705
NORTH_COMPLEX,17_21479_49705,174.37,91.6,183.92,102.1,1.0,,39.822249,-121.004791,2022,670637.3,4410047.8,21479_49705
NORTH_COMPLEX,17_21479_49705,167.32,88.32,175.29,97.85,1.0,,39.822249,-121.004791,2022,670637.3,4410047.8,21479_49705
NORTH_COMPLEX,17_21479_49705,154.85,90.23,164.06,99.47,1.0,,39.822249,-121.004791,2022,670637.3,4410047.8,21479_49705
NORTH_COMPLEX,17_21479_49705,159.46,81.6,168.76,94.9,1.0,,39.822249,-121.004791,2022,670637.3,4410047.8,21479_49705
NORTH_COMPLEX,17_21479_49705,164.67,72.35,174.87,84.11,1.0,,39.822249,-121.004791,2022,670637.3,4410047.8,21479_49705
NORTH_COMPLEX,17_21479_49705,78.41,61.41,85.3,69.03,1.0,,39.822249,-121.004791,2022,670637.3,4410047.8,21479_49705
NORTH_COMPLEX,17_21479_49705,79.78,54.87,87.75,62.86,1.0,,39.822249,-121.004791,2022,670637.3,4410047.8,21479_49705
NORTH_COMPLEX,17_21479_49705,108.37,60.31,116.67,67.6,1.0,,39.822249,-121.004791,2022,670637.3,4410047.8,21479_49705
NORTH_COMPLEX,17_21479_49705,103.0,70.5,109.18,78.1,1.0,,39.822249,-121.004791,2022,670637.3,4410047.8,21479_49705
NORTH_COMPLEX,17_21479_49705,107.91,65.1,114.79,72.36,1.0,,39.822249,-121.004791,2022,670637.3,4410047.8,21479_49705
NORTH_COMPLEX,17_21479_49705,182.4,58.54,196.95,72.77,1.0,,39.822249,-121.004791,2022,670637.3,4410047.8,21479_49705
NORTH_COMPLEX,17_21479_49705,73.99,14.39,81.1,23.95,1.0,,39.822249,-121.004791,2022,670637.3,4410047.8,21479_49705
NORTH_COMPLEX,17_21479_49705,57.63,8.32,65.69,16.42,1.0,,39.822249,-121.004791,2022,670637.3,4410047.8,21479_49705
NORTH_COMPLEX,17_21479_49705,65.39,12.46,73.99,22.55,1.0,,39.822249,-121.004791,2022,670637.3,4410047.8,21479_49705
NORTH_COMPLEX,17_21479_49705,45.22,237.15,51.34,245.94,1.0,,39.822249,-121.004791,2022,670637.3,4410047.8,21479_49705
NORTH_COMPLEX,17_21479_49705,57.29,227.96,63.93,236.21,1.0,,39.822249,-121.004791,2022,670637.3,4410047.8,21479_49705
NORTH_COMPLEX,17_21479_49705,50.12,225.63,54.55,231.68,1.0,,39.822249,-121.004791,2022,670637.3,4410047.8,21479_49705
NORTH_COMPLEX,17_21479_49705,55.54,223.86,59.98,229.91,1.0,,39.822249,-121.004791,2022,670637.3,4410047.8,21479_49705
NORTH_COMPLEX,17_21479_49705,48.37,232.9,52.78,237.32,1.0,,39.822249,-121.004791,2022,670637.3,4410047.8,21479_49705
NORTH_COMPLEX,17_21479_49705,52.49,235.7,62.41,246.18,1.0,,39.822249,-121.004791,2022,670637.3,4410047.8,21479_49705
NORTH_COMPLEX,17_21479_49705,60.95,245.89,65.96,253.02,1.0,,39.822249,-121.004791,2022,670637.3,4410047.8,21479_49705
NORTH_COMPLEX,17_21479_49705,55.87,244.96,62.47,251.59,1.0,,39.822249,-121.004791,2022,670637.3,4410047.8,21479_49705
NORTH_COMPLEX,17_21479_49705,72.44,227.49,77.41,233.0,1.0,,39.822249,-121.004791,2022,670637.3,4410047.8,21479_49705
NORTH_COMPLEX,17_21479_49705,70.52,216.09,77.12,222.72,1.0,,39.822249,-121.004791,2022,670637.3,4410047.8,21479_49705
NORTH_COMPLEX,17_21479_49705,71.71,209.08,78.35,217.34,1.0,,39.822249,-121.004791,2022,670637.3,4410047.8,21479_49705
NORTH_COMPLEX,17_21479_49705,74.92,234.3,82.1,242.57,1.0,,39.822249,-121.004791,2022,670637.3,4410047.8,21479_49705
NORTH_COMPLEX,17_21479_49705,76.78,251.92,81.71,256.0,1.0,,39.822249,-121.004791,2022,670637.3,4410047.8,21479_49705
NORTH_COMPLEX,17_21479_49705,77.08,243.01,87.56,254.59,1.0,,39.822249,-121.004791,2022,670637.3,4410047.8,21479_49705
NORTH_COMPLEX,17_21479_49705,100.31,225.41,106.49,231.12,1.0,,39.822249,-121.004791,2022,670637.3,4410047.8,21479_49705
NORTH_COMPLEX,17_21479_49705,71.81,200.28,77.98,207.21,1.0,,39.822249,-121.004791,2022,670637.3,4410047.8,21479_49705
NORTH_COMPLEX,17_21479_49705,64.57,178.92,71.83,187.86,1.0,,39.822249,-121.004791,2022,670637.3,4410047.8,21479_49705
NORTH_COMPLEX,17_21479_49705,47.02,184.1,52.2,190.29,1.0,,39.822249,-121.004791,2022,670637.3,4410047.8,21479_49705
NORTH_COMPLEX,17_21479_49705,53.96,183.92,57.42,188.38,1.0,,39.822249,-121.004791,2022,670637.3,4410047.8,21479_49705
NORTH_COMPLEX,17_21479_49705,46.57,189.33,53.09,195.55,1.0,,39.822249,-121.004791,2022,670637.3,4410047.8,21479_49705
NORTH_COMPLEX,17_21479_49705,52.55,191.32,58.1,198.87,1.0,,39.822249,-121.004791,2022,670637.3,4410047.8,21479_49705
NORTH_COMPLEX,17_21479_49705,64.6,202.56,70.13,209.44,1.0,,39.822249,-121.004791,2022,670637.3,4410047.8,21479_49705
NORTH_COMPLEX,17_21479_49705,60.5,190.82,65.34,197.0,1.0,,39.822249,-121.004791,2022,670637.3,4410047.8,21479_49705
NORTH_COMPLEX,17_21479_49705,61.05,196.24,66.23,202.43,1.0,,39.822249,-121.004791,2022,670637.3,4410047.8,21479_49705
NORTH_COMPLEX,17_21479_49705,44.22,155.98,51.81,162.9,1.0,,39.822249,-121.004791,2022,670637.3,4410047.8,21479_49705
NORTH_COMPLEX,17_21479_49705,13.89,143.0,24.27,152.6,1.0,,39.822249,-121.004791,2022,670637.3,4410047.8,21479_49705
NORTH_COMPLEX,17_21479_49705,22.51,132.68,29.46,139.93,1.0,,39.822249,-121.004791,2022,670637.3,4410047.8,21479_49705
NORTH_COMPLEX,17_21479_49705,29.2,130.7,36.15,138.24,1.0,,39.822249,-121.004791,2022,670637.3,4410047.8,21479_49705
NORTH_COMPLEX,17_21479_49705,21.94,124.44,32.04,133.74,1.0,,39.822249,-121.004791,2022,670637.3,4410047.8,21479_49705
NORTH_COMPLEX,17_21479_49705,122.79,91.01,131.64,100.75,1.0,,39.822249,-121.004791,2022,670637.3,4410047.8,21479_49705
NORTH_COMPLEX,17_21479_49705,102.81,30.12,117.69,46.77,1.0,,39.822249,-121.004791,2022,670637.3,4410047.8,21479_49705
NORTH_COMPLEX,17_21479_49705,74.5,75.72,82.66,83.26,1.0,,39.822249,-121.004791,2022,670637.3,4410047.8,21479_49705
NORTH_COMPLEX,17_21479_49705,73.65,80.72,81.22,91.59,1.0,,39.822249,-121.004791,2022,670637.3,4410047.8,21479_49705
NORTH_COMPLEX,17_21479_49705,109.52,68.76,120.71,80.56,1.0,,39.822249,-121.004791,2022,670637.3,4410047.8,21479_49705
NORTH_COMPLEX,17_21479_49705,202.68,75.91,212.29,83.24,1.0,,39.822249,-121.004791,2022,670637.3,4410047.8,21479_49705
NORTH_COMPLEX,17_21479_49705,203.67,81.4,215.24,92.09,1.0,,39.822249,-121.004791,2022,670637.3,4410047.8,21479_49705
NORTH_COMPLEX,17_21479_49705,179.18,131.84,187.34,142.44,1.0,,39.822249,-121.004791,2022,670637.3,4410047.8,21479_49705
NORTH_COMPLEX,17_21538_49672,7.83,118.43,21.13,130.67,1.0,,39.891826,-120.842743,2022,684320.6,4418092.7,21538_49672
NORTH_COMPLEX,17_21538_49672,8.14,105.93,14.07,117.43,1.0,,39.891826,-120.842743,2022,684320.6,4418092.7,21538_49672
NORTH_COMPLEX,17_21538_49672,22.64,107.42,29.04,114.95,1.0,,39.891826,-120.842743,2022,684320.6,4418092.7,21538_49672
NORTH_COMPLEX,17_21538_49672,22.96,113.96,32.27,124.97,1.0,,39.891826,-120.842743,2022,684320.6,4418092.7,21538_49672
NORTH_COMPLEX,17_21538_49672,12.83,109.46,23.33,122.77,1.0,,39.891826,-120.842743,2022,684320.6,4418092.7,21538_49672
NORTH_COMPLEX,17_21538_49672,36.31,124.23,44.48,134.65,1.0,,39.891826,-120.842743,2022,684320.6,4418092.7,21538_49672
NORTH_COMPLEX,17_21538_49672,51.07,110.67,58.67,121.07,1.0,,39.891826,-120.842743,2022,684320.6,4418092.7,21538_49672
NORTH_COMPLEX,17_21538_49672,32.22,95.43,38.66,104.67,1.0,,39.891826,-120.842743,2022,684320.6,4418092.7,21538_49672
NORTH_COMPLEX,17_21538_49672,38.95,112.08,45.34,119.04,1.0,,39.891826,-120.842743,2022,684320.6,4418092.7,21538_49672
NORTH_COMPLEX,17_21538_49672,153.34,21.58,161.85,32.81,1.0,,39.891826,-120.842743,2022,684320.6,4418092.7,21538_49672
NORTH_COMPLEX,17_21538_49672,164.53,6.39,170.74,13.16,1.0,,39.891826,-120.842743,2022,684320.6,4418092.7,21538_49672
NORTH_COMPLEX,17_21538_49672,179.43,102.55,188.41,110.88,1.0,,39.891826,-120.842743,2022,684320.6,4418092.7,21538_49672
NORTH_COMPLEX,17_21538_49672,159.57,101.71,169.62,110.42,1.0,,39.891826,-120.842743,2022,684320.6,4418092.7,21538_49672
NORTH_COMPLEX,17_21538_49672,143.7,106.98,148.39,112.38,1.0,,39.891826,-120.842743,2022,684320.6,4418092.7,21538_49672
NORTH_COMPLEX,17_21538_49672,139.49,106.34,143.49,111.73,1.0,,39.891826,-120.842743,2022,684320.6,4418092.7,21538_49672
NORTH_COMPLEX,17_21538_49672,140.94,111.15,145.66,117.25,1.0,,39.891826,-120.842743,2022,684320.6,4418092.7,21538_49672
NORTH_COMPLEX,17_21538_49672,144.89,100.47,149.6,106.58,1.0,,39.891826,-120.842743,2022,684320.6,4418092.7,21538_49672
NORTH_COMPLEX,17_21538_49672,139.33,98.4,143.68,103.79,1.0,,39.891826,-120.842743,2022,684320.6,4418092.7,21538_49672
NORTH_COMPLEX,17_21538_49672,132.15,105.11,137.54,110.17,1.0,,39.891826,-120.842743,2022,684320.6,4418092.7,21538_49672
NORTH_COMPLEX,17_21538_49672,132.44,99.82,136.79,105.21,1.0,,39.891826,-120.842743,2022,684320.6,4418092.7,21538_49672
NORTH_COMPLEX,17_21538_49672,132.46,119.59,138.24,126.43,1.0,,39.891826,-120.842743,2022,684320.6,4418092.7,21538_49672
NORTH_COMPLEX,17_21538_49672,138.01,117.6,141.98,122.29,1.0,,39.891826,-120.842743,2022,684320.6,4418092.7,21538_49672
NORTH_COMPLEX,17_21538_49672,132.82,113.6,137.86,118.65,1.0,,39.891826,-120.842743,2022,684320.6,4418092.7,21538_49672
NORTH_COMPLEX,17_21538_49672,119.6,129.16,124.3,134.57,1.0,,39.891826,-120.842743,2022,684320.6,4418092.7,21538_49672
NORTH_COMPLEX,17_21538_49672,129.9,131.53,135.67,137.67,1.0,,39.891826,-120.842743,2022,684320.6,4418092.7,21538_49672
NORTH_COMPLEX,17_21538_49672,168.21,124.52,174.69,131.37,1.0,,39.891826,-120.842743,2022,684320.6,4418092.7,21538_49672
NORTH_COMPLEX,17_21538_49672,155.56,123.86,161.35,130.7,1.0,,39.891826,-120.842743,2022,684320.6,4418092.7,21538_49672
NORTH_COMPLEX,17_21538_49672,153.33,130.69,158.72,135.75,1.0,,39.891826,-120.842743,2022,684320.6,4418092.7,21538_49672
NORTH_COMPLEX,17_21538_49672,151.49,127.82,154.05,131.76,1.0,,39.891826,-120.842743,2022,684320.6,4418092.7,21538_49672
NORTH_COMPLEX,17_21538_49672,138.45,127.32,143.16,133.08,1.0,,39.891826,-120.842743,2022,684320.6,4418092.7,21538_49672
NORTH_COMPLEX,17_21538_49672,158.09,114.92,162.8,120.67,1.0,,39.891826,-120.842743,2022,684320.6,4418092.7,21538_49672
NORTH_COMPLEX,17_21538_49672,121.73,83.14,127.87,89.99,1.0,,39.891826,-120.842743,2022,684320.6,4418092.7,21538_49672
NORTH_COMPLEX,17_21538_49672,124.53,62.73,131.0,68.53,1.0,,39.891826,-120.842743,2022,684320.6,4418092.7,21538_49672
NORTH_COMPLEX,17_21538_49672,179.99,125.16,185.76,131.29,1.0,,39.891826,-120.842743,2022,684320.6,4418092.7,21538_49672
NORTH_COMPLEX,17_21538_49672,186.59,114.9,191.28,119.95,1.0,,39.891826,-120.842743,2022,684320.6,4418092.7,21538_49672
NORTH_COMPLEX,17_21538_49672,163.59,119.29,168.67,125.76,1.0,,39.891826,-120.842743,2022,684320.6,4418092.7,21538_49672
NORTH_COMPLEX,17_21538_49672,166.02,112.99,171.46,119.82,1.0,,39.891826,-120.842743,2022,684320.6,4418092.7,21538_49672
NORTH_COMPLEX,17_21538_49672,161.59,109.53,165.91,114.22,1.0,,39.891826,-120.842743,2022,684320.6,4418092.7,21538_49672
NORTH_COMPLEX,17_21538_49672,149.67,112.77,154.76,119.95,1.0,,39.891826,-120.842743,2022,684320.6,4418092.7,21538_49672
NORTH_COMPLEX,17_21538_49672,150.81,119.15,155.13,123.84,1.0,,39.891826,-120.842743,2022,684320.6,4418092.7,21538_49672
NORTH_COMPLEX,17_21538_49672,143.64,115.62,149.77,122.12,1.0,,39.891826,-120.842743,2022,684320.6,4418092.7,21538_49672
NORTH_COMPLEX,17_21538_49672,154.24,101.93,157.13,105.18,1.0,,39.891826,-120.842743,2022,684320.6,4418092.7,21538_49672
NORTH_COMPLEX,17_21538_49672,175.37,81.44,182.24,89.37,1.0,,39.891826,-120.842743,2022,684320.6,4418092.7,21538_49672
NORTH_COMPLEX,17_21538_49672,134.74,70.92,139.06,75.26,1.0,,39.891826,-120.842743,2022,684320.6,4418092.7,21538_49672
NORTH_COMPLEX,17_21538_49672,138.15,90.42,142.11,94.4,1.0,,39.891826,-120.842743,2022,684320.6,4418092.7,21538_49672
NORTH_COMPLEX,17_21538_49672,127.29,124.76,131.61,129.45,1.0,,39.891826,-120.842743,2022,684320.6,4418092.7,21538_49672
NORTH_COMPLEX,17_21538_49672,121.99,103.27,126.68,108.32,1.0,,39.891826,-120.842743,2022,684320.6,4418092.7,21538_49672
NORTH_COMPLEX,17_21538_49672,123.87,113.03,128.56,118.08,1.0,,39.891826,-120.842743,2022,684320.6,4418092.7,21538_49672
NORTH_COMPLEX,17_21538_49672,125.36,117.47,129.68,121.81,1.0,,39.891826,-120.842743,2022,684320.6,4418092.7,21538_49672
NORTH_COMPLEX,17_21538_49672,122.91,109.47,127.23,114.16,1.0,,39.891826,-120.842743,2022,684320.6,4418092.7,21538_49672
NORTH_COMPLEX,17_21538_49672,180.48,113.34,184.81,118.03,1.0,,39.891826,-120.842743,2022,684320.6,4418092.7,21538_49672
NORTH_COMPLEX,17_21538_49672,174.48,121.67,178.81,126.36,1.0,,39.891826,-120.842743,2022,684320.6,4418092.7,21538_49672
NORTH_COMPLEX,17_21538_49672,184.16,120.49,188.51,125.89,1.0,,39.891826,-120.842743,2022,684320.6,4418092.7,21538_49672
NORTH_COMPLEX,17_21538_49672,99.02,130.6,102.29,134.92,1.0,,39.891826,-120.842743,2022,684320.6,4418092.7,21538_49672
NORTH_COMPLEX,17_21538_49672,76.4,136.06,79.65,139.66,1.0,,39.891826,-120.842743,2022,684320.6,4418092.7,21538_49672
NORTH_COMPLEX,17_21538_49672,41.3,245.06,46.91,251.47,1.0,,39.891826,-120.842743,2022,684320.6,4418092.7,21538_49672
NORTH_COMPLEX,17_21538_49672,50.59,239.61,56.22,246.79,1.0,,39.891826,-120.842743,2022,684320.6,4418092.7,21538_49672
NORTH_COMPLEX,17_21538_49672,46.12,240.08,50.55,245.67,1.0,,39.891826,-120.842743,2022,684320.6,4418092.7,21538_49672
NORTH_COMPLEX,17_21538_49672,42.68,238.63,46.29,242.63,1.0,,39.891826,-120.842743,2022,684320.6,4418092.7,21538_49672
NORTH_COMPLEX,17_21538_49672,48.69,230.15,53.91,236.54,1.0,,39.891826,-120.842743,2022,684320.6,4418092.7,21538_49672
NORTH_COMPLEX,17_21538_49672,46.61,235.0,51.84,241.78,1.0,,39.891826,-120.842743,2022,684320.6,4418092.7,21538_49672
NORTH_COMPLEX,17_21538_49672,55.14,222.07,60.35,228.07,1.0,,39.891826,-120.842743,2022,684320.6,4418092.7,21538_49672
NORTH_COMPLEX,17_21538_49672,60.14,222.78,65.8,231.14,1.0,,39.891826,-120.842743,2022,684320.6,4418092.7,21538_49672
NORTH_COMPLEX,17_21538_49672,65.54,218.6,69.61,225.75,1.0,,39.891826,-120.842743,2022,684320.6,4418092.7,21538_49672
NORTH_COMPLEX,17_21538_49672,57.63,215.86,62.85,221.86,1.0,,39.891826,-120.842743,2022,684320.6,4418092.7,21538_49672
NORTH_COMPLEX,17_21538_49672,57.24,207.42,62.46,213.81,1.0,,39.891826,-120.842743,2022,684320.6,4418092.7,21538_49672
NORTH_COMPLEX,17_21538_49672,54.0,203.62,60.41,210.43,1.0,,39.891826,-120.842743,2022,684320.6,4418092.7,21538_49672
NORTH_COMPLEX,17_21538_49672,53.21,213.01,58.42,219.01,1.0,,39.891826,-120.842743,2022,684320.6,4418092.7,21538_49672
NORTH_COMPLEX,17_21538_49672,49.53,219.98,53.96,225.96,1.0,,39.891826,-120.842743,2022,684320.6,4418092.7,21538_49672
NORTH_COMPLEX,17_21538_49672,63.6,202.28,69.22,209.08,1.0,,39.891826,-120.842743,2022,684320.6,4418092.7,21538_49672
NORTH_COMPLEX,17_21538_49672,64.01,210.33,68.06,216.3,1.0,,39.891826,-120.842743,2022,684320.6,4418092.7,21538_49672
NORTH_COMPLEX,17_21538_49672,68.73,208.29,73.18,215.05,1.0,,39.891826,-120.842743,2022,684320.6,4418092.7,21538_49672
NORTH_COMPLEX,17_21538_49672,73.29,205.85,77.73,212.22,1.0,,39.891826,-120.842743,2022,684320.6,4418092.7,21538_49672
NORTH_COMPLEX,17_21538_49672,69.55,215.56,75.54,221.58,1.0,,39.891826,-120.842743,2022,684320.6,4418092.7,21538_49672
NORTH_COMPLEX,17_21538_49672,70.15,220.48,75.82,228.84,1.0,,39.891826,-120.842743,2022,684320.6,4418092.7,21538_49672
NORTH_COMPLEX,17_21538_49672,67.45,228.25,74.26,235.86,1.0,,39.891826,-120.842743,2022,684320.6,4418092.7,21538_49672
NORTH_COMPLEX,17_21538_49672,66.52,234.11,73.34,242.11,1.0,,39.891826,-120.842743,2022,684320.6,4418092.7,21538_49672
NORTH_COMPLEX,17_21538_49672,79.83,217.97,84.27,224.34,1.0,,39.891826,-120.842743,2022,684320.6,4418092.7,21538_49672
NORTH_COMPLEX,17_21538_49672,74.79,223.53,80.82,231.12,1.0,,39.891826,-120.842743,2022,684320.6,4418092.7,21538_49672
NORTH_COMPLEX,17_21538_49672,52.64,246.2,60.53,256.0,1.0,,39.891826,-120.842743,2022,684320.6,4418092.7,21538_49672
NORTH_COMPLEX,17_21538_49672,85.82,157.54,92.03,164.2,1.0,,39.891826,-120.842743,2022,684320.6,4418092.7,21538_49672
NORTH_COMPLEX,17_21538_49672,78.81,151.95,85.89,159.06,1.0,,39.891826,-120.842743,2022,684320.6,4418092.7,21538_49672
NORTH_COMPLEX,17_21538_49672,68.23,177.96,73.16,185.45,1.0,,39.891826,-120.842743,2022,684320.6,4418092.7,21538_49672
NORTH_COMPLEX,17_21538_49672,63.0,189.55,69.2,196.21,1.0,,39.891826,-120.842743,2022,684320.6,4418092.7,21538_49672
NORTH_COMPLEX,17_21538_49672,90.01,200.19,95.33,205.96,1.0,,39.891826,-120.842743,2022,684320.6,4418092.7,21538_49672
NORTH_COMPLEX,17_21538_49672,99.96,208.9,104.85,214.65,1.0,,39.891826,-120.842743,2022,684320.6,4418092.7,21538_49672
NORTH_COMPLEX,17_21538_49672,95.26,206.61,100.15,212.37,1.0,,39.891826,-120.842743,2022,684320.6,4418092.7,21538_49672
NORTH_COMPLEX,17_21538_49672,93.71,217.86,97.71,222.73,1.0,,39.891826,-120.842743,2022,684320.6,4418092.7,21538_49672
NORTH_COMPLEX,17_21538_49672,94.92,212.03,98.94,217.33,1.0,,39.891826,-120.842743,2022,684320.6,4418092.7,21538_49672
NORTH_COMPLEX,17_21538_49672,88.99,216.01,93.87,221.34,1.0,,39.891826,-120.842743,2022,684320.6,4418092.7,21538_49672
NORTH_COMPLEX,17_21538_49672,83.46,210.67,89.24,217.31,1.0,,39.891826,-120.842743,2022,684320.6,4418092.7,21538_49672
NORTH_COMPLEX,17_21538_49672,79.01,208.61,83.45,213.49,1.0,,39.891826,-120.842743,2022,684320.6,4418092.7,21538_49672
NORTH_COMPLEX,17_21538_49672,79.35,213.39,82.9,217.38,1.0,,39.891826,-120.842743,2022,684320.6,4418092.7,21538_49672
NORTH_COMPLEX,17_21538_49672,86.44,195.55,91.33,201.3,1.0,,39.891826,-120.842743,2022,684320.6,4418092.7,21538_49672
NORTH_COMPLEX,17_21538_49672,86.4,188.82,90.84,194.13,1.0,,39.891826,-120.842743,2022,684320.6,4418092.7,21538_49672
NORTH_COMPLEX,17_21538_49672,87.64,181.25,93.4,187.46,1.0,,39.891826,-120.842743,2022,684320.6,4418092.7,21538_49672
NORTH_COMPLEX,17_21538_49672,170.95,181.93,177.33,188.84,1.0,,39.891826,-120.842743,2022,684320.6,4418092.7,21538_49672
NORTH_COMPLEX,17_21538_49672,173.95,174.72,180.87,182.68,1.0,,39.891826,-120.842743,2022,684320.6,4418092.7,21538_49672
NORTH_COMPLEX,17_21538_49672,161.86,172.09,168.24,179.0,1.0,,39.891826,-120.842743,2022,684320.6,4418092.7,21538_49672
NORTH_COMPLEX,17_21538_49672,166.42,155.55,171.75,161.91,1.0,,39.891826,-120.842743,2022,684320.6,4418092.7,21538_49672
NORTH_COMPLEX,17_21538_49672,197.37,204.17,202.71,211.05,1.0,,39.891826,-120.842743,2022,684320.6,4418092.7,21538_49672
NORTH_COMPLEX,17_21538_49672,155.58,176.1,160.37,181.41,1.0,,39.891826,-120.842743,2022,684320.6,4418092.7,21538_49672
NORTH_COMPLEX,17_21538_49672,122.02,213.0,126.83,219.36,1.0,,39.891826,-120.842743,2022,684320.6,4418092.7,21538_49672
NORTH_COMPLEX,17_21538_49672,119.79,209.05,125.11,214.89,1.0,,39.891826,-120.842743,2022,684320.6,4418092.7,21538_49672
NORTH_COMPLEX,17_21538_49672,151.98,204.89,159.93,212.88,1.0,,39.891826,-120.842743,2022,684320.6,4418092.7,21538_49672
NORTH_COMPLEX,17_21538_49672,110.67,177.87,117.57,184.79,1.0,,39.891826,-120.842743,2022,684320.6,4418092.7,21538_49672
NORTH_COMPLEX,17_21538_49672,110.69,250.81,116.74,256.0,1.0,,39.891826,-120.842743,2022,684320.6,4418092.7,21538_49672
NORTH_COMPLEX,17_21538_49672,101.07,250.32,106.63,255.41,1.0,,39.891826,-120.842743,2022,684320.6,4418092.7,21538_49672
NORTH_COMPLEX,17_21538_49672,123.59,226.56,129.68,233.65,1.0,,39.891826,-120.842743,2022,684320.6,4418092.7,21538_49672
NORTH_COMPLEX,17_21538_49672,117.26,232.86,124.83,239.98,1.0,,39.891826,-120.842743,2022,684320.6,4418092.7,21538_49672
NORTH_COMPLEX,17_21538_49672,123.35,238.21,127.92,243.28,1.0,,39.891826,-120.842743,2022,684320.6,4418092.7,21538_49672
NORTH_COMPLEX,17_21538_49672,127.66,233.11,133.23,238.7,1.0,,39.891826,-120.842743,2022,684320.6,4418092.7,21538_49672
NORTH_COMPLEX,17_21538_49672,91.36,241.66,97.45,248.25,1.0,,39.891826,-120.842743,2022,684320.6,4418092.7,21538_49672
NORTH_COMPLEX,17_21538_49672,90.73,247.84,95.81,253.91,1.0,,39.891826,-120.842743,2022,684320.6,4418092.7,21538_49672
NORTH_COMPLEX,17_21538_49672,95.13,252.16,100.65,256.0,1.0,,39.891826,-120.842743,2022,684320.6,4418092.7,21538_49672
NORTH_COMPLEX,17_21538_49672,101.35,237.93,106.43,244.0,1.0,,39.891826,-120.842743,2022,684320.6,4418092.7,21538_49672
NORTH_COMPLEX,17_21538_49672,70.29,245.61,76.35,251.21,1.0,,39.891826,-120.842743,2022,684320.6,4418092.7,21538_49672
NORTH_COMPLEX,17_21538_49672,65.97,254.43,69.96,256.0,1.0,,39.891826,-120.842743,2022,684320.6,4418092.7,21538_49672
NORTH_COMPLEX,17_21538_49672,74.13,250.17,78.71,256.0,1.0,,39.891826,-120.842743,2022,684320.6,4418092.7,21538_49672
NORTH_COMPLEX,17_21538_49672,78.57,252.51,84.58,256.0,1.0,,39.891826,-120.842743,2022,684320.6,4418092.7,21538_49672
NORTH_COMPLEX,17_21538_49672,85.0,249.19,90.59,256.0,1.0,,39.891826,-120.842743,2022,684320.6,4418092.7,21538_49672
NORTH_COMPLEX,17_21538_49672,76.02,242.28,82.61,249.37,1.0,,39.891826,-120.842743,2022,684320.6,4418092.7,21538_49672
NORTH_COMPLEX,17_21538_49672,75.9,237.31,81.49,243.89,1.0,,39.891826,-120.842743,2022,684320.6,4418092.7,21538_49672
NORTH_COMPLEX,17_21538_49672,81.85,235.47,87.96,243.05,1.0,,39.891826,-120.842743,2022,684320.6,4418092.7,21538_49672
NORTH_COMPLEX,17_21538_49672,86.96,229.15,92.56,236.22,1.0,,39.891826,-120.842743,2022,684320.6,4418092.7,21538_49672
NORTH_COMPLEX,17_21538_49672,92.3,223.32,98.38,229.91,1.0,,39.891826,-120.842743,2022,684320.6,4418092.7,21538_49672
NORTH_COMPLEX,17_21538_49672,94.05,231.8,99.66,239.37,1.0,,39.891826,-120.842743,2022,684320.6,4418092.7,21538_49672
NORTH_COMPLEX,17_21538_49672,57.63,239.35,60.2,243.37,1.0,,39.891826,-120.842743,2022,684320.6,4418092.7,21538_49672
NORTH_COMPLEX,17_21538_49672,62.25,239.96,66.85,246.51,1.0,,39.891826,-120.842743,2022,684320.6,4418092.7,21538_49672
NORTH_COMPLEX,17_21538_49672,68.16,241.84,73.23,247.41,1.0,,39.891826,-120.842743,2022,684320.6,4418092.7,21538_49672
NORTH_COMPLEX,17_21538_49672,98.8,219.51,104.9,226.6,1.0,,39.891826,-120.842743,2022,684320.6,4418092.7,21538_49672
NORTH_COMPLEX,17_21538_49672,100.16,214.83,106.24,221.42,1.0,,39.891826,-120.842743,2022,684320.6,4418092.7,21538_49672
NORTH_COMPLEX,17_21538_49672,107.61,212.53,114.2,220.13,1.0,,39.891826,-120.842743,2022,684320.6,4418092.7,21538_49672
NORTH_COMPLEX,17_21538_49672,106.06,207.78,110.12,212.34,1.0,,39.891826,-120.842743,2022,684320.6,4418092.7,21538_49672
NORTH_COMPLEX,17_21538_49672,105.71,221.42,111.27,227.0,1.0,,39.891826,-120.842743,2022,684320.6,4418092.7,21538_49672
NORTH_COMPLEX,17_21538_49672,104.54,226.85,110.15,234.41,1.0,,39.891826,-120.842743,2022,684320.6,4418092.7,21538_49672
NORTH_COMPLEX,17_21538_49672,116.02,222.66,123.6,229.78,1.0,,39.891826,-120.842743,2022,684320.6,4418092.7,21538_49672
NORTH_COMPLEX,17_21538_49672,111.46,228.01,117.04,234.58,1.0,,39.891826,-120.842743,2022,684320.6,4418092.7,21538_49672
NORTH_COMPLEX,17_21538_49672,144.28,218.14,150.88,225.73,1.0,,39.891826,-120.842743,2022,684320.6,4418092.7,21538_49672
NORTH_COMPLEX,17_21538_49672,142.74,212.39,148.8,217.99,1.0,,39.891826,-120.842743,2022,684320.6,4418092.7,21538_49672
NORTH_COMPLEX,17_21538_49672,172.47,248.34,179.55,255.45,1.0,,39.891826,-120.842743,2022,684320.6,4418092.7,21538_49672
NORTH_COMPLEX,17_21538_49672,73.6,199.19,79.51,205.13,1.0,,39.891826,-120.842743,2022,684320.6,4418092.7,21538_49672
NORTH_COMPLEX,17_21538_49672,77.84,203.48,83.42,208.77,1.0,,39.891826,-120.842743,2022,684320.6,4418092.7,21538_49672
NORTH_COMPLEX,17_21538_49672,67.71,199.69,72.28,203.02,1.0,,39.891826,-120.842743,2022,684320.6,4418092.7,21538_49672
NORTH_COMPLEX,17_21538_49672,64.74,192.69,72.93,199.97,1.0,,39.891826,-120.842743,2022,684320.6,4418092.7,21538_49672
NORTH_COMPLEX,17_21538_49672,72.55,183.21,77.49,188.81,1.0,,39.891826,-120.842743,2022,684320.6,4418092.7,21538_49672
NORTH_COMPLEX,17_21538_49672,71.01,188.01,74.97,192.61,1.0,,39.891826,-120.842743,2022,684320.6,4418092.7,21538_49672
NORTH_COMPLEX,17_21538_49672,74.76,177.47,81.0,183.41,1.0,,39.891826,-120.842743,2022,684320.6,4418092.7,21538_49672
NORTH_COMPLEX,17_21538_49672,78.36,181.9,83.94,187.51,1.0,,39.891826,-120.842743,2022,684320.6,4418092.7,21538_49672
NORTH_COMPLEX,17_21538_49672,80.19,194.52,84.12,197.83,1.0,,39.891826,-120.842743,2022,684320.6,4418092.7,21538_49672
NORTH_COMPLEX,17_21538_49672,112.03,194.49,117.98,202.03,1.0,,39.891826,-120.842743,2022,684320.6,4418092.7,21538_49672
NORTH_COMPLEX,17_21538_49672,100.89,185.51,105.84,191.43,1.0,,39.891826,-120.842743,2022,684320.6,4418092.7,21538_49672
NORTH_COMPLEX,17_21538_49672,133.02,191.93,137.63,196.87,1.0,,39.891826,-120.842743,2022,684320.6,4418092.7,21538_49672
NORTH_COMPLEX,17_21538_49672,131.44,202.69,136.4,209.25,1.0,,39.891826,-120.842743,2022,684320.6,4418092.7,21538_49672
NORTH_COMPLEX,17_21538_49672,138.17,205.27,143.72,209.59,1.0,,39.891826,-120.842743,2022,684320.6,4418092.7,21538_49672
NORTH_COMPLEX,17_21538_49672,127.41,197.92,133.31,203.21,1.0,,39.891826,-120.842743,2022,684320.6,4418092.7,21538_49672
NORTH_COMPLEX,17_21538_49672,120.07,195.0,126.96,201.28,1.0,,39.891826,-120.842743,2022,684320.6,4418092.7,21538_49672
NORTH_COMPLEX,17_21538_49672,124.97,192.06,129.6,197.96,1.0,,39.891826,-120.842743,2022,684320.6,4418092.7,21538_49672
NORTH_COMPLEX,17_21538_49672,118.8,200.77,125.37,207.69,1.0,,39.891826,-120.842743,2022,684320.6,4418092.7,21538_49672
NORTH_COMPLEX,17_21538_49672,130.15,222.32,136.09,229.22,1.0,,39.891826,-120.842743,2022,684320.6,4418092.7,21538_49672
NORTH_COMPLEX,17_21538_49672,125.0,216.23,131.26,223.14,1.0,,39.891826,-120.842743,2022,684320.6,4418092.7,21538_49672
NORTH_COMPLEX,17_21538_49672,133.1,228.35,138.67,233.63,1.0,,39.891826,-120.842743,2022,684320.6,4418092.7,21538_49672
NORTH_COMPLEX,17_21538_49672,136.18,211.18,141.5,219.04,1.0,,39.891826,-120.842743,2022,684320.6,4418092.7,21538_49672
NORTH_COMPLEX,17_21538_49672,126.23,186.45,132.78,192.4,1.0,,39.891826,-120.842743,2022,684320.6,4418092.7,21538_49672
NORTH_COMPLEX,17_21538_49672,121.53,181.02,128.1,187.62,1.0,,39.891826,-120.842743,2022,684320.6,4418092.7,21538_49672
NORTH_COMPLEX,17_21538_49672,137.65,185.28,143.56,191.21,1.0,,39.891826,-120.842743,2022,684320.6,4418092.7,21538_49672
NORTH_COMPLEX,17_21538_49672,99.31,196.27,103.66,203.78,1.0,,39.891826,-120.842743,2022,684320.6,4418092.7,21538_49672
NORTH_COMPLEX,17_21538_49672,99.38,189.99,107.66,200.81,1.0,,39.891826,-120.842743,2022,684320.6,4418092.7,21538_49672
NORTH_COMPLEX,17_21538_49672,106.06,191.44,111.64,196.72,1.0,,39.891826,-120.842743,2022,684320.6,4418092.7,21538_49672
NORTH_COMPLEX,17_21538_49672,111.4,188.19,115.73,194.73,1.0,,39.891826,-120.842743,2022,684320.6,4418092.7,21538_49672
NORTH_COMPLEX,17_21538_49672,108.48,184.09,112.46,189.33,1.0,,39.891826,-120.842743,2022,684320.6,4418092.7,21538_49672
NORTH_COMPLEX,17_21538_49672,104.73,179.81,109.03,185.06,1.0,,39.891826,-120.842743,2022,684320.6,4418092.7,21538_49672
NORTH_COMPLEX,17_21538_49672,97.54,178.5,103.12,184.11,1.0,,39.891826,-120.842743,2022,684320.6,4418092.7,21538_49672
NORTH_COMPLEX,17_21538_49672,92.93,176.46,98.52,182.06,1.0,,39.891826,-120.842743,2022,684320.6,4418092.7,21538_49672
NORTH_COMPLEX,17_21538_49672,92.62,182.9,97.56,188.16,1.0,,39.891826,-120.842743,2022,684320.6,4418092.7,21538_49672
NORTH_COMPLEX,17_21538_49672,92.18,188.04,98.08,193.33,1.0,,39.891826,-120.842743,2022,684320.6,4418092.7,21538_49672
NORTH_COMPLEX,17_21538_49672,91.87,193.35,97.47,199.28,1.0,,39.891826,-120.842743,2022,684320.6,4418092.7,21538_49672
NORTH_COMPLEX,17_21538_49672,96.51,157.81,102.43,164.29,1.0,,39.891826,-120.842743,2022,684320.6,4418092.7,21538_49672
NORTH_COMPLEX,17_21538_49672,85.49,167.05,90.81,171.86,1.0,,39.891826,-120.842743,2022,684320.6,4418092.7,21538_49672
NORTH_COMPLEX,17_21538_49672,86.58,171.49,92.49,177.69,1.0,,39.891826,-120.842743,2022,684320.6,4418092.7,21538_49672
NORTH_COMPLEX,17_21538_49672,83.91,176.52,87.84,180.47,1.0,,39.891826,-120.842743,2022,684320.6,4418092.7,21538_49672
NORTH_COMPLEX,17_21538_49672,80.4,167.89,84.62,172.13,1.0,,39.891826,-120.842743,2022,684320.6,4418092.7,21538_49672
NORTH_COMPLEX,17_21538_49672,77.41,172.37,81.9,176.88,1.0,,39.891826,-120.842743,2022,684320.6,4418092.7,21538_49672
NORTH_COMPLEX,17_21538_49672,73.61,170.35,78.11,174.86,1.0,,39.891826,-120.842743,2022,684320.6,4418092.7,21538_49672
NORTH_COMPLEX,17_21538_49672,91.77,162.52,96.55,167.32,1.0,,39.891826,-120.842743,2022,684320.6,4418092.7,21538_49672
NORTH_COMPLEX,17_21538_49672,117.91,164.81,123.26,170.44,1.0,,39.891826,-120.842743,2022,684320.6,4418092.7,21538_49672
NORTH_COMPLEX,17_21538_49672,124.46,166.62,130.08,172.26,1.0,,39.891826,-120.842743,2022,684320.6,4418092.7,21538_49672
NORTH_COMPLEX,17_21538_49672,119.03,176.69,123.52,181.2,1.0,,39.891826,-120.842743,2022,684320.6,4418092.7,21538_49672
NORTH_COMPLEX,17_21538_49672,120.36,170.52,126.0,176.99,1.0,,39.891826,-120.842743,2022,684320.6,4418092.7,21538_49672
NORTH_COMPLEX,17_21538_49672,103.71,174.52,108.48,179.04,1.0,,39.891826,-120.842743,2022,684320.6,4418092.7,21538_49672
NORTH_COMPLEX,17_21538_49672,115.86,159.52,119.82,164.57,1.0,,39.891826,-120.842743,2022,684320.6,4418092.7,21538_49672
NORTH_COMPLEX,17_21538_49672,142.89,165.14,147.96,170.49,1.0,,39.891826,-120.842743,2022,684320.6,4418092.7,21538_49672
NORTH_COMPLEX,17_21538_49672,150.69,170.56,155.79,177.02,1.0,,39.891826,-120.842743,2022,684320.6,4418092.7,21538_49672
NORTH_COMPLEX,17_21538_49672,149.56,178.94,153.25,184.26,1.0,,39.891826,-120.842743,2022,684320.6,4418092.7,21538_49672
NORTH_COMPLEX,17_21538_49672,156.79,181.18,161.02,186.24,1.0,,39.891826,-120.842743,2022,684320.6,4418092.7,21538_49672
NORTH_COMPLEX,17_21538_49672,129.39,178.59,134.18,184.21,1.0,,39.891826,-120.842743,2022,684320.6,4418092.7,21538_49672
NORTH_COMPLEX,17_21538_49672,132.02,183.2,137.09,188.83,1.0,,39.891826,-120.842743,2022,684320.6,4418092.7,21538_49672
NORTH_COMPLEX,17_21538_49672,137.06,178.78,141.59,184.67,1.0,,39.891826,-120.842743,2022,684320.6,4418092.7,21538_49672
NORTH_COMPLEX,17_21538_49672,138.16,172.47,143.25,178.92,1.0,,39.891826,-120.842743,2022,684320.6,4418092.7,21538_49672
NORTH_COMPLEX,17_21538_49672,142.78,174.92,147.31,180.81,1.0,,39.891826,-120.842743,2022,684320.6,4418092.7,21538_49672
NORTH_COMPLEX,17_21538_49672,144.47,183.5,149.57,190.23,1.0,,39.891826,-120.842743,2022,684320.6,4418092.7,21538_49672
NORTH_COMPLEX,17_21538_49672,126.84,157.86,132.76,164.61,1.0,,39.891826,-120.842743,2022,684320.6,4418092.7,21538_49672
NORTH_COMPLEX,17_21538_49672,102.44,146.98,109.69,157.2,1.0,,39.891826,-120.842743,2022,684320.6,4418092.7,21538_49672
NORTH_COMPLEX,17_21538_49672,102.78,138.44,107.4,143.07,1.0,,39.891826,-120.842743,2022,684320.6,4418092.7,21538_49672
NORTH_COMPLEX,17_21538_49672,90.55,137.52,95.65,141.41,1.0,,39.891826,-120.842743,2022,684320.6,4418092.7,21538_49672
NORTH_COMPLEX,17_21538_49672,87.04,141.7,92.67,147.11,1.0,,39.891826,-120.842743,2022,684320.6,4418092.7,21538_49672
NORTH_COMPLEX,17_21538_49672,92.24,140.95,95.32,144.29,1.0,,39.891826,-120.842743,2022,684320.6,4418092.7,21538_49672
NORTH_COMPLEX,17_21538_49672,97.59,146.99,101.43,150.6,1.0,,39.891826,-120.842743,2022,684320.6,4418092.7,21538_49672
NORTH_COMPLEX,17_21538_49672,92.41,148.75,97.51,152.89,1.0,,39.891826,-120.842743,2022,684320.6,4418092.7,21538_49672
NORTH_COMPLEX,17_21538_49672,92.16,152.64,97.04,158.03,1.0,,39.891826,-120.842743,2022,684320.6,4418092.7,21538_49672
NORTH_COMPLEX,17_21538_49672,175.53,140.51,180.17,145.34,1.0,,39.891826,-120.842743,2022,684320.6,4418092.7,21538_49672
NORTH_COMPLEX,17_21538_49672,177.25,136.64,181.89,141.66,1.0,,39.891826,-120.842743,2022,684320.6,4418092.7,21538_49672
NORTH_COMPLEX,17_21538_49672,181.86,139.67,186.89,145.6,1.0,,39.891826,-120.842743,2022,684320.6,4418092.7,21538_49672
NORTH_COMPLEX,17_21538_49672,184.32,136.09,190.05,141.31,1.0,,39.891826,-120.842743,2022,684320.6,4418092.7,21538_49672
NORTH_COMPLEX,17_21538_49672,192.08,141.55,196.17,145.82,1.0,,39.891826,-120.842743,2022,684320.6,4418092.7,21538_49672
NORTH_COMPLEX,17_21538_49672,188.85,148.74,192.37,152.09,1.0,,39.891826,-120.842743,2022,684320.6,4418092.7,21538_49672
NORTH_COMPLEX,17_21538_49672,182.38,149.04,187.2,153.88,1.0,,39.891826,-120.842743,2022,684320.6,4418092.7,21538_49672
NORTH_COMPLEX,17_21538_49672,175.72,147.42,181.09,152.46,1.0,,39.891826,-120.842743,2022,684320.6,4418092.7,21538_49672
NORTH_COMPLEX,17_21538_49672,169.8,148.55,174.27,153.74,1.0,,39.891826,-120.842743,2022,684320.6,4418092.7,21538_49672
NORTH_COMPLEX,17_21538_49672,182.95,155.69,187.41,160.34,1.0,,39.891826,-120.842743,2022,684320.6,4418092.7,21538_49672
NORTH_COMPLEX,17_21538_49672,152.92,143.77,157.99,148.87,1.0,,39.891826,-120.842743,2022,684320.6,4418092.7,21538_49672
NORTH_COMPLEX,17_21538_49672,143.83,134.76,148.87,138.39,1.0,,39.891826,-120.842743,2022,684320.6,4418092.7,21538_49672
NORTH_COMPLEX,17_21538_49672,144.51,129.5,149.29,134.3,1.0,,39.891826,-120.842743,2022,684320.6,4418092.7,21538_49672
NORTH_COMPLEX,17_21538_49672,133.25,142.12,138.04,147.5,1.0,,39.891826,-120.842743,2022,684320.6,4418092.7,21538_49672
NORTH_COMPLEX,17_21538_49672,138.43,151.77,143.21,156.57,1.0,,39.891826,-120.842743,2022,684320.6,4418092.7,21538_49672
NORTH_COMPLEX,17_21538_49672,157.03,153.68,162.71,159.67,1.0,,39.891826,-120.842743,2022,684320.6,4418092.7,21538_49672
NORTH_COMPLEX,17_21538_49672,166.56,134.14,171.65,139.53,1.0,,39.891826,-120.842743,2022,684320.6,4418092.7,21538_49672
NORTH_COMPLEX,17_21538_49672,167.09,144.11,170.39,147.7,1.0,,39.891826,-120.842743,2022,684320.6,4418092.7,21538_49672
NORTH_COMPLEX,17_21538_49672,170.58,139.36,173.57,142.36,1.0,,39.891826,-120.842743,2022,684320.6,4418092.7,21538_49672
NORTH_COMPLEX,17_21538_49672,142.92,147.04,149.45,152.18,1.0,,39.891826,-120.842743,2022,684320.6,4418092.7,21538_49672
NORTH_COMPLEX,17_21538_49672,143.18,141.92,148.26,147.02,1.0,,39.891826,-120.842743,2022,684320.6,4418092.7,21538_49672
NORTH_COMPLEX,17_21538_49672,150.15,149.86,153.76,154.62,1.0,,39.891826,-120.842743,2022,684320.6,4418092.7,21538_49672
NORTH_COMPLEX,17_21538_49672,154.38,150.4,159.15,154.9,1.0,,39.891826,-120.842743,2022,684320.6,4418092.7,21538_49672
NORTH_COMPLEX,17_21538_49672,171.77,158.88,177.76,165.75,1.0,,39.891826,-120.842743,2022,684320.6,4418092.7,21538_49672
NORTH_COMPLEX,17_21538_49672,191.52,158.18,196.6,163.28,1.0,,39.891826,-120.842743,2022,684320.6,4418092.7,21538_49672
NORTH_COMPLEX,17_21538_49672,197.19,158.76,200.82,164.11,1.0,,39.891826,-120.842743,2022,684320.6,4418092.7,21538_49672
NORTH_COMPLEX,17_21538_49672,113.77,243.52,118.24,248.81,1.0,,39.891826,-120.842743,2022,684320.6,4418092.7,21538_49672
NORTH_COMPLEX,17_21538_49672,118.75,244.6,124.05,250.72,1.0,,39.891826,-120.842743,2022,684320.6,4418092.7,21538_49672
NORTH_COMPLEX,17_21538_49672,118.89,251.01,126.34,256.0,1.0,,39.891826,-120.842743,2022,684320.6,4418092.7,21538_49672
NORTH_COMPLEX,17_21538_49672,106.78,240.22,112.34,245.8,1.0,,39.891826,-120.842743,2022,684320.6,4418092.7,21538_49672
NORTH_COMPLEX,17_21538_49672,107.84,235.2,114.22,241.07,1.0,,39.891826,-120.842743,2022,684320.6,4418092.7,21538_49672
NORTH_COMPLEX,17_21538_49672,124.36,243.78,128.56,248.79,1.0,,39.891826,-120.842743,2022,684320.6,4418092.7,21538_49672
NORTH_COMPLEX,17_21538_49672,125.77,247.09,131.06,252.67,1.0,,39.891826,-120.842743,2022,684320.6,4418092.7,21538_49672
NORTH_COMPLEX,17_21538_49672,133.09,246.86,138.94,252.99,1.0,,39.891826,-120.842743,2022,684320.6,4418092.7,21538_49672
NORTH_COMPLEX,17_21538_49672,131.8,253.51,137.02,256.0,1.0,,39.891826,-120.842743,2022,684320.6,4418092.7,21538_49672
NORTH_COMPLEX,17_21538_49672,136.96,251.04,141.69,256.0,1.0,,39.891826,-120.842743,2022,684320.6,4418092.7,21538_49672
NORTH_COMPLEX,17_21538_49672,143.82,247.53,149.39,253.38,1.0,,39.891826,-120.842743,2022,684320.6,4418092.7,21538_49672
NORTH_COMPLEX,17_21538_49672,141.31,252.24,146.28,256.0,1.0,,39.891826,-120.842743,2022,684320.6,4418092.7,21538_49672
NORTH_COMPLEX,17_21538_49672,149.05,251.34,153.24,256.0,1.0,,39.891826,-120.842743,2022,684320.6,4418092.7,21538_49672
NORTH_COMPLEX,17_21538_49672,143.61,234.02,148.9,239.32,1.0,,39.891826,-120.842743,2022,684320.6,4418092.7,21538_49672
NORTH_COMPLEX,17_21538_49672,134.95,236.67,142.45,243.67,1.0,,39.891826,-120.842743,2022,684320.6,4418092.7,21538_49672
NORTH_COMPLEX,17_21538_49672,141.92,241.75,147.76,247.62,1.0,,39.891826,-120.842743,2022,684320.6,4418092.7,21538_49672
NORTH_COMPLEX,17_21538_49672,132.31,240.84,137.59,246.14,1.0,,39.891826,-120.842743,2022,684320.6,4418092.7,21538_49672
NORTH_COMPLEX,17_21538_49672,155.49,243.17,159.95,248.18,1.0,,39.891826,-120.842743,2022,684320.6,4418092.7,21538_49672
NORTH_COMPLEX,17_21538_49672,159.32,246.81,164.62,252.93,1.0,,39.891826,-120.842743,2022,684320.6,4418092.7,21538_49672
NORTH_COMPLEX,17_21538_49672,153.68,251.58,158.66,255.79,1.0,,39.891826,-120.842743,2022,684320.6,4418092.7,21538_49672
NORTH_COMPLEX,17_21538_49672,150.84,238.15,155.59,243.99,1.0,,39.891826,-120.842743,2022,684320.6,4418092.7,21538_49672
NORTH_COMPLEX,17_21538_49672,157.91,237.37,162.67,243.75,1.0,,39.891826,-120.842743,2022,684320.6,4418092.7,21538_49672
NORTH_COMPLEX,17_21538_49672,162.37,233.93,167.1,238.95,1.0,,39.891826,-120.842743,2022,684320.6,4418092.7,21538_49672
NORTH_COMPLEX,17_21538_49672,157.02,229.98,161.77,235.27,1.0,,39.891826,-120.842743,2022,684320.6,4418092.7,21538_49672
NORTH_COMPLEX,17_21538_49672,152.03,229.04,156.49,234.05,1.0,,39.891826,-120.842743,2022,684320.6,4418092.7,21538_49672
NORTH_COMPLEX,17_21538_49672,151.77,224.8,155.1,227.88,1.0,,39.891826,-120.842743,2022,684320.6,4418092.7,21538_49672
NORTH_COMPLEX,17_21538_49672,147.77,229.21,152.0,235.85,1.0,,39.891826,-120.842743,2022,684320.6,4418092.7,21538_49672
NORTH_COMPLEX,17_21538_49672,166.19,239.07,170.65,243.81,1.0,,39.891826,-120.842743,2022,684320.6,4418092.7,21538_49672
NORTH_COMPLEX,17_21538_49672,167.72,247.7,172.48,253.53,1.0,,39.891826,-120.842743,2022,684320.6,4418092.7,21538_49672
NORTH_COMPLEX,17_21538_49672,176.02,242.58,180.75,247.6,1.0,,39.891826,-120.842743,2022,684320.6,4418092.7,21538_49672
NORTH_COMPLEX,17_21538_49672,152.36,213.47,157.42,218.75,1.0,,39.891826,-120.842743,2022,684320.6,4418092.7,21538_49672
NORTH_COMPLEX,17_21538_49672,155.88,219.13,161.6,226.49,1.0,,39.891826,-120.842743,2022,684320.6,4418092.7,21538_49672
NORTH_COMPLEX,17_21538_49672,139.14,222.54,141.46,225.07,1.0,,39.891826,-120.842743,2022,684320.6,4418092.7,21538_49672
NORTH_COMPLEX,17_21538_49672,176.12,236.35,179.71,240.36,1.0,,39.891826,-120.842743,2022,684320.6,4418092.7,21538_49672
NORTH_COMPLEX,17_21538_49672,171.01,234.47,175.43,238.71,1.0,,39.891826,-120.842743,2022,684320.6,4418092.7,21538_49672
NORTH_COMPLEX,17_21538_49672,162.17,217.11,167.0,221.36,1.0,,39.891826,-120.842743,2022,684320.6,4418092.7,21538_49672
NORTH_COMPLEX,17_21538_49672,199.45,237.97,204.41,242.72,1.0,,39.891826,-120.842743,2022,684320.6,4418092.7,21538_49672
NORTH_COMPLEX,17_21538_49672,187.56,236.58,192.3,241.81,1.0,,39.891826,-120.842743,2022,684320.6,4418092.7,21538_49672
NORTH_COMPLEX,17_21538_49672,197.61,243.29,203.07,248.29,1.0,,39.891826,-120.842743,2022,684320.6,4418092.7,21538_49672
NORTH_COMPLEX,17_21538_49672,206.78,245.95,213.21,250.98,1.0,,39.891826,-120.842743,2022,684320.6,4418092.7,21538_49672
NORTH_COMPLEX,17_21538_49672,194.92,223.83,199.41,228.81,1.0,,39.891826,-120.842743,2022,684320.6,4418092.7,21538_49672
NORTH_COMPLEX,17_21538_49672,200.76,223.61,205.73,228.36,1.0,,39.891826,-120.842743,2022,684320.6,4418092.7,21538_49672
NORTH_COMPLEX,17_21538_49672,199.39,215.65,202.64,219.87,1.0,,39.891826,-120.842743,2022,684320.6,4418092.7,21538_49672
NORTH_COMPLEX,17_21538_49672,203.2,218.06,207.44,223.03,1.0,,39.891826,-120.842743,2022,684320.6,4418092.7,21538_49672
NORTH_COMPLEX,17_21538_49672,212.93,223.17,216.92,227.65,1.0,,39.891826,-120.842743,2022,684320.6,4418092.7,21538_49672
NORTH_COMPLEX,17_21538_49672,217.54,223.16,221.29,227.64,1.0,,39.891826,-120.842743,2022,684320.6,4418092.7,21538_49672
NORTH_COMPLEX,17_21538_49672,182.87,216.71,186.1,219.71,1.0,,39.891826,-120.842743,2022,684320.6,4418092.7,21538_49672
NORTH_COMPLEX,17_21538_49672,176.3,227.16,179.29,230.4,1.0,,39.891826,-120.842743,2022,684320.6,4418092.7,21538_49672
NORTH_COMPLEX,17_21538_49672,171.02,224.1,174.02,227.83,1.0,,39.891826,-120.842743,2022,684320.6,4418092.7,21538_49672
NORTH_COMPLEX,17_21538_49672,176.59,168.67,180.24,173.04,1.0,,39.891826,-120.842743,2022,684320.6,4418092.7,21538_49672
NORTH_COMPLEX,17_21538_49672,193.35,165.99,198.2,170.62,1.0,,39.891826,-120.842743,2022,684320.6,4418092.7,21538_49672
NORTH_COMPLEX,17_21538_49672,193.25,173.24,199.56,179.81,1.0,,39.891826,-120.842743,2022,684320.6,4418092.7,21538_49672
NORTH_COMPLEX,17_21538_49672,210.35,178.41,214.96,183.28,1.0,,39.891826,-120.842743,2022,684320.6,4418092.7,21538_49672
NORTH_COMPLEX,17_21538_49672,197.69,188.1,202.05,192.48,1.0,,39.891826,-120.842743,2022,684320.6,4418092.7,21538_49672
NORTH_COMPLEX,17_21538_49672,181.6,190.56,187.18,196.16,1.0,,39.891826,-120.842743,2022,684320.6,4418092.7,21538_49672
NORTH_COMPLEX,17_21538_49672,183.11,182.03,188.93,187.64,1.0,,39.891826,-120.842743,2022,684320.6,4418092.7,21538_49672
NORTH_COMPLEX,17_21538_49672,188.12,167.05,192.49,171.67,1.0,,39.891826,-120.842743,2022,684320.6,4418092.7,21538_49672
NORTH_COMPLEX,17_21538_49672,182.68,166.44,186.81,171.06,1.0,,39.891826,-120.842743,2022,684320.6,4418092.7,21538_49672
NORTH_COMPLEX,17_21538_49672,166.44,165.93,171.54,171.52,1.0,,39.891826,-120.842743,2022,684320.6,4418092.7,21538_49672
NORTH_COMPLEX,17_21538_49672,204.59,167.57,208.23,171.22,1.0,,39.891826,-120.842743,2022,684320.6,4418092.7,21538_49672
NORTH_COMPLEX,17_21538_49672,166.29,201.75,171.09,206.37,1.0,,39.891826,-120.842743,2022,684320.6,4418092.7,21538_49672
NORTH_COMPLEX,17_21538_49672,173.06,199.76,177.67,204.79,1.0,,39.891826,-120.842743,2022,684320.6,4418092.7,21538_49672
NORTH_COMPLEX,17_21538_49672,180.21,197.17,183.96,200.74,1.0,,39.891826,-120.842743,2022,684320.6,4418092.7,21538_49672
NORTH_COMPLEX,17_21538_49672,168.28,191.14,172.88,195.55,1.0,,39.891826,-120.842743,2022,684320.6,4418092.7,21538_49672
NORTH_COMPLEX,17_21538_49672,163.35,196.04,167.96,201.07,1.0,,39.891826,-120.842743,2022,684320.6,4418092.7,21538_49672
NORTH_COMPLEX,17_21538_49672,160.32,203.86,163.69,208.04,1.0,,39.891826,-120.842743,2022,684320.6,4418092.7,21538_49672
NORTH_COMPLEX,17_21538_49672,176.89,215.95,180.86,219.53,1.0,,39.891826,-120.842743,2022,684320.6,4418092.7,21538_49672
NORTH_COMPLEX,17_21538_49672,190.38,212.79,196.04,219.07,1.0,,39.891826,-120.842743,2022,684320.6,4418092.7,21538_49672
NORTH_COMPLEX,17_21538_49672,168.97,214.12,175.08,222.05,1.0,,39.891826,-120.842743,2022,684320.6,4418092.7,21538_49672
NORTH_COMPLEX,17_21538_49672,170.76,209.24,177.65,215.76,1.0,,39.891826,-120.842743,2022,684320.6,4418092.7,21538_49672
NORTH_COMPLEX,17_21538_49672,150.72,196.48,160.19,206.21,1.0,,39.891826,-120.842743,2022,684320.6,4418092.7,21538_49672
NORTH_COMPLEX,17_21538_49672,139.46,196.56,144.07,201.42,1.0,,39.891826,-120.842743,2022,684320.6,4418092.7,21538_49672
NORTH_COMPLEX,17_21538_49672,142.74,190.93,149.54,198.23,1.0,,39.891826,-120.842743,2022,684320.6,4418092.7,21538_49672
NORTH_COMPLEX,17_21538_49672,159.31,187.15,163.73,191.93,1.0,,39.891826,-120.842743,2022,684320.6,4418092.7,21538_49672
NORTH_COMPLEX,17_21538_49672,174.84,190.29,180.4,196.89,1.0,,39.891826,-120.842743,2022,684320.6,4418092.7,21538_49672
NORTH_COMPLEX,17_21538_49672,175.84,205.24,181.6,211.43,1.0,,39.891826,-120.842743,2022,684320.6,4418092.7,21538_49672
NORTH_COMPLEX,17_21538_49672,183.24,200.83,189.4,206.82,1.0,,39.891826,-120.842743,2022,684320.6,4418092.7,21538_49672
NORTH_COMPLEX,17_21538_49672,183.64,206.58,189.37,211.72,1.0,,39.891826,-120.842743,2022,684320.6,4418092.7,21538_49672
NORTH_COMPLEX,17_21538_49672,185.95,202.36,193.84,210.89,1.0,,39.891826,-120.842743,2022,684320.6,4418092.7,21538_49672
NORTH_COMPLEX,17_21538_49672,104.62,168.21,108.87,172.26,1.0,,39.891826,-120.842743,2022,684320.6,4418092.7,21538_49672
NORTH_COMPLEX,17_21538_49672,104.32,162.05,109.02,166.33,1.0,,39.891826,-120.842743,2022,684320.6,4418092.7,21538_49672
NORTH_COMPLEX,17_21538_49672,95.97,167.01,101.78,172.42,1.0,,39.891826,-120.842743,2022,684320.6,4418092.7,21538_49672
NORTH_COMPLEX,17_21538_49672,96.82,171.75,103.31,177.84,1.0,,39.891826,-120.842743,2022,684320.6,4418092.7,21538_49672
NORTH_COMPLEX,17_21538_49672,112.44,169.17,118.04,174.79,1.0,,39.891826,-120.842743,2022,684320.6,4418092.7,21538_49672
NORTH_COMPLEX,17_21538_49672,132.88,165.49,138.05,171.32,1.0,,39.891826,-120.842743,2022,684320.6,4418092.7,21538_49672
NORTH_COMPLEX,17_21538_49672,127.25,147.22,130.39,150.59,1.0,,39.891826,-120.842743,2022,684320.6,4418092.7,21538_49672
NORTH_COMPLEX,17_21538_49672,130.47,152.79,133.87,157.48,1.0,,39.891826,-120.842743,2022,684320.6,4418092.7,21538_49672
NORTH_COMPLEX,17_21538_49672,135.43,148.84,138.56,151.77,1.0,,39.891826,-120.842743,2022,684320.6,4418092.7,21538_49672
NORTH_COMPLEX,17_21538_49672,139.85,146.42,142.78,149.79,1.0,,39.891826,-120.842743,2022,684320.6,4418092.7,21538_49672
NORTH_COMPLEX,17_21538_49672,106.54,156.6,112.32,160.7,1.0,,39.891826,-120.842743,2022,684320.6,4418092.7,21538_49672
NORTH_COMPLEX,17_21538_49672,109.76,151.96,115.39,158.9,1.0,,39.891826,-120.842743,2022,684320.6,4418092.7,21538_49672
NORTH_COMPLEX,17_21538_49672,119.0,156.14,123.28,161.29,1.0,,39.891826,-120.842743,2022,684320.6,4418092.7,21538_49672
NORTH_COMPLEX,17_21538_49672,72.9,162.93,77.15,166.99,1.0,,39.891826,-120.842743,2022,684320.6,4418092.7,21538_49672
NORTH_COMPLEX,17_21538_49672,76.32,161.59,80.35,165.63,1.0,,39.891826,-120.842743,2022,684320.6,4418092.7,21538_49672
NORTH_COMPLEX,17_21538_49672,73.03,166.89,77.93,170.74,1.0,,39.891826,-120.842743,2022,684320.6,4418092.7,21538_49672
NORTH_COMPLEX,17_21538_49672,75.91,164.54,79.95,169.03,1.0,,39.891826,-120.842743,2022,684320.6,4418092.7,21538_49672
NORTH_COMPLEX,17_21538_49672,154.22,167.5,158.27,172.53,1.0,,39.891826,-120.842743,2022,684320.6,4418092.7,21538_49672
NORTH_COMPLEX,17_21538_49672,157.5,165.11,162.55,171.15,1.0,,39.891826,-120.842743,2022,684320.6,4418092.7,21538_49672
NORTH_COMPLEX,17_21538_49672,161.47,162.55,166.94,169.58,1.0,,39.891826,-120.842743,2022,684320.6,4418092.7,21538_49672
NORTH_COMPLEX,17_21538_49672,146.69,162.78,152.49,166.86,1.0,,39.891826,-120.842743,2022,684320.6,4418092.7,21538_49672
NORTH_COMPLEX,17_21538_49672,146.2,158.42,151.41,162.89,1.0,,39.891826,-120.842743,2022,684320.6,4418092.7,21538_49672
NORTH_COMPLEX,17_21538_49672,185.99,175.47,189.63,179.7,1.0,,39.891826,-120.842743,2022,684320.6,4418092.7,21538_49672
NORTH_COMPLEX,17_21538_49672,162.06,128.56,166.13,132.96,1.0,,39.891826,-120.842743,2022,684320.6,4418092.7,21538_49672
NORTH_COMPLEX,17_21538_49672,162.74,137.67,165.52,140.93,1.0,,39.891826,-120.842743,2022,684320.6,4418092.7,21538_49672
NORTH_COMPLEX,17_21538_49672,157.73,134.92,162.64,140.78,1.0,,39.891826,-120.842743,2022,684320.6,4418092.7,21538_49672
NORTH_COMPLEX,17_21538_49672,158.44,140.28,162.67,144.37,1.0,,39.891826,-120.842743,2022,684320.6,4418092.7,21538_49672
NORTH_COMPLEX,17_21538_49672,170.41,132.2,175.21,137.02,1.0,,39.891826,-120.842743,2022,684320.6,4418092.7,21538_49672
NORTH_COMPLEX,17_21538_49672,189.26,126.98,193.58,131.49,1.0,,39.891826,-120.842743,2022,684320.6,4418092.7,21538_49672
NORTH_COMPLEX,17_21538_49672,190.45,121.36,194.07,125.86,1.0,,39.891826,-120.842743,2022,684320.6,4418092.7,21538_49672
NORTH_COMPLEX,17_21538_49672,111.13,128.75,118.24,134.75,1.0,,39.891826,-120.842743,2022,684320.6,4418092.7,21538_49672
NORTH_COMPLEX,17_21538_49672,105.03,121.69,108.82,126.06,1.0,,39.891826,-120.842743,2022,684320.6,4418092.7,21538_49672
NORTH_COMPLEX,17_21538_49672,100.01,125.94,103.96,129.15,1.0,,39.891826,-120.842743,2022,684320.6,4418092.7,21538_49672
NORTH_COMPLEX,17_21538_49672,101.18,118.48,103.37,121.06,1.0,,39.891826,-120.842743,2022,684320.6,4418092.7,21538_49672
NORTH_COMPLEX,17_21538_49672,101.8,120.54,105.35,123.54,1.0,,39.891826,-120.842743,2022,684320.6,4418092.7,21538_49672
NORTH_COMPLEX,17_21538_49672,120.16,122.72,124.5,127.8,1.0,,39.891826,-120.842743,2022,684320.6,4418092.7,21538_49672
NORTH_COMPLEX,17_21538_49672,119.23,115.97,123.55,120.3,1.0,,39.891826,-120.842743,2022,684320.6,4418092.7,21538_49672
NORTH_COMPLEX,17_21538_49672,116.96,107.57,121.51,111.66,1.0,,39.891826,-120.842743,2022,684320.6,4418092.7,21538_49672
NORTH_COMPLEX,17_21538_49672,109.7,115.49,113.51,119.31,1.0,,39.891826,-120.842743,2022,684320.6,4418092.7,21538_49672
NORTH_COMPLEX,17_21538_49672,223.79,246.38,228.94,251.56,1.0,,39.891826,-120.842743,2022,684320.6,4418092.7,21538_49672
NORTH_COMPLEX,17_21538_49672,232.09,242.74,235.92,247.66,1.0,,39.891826,-120.842743,2022,684320.6,4418092.7,21538_49672
NORTH_COMPLEX,17_21538_49672,228.08,240.55,232.8,245.72,1.0,,39.891826,-120.842743,2022,684320.6,4418092.7,21538_49672
NORTH_COMPLEX,17_21538_49672,216.07,244.77,220.11,249.26,1.0,,39.891826,-120.842743,2022,684320.6,4418092.7,21538_49672
NORTH_COMPLEX,17_21538_49672,209.65,232.97,215.03,238.8,1.0,,39.891826,-120.842743,2022,684320.6,4418092.7,21538_49672
NORTH_COMPLEX,17_21538_49672,209.03,218.45,213.96,223.62,1.0,,39.891826,-120.842743,2022,684320.6,4418092.7,21538_49672
NORTH_COMPLEX,17_21538_49672,213.57,216.03,218.29,221.41,1.0,,39.891826,-120.842743,2022,684320.6,4418092.7,21538_49672
NORTH_COMPLEX,17_21538_49672,213.56,235.04,222.53,244.48,1.0,,39.891826,-120.842743,2022,684320.6,4418092.7,21538_49672
NORTH_COMPLEX,17_21538_49672,221.58,233.04,226.52,238.64,1.0,,39.891826,-120.842743,2022,684320.6,4418092.7,21538_49672
NORTH_COMPLEX,17_21538_49672,227.7,228.79,232.86,234.62,1.0,,39.891826,-120.842743,2022,684320.6,4418092.7,21538_49672
NORTH_COMPLEX,17_21538_49672,214.33,229.45,219.93,235.08,1.0,,39.891826,-120.842743,2022,684320.6,4418092.7,21538_49672
NORTH_COMPLEX,17_21538_49672,218.8,229.89,224.85,235.97,1.0,,39.891826,-120.842743,2022,684320.6,4418092.7,21538_49672
NORTH_COMPLEX,17_21538_49672,206.42,240.03,211.36,245.42,1.0,,39.891826,-120.842743,2022,684320.6,4418092.7,21538_49672
NORTH_COMPLEX,17_21538_49672,251.43,250.3,256.0,256.0,1.0,,39.891826,-120.842743,2022,684320.6,4418092.7,21538_49672
NORTH_COMPLEX,17_21538_49672,251.65,227.49,255.5,231.35,1.0,,39.891826,-120.842743,2022,684320.6,4418092.7,21538_49672
NORTH_COMPLEX,17_21538_49672,219.7,251.6,223.18,256.0,1.0,,39.891826,-120.842743,2022,684320.6,4418092.7,21538_49672
NORTH_COMPLEX,17_21538_49672,212.77,251.43,216.62,255.29,1.0,,39.891826,-120.842743,2022,684320.6,4418092.7,21538_49672
NORTH_COMPLEX,17_21538_49672,203.74,253.66,206.8,256.0,1.0,,39.891826,-120.842743,2022,684320.6,4418092.7,21538_49672
NORTH_COMPLEX,17_21538_49672,190.08,249.19,195.07,254.2,1.0,,39.891826,-120.842743,2022,684320.6,4418092.7,21538_49672
NORTH_COMPLEX,17_21538_49672,191.01,241.86,195.63,246.49,1.0,,39.891826,-120.842743,2022,684320.6,4418092.7,21538_49672
NORTH_COMPLEX,17_21538_49672,209.61,201.02,214.26,207.16,1.0,,39.891826,-120.842743,2022,684320.6,4418092.7,21538_49672
NORTH_COMPLEX,17_21538_49672,213.84,206.03,218.46,211.03,1.0,,39.891826,-120.842743,2022,684320.6,4418092.7,21538_49672
NORTH_COMPLEX,17_21538_49672,210.18,209.33,215.56,214.73,1.0,,39.891826,-120.842743,2022,684320.6,4418092.7,21538_49672
NORTH_COMPLEX,17_21538_49672,203.96,211.06,208.95,215.7,1.0,,39.891826,-120.842743,2022,684320.6,4418092.7,21538_49672
NORTH_COMPLEX,17_21538_49672,184.99,244.04,189.15,248.78,1.0,,39.891826,-120.842743,2022,684320.6,4418092.7,21538_49672
NORTH_COMPLEX,17_21538_49672,179.33,254.2,184.57,256.0,1.0,,39.891826,-120.842743,2022,684320.6,4418092.7,21538_49672
NORTH_COMPLEX,17_21538_49672,180.39,230.15,186.59,235.81,1.0,,39.891826,-120.842743,2022,684320.6,4418092.7,21538_49672
NORTH_COMPLEX,17_21538_49672,168.9,229.25,173.06,234.03,1.0,,39.891826,-120.842743,2022,684320.6,4418092.7,21538_49672
NORTH_COMPLEX,17_21538_49672,183.47,220.2,188.21,225.1,1.0,,39.891826,-120.842743,2022,684320.6,4418092.7,21538_49672
NORTH_COMPLEX,17_21538_49672,185.85,228.12,192.12,234.7,1.0,,39.891826,-120.842743,2022,684320.6,4418092.7,21538_49672
NORTH_COMPLEX,17_21538_49672,185.41,222.27,191.81,228.26,1.0,,39.891826,-120.842743,2022,684320.6,4418092.7,21538_49672
NORTH_COMPLEX,17_21538_49672,197.37,252.26,202.84,256.0,1.0,,39.891826,-120.842743,2022,684320.6,4418092.7,21538_49672
NORTH_COMPLEX,17_21538_49672,197.28,180.26,203.94,185.57,1.0,,39.891826,-120.842743,2022,684320.6,4418092.7,21538_49672
NORTH_COMPLEX,17_21538_49672,190.74,178.46,195.58,185.6,1.0,,39.891826,-120.842743,2022,684320.6,4418092.7,21538_49672
NORTH_COMPLEX,17_21538_49672,207.53,170.42,213.28,176.65,1.0,,39.891826,-120.842743,2022,684320.6,4418092.7,21538_49672
NORTH_COMPLEX,17_21538_49672,204.76,158.64,211.46,165.82,1.0,,39.891826,-120.842743,2022,684320.6,4418092.7,21538_49672
NORTH_COMPLEX,17_21538_49672,203.61,154.16,208.27,158.84,1.0,,39.891826,-120.842743,2022,684320.6,4418092.7,21538_49672
NORTH_COMPLEX,17_21538_49672,40.97,119.35,50.81,129.56,1.0,,39.891826,-120.842743,2022,684320.6,4418092.7,21538_49672
NORTH_COMPLEX,17_21538_49672,219.33,101.05,226.83,106.02,1.0,,39.891826,-120.842743,2022,684320.6,4418092.7,21538_49672
NORTH_COMPLEX,17_21538_49672,104.36,201.62,109.84,207.38,1.0,,39.891826,-120.842743,2022,684320.6,4418092.7,21538_49672
NORTH_COMPLEX,17_21538_49672,111.44,202.87,119.42,212.98,1.0,,39.891826,-120.842743,2022,684320.6,4418092.7,21538_49672
NORTH_COMPLEX,17_21538_49672,116.08,215.09,121.53,222.19,1.0,,39.891826,-120.842743,2022,684320.6,4418092.7,21538_49672
NORTH_COMPLEX,17_21538_49672,131.45,216.29,136.55,222.38,1.0,,39.891826,-120.842743,2022,684320.6,4418092.7,21538_49672
NORTH_COMPLEX,17_21538_49672,125.85,207.85,131.63,213.65,1.0,,39.891826,-120.842743,2022,684320.6,4418092.7,21538_49672
NORTH_COMPLEX,17_21538_49672,82.81,221.59,88.99,228.32,1.0,,39.891826,-120.842743,2022,684320.6,4418092.7,21538_49672
NORTH_COMPLEX,17_21538_49672,55.29,227.98,60.19,233.1,1.0,,39.891826,-120.842743,2022,684320.6,4418092.7,21538_49672
NORTH_COMPLEX,17_21538_49672,57.16,233.35,60.58,237.4,1.0,,39.891826,-120.842743,2022,684320.6,4418092.7,21538_49672
NORTH_COMPLEX,17_21538_49672,59.48,234.35,65.45,240.33,1.0,,39.891826,-120.842743,2022,684320.6,4418092.7,21538_49672
NORTH_COMPLEX,17_21538_49672,61.48,230.63,66.37,235.13,1.0,,39.891826,-120.842743,2022,684320.6,4418092.7,21538_49672
NORTH_COMPLEX,17_21538_49672,83.77,202.31,88.35,206.77,1.0,,39.891826,-120.842743,2022,684320.6,4418092.7,21538_49672
NORTH_COMPLEX,17_21538_49672,84.48,206.41,89.33,211.02,1.0,,39.891826,-120.842743,2022,684320.6,4418092.7,21538_49672
NORTH_COMPLEX,17_21538_49672,99.41,227.51,104.35,234.03,1.0,,39.891826,-120.842743,2022,684320.6,4418092.7,21538_49672
NORTH_COMPLEX,17_21538_49672,204.52,188.43,209.62,194.94,1.0,,39.891826,-120.842743,2022,684320.6,4418092.7,21538_49672
NORTH_COMPLEX,17_21538_49672,211.08,188.41,215.81,194.2,1.0,,39.891826,-120.842743,2022,684320.6,4418092.7,21538_49672
NORTH_COMPLEX,17_21538_49672,189.35,187.88,193.72,193.31,1.0,,39.891826,-120.842743,2022,684320.6,4418092.7,21538_49672
NORTH_COMPLEX,17_21538_49672,177.92,117.87,180.66,121.83,1.0,,39.891826,-120.842743,2022,684320.6,4418092.7,21538_49672
NORTH_COMPLEX,17_21538_49672,109.09,119.06,120.43,128.56,1.0,,39.891826,-120.842743,2022,684320.6,4418092.7,21538_49672
NORTH_COMPLEX,17_21538_49672,126.14,135.51,131.65,143.89,1.0,,39.891826,-120.842743,2022,684320.6,4418092.7,21538_49672
NORTH_COMPLEX,17_21538_49672,51.17,80.68,57.94,86.11,1.0,,39.891826,-120.842743,2022,684320.6,4418092.7,21538_49672
NORTH_COMPLEX,17_21538_49672,41.56,82.03,46.3,87.48,1.0,,39.891826,-120.842743,2022,684320.6,4418092.7,21538_49672
NORTH_COMPLEX,17_21538_49672,40.26,77.72,45.34,82.47,1.0,,39.891826,-120.842743,2022,684320.6,4418092.7,21538_49672
NORTH_COMPLEX,17_21538_49672,29.91,80.85,33.55,84.86,1.0,,39.891826,-120.842743,2022,684320.6,4418092.7,21538_49672
NORTH_COMPLEX,17_21538_49672,34.04,78.46,37.69,82.82,1.0,,39.891826,-120.842743,2022,684320.6,4418092.7,21538_49672
NORTH_COMPLEX,17_21538_49672,44.78,94.4,50.97,101.31,1.0,,39.891826,-120.842743,2022,684320.6,4418092.7,21538_49672
NORTH_COMPLEX,17_21538_49672,49.77,93.98,54.53,100.15,1.0,,39.891826,-120.842743,2022,684320.6,4418092.7,21538_49672
NORTH_COMPLEX,17_21538_49672,106.28,70.59,109.57,74.58,1.0,,39.891826,-120.842743,2022,684320.6,4418092.7,21538_49672
NORTH_COMPLEX,17_21538_49672,120.53,73.97,124.21,79.75,1.0,,39.891826,-120.842743,2022,684320.6,4418092.7,21538_49672
NORTH_COMPLEX,17_21538_49672,115.86,70.82,119.14,74.82,1.0,,39.891826,-120.842743,2022,684320.6,4418092.7,21538_49672
NORTH_COMPLEX,17_21538_49672,86.47,243.53,90.81,247.89,1.0,,39.891826,-120.842743,2022,684320.6,4418092.7,21538_49672
NORTH_COMPLEX,17_21538_49672,80.14,246.36,86.22,252.18,1.0,,39.891826,-120.842743,2022,684320.6,4418092.7,21538_49672
NORTH_COMPLEX,17_21538_49672,103.23,245.5,107.6,250.99,1.0,,39.891826,-120.842743,2022,684320.6,4418092.7,21538_49672
NORTH_COMPLEX,17_21538_49672,162.7,207.76,166.34,212.89,1.0,,39.891826,-120.842743,2022,684320.6,4418092.7,21538_49672
NORTH_COMPLEX,17_21538_49672,158.24,211.81,162.09,215.44,1.0,,39.891826,-120.842743,2022,684320.6,4418092.7,21538_49672
NORTH_COMPLEX,17_21538_49672,169.35,239.99,174.11,245.28,1.0,,39.891826,-120.842743,2022,684320.6,4418092.7,21538_49672
NORTH_COMPLEX,17_21538_49672,83.21,141.61,86.78,145.19,1.0,,39.891826,-120.842743,2022,684320.6,4418092.7,21538_49672
NORTH_COMPLEX,17_21538_49672,82.76,145.26,87.96,151.1,1.0,,39.891826,-120.842743,2022,684320.6,4418092.7,21538_49672
NORTH_COMPLEX,17_21538_49672,85.18,150.09,90.38,155.61,1.0,,39.891826,-120.842743,2022,684320.6,4418092.7,21538_49672
NORTH_COMPLEX,17_21538_49672,106.41,131.54,109.22,134.75,1.0,,39.891826,-120.842743,2022,684320.6,4418092.7,21538_49672
NORTH_COMPLEX,17_21538_49672,139.01,136.65,141.01,138.67,1.0,,39.891826,-120.842743,2022,684320.6,4418092.7,21538_49672
NORTH_COMPLEX,17_21538_49672,139.06,140.78,142.29,144.79,1.0,,39.891826,-120.842743,2022,684320.6,4418092.7,21538_49672
NORTH_COMPLEX,17_21538_49672,131.14,97.44,134.34,101.26,1.0,,39.891826,-120.842743,2022,684320.6,4418092.7,21538_49672
NORTH_COMPLEX,17_21538_49672,124.71,100.42,129.39,106.19,1.0,,39.891826,-120.842743,2022,684320.6,4418092.7,21538_49672
NORTH_COMPLEX,17_21538_49672,141.01,85.61,145.74,89.16,1.0,,39.891826,-120.842743,2022,684320.6,4418092.7,21538_49672
NORTH_COMPLEX,17_21538_49672,30.43,87.83,34.56,91.98,1.0,,39.891826,-120.842743,2022,684320.6,4418092.7,21538_49672
NORTH_COMPLEX,17_21538_49672,34.66,87.26,38.84,93.21,1.0,,39.891826,-120.842743,2022,684320.6,4418092.7,21538_49672
NORTH_COMPLEX,17_21538_49672,38.9,89.16,42.6,94.2,1.0,,39.891826,-120.842743,2022,684320.6,4418092.7,21538_49672
NORTH_COMPLEX,17_21538_49672,31.55,104.74,37.97,110.74,1.0,,39.891826,-120.842743,2022,684320.6,4418092.7,21538_49672
NORTH_COMPLEX,17_21538_49672,30.27,112.36,35.32,117.43,1.0,,39.891826,-120.842743,2022,684320.6,4418092.7,21538_49672
CREEK,17_22045_50908,178.85,182.85,185.94,197.76,1.0,,37.237982,-119.450226,2022,282533.3,4124210.7,22045_50908
CREEK,17_22045_50908,177.41,203.55,192.97,216.26,1.0,,37.237982,-119.450226,2022,282533.3,4124210.7,22045_50908
CREEK,17_22045_50908,198.48,222.82,209.9,232.34,1.0,,37.237982,-119.450226,2022,282533.3,4124210.7,22045_50908
CREEK,17_22045_50908,205.27,198.02,215.87,212.56,1.0,,37.237982,-119.450226,2022,282533.3,4124210.7,22045_50908
CREEK,17_22045_50908,212.22,172.97,223.36,188.54,1.0,,37.237982,-119.450226,2022,282533.3,4124210.7,22045_50908
CREEK,17_22045_50908,0.0,181.91,14.29,196.1,1.0,,37.237982,-119.450226,2022,282533.3,4124210.7,22045_50908
CREEK,17_22045_50908,13.83,177.63,23.53,181.53,1.0,,37.237982,-119.450226,2022,282533.3,4124210.7,22045_50908
CREEK,17_22045_50908,4.98,230.46,17.27,236.48,1.0,,37.237982,-119.450226,2022,282533.3,4124210.7,22045_50908
CREEK,17_22045_50908,44.16,196.5,55.09,206.51,1.0,,37.237982,-119.450226,2022,282533.3,4124210.7,22045_50908
CREEK,17_22045_50908,57.74,165.37,71.38,180.53,1.0,,37.237982,-119.450226,2022,282533.3,4124210.7,22045_50908
CREEK,17_22045_50908,46.76,120.14,59.2,130.2,1.0,,37.237982,-119.450226,2022,282533.3,4124210.7,22045_50908
CREEK,17_22045_50908,34.49,13.85,46.41,23.39,1.0,,37.237982,-119.450226,2022,282533.3,4124210.7,22045_50908
CREEK,17_22045_50908,166.43,229.99,181.77,250.26,1.0,,37.237982,-119.450226,2022,282533.3,4124210.7,22045_50908
CREEK,17_22045_50908,199.49,242.86,213.31,249.44,1.0,,37.237982,-119.450226,2022,282533.3,4124210.7,22045_50908
CREEK,17_22046_50848,46.88,211.42,59.2,217.45,1.0,,37.369066,-119.447479,2022,283154.0,4138750.1,22046_50848
CREEK,17_22046_50848,70.87,215.11,72.46,217.19,1.0,,37.369066,-119.447479,2022,283154.0,4138750.1,22046_50848
CREEK,17_22046_50848,5.2,159.14,27.05,177.67,1.0,,37.369066,-119.447479,2022,283154.0,4138750.1,22046_50848
CREEK,17_22046_50848,62.66,167.39,69.19,180.28,1.0,,37.369066,-119.447479,2022,283154.0,4138750.1,22046_50848
CREEK,17_22046_50848,34.59,185.6,53.09,195.4,1.0,,37.369066,-119.447479,2022,283154.0,4138750.1,22046_50848
CREEK,17_22046_50848,58.35,190.82,66.54,207.82,1.0,,37.369066,-119.447479,2022,283154.0,4138750.1,22046_50848
CREEK,17_22046_50848,5.11,223.54,10.52,233.35,1.0,,37.369066,-119.447479,2022,283154.0,4138750.1,22046_50848
CREEK,17_22046_50848,5.31,237.5,9.74,248.29,1.0,,37.369066,-119.447479,2022,283154.0,4138750.1,22046_50848
CREEK,17_22046_50848,67.47,231.21,72.61,233.94,1.0,,37.369066,-119.447479,2022,283154.0,4138750.1,22046_50848
CREEK,17_22046_50848,10.4,121.04,30.25,140.0,1.0,,37.369066,-119.447479,2022,283154.0,4138750.1,22046_50848
CREEK,17_22046_50848,44.69,114.73,58.02,134.45,1.0,,37.369066,-119.447479,2022,283154.0,4138750.1,22046_50848
CREEK,17_22046_50848,82.85,106.78,96.96,120.47,1.0,,37.369066,-119.447479,2022,283154.0,4138750.1,22046_50848
CREEK,17_22046_50848,11.82,77.34,35.29,92.14,1.0,,37.369066,-119.447479,2022,283154.0,4138750.1,22046_50848
CREEK,17_22046_50848,50.99,80.99,69.38,101.41,1.0,,37.369066,-119.447479,2022,283154.0,4138750.1,22046_50848
CREEK,17_22046_50848,28.29,39.79,38.87,53.34,1.0,,37.369066,-119.447479,2022,283154.0,4138750.1,22046_50848
CREEK,17_22046_50848,5.13,52.37,18.95,71.6,1.0,,37.369066,-119.447479,2022,283154.0,4138750.1,22046_50848
CREEK,17_22046_50848,21.58,61.09,39.07,70.86,1.0,,37.369066,-119.447479,2022,283154.0,4138750.1,22046_50848
CREEK,17_22046_50848,145.14,109.0,149.29,112.19,1.0,,37.369066,-119.447479,2022,283154.0,4138750.1,22046_50848
CREEK,17_22046_50848,147.85,118.11,153.37,124.13,1.0,,37.369066,-119.447479,2022,283154.0,4138750.1,22046_50848
CREEK,17_22046_50848,98.14,103.04,109.6,113.34,1.0,,37.369066,-119.447479,2022,283154.0,4138750.1,22046_50848
CREEK,17_22046_50848,116.09,123.13,126.15,136.15,1.0,,37.369066,-119.447479,2022,283154.0,4138750.1,22046_50848
CREEK,17_22046_50848,175.83,46.64,188.74,55.22,1.0,,37.369066,-119.447479,2022,283154.0,4138750.1,22046_50848
CREEK,17_22046_50848,142.06,89.24,161.12,100.58,1.0,,37.369066,-119.447479,2022,283154.0,4138750.1,22046_50848
CREEK,17_22046_50848,74.83,88.73,91.95,102.02,1.0,,37.369066,-119.447479,2022,283154.0,4138750.1,22046_50848
CREEK,17_22046_50848,65.59,129.47,80.32,146.21,1.0,,37.369066,-119.447479,2022,283154.0,4138750.1,22046_50848
CREEK,17_22046_50848,83.29,154.46,85.97,158.61,1.0,,37.369066,-119.447479,2022,283154.0,4138750.1,22046_50848
CREEK,17_22046_50848,6.68,100.35,38.46,115.21,1.0,,37.369066,-119.447479,2022,283154.0,4138750.1,22046_50848
CREEK,17_22046_50848,175.27,85.94,186.01,103.54,1.0,,37.369066,-119.447479,2022,283154.0,4138750.1,22046_50848
CREEK,17_22046_50848,240.48,32.09,248.39,41.5,1.0,,37.369066,-119.447479,2022,283154.0,4138750.1,22046_50848
CREEK,17_22046_50848,190.53,28.17,198.28,33.52,1.0,,37.369066,-119.447479,2022,283154.0,4138750.1,22046_50848
CREEK,17_22051_50888,0.0,8.85,6.03,15.73,1.0,,37.281702,-119.433746,2022,284120.2,4129024.3,22051_50888
CREEK,17_22051_50888,0.46,16.55,6.76,21.9,1.0,,37.281702,-119.433746,2022,284120.2,4129024.3,22051_50888
CREEK,17_22051_50888,4.53,10.82,10.28,15.12,1.0,,37.281702,-119.433746,2022,284120.2,4129024.3,22051_50888
CREEK,17_22051_50888,6.42,14.48,14.73,19.38,1.0,,37.281702,-119.433746,2022,284120.2,4129024.3,22051_50888
CREEK,17_22051_50888,7.73,5.06,15.59,11.48,1.0,,37.281702,-119.433746,2022,284120.2,4129024.3,22051_50888
CREEK,17_22051_50888,22.39,7.15,29.78,14.58,1.0,,37.281702,-119.433746,2022,284120.2,4129024.3,22051_50888
CREEK,17_22051_50888,37.38,5.17,48.96,15.81,1.0,,37.281702,-119.433746,2022,284120.2,4129024.3,22051_50888
CREEK,17_22051_50888,42.36,14.06,55.0,25.76,1.0,,37.281702,-119.433746,2022,284120.2,4129024.3,22051_50888
CREEK,17_22051_50888,55.3,18.64,65.27,27.18,1.0,,37.281702,-119.433746,2022,284120.2,4129024.3,22051_50888
CREEK,17_22051_50888,56.18,6.65,68.27,17.31,1.0,,37.281702,-119.433746,2022,284120.2,4129024.3,22051_50888
CREEK,17_22051_50888,53.97,0.16,59.35,8.02,1.0,,37.281702,-119.433746,2022,284120.2,4129024.3,22051_50888
CREEK,17_22051_50888,42.12,0.0,50.45,4.87,1.0,,37.281702,-119.433746,2022,284120.2,4129024.3,22051_50888
CREEK,17_22051_50888,21.71,16.85,31.71,25.91,1.0,,37.281702,-119.433746,2022,284120.2,4129024.3,22051_50888
CREEK,17_22051_50888,15.19,21.47,24.66,29.99,1.0,,37.281702,-119.433746,2022,284120.2,4129024.3,22051_50888
CREEK,17_22051_50888,4.58,27.46,12.46,34.39,1.0,,37.281702,-119.433746,2022,284120.2,4129024.3,22051_50888
CREEK,17_22051_50888,3.08,33.8,10.95,40.22,1.0,,37.281702,-119.433746,2022,284120.2,4129024.3,22051_50888
CREEK,17_22051_50888,29.18,0.0,40.25,10.36,1.0,,37.281702,-119.433746,2022,284120.2,4129024.3,22051_50888
CREEK,17_22051_50888,3.0,51.71,13.58,62.83,1.0,,37.281702,-119.433746,2022,284120.2,4129024.3,22051_50888
CREEK,17_22051_50888,12.92,55.16,20.85,63.11,1.0,,37.281702,-119.433746,2022,284120.2,4129024.3,22051_50888
CREEK,17_22051_50888,21.77,49.86,29.2,58.31,1.0,,37.281702,-119.433746,2022,284120.2,4129024.3,22051_50888
CREEK,17_22051_50888,22.71,42.99,33.78,53.62,1.0,,37.281702,-119.433746,2022,284120.2,4129024.3,22051_50888
CREEK,17_22051_50888,21.77,35.28,34.83,44.96,1.0,,37.281702,-119.433746,2022,284120.2,4129024.3,22051_50888
CREEK,17_22051_50888,34.78,27.07,48.39,37.8,1.0,,37.281702,-119.433746,2022,284120.2,4129024.3,22051_50888
CREEK,17_22051_50888,37.06,37.14,44.96,44.58,1.0,,37.281702,-119.433746,2022,284120.2,4129024.3,22051_50888
CREEK,17_22051_50888,42.48,39.14,55.07,49.82,1.0,,37.281702,-119.433746,2022,284120.2,4129024.3,22051_50888
CREEK,17_22051_50888,34.83,48.05,43.79,56.56,1.0,,37.281702,-119.433746,2022,284120.2,4129024.3,22051_50888
CREEK,17_22051_50888,0.0,69.5,7.57,78.98,1.0,,37.281702,-119.433746,2022,284120.2,4129024.3,22051_50888
CREEK,17_22051_50888,7.25,73.1,12.53,78.41,1.0,,37.281702,-119.433746,2022,284120.2,4129024.3,22051_50888
CREEK,17_22051_50888,17.21,65.81,23.0,71.13,1.0,,37.281702,-119.433746,2022,284120.2,4129024.3,22051_50888
CREEK,17_22051_50888,18.77,70.22,27.67,77.19,1.0,,37.281702,-119.433746,2022,284120.2,4129024.3,22051_50888
CREEK,17_22051_50888,27.28,65.42,39.82,74.57,1.0,,37.281702,-119.433746,2022,284120.2,4129024.3,22051_50888
CREEK,17_22051_50888,28.03,74.66,35.4,81.57,1.0,,37.281702,-119.433746,2022,284120.2,4129024.3,22051_50888
CREEK,17_22051_50888,0.0,86.13,3.89,91.9,1.0,,37.281702,-119.433746,2022,284120.2,4129024.3,22051_50888
CREEK,17_22051_50888,9.22,78.56,17.67,87.04,1.0,,37.281702,-119.433746,2022,284120.2,4129024.3,22051_50888
CREEK,17_22051_50888,1.78,92.09,11.81,102.17,1.0,,37.281702,-119.433746,2022,284120.2,4129024.3,22051_50888
CREEK,17_22051_50888,14.7,83.11,24.12,90.61,1.0,,37.281702,-119.433746,2022,284120.2,4129024.3,22051_50888
CREEK,17_22051_50888,4.69,85.04,17.17,92.65,1.0,,37.281702,-119.433746,2022,284120.2,4129024.3,22051_50888
CREEK,17_22051_50888,11.12,97.82,19.5,104.26,1.0,,37.281702,-119.433746,2022,284120.2,4129024.3,22051_50888
CREEK,17_22051_50888,25.08,92.46,32.95,98.88,1.0,,37.281702,-119.433746,2022,284120.2,4129024.3,22051_50888
CREEK,17_22051_50888,27.03,82.3,33.33,87.64,1.0,,37.281702,-119.433746,2022,284120.2,4129024.3,22051_50888
CREEK,17_22051_50888,23.93,101.89,32.85,109.37,1.0,,37.281702,-119.433746,2022,284120.2,4129024.3,22051_50888
CREEK,17_22051_50888,33.54,98.41,40.88,104.3,1.0,,37.281702,-119.433746,2022,284120.2,4129024.3,22051_50888
CREEK,17_22051_50888,44.09,92.67,57.65,101.86,1.0,,37.281702,-119.433746,2022,284120.2,4129024.3,22051_50888
CREEK,17_22051_50888,50.29,77.56,65.6,92.94,1.0,,37.281702,-119.433746,2022,284120.2,4129024.3,22051_50888
CREEK,17_22051_50888,52.56,57.69,66.86,73.03,1.0,,37.281702,-119.433746,2022,284120.2,4129024.3,22051_50888
CREEK,17_22051_50888,69.87,64.74,78.83,73.24,1.0,,37.281702,-119.433746,2022,284120.2,4129024.3,22051_50888
CREEK,17_22051_50888,46.59,67.69,56.55,75.72,1.0,,37.281702,-119.433746,2022,284120.2,4129024.3,22051_50888
CREEK,17_22051_50888,54.44,47.78,65.96,56.89,1.0,,37.281702,-119.433746,2022,284120.2,4129024.3,22051_50888
CREEK,17_22051_50888,57.22,36.36,65.63,43.83,1.0,,37.281702,-119.433746,2022,284120.2,4129024.3,22051_50888
CREEK,17_22051_50888,64.52,25.14,78.78,39.45,1.0,,37.281702,-119.433746,2022,284120.2,4129024.3,22051_50888
CREEK,17_22051_50888,62.74,43.74,73.76,52.83,1.0,,37.281702,-119.433746,2022,284120.2,4129024.3,22051_50888
CREEK,17_22051_50888,74.95,48.05,86.08,60.2,1.0,,37.281702,-119.433746,2022,284120.2,4129024.3,22051_50888
CREEK,17_22051_50888,80.46,56.95,98.73,69.89,1.0,,37.281702,-119.433746,2022,284120.2,4129024.3,22051_50888
CREEK,17_22051_50888,69.44,76.23,79.42,84.78,1.0,,37.281702,-119.433746,2022,284120.2,4129024.3,22051_50888
CREEK,17_22051_50888,77.96,71.19,87.5,81.75,1.0,,37.281702,-119.433746,2022,284120.2,4129024.3,22051_50888
CREEK,17_22051_50888,86.82,72.8,97.89,83.43,1.0,,37.281702,-119.433746,2022,284120.2,4129024.3,22051_50888
CREEK,17_22051_50888,74.53,91.01,82.94,98.47,1.0,,37.281702,-119.433746,2022,284120.2,4129024.3,22051_50888
CREEK,17_22051_50888,80.81,85.11,95.89,94.36,1.0,,37.281702,-119.433746,2022,284120.2,4129024.3,22051_50888
CREEK,17_22051_50888,96.66,84.17,106.13,92.7,1.0,,37.281702,-119.433746,2022,284120.2,4129024.3,22051_50888
CREEK,17_22051_50888,77.72,99.58,89.75,108.71,1.0,,37.281702,-119.433746,2022,284120.2,4129024.3,22051_50888
CREEK,17_22051_50888,98.59,96.53,109.23,109.18,1.0,,37.281702,-119.433746,2022,284120.2,4129024.3,22051_50888
CREEK,17_22051_50888,112.38,75.82,121.98,87.92,1.0,,37.281702,-119.433746,2022,284120.2,4129024.3,22051_50888
CREEK,17_22051_50888,112.02,63.52,120.92,70.49,1.0,,37.281702,-119.433746,2022,284120.2,4129024.3,22051_50888
CREEK,17_22051_50888,105.34,58.66,113.71,65.1,1.0,,37.281702,-119.433746,2022,284120.2,4129024.3,22051_50888
CREEK,17_22051_50888,66.29,0.0,74.64,5.79,1.0,,37.281702,-119.433746,2022,284120.2,4129024.3,22051_50888
CREEK,17_22051_50888,74.44,5.8,83.34,12.77,1.0,,37.281702,-119.433746,2022,284120.2,4129024.3,22051_50888
CREEK,17_22051_50888,101.21,3.5,117.05,19.41,1.0,,37.281702,-119.433746,2022,284120.2,4129024.3,22051_50888
CREEK,17_22051_50888,113.33,19.3,124.87,28.93,1.0,,37.281702,-119.433746,2022,284120.2,4129024.3,22051_50888
CREEK,17_22051_50888,81.07,16.55,91.6,26.13,1.0,,37.281702,-119.433746,2022,284120.2,4129024.3,22051_50888
CREEK,17_22051_50888,74.18,37.78,85.19,46.87,1.0,,37.281702,-119.433746,2022,284120.2,4129024.3,22051_50888
CREEK,17_22051_50888,84.62,29.48,94.68,40.06,1.0,,37.281702,-119.433746,2022,284120.2,4129024.3,22051_50888
CREEK,17_22051_50888,88.38,45.74,102.98,55.47,1.0,,37.281702,-119.433746,2022,284120.2,4129024.3,22051_50888
CREEK,17_22051_50888,105.13,35.63,119.92,50.48,1.0,,37.281702,-119.433746,2022,284120.2,4129024.3,22051_50888
CREEK,17_22051_50888,92.88,20.58,106.98,30.81,1.0,,37.281702,-119.433746,2022,284120.2,4129024.3,22051_50888
CREEK,17_22051_50888,101.52,28.32,111.03,37.87,1.0,,37.281702,-119.433746,2022,284120.2,4129024.3,22051_50888
CREEK,17_22051_50888,126.62,93.75,136.08,102.28,1.0,,37.281702,-119.433746,2022,284120.2,4129024.3,22051_50888
CREEK,17_22051_50888,125.78,83.74,133.66,90.67,1.0,,37.281702,-119.433746,2022,284120.2,4129024.3,22051_50888
CREEK,17_22051_50888,136.13,93.09,146.55,100.12,1.0,,37.281702,-119.433746,2022,284120.2,4129024.3,22051_50888
CREEK,17_22051_50888,144.88,89.07,151.81,97.5,1.0,,37.281702,-119.433746,2022,284120.2,4129024.3,22051_50888
CREEK,17_22051_50888,154.93,99.44,172.29,115.41,1.0,,37.281702,-119.433746,2022,284120.2,4129024.3,22051_50888
CREEK,17_22051_50888,134.08,66.41,147.81,80.2,1.0,,37.281702,-119.433746,2022,284120.2,4129024.3,22051_50888
CREEK,17_22051_50888,145.69,54.05,154.65,62.55,1.0,,37.281702,-119.433746,2022,284120.2,4129024.3,22051_50888
CREEK,17_22051_50888,140.64,45.16,150.14,54.7,1.0,,37.281702,-119.433746,2022,284120.2,4129024.3,22051_50888
CREEK,17_22051_50888,133.92,50.27,144.34,57.3,1.0,,37.281702,-119.433746,2022,284120.2,4129024.3,22051_50888
CREEK,17_22051_50888,131.44,40.97,143.42,48.57,1.0,,37.281702,-119.433746,2022,284120.2,4129024.3,22051_50888
CREEK,17_22051_50888,123.68,24.3,130.55,31.19,1.0,,37.281702,-119.433746,2022,284120.2,4129024.3,22051_50888
CREEK,17_22051_50888,129.88,21.46,139.31,28.97,1.0,,37.281702,-119.433746,2022,284120.2,4129024.3,22051_50888
CREEK,17_22051_50888,154.22,14.46,166.32,25.63,1.0,,37.281702,-119.433746,2022,284120.2,4129024.3,22051_50888
CREEK,17_22051_50888,157.35,0.5,172.45,10.26,1.0,,37.281702,-119.433746,2022,284120.2,4129024.3,22051_50888
CREEK,17_22051_50888,168.03,22.4,179.02,30.98,1.0,,37.281702,-119.433746,2022,284120.2,4129024.3,22051_50888
CREEK,17_22051_50888,148.28,34.19,153.62,41.02,1.0,,37.281702,-119.433746,2022,284120.2,4129024.3,22051_50888
CREEK,17_22051_50888,156.04,25.27,161.34,31.08,1.0,,37.281702,-119.433746,2022,284120.2,4129024.3,22051_50888
CREEK,17_22051_50888,161.82,30.61,171.83,40.17,1.0,,37.281702,-119.433746,2022,284120.2,4129024.3,22051_50888
CREEK,17_22051_50888,176.2,38.07,188.88,50.8,1.0,,37.281702,-119.433746,2022,284120.2,4129024.3,22051_50888
CREEK,17_22051_50888,152.59,86.81,160.55,95.78,1.0,,37.281702,-119.433746,2022,284120.2,4129024.3,22051_50888
CREEK,17_22051_50888,143.2,80.56,151.61,88.03,1.0,,37.281702,-119.433746,2022,284120.2,4129024.3,22051_50888
CREEK,17_22051_50888,151.62,64.77,160.62,74.29,1.0,,37.281702,-119.433746,2022,284120.2,4129024.3,22051_50888
CREEK,17_22051_50888,159.79,85.03,167.24,93.99,1.0,,37.281702,-119.433746,2022,284120.2,4129024.3,22051_50888
CREEK,17_22051_50888,161.11,80.73,171.48,86.22,1.0,,37.281702,-119.433746,2022,284120.2,4129024.3,22051_50888
CREEK,17_22051_50888,152.98,77.1,160.92,85.56,1.0,,37.281702,-119.433746,2022,284120.2,4129024.3,22051_50888
CREEK,17_22051_50888,176.23,105.1,183.05,110.97,1.0,,37.281702,-119.433746,2022,284120.2,4129024.3,22051_50888
CREEK,17_22051_50888,174.23,9.33,183.85,21.95,1.0,,37.281702,-119.433746,2022,284120.2,4129024.3,22051_50888
CREEK,17_22051_50888,178.82,21.02,188.76,28.54,1.0,,37.281702,-119.433746,2022,284120.2,4129024.3,22051_50888
CREEK,17_22051_50888,170.99,66.52,179.4,73.98,1.0,,37.281702,-119.433746,2022,284120.2,4129024.3,22051_50888
CREEK,17_22051_50888,171.34,85.47,178.18,91.85,1.0,,37.281702,-119.433746,2022,284120.2,4129024.3,22051_50888
CREEK,17_22051_50888,200.55,17.49,209.02,26.49,1.0,,37.281702,-119.433746,2022,284120.2,4129024.3,22051_50888
CREEK,17_22051_50888,204.37,0.0,212.24,6.14,1.0,,37.281702,-119.433746,2022,284120.2,4129024.3,22051_50888
CREEK,17_22051_50888,237.38,0.0,248.42,9.3,1.0,,37.281702,-119.433746,2022,284120.2,4129024.3,22051_50888
CREEK,17_22051_50888,214.58,13.94,223.17,26.0,1.0,,37.281702,-119.433746,2022,284120.2,4129024.3,22051_50888
CREEK,17_22051_50888,223.0,12.72,236.71,26.0,1.0,,37.281702,-119.433746,2022,284120.2,4129024.3,22051_50888
CREEK,17_22051_50888,236.67,22.7,244.49,28.1,1.0,,37.281702,-119.433746,2022,284120.2,4129024.3,22051_50888
CREEK,17_22051_50888,221.24,31.84,228.61,38.75,1.0,,37.281702,-119.433746,2022,284120.2,4129024.3,22051_50888
CREEK,17_22051_50888,212.39,39.95,223.46,50.57,1.0,,37.281702,-119.433746,2022,284120.2,4129024.3,22051_50888
CREEK,17_22051_50888,175.53,95.35,182.91,102.26,1.0,,37.281702,-119.433746,2022,284120.2,4129024.3,22051_50888
CREEK,17_22051_50888,183.76,91.83,189.16,100.2,1.0,,37.281702,-119.433746,2022,284120.2,4129024.3,22051_50888
CREEK,17_22051_50888,186.24,84.25,195.81,95.33,1.0,,37.281702,-119.433746,2022,284120.2,4129024.3,22051_50888
CREEK,17_22051_50888,251.7,24.04,256.0,34.94,1.0,,37.281702,-119.433746,2022,284120.2,4129024.3,22051_50888
CREEK,17_22051_50888,241.03,32.84,251.5,40.89,1.0,,37.281702,-119.433746,2022,284120.2,4129024.3,22051_50888
CREEK,17_22051_50888,251.98,40.42,256.0,47.73,1.0,,37.281702,-119.433746,2022,284120.2,4129024.3,22051_50888
CREEK,17_22051_50888,249.51,57.99,255.91,65.88,1.0,,37.281702,-119.433746,2022,284120.2,4129024.3,22051_50888
CREEK,17_22051_50888,244.23,45.76,255.85,57.43,1.0,,37.281702,-119.433746,2022,284120.2,4129024.3,22051_50888
CREEK,17_22051_50888,240.66,75.05,251.69,84.65,1.0,,37.281702,-119.433746,2022,284120.2,4129024.3,22051_50888
CREEK,17_22051_50888,242.04,67.17,249.45,75.1,1.0,,37.281702,-119.433746,2022,284120.2,4129024.3,22051_50888
CREEK,17_22051_50888,200.43,78.38,207.75,83.76,1.0,,37.281702,-119.433746,2022,284120.2,4129024.3,22051_50888
CREEK,17_22051_50888,222.67,48.01,229.53,54.9,1.0,,37.281702,-119.433746,2022,284120.2,4129024.3,22051_50888
CREEK,17_22051_50888,219.17,99.31,225.56,107.21,1.0,,37.281702,-119.433746,2022,284120.2,4129024.3,22051_50888
CREEK,17_22051_50888,215.16,92.25,222.52,98.65,1.0,,37.281702,-119.433746,2022,284120.2,4129024.3,22051_50888
CREEK,17_22051_50888,211.34,88.0,216.06,91.75,1.0,,37.281702,-119.433746,2022,284120.2,4129024.3,22051_50888
CREEK,17_22051_50888,200.1,54.58,211.19,65.72,1.0,,37.281702,-119.433746,2022,284120.2,4129024.3,22051_50888
CREEK,17_22051_50888,200.12,66.34,207.44,71.72,1.0,,37.281702,-119.433746,2022,284120.2,4129024.3,22051_50888
CREEK,17_22051_50888,206.77,70.95,212.62,77.8,1.0,,37.281702,-119.433746,2022,284120.2,4129024.3,22051_50888
CREEK,17_22051_50888,215.82,75.89,220.08,81.16,1.0,,37.281702,-119.433746,2022,284120.2,4129024.3,22051_50888
CREEK,17_22051_50888,219.02,67.32,231.6,77.49,1.0,,37.281702,-119.433746,2022,284120.2,4129024.3,22051_50888
CREEK,17_22051_50888,215.71,58.75,222.5,63.6,1.0,,37.281702,-119.433746,2022,284120.2,4129024.3,22051_50888
CREEK,17_22051_50888,230.54,62.64,236.88,69.0,1.0,,37.281702,-119.433746,2022,284120.2,4129024.3,22051_50888
CREEK,17_22051_50888,225.67,57.33,233.51,63.24,1.0,,37.281702,-119.433746,2022,284120.2,4129024.3,22051_50888
CREEK,17_22051_50888,229.83,51.87,239.83,60.92,1.0,,37.281702,-119.433746,2022,284120.2,4129024.3,22051_50888
CREEK,17_22051_50888,0.11,107.9,9.69,119.49,1.0,,37.281702,-119.433746,2022,284120.2,4129024.3,22051_50888
CREEK,17_22051_50888,30.36,111.6,44.45,121.32,1.0,,37.281702,-119.433746,2022,284120.2,4129024.3,22051_50888
CREEK,17_22051_50888,16.46,111.84,24.83,118.28,1.0,,37.281702,-119.433746,2022,284120.2,4129024.3,22051_50888
CREEK,17_22051_50888,8.36,117.16,14.7,123.52,1.0,,37.281702,-119.433746,2022,284120.2,4129024.3,22051_50888
CREEK,17_22051_50888,12.07,120.63,19.66,133.17,1.0,,37.281702,-119.433746,2022,284120.2,4129024.3,22051_50888
CREEK,17_22051_50888,0.07,128.1,6.9,133.97,1.0,,37.281702,-119.433746,2022,284120.2,4129024.3,22051_50888
CREEK,17_22051_50888,4.42,139.02,13.36,147.01,1.0,,37.281702,-119.433746,2022,284120.2,4129024.3,22051_50888
CREEK,17_22051_50888,0.0,147.28,10.25,155.33,1.0,,37.281702,-119.433746,2022,284120.2,4129024.3,22051_50888
CREEK,17_22051_50888,0.0,162.38,7.64,168.29,1.0,,37.281702,-119.433746,2022,284120.2,4129024.3,22051_50888
CREEK,17_22051_50888,10.11,145.11,16.96,151.5,1.0,,37.281702,-119.433746,2022,284120.2,4129024.3,22051_50888
CREEK,17_22051_50888,12.64,137.79,19.52,145.2,1.0,,37.281702,-119.433746,2022,284120.2,4129024.3,22051_50888
CREEK,17_22051_50888,22.22,135.35,33.37,148.02,1.0,,37.281702,-119.433746,2022,284120.2,4129024.3,22051_50888
CREEK,17_22051_50888,33.9,142.18,39.24,149.01,1.0,,37.281702,-119.433746,2022,284120.2,4129024.3,22051_50888
CREEK,17_22051_50888,20.6,122.74,29.51,130.22,1.0,,37.281702,-119.433746,2022,284120.2,4129024.3,22051_50888
CREEK,17_22051_50888,31.77,124.19,39.65,131.12,1.0,,37.281702,-119.433746,2022,284120.2,4129024.3,22051_50888
CREEK,17_22051_50888,39.53,133.18,48.49,141.69,1.0,,37.281702,-119.433746,2022,284120.2,4129024.3,22051_50888
CREEK,17_22051_50888,46.02,129.85,53.96,138.31,1.0,,37.281702,-119.433746,2022,284120.2,4129024.3,22051_50888
CREEK,17_22051_50888,51.19,120.58,59.66,129.57,1.0,,37.281702,-119.433746,2022,284120.2,4129024.3,22051_50888
CREEK,17_22051_50888,59.17,116.02,67.22,127.55,1.0,,37.281702,-119.433746,2022,284120.2,4129024.3,22051_50888
CREEK,17_22051_50888,60.61,98.93,69.65,109.48,1.0,,37.281702,-119.433746,2022,284120.2,4129024.3,22051_50888
CREEK,17_22051_50888,14.92,146.06,23.8,152.52,1.0,,37.281702,-119.433746,2022,284120.2,4129024.3,22051_50888
CREEK,17_22051_50888,36.78,154.32,44.38,167.37,1.0,,37.281702,-119.433746,2022,284120.2,4129024.3,22051_50888
CREEK,17_22051_50888,28.51,150.93,34.32,156.76,1.0,,37.281702,-119.433746,2022,284120.2,4129024.3,22051_50888
CREEK,17_22051_50888,105.85,116.0,115.88,126.07,1.0,,37.281702,-119.433746,2022,284120.2,4129024.3,22051_50888
CREEK,17_22051_50888,120.64,121.17,135.56,139.6,1.0,,37.281702,-119.433746,2022,284120.2,4129024.3,22051_50888
CREEK,17_22051_50888,131.27,114.4,139.13,120.82,1.0,,37.281702,-119.433746,2022,284120.2,4129024.3,22051_50888
CREEK,17_22051_50888,139.13,122.89,149.77,135.54,1.0,,37.281702,-119.433746,2022,284120.2,4129024.3,22051_50888
CREEK,17_22051_50888,95.42,130.71,113.28,146.18,1.0,,37.281702,-119.433746,2022,284120.2,4129024.3,22051_50888
CREEK,17_22051_50888,0.0,169.49,8.59,183.2,1.0,,37.281702,-119.433746,2022,284120.2,4129024.3,22051_50888
CREEK,17_22051_50888,4.69,166.48,19.72,181.58,1.0,,37.281702,-119.433746,2022,284120.2,4129024.3,22051_50888
CREEK,17_22051_50888,0.0,219.62,10.19,229.89,1.0,,37.281702,-119.433746,2022,284120.2,4129024.3,22051_50888
CREEK,17_22051_50888,18.54,216.54,28.87,229.72,1.0,,37.281702,-119.433746,2022,284120.2,4129024.3,22051_50888
CREEK,17_22051_50888,9.99,226.99,20.64,233.2,1.0,,37.281702,-119.433746,2022,284120.2,4129024.3,22051_50888
CREEK,17_22051_50888,16.82,240.95,28.24,252.42,1.0,,37.281702,-119.433746,2022,284120.2,4129024.3,22051_50888
CREEK,17_22051_50888,36.2,235.27,47.6,246.16,1.0,,37.281702,-119.433746,2022,284120.2,4129024.3,22051_50888
CREEK,17_22051_50888,30.33,222.23,46.35,232.71,1.0,,37.281702,-119.433746,2022,284120.2,4129024.3,22051_50888
CREEK,17_22051_50888,60.83,131.59,71.52,138.97,1.0,,37.281702,-119.433746,2022,284120.2,4129024.3,22051_50888
CREEK,17_22051_50888,44.63,161.3,59.66,176.39,1.0,,37.281702,-119.433746,2022,284120.2,4129024.3,22051_50888
CREEK,17_22051_50888,13.71,159.53,24.34,165.16,1.0,,37.281702,-119.433746,2022,284120.2,4129024.3,22051_50888
CREEK,17_22051_50888,17.64,150.65,31.92,161.07,1.0,,37.281702,-119.433746,2022,284120.2,4129024.3,22051_50888
CREEK,17_22051_50888,80.05,142.23,94.33,152.65,1.0,,37.281702,-119.433746,2022,284120.2,4129024.3,22051_50888
CREEK,17_22051_50888,66.3,142.3,80.69,155.63,1.0,,37.281702,-119.433746,2022,284120.2,4129024.3,22051_50888
CREEK,17_22051_50888,77.26,161.36,92.16,172.97,1.0,,37.281702,-119.433746,2022,284120.2,4129024.3,22051_50888
CREEK,17_22051_50888,45.87,185.81,56.72,197.27,1.0,,37.281702,-119.433746,2022,284120.2,4129024.3,22051_50888
CREEK,17_22051_50888,24.95,178.32,34.66,190.31,1.0,,37.281702,-119.433746,2022,284120.2,4129024.3,22051_50888
CREEK,17_22051_50888,31.95,178.58,45.67,189.56,1.0,,37.281702,-119.433746,2022,284120.2,4129024.3,22051_50888
CREEK,17_22051_50888,2.54,202.82,11.69,215.37,1.0,,37.281702,-119.433746,2022,284120.2,4129024.3,22051_50888
CREEK,17_22051_50888,0.0,191.05,4.3,199.36,1.0,,37.281702,-119.433746,2022,284120.2,4129024.3,22051_50888
CREEK,17_22051_50888,6.18,198.29,14.47,203.25,1.0,,37.281702,-119.433746,2022,284120.2,4129024.3,22051_50888
CREEK,17_22051_50888,9.68,186.19,21.59,195.35,1.0,,37.281702,-119.433746,2022,284120.2,4129024.3,22051_50888
CREEK,17_22051_50888,22.41,196.57,30.78,203.86,1.0,,37.281702,-119.433746,2022,284120.2,4129024.3,22051_50888
CREEK,17_22051_50888,36.47,195.37,50.84,208.11,1.0,,37.281702,-119.433746,2022,284120.2,4129024.3,22051_50888
CREEK,17_22051_50888,57.95,172.58,69.4,184.63,1.0,,37.281702,-119.433746,2022,284120.2,4129024.3,22051_50888
CREEK,17_22051_50888,69.39,168.06,80.89,181.28,1.0,,37.281702,-119.433746,2022,284120.2,4129024.3,22051_50888
CREEK,17_22051_50888,68.79,153.76,82.0,166.46,1.0,,37.281702,-119.433746,2022,284120.2,4129024.3,22051_50888
CREEK,17_22051_50888,57.54,163.23,70.04,172.42,1.0,,37.281702,-119.433746,2022,284120.2,4129024.3,22051_50888
CREEK,17_22051_50888,30.33,243.5,40.04,255.49,1.0,,37.281702,-119.433746,2022,284120.2,4129024.3,22051_50888
CREEK,17_22051_50888,46.72,243.83,53.96,251.65,1.0,,37.281702,-119.433746,2022,284120.2,4129024.3,22051_50888
CREEK,17_22051_50888,49.37,232.27,58.46,243.08,1.0,,37.281702,-119.433746,2022,284120.2,4129024.3,22051_50888
CREEK,17_22051_50888,53.31,222.51,63.46,231.03,1.0,,37.281702,-119.433746,2022,284120.2,4129024.3,22051_50888
CREEK,17_22051_50888,49.03,205.16,56.29,213.57,1.0,,37.281702,-119.433746,2022,284120.2,4129024.3,22051_50888
CREEK,17_22051_50888,59.42,199.45,72.74,215.06,1.0,,37.281702,-119.433746,2022,284120.2,4129024.3,22051_50888
CREEK,17_22051_50888,74.69,197.69,86.73,210.35,1.0,,37.281702,-119.433746,2022,284120.2,4129024.3,22051_50888
CREEK,17_22051_50888,83.97,185.8,96.47,194.99,1.0,,37.281702,-119.433746,2022,284120.2,4129024.3,22051_50888
CREEK,17_22051_50888,119.08,169.65,129.28,179.33,1.0,,37.281702,-119.433746,2022,284120.2,4129024.3,22051_50888
CREEK,17_22051_50888,122.5,156.95,134.4,165.54,1.0,,37.281702,-119.433746,2022,284120.2,4129024.3,22051_50888
CREEK,17_22051_50888,123.65,150.88,132.02,158.17,1.0,,37.281702,-119.433746,2022,284120.2,4129024.3,22051_50888
CREEK,17_22051_50888,97.69,157.47,110.88,169.6,1.0,,37.281702,-119.433746,2022,284120.2,4129024.3,22051_50888
CREEK,17_22051_50888,126.44,144.86,136.6,153.39,1.0,,37.281702,-119.433746,2022,284120.2,4129024.3,22051_50888
CREEK,17_22051_50888,140.13,140.43,149.82,151.84,1.0,,37.281702,-119.433746,2022,284120.2,4129024.3,22051_50888
CREEK,17_22051_50888,63.1,230.46,73.9,240.75,1.0,,37.281702,-119.433746,2022,284120.2,4129024.3,22051_50888
CREEK,17_22051_50888,86.24,222.89,98.26,234.97,1.0,,37.281702,-119.433746,2022,284120.2,4129024.3,22051_50888
CREEK,17_22051_50888,105.89,235.0,116.09,244.68,1.0,,37.281702,-119.433746,2022,284120.2,4129024.3,22051_50888
CREEK,17_22051_50888,111.61,247.16,122.88,254.56,1.0,,37.281702,-119.433746,2022,284120.2,4129024.3,22051_50888
CREEK,17_22051_50888,54.09,251.68,62.95,256.0,1.0,,37.281702,-119.433746,2022,284120.2,4129024.3,22051_50888
CREEK,17_22051_50888,58.8,247.78,67.16,254.49,1.0,,37.281702,-119.433746,2022,284120.2,4129024.3,22051_50888
CREEK,17_22051_50888,91.07,211.13,101.32,221.98,1.0,,37.281702,-119.433746,2022,284120.2,4129024.3,22051_50888
CREEK,17_22051_50888,93.39,192.86,107.8,206.77,1.0,,37.281702,-119.433746,2022,284120.2,4129024.3,22051_50888
CREEK,17_22051_50888,99.16,204.44,109.98,215.31,1.0,,37.281702,-119.433746,2022,284120.2,4129024.3,22051_50888
CREEK,17_22051_50888,107.77,193.41,118.23,210.08,1.0,,37.281702,-119.433746,2022,284120.2,4129024.3,22051_50888
CREEK,17_22051_50888,118.32,193.52,126.36,207.19,1.0,,37.281702,-119.433746,2022,284120.2,4129024.3,22051_50888
CREEK,17_22051_50888,123.04,186.7,136.18,197.66,1.0,,37.281702,-119.433746,2022,284120.2,4129024.3,22051_50888
CREEK,17_22051_50888,125.43,200.19,135.1,211.02,1.0,,37.281702,-119.433746,2022,284120.2,4129024.3,22051_50888
CREEK,17_22051_50888,138.53,199.81,147.59,210.04,1.0,,37.281702,-119.433746,2022,284120.2,4129024.3,22051_50888
CREEK,17_22051_50888,146.45,197.49,155.51,207.71,1.0,,37.281702,-119.433746,2022,284120.2,4129024.3,22051_50888
CREEK,17_22051_50888,143.34,163.28,155.92,174.8,1.0,,37.281702,-119.433746,2022,284120.2,4129024.3,22051_50888
CREEK,17_22051_50888,181.66,156.3,196.8,174.3,1.0,,37.281702,-119.433746,2022,284120.2,4129024.3,22051_50888
CREEK,17_22051_50888,132.46,246.49,146.7,255.75,1.0,,37.281702,-119.433746,2022,284120.2,4129024.3,22051_50888
CREEK,17_22051_50888,136.61,234.13,149.2,245.64,1.0,,37.281702,-119.433746,2022,284120.2,4129024.3,22051_50888
CREEK,17_22051_50888,149.33,244.22,163.03,254.62,1.0,,37.281702,-119.433746,2022,284120.2,4129024.3,22051_50888
CREEK,17_22051_50888,148.41,241.27,157.35,248.0,1.0,,37.281702,-119.433746,2022,284120.2,4129024.3,22051_50888
CREEK,17_22051_50888,181.77,246.33,194.87,256.0,1.0,,37.281702,-119.433746,2022,284120.2,4129024.3,22051_50888
CREEK,17_22051_50888,176.22,240.29,182.92,249.26,1.0,,37.281702,-119.433746,2022,284120.2,4129024.3,22051_50888
CREEK,17_22051_50888,169.24,231.86,177.14,242.04,1.0,,37.281702,-119.433746,2022,284120.2,4129024.3,22051_50888
CREEK,17_22051_50888,178.94,226.7,192.13,238.82,1.0,,37.281702,-119.433746,2022,284120.2,4129024.3,22051_50888
CREEK,17_22051_50888,225.57,247.98,237.46,256.0,1.0,,37.281702,-119.433746,2022,284120.2,4129024.3,22051_50888
CREEK,17_22051_50888,245.55,203.3,255.97,218.8,1.0,,37.281702,-119.433746,2022,284120.2,4129024.3,22051_50888
CREEK,17_22051_50888,233.07,213.3,241.38,218.84,1.0,,37.281702,-119.433746,2022,284120.2,4129024.3,22051_50888
CREEK,17_22051_50888,216.84,198.71,228.87,210.78,1.0,,37.281702,-119.433746,2022,284120.2,4129024.3,22051_50888
CREEK,17_22051_50888,197.99,191.29,210.0,202.79,1.0,,37.281702,-119.433746,2022,284120.2,4129024.3,22051_50888
CREEK,17_22051_50888,175.94,214.93,185.03,225.73,1.0,,37.281702,-119.433746,2022,284120.2,4129024.3,22051_50888
CREEK,17_22051_50888,187.06,210.69,199.69,223.37,1.0,,37.281702,-119.433746,2022,284120.2,4129024.3,22051_50888
CREEK,17_22051_50888,156.21,185.33,165.25,194.97,1.0,,37.281702,-119.433746,2022,284120.2,4129024.3,22051_50888
CREEK,17_22051_50888,150.16,178.11,159.72,186.02,1.0,,37.281702,-119.433746,2022,284120.2,4129024.3,22051_50888
CREEK,17_22051_50888,215.28,184.95,225.04,198.11,1.0,,37.281702,-119.433746,2022,284120.2,4129024.3,22051_50888
CREEK,17_22051_50888,61.42,222.24,73.34,231.41,1.0,,37.281702,-119.433746,2022,284120.2,4129024.3,22051_50888
CREEK,17_22051_50888,78.06,216.52,89.78,225.39,1.0,,37.281702,-119.433746,2022,284120.2,4129024.3,22051_50888
CREEK,17_22051_50888,27.22,234.21,35.33,242.94,1.0,,37.281702,-119.433746,2022,284120.2,4129024.3,22051_50888
CREEK,17_22051_50888,207.86,174.07,219.67,185.35,1.0,,37.281702,-119.433746,2022,284120.2,4129024.3,22051_50888
CREEK,17_22051_50888,196.39,176.66,205.75,186.64,1.0,,37.281702,-119.433746,2022,284120.2,4129024.3,22051_50888
CREEK,17_22051_50888,226.12,156.97,238.64,171.28,1.0,,37.281702,-119.433746,2022,284120.2,4129024.3,22051_50888
CREEK,17_22051_50888,225.83,186.52,233.93,194.65,1.0,,37.281702,-119.433746,2022,284120.2,4129024.3,22051_50888
CREEK,17_22051_50888,244.62,189.04,252.16,198.36,1.0,,37.281702,-119.433746,2022,284120.2,4129024.3,22051_50888
CREEK,17_22051_50888,241.04,182.27,251.51,189.89,1.0,,37.281702,-119.433746,2022,284120.2,4129024.3,22051_50888
CREEK,17_22051_50888,228.89,176.08,241.83,185.59,1.0,,37.281702,-119.433746,2022,284120.2,4129024.3,22051_50888
CREEK,17_22051_50888,235.38,137.4,244.79,148.59,1.0,,37.281702,-119.433746,2022,284120.2,4129024.3,22051_50888
CREEK,17_22051_50888,243.67,150.38,250.01,159.65,1.0,,37.281702,-119.433746,2022,284120.2,4129024.3,22051_50888
CREEK,17_22051_50888,226.29,152.14,236.12,158.53,1.0,,37.281702,-119.433746,2022,284120.2,4129024.3,22051_50888
CREEK,17_22051_50888,204.95,148.31,214.33,158.9,1.0,,37.281702,-119.433746,2022,284120.2,4129024.3,22051_50888
CREEK,17_22051_50888,212.75,138.05,225.23,151.16,1.0,,37.281702,-119.433746,2022,284120.2,4129024.3,22051_50888
CREEK,17_22051_50888,226.13,130.11,233.05,138.79,1.0,,37.281702,-119.433746,2022,284120.2,4129024.3,22051_50888
CREEK,17_22051_50888,229.62,126.92,240.07,133.93,1.0,,37.281702,-119.433746,2022,284120.2,4129024.3,22051_50888
CREEK,17_22051_50888,238.46,118.81,252.09,130.76,1.0,,37.281702,-119.433746,2022,284120.2,4129024.3,22051_50888
CREEK,17_22051_50888,235.81,112.37,245.73,121.17,1.0,,37.281702,-119.433746,2022,284120.2,4129024.3,22051_50888
CREEK,17_22051_50888,212.89,115.12,222.19,123.29,1.0,,37.281702,-119.433746,2022,284120.2,4129024.3,22051_50888
CREEK,17_22051_50888,200.77,132.16,211.33,142.19,1.0,,37.281702,-119.433746,2022,284120.2,4129024.3,22051_50888
CREEK,17_22051_50888,206.12,126.33,216.66,135.76,1.0,,37.281702,-119.433746,2022,284120.2,4129024.3,22051_50888
CREEK,17_22051_50888,196.15,117.81,207.96,129.09,1.0,,37.281702,-119.433746,2022,284120.2,4129024.3,22051_50888
CREEK,17_22051_50888,176.15,146.32,186.76,157.55,1.0,,37.281702,-119.433746,2022,284120.2,4129024.3,22051_50888
CREEK,17_22051_50888,166.13,144.12,176.03,152.32,1.0,,37.281702,-119.433746,2022,284120.2,4129024.3,22051_50888
CREEK,17_22051_50888,155.51,137.08,167.88,147.18,1.0,,37.281702,-119.433746,2022,284120.2,4129024.3,22051_50888
CREEK,17_22051_50888,150.03,129.34,161.26,141.2,1.0,,37.281702,-119.433746,2022,284120.2,4129024.3,22051_50888
CREEK,17_22051_50888,160.49,123.39,171.1,134.63,1.0,,37.281702,-119.433746,2022,284120.2,4129024.3,22051_50888
CREEK,17_22051_50888,167.4,117.32,176.14,126.68,1.0,,37.281702,-119.433746,2022,284120.2,4129024.3,22051_50888
CREEK,17_22051_50888,168.06,132.73,176.76,140.88,1.0,,37.281702,-119.433746,2022,284120.2,4129024.3,22051_50888
CREEK,17_22051_50888,175.66,139.05,185.53,146.65,1.0,,37.281702,-119.433746,2022,284120.2,4129024.3,22051_50888
CREEK,17_22051_50888,175.99,126.7,185.4,137.89,1.0,,37.281702,-119.433746,2022,284120.2,4129024.3,22051_50888
CREEK,17_22051_50888,188.01,125.95,199.85,137.83,1.0,,37.281702,-119.433746,2022,284120.2,4129024.3,22051_50888
CREEK,17_22051_50888,187.07,136.17,195.86,146.73,1.0,,37.281702,-119.433746,2022,284120.2,4129024.3,22051_50888
CREEK,17_22051_50888,189.48,106.69,201.17,114.95,1.0,,37.281702,-119.433746,2022,284120.2,4129024.3,22051_50888
CREEK,17_22051_50888,193.04,99.88,204.73,108.15,1.0,,37.281702,-119.433746,2022,284120.2,4129024.3,22051_50888
CREEK,17_22051_50888,249.45,100.51,256.0,109.8,1.0,,37.281702,-119.433746,2022,284120.2,4129024.3,22051_50888
CREEK,17_22051_50888,53.3,137.44,64.51,148.69,1.0,,37.281702,-119.433746,2022,284120.2,4129024.3,22051_50888
CREEK,17_22051_50888,47.8,147.19,59.63,159.07,1.0,,37.281702,-119.433746,2022,284120.2,4129024.3,22051_50888
CREEK,17_22051_50888,77.83,110.6,88.95,119.45,1.0,,37.281702,-119.433746,2022,284120.2,4129024.3,22051_50888
CREEK,17_22051_50888,88.16,104.66,98.79,116.5,1.0,,37.281702,-119.433746,2022,284120.2,4129024.3,22051_50888
CREEK,17_22051_50888,70.05,135.05,82.92,142.76,1.0,,37.281702,-119.433746,2022,284120.2,4129024.3,22051_50888
CREEK,17_22051_50888,87.94,127.58,96.13,138.12,1.0,,37.281702,-119.433746,2022,284120.2,4129024.3,22051_50888
CREEK,17_22051_50888,70.3,116.05,80.33,127.87,1.0,,37.281702,-119.433746,2022,284120.2,4129024.3,22051_50888
CREEK,17_22051_50888,137.87,101.72,150.88,113.04,1.0,,37.281702,-119.433746,2022,284120.2,4129024.3,22051_50888
CREEK,17_22051_50888,150.7,152.59,163.69,163.32,1.0,,37.281702,-119.433746,2022,284120.2,4129024.3,22051_50888
CREEK,17_22051_50888,137.14,187.38,151.26,196.34,1.0,,37.281702,-119.433746,2022,284120.2,4129024.3,22051_50888
CREEK,17_22051_50888,141.38,173.66,146.98,179.29,1.0,,37.281702,-119.433746,2022,284120.2,4129024.3,22051_50888
CREEK,17_22051_50888,134.89,169.19,141.74,176.07,1.0,,37.281702,-119.433746,2022,284120.2,4129024.3,22051_50888
CREEK,17_22051_50888,92.52,236.93,100.19,243.37,1.0,,37.281702,-119.433746,2022,284120.2,4129024.3,22051_50888
CREEK,17_22051_50888,104.74,223.75,118.22,233.48,1.0,,37.281702,-119.433746,2022,284120.2,4129024.3,22051_50888
CREEK,17_22051_50888,147.99,211.74,159.02,225.77,1.0,,37.281702,-119.433746,2022,284120.2,4129024.3,22051_50888
CREEK,17_22051_50888,168.46,204.14,176.19,211.9,1.0,,37.281702,-119.433746,2022,284120.2,4129024.3,22051_50888
CREEK,17_22051_50888,176.93,204.68,188.66,214.35,1.0,,37.281702,-119.433746,2022,284120.2,4129024.3,22051_50888
CREEK,17_22051_50888,173.75,194.22,186.86,205.69,1.0,,37.281702,-119.433746,2022,284120.2,4129024.3,22051_50888
CREEK,17_22051_50888,163.25,195.14,173.67,204.75,1.0,,37.281702,-119.433746,2022,284120.2,4129024.3,22051_50888
CREEK,17_22051_50888,188.88,200.73,196.71,211.13,1.0,,37.281702,-119.433746,2022,284120.2,4129024.3,22051_50888
CREEK,17_22051_50888,241.72,244.13,253.39,252.04,1.0,,37.281702,-119.433746,2022,284120.2,4129024.3,22051_50888
CREEK,17_22051_50888,102.86,245.91,110.16,254.09,1.0,,37.281702,-119.433746,2022,284120.2,4129024.3,22051_50888
CREEK,17_22051_50888,165.68,212.18,176.1,221.8,1.0,,37.281702,-119.433746,2022,284120.2,4129024.3,22051_50888
CREEK,17_22051_50888,155.32,232.93,167.86,240.87,1.0,,37.281702,-119.433746,2022,284120.2,4129024.3,22051_50888
CREEK,17_22051_50888,214.38,247.72,223.88,255.98,1.0,,37.281702,-119.433746,2022,284120.2,4129024.3,22051_50888
CREEK,17_22051_50888,205.54,245.62,214.53,252.11,1.0,,37.281702,-119.433746,2022,284120.2,4129024.3,22051_50888
CREEK,17_22051_50888,192.89,244.26,200.55,250.26,1.0,,37.281702,-119.433746,2022,284120.2,4129024.3,22051_50888
CREEK,17_22051_50888,200.22,246.74,206.16,253.55,1.0,,37.281702,-119.433746,2022,284120.2,4129024.3,22051_50888
CREEK,17_22051_50888,196.53,235.59,210.51,247.1,1.0,,37.281702,-119.433746,2022,284120.2,4129024.3,22051_50888
CREEK,17_22051_50888,26.72,211.54,40.62,220.85,1.0,,37.281702,-119.433746,2022,284120.2,4129024.3,22051_50888
CREEK,17_22051_50888,11.41,218.0,18.69,225.3,1.0,,37.281702,-119.433746,2022,284120.2,4129024.3,22051_50888
CREEK,17_22051_50888,0.0,213.38,5.49,219.74,1.0,,37.281702,-119.433746,2022,284120.2,4129024.3,22051_50888
CREEK,17_22051_50888,20.86,205.81,29.01,213.14,1.0,,37.281702,-119.433746,2022,284120.2,4129024.3,22051_50888
CREEK,17_22051_50888,188.16,61.16,198.84,72.74,1.0,,37.281702,-119.433746,2022,284120.2,4129024.3,22051_50888
CREEK,17_22051_50888,189.82,45.53,203.66,58.57,1.0,,37.281702,-119.433746,2022,284120.2,4129024.3,22051_50888
CREEK,17_22051_50888,137.99,7.03,149.98,18.21,1.0,,37.281702,-119.433746,2022,284120.2,4129024.3,22051_50888
CREEK,17_22051_50888,228.81,26.16,239.88,36.41,1.0,,37.281702,-119.433746,2022,284120.2,4129024.3,22051_50888
CREEK,17_22051_50888,225.22,39.47,235.36,48.8,1.0,,37.281702,-119.433746,2022,284120.2,4129024.3,22051_50888
CREEK,17_22051_50888,177.33,74.64,186.95,81.71,1.0,,37.281702,-119.433746,2022,284120.2,4129024.3,22051_50888
CREEK,17_22051_50888,176.57,61.61,188.1,72.33,1.0,,37.281702,-119.433746,2022,284120.2,4129024.3,22051_50888
CREEK,17_22051_50888,175.39,47.89,188.17,56.42,1.0,,37.281702,-119.433746,2022,284120.2,4129024.3,22051_50888
CREEK,17_22051_50888,168.3,53.67,178.36,60.76,1.0,,37.281702,-119.433746,2022,284120.2,4129024.3,22051_50888
CREEK,17_22051_50888,160.19,48.88,169.84,56.85,1.0,,37.281702,-119.433746,2022,284120.2,4129024.3,22051_50888
CREEK,17_22051_50888,165.92,57.62,175.09,64.67,1.0,,37.281702,-119.433746,2022,284120.2,4129024.3,22051_50888
CREEK,17_22051_50888,219.0,87.87,228.63,95.39,1.0,,37.281702,-119.433746,2022,284120.2,4129024.3,22051_50888
CREEK,17_22051_50888,214.81,80.09,224.91,88.07,1.0,,37.281702,-119.433746,2022,284120.2,4129024.3,22051_50888
CREEK,17_22051_50888,240.19,229.93,247.61,236.46,1.0,,37.281702,-119.433746,2022,284120.2,4129024.3,22051_50888
CREEK,17_22055_50910,28.9,6.37,36.64,15.63,1.0,,37.233609,-119.42276,2022,284957.6,4123662.7,22055_50910
CREEK,17_22055_50910,16.31,32.55,23.92,38.4,1.0,,37.233609,-119.42276,2022,284957.6,4123662.7,22055_50910
CREEK,17_22055_50910,39.15,20.55,45.53,26.36,1.0,,37.233609,-119.42276,2022,284957.6,4123662.7,22055_50910
CREEK,17_22055_50910,19.93,56.87,23.78,61.04,1.0,,37.233609,-119.42276,2022,284957.6,4123662.7,22055_50910
CREEK,17_22055_50910,13.01,47.46,17.5,52.27,1.0,,37.233609,-119.42276,2022,284957.6,4123662.7,22055_50910
CREEK,17_22055_50910,65.9,29.31,69.75,33.48,1.0,,37.233609,-119.42276,2022,284957.6,4123662.7,22055_50910
CREEK,17_22055_50910,55.14,2.25,63.81,11.85,1.0,,37.233609,-119.42276,2022,284957.6,4123662.7,22055_50910
CREEK,17_22055_50910,79.99,36.05,89.05,44.3,1.0,,37.233609,-119.42276,2022,284957.6,4123662.7,22055_50910
CREEK,17_22055_50910,82.93,20.09,96.01,30.69,1.0,,37.233609,-119.42276,2022,284957.6,4123662.7,22055_50910
CREEK,17_22055_50910,44.97,43.32,55.0,54.24,1.0,,37.233609,-119.42276,2022,284957.6,4123662.7,22055_50910
CREEK,17_22055_50910,17.57,72.89,26.7,82.9,1.0,,37.233609,-119.42276,2022,284957.6,4123662.7,22055_50910
CREEK,17_22055_50910,10.65,68.0,16.14,74.35,1.0,,37.233609,-119.42276,2022,284957.6,4123662.7,22055_50910
CREEK,17_22055_50910,19.23,126.03,24.7,131.94,1.0,,37.233609,-119.42276,2022,284957.6,4123662.7,22055_50910
CREEK,17_22055_50910,11.17,119.11,14.88,124.52,1.0,,37.233609,-119.42276,2022,284957.6,4123662.7,22055_50910
CREEK,17_22055_50910,9.06,91.94,16.77,99.26,1.0,,37.233609,-119.42276,2022,284957.6,4123662.7,22055_50910
CREEK,17_22055_50910,114.45,10.97,121.49,19.99,1.0,,37.233609,-119.42276,2022,284957.6,4123662.7,22055_50910
CREEK,17_22055_50910,152.32,31.15,159.39,40.84,1.0,,37.233609,-119.42276,2022,284957.6,4123662.7,22055_50910
CREEK,17_22055_50910,115.22,43.58,123.29,52.98,1.0,,37.233609,-119.42276,2022,284957.6,4123662.7,22055_50910
CREEK,17_22055_50910,130.05,26.92,138.04,34.29,1.0,,37.233609,-119.42276,2022,284957.6,4123662.7,22055_50910
CREEK,17_22055_50910,137.11,41.37,143.38,47.67,1.0,,37.233609,-119.42276,2022,284957.6,4123662.7,22055_50910
CREEK,17_22055_50910,157.5,10.75,165.2,19.46,1.0,,37.233609,-119.42276,2022,284957.6,4123662.7,22055_50910
CREEK,17_22055_50910,146.17,17.41,158.56,25.96,1.0,,37.233609,-119.42276,2022,284957.6,4123662.7,22055_50910
CREEK,17_22055_50910,180.02,72.54,185.91,77.47,1.0,,37.233609,-119.42276,2022,284957.6,4123662.7,22055_50910
CREEK,17_22055_50910,172.67,47.61,178.95,53.91,1.0,,37.233609,-119.42276,2022,284957.6,4123662.7,22055_50910
CREEK,17_22055_50910,180.43,14.99,187.4,21.99,1.0,,37.233609,-119.42276,2022,284957.6,4123662.7,22055_50910
CREEK,17_22055_50910,230.6,8.56,242.79,21.36,1.0,,37.233609,-119.42276,2022,284957.6,4123662.7,22055_50910
CREEK,17_22055_50910,241.19,93.2,248.77,106.93,1.0,,37.233609,-119.42276,2022,284957.6,4123662.7,22055_50910
CREEK,17_22055_50910,210.88,60.39,220.91,70.11,1.0,,37.233609,-119.42276,2022,284957.6,4123662.7,22055_50910
CREEK,17_22055_50910,200.84,78.55,208.67,88.93,1.0,,37.233609,-119.42276,2022,284957.6,4123662.7,22055_50910
CREEK,17_22055_50910,183.51,82.57,189.32,88.76,1.0,,37.233609,-119.42276,2022,284957.6,4123662.7,22055_50910
CREEK,17_22055_50910,178.65,88.94,186.28,94.08,1.0,,37.233609,-119.42276,2022,284957.6,4123662.7,22055_50910
CREEK,17_22055_50910,167.94,92.09,172.18,95.98,1.0,,37.233609,-119.42276,2022,284957.6,4123662.7,22055_50910
CREEK,17_22055_50910,172.88,87.59,176.82,93.72,1.0,,37.233609,-119.42276,2022,284957.6,4123662.7,22055_50910
CREEK,17_22055_50910,158.03,96.4,171.07,106.98,1.0,,37.233609,-119.42276,2022,284957.6,4123662.7,22055_50910
CREEK,17_22055_50910,176.41,104.59,184.57,113.86,1.0,,37.233609,-119.42276,2022,284957.6,4123662.7,22055_50910
CREEK,17_22055_50910,216.07,113.95,223.0,120.19,1.0,,37.233609,-119.42276,2022,284957.6,4123662.7,22055_50910
CREEK,17_22055_50910,218.46,86.16,228.34,101.47,1.0,,37.233609,-119.42276,2022,284957.6,4123662.7,22055_50910
CREEK,17_22055_50910,227.72,77.32,233.52,83.14,1.0,,37.233609,-119.42276,2022,284957.6,4123662.7,22055_50910
CREEK,17_22055_50910,200.91,121.62,210.22,131.69,1.0,,37.233609,-119.42276,2022,284957.6,4123662.7,22055_50910
CREEK,17_22055_50910,166.52,114.08,177.47,127.74,1.0,,37.233609,-119.42276,2022,284957.6,4123662.7,22055_50910
CREEK,17_22055_50910,150.74,128.97,157.63,136.95,1.0,,37.233609,-119.42276,2022,284957.6,4123662.7,22055_50910
CREEK,17_22055_50910,141.67,121.7,148.54,129.14,1.0,,37.233609,-119.42276,2022,284957.6,4123662.7,22055_50910
CREEK,17_22055_50910,125.92,111.7,140.09,123.28,1.0,,37.233609,-119.42276,2022,284957.6,4123662.7,22055_50910
CREEK,17_22055_50910,113.43,131.7,120.89,140.26,1.0,,37.233609,-119.42276,2022,284957.6,4123662.7,22055_50910
CREEK,17_22055_50910,139.67,228.48,146.71,238.14,1.0,,37.233609,-119.42276,2022,284957.6,4123662.7,22055_50910
CREEK,17_22055_50910,131.41,236.91,137.02,243.82,1.0,,37.233609,-119.42276,2022,284957.6,4123662.7,22055_50910
CREEK,17_22055_50910,98.6,201.37,109.88,217.22,1.0,,37.233609,-119.42276,2022,284957.6,4123662.7,22055_50910
CREEK,17_22055_50910,89.25,188.23,98.33,198.63,1.0,,37.233609,-119.42276,2022,284957.6,4123662.7,22055_50910
CREEK,17_22055_50910,55.41,214.86,68.52,226.08,1.0,,37.233609,-119.42276,2022,284957.6,4123662.7,22055_50910
CREEK,17_22055_50910,99.73,237.05,109.55,249.5,1.0,,37.233609,-119.42276,2022,284957.6,4123662.7,22055_50910
CREEK,17_22055_50910,88.18,224.84,99.29,236.0,1.0,,37.233609,-119.42276,2022,284957.6,4123662.7,22055_50910
CREEK,17_22055_50910,53.51,240.67,61.86,249.71,1.0,,37.233609,-119.42276,2022,284957.6,4123662.7,22055_50910
CREEK,17_22055_50910,33.65,228.5,42.9,243.6,1.0,,37.233609,-119.42276,2022,284957.6,4123662.7,22055_50910
CREEK,17_22055_50910,23.31,244.86,38.73,256.0,1.0,,37.233609,-119.42276,2022,284957.6,4123662.7,22055_50910
CREEK,17_22055_50910,54.23,184.94,62.47,195.29,1.0,,37.233609,-119.42276,2022,284957.6,4123662.7,22055_50910
CREEK,17_22055_50910,70.81,170.84,81.24,182.71,1.0,,37.233609,-119.42276,2022,284957.6,4123662.7,22055_50910
CREEK,17_22055_50910,30.84,200.95,42.9,217.89,1.0,,37.233609,-119.42276,2022,284957.6,4123662.7,22055_50910
CREEK,17_22055_50910,33.88,181.26,36.97,185.08,1.0,,37.233609,-119.42276,2022,284957.6,4123662.7,22055_50910
CREEK,17_22055_50910,15.62,186.52,27.15,198.82,1.0,,37.233609,-119.42276,2022,284957.6,4123662.7,22055_50910
CREEK,17_22055_50910,107.41,156.21,121.12,167.84,1.0,,37.233609,-119.42276,2022,284957.6,4123662.7,22055_50910
CREEK,17_22058_50854,51.65,33.79,61.14,43.32,1.0,,37.355968,-119.41452,2022,286035.7,4137221.4,22058_50854
CREEK,17_22058_50854,77.51,54.54,85.52,61.26,1.0,,37.355968,-119.41452,2022,286035.7,4137221.4,22058_50854
CREEK,17_22058_50854,104.89,62.02,114.29,69.25,1.0,,37.355968,-119.41452,2022,286035.7,4137221.4,22058_50854
CREEK,17_22058_50854,104.07,53.94,111.17,60.63,1.0,,37.355968,-119.41452,2022,286035.7,4137221.4,22058_50854
CREEK,17_22058_50854,33.62,67.79,39.26,72.13,1.0,,37.355968,-119.41452,2022,286035.7,4137221.4,22058_50854
CREEK,17_22058_50854,34.91,76.58,44.87,86.59,1.0,,37.355968,-119.41452,2022,286035.7,4137221.4,22058_50854
CREEK,17_22058_50854,34.53,91.73,42.01,96.59,1.0,,37.355968,-119.41452,2022,286035.7,4137221.4,22058_50854
CREEK,17_22058_50854,28.46,94.48,36.42,99.83,1.0,,37.355968,-119.41452,2022,286035.7,4137221.4,22058_50854
CREEK,17_22058_50854,145.14,74.81,153.62,82.01,1.0,,37.355968,-119.41452,2022,286035.7,4137221.4,22058_50854
CREEK,17_22058_50854,155.01,91.96,163.04,99.14,1.0,,37.355968,-119.41452,2022,286035.7,4137221.4,22058_50854
CREEK,17_22058_50854,19.95,161.25,26.57,167.46,1.0,,37.355968,-119.41452,2022,286035.7,4137221.4,22058_50854
CREEK,17_22058_50854,81.66,127.07,89.18,132.86,1.0,,37.355968,-119.41452,2022,286035.7,4137221.4,22058_50854
CREEK,17_22058_50854,1.92,232.49,8.09,238.68,1.0,,37.355968,-119.41452,2022,286035.7,4137221.4,22058_50854
CREEK,17_22058_50854,0.0,239.99,5.29,245.69,1.0,,37.355968,-119.41452,2022,286035.7,4137221.4,22058_50854
CREEK,17_22058_50854,17.82,247.8,27.64,254.13,1.0,,37.355968,-119.41452,2022,286035.7,4137221.4,22058_50854
CREEK,17_22058_50854,39.97,249.79,46.56,255.08,1.0,,37.355968,-119.41452,2022,286035.7,4137221.4,22058_50854
CREEK,17_22058_50854,47.71,249.86,55.25,256.0,1.0,,37.355968,-119.41452,2022,286035.7,4137221.4,22058_50854
CREEK,17_22058_50854,107.37,205.73,119.15,215.34,1.0,,37.355968,-119.41452,2022,286035.7,4137221.4,22058_50854
CREEK,17_22058_50854,119.03,187.1,130.83,197.63,1.0,,37.355968,-119.41452,2022,286035.7,4137221.4,22058_50854
CREEK,17_22058_50854,112.99,246.15,120.14,254.21,1.0,,37.355968,-119.41452,2022,286035.7,4137221.4,22058_50854
CREEK,17_22058_50854,171.99,244.73,181.96,255.19,1.0,,37.355968,-119.41452,2022,286035.7,4137221.4,22058_50854
CREEK,17_22058_50854,218.56,229.27,227.62,239.7,1.0,,37.355968,-119.41452,2022,286035.7,4137221.4,22058_50854
CREEK,17_22058_50854,240.13,242.96,249.53,250.19,1.0,,37.355968,-119.41452,2022,286035.7,4137221.4,22058_50854
CREEK,17_22058_50854,241.28,215.89,252.15,225.93,1.0,,37.355968,-119.41452,2022,286035.7,4137221.4,22058_50854
CREEK,17_22058_50854,227.48,207.55,234.17,215.6,1.0,,37.355968,-119.41452,2022,286035.7,4137221.4,22058_50854
CREEK,17_22058_50854,183.28,187.26,193.75,198.66,1.0,,37.355968,-119.41452,2022,286035.7,4137221.4,22058_50854
CREEK,17_22058_50854,200.93,186.32,211.4,197.72,1.0,,37.355968,-119.41452,2022,286035.7,4137221.4,22058_50854
CREEK,17_22058_50854,131.74,174.94,138.39,182.07,1.0,,37.355968,-119.41452,2022,286035.7,4137221.4,22058_50854
CREEK,17_22058_50854,157.11,170.86,164.17,176.62,1.0,,37.355968,-119.41452,2022,286035.7,4137221.4,22058_50854
CREEK,17_22058_50854,122.24,166.31,129.34,172.99,1.0,,37.355968,-119.41452,2022,286035.7,4137221.4,22058_50854
CREEK,17_22058_50854,107.33,161.83,113.95,168.04,1.0,,37.355968,-119.41452,2022,286035.7,4137221.4,22058_50854
CREEK,17_22058_50854,118.54,162.72,125.59,168.03,1.0,,37.355968,-119.41452,2022,286035.7,4137221.4,22058_50854
CREEK,17_22058_50854,156.71,161.42,168.41,169.2,1.0,,37.355968,-119.41452,2022,286035.7,4137221.4,22058_50854
CREEK,17_22058_50854,168.4,152.22,177.46,162.65,1.0,,37.355968,-119.41452,2022,286035.7,4137221.4,22058_50854
CREEK,17_22058_50854,172.91,139.53,185.26,152.37,1.0,,37.355968,-119.41452,2022,286035.7,4137221.4,22058_50854
CREEK,17_22058_50854,190.72,145.95,200.12,153.18,1.0,,37.355968,-119.41452,2022,286035.7,4137221.4,22058_50854
CREEK,17_22058_50854,151.07,126.51,164.24,137.1,1.0,,37.355968,-119.41452,2022,286035.7,4137221.4,22058_50854
CREEK,17_22058_50854,208.76,139.06,219.14,148.16,1.0,,37.355968,-119.41452,2022,286035.7,4137221.4,22058_50854
CREEK,17_22058_50854,227.13,145.04,232.88,152.13,1.0,,37.355968,-119.41452,2022,286035.7,4137221.4,22058_50854
CREEK,17_22058_50854,236.6,149.77,245.28,162.02,1.0,,37.355968,-119.41452,2022,286035.7,4137221.4,22058_50854
CREEK,17_22058_50854,246.82,154.99,254.46,163.98,1.0,,37.355968,-119.41452,2022,286035.7,4137221.4,22058_50854
CREEK,17_22058_50854,244.72,164.09,252.29,171.26,1.0,,37.355968,-119.41452,2022,286035.7,4137221.4,22058_50854
CREEK,17_22058_50854,242.6,180.1,251.68,190.99,1.0,,37.355968,-119.41452,2022,286035.7,4137221.4,22058_50854
CREEK,17_22058_50854,212.27,112.77,221.74,121.83,1.0,,37.355968,-119.41452,2022,286035.7,4137221.4,22058_50854
CREEK,17_22058_50854,171.35,102.47,177.97,108.68,1.0,,37.355968,-119.41452,2022,286035.7,4137221.4,22058_50854
CREEK,17_22058_50854,180.11,98.44,188.65,107.01,1.0,,37.355968,-119.41452,2022,286035.7,4137221.4,22058_50854
CREEK,17_22058_50854,179.8,106.7,191.08,115.38,1.0,,37.355968,-119.41452,2022,286035.7,4137221.4,22058_50854
CREEK,17_22058_50854,190.29,91.24,199.67,98.02,1.0,,37.355968,-119.41452,2022,286035.7,4137221.4,22058_50854
CREEK,17_22058_50854,229.2,132.25,236.79,139.87,1.0,,37.355968,-119.41452,2022,286035.7,4137221.4,22058_50854
CREEK,17_22058_50854,245.06,113.79,256.0,126.14,1.0,,37.355968,-119.41452,2022,286035.7,4137221.4,22058_50854
CREEK,17_22058_50854,239.45,102.31,249.82,110.96,1.0,,37.355968,-119.41452,2022,286035.7,4137221.4,22058_50854
CREEK,17_22058_50854,238.04,111.68,245.12,117.91,1.0,,37.355968,-119.41452,2022,286035.7,4137221.4,22058_50854
CREEK,17_22058_50854,250.19,108.01,256.0,117.41,1.0,,37.355968,-119.41452,2022,286035.7,4137221.4,22058_50854
CREEK,17_22058_50854,246.44,124.64,254.47,131.82,1.0,,37.355968,-119.41452,2022,286035.7,4137221.4,22058_50854
CREEK,17_22058_50854,243.02,44.32,252.47,52.93,1.0,,37.355968,-119.41452,2022,286035.7,4137221.4,22058_50854
CREEK,17_22058_50854,233.93,63.73,240.53,69.48,1.0,,37.355968,-119.41452,2022,286035.7,4137221.4,22058_50854
CREEK,17_22058_50854,220.36,54.94,228.96,65.35,1.0,,37.355968,-119.41452,2022,286035.7,4137221.4,22058_50854
CREEK,17_22058_50854,250.54,58.62,256.0,65.71,1.0,,37.355968,-119.41452,2022,286035.7,4137221.4,22058_50854
CREEK,17_22063_50823,35.26,17.8,49.11,35.03,1.0,,37.423617,-119.400787,2022,287443.4,4144697.0,22063_50823
CREEK,17_22063_50823,48.87,20.62,60.23,32.58,1.0,,37.423617,-119.400787,2022,287443.4,4144697.0,22063_50823
CREEK,17_22063_50823,27.51,40.02,38.78,49.67,1.0,,37.423617,-119.400787,2022,287443.4,4144697.0,22063_50823
CREEK,17_22063_50823,24.13,83.51,30.8,92.99,1.0,,37.423617,-119.400787,2022,287443.4,4144697.0,22063_50823
CREEK,17_22063_50823,6.91,80.83,20.54,92.3,1.0,,37.423617,-119.400787,2022,287443.4,4144697.0,22063_50823
CREEK,17_22063_50823,5.35,35.12,12.51,42.31,1.0,,37.423617,-119.400787,2022,287443.4,4144697.0,22063_50823
CREEK,17_22063_50823,41.07,96.0,46.44,101.39,1.0,,37.423617,-119.400787,2022,287443.4,4144697.0,22063_50823
CREEK,17_22063_50823,54.75,110.97,62.55,119.92,1.0,,37.423617,-119.400787,2022,287443.4,4144697.0,22063_50823
CREEK,17_22063_50823,73.96,108.53,77.61,113.85,1.0,,37.423617,-119.400787,2022,287443.4,4144697.0,22063_50823
CREEK,17_22063_50823,45.03,67.55,52.12,73.01,1.0,,37.423617,-119.400787,2022,287443.4,4144697.0,22063_50823
CREEK,17_22063_50823,54.78,58.4,64.83,66.27,1.0,,37.423617,-119.400787,2022,287443.4,4144697.0,22063_50823
CREEK,17_22063_50823,59.39,52.51,66.5,58.54,1.0,,37.423617,-119.400787,2022,287443.4,4144697.0,22063_50823
CREEK,17_22063_50823,60.81,47.07,66.71,51.33,1.0,,37.423617,-119.400787,2022,287443.4,4144697.0,22063_50823
CREEK,17_22063_50823,47.72,40.5,60.62,47.91,1.0,,37.423617,-119.400787,2022,287443.4,4144697.0,22063_50823
CREEK,17_22063_50823,80.74,22.42,92.09,34.38,1.0,,37.423617,-119.400787,2022,287443.4,4144697.0,22063_50823
CREEK,17_22063_50823,78.84,14.55,86.07,23.46,1.0,,37.423617,-119.400787,2022,287443.4,4144697.0,22063_50823
CREEK,17_22063_50823,81.93,4.26,89.05,10.29,1.0,,37.423617,-119.400787,2022,287443.4,4144697.0,22063_50823
CREEK,17_22063_50823,85.79,1.23,94.05,7.31,1.0,,37.423617,-119.400787,2022,287443.4,4144697.0,22063_50823
CREEK,17_22063_50823,97.54,12.96,108.27,23.74,1.0,,37.423617,-119.400787,2022,287443.4,4144697.0,22063_50823
CREEK,17_22063_50823,112.59,4.0,121.56,13.56,1.0,,37.423617,-119.400787,2022,287443.4,4144697.0,22063_50823
CREEK,17_22063_50823,78.69,52.39,91.24,65.55,1.0,,37.423617,-119.400787,2022,287443.4,4144697.0,22063_50823
CREEK,17_22063_50823,73.29,64.02,81.02,71.23,1.0,,37.423617,-119.400787,2022,287443.4,4144697.0,22063_50823
CREEK,17_22063_50823,87.49,65.43,101.09,76.33,1.0,,37.423617,-119.400787,2022,287443.4,4144697.0,22063_50823
CREEK,17_22063_50823,102.86,60.83,113.07,72.74,1.0,,37.423617,-119.400787,2022,287443.4,4144697.0,22063_50823
CREEK,17_22063_50823,106.02,17.32,117.31,27.55,1.0,,37.423617,-119.400787,2022,287443.4,4144697.0,22063_50823
CREEK,17_22063_50823,111.26,44.97,122.59,56.35,1.0,,37.423617,-119.400787,2022,287443.4,4144697.0,22063_50823
CREEK,17_22063_50823,114.9,56.09,131.94,66.53,1.0,,37.423617,-119.400787,2022,287443.4,4144697.0,22063_50823
CREEK,17_22063_50823,158.08,83.17,172.33,95.81,1.0,,37.423617,-119.400787,2022,287443.4,4144697.0,22063_50823
CREEK,17_22063_50823,161.12,62.2,174.86,76.55,1.0,,37.423617,-119.400787,2022,287443.4,4144697.0,22063_50823
CREEK,17_22063_50823,142.29,55.11,151.83,64.7,1.0,,37.423617,-119.400787,2022,287443.4,4144697.0,22063_50823
CREEK,17_22063_50823,151.36,59.22,160.88,68.22,1.0,,37.423617,-119.400787,2022,287443.4,4144697.0,22063_50823
CREEK,17_22063_50823,149.97,51.65,157.72,59.44,1.0,,37.423617,-119.400787,2022,287443.4,4144697.0,22063_50823
CREEK,17_22063_50823,130.99,51.5,141.04,59.38,1.0,,37.423617,-119.400787,2022,287443.4,4144697.0,22063_50823
CREEK,17_22063_50823,145.74,38.21,158.23,49.63,1.0,,37.423617,-119.400787,2022,287443.4,4144697.0,22063_50823
CREEK,17_22063_50823,131.1,15.4,144.13,26.27,1.0,,37.423617,-119.400787,2022,287443.4,4144697.0,22063_50823
CREEK,17_22063_50823,138.15,5.84,147.67,14.85,1.0,,37.423617,-119.400787,2022,287443.4,4144697.0,22063_50823
CREEK,17_22063_50823,86.78,97.18,91.56,101.97,1.0,,37.423617,-119.400787,2022,287443.4,4144697.0,22063_50823
CREEK,17_22063_50823,96.83,96.12,106.26,102.82,1.0,,37.423617,-119.400787,2022,287443.4,4144697.0,22063_50823
CREEK,17_22063_50823,105.87,90.98,113.65,99.34,1.0,,37.423617,-119.400787,2022,287443.4,4144697.0,22063_50823
CREEK,17_22063_50823,112.24,88.34,122.38,98.52,1.0,,37.423617,-119.400787,2022,287443.4,4144697.0,22063_50823
CREEK,17_22063_50823,91.95,81.2,99.06,87.23,1.0,,37.423617,-119.400787,2022,287443.4,4144697.0,22063_50823
CREEK,17_22063_50823,0.22,138.64,8.57,147.02,1.0,,37.423617,-119.400787,2022,287443.4,4144697.0,22063_50823
CREEK,17_22063_50823,17.88,130.93,24.97,136.39,1.0,,37.423617,-119.400787,2022,287443.4,4144697.0,22063_50823
CREEK,17_22063_50823,0.44,127.37,6.41,133.36,1.0,,37.423617,-119.400787,2022,287443.4,4144697.0,22063_50823
CREEK,17_22063_50823,12.15,123.2,19.22,128.08,1.0,,37.423617,-119.400787,2022,287443.4,4144697.0,22063_50823
CREEK,17_22063_50823,122.04,101.14,132.25,113.05,1.0,,37.423617,-119.400787,2022,287443.4,4144697.0,22063_50823
CREEK,17_22063_50823,133.64,109.67,140.84,118.01,1.0,,37.423617,-119.400787,2022,287443.4,4144697.0,22063_50823
CREEK,17_22063_50823,142.53,105.1,150.22,111.15,1.0,,37.423617,-119.400787,2022,287443.4,4144697.0,22063_50823
CREEK,17_22063_50823,133.88,87.72,142.83,96.71,1.0,,37.423617,-119.400787,2022,287443.4,4144697.0,22063_50823
CREEK,17_22063_50823,144.25,86.68,154.37,96.28,1.0,,37.423617,-119.400787,2022,287443.4,4144697.0,22063_50823
CREEK,17_22063_50823,159.12,97.07,168.65,106.08,1.0,,37.423617,-119.400787,2022,287443.4,4144697.0,22063_50823
CREEK,17_22063_50823,167.7,102.6,179.08,115.14,1.0,,37.423617,-119.400787,2022,287443.4,4144697.0,22063_50823
CREEK,17_22063_50823,151.79,106.04,165.42,117.51,1.0,,37.423617,-119.400787,2022,287443.4,4144697.0,22063_50823
CREEK,17_22063_50823,138.05,124.57,146.31,130.65,1.0,,37.423617,-119.400787,2022,287443.4,4144697.0,22063_50823
CREEK,17_22063_50823,8.44,149.35,19.09,157.82,1.0,,37.423617,-119.400787,2022,287443.4,4144697.0,22063_50823
CREEK,17_22063_50823,38.09,140.67,50.48,149.78,1.0,,37.423617,-119.400787,2022,287443.4,4144697.0,22063_50823
CREEK,17_22063_50823,35.21,157.6,44.66,164.87,1.0,,37.423617,-119.400787,2022,287443.4,4144697.0,22063_50823
CREEK,17_22063_50823,92.28,131.19,102.91,139.09,1.0,,37.423617,-119.400787,2022,287443.4,4144697.0,22063_50823
CREEK,17_22063_50823,96.58,125.86,103.12,131.88,1.0,,37.423617,-119.400787,2022,287443.4,4144697.0,22063_50823
CREEK,17_22063_50823,104.66,123.0,112.43,131.36,1.0,,37.423617,-119.400787,2022,287443.4,4144697.0,22063_50823
CREEK,17_22063_50823,106.4,118.44,111.74,123.25,1.0,,37.423617,-119.400787,2022,287443.4,4144697.0,22063_50823
CREEK,17_22063_50823,117.18,126.95,122.07,134.62,1.0,,37.423617,-119.400787,2022,287443.4,4144697.0,22063_50823
CREEK,17_22063_50823,52.89,130.26,61.81,138.66,1.0,,37.423617,-119.400787,2022,287443.4,4144697.0,22063_50823
CREEK,17_22063_50823,81.84,142.34,92.99,149.11,1.0,,37.423617,-119.400787,2022,287443.4,4144697.0,22063_50823
CREEK,17_22063_50823,69.36,145.04,77.65,151.7,1.0,,37.423617,-119.400787,2022,287443.4,4144697.0,22063_50823
CREEK,17_22063_50823,57.47,151.24,69.35,162.06,1.0,,37.423617,-119.400787,2022,287443.4,4144697.0,22063_50823
CREEK,17_22063_50823,87.22,152.08,94.93,158.72,1.0,,37.423617,-119.400787,2022,287443.4,4144697.0,22063_50823
CREEK,17_22063_50823,95.99,140.86,103.12,147.47,1.0,,37.423617,-119.400787,2022,287443.4,4144697.0,22063_50823
CREEK,17_22063_50823,103.06,145.18,107.85,150.55,1.0,,37.423617,-119.400787,2022,287443.4,4144697.0,22063_50823
CREEK,17_22063_50823,110.16,145.74,115.02,152.84,1.0,,37.423617,-119.400787,2022,287443.4,4144697.0,22063_50823
CREEK,17_22063_50823,117.41,143.71,122.86,151.41,1.0,,37.423617,-119.400787,2022,287443.4,4144697.0,22063_50823
CREEK,17_22063_50823,105.34,168.39,120.76,181.65,1.0,,37.423617,-119.400787,2022,287443.4,4144697.0,22063_50823
CREEK,17_22063_50823,92.17,171.34,103.39,179.84,1.0,,37.423617,-119.400787,2022,287443.4,4144697.0,22063_50823
CREEK,17_22063_50823,103.45,154.15,111.25,163.09,1.0,,37.423617,-119.400787,2022,287443.4,4144697.0,22063_50823
CREEK,17_22063_50823,113.47,153.1,120.2,164.3,1.0,,37.423617,-119.400787,2022,287443.4,4144697.0,22063_50823
CREEK,17_22063_50823,156.06,168.89,165.05,179.02,1.0,,37.423617,-119.400787,2022,287443.4,4144697.0,22063_50823
CREEK,17_22063_50823,147.55,168.55,156.43,175.81,1.0,,37.423617,-119.400787,2022,287443.4,4144697.0,22063_50823
CREEK,17_22063_50823,103.12,182.46,116.78,194.5,1.0,,37.423617,-119.400787,2022,287443.4,4144697.0,22063_50823
CREEK,17_22063_50823,97.19,192.34,108.06,206.58,1.0,,37.423617,-119.400787,2022,287443.4,4144697.0,22063_50823
CREEK,17_22063_50823,91.5,203.67,99.29,212.61,1.0,,37.423617,-119.400787,2022,287443.4,4144697.0,22063_50823
CREEK,17_22063_50823,67.34,186.57,76.93,197.31,1.0,,37.423617,-119.400787,2022,287443.4,4144697.0,22063_50823
CREEK,17_22063_50823,70.01,192.16,81.32,202.96,1.0,,37.423617,-119.400787,2022,287443.4,4144697.0,22063_50823
CREEK,17_22063_50823,57.2,198.89,64.96,206.67,1.0,,37.423617,-119.400787,2022,287443.4,4144697.0,22063_50823
CREEK,17_22063_50823,50.48,195.16,59.34,201.84,1.0,,37.423617,-119.400787,2022,287443.4,4144697.0,22063_50823
CREEK,17_22063_50823,31.41,193.57,41.57,204.33,1.0,,37.423617,-119.400787,2022,287443.4,4144697.0,22063_50823
CREEK,17_22063_50823,21.2,196.06,26.52,200.29,1.0,,37.423617,-119.400787,2022,287443.4,4144697.0,22063_50823
CREEK,17_22063_50823,11.0,177.47,20.03,188.77,1.0,,37.423617,-119.400787,2022,287443.4,4144697.0,22063_50823
CREEK,17_22063_50823,31.02,168.7,38.2,176.47,1.0,,37.423617,-119.400787,2022,287443.4,4144697.0,22063_50823
CREEK,17_22063_50823,42.56,170.89,56.23,183.51,1.0,,37.423617,-119.400787,2022,287443.4,4144697.0,22063_50823
CREEK,17_22063_50823,52.19,166.05,58.15,172.04,1.0,,37.423617,-119.400787,2022,287443.4,4144697.0,22063_50823
CREEK,17_22063_50823,49.88,158.74,56.99,164.77,1.0,,37.423617,-119.400787,2022,287443.4,4144697.0,22063_50823
CREEK,17_22063_50823,46.87,161.51,50.56,167.99,1.0,,37.423617,-119.400787,2022,287443.4,4144697.0,22063_50823
CREEK,17_22063_50823,63.07,167.33,69.04,173.32,1.0,,37.423617,-119.400787,2022,287443.4,4144697.0,22063_50823
CREEK,17_22063_50823,64.8,173.18,70.83,180.9,1.0,,37.423617,-119.400787,2022,287443.4,4144697.0,22063_50823
CREEK,17_22063_50823,117.59,193.69,120.68,199.57,1.0,,37.423617,-119.400787,2022,287443.4,4144697.0,22063_50823
CREEK,17_22063_50823,109.78,202.92,117.44,208.4,1.0,,37.423617,-119.400787,2022,287443.4,4144697.0,22063_50823
CREEK,17_22063_50823,117.53,207.27,132.8,216.5,1.0,,37.423617,-119.400787,2022,287443.4,4144697.0,22063_50823
CREEK,17_22063_50823,130.7,193.91,140.8,202.94,1.0,,37.423617,-119.400787,2022,287443.4,4144697.0,22063_50823
CREEK,17_22063_50823,123.25,182.07,136.35,194.67,1.0,,37.423617,-119.400787,2022,287443.4,4144697.0,22063_50823
CREEK,17_22063_50823,126.9,168.63,134.57,174.11,1.0,,37.423617,-119.400787,2022,287443.4,4144697.0,22063_50823
CREEK,17_22063_50823,126.75,171.51,134.46,178.14,1.0,,37.423617,-119.400787,2022,287443.4,4144697.0,22063_50823
CREEK,17_22063_50823,19.46,149.77,28.28,155.29,1.0,,37.423617,-119.400787,2022,287443.4,4144697.0,22063_50823
CREEK,17_22063_50823,0.0,204.48,2.9,212.67,1.0,,37.423617,-119.400787,2022,287443.4,4144697.0,22063_50823
CREEK,17_22063_50823,10.0,208.34,13.11,214.8,1.0,,37.423617,-119.400787,2022,287443.4,4144697.0,22063_50823
CREEK,17_22063_50823,17.57,212.39,23.6,220.11,1.0,,37.423617,-119.400787,2022,287443.4,4144697.0,22063_50823
CREEK,17_22063_50823,6.52,216.58,16.53,223.3,1.0,,37.423617,-119.400787,2022,287443.4,4144697.0,22063_50823
CREEK,17_22063_50823,1.3,228.22,6.6,231.88,1.0,,37.423617,-119.400787,2022,287443.4,4144697.0,22063_50823
CREEK,17_22063_50823,0.21,234.82,6.06,237.93,1.0,,37.423617,-119.400787,2022,287443.4,4144697.0,22063_50823
CREEK,17_22063_50823,1.92,238.65,6.2,245.73,1.0,,37.423617,-119.400787,2022,287443.4,4144697.0,22063_50823
CREEK,17_22063_50823,15.25,237.72,20.05,243.08,1.0,,37.423617,-119.400787,2022,287443.4,4144697.0,22063_50823
CREEK,17_22063_50823,22.23,246.94,34.07,256.0,1.0,,37.423617,-119.400787,2022,287443.4,4144697.0,22063_50823
CREEK,17_22063_50823,40.18,231.16,44.46,238.24,1.0,,37.423617,-119.400787,2022,287443.4,4144697.0,22063_50823
CREEK,17_22063_50823,45.33,234.54,48.94,238.71,1.0,,37.423617,-119.400787,2022,287443.4,4144697.0,22063_50823
CREEK,17_22063_50823,26.66,225.15,34.9,230.66,1.0,,37.423617,-119.400787,2022,287443.4,4144697.0,22063_50823
CREEK,17_22063_50823,38.34,219.54,44.9,226.13,1.0,,37.423617,-119.400787,2022,287443.4,4144697.0,22063_50823
CREEK,17_22063_50823,49.22,220.24,55.8,227.41,1.0,,37.423617,-119.400787,2022,287443.4,4144697.0,22063_50823
CREEK,17_22063_50823,55.15,211.52,67.63,222.95,1.0,,37.423617,-119.400787,2022,287443.4,4144697.0,22063_50823
CREEK,17_22063_50823,63.94,219.08,72.82,226.33,1.0,,37.423617,-119.400787,2022,287443.4,4144697.0,22063_50823
CREEK,17_22063_50823,75.01,221.81,80.48,230.09,1.0,,37.423617,-119.400787,2022,287443.4,4144697.0,22063_50823
CREEK,17_22063_50823,79.21,212.45,92.33,225.63,1.0,,37.423617,-119.400787,2022,287443.4,4144697.0,22063_50823
CREEK,17_22063_50823,55.14,245.03,66.36,253.52,1.0,,37.423617,-119.400787,2022,287443.4,4144697.0,22063_50823
CREEK,17_22063_50823,64.47,238.17,74.1,250.06,1.0,,37.423617,-119.400787,2022,287443.4,4144697.0,22063_50823
CREEK,17_22063_50823,65.43,232.71,73.74,239.94,1.0,,37.423617,-119.400787,2022,287443.4,4144697.0,22063_50823
CREEK,17_22063_50823,96.15,226.09,103.33,233.86,1.0,,37.423617,-119.400787,2022,287443.4,4144697.0,22063_50823
CREEK,17_22063_50823,116.88,220.54,131.15,233.76,1.0,,37.423617,-119.400787,2022,287443.4,4144697.0,22063_50823
CREEK,17_22063_50823,97.89,251.29,107.83,256.0,1.0,,37.423617,-119.400787,2022,287443.4,4144697.0,22063_50823
CREEK,17_22063_50823,77.75,250.8,85.99,256.0,1.0,,37.423617,-119.400787,2022,287443.4,4144697.0,22063_50823
CREEK,17_22063_50823,100.04,236.64,107.82,245.0,1.0,,37.423617,-119.400787,2022,287443.4,4144697.0,22063_50823
CREEK,17_22063_50823,119.03,239.39,127.27,244.89,1.0,,37.423617,-119.400787,2022,287443.4,4144697.0,22063_50823
CREEK,17_22063_50823,134.19,229.58,144.33,239.76,1.0,,37.423617,-119.400787,2022,287443.4,4144697.0,22063_50823
CREEK,17_22063_50823,128.5,228.49,134.02,237.92,1.0,,37.423617,-119.400787,2022,287443.4,4144697.0,22063_50823
CREEK,17_22063_50823,125.21,249.45,136.38,256.0,1.0,,37.423617,-119.400787,2022,287443.4,4144697.0,22063_50823
CREEK,17_22063_50823,140.09,212.18,150.17,220.63,1.0,,37.423617,-119.400787,2022,287443.4,4144697.0,22063_50823
CREEK,17_22063_50823,143.57,217.52,156.0,227.79,1.0,,37.423617,-119.400787,2022,287443.4,4144697.0,22063_50823
CREEK,17_22063_50823,132.51,223.73,145.41,231.14,1.0,,37.423617,-119.400787,2022,287443.4,4144697.0,22063_50823
CREEK,17_22063_50823,234.19,217.82,246.6,227.51,1.0,,37.423617,-119.400787,2022,287443.4,4144697.0,22063_50823
CREEK,17_22063_50823,190.51,250.22,201.07,256.0,1.0,,37.423617,-119.400787,2022,287443.4,4144697.0,22063_50823
CREEK,17_22063_50823,221.24,238.11,228.29,242.41,1.0,,37.423617,-119.400787,2022,287443.4,4144697.0,22063_50823
CREEK,17_22063_50823,199.0,221.95,209.05,229.83,1.0,,37.423617,-119.400787,2022,287443.4,4144697.0,22063_50823
CREEK,17_22063_50823,166.66,233.42,174.39,240.63,1.0,,37.423617,-119.400787,2022,287443.4,4144697.0,22063_50823
CREEK,17_22063_50823,180.73,225.29,189.65,233.7,1.0,,37.423617,-119.400787,2022,287443.4,4144697.0,22063_50823
CREEK,17_22063_50823,166.88,227.65,174.61,234.86,1.0,,37.423617,-119.400787,2022,287443.4,4144697.0,22063_50823
CREEK,17_22063_50823,169.09,223.11,176.22,229.72,1.0,,37.423617,-119.400787,2022,287443.4,4144697.0,22063_50823
CREEK,17_22063_50823,160.96,193.05,168.73,201.41,1.0,,37.423617,-119.400787,2022,287443.4,4144697.0,22063_50823
CREEK,17_22063_50823,165.4,200.15,172.49,205.6,1.0,,37.423617,-119.400787,2022,287443.4,4144697.0,22063_50823
CREEK,17_22063_50823,165.52,205.06,171.44,209.9,1.0,,37.423617,-119.400787,2022,287443.4,4144697.0,22063_50823
CREEK,17_22063_50823,189.5,206.57,199.0,215.0,1.0,,37.423617,-119.400787,2022,287443.4,4144697.0,22063_50823
CREEK,17_22063_50823,194.21,192.6,203.84,204.49,1.0,,37.423617,-119.400787,2022,287443.4,4144697.0,22063_50823
CREEK,17_22063_50823,183.96,187.57,193.39,194.27,1.0,,37.423617,-119.400787,2022,287443.4,4144697.0,22063_50823
CREEK,17_22063_50823,191.49,182.67,203.93,192.94,1.0,,37.423617,-119.400787,2022,287443.4,4144697.0,22063_50823
CREEK,17_22063_50823,171.84,179.31,180.19,187.7,1.0,,37.423617,-119.400787,2022,287443.4,4144697.0,22063_50823
CREEK,17_22063_50823,215.97,168.58,226.62,177.06,1.0,,37.423617,-119.400787,2022,287443.4,4144697.0,22063_50823
CREEK,17_22063_50823,213.22,182.63,219.76,188.64,1.0,,37.423617,-119.400787,2022,287443.4,4144697.0,22063_50823
CREEK,17_22063_50823,202.72,186.56,208.68,192.55,1.0,,37.423617,-119.400787,2022,287443.4,4144697.0,22063_50823
CREEK,17_22063_50823,240.38,188.29,245.15,193.08,1.0,,37.423617,-119.400787,2022,287443.4,4144697.0,22063_50823
CREEK,17_22063_50823,248.67,187.17,252.96,194.25,1.0,,37.423617,-119.400787,2022,287443.4,4144697.0,22063_50823
CREEK,17_22063_50823,200.19,216.79,208.96,221.16,1.0,,37.423617,-119.400787,2022,287443.4,4144697.0,22063_50823
CREEK,17_22063_50823,208.81,213.08,218.31,221.51,1.0,,37.423617,-119.400787,2022,287443.4,4144697.0,22063_50823
CREEK,17_22063_50823,150.35,146.71,156.41,155.01,1.0,,37.423617,-119.400787,2022,287443.4,4144697.0,22063_50823
CREEK,17_22063_50823,193.88,156.47,208.09,167.96,1.0,,37.423617,-119.400787,2022,287443.4,4144697.0,22063_50823
CREEK,17_22063_50823,172.67,168.94,183.74,173.39,1.0,,37.423617,-119.400787,2022,287443.4,4144697.0,22063_50823
CREEK,17_22063_50823,167.32,156.02,172.16,162.55,1.0,,37.423617,-119.400787,2022,287443.4,4144697.0,22063_50823
CREEK,17_22063_50823,174.07,154.84,181.12,159.14,1.0,,37.423617,-119.400787,2022,287443.4,4144697.0,22063_50823
CREEK,17_22063_50823,188.6,140.66,195.18,147.83,1.0,,37.423617,-119.400787,2022,287443.4,4144697.0,22063_50823
CREEK,17_22063_50823,172.29,137.15,182.94,145.63,1.0,,37.423617,-119.400787,2022,287443.4,4144697.0,22063_50823
CREEK,17_22063_50823,164.21,133.08,170.73,138.52,1.0,,37.423617,-119.400787,2022,287443.4,4144697.0,22063_50823
CREEK,17_22063_50823,159.46,126.55,168.39,134.96,1.0,,37.423617,-119.400787,2022,287443.4,4144697.0,22063_50823
CREEK,17_22063_50823,155.96,137.68,161.35,143.64,1.0,,37.423617,-119.400787,2022,287443.4,4144697.0,22063_50823
CREEK,17_22063_50823,199.22,148.87,210.4,156.21,1.0,,37.423617,-119.400787,2022,287443.4,4144697.0,22063_50823
CREEK,17_22063_50823,251.04,155.77,255.88,162.3,1.0,,37.423617,-119.400787,2022,287443.4,4144697.0,22063_50823
CREEK,17_22063_50823,188.55,115.82,201.01,126.67,1.0,,37.423617,-119.400787,2022,287443.4,4144697.0,22063_50823
CREEK,17_22063_50823,182.99,130.91,191.23,136.42,1.0,,37.423617,-119.400787,2022,287443.4,4144697.0,22063_50823
CREEK,17_22063_50823,193.7,128.15,199.11,134.69,1.0,,37.423617,-119.400787,2022,287443.4,4144697.0,22063_50823
CREEK,17_22063_50823,208.55,133.34,213.3,137.55,1.0,,37.423617,-119.400787,2022,287443.4,4144697.0,22063_50823
CREEK,17_22063_50823,221.05,128.62,228.14,134.08,1.0,,37.423617,-119.400787,2022,287443.4,4144697.0,22063_50823
CREEK,17_22063_50823,218.74,117.85,225.39,126.74,1.0,,37.423617,-119.400787,2022,287443.4,4144697.0,22063_50823
CREEK,17_22063_50823,135.29,27.98,148.26,37.12,1.0,,37.423617,-119.400787,2022,287443.4,4144697.0,22063_50823
CREEK,17_22063_50823,130.18,41.94,139.68,50.37,1.0,,37.423617,-119.400787,2022,287443.4,4144697.0,22063_50823
CREEK,17_22063_50823,100.99,46.6,110.73,61.38,1.0,,37.423617,-119.400787,2022,287443.4,4144697.0,22063_50823
CREEK,17_22063_50823,108.7,31.29,117.65,40.28,1.0,,37.423617,-119.400787,2022,287443.4,4144697.0,22063_50823
CREEK,17_22063_50823,82.53,31.73,93.75,40.23,1.0,,37.423617,-119.400787,2022,287443.4,4144697.0,22063_50823
CREEK,17_22063_50823,161.27,4.71,169.0,11.92,1.0,,37.423617,-119.400787,2022,287443.4,4144697.0,22063_50823
CREEK,17_22063_50823,165.56,0.0,173.79,4.88,1.0,,37.423617,-119.400787,2022,287443.4,4144697.0,22063_50823
CREEK,17_22063_50823,174.37,0.01,183.27,7.84,1.0,,37.423617,-119.400787,2022,287443.4,4144697.0,22063_50823
CREEK,17_22063_50823,186.55,2.79,194.39,12.89,1.0,,37.423617,-119.400787,2022,287443.4,4144697.0,22063_50823
CREEK,17_22063_50823,178.5,10.57,187.47,20.13,1.0,,37.423617,-119.400787,2022,287443.4,4144697.0,22063_50823
CREEK,17_22063_50823,160.21,25.47,167.35,32.08,1.0,,37.423617,-119.400787,2022,287443.4,4144697.0,22063_50823
CREEK,17_22063_50823,155.69,32.23,168.81,45.41,1.0,,37.423617,-119.400787,2022,287443.4,4144697.0,22063_50823
CREEK,17_22063_50823,166.73,39.01,175.17,49.7,1.0,,37.423617,-119.400787,2022,287443.4,4144697.0,22063_50823
CREEK,17_22063_50823,158.26,49.95,165.55,60.6,1.0,,37.423617,-119.400787,2022,287443.4,4144697.0,22063_50823
CREEK,17_22063_50823,165.25,50.22,173.6,58.6,1.0,,37.423617,-119.400787,2022,287443.4,4144697.0,22063_50823
CREEK,17_22063_50823,173.39,53.71,181.8,63.83,1.0,,37.423617,-119.400787,2022,287443.4,4144697.0,22063_50823
CREEK,17_22063_50823,215.98,56.8,229.72,71.15,1.0,,37.423617,-119.400787,2022,287443.4,4144697.0,22063_50823
CREEK,17_22063_50823,247.72,5.43,256.0,15.56,1.0,,37.423617,-119.400787,2022,287443.4,4144697.0,22063_50823
CREEK,17_22063_50823,245.58,17.48,256.0,26.53,1.0,,37.423617,-119.400787,2022,287443.4,4144697.0,22063_50823
CREEK,17_22063_50823,237.67,12.56,248.38,22.76,1.0,,37.423617,-119.400787,2022,287443.4,4144697.0,22063_50823
CREEK,17_22063_50823,228.32,20.28,237.16,26.38,1.0,,37.423617,-119.400787,2022,287443.4,4144697.0,22063_50823
CREEK,17_22063_50823,228.61,9.32,237.57,18.88,1.0,,37.423617,-119.400787,2022,287443.4,4144697.0,22063_50823
CREEK,17_22063_50823,202.61,12.08,211.01,21.62,1.0,,37.423617,-119.400787,2022,287443.4,4144697.0,22063_50823
CREEK,17_22063_50823,195.18,33.46,205.3,43.06,1.0,,37.423617,-119.400787,2022,287443.4,4144697.0,22063_50823
CREEK,17_22063_50823,196.59,56.33,203.28,66.38,1.0,,37.423617,-119.400787,2022,287443.4,4144697.0,22063_50823
CREEK,17_22063_50823,206.31,56.13,215.37,68.0,1.0,,37.423617,-119.400787,2022,287443.4,4144697.0,22063_50823
CREEK,17_22063_50823,237.21,29.3,249.75,42.45,1.0,,37.423617,-119.400787,2022,287443.4,4144697.0,22063_50823
CREEK,17_22063_50823,235.2,42.5,249.25,49.95,1.0,,37.423617,-119.400787,2022,287443.4,4144697.0,22063_50823
CREEK,17_22063_50823,220.73,27.23,237.46,44.58,1.0,,37.423617,-119.400787,2022,287443.4,4144697.0,22063_50823
CREEK,17_22063_50823,213.3,108.97,221.7,118.51,1.0,,37.423617,-119.400787,2022,287443.4,4144697.0,22063_50823
CREEK,17_22063_50823,202.94,101.64,213.06,111.25,1.0,,37.423617,-119.400787,2022,287443.4,4144697.0,22063_50823
CREEK,17_22063_50823,185.24,84.21,198.76,92.79,1.0,,37.423617,-119.400787,2022,287443.4,4144697.0,22063_50823
CREEK,17_22063_50823,180.93,76.53,192.15,85.03,1.0,,37.423617,-119.400787,2022,287443.4,4144697.0,22063_50823
CREEK,17_22063_50823,193.36,76.72,203.36,83.44,1.0,,37.423617,-119.400787,2022,287443.4,4144697.0,22063_50823
CREEK,17_22063_50823,208.76,68.07,217.22,79.34,1.0,,37.423617,-119.400787,2022,287443.4,4144697.0,22063_50823
CREEK,17_22063_50823,208.19,41.18,219.39,49.1,1.0,,37.423617,-119.400787,2022,287443.4,4144697.0,22063_50823
CREEK,17_22063_50823,213.37,15.38,225.26,26.21,1.0,,37.423617,-119.400787,2022,287443.4,4144697.0,22063_50823
CREEK,17_22063_50823,182.48,42.79,192.57,51.82,1.0,,37.423617,-119.400787,2022,287443.4,4144697.0,22063_50823
CREEK,17_22063_50823,150.51,19.9,161.8,30.13,1.0,,37.423617,-119.400787,2022,287443.4,4144697.0,22063_50823
CREEK,17_22063_50823,158.32,9.51,166.8,21.36,1.0,,37.423617,-119.400787,2022,287443.4,4144697.0,22063_50823
CREEK,17_22063_50823,124.66,6.77,133.54,14.02,1.0,,37.423617,-119.400787,2022,287443.4,4144697.0,22063_50823
CREEK,17_22063_50823,114.83,10.44,125.63,22.96,1.0,,37.423617,-119.400787,2022,287443.4,4144697.0,22063_50823
CREEK,17_22063_50823,144.39,69.06,152.74,77.45,1.0,,37.423617,-119.400787,2022,287443.4,4144697.0,22063_50823
CREEK,17_22063_50823,130.57,71.14,145.46,85.54,1.0,,37.423617,-119.400787,2022,287443.4,4144697.0,22063_50823
CREEK,17_22063_50823,235.91,106.37,243.09,114.14,1.0,,37.423617,-119.400787,2022,287443.4,4144697.0,22063_50823
CREEK,17_22063_50823,246.07,68.93,254.58,81.35,1.0,,37.423617,-119.400787,2022,287443.4,4144697.0,22063_50823
CREEK,17_22063_50823,216.27,148.25,223.48,155.84,1.0,,37.423617,-119.400787,2022,287443.4,4144697.0,22063_50823
CREEK,17_22063_50823,237.16,154.37,241.32,158.55,1.0,,37.423617,-119.400787,2022,287443.4,4144697.0,22063_50823
CREEK,17_22063_50823,233.82,146.54,238.33,150.37,1.0,,37.423617,-119.400787,2022,287443.4,4144697.0,22063_50823
CREEK,17_22063_50823,252.95,141.41,256.0,146.65,1.0,,37.423617,-119.400787,2022,287443.4,4144697.0,22063_50823
CREEK,17_22063_50823,240.62,134.7,244.45,139.6,1.0,,37.423617,-119.400787,2022,287443.4,4144697.0,22063_50823
CREEK,17_22063_50823,154.88,180.73,158.71,185.63,1.0,,37.423617,-119.400787,2022,287443.4,4144697.0,22063_50823
CREEK,17_22063_50823,129.12,161.77,134.42,167.09,1.0,,37.423617,-119.400787,2022,287443.4,4144697.0,22063_50823
CREEK,17_22063_50823,161.44,146.51,167.86,152.61,1.0,,37.423617,-119.400787,2022,287443.4,4144697.0,22063_50823
CREEK,17_22063_50823,9.06,69.66,18.2,78.84,1.0,,37.423617,-119.400787,2022,287443.4,4144697.0,22063_50823
CREEK,17_22063_50823,17.78,66.34,24.29,74.38,1.0,,37.423617,-119.400787,2022,287443.4,4144697.0,22063_50823
CREEK,17_22063_50823,9.83,10.03,16.32,17.55,1.0,,37.423617,-119.400787,2022,287443.4,4144697.0,22063_50823
CREEK,17_22063_50823,28.9,53.22,37.5,61.87,1.0,,37.423617,-119.400787,2022,287443.4,4144697.0,22063_50823
CREEK,17_22063_50823,45.02,88.22,49.92,94.64,1.0,,37.423617,-119.400787,2022,287443.4,4144697.0,22063_50823
CREEK,17_22063_50823,171.32,92.66,182.5,101.56,1.0,,37.423617,-119.400787,2022,287443.4,4144697.0,22063_50823
CREEK,17_22063_50823,14.2,17.45,20.42,22.53,1.0,,37.423617,-119.400787,2022,287443.4,4144697.0,22063_50823
CREEK,17_22063_50823,49.82,3.65,55.99,7.51,1.0,,37.423617,-119.400787,2022,287443.4,4144697.0,22063_50823
CREEK,17_22063_50823,224.75,244.64,229.62,250.53,1.0,,37.423617,-119.400787,2022,287443.4,4144697.0,22063_50823
CREEK,17_22063_50823,239.58,248.33,245.52,255.29,1.0,,37.423617,-119.400787,2022,287443.4,4144697.0,22063_50823
CREEK,17_22063_50823,200.7,241.64,209.8,250.28,1.0,,37.423617,-119.400787,2022,287443.4,4144697.0,22063_50823
CREEK,17_22063_50823,251.63,180.45,256.0,189.96,1.0,,37.423617,-119.400787,2022,287443.4,4144697.0,22063_50823
CREEK,17_22063_50823,185.46,161.54,192.93,168.04,1.0,,37.423617,-119.400787,2022,287443.4,4144697.0,22063_50823
CREEK,17_22063_50823,71.24,95.5,80.77,101.28,1.0,,37.423617,-119.400787,2022,287443.4,4144697.0,22063_50823
CREEK,17_22063_50823,244.05,95.82,252.65,106.22,1.0,,37.423617,-119.400787,2022,287443.4,4144697.0,22063_50823
CREEK,17_22063_50823,250.33,89.17,256.0,97.17,1.0,,37.423617,-119.400787,2022,287443.4,4144697.0,22063_50823
CREEK,17_22063_50823,231.31,91.88,242.97,98.74,1.0,,37.423617,-119.400787,2022,287443.4,4144697.0,22063_50823
CREEK,17_22063_50823,209.57,85.31,219.91,93.49,1.0,,37.423617,-119.400787,2022,287443.4,4144697.0,22063_50823
CREEK,17_22063_50823,222.26,97.04,228.38,102.31,1.0,,37.423617,-119.400787,2022,287443.4,4144697.0,22063_50823
CREEK,17_22063_50823,248.23,60.86,255.35,68.45,1.0,,37.423617,-119.400787,2022,287443.4,4144697.0,22063_50823
CREEK,17_22063_50823,239.71,82.33,245.4,88.04,1.0,,37.423617,-119.400787,2022,287443.4,4144697.0,22063_50823
CREEK,17_22063_50823,247.91,81.73,256.0,88.92,1.0,,37.423617,-119.400787,2022,287443.4,4144697.0,22063_50823
CREEK,17_22063_50823,229.68,96.87,238.67,105.45,1.0,,37.423617,-119.400787,2022,287443.4,4144697.0,22063_50823
CREEK,17_22063_50823,225.27,88.44,232.82,95.13,1.0,,37.423617,-119.400787,2022,287443.4,4144697.0,22063_50823
CREEK,17_22063_50823,138.02,117.91,146.45,123.72,1.0,,37.423617,-119.400787,2022,287443.4,4144697.0,22063_50823
CREEK,17_22075_50782,0.0,8.77,5.46,19.58,1.0,,37.512994,-119.367828,2022,290609.9,4154540.9,22075_50782
CREEK,17_22075_50782,98.46,4.92,105.18,15.23,1.0,,37.512994,-119.367828,2022,290609.9,4154540.9,22075_50782
CREEK,17_22075_50782,103.95,12.82,111.74,23.7,1.0,,37.512994,-119.367828,2022,290609.9,4154540.9,22075_50782
CREEK,17_22075_50782,124.27,1.14,135.17,10.56,1.0,,37.512994,-119.367828,2022,290609.9,4154540.9,22075_50782
CREEK,17_22075_50782,123.05,10.65,131.37,21.55,1.0,,37.512994,-119.367828,2022,290609.9,4154540.9,22075_50782
CREEK,17_22075_50782,132.98,10.77,142.46,24.36,1.0,,37.512994,-119.367828,2022,290609.9,4154540.9,22075_50782
CREEK,17_22075_50782,129.11,26.0,139.49,35.92,1.0,,37.512994,-119.367828,2022,290609.9,4154540.9,22075_50782
CREEK,17_22075_50782,108.63,29.45,121.66,39.48,1.0,,37.512994,-119.367828,2022,290609.9,4154540.9,22075_50782
CREEK,17_22075_50782,80.46,17.22,89.91,30.28,1.0,,37.512994,-119.367828,2022,290609.9,4154540.9,22075_50782
CREEK,17_22075_50782,63.52,25.04,74.29,31.28,1.0,,37.512994,-119.367828,2022,290609.9,4154540.9,22075_50782
CREEK,17_22075_50782,48.52,16.77,56.12,22.88,1.0,,37.512994,-119.367828,2022,290609.9,4154540.9,22075_50782
CREEK,17_22075_50782,29.99,12.87,37.79,23.75,1.0,,37.512994,-119.367828,2022,290609.9,4154540.9,22075_50782
CREEK,17_22075_50782,36.98,12.34,45.2,20.6,1.0,,37.512994,-119.367828,2022,290609.9,4154540.9,22075_50782
CREEK,17_22075_50782,6.48,10.36,12.53,16.94,1.0,,37.512994,-119.367828,2022,290609.9,4154540.9,22075_50782
CREEK,17_22075_50782,4.85,0.0,10.29,4.39,1.0,,37.512994,-119.367828,2022,290609.9,4154540.9,22075_50782
CREEK,17_22075_50782,0.0,1.61,6.0,8.73,1.0,,37.512994,-119.367828,2022,290609.9,4154540.9,22075_50782
CREEK,17_22075_50782,13.8,9.06,19.97,18.82,1.0,,37.512994,-119.367828,2022,290609.9,4154540.9,22075_50782
CREEK,17_22075_50782,25.91,12.97,31.97,20.08,1.0,,37.512994,-119.367828,2022,290609.9,4154540.9,22075_50782
CREEK,17_22075_50782,17.74,19.82,26.42,26.5,1.0,,37.512994,-119.367828,2022,290609.9,4154540.9,22075_50782
CREEK,17_22075_50782,14.8,31.64,22.54,40.93,1.0,,37.512994,-119.367828,2022,290609.9,4154540.9,22075_50782
CREEK,17_22075_50782,22.3,30.6,30.5,38.33,1.0,,37.512994,-119.367828,2022,290609.9,4154540.9,22075_50782
CREEK,17_22075_50782,15.18,24.49,24.92,31.22,1.0,,37.512994,-119.367828,2022,290609.9,4154540.9,22075_50782
CREEK,17_22075_50782,8.28,25.28,17.5,31.99,1.0,,37.512994,-119.367828,2022,290609.9,4154540.9,22075_50782
CREEK,17_22075_50782,13.64,62.89,18.7,71.02,1.0,,37.512994,-119.367828,2022,290609.9,4154540.9,22075_50782
CREEK,17_22075_50782,17.67,67.03,25.93,76.34,1.0,,37.512994,-119.367828,2022,290609.9,4154540.9,22075_50782
CREEK,17_22075_50782,24.36,58.28,33.39,73.97,1.0,,37.512994,-119.367828,2022,290609.9,4154540.9,22075_50782
CREEK,17_22075_50782,33.84,61.3,45.42,74.97,1.0,,37.512994,-119.367828,2022,290609.9,4154540.9,22075_50782
CREEK,17_22075_50782,48.98,62.15,58.34,72.56,1.0,,37.512994,-119.367828,2022,290609.9,4154540.9,22075_50782
CREEK,17_22075_50782,56.97,66.44,67.94,77.97,1.0,,37.512994,-119.367828,2022,290609.9,4154540.9,22075_50782
CREEK,17_22075_50782,64.79,80.53,73.48,87.21,1.0,,37.512994,-119.367828,2022,290609.9,4154540.9,22075_50782
CREEK,17_22075_50782,73.06,75.81,81.85,85.15,1.0,,37.512994,-119.367828,2022,290609.9,4154540.9,22075_50782
CREEK,17_22075_50782,82.73,67.43,88.78,74.01,1.0,,37.512994,-119.367828,2022,290609.9,4154540.9,22075_50782
CREEK,17_22075_50782,61.49,50.69,66.97,56.19,1.0,,37.512994,-119.367828,2022,290609.9,4154540.9,22075_50782
CREEK,17_22075_50782,47.46,40.07,60.5,50.63,1.0,,37.512994,-119.367828,2022,290609.9,4154540.9,22075_50782
CREEK,17_22075_50782,33.47,29.71,39.52,36.29,1.0,,37.512994,-119.367828,2022,290609.9,4154540.9,22075_50782
CREEK,17_22075_50782,40.61,30.0,51.65,43.12,1.0,,37.512994,-119.367828,2022,290609.9,4154540.9,22075_50782
CREEK,17_22075_50782,66.92,41.62,77.35,52.61,1.0,,37.512994,-119.367828,2022,290609.9,4154540.9,22075_50782
CREEK,17_22075_50782,78.44,42.6,86.82,55.1,1.0,,37.512994,-119.367828,2022,290609.9,4154540.9,22075_50782
CREEK,17_22075_50782,74.56,41.12,81.07,46.13,1.0,,37.512994,-119.367828,2022,290609.9,4154540.9,22075_50782
CREEK,17_22075_50782,80.22,36.03,85.23,43.11,1.0,,37.512994,-119.367828,2022,290609.9,4154540.9,22075_50782
CREEK,17_22075_50782,61.78,36.38,69.9,41.98,1.0,,37.512994,-119.367828,2022,290609.9,4154540.9,22075_50782
CREEK,17_22075_50782,59.88,30.2,65.38,36.24,1.0,,37.512994,-119.367828,2022,290609.9,4154540.9,22075_50782
CREEK,17_22075_50782,90.45,43.07,97.64,51.81,1.0,,37.512994,-119.367828,2022,290609.9,4154540.9,22075_50782
CREEK,17_22075_50782,87.49,38.71,94.11,46.37,1.0,,37.512994,-119.367828,2022,290609.9,4154540.9,22075_50782
CREEK,17_22075_50782,96.96,36.69,105.8,47.61,1.0,,37.512994,-119.367828,2022,290609.9,4154540.9,22075_50782
CREEK,17_22075_50782,106.38,41.03,114.09,49.79,1.0,,37.512994,-119.367828,2022,290609.9,4154540.9,22075_50782
CREEK,17_22075_50782,159.17,50.5,166.29,57.66,1.0,,37.512994,-119.367828,2022,290609.9,4154540.9,22075_50782
CREEK,17_22075_50782,203.55,17.48,208.5,22.96,1.0,,37.512994,-119.367828,2022,290609.9,4154540.9,22075_50782
CREEK,17_22075_50782,214.69,15.79,221.24,21.86,1.0,,37.512994,-119.367828,2022,290609.9,4154540.9,22075_50782
CREEK,17_22075_50782,218.35,10.36,222.78,15.82,1.0,,37.512994,-119.367828,2022,290609.9,4154540.9,22075_50782
CREEK,17_22075_50782,230.65,5.01,237.77,12.16,1.0,,37.512994,-119.367828,2022,290609.9,4154540.9,22075_50782
CREEK,17_22075_50782,234.31,18.68,240.42,26.85,1.0,,37.512994,-119.367828,2022,290609.9,4154540.9,22075_50782
CREEK,17_22075_50782,220.63,46.26,226.68,52.84,1.0,,37.512994,-119.367828,2022,290609.9,4154540.9,22075_50782
CREEK,17_22075_50782,28.21,82.03,37.5,90.85,1.0,,37.512994,-119.367828,2022,290609.9,4154540.9,22075_50782
CREEK,17_22075_50782,37.31,85.04,46.63,94.39,1.0,,37.512994,-119.367828,2022,290609.9,4154540.9,22075_50782
CREEK,17_22075_50782,37.79,95.92,45.42,102.57,1.0,,37.512994,-119.367828,2022,290609.9,4154540.9,22075_50782
CREEK,17_22075_50782,49.22,83.91,56.97,93.73,1.0,,37.512994,-119.367828,2022,290609.9,4154540.9,22075_50782
CREEK,17_22075_50782,48.8,95.82,58.63,104.67,1.0,,37.512994,-119.367828,2022,290609.9,4154540.9,22075_50782
CREEK,17_22075_50782,57.42,87.41,66.35,100.45,1.0,,37.512994,-119.367828,2022,290609.9,4154540.9,22075_50782
CREEK,17_22075_50782,65.02,94.6,72.15,101.75,1.0,,37.512994,-119.367828,2022,290609.9,4154540.9,22075_50782
CREEK,17_22075_50782,72.93,93.58,79.06,102.28,1.0,,37.512994,-119.367828,2022,290609.9,4154540.9,22075_50782
CREEK,17_22075_50782,71.66,86.9,77.73,94.01,1.0,,37.512994,-119.367828,2022,290609.9,4154540.9,22075_50782
CREEK,17_22075_50782,80.17,91.21,86.81,99.4,1.0,,37.512994,-119.367828,2022,290609.9,4154540.9,22075_50782
CREEK,17_22075_50782,71.59,100.95,80.88,109.78,1.0,,37.512994,-119.367828,2022,290609.9,4154540.9,22075_50782
CREEK,17_22075_50782,85.91,107.34,93.58,115.05,1.0,,37.512994,-119.367828,2022,290609.9,4154540.9,22075_50782
CREEK,17_22075_50782,83.81,97.98,93.67,107.88,1.0,,37.512994,-119.367828,2022,290609.9,4154540.9,22075_50782
CREEK,17_22075_50782,87.84,88.85,94.03,99.14,1.0,,37.512994,-119.367828,2022,290609.9,4154540.9,22075_50782
CREEK,17_22075_50782,95.0,91.25,103.7,98.46,1.0,,37.512994,-119.367828,2022,290609.9,4154540.9,22075_50782
CREEK,17_22075_50782,90.78,82.6,99.55,91.4,1.0,,37.512994,-119.367828,2022,290609.9,4154540.9,22075_50782
CREEK,17_22075_50782,98.88,78.14,107.12,86.92,1.0,,37.512994,-119.367828,2022,290609.9,4154540.9,22075_50782
CREEK,17_22075_50782,95.41,71.11,103.16,80.93,1.0,,37.512994,-119.367828,2022,290609.9,4154540.9,22075_50782
CREEK,17_22075_50782,106.25,86.12,112.36,94.29,1.0,,37.512994,-119.367828,2022,290609.9,4154540.9,22075_50782
CREEK,17_22075_50782,110.55,77.27,117.19,85.46,1.0,,37.512994,-119.367828,2022,290609.9,4154540.9,22075_50782
CREEK,17_22075_50782,113.3,81.88,118.86,89.5,1.0,,37.512994,-119.367828,2022,290609.9,4154540.9,22075_50782
CREEK,17_22075_50782,121.88,83.81,130.67,93.14,1.0,,37.512994,-119.367828,2022,290609.9,4154540.9,22075_50782
CREEK,17_22075_50782,136.61,73.24,142.7,80.88,1.0,,37.512994,-119.367828,2022,290609.9,4154540.9,22075_50782
CREEK,17_22075_50782,126.02,101.47,134.21,109.2,1.0,,37.512994,-119.367828,2022,290609.9,4154540.9,22075_50782
CREEK,17_22075_50782,132.29,95.35,141.05,104.15,1.0,,37.512994,-119.367828,2022,290609.9,4154540.9,22075_50782
CREEK,17_22075_50782,125.04,91.09,133.29,100.4,1.0,,37.512994,-119.367828,2022,290609.9,4154540.9,22075_50782
CREEK,17_22075_50782,156.84,65.54,166.24,77.01,1.0,,37.512994,-119.367828,2022,290609.9,4154540.9,22075_50782
CREEK,17_22075_50782,174.23,73.38,183.1,84.83,1.0,,37.512994,-119.367828,2022,290609.9,4154540.9,22075_50782
CREEK,17_22075_50782,214.54,66.18,220.1,73.8,1.0,,37.512994,-119.367828,2022,290609.9,4154540.9,22075_50782
CREEK,17_22075_50782,208.27,72.3,214.84,78.91,1.0,,37.512994,-119.367828,2022,290609.9,4154540.9,22075_50782
CREEK,17_22075_50782,204.7,89.41,211.28,96.01,1.0,,37.512994,-119.367828,2022,290609.9,4154540.9,22075_50782
CREEK,17_22075_50782,217.04,88.83,223.71,98.08,1.0,,37.512994,-119.367828,2022,290609.9,4154540.9,22075_50782
CREEK,17_22075_50782,217.06,82.46,226.33,90.76,1.0,,37.512994,-119.367828,2022,290609.9,4154540.9,22075_50782
CREEK,17_22075_50782,225.18,91.0,233.4,99.25,1.0,,37.512994,-119.367828,2022,290609.9,4154540.9,22075_50782
CREEK,17_22075_50782,226.12,68.22,233.75,74.87,1.0,,37.512994,-119.367828,2022,290609.9,4154540.9,22075_50782
CREEK,17_22075_50782,238.33,72.94,244.93,80.07,1.0,,37.512994,-119.367828,2022,290609.9,4154540.9,22075_50782
CREEK,17_22075_50782,18.87,83.79,27.13,93.1,1.0,,37.512994,-119.367828,2022,290609.9,4154540.9,22075_50782
CREEK,17_22075_50782,14.65,102.73,24.02,113.67,1.0,,37.512994,-119.367828,2022,290609.9,4154540.9,22075_50782
CREEK,17_22075_50782,24.26,101.77,35.15,111.18,1.0,,37.512994,-119.367828,2022,290609.9,4154540.9,22075_50782
CREEK,17_22075_50782,23.45,91.65,29.47,97.71,1.0,,37.512994,-119.367828,2022,290609.9,4154540.9,22075_50782
CREEK,17_22075_50782,25.07,111.36,36.63,124.5,1.0,,37.512994,-119.367828,2022,290609.9,4154540.9,22075_50782
CREEK,17_22075_50782,48.56,107.49,56.33,117.84,1.0,,37.512994,-119.367828,2022,290609.9,4154540.9,22075_50782
CREEK,17_22075_50782,66.55,113.49,75.38,123.88,1.0,,37.512994,-119.367828,2022,290609.9,4154540.9,22075_50782
CREEK,17_22075_50782,93.31,115.59,99.34,121.64,1.0,,37.512994,-119.367828,2022,290609.9,4154540.9,22075_50782
CREEK,17_22075_50782,105.45,98.56,114.78,108.44,1.0,,37.512994,-119.367828,2022,290609.9,4154540.9,22075_50782
CREEK,17_22075_50782,109.96,108.54,119.15,114.71,1.0,,37.512994,-119.367828,2022,290609.9,4154540.9,22075_50782
CREEK,17_22075_50782,100.19,105.25,110.03,114.62,1.0,,37.512994,-119.367828,2022,290609.9,4154540.9,22075_50782
CREEK,17_22075_50782,121.73,113.51,130.58,124.43,1.0,,37.512994,-119.367828,2022,290609.9,4154540.9,22075_50782
CREEK,17_22075_50782,105.49,121.63,114.68,127.8,1.0,,37.512994,-119.367828,2022,290609.9,4154540.9,22075_50782
CREEK,17_22075_50782,102.02,115.39,110.7,122.08,1.0,,37.512994,-119.367828,2022,290609.9,4154540.9,22075_50782
CREEK,17_22075_50782,42.29,127.93,52.11,136.78,1.0,,37.512994,-119.367828,2022,290609.9,4154540.9,22075_50782
CREEK,17_22075_50782,49.62,118.41,59.08,131.47,1.0,,37.512994,-119.367828,2022,290609.9,4154540.9,22075_50782
CREEK,17_22075_50782,57.93,123.77,69.96,135.34,1.0,,37.512994,-119.367828,2022,290609.9,4154540.9,22075_50782
CREEK,17_22075_50782,68.18,121.24,77.46,129.54,1.0,,37.512994,-119.367828,2022,290609.9,4154540.9,22075_50782
CREEK,17_22075_50782,79.06,119.02,85.74,128.27,1.0,,37.512994,-119.367828,2022,290609.9,4154540.9,22075_50782
CREEK,17_22075_50782,86.14,124.06,91.62,129.56,1.0,,37.512994,-119.367828,2022,290609.9,4154540.9,22075_50782
CREEK,17_22075_50782,89.91,124.74,99.25,134.62,1.0,,37.512994,-119.367828,2022,290609.9,4154540.9,22075_50782
CREEK,17_22075_50782,104.11,132.71,107.4,136.01,1.0,,37.512994,-119.367828,2022,290609.9,4154540.9,22075_50782
CREEK,17_22075_50782,104.59,135.65,111.24,144.38,1.0,,37.512994,-119.367828,2022,290609.9,4154540.9,22075_50782
CREEK,17_22075_50782,97.61,140.69,105.76,147.35,1.0,,37.512994,-119.367828,2022,290609.9,4154540.9,22075_50782
CREEK,17_22075_50782,141.5,115.07,149.8,125.45,1.0,,37.512994,-119.367828,2022,290609.9,4154540.9,22075_50782
CREEK,17_22075_50782,155.36,112.96,164.15,122.29,1.0,,37.512994,-119.367828,2022,290609.9,4154540.9,22075_50782
CREEK,17_22075_50782,149.22,118.3,158.13,130.81,1.0,,37.512994,-119.367828,2022,290609.9,4154540.9,22075_50782
CREEK,17_22075_50782,143.75,126.83,152.52,135.63,1.0,,37.512994,-119.367828,2022,290609.9,4154540.9,22075_50782
CREEK,17_22075_50782,135.01,127.55,143.78,136.36,1.0,,37.512994,-119.367828,2022,290609.9,4154540.9,22075_50782
CREEK,17_22075_50782,7.66,128.18,16.44,137.51,1.0,,37.512994,-119.367828,2022,290609.9,4154540.9,22075_50782
CREEK,17_22075_50782,7.14,134.79,15.92,144.12,1.0,,37.512994,-119.367828,2022,290609.9,4154540.9,22075_50782
CREEK,17_22075_50782,0.0,139.01,4.15,147.65,1.0,,37.512994,-119.367828,2022,290609.9,4154540.9,22075_50782
CREEK,17_22075_50782,0.0,150.95,5.8,157.53,1.0,,37.512994,-119.367828,2022,290609.9,4154540.9,22075_50782
CREEK,17_22075_50782,11.83,186.69,21.06,193.93,1.0,,37.512994,-119.367828,2022,290609.9,4154540.9,22075_50782
CREEK,17_22075_50782,17.36,180.54,23.94,187.14,1.0,,37.512994,-119.367828,2022,290609.9,4154540.9,22075_50782
CREEK,17_22075_50782,28.03,178.04,34.6,184.64,1.0,,37.512994,-119.367828,2022,290609.9,4154540.9,22075_50782
CREEK,17_22075_50782,60.26,139.24,68.58,150.14,1.0,,37.512994,-119.367828,2022,290609.9,4154540.9,22075_50782
CREEK,17_22075_50782,89.88,154.71,99.15,163.0,1.0,,37.512994,-119.367828,2022,290609.9,4154540.9,22075_50782
CREEK,17_22075_50782,75.68,163.98,84.53,174.9,1.0,,37.512994,-119.367828,2022,290609.9,4154540.9,22075_50782
CREEK,17_22075_50782,71.27,170.44,78.47,179.71,1.0,,37.512994,-119.367828,2022,290609.9,4154540.9,22075_50782
CREEK,17_22075_50782,60.85,167.64,67.49,175.83,1.0,,37.512994,-119.367828,2022,290609.9,4154540.9,22075_50782
CREEK,17_22075_50782,64.2,163.53,71.87,171.23,1.0,,37.512994,-119.367828,2022,290609.9,4154540.9,22075_50782
CREEK,17_22075_50782,51.29,162.76,59.49,170.48,1.0,,37.512994,-119.367828,2022,290609.9,4154540.9,22075_50782
CREEK,17_22075_50782,60.48,153.05,71.48,165.11,1.0,,37.512994,-119.367828,2022,290609.9,4154540.9,22075_50782
CREEK,17_22075_50782,34.8,154.98,45.52,173.37,1.0,,37.512994,-119.367828,2022,290609.9,4154540.9,22075_50782
CREEK,17_22075_50782,18.62,161.23,26.27,168.4,1.0,,37.512994,-119.367828,2022,290609.9,4154540.9,22075_50782
CREEK,17_22075_50782,4.25,164.38,10.83,170.99,1.0,,37.512994,-119.367828,2022,290609.9,4154540.9,22075_50782
CREEK,17_22075_50782,19.24,150.91,29.04,159.22,1.0,,37.512994,-119.367828,2022,290609.9,4154540.9,22075_50782
CREEK,17_22075_50782,8.84,150.77,19.27,161.76,1.0,,37.512994,-119.367828,2022,290609.9,4154540.9,22075_50782
CREEK,17_22075_50782,23.65,191.93,30.9,202.26,1.0,,37.512994,-119.367828,2022,290609.9,4154540.9,22075_50782
CREEK,17_22075_50782,37.06,192.98,45.38,203.88,1.0,,37.512994,-119.367828,2022,290609.9,4154540.9,22075_50782
CREEK,17_22075_50782,47.4,189.94,54.74,202.92,1.0,,37.512994,-119.367828,2022,290609.9,4154540.9,22075_50782
CREEK,17_22075_50782,71.99,187.7,79.13,195.38,1.0,,37.512994,-119.367828,2022,290609.9,4154540.9,22075_50782
CREEK,17_22075_50782,79.72,184.82,86.37,193.54,1.0,,37.512994,-119.367828,2022,290609.9,4154540.9,22075_50782
CREEK,17_22075_50782,90.7,194.0,97.9,203.27,1.0,,37.512994,-119.367828,2022,290609.9,4154540.9,22075_50782
CREEK,17_22075_50782,84.82,174.15,94.17,184.56,1.0,,37.512994,-119.367828,2022,290609.9,4154540.9,22075_50782
CREEK,17_22075_50782,94.38,175.57,98.35,183.13,1.0,,37.512994,-119.367828,2022,290609.9,4154540.9,22075_50782
CREEK,17_22075_50782,94.97,182.23,101.53,188.3,1.0,,37.512994,-119.367828,2022,290609.9,4154540.9,22075_50782
CREEK,17_22075_50782,100.67,188.82,109.99,198.17,1.0,,37.512994,-119.367828,2022,290609.9,4154540.9,22075_50782
CREEK,17_22075_50782,98.17,165.11,105.88,173.88,1.0,,37.512994,-119.367828,2022,290609.9,4154540.9,22075_50782
CREEK,17_22075_50782,106.53,172.87,114.3,183.22,1.0,,37.512994,-119.367828,2022,290609.9,4154540.9,22075_50782
CREEK,17_22075_50782,109.93,154.17,115.55,163.37,1.0,,37.512994,-119.367828,2022,290609.9,4154540.9,22075_50782
CREEK,17_22075_50782,125.0,140.69,131.12,149.39,1.0,,37.512994,-119.367828,2022,290609.9,4154540.9,22075_50782
CREEK,17_22075_50782,139.25,142.04,146.92,149.74,1.0,,37.512994,-119.367828,2022,290609.9,4154540.9,22075_50782
CREEK,17_22075_50782,133.01,145.78,138.59,153.93,1.0,,37.512994,-119.367828,2022,290609.9,4154540.9,22075_50782
CREEK,17_22075_50782,137.25,151.78,146.01,160.58,1.0,,37.512994,-119.367828,2022,290609.9,4154540.9,22075_50782
CREEK,17_22075_50782,132.86,160.63,145.93,171.71,1.0,,37.512994,-119.367828,2022,290609.9,4154540.9,22075_50782
CREEK,17_22075_50782,116.01,169.78,125.77,177.04,1.0,,37.512994,-119.367828,2022,290609.9,4154540.9,22075_50782
CREEK,17_22075_50782,121.85,157.55,129.68,169.49,1.0,,37.512994,-119.367828,2022,290609.9,4154540.9,22075_50782
CREEK,17_22075_50782,117.34,156.31,124.45,162.93,1.0,,37.512994,-119.367828,2022,290609.9,4154540.9,22075_50782
CREEK,17_22075_50782,131.73,177.29,137.9,187.05,1.0,,37.512994,-119.367828,2022,290609.9,4154540.9,22075_50782
CREEK,17_22075_50782,138.54,170.93,146.33,181.81,1.0,,37.512994,-119.367828,2022,290609.9,4154540.9,22075_50782
CREEK,17_22075_50782,156.5,152.52,164.21,161.29,1.0,,37.512994,-119.367828,2022,290609.9,4154540.9,22075_50782
CREEK,17_22075_50782,139.9,192.73,148.66,201.53,1.0,,37.512994,-119.367828,2022,290609.9,4154540.9,22075_50782
CREEK,17_22075_50782,152.3,181.28,161.78,194.87,1.0,,37.512994,-119.367828,2022,290609.9,4154540.9,22075_50782
CREEK,17_22075_50782,146.92,167.54,154.12,176.81,1.0,,37.512994,-119.367828,2022,290609.9,4154540.9,22075_50782
CREEK,17_22075_50782,148.27,161.49,154.36,169.13,1.0,,37.512994,-119.367828,2022,290609.9,4154540.9,22075_50782
CREEK,17_22075_50782,157.34,164.49,167.71,173.89,1.0,,37.512994,-119.367828,2022,290609.9,4154540.9,22075_50782
CREEK,17_22075_50782,169.04,163.35,175.68,171.55,1.0,,37.512994,-119.367828,2022,290609.9,4154540.9,22075_50782
CREEK,17_22075_50782,175.02,161.2,182.1,167.29,1.0,,37.512994,-119.367828,2022,290609.9,4154540.9,22075_50782
CREEK,17_22075_50782,175.39,171.56,181.44,178.14,1.0,,37.512994,-119.367828,2022,290609.9,4154540.9,22075_50782
CREEK,17_22075_50782,154.81,167.84,160.45,177.58,1.0,,37.512994,-119.367828,2022,290609.9,4154540.9,22075_50782
CREEK,17_22075_50782,189.77,175.56,196.34,182.16,1.0,,37.512994,-119.367828,2022,290609.9,4154540.9,22075_50782
CREEK,17_22075_50782,184.55,181.72,191.08,187.27,1.0,,37.512994,-119.367828,2022,290609.9,4154540.9,22075_50782
CREEK,17_22075_50782,187.66,169.64,191.55,175.08,1.0,,37.512994,-119.367828,2022,290609.9,4154540.9,22075_50782
CREEK,17_22075_50782,180.43,165.38,184.32,170.82,1.0,,37.512994,-119.367828,2022,290609.9,4154540.9,22075_50782
CREEK,17_22075_50782,190.67,149.87,199.97,158.7,1.0,,37.512994,-119.367828,2022,290609.9,4154540.9,22075_50782
CREEK,17_22075_50782,183.85,198.94,190.42,205.54,1.0,,37.512994,-119.367828,2022,290609.9,4154540.9,22075_50782
CREEK,17_22075_50782,210.15,191.21,217.39,201.54,1.0,,37.512994,-119.367828,2022,290609.9,4154540.9,22075_50782
CREEK,17_22075_50782,203.38,182.46,214.29,192.41,1.0,,37.512994,-119.367828,2022,290609.9,4154540.9,22075_50782
CREEK,17_22075_50782,191.89,169.54,200.0,175.15,1.0,,37.512994,-119.367828,2022,290609.9,4154540.9,22075_50782
CREEK,17_22075_50782,203.86,154.62,207.19,158.98,1.0,,37.512994,-119.367828,2022,290609.9,4154540.9,22075_50782
CREEK,17_22075_50782,165.74,130.34,176.68,140.81,1.0,,37.512994,-119.367828,2022,290609.9,4154540.9,22075_50782
CREEK,17_22075_50782,172.91,132.2,180.58,139.91,1.0,,37.512994,-119.367828,2022,290609.9,4154540.9,22075_50782
CREEK,17_22075_50782,27.78,207.74,37.68,218.7,1.0,,37.512994,-119.367828,2022,290609.9,4154540.9,22075_50782
CREEK,17_22075_50782,49.87,214.43,59.61,221.15,1.0,,37.512994,-119.367828,2022,290609.9,4154540.9,22075_50782
CREEK,17_22075_50782,48.11,223.65,58.46,232.51,1.0,,37.512994,-119.367828,2022,290609.9,4154540.9,22075_50782
CREEK,17_22075_50782,16.34,217.64,26.2,227.54,1.0,,37.512994,-119.367828,2022,290609.9,4154540.9,22075_50782
CREEK,17_22075_50782,10.51,212.9,19.78,221.2,1.0,,37.512994,-119.367828,2022,290609.9,4154540.9,22075_50782
CREEK,17_22075_50782,7.4,225.78,16.12,233.52,1.0,,37.512994,-119.367828,2022,290609.9,4154540.9,22075_50782
CREEK,17_22075_50782,10.82,237.06,21.76,247.53,1.0,,37.512994,-119.367828,2022,290609.9,4154540.9,22075_50782
CREEK,17_22075_50782,4.35,243.7,13.58,250.93,1.0,,37.512994,-119.367828,2022,290609.9,4154540.9,22075_50782
CREEK,17_22075_50782,29.57,244.68,37.84,254.52,1.0,,37.512994,-119.367828,2022,290609.9,4154540.9,22075_50782
CREEK,17_22075_50782,37.96,241.55,46.68,249.3,1.0,,37.512994,-119.367828,2022,290609.9,4154540.9,22075_50782
CREEK,17_22075_50782,30.44,232.51,36.47,238.56,1.0,,37.512994,-119.367828,2022,290609.9,4154540.9,22075_50782
CREEK,17_22075_50782,53.94,232.09,60.52,238.69,1.0,,37.512994,-119.367828,2022,290609.9,4154540.9,22075_50782
CREEK,17_22075_50782,60.91,234.75,69.13,243.0,1.0,,37.512994,-119.367828,2022,290609.9,4154540.9,22075_50782
CREEK,17_22075_50782,70.44,230.62,79.85,242.62,1.0,,37.512994,-119.367828,2022,290609.9,4154540.9,22075_50782
CREEK,17_22075_50782,84.77,237.27,90.43,247.54,1.0,,37.512994,-119.367828,2022,290609.9,4154540.9,22075_50782
CREEK,17_22075_50782,92.19,234.91,101.08,246.89,1.0,,37.512994,-119.367828,2022,290609.9,4154540.9,22075_50782
CREEK,17_22075_50782,97.72,212.31,105.39,220.01,1.0,,37.512994,-119.367828,2022,290609.9,4154540.9,22075_50782
CREEK,17_22075_50782,92.65,221.92,98.68,227.97,1.0,,37.512994,-119.367828,2022,290609.9,4154540.9,22075_50782
CREEK,17_22075_50782,100.48,223.29,107.61,230.44,1.0,,37.512994,-119.367828,2022,290609.9,4154540.9,22075_50782
CREEK,17_22075_50782,105.95,231.2,113.11,239.41,1.0,,37.512994,-119.367828,2022,290609.9,4154540.9,22075_50782
CREEK,17_22075_50782,114.64,232.33,122.31,240.03,1.0,,37.512994,-119.367828,2022,290609.9,4154540.9,22075_50782
CREEK,17_22075_50782,125.66,233.82,131.24,241.97,1.0,,37.512994,-119.367828,2022,290609.9,4154540.9,22075_50782
CREEK,17_22075_50782,133.28,234.64,140.45,242.86,1.0,,37.512994,-119.367828,2022,290609.9,4154540.9,22075_50782
CREEK,17_22075_50782,157.89,251.51,164.36,255.46,1.0,,37.512994,-119.367828,2022,290609.9,4154540.9,22075_50782
CREEK,17_22075_50782,145.71,251.83,155.37,256.0,1.0,,37.512994,-119.367828,2022,290609.9,4154540.9,22075_50782
CREEK,17_22075_50782,162.59,237.1,167.03,243.09,1.0,,37.512994,-119.367828,2022,290609.9,4154540.9,22075_50782
CREEK,17_22075_50782,176.79,231.82,183.87,237.91,1.0,,37.512994,-119.367828,2022,290609.9,4154540.9,22075_50782
CREEK,17_22075_50782,168.39,237.33,174.42,243.38,1.0,,37.512994,-119.367828,2022,290609.9,4154540.9,22075_50782
CREEK,17_22075_50782,184.33,234.5,188.79,241.02,1.0,,37.512994,-119.367828,2022,290609.9,4154540.9,22075_50782
CREEK,17_22075_50782,184.54,252.54,192.05,256.0,1.0,,37.512994,-119.367828,2022,290609.9,4154540.9,22075_50782
CREEK,17_22075_50782,209.89,247.96,222.33,256.0,1.0,,37.512994,-119.367828,2022,290609.9,4154540.9,22075_50782
CREEK,17_22075_50782,196.87,226.51,207.32,238.02,1.0,,37.512994,-119.367828,2022,290609.9,4154540.9,22075_50782
CREEK,17_22075_50782,190.89,213.27,199.64,221.55,1.0,,37.512994,-119.367828,2022,290609.9,4154540.9,22075_50782
CREEK,17_22075_50782,180.92,212.09,186.48,219.71,1.0,,37.512994,-119.367828,2022,290609.9,4154540.9,22075_50782
CREEK,17_22075_50782,202.67,208.69,209.85,217.43,1.0,,37.512994,-119.367828,2022,290609.9,4154540.9,22075_50782
CREEK,17_22075_50782,192.2,208.28,201.94,215.01,1.0,,37.512994,-119.367828,2022,290609.9,4154540.9,22075_50782
CREEK,17_22075_50782,219.84,211.74,226.38,217.28,1.0,,37.512994,-119.367828,2022,290609.9,4154540.9,22075_50782
CREEK,17_22075_50782,212.53,208.54,220.69,215.2,1.0,,37.512994,-119.367828,2022,290609.9,4154540.9,22075_50782
CREEK,17_22075_50782,216.67,217.19,224.85,224.38,1.0,,37.512994,-119.367828,2022,290609.9,4154540.9,22075_50782
CREEK,17_22075_50782,238.67,214.6,246.34,222.3,1.0,,37.512994,-119.367828,2022,290609.9,4154540.9,22075_50782
CREEK,17_22075_50782,250.98,223.56,256.0,231.69,1.0,,37.512994,-119.367828,2022,290609.9,4154540.9,22075_50782
CREEK,17_22075_50782,209.64,233.1,220.53,242.51,1.0,,37.512994,-119.367828,2022,290609.9,4154540.9,22075_50782
CREEK,17_22075_50782,201.51,238.35,213.46,247.81,1.0,,37.512994,-119.367828,2022,290609.9,4154540.9,22075_50782
CREEK,17_22075_50782,225.27,203.21,235.68,213.66,1.0,,37.512994,-119.367828,2022,290609.9,4154540.9,22075_50782
CREEK,17_22075_50782,222.32,190.62,231.68,201.04,1.0,,37.512994,-119.367828,2022,290609.9,4154540.9,22075_50782
CREEK,17_22075_50782,246.43,198.19,253.58,205.87,1.0,,37.512994,-119.367828,2022,290609.9,4154540.9,22075_50782
CREEK,17_22075_50782,234.65,197.73,239.6,203.21,1.0,,37.512994,-119.367828,2022,290609.9,4154540.9,22075_50782
CREEK,17_22075_50782,237.76,189.1,249.16,198.01,1.0,,37.512994,-119.367828,2022,290609.9,4154540.9,22075_50782
CREEK,17_22075_50782,184.29,97.1,191.96,104.81,1.0,,37.512994,-119.367828,2022,290609.9,4154540.9,22075_50782
CREEK,17_22075_50782,200.76,116.31,209.45,122.99,1.0,,37.512994,-119.367828,2022,290609.9,4154540.9,22075_50782
CREEK,17_22075_50782,240.2,133.23,247.36,141.44,1.0,,37.512994,-119.367828,2022,290609.9,4154540.9,22075_50782
CREEK,17_22075_50782,214.42,143.1,222.68,152.41,1.0,,37.512994,-119.367828,2022,290609.9,4154540.9,22075_50782
CREEK,17_22075_50782,228.38,138.87,236.05,146.57,1.0,,37.512994,-119.367828,2022,290609.9,4154540.9,22075_50782
CREEK,17_22075_50782,222.39,144.47,230.55,151.13,1.0,,37.512994,-119.367828,2022,290609.9,4154540.9,22075_50782
CREEK,17_22075_50782,237.23,152.74,247.66,163.73,1.0,,37.512994,-119.367828,2022,290609.9,4154540.9,22075_50782
CREEK,17_22075_50782,246.98,161.87,254.71,171.16,1.0,,37.512994,-119.367828,2022,290609.9,4154540.9,22075_50782
CREEK,17_22075_50782,234.8,164.32,244.57,172.1,1.0,,37.512994,-119.367828,2022,290609.9,4154540.9,22075_50782
CREEK,17_22075_50782,200.73,170.42,211.06,178.76,1.0,,37.512994,-119.367828,2022,290609.9,4154540.9,22075_50782
CREEK,17_22075_50782,210.58,176.9,220.32,183.63,1.0,,37.512994,-119.367828,2022,290609.9,4154540.9,22075_50782
CREEK,17_22075_50782,210.59,167.62,219.88,176.44,1.0,,37.512994,-119.367828,2022,290609.9,4154540.9,22075_50782
CREEK,17_22075_50782,220.65,166.42,231.55,175.84,1.0,,37.512994,-119.367828,2022,290609.9,4154540.9,22075_50782
CREEK,17_22075_50782,220.51,152.63,230.5,165.71,1.0,,37.512994,-119.367828,2022,290609.9,4154540.9,22075_50782
CREEK,17_22075_50782,215.16,155.06,221.17,160.58,1.0,,37.512994,-119.367828,2022,290609.9,4154540.9,22075_50782
CREEK,17_22075_50782,207.22,155.02,215.88,161.17,1.0,,37.512994,-119.367828,2022,290609.9,4154540.9,22075_50782
CREEK,17_22075_50782,204.24,163.66,211.32,169.75,1.0,,37.512994,-119.367828,2022,290609.9,4154540.9,22075_50782
CREEK,17_22075_50782,210.96,159.13,217.58,166.8,1.0,,37.512994,-119.367828,2022,290609.9,4154540.9,22075_50782
CREEK,17_22075_50782,189.05,158.28,199.36,165.56,1.0,,37.512994,-119.367828,2022,290609.9,4154540.9,22075_50782
CREEK,17_22075_50782,202.89,102.22,209.99,108.32,1.0,,37.512994,-119.367828,2022,290609.9,4154540.9,22075_50782
CREEK,17_22075_50782,215.75,111.22,222.87,117.86,1.0,,37.512994,-119.367828,2022,290609.9,4154540.9,22075_50782
CREEK,17_22075_50782,174.65,95.28,180.09,99.73,1.0,,37.512994,-119.367828,2022,290609.9,4154540.9,22075_50782
CREEK,17_22075_50782,182.72,125.61,188.19,130.59,1.0,,37.512994,-119.367828,2022,290609.9,4154540.9,22075_50782
CREEK,17_22075_50782,95.04,148.51,103.7,154.15,1.0,,37.512994,-119.367828,2022,290609.9,4154540.9,22075_50782
CREEK,17_22075_50782,108.97,143.48,113.42,149.48,1.0,,37.512994,-119.367828,2022,290609.9,4154540.9,22075_50782
CREEK,17_22075_50782,181.48,156.65,187.52,162.72,1.0,,37.512994,-119.367828,2022,290609.9,4154540.9,22075_50782
CREEK,17_22075_50782,232.61,146.95,240.28,154.13,1.0,,37.512994,-119.367828,2022,290609.9,4154540.9,22075_50782
CREEK,17_22075_50782,18.31,243.02,27.27,249.35,1.0,,37.512994,-119.367828,2022,290609.9,4154540.9,22075_50782
CREEK,17_22075_50782,166.52,77.39,175.14,85.2,1.0,,37.512994,-119.367828,2022,290609.9,4154540.9,22075_50782
CREEK,17_22075_50782,176.83,67.65,183.64,74.07,1.0,,37.512994,-119.367828,2022,290609.9,4154540.9,22075_50782
CREEK,17_22075_50782,100.91,54.57,112.15,62.48,1.0,,37.512994,-119.367828,2022,290609.9,4154540.9,22075_50782
CREEK,17_22075_50782,165.89,25.8,172.3,33.08,1.0,,37.512994,-119.367828,2022,290609.9,4154540.9,22075_50782
CREEK,17_22075_50782,178.33,24.96,182.43,29.07,1.0,,37.512994,-119.367828,2022,290609.9,4154540.9,22075_50782
CREEK,17_22075_50782,194.66,25.37,200.19,32.62,1.0,,37.512994,-119.367828,2022,290609.9,4154540.9,22075_50782
CREEK,17_22075_50782,217.98,76.3,226.53,82.35,1.0,,37.512994,-119.367828,2022,290609.9,4154540.9,22075_50782
CREEK,17_22075_50782,226.66,84.35,234.78,90.82,1.0,,37.512994,-119.367828,2022,290609.9,4154540.9,22075_50782
CREEK,17_22075_50782,84.65,85.01,91.02,91.41,1.0,,37.512994,-119.367828,2022,290609.9,4154540.9,22075_50782
CREEK,17_22075_50782,61.74,106.16,66.73,110.75,1.0,,37.512994,-119.367828,2022,290609.9,4154540.9,22075_50782
CREEK,17_22075_50782,75.58,245.53,84.76,255.14,1.0,,37.512994,-119.367828,2022,290609.9,4154540.9,22075_50782
CREEK,17_22102_50783,43.8,39.07,52.84,46.61,1.0,,37.510815,-119.293671,2022,297159.0,4154136.6,22102_50783
CREEK,17_22102_50783,31.17,18.98,46.05,33.93,1.0,,37.510815,-119.293671,2022,297159.0,4154136.6,22102_50783
CREEK,17_22102_50783,25.16,40.33,30.89,44.54,1.0,,37.510815,-119.293671,2022,297159.0,4154136.6,22102_50783
CREEK,17_22102_50783,25.11,48.73,30.16,56.11,1.0,,37.510815,-119.293671,2022,297159.0,4154136.6,22102_50783
CREEK,17_22102_50783,18.74,158.47,23.86,167.44,1.0,,37.510815,-119.293671,2022,297159.0,4154136.6,22102_50783
CREEK,17_22102_50783,40.66,140.13,46.48,146.74,1.0,,37.510815,-119.293671,2022,297159.0,4154136.6,22102_50783
CREEK,17_22102_50783,26.75,180.78,37.31,186.78,1.0,,37.510815,-119.293671,2022,297159.0,4154136.6,22102_50783
CREEK,17_22102_50783,26.52,212.37,41.24,223.32,1.0,,37.510815,-119.293671,2022,297159.0,4154136.6,22102_50783
CREEK,17_22102_50783,5.39,202.74,19.32,213.65,1.0,,37.510815,-119.293671,2022,297159.0,4154136.6,22102_50783
CREEK,17_22102_50783,1.65,226.98,13.99,237.84,1.0,,37.510815,-119.293671,2022,297159.0,4154136.6,22102_50783
CREEK,17_22102_50783,73.38,195.43,88.11,206.38,1.0,,37.510815,-119.293671,2022,297159.0,4154136.6,22102_50783
CREEK,17_22102_50783,80.42,213.7,90.18,219.67,1.0,,37.510815,-119.293671,2022,297159.0,4154136.6,22102_50783
CREEK,17_22102_50783,59.94,236.5,71.52,243.97,1.0,,37.510815,-119.293671,2022,297159.0,4154136.6,22102_50783
CREEK,17_22102_50783,35.82,232.3,43.66,240.16,1.0,,37.510815,-119.293671,2022,297159.0,4154136.6,22102_50783
CREEK,17_22102_50783,109.02,199.47,130.37,209.49,1.0,,37.510815,-119.293671,2022,297159.0,4154136.6,22102_50783
CREEK,17_22102_50783,63.46,188.99,74.46,195.37,1.0,,37.510815,-119.293671,2022,297159.0,4154136.6,22102_50783
CREEK,17_22102_50783,130.93,198.17,143.11,207.28,1.0,,37.510815,-119.293671,2022,297159.0,4154136.6,22102_50783
CREEK,17_22102_50783,77.6,222.03,87.45,226.74,1.0,,37.510815,-119.293671,2022,297159.0,4154136.6,22102_50783
CREEK,17_22102_50783,97.78,167.89,115.98,179.95,1.0,,37.510815,-119.293671,2022,297159.0,4154136.6,22102_50783
CREEK,17_22102_50783,125.31,151.5,149.86,162.29,1.0,,37.510815,-119.293671,2022,297159.0,4154136.6,22102_50783
CREEK,17_22102_50783,148.32,142.66,167.44,153.68,1.0,,37.510815,-119.293671,2022,297159.0,4154136.6,22102_50783
CREEK,17_22102_50783,143.73,125.09,158.04,136.25,1.0,,37.510815,-119.293671,2022,297159.0,4154136.6,22102_50783
CREEK,17_22102_50783,178.48,109.15,196.79,123.25,1.0,,37.510815,-119.293671,2022,297159.0,4154136.6,22102_50783
CREEK,17_22102_50783,166.5,124.04,183.68,137.54,1.0,,37.510815,-119.293671,2022,297159.0,4154136.6,22102_50783
CREEK,17_22102_50783,147.89,85.58,163.49,101.24,1.0,,37.510815,-119.293671,2022,297159.0,4154136.6,22102_50783
CREEK,17_22102_50783,188.39,66.77,200.41,76.16,1.0,,37.510815,-119.293671,2022,297159.0,4154136.6,22102_50783
CREEK,17_22102_50783,189.53,80.23,203.22,89.69,1.0,,37.510815,-119.293671,2022,297159.0,4154136.6,22102_50783
CREEK,17_22102_50783,191.93,95.98,206.77,106.6,1.0,,37.510815,-119.293671,2022,297159.0,4154136.6,22102_50783
CREEK,17_22102_50783,162.95,21.58,175.27,29.55,1.0,,37.510815,-119.293671,2022,297159.0,4154136.6,22102_50783
CREEK,17_22102_50783,151.56,13.42,159.82,23.31,1.0,,37.510815,-119.293671,2022,297159.0,4154136.6,22102_50783
CREEK,17_22102_50783,203.09,32.75,216.64,44.41,1.0,,37.510815,-119.293671,2022,297159.0,4154136.6,22102_50783
CREEK,17_22102_50783,206.5,17.17,216.5,28.18,1.0,,37.510815,-119.293671,2022,297159.0,4154136.6,22102_50783
CREEK,17_22102_50783,243.11,61.97,252.6,72.96,1.0,,37.510815,-119.293671,2022,297159.0,4154136.6,22102_50783
CREEK,17_22102_50783,213.8,70.18,222.75,80.14,1.0,,37.510815,-119.293671,2022,297159.0,4154136.6,22102_50783
CREEK,17_22102_50783,240.04,76.03,248.27,80.4,1.0,,37.510815,-119.293671,2022,297159.0,4154136.6,22102_50783
CREEK,17_22102_50783,239.43,83.11,246.73,89.46,1.0,,37.510815,-119.293671,2022,297159.0,4154136.6,22102_50783
CREEK,17_22102_50783,236.62,94.41,251.57,103.59,1.0,,37.510815,-119.293671,2022,297159.0,4154136.6,22102_50783
CREEK,17_22102_50783,242.5,106.3,252.38,114.28,1.0,,37.510815,-119.293671,2022,297159.0,4154136.6,22102_50783
CREEK,17_22102_50783,224.2,116.98,231.51,123.84,1.0,,37.510815,-119.293671,2022,297159.0,4154136.6,22102_50783
CREEK,17_22102_50783,204.99,147.78,221.35,161.66,1.0,,37.510815,-119.293671,2022,297159.0,4154136.6,22102_50783
CREEK,17_22102_50783,186.41,164.63,199.21,171.75,1.0,,37.510815,-119.293671,2022,297159.0,4154136.6,22102_50783
CREEK,17_22102_50783,187.18,212.45,197.34,219.47,1.0,,37.510815,-119.293671,2022,297159.0,4154136.6,22102_50783
CREEK,17_22102_50783,129.79,239.06,145.39,250.26,1.0,,37.510815,-119.293671,2022,297159.0,4154136.6,22102_50783
CREEK,17_22118_50796,64.48,74.45,71.81,84.17,1.0,,37.482487,-119.249725,2022,300968.2,4150899.3,22118_50796
CREEK,17_22118_50796,72.07,53.98,81.84,63.39,1.0,,37.482487,-119.249725,2022,300968.2,4150899.3,22118_50796
CREEK,17_22118_50796,56.15,142.61,66.44,154.92,1.0,,37.482487,-119.249725,2022,300968.2,4150899.3,22118_50796
CREEK,17_22118_50796,90.3,141.93,101.9,156.33,1.0,,37.482487,-119.249725,2022,300968.2,4150899.3,22118_50796
CREEK,17_22128_50748,13.97,103.53,28.83,114.1,1.0,,37.587031,-119.22226,2022,303671.4,4162442.1,22128_50748
CREEK,17_22128_50748,132.5,25.61,146.94,47.94,1.0,,37.587031,-119.22226,2022,303671.4,4162442.1,22128_50748
CREEK,17_22147_50798,155.71,200.65,164.75,211.98,1.0,,37.478128,-119.170074,2022,308000.3,4150250.1,22147_50798
CREEK,17_22147_50798,207.71,34.6,216.67,42.87,1.0,,37.478128,-119.170074,2022,308000.3,4150250.1,22147_50798
CREEK,17_22147_50798,211.79,43.64,218.37,48.81,1.0,,37.478128,-119.170074,2022,308000.3,4150250.1,22147_50798
CREEK,17_22147_50798,221.88,53.5,228.14,59.79,1.0,,37.478128,-119.170074,2022,308000.3,4150250.1,22147_50798
CREEK,17_22147_50798,223.67,49.6,230.18,52.88,1.0,,37.478128,-119.170074,2022,308000.3,4150250.1,22147_50798
CREEK,17_22147_50798,218.5,60.73,226.9,64.46,1.0,,37.478128,-119.170074,2022,308000.3,4150250.1,22147_50798
CREEK,17_22147_50798,216.15,75.57,224.23,80.42,1.0,,37.478128,-119.170074,2022,308000.3,4150250.1,22147_50798
CREEK,17_22147_50798,230.5,20.19,237.01,27.19,1.0,,37.478128,-119.170074,2022,308000.3,4150250.1,22147_50798
CREEK,17_22147_50798,227.6,38.4,235.07,45.44,1.0,,37.478128,-119.170074,2022,308000.3,4150250.1,22147_50798
CREEK,17_22147_50798,156.04,161.13,164.04,169.63,1.0,,37.478128,-119.170074,2022,308000.3,4150250.1,22147_50798
CREEK,17_22147_50798,160.63,176.02,168.96,180.69,1.0,,37.478128,-119.170074,2022,308000.3,4150250.1,22147_50798
CREEK,17_22147_50798,170.28,193.31,183.14,203.45,1.0,,37.478128,-119.170074,2022,308000.3,4150250.1,22147_50798
CREEK,17_22147_50798,193.28,164.58,201.85,175.03,1.0,,37.478128,-119.170074,2022,308000.3,4150250.1,22147_50798
CREEK,17_22147_50798,186.45,176.12,192.98,183.6,1.0,,37.478128,-119.170074,2022,308000.3,4150250.1,22147_50798
CREEK,17_22147_50798,181.96,205.84,191.28,211.51,1.0,,37.478128,-119.170074,2022,308000.3,4150250.1,22147_50798
CREEK,17_22147_50798,237.22,163.49,246.32,175.4,1.0,,37.478128,-119.170074,2022,308000.3,4150250.1,22147_50798
CREEK,17_22147_50798,220.6,145.2,227.61,152.7,1.0,,37.478128,-119.170074,2022,308000.3,4150250.1,22147_50798
CREEK,17_22147_50798,210.67,153.71,218.62,160.77,1.0,,37.478128,-119.170074,2022,308000.3,4150250.1,22147_50798
CREEK,17_22147_50798,235.38,183.91,242.37,190.92,1.0,,37.478128,-119.170074,2022,308000.3,4150250.1,22147_50798
CREEK,17_22147_50798,213.23,204.22,219.21,210.24,1.0,,37.478128,-119.170074,2022,308000.3,4150250.1,22147_50798
CREEK,17_22147_50798,174.46,124.5,182.58,135.89,1.0,,37.478128,-119.170074,2022,308000.3,4150250.1,22147_50798
CREEK,17_22147_50798,152.68,131.33,160.69,139.83,1.0,,37.478128,-119.170074,2022,308000.3,4150250.1,22147_50798
CREEK,17_22147_50798,134.98,135.67,142.5,144.15,1.0,,37.478128,-119.170074,2022,308000.3,4150250.1,22147_50798
CREEK,17_22147_50798,202.76,110.3,212.46,116.78,1.0,,37.478128,-119.170074,2022,308000.3,4150250.1,22147_50798
CREEK,17_22147_50798,198.38,95.52,202.59,99.76,1.0,,37.478128,-119.170074,2022,308000.3,4150250.1,22147_50798
CREEK,17_22147_50798,204.37,79.14,214.06,85.63,1.0,,37.478128,-119.170074,2022,308000.3,4150250.1,22147_50798
CREEK,17_22147_50798,228.47,109.65,238.17,116.14,1.0,,37.478128,-119.170074,2022,308000.3,4150250.1,22147_50798
CREEK,17_22147_50798,97.61,223.41,102.45,226.31,1.0,,37.478128,-119.170074,2022,308000.3,4150250.1,22147_50798
CREEK,17_22147_50798,100.17,238.79,109.92,246.63,1.0,,37.478128,-119.170074,2022,308000.3,4150250.1,22147_50798
CREEK,17_22147_50798,94.38,249.08,104.77,256.0,1.0,,37.478128,-119.170074,2022,308000.3,4150250.1,22147_50798
CREEK,17_22147_50798,67.08,243.89,83.01,254.69,1.0,,37.478128,-119.170074,2022,308000.3,4150250.1,22147_50798
CREEK,17_22147_50798,82.41,211.6,92.1,218.08,1.0,,37.478128,-119.170074,2022,308000.3,4150250.1,22147_50798
CREEK,17_22147_50798,188.81,235.63,200.61,244.23,1.0,,37.478128,-119.170074,2022,308000.3,4150250.1,22147_50798
CREEK,17_22147_50798,174.9,246.6,181.25,253.63,1.0,,37.478128,-119.170074,2022,308000.3,4150250.1,22147_50798
CREEK,17_22147_50798,149.41,223.84,157.17,232.28,1.0,,37.478128,-119.170074,2022,308000.3,4150250.1,22147_50798
CREEK,17_22147_50798,165.01,137.27,174.87,147.82,1.0,,37.478128,-119.170074,2022,308000.3,4150250.1,22147_50798
CREEK,17_22147_50798,173.45,151.82,178.11,159.8,1.0,,37.478128,-119.170074,2022,308000.3,4150250.1,22147_50798
CREEK,17_22147_50798,185.75,147.04,190.08,152.71,1.0,,37.478128,-119.170074,2022,308000.3,4150250.1,22147_50798
CREEK,17_22147_50798,192.55,147.09,200.48,157.03,1.0,,37.478128,-119.170074,2022,308000.3,4150250.1,22147_50798
CREEK,17_22147_50798,242.54,26.66,251.88,41.04,1.0,,37.478128,-119.170074,2022,308000.3,4150250.1,22147_50798
CREEK,17_22147_50798,231.92,4.36,239.41,12.26,1.0,,37.478128,-119.170074,2022,308000.3,4150250.1,22147_50798
CREEK,17_22147_50798,247.02,10.79,254.13,19.08,1.0,,37.478128,-119.170074,2022,308000.3,4150250.1,22147_50798
CREEK,17_22147_50798,216.34,21.37,223.94,32.08,1.0,,37.478128,-119.170074,2022,308000.3,4150250.1,22147_50798
CASTLE,17_22288_51331,120.21,233.75,134.8,248.41,1.0,,36.307379,-118.782806,2022,339816.9,4019642.0,22288_51331
CASTLE,17_22288_51331,83.81,232.58,94.69,243.21,1.0,,36.307379,-118.782806,2022,339816.9,4019642.0,22288_51331
CASTLE,17_22288_51331,78.82,241.16,88.48,252.05,1.0,,36.307379,-118.782806,2022,339816.9,4019642.0,22288_51331
CASTLE,17_22288_51331,86.22,249.03,92.78,254.1,1.0,,36.307379,-118.782806,2022,339816.9,4019642.0,22288_51331
CASTLE,17_22288_51331,94.39,216.67,105.71,228.04,1.0,,36.307379,-118.782806,2022,339816.9,4019642.0,22288_51331
CASTLE,17_22288_51331,88.69,206.27,99.18,216.06,1.0,,36.307379,-118.782806,2022,339816.9,4019642.0,22288_51331
CASTLE,17_22288_51331,149.22,246.4,158.53,255.22,1.0,,36.307379,-118.782806,2022,339816.9,4019642.0,22288_51331
CASTLE,17_22288_51331,139.06,240.89,146.17,250.18,1.0,,36.307379,-118.782806,2022,339816.9,4019642.0,22288_51331
CASTLE,17_22288_51331,149.56,236.85,159.51,247.38,1.0,,36.307379,-118.782806,2022,339816.9,4019642.0,22288_51331
CASTLE,17_22288_51331,81.16,202.25,91.05,212.19,1.0,,36.307379,-118.782806,2022,339816.9,4019642.0,22288_51331
CASTLE,17_22288_51331,82.26,198.4,91.22,206.56,1.0,,36.307379,-118.782806,2022,339816.9,4019642.0,22288_51331
CASTLE,17_22288_51331,74.88,206.75,82.22,217.43,1.0,,36.307379,-118.782806,2022,339816.9,4019642.0,22288_51331
CASTLE,17_22290_51331,211.52,3.92,220.58,14.96,1.0,,36.307379,-118.777313,2022,340310.1,4019632.9,22290_51331
CASTLE,17_22290_51331,219.31,0.45,227.82,10.45,1.0,,36.307379,-118.777313,2022,340310.1,4019632.9,22290_51331
CASTLE,17_22290_51331,224.99,6.29,231.37,13.66,1.0,,36.307379,-118.777313,2022,340310.1,4019632.9,22290_51331
CASTLE,17_22290_51331,223.89,18.45,230.84,27.37,1.0,,36.307379,-118.777313,2022,340310.1,4019632.9,22290_51331
CASTLE,17_22290_51331,218.71,32.01,225.56,38.32,1.0,,36.307379,-118.777313,2022,340310.1,4019632.9,22290_51331
CASTLE,17_22290_51331,228.58,40.29,235.41,45.99,1.0,,36.307379,-118.777313,2022,340310.1,4019632.9,22290_51331
CASTLE,17_22290_51331,201.37,23.73,212.11,36.81,1.0,,36.307379,-118.777313,2022,340310.1,4019632.9,22290_51331
CASTLE,17_22290_51331,181.81,2.97,197.99,17.5,1.0,,36.307379,-118.777313,2022,340310.1,4019632.9,22290_51331
CASTLE,17_22290_51331,196.52,0.0,206.86,3.44,1.0,,36.307379,-118.777313,2022,340310.1,4019632.9,22290_51331
CASTLE,17_22290_51331,161.18,15.33,173.15,29.07,1.0,,36.307379,-118.777313,2022,340310.1,4019632.9,22290_51331
CASTLE,17_22290_51331,142.09,6.35,155.82,19.57,1.0,,36.307379,-118.777313,2022,340310.1,4019632.9,22290_51331
CASTLE,17_22290_51331,147.43,1.15,152.46,6.77,1.0,,36.307379,-118.777313,2022,340310.1,4019632.9,22290_51331
CASTLE,17_22290_51331,116.62,13.97,126.08,25.2,1.0,,36.307379,-118.777313,2022,340310.1,4019632.9,22290_51331
CASTLE,17_22290_51331,182.37,22.84,201.69,37.62,1.0,,36.307379,-118.777313,2022,340310.1,4019632.9,22290_51331
CASTLE,17_22290_51331,195.74,22.32,199.07,25.15,1.0,,36.307379,-118.777313,2022,340310.1,4019632.9,22290_51331
CASTLE,17_22290_51331,184.44,14.31,196.72,26.65,1.0,,36.307379,-118.777313,2022,340310.1,4019632.9,22290_51331
CASTLE,17_22290_51331,165.67,0.56,170.81,8.29,1.0,,36.307379,-118.777313,2022,340310.1,4019632.9,22290_51331
CASTLE,17_22290_51331,105.23,41.82,118.93,58.46,1.0,,36.307379,-118.777313,2022,340310.1,4019632.9,22290_51331
CASTLE,17_22290_51331,199.84,55.03,219.55,71.94,1.0,,36.307379,-118.777313,2022,340310.1,4019632.9,22290_51331
CASTLE,17_22290_51331,151.62,90.13,159.92,97.51,1.0,,36.307379,-118.777313,2022,340310.1,4019632.9,22290_51331
CASTLE,17_22290_51331,138.33,85.52,145.6,91.86,1.0,,36.307379,-118.777313,2022,340310.1,4019632.9,22290_51331
CASTLE,17_22290_51331,113.95,62.33,126.56,76.91,1.0,,36.307379,-118.777313,2022,340310.1,4019632.9,22290_51331
CASTLE,17_22290_51331,208.66,99.1,226.22,112.65,1.0,,36.307379,-118.777313,2022,340310.1,4019632.9,22290_51331
CASTLE,17_22290_51331,192.58,84.86,206.26,106.77,1.0,,36.307379,-118.777313,2022,340310.1,4019632.9,22290_51331
CASTLE,17_22290_51331,110.61,73.75,117.32,81.86,1.0,,36.307379,-118.777313,2022,340310.1,4019632.9,22290_51331
CASTLE,17_22290_51331,92.1,47.63,101.77,58.71,1.0,,36.307379,-118.777313,2022,340310.1,4019632.9,22290_51331
CASTLE,17_22290_51331,90.66,74.66,100.24,83.6,1.0,,36.307379,-118.777313,2022,340310.1,4019632.9,22290_51331
CASTLE,17_22290_51331,95.68,29.26,105.41,41.76,1.0,,36.307379,-118.777313,2022,340310.1,4019632.9,22290_51331
CASTLE,17_22290_51331,171.43,57.54,184.74,70.91,1.0,,36.307379,-118.777313,2022,340310.1,4019632.9,22290_51331
CASTLE,17_22290_51331,163.29,71.09,179.53,86.71,1.0,,36.307379,-118.777313,2022,340310.1,4019632.9,22290_51331
CASTLE,17_22290_51331,181.47,72.95,188.34,84.61,1.0,,36.307379,-118.777313,2022,340310.1,4019632.9,22290_51331
CASTLE,17_22290_51331,187.38,68.22,199.89,79.42,1.0,,36.307379,-118.777313,2022,340310.1,4019632.9,22290_51331
CASTLE,17_22290_51331,166.37,95.1,178.14,105.55,1.0,,36.307379,-118.777313,2022,340310.1,4019632.9,22290_51331
CASTLE,17_22290_51331,167.8,85.18,183.18,97.22,1.0,,36.307379,-118.777313,2022,340310.1,4019632.9,22290_51331
CASTLE,17_22290_51331,140.11,143.19,149.89,153.62,1.0,,36.307379,-118.777313,2022,340310.1,4019632.9,22290_51331
CASTLE,17_22290_51331,150.69,104.76,157.81,111.32,1.0,,36.307379,-118.777313,2022,340310.1,4019632.9,22290_51331
CASTLE,17_22290_51331,126.36,155.13,139.37,168.2,1.0,,36.307379,-118.777313,2022,340310.1,4019632.9,22290_51331
CASTLE,17_22290_51331,64.66,113.31,76.03,124.04,1.0,,36.307379,-118.777313,2022,340310.1,4019632.9,22290_51331
CASTLE,17_22290_51331,107.23,88.42,120.92,102.17,1.0,,36.307379,-118.777313,2022,340310.1,4019632.9,22290_51331
CASTLE,17_22290_51331,215.14,202.65,233.89,227.58,1.0,,36.307379,-118.777313,2022,340310.1,4019632.9,22290_51331
CASTLE,17_22290_51331,209.74,181.15,217.79,189.23,1.0,,36.307379,-118.777313,2022,340310.1,4019632.9,22290_51331
CASTLE,17_22290_51331,219.16,187.26,222.54,191.96,1.0,,36.307379,-118.777313,2022,340310.1,4019632.9,22290_51331
CASTLE,17_22290_51331,209.21,190.02,216.27,196.25,1.0,,36.307379,-118.777313,2022,340310.1,4019632.9,22290_51331
CASTLE,17_22290_51331,165.65,219.24,182.03,234.75,1.0,,36.307379,-118.777313,2022,340310.1,4019632.9,22290_51331
CASTLE,17_22290_51331,146.93,228.32,164.39,245.85,1.0,,36.307379,-118.777313,2022,340310.1,4019632.9,22290_51331
CASTLE,17_22290_51331,181.52,208.55,191.87,220.84,1.0,,36.307379,-118.777313,2022,340310.1,4019632.9,22290_51331
CASTLE,17_22290_51331,114.95,197.21,128.29,210.62,1.0,,36.307379,-118.777313,2022,340310.1,4019632.9,22290_51331
CASTLE,17_22290_51331,98.37,197.96,106.59,206.21,1.0,,36.307379,-118.777313,2022,340310.1,4019632.9,22290_51331
CASTLE,17_22290_51331,92.74,232.86,101.13,245.06,1.0,,36.307379,-118.777313,2022,340310.1,4019632.9,22290_51331
CASTLE,17_22290_51331,69.47,241.23,76.62,247.46,1.0,,36.307379,-118.777313,2022,340310.1,4019632.9,22290_51331
CASTLE,17_22290_51331,61.79,231.5,72.11,242.8,1.0,,36.307379,-118.777313,2022,340310.1,4019632.9,22290_51331
CASTLE,17_22290_51331,71.91,226.81,81.28,234.48,1.0,,36.307379,-118.777313,2022,340310.1,4019632.9,22290_51331
CASTLE,17_22290_51331,80.44,217.62,91.66,226.28,1.0,,36.307379,-118.777313,2022,340310.1,4019632.9,22290_51331
CASTLE,17_22290_51331,76.25,180.54,93.26,197.63,1.0,,36.307379,-118.777313,2022,340310.1,4019632.9,22290_51331
CASTLE,17_22290_51331,67.7,192.01,80.98,206.21,1.0,,36.307379,-118.777313,2022,340310.1,4019632.9,22290_51331
CASTLE,17_22290_51331,46.82,84.0,55.29,91.63,1.0,,36.307379,-118.777313,2022,340310.1,4019632.9,22290_51331
CASTLE,17_22290_51331,164.7,29.95,176.04,41.34,1.0,,36.307379,-118.777313,2022,340310.1,4019632.9,22290_51331
CASTLE,17_22290_51331,204.83,143.45,210.99,151.49,1.0,,36.307379,-118.777313,2022,340310.1,4019632.9,22290_51331
CASTLE,17_22290_51331,243.11,153.92,252.3,165.01,1.0,,36.307379,-118.777313,2022,340310.1,4019632.9,22290_51331
CASTLE,17_22290_51331,107.38,148.44,119.44,158.69,1.0,,36.307379,-118.777313,2022,340310.1,4019632.9,22290_51331
CASTLE,17_22290_51331,58.47,158.97,66.52,166.13,1.0,,36.307379,-118.777313,2022,340310.1,4019632.9,22290_51331
CASTLE,17_22290_51331,70.34,152.18,80.42,161.37,1.0,,36.307379,-118.777313,2022,340310.1,4019632.9,22290_51331
CASTLE,17_22290_51331,43.09,146.1,48.15,151.18,1.0,,36.307379,-118.777313,2022,340310.1,4019632.9,22290_51331
CASTLE,17_22290_51331,100.03,3.09,109.37,12.46,1.0,,36.307379,-118.777313,2022,340310.1,4019632.9,22290_51331
CASTLE,17_22290_51331,182.03,46.07,193.73,58.53,1.0,,36.307379,-118.777313,2022,340310.1,4019632.9,22290_51331
CASTLE,17_22290_51331,139.26,35.18,149.41,46.09,1.0,,36.307379,-118.777313,2022,340310.1,4019632.9,22290_51331
CASTLE,17_22290_51331,172.9,23.1,179.25,30.06,1.0,,36.307379,-118.777313,2022,340310.1,4019632.9,22290_51331
CASTLE,17_22290_51331,132.56,229.98,144.09,241.56,1.0,,36.307379,-118.777313,2022,340310.1,4019632.9,22290_51331
CASTLE,17_22290_51331,178.99,232.01,186.17,240.24,1.0,,36.307379,-118.777313,2022,340310.1,4019632.9,22290_51331
CASTLE,17_22290_51331,181.63,221.55,195.31,234.28,1.0,,36.307379,-118.777313,2022,340310.1,4019632.9,22290_51331
CASTLE,17_22290_51331,197.86,213.25,203.33,218.24,1.0,,36.307379,-118.777313,2022,340310.1,4019632.9,22290_51331
CASTLE,17_22290_51331,68.7,249.13,80.55,255.98,1.0,,36.307379,-118.777313,2022,340310.1,4019632.9,22290_51331
CASTLE,17_22290_51331,81.06,250.99,91.27,256.0,1.0,,36.307379,-118.777313,2022,340310.1,4019632.9,22290_51331
CASTLE,17_22290_51331,30.75,184.47,36.18,191.4,1.0,,36.307379,-118.777313,2022,340310.1,4019632.9,22290_51331
CASTLE,17_22290_51331,31.91,209.33,39.98,217.93,1.0,,36.307379,-118.777313,2022,340310.1,4019632.9,22290_51331
CASTLE,17_22290_51331,35.0,230.14,40.88,235.54,1.0,,36.307379,-118.777313,2022,340310.1,4019632.9,22290_51331
CASTLE,17_22290_51331,46.8,232.46,51.07,236.25,1.0,,36.307379,-118.777313,2022,340310.1,4019632.9,22290_51331
CASTLE,17_22290_51331,50.97,105.23,55.46,108.7,1.0,,36.307379,-118.777313,2022,340310.1,4019632.9,22290_51331
CASTLE,17_22290_51331,115.19,135.66,120.81,140.27,1.0,,36.307379,-118.777313,2022,340310.1,4019632.9,22290_51331
CASTLE,17_22290_51331,150.93,134.25,154.9,138.84,1.0,,36.307379,-118.777313,2022,340310.1,4019632.9,22290_51331
CASTLE,17_22294_51332,209.4,230.01,216.05,234.62,1.0,,36.305165,-118.766327,2022,341292.1,4019369.3,22294_51332
CASTLE,17_22294_51332,200.35,233.14,205.4,238.21,1.0,,36.305165,-118.766327,2022,341292.1,4019369.3,22294_51332
CASTLE,17_22294_51332,195.38,243.48,197.68,246.81,1.0,,36.305165,-118.766327,2022,341292.1,4019369.3,22294_51332
CASTLE,17_22294_51332,227.53,248.14,229.83,251.48,1.0,,36.305165,-118.766327,2022,341292.1,4019369.3,22294_51332
CASTLE,17_22294_51332,242.56,239.59,245.84,240.81,1.0,,36.305165,-118.766327,2022,341292.1,4019369.3,22294_51332
CASTLE,17_22294_51332,242.27,218.73,247.82,222.75,1.0,,36.305165,-118.766327,2022,341292.1,4019369.3,22294_51332
CASTLE,17_22294_51332,204.61,191.62,208.56,196.11,1.0,,36.305165,-118.766327,2022,341292.1,4019369.3,22294_51332
CASTLE,17_22294_51332,202.91,189.37,205.16,191.63,1.0,,36.305165,-118.766327,2022,341292.1,4019369.3,22294_51332
CASTLE,17_22294_51332,205.89,178.14,213.19,185.47,1.0,,36.305165,-118.766327,2022,341292.1,4019369.3,22294_51332
CASTLE,17_22294_51332,155.68,199.48,161.84,205.15,1.0,,36.305165,-118.766327,2022,341292.1,4019369.3,22294_51332
CASTLE,17_22294_51332,131.33,199.23,139.74,207.15,1.0,,36.305165,-118.766327,2022,341292.1,4019369.3,22294_51332
CASTLE,17_22294_51332,137.44,207.62,144.23,215.48,1.0,,36.305165,-118.766327,2022,341292.1,4019369.3,22294_51332
CASTLE,17_22294_51332,164.78,239.15,170.89,243.74,1.0,,36.305165,-118.766327,2022,341292.1,4019369.3,22294_51332
CASTLE,17_22294_51332,173.23,243.85,176.63,247.78,1.0,,36.305165,-118.766327,2022,341292.1,4019369.3,22294_51332
CASTLE,17_22294_51332,127.95,218.84,131.88,222.79,1.0,,36.305165,-118.766327,2022,341292.1,4019369.3,22294_51332
CASTLE,17_22294_51332,153.23,174.73,161.72,180.62,1.0,,36.305165,-118.766327,2022,341292.1,4019369.3,22294_51332
CASTLE,17_22294_51332,183.6,167.42,194.43,179.62,1.0,,36.305165,-118.766327,2022,341292.1,4019369.3,22294_51332
CASTLE,17_22294_51332,173.55,182.2,179.32,188.66,1.0,,36.305165,-118.766327,2022,341292.1,4019369.3,22294_51332
CASTLE,17_22294_51332,146.88,250.58,152.56,254.97,1.0,,36.305165,-118.766327,2022,341292.1,4019369.3,22294_51332
CASTLE,17_22294_51332,186.32,79.58,191.91,85.19,1.0,,36.305165,-118.766327,2022,341292.1,4019369.3,22294_51332
CASTLE,17_22294_51332,208.43,89.02,215.61,96.23,1.0,,36.305165,-118.766327,2022,341292.1,4019369.3,22294_51332
CASTLE,17_22294_51332,222.23,106.16,230.18,113.41,1.0,,36.305165,-118.766327,2022,341292.1,4019369.3,22294_51332
CASTLE,17_22294_51332,231.12,110.79,242.23,120.47,1.0,,36.305165,-118.766327,2022,341292.1,4019369.3,22294_51332
CASTLE,17_22294_51332,224.77,119.73,229.59,125.31,1.0,,36.305165,-118.766327,2022,341292.1,4019369.3,22294_51332
CASTLE,17_22294_51332,175.77,109.88,182.92,116.33,1.0,,36.305165,-118.766327,2022,341292.1,4019369.3,22294_51332
CASTLE,17_22294_51332,174.62,126.76,182.57,134.0,1.0,,36.305165,-118.766327,2022,341292.1,4019369.3,22294_51332
CASTLE,17_22294_51332,199.45,118.62,207.43,126.63,1.0,,36.305165,-118.766327,2022,341292.1,4019369.3,22294_51332
CASTLE,17_22294_51332,212.75,139.2,219.93,146.41,1.0,,36.305165,-118.766327,2022,341292.1,4019369.3,22294_51332
CASTLE,17_22294_51332,143.96,133.87,152.77,143.45,1.0,,36.305165,-118.766327,2022,341292.1,4019369.3,22294_51332
CASTLE,17_22294_51332,127.77,97.0,134.09,101.87,1.0,,36.305165,-118.766327,2022,341292.1,4019369.3,22294_51332
CASTLE,17_22294_51332,140.54,82.18,146.99,90.13,1.0,,36.305165,-118.766327,2022,341292.1,4019369.3,22294_51332
CASTLE,17_22294_51332,108.44,60.78,118.05,71.16,1.0,,36.305165,-118.766327,2022,341292.1,4019369.3,22294_51332
CASTLE,17_22294_51332,222.65,61.57,229.07,68.75,1.0,,36.305165,-118.766327,2022,341292.1,4019369.3,22294_51332
CASTLE,17_22294_51332,121.86,131.36,132.97,141.04,1.0,,36.305165,-118.766327,2022,341292.1,4019369.3,22294_51332
CASTLE,17_22294_51332,144.97,51.61,155.21,58.96,1.0,,36.305165,-118.766327,2022,341292.1,4019369.3,22294_51332
CASTLE,17_22294_51332,141.75,54.55,150.49,62.59,1.0,,36.305165,-118.766327,2022,341292.1,4019369.3,22294_51332
CASTLE,17_22294_51332,175.47,71.41,184.21,79.46,1.0,,36.305165,-118.766327,2022,341292.1,4019369.3,22294_51332
CASTLE,17_22294_51332,132.17,162.19,137.76,167.8,1.0,,36.305165,-118.766327,2022,341292.1,4019369.3,22294_51332
CASTLE,17_22294_51332,135.77,149.27,145.21,155.82,1.0,,36.305165,-118.766327,2022,341292.1,4019369.3,22294_51332
CASTLE,17_22294_51332,136.41,168.15,145.15,176.19,1.0,,36.305165,-118.766327,2022,341292.1,4019369.3,22294_51332
CASTLE,17_22294_51332,87.98,182.95,107.72,198.38,1.0,,36.305165,-118.766327,2022,341292.1,4019369.3,22294_51332
CASTLE,17_22294_51332,91.54,167.33,101.15,177.71,1.0,,36.305165,-118.766327,2022,341292.1,4019369.3,22294_51332
CASTLE,17_22294_51332,51.09,184.77,61.33,192.12,1.0,,36.305165,-118.766327,2022,341292.1,4019369.3,22294_51332
CASTLE,17_22294_51332,48.86,196.99,58.5,208.14,1.0,,36.305165,-118.766327,2022,341292.1,4019369.3,22294_51332
CASTLE,17_22294_51332,52.2,208.29,63.37,219.51,1.0,,36.305165,-118.766327,2022,341292.1,4019369.3,22294_51332
CASTLE,17_22294_51332,61.7,197.18,72.28,212.2,1.0,,36.305165,-118.766327,2022,341292.1,4019369.3,22294_51332
CASTLE,17_22294_51332,70.44,222.55,81.51,231.46,1.0,,36.305165,-118.766327,2022,341292.1,4019369.3,22294_51332
CASTLE,17_22294_51332,43.53,153.3,53.13,163.68,1.0,,36.305165,-118.766327,2022,341292.1,4019369.3,22294_51332
CASTLE,17_22294_51332,64.52,138.07,74.09,147.68,1.0,,36.305165,-118.766327,2022,341292.1,4019369.3,22294_51332
CASTLE,17_22294_51332,79.14,134.87,88.78,146.02,1.0,,36.305165,-118.766327,2022,341292.1,4019369.3,22294_51332
CASTLE,17_22294_51332,81.76,62.8,97.13,77.5,1.0,,36.305165,-118.766327,2022,341292.1,4019369.3,22294_51332
CASTLE,17_22294_51332,59.0,66.1,73.63,81.55,1.0,,36.305165,-118.766327,2022,341292.1,4019369.3,22294_51332
CASTLE,17_22294_51332,21.98,81.28,33.27,91.12,1.0,,36.305165,-118.766327,2022,341292.1,4019369.3,22294_51332
CASTLE,17_22294_51332,74.95,108.24,86.98,117.34,1.0,,36.305165,-118.766327,2022,341292.1,4019369.3,22294_51332
CASTLE,17_22294_51332,72.02,92.09,84.96,104.34,1.0,,36.305165,-118.766327,2022,341292.1,4019369.3,22294_51332
CASTLE,17_22294_51332,132.34,89.65,137.24,95.31,1.0,,36.305165,-118.766327,2022,341292.1,4019369.3,22294_51332
CASTLE,17_22294_51332,124.66,87.35,131.11,93.09,1.0,,36.305165,-118.766327,2022,341292.1,4019369.3,22294_51332
CASTLE,17_22294_51332,117.58,87.44,124.1,94.73,1.0,,36.305165,-118.766327,2022,341292.1,4019369.3,22294_51332
CASTLE,17_22294_51332,185.25,97.06,194.91,105.28,1.0,,36.305165,-118.766327,2022,341292.1,4019369.3,22294_51332
CASTLE,17_22294_51332,18.71,13.85,26.15,21.95,1.0,,36.305165,-118.766327,2022,341292.1,4019369.3,22294_51332
CASTLE,17_22294_51332,7.41,39.35,12.75,43.47,1.0,,36.305165,-118.766327,2022,341292.1,4019369.3,22294_51332
CASTLE,17_22294_51332,21.38,41.6,30.77,49.78,1.0,,36.305165,-118.766327,2022,341292.1,4019369.3,22294_51332
CASTLE,17_22294_51332,44.32,22.12,54.27,28.39,1.0,,36.305165,-118.766327,2022,341292.1,4019369.3,22294_51332
CASTLE,17_22294_51332,64.08,11.62,72.2,20.4,1.0,,36.305165,-118.766327,2022,341292.1,4019369.3,22294_51332
CASTLE,17_22294_51332,75.93,35.55,87.33,45.76,1.0,,36.305165,-118.766327,2022,341292.1,4019369.3,22294_51332
CASTLE,17_22294_51332,108.31,26.9,120.39,37.79,1.0,,36.305165,-118.766327,2022,341292.1,4019369.3,22294_51332
CASTLE,17_22294_51332,119.28,24.13,124.73,30.84,1.0,,36.305165,-118.766327,2022,341292.1,4019369.3,22294_51332
CASTLE,17_22294_51332,129.89,19.07,137.25,25.22,1.0,,36.305165,-118.766327,2022,341292.1,4019369.3,22294_51332
CASTLE,17_22294_51332,126.21,11.76,134.33,20.53,1.0,,36.305165,-118.766327,2022,341292.1,4019369.3,22294_51332
CASTLE,17_22294_51332,137.74,14.54,145.86,23.32,1.0,,36.305165,-118.766327,2022,341292.1,4019369.3,22294_51332
CASTLE,17_22294_51332,141.88,11.14,147.95,17.24,1.0,,36.305165,-118.766327,2022,341292.1,4019369.3,22294_51332
CASTLE,17_22294_51332,123.83,50.64,127.79,52.76,1.0,,36.305165,-118.766327,2022,341292.1,4019369.3,22294_51332
CASTLE,17_22294_51332,125.75,41.63,129.8,45.7,1.0,,36.305165,-118.766327,2022,341292.1,4019369.3,22294_51332
CASTLE,17_22294_51332,134.78,32.93,142.15,39.08,1.0,,36.305165,-118.766327,2022,341292.1,4019369.3,22294_51332
CASTLE,17_22294_51332,22.97,74.49,29.01,79.93,1.0,,36.305165,-118.766327,2022,341292.1,4019369.3,22294_51332
CASTLE,17_22294_51332,11.05,63.89,19.76,71.4,1.0,,36.305165,-118.766327,2022,341292.1,4019369.3,22294_51332
CASTLE,17_22294_51332,233.14,51.13,237.35,53.89,1.0,,36.305165,-118.766327,2022,341292.1,4019369.3,22294_51332
CASTLE,17_22294_51332,194.34,63.62,201.88,72.17,1.0,,36.305165,-118.766327,2022,341292.1,4019369.3,22294_51332
CASTLE,17_22294_51332,192.53,75.14,195.74,78.36,1.0,,36.305165,-118.766327,2022,341292.1,4019369.3,22294_51332
CASTLE,17_22294_51332,156.95,22.89,161.77,26.92,1.0,,36.305165,-118.766327,2022,341292.1,4019369.3,22294_51332
CASTLE,17_22294_51332,99.39,17.85,102.65,21.49,1.0,,36.305165,-118.766327,2022,341292.1,4019369.3,22294_51332
CASTLE,17_22294_51332,83.49,29.07,87.96,33.93,1.0,,36.305165,-118.766327,2022,341292.1,4019369.3,22294_51332
CASTLE,17_22294_51332,119.64,43.16,123.32,47.6,1.0,,36.305165,-118.766327,2022,341292.1,4019369.3,22294_51332
CASTLE,17_22294_51332,155.38,148.23,164.14,156.41,1.0,,36.305165,-118.766327,2022,341292.1,4019369.3,22294_51332
CASTLE,17_22294_51332,103.48,151.48,106.91,156.18,1.0,,36.305165,-118.766327,2022,341292.1,4019369.3,22294_51332
CASTLE,17_22294_51332,169.85,201.0,173.2,203.74,1.0,,36.305165,-118.766327,2022,341292.1,4019369.3,22294_51332
CASTLE,17_22294_51332,187.08,211.86,191.87,217.91,1.0,,36.305165,-118.766327,2022,341292.1,4019369.3,22294_51332
CASTLE,17_22294_51332,220.79,167.4,225.6,174.11,1.0,,36.305165,-118.766327,2022,341292.1,4019369.3,22294_51332
CASTLE,17_22294_51332,228.16,172.61,230.25,175.95,1.0,,36.305165,-118.766327,2022,341292.1,4019369.3,22294_51332
CASTLE,17_22294_51332,243.79,178.84,245.87,182.17,1.0,,36.305165,-118.766327,2022,341292.1,4019369.3,22294_51332
CASTLE,17_22294_51332,225.54,148.39,232.92,154.55,1.0,,36.305165,-118.766327,2022,341292.1,4019369.3,22294_51332
CASTLE,17_22294_51332,124.14,145.55,132.14,151.1,1.0,,36.305165,-118.766327,2022,341292.1,4019369.3,22294_51332
CASTLE,17_22294_51332,104.55,229.21,112.49,237.18,1.0,,36.305165,-118.766327,2022,341292.1,4019369.3,22294_51332
CASTLE,17_22294_51332,81.89,206.54,91.47,213.74,1.0,,36.305165,-118.766327,2022,341292.1,4019369.3,22294_51332
CASTLE,17_22294_51332,206.26,219.24,211.51,223.7,1.0,,36.305165,-118.766327,2022,341292.1,4019369.3,22294_51332
CASTLE,17_22294_51332,217.0,174.24,220.67,181.18,1.0,,36.305165,-118.766327,2022,341292.1,4019369.3,22294_51332
CASTLE,17_22294_51332,249.44,168.45,255.61,174.65,1.0,,36.305165,-118.766327,2022,341292.1,4019369.3,22294_51332
CASTLE,17_22294_51332,56.78,239.01,66.36,246.2,1.0,,36.305165,-118.766327,2022,341292.1,4019369.3,22294_51332
CASTLE,17_22294_51332,74.8,244.47,80.94,249.82,1.0,,36.305165,-118.766327,2022,341292.1,4019369.3,22294_51332
CASTLE,17_22294_51332,27.78,203.95,31.45,208.2,1.0,,36.305165,-118.766327,2022,341292.1,4019369.3,22294_51332
CASTLE,17_22294_51332,37.13,168.32,43.8,174.45,1.0,,36.305165,-118.766327,2022,341292.1,4019369.3,22294_51332
CASTLE,17_22294_51332,10.11,173.57,14.39,178.43,1.0,,36.305165,-118.766327,2022,341292.1,4019369.3,22294_51332
CASTLE,17_22294_51332,20.82,175.01,26.05,179.86,1.0,,36.305165,-118.766327,2022,341292.1,4019369.3,22294_51332
CASTLE,17_22294_51332,34.51,57.12,37.79,62.37,1.0,,36.305165,-118.766327,2022,341292.1,4019369.3,22294_51332
CASTLE,17_22300_51324,80.85,0.62,94.31,13.6,1.0,,36.322871,-118.749847,2022,342807.4,4021306.5,22300_51324
CASTLE,17_22300_51324,74.47,3.16,80.99,11.32,1.0,,36.322871,-118.749847,2022,342807.4,4021306.5,22300_51324
CASTLE,17_22300_51324,64.25,8.93,74.82,20.09,1.0,,36.322871,-118.749847,2022,342807.4,4021306.5,22300_51324
CASTLE,17_22300_51324,71.71,17.17,80.09,29.36,1.0,,36.322871,-118.749847,2022,342807.4,4021306.5,22300_51324
CASTLE,17_22300_51324,79.66,17.8,87.94,27.74,1.0,,36.322871,-118.749847,2022,342807.4,4021306.5,22300_51324
CASTLE,17_22300_51324,86.96,16.43,97.56,28.16,1.0,,36.322871,-118.749847,2022,342807.4,4021306.5,22300_51324
CASTLE,17_22300_51324,95.98,23.04,104.87,34.13,1.0,,36.322871,-118.749847,2022,342807.4,4021306.5,22300_51324
CASTLE,17_22300_51324,93.62,34.8,103.51,43.12,1.0,,36.322871,-118.749847,2022,342807.4,4021306.5,22300_51324
CASTLE,17_22300_51324,16.79,1.46,29.01,11.57,1.0,,36.322871,-118.749847,2022,342807.4,4021306.5,22300_51324
CASTLE,17_22300_51324,29.97,3.17,39.91,12.61,1.0,,36.322871,-118.749847,2022,342807.4,4021306.5,22300_51324
CASTLE,17_22300_51324,37.35,7.45,47.32,17.46,1.0,,36.322871,-118.749847,2022,342807.4,4021306.5,22300_51324
CASTLE,17_22300_51324,24.22,12.24,33.6,21.66,1.0,,36.322871,-118.749847,2022,342807.4,4021306.5,22300_51324
CASTLE,17_22300_51324,32.92,12.34,41.76,22.3,1.0,,36.322871,-118.749847,2022,342807.4,4021306.5,22300_51324
CASTLE,17_22300_51324,41.75,17.25,49.99,26.06,1.0,,36.322871,-118.749847,2022,342807.4,4021306.5,22300_51324
CASTLE,17_22300_51324,5.16,2.64,19.67,13.98,1.0,,36.322871,-118.749847,2022,342807.4,4021306.5,22300_51324
CASTLE,17_22300_51324,55.99,19.29,66.49,28.77,1.0,,36.322871,-118.749847,2022,342807.4,4021306.5,22300_51324
CASTLE,17_22300_51324,99.94,49.07,108.66,56.21,1.0,,36.322871,-118.749847,2022,342807.4,4021306.5,22300_51324
CASTLE,17_22300_51324,108.34,44.63,113.08,50.47,1.0,,36.322871,-118.749847,2022,342807.4,4021306.5,22300_51324
CASTLE,17_22300_51324,111.23,53.52,117.75,61.69,1.0,,36.322871,-118.749847,2022,342807.4,4021306.5,22300_51324
CASTLE,17_22300_51324,114.31,50.26,119.58,55.56,1.0,,36.322871,-118.749847,2022,342807.4,4021306.5,22300_51324
CASTLE,17_22300_51324,125.57,63.48,131.38,68.24,1.0,,36.322871,-118.749847,2022,342807.4,4021306.5,22300_51324
CASTLE,17_22300_51324,121.77,70.39,131.35,84.32,1.0,,36.322871,-118.749847,2022,342807.4,4021306.5,22300_51324
CASTLE,17_22300_51324,113.32,0.0,122.08,7.63,1.0,,36.322871,-118.749847,2022,342807.4,4021306.5,22300_51324
CASTLE,17_22300_51324,122.89,92.33,131.1,100.57,1.0,,36.322871,-118.749847,2022,342807.4,4021306.5,22300_51324
CASTLE,17_22300_51324,112.36,90.45,117.12,96.85,1.0,,36.322871,-118.749847,2022,342807.4,4021306.5,22300_51324
CASTLE,17_22300_51324,103.54,92.03,111.7,99.15,1.0,,36.322871,-118.749847,2022,342807.4,4021306.5,22300_51324
CASTLE,17_22300_51324,85.19,99.98,93.34,107.1,1.0,,36.322871,-118.749847,2022,342807.4,4021306.5,22300_51324
CASTLE,17_22300_51324,77.47,97.38,86.14,103.39,1.0,,36.322871,-118.749847,2022,342807.4,4021306.5,22300_51324
CASTLE,17_22300_51324,76.08,104.66,81.33,109.4,1.0,,36.322871,-118.749847,2022,342807.4,4021306.5,22300_51324
CASTLE,17_22300_51324,72.27,106.47,77.03,112.88,1.0,,36.322871,-118.749847,2022,342807.4,4021306.5,22300_51324
CASTLE,17_22300_51324,128.28,98.78,137.0,105.92,1.0,,36.322871,-118.749847,2022,342807.4,4021306.5,22300_51324
CASTLE,17_22300_51324,118.45,100.04,128.22,105.54,1.0,,36.322871,-118.749847,2022,342807.4,4021306.5,22300_51324
CASTLE,17_22300_51324,83.14,109.21,92.37,115.25,1.0,,36.322871,-118.749847,2022,342807.4,4021306.5,22300_51324
CASTLE,17_22300_51324,81.2,116.19,85.89,120.9,1.0,,36.322871,-118.749847,2022,342807.4,4021306.5,22300_51324
CASTLE,17_22300_51324,85.1,119.75,90.23,121.66,1.0,,36.322871,-118.749847,2022,342807.4,4021306.5,22300_51324
CASTLE,17_22300_51324,69.86,121.63,77.49,129.28,1.0,,36.322871,-118.749847,2022,342807.4,4021306.5,22300_51324
CASTLE,17_22300_51324,66.85,127.29,73.02,133.75,1.0,,36.322871,-118.749847,2022,342807.4,4021306.5,22300_51324
CASTLE,17_22300_51324,64.8,131.58,71.0,138.89,1.0,,36.322871,-118.749847,2022,342807.4,4021306.5,22300_51324
CASTLE,17_22300_51324,58.45,138.36,64.66,145.67,1.0,,36.322871,-118.749847,2022,342807.4,4021306.5,22300_51324
CASTLE,17_22300_51324,62.71,136.0,67.44,141.56,1.0,,36.322871,-118.749847,2022,342807.4,4021306.5,22300_51324
CASTLE,17_22300_51324,55.06,132.56,62.66,139.65,1.0,,36.322871,-118.749847,2022,342807.4,4021306.5,22300_51324
CASTLE,17_22300_51324,50.75,124.74,58.64,132.13,1.0,,36.322871,-118.749847,2022,342807.4,4021306.5,22300_51324
CASTLE,17_22300_51324,44.75,127.87,52.45,137.5,1.0,,36.322871,-118.749847,2022,342807.4,4021306.5,22300_51324
CASTLE,17_22300_51324,50.68,134.21,56.96,143.21,1.0,,36.322871,-118.749847,2022,342807.4,4021306.5,22300_51324
CASTLE,17_22300_51324,47.11,141.53,53.27,147.71,1.0,,36.322871,-118.749847,2022,342807.4,4021306.5,22300_51324
CASTLE,17_22300_51324,43.05,146.01,48.29,150.46,1.0,,36.322871,-118.749847,2022,342807.4,4021306.5,22300_51324
CASTLE,17_22300_51324,30.45,115.94,37.93,126.68,1.0,,36.322871,-118.749847,2022,342807.4,4021306.5,22300_51324
CASTLE,17_22300_51324,22.77,116.72,29.87,125.48,1.0,,36.322871,-118.749847,2022,342807.4,4021306.5,22300_51324
CASTLE,17_22300_51324,45.34,151.92,53.65,162.42,1.0,,36.322871,-118.749847,2022,342807.4,4021306.5,22300_51324
CASTLE,17_22300_51324,56.07,157.48,69.43,168.2,1.0,,36.322871,-118.749847,2022,342807.4,4021306.5,22300_51324
CASTLE,17_22300_51324,84.6,157.9,96.43,171.93,1.0,,36.322871,-118.749847,2022,342807.4,4021306.5,22300_51324
CASTLE,17_22300_51324,97.31,167.77,105.0,177.12,1.0,,36.322871,-118.749847,2022,342807.4,4021306.5,22300_51324
CASTLE,17_22300_51324,20.21,143.45,27.86,151.67,1.0,,36.322871,-118.749847,2022,342807.4,4021306.5,22300_51324
CASTLE,17_22300_51324,23.13,150.36,30.09,155.73,1.0,,36.322871,-118.749847,2022,342807.4,4021306.5,22300_51324
CASTLE,17_22300_51324,11.98,147.33,19.04,154.96,1.0,,36.322871,-118.749847,2022,342807.4,4021306.5,22300_51324
CASTLE,17_22300_51324,16.03,150.9,23.1,158.81,1.0,,36.322871,-118.749847,2022,342807.4,4021306.5,22300_51324
CASTLE,17_22300_51324,14.29,158.73,22.48,166.41,1.0,,36.322871,-118.749847,2022,342807.4,4021306.5,22300_51324
CASTLE,17_22300_51324,26.01,155.15,31.08,162.13,1.0,,36.322871,-118.749847,2022,342807.4,4021306.5,22300_51324
CASTLE,17_22300_51324,23.62,162.39,29.21,168.55,1.0,,36.322871,-118.749847,2022,342807.4,4021306.5,22300_51324
CASTLE,17_22300_51324,28.53,162.47,38.2,172.19,1.0,,36.322871,-118.749847,2022,342807.4,4021306.5,22300_51324
CASTLE,17_22300_51324,30.07,157.16,36.19,162.5,1.0,,36.322871,-118.749847,2022,342807.4,4021306.5,22300_51324
CASTLE,17_22300_51324,35.52,157.55,43.49,166.63,1.0,,36.322871,-118.749847,2022,342807.4,4021306.5,22300_51324
CASTLE,17_22300_51324,40.56,165.26,46.67,170.31,1.0,,36.322871,-118.749847,2022,342807.4,4021306.5,22300_51324
CASTLE,17_22300_51324,44.13,169.37,49.16,175.51,1.0,,36.322871,-118.749847,2022,342807.4,4021306.5,22300_51324
CASTLE,17_22300_51324,38.89,168.58,44.27,176.42,1.0,,36.322871,-118.749847,2022,342807.4,4021306.5,22300_51324
CASTLE,17_22300_51324,50.98,166.43,62.36,176.79,1.0,,36.322871,-118.749847,2022,342807.4,4021306.5,22300_51324
CASTLE,17_22300_51324,3.33,146.52,9.51,153.27,1.0,,36.322871,-118.749847,2022,342807.4,4021306.5,22300_51324
CASTLE,17_22300_51324,1.64,150.26,7.8,156.44,1.0,,36.322871,-118.749847,2022,342807.4,4021306.5,22300_51324
CASTLE,17_22300_51324,0.0,153.57,5.4,160.57,1.0,,36.322871,-118.749847,2022,342807.4,4021306.5,22300_51324
CASTLE,17_22300_51324,6.56,159.66,12.73,166.12,1.0,,36.322871,-118.749847,2022,342807.4,4021306.5,22300_51324
CASTLE,17_22300_51324,0.0,161.62,7.02,168.98,1.0,,36.322871,-118.749847,2022,342807.4,4021306.5,22300_51324
CASTLE,17_22300_51324,2.25,167.1,8.47,174.69,1.0,,36.322871,-118.749847,2022,342807.4,4021306.5,22300_51324
CASTLE,17_22300_51324,0.0,175.33,4.31,182.28,1.0,,36.322871,-118.749847,2022,342807.4,4021306.5,22300_51324
CASTLE,17_22300_51324,9.13,192.12,14.13,197.41,1.0,,36.322871,-118.749847,2022,342807.4,4021306.5,22300_51324
CASTLE,17_22300_51324,19.36,194.42,26.12,201.47,1.0,,36.322871,-118.749847,2022,342807.4,4021306.5,22300_51324
CASTLE,17_22300_51324,16.48,199.52,22.66,206.26,1.0,,36.322871,-118.749847,2022,342807.4,4021306.5,22300_51324
CASTLE,17_22300_51324,1.86,196.04,8.61,202.82,1.0,,36.322871,-118.749847,2022,342807.4,4021306.5,22300_51324
CASTLE,17_22300_51324,38.37,195.54,43.94,201.13,1.0,,36.322871,-118.749847,2022,342807.4,4021306.5,22300_51324
CASTLE,17_22300_51324,31.09,202.99,37.56,210.03,1.0,,36.322871,-118.749847,2022,342807.4,4021306.5,22300_51324
CASTLE,17_22300_51324,23.52,207.74,28.49,212.46,1.0,,36.322871,-118.749847,2022,342807.4,4021306.5,22300_51324
CASTLE,17_22300_51324,16.56,209.41,23.35,217.31,1.0,,36.322871,-118.749847,2022,342807.4,4021306.5,22300_51324
CASTLE,17_22300_51324,15.74,217.0,20.49,223.12,1.0,,36.322871,-118.749847,2022,342807.4,4021306.5,22300_51324
CASTLE,17_22300_51324,10.32,222.56,17.15,231.31,1.0,,36.322871,-118.749847,2022,342807.4,4021306.5,22300_51324
CASTLE,17_22300_51324,5.03,229.1,11.24,236.42,1.0,,36.322871,-118.749847,2022,342807.4,4021306.5,22300_51324
CASTLE,17_22300_51324,4.94,234.75,12.25,241.83,1.0,,36.322871,-118.749847,2022,342807.4,4021306.5,22300_51324
CASTLE,17_22300_51324,1.96,248.32,9.55,255.13,1.0,,36.322871,-118.749847,2022,342807.4,4021306.5,22300_51324
CASTLE,17_22300_51324,19.16,242.59,26.26,251.06,1.0,,36.322871,-118.749847,2022,342807.4,4021306.5,22300_51324
CASTLE,17_22300_51324,23.45,238.68,30.79,246.32,1.0,,36.322871,-118.749847,2022,342807.4,4021306.5,22300_51324
CASTLE,17_22300_51324,70.24,186.22,83.86,196.39,1.0,,36.322871,-118.749847,2022,342807.4,4021306.5,22300_51324
CASTLE,17_22300_51324,75.27,194.2,80.85,200.08,1.0,,36.322871,-118.749847,2022,342807.4,4021306.5,22300_51324
CASTLE,17_22300_51324,68.54,197.02,78.19,206.17,1.0,,36.322871,-118.749847,2022,342807.4,4021306.5,22300_51324
CASTLE,17_22300_51324,78.61,204.94,84.74,210.56,1.0,,36.322871,-118.749847,2022,342807.4,4021306.5,22300_51324
CASTLE,17_22300_51324,75.14,210.31,85.06,219.19,1.0,,36.322871,-118.749847,2022,342807.4,4021306.5,22300_51324
CASTLE,17_22300_51324,85.76,219.25,95.92,227.3,1.0,,36.322871,-118.749847,2022,342807.4,4021306.5,22300_51324
CASTLE,17_22300_51324,104.33,232.08,114.77,240.14,1.0,,36.322871,-118.749847,2022,342807.4,4021306.5,22300_51324
CASTLE,17_22300_51324,110.88,231.38,116.78,238.12,1.0,,36.322871,-118.749847,2022,342807.4,4021306.5,22300_51324
CASTLE,17_22300_51324,101.52,250.74,109.31,255.87,1.0,,36.322871,-118.749847,2022,342807.4,4021306.5,22300_51324
CASTLE,17_22300_51324,114.78,213.89,121.76,219.83,1.0,,36.322871,-118.749847,2022,342807.4,4021306.5,22300_51324
CASTLE,17_22300_51324,96.05,190.61,106.32,201.2,1.0,,36.322871,-118.749847,2022,342807.4,4021306.5,22300_51324
CASTLE,17_22300_51324,102.69,184.82,108.55,190.71,1.0,,36.322871,-118.749847,2022,342807.4,4021306.5,22300_51324
CASTLE,17_22300_51324,105.74,179.87,111.02,185.17,1.0,,36.322871,-118.749847,2022,342807.4,4021306.5,22300_51324
CASTLE,17_22300_51324,111.79,185.79,120.74,191.81,1.0,,36.322871,-118.749847,2022,342807.4,4021306.5,22300_51324
CASTLE,17_22300_51324,113.59,189.12,124.39,198.89,1.0,,36.322871,-118.749847,2022,342807.4,4021306.5,22300_51324
CASTLE,17_22300_51324,113.07,202.09,123.26,210.71,1.0,,36.322871,-118.749847,2022,342807.4,4021306.5,22300_51324
CASTLE,17_22300_51324,124.14,209.92,129.4,214.66,1.0,,36.322871,-118.749847,2022,342807.4,4021306.5,22300_51324
CASTLE,17_22300_51324,135.02,203.91,141.19,210.37,1.0,,36.322871,-118.749847,2022,342807.4,4021306.5,22300_51324
CASTLE,17_22300_51324,139.53,209.47,143.34,213.3,1.0,,36.322871,-118.749847,2022,342807.4,4021306.5,22300_51324
CASTLE,17_22300_51324,130.67,211.48,136.78,216.54,1.0,,36.322871,-118.749847,2022,342807.4,4021306.5,22300_51324
CASTLE,17_22300_51324,138.9,214.81,143.81,218.12,1.0,,36.322871,-118.749847,2022,342807.4,4021306.5,22300_51324
CASTLE,17_22300_51324,128.04,215.62,138.28,225.36,1.0,,36.322871,-118.749847,2022,342807.4,4021306.5,22300_51324
CASTLE,17_22300_51324,124.71,222.67,134.6,230.71,1.0,,36.322871,-118.749847,2022,342807.4,4021306.5,22300_51324
CASTLE,17_22300_51324,94.3,214.97,102.72,221.81,1.0,,36.322871,-118.749847,2022,342807.4,4021306.5,22300_51324
CASTLE,17_22300_51324,127.03,241.84,132.36,248.27,1.0,,36.322871,-118.749847,2022,342807.4,4021306.5,22300_51324
CASTLE,17_22300_51324,131.54,243.87,136.21,248.02,1.0,,36.322871,-118.749847,2022,342807.4,4021306.5,22300_51324
CASTLE,17_22300_51324,117.15,232.79,122.2,239.49,1.0,,36.322871,-118.749847,2022,342807.4,4021306.5,22300_51324
CASTLE,17_22300_51324,122.34,237.96,128.17,243.0,1.0,,36.322871,-118.749847,2022,342807.4,4021306.5,22300_51324
CASTLE,17_22300_51324,122.65,247.58,127.6,252.02,1.0,,36.322871,-118.749847,2022,342807.4,4021306.5,22300_51324
CASTLE,17_22300_51324,124.05,251.17,128.71,255.32,1.0,,36.322871,-118.749847,2022,342807.4,4021306.5,22300_51324
CASTLE,17_22300_51324,143.43,210.5,154.12,217.73,1.0,,36.322871,-118.749847,2022,342807.4,4021306.5,22300_51324
CASTLE,17_22300_51324,146.64,215.17,159.96,224.76,1.0,,36.322871,-118.749847,2022,342807.4,4021306.5,22300_51324
CASTLE,17_22300_51324,144.25,222.12,152.49,230.93,1.0,,36.322871,-118.749847,2022,342807.4,4021306.5,22300_51324
CASTLE,17_22300_51324,145.16,233.47,150.59,242.15,1.0,,36.322871,-118.749847,2022,342807.4,4021306.5,22300_51324
CASTLE,17_22300_51324,140.62,239.33,145.27,243.19,1.0,,36.322871,-118.749847,2022,342807.4,4021306.5,22300_51324
CASTLE,17_22300_51324,139.68,234.2,144.37,238.92,1.0,,36.322871,-118.749847,2022,342807.4,4021306.5,22300_51324
CASTLE,17_22300_51324,154.52,235.85,159.49,240.57,1.0,,36.322871,-118.749847,2022,342807.4,4021306.5,22300_51324
CASTLE,17_22300_51324,153.12,233.81,156.91,237.07,1.0,,36.322871,-118.749847,2022,342807.4,4021306.5,22300_51324
CASTLE,17_22300_51324,151.59,236.28,154.55,239.79,1.0,,36.322871,-118.749847,2022,342807.4,4021306.5,22300_51324
CASTLE,17_22300_51324,150.92,240.78,156.18,245.51,1.0,,36.322871,-118.749847,2022,342807.4,4021306.5,22300_51324
CASTLE,17_22300_51324,143.88,244.0,149.42,249.03,1.0,,36.322871,-118.749847,2022,342807.4,4021306.5,22300_51324
CASTLE,17_22300_51324,147.73,244.45,155.31,250.98,1.0,,36.322871,-118.749847,2022,342807.4,4021306.5,22300_51324
CASTLE,17_22300_51324,152.62,249.19,159.88,255.14,1.0,,36.322871,-118.749847,2022,342807.4,4021306.5,22300_51324
CASTLE,17_22300_51324,163.19,243.44,169.14,251.31,1.0,,36.322871,-118.749847,2022,342807.4,4021306.5,22300_51324
CASTLE,17_22300_51324,168.8,245.24,174.97,251.71,1.0,,36.322871,-118.749847,2022,342807.4,4021306.5,22300_51324
CASTLE,17_22300_51324,165.2,233.5,171.97,240.84,1.0,,36.322871,-118.749847,2022,342807.4,4021306.5,22300_51324
CASTLE,17_22300_51324,181.47,242.69,187.04,248.29,1.0,,36.322871,-118.749847,2022,342807.4,4021306.5,22300_51324
CASTLE,17_22300_51324,184.66,251.87,190.71,255.8,1.0,,36.322871,-118.749847,2022,342807.4,4021306.5,22300_51324
CASTLE,17_22300_51324,171.72,252.99,181.37,255.95,1.0,,36.322871,-118.749847,2022,342807.4,4021306.5,22300_51324
CASTLE,17_22300_51324,170.55,212.68,178.08,218.36,1.0,,36.322871,-118.749847,2022,342807.4,4021306.5,22300_51324
CASTLE,17_22300_51324,173.03,216.19,179.76,222.68,1.0,,36.322871,-118.749847,2022,342807.4,4021306.5,22300_51324
CASTLE,17_22300_51324,180.52,228.95,189.6,238.08,1.0,,36.322871,-118.749847,2022,342807.4,4021306.5,22300_51324
CASTLE,17_22300_51324,183.44,221.45,190.78,229.09,1.0,,36.322871,-118.749847,2022,342807.4,4021306.5,22300_51324
CASTLE,17_22300_51324,174.1,222.45,182.86,230.44,1.0,,36.322871,-118.749847,2022,342807.4,4021306.5,22300_51324
CASTLE,17_22300_51324,144.91,24.21,153.71,33.05,1.0,,36.322871,-118.749847,2022,342807.4,4021306.5,22300_51324
CASTLE,17_22300_51324,156.7,26.43,165.42,33.57,1.0,,36.322871,-118.749847,2022,342807.4,4021306.5,22300_51324
CASTLE,17_22300_51324,184.46,12.97,193.3,22.93,1.0,,36.322871,-118.749847,2022,342807.4,4021306.5,22300_51324
CASTLE,17_22300_51324,183.86,42.89,190.31,49.36,1.0,,36.322871,-118.749847,2022,342807.4,4021306.5,22300_51324
CASTLE,17_22300_51324,212.67,18.73,218.66,27.44,1.0,,36.322871,-118.749847,2022,342807.4,4021306.5,22300_51324
CASTLE,17_22300_51324,199.92,8.0,210.96,16.93,1.0,,36.322871,-118.749847,2022,342807.4,4021306.5,22300_51324
CASTLE,17_22300_51324,194.88,2.68,201.36,9.73,1.0,,36.322871,-118.749847,2022,342807.4,4021306.5,22300_51324
CASTLE,17_22300_51324,209.13,6.14,215.55,12.05,1.0,,36.322871,-118.749847,2022,342807.4,4021306.5,22300_51324
CASTLE,17_22300_51324,182.38,74.47,193.42,83.4,1.0,,36.322871,-118.749847,2022,342807.4,4021306.5,22300_51324
CASTLE,17_22300_51324,180.79,66.21,188.44,74.43,1.0,,36.322871,-118.749847,2022,342807.4,4021306.5,22300_51324
CASTLE,17_22300_51324,170.1,74.49,177.67,81.02,1.0,,36.322871,-118.749847,2022,342807.4,4021306.5,22300_51324
CASTLE,17_22300_51324,165.31,66.37,173.52,74.61,1.0,,36.322871,-118.749847,2022,342807.4,4021306.5,22300_51324
CASTLE,17_22300_51324,159.06,72.73,168.04,79.32,1.0,,36.322871,-118.749847,2022,342807.4,4021306.5,22300_51324
CASTLE,17_22300_51324,158.09,65.77,166.23,72.6,1.0,,36.322871,-118.749847,2022,342807.4,4021306.5,22300_51324
CASTLE,17_22300_51324,152.06,69.88,159.02,75.25,1.0,,36.322871,-118.749847,2022,342807.4,4021306.5,22300_51324
CASTLE,17_22300_51324,214.18,89.08,221.76,95.89,1.0,,36.322871,-118.749847,2022,342807.4,4021306.5,22300_51324
CASTLE,17_22300_51324,222.42,97.23,230.13,106.85,1.0,,36.322871,-118.749847,2022,342807.4,4021306.5,22300_51324
CASTLE,17_22300_51324,212.83,104.15,221.1,113.8,1.0,,36.322871,-118.749847,2022,342807.4,4021306.5,22300_51324
CASTLE,17_22300_51324,186.42,163.45,198.1,174.1,1.0,,36.322871,-118.749847,2022,342807.4,4021306.5,22300_51324
CASTLE,17_22300_51324,198.92,181.38,208.29,190.52,1.0,,36.322871,-118.749847,2022,342807.4,4021306.5,22300_51324
CASTLE,17_22300_51324,194.23,194.87,200.11,201.04,1.0,,36.322871,-118.749847,2022,342807.4,4021306.5,22300_51324
CASTLE,17_22300_51324,198.38,202.97,204.81,209.16,1.0,,36.322871,-118.749847,2022,342807.4,4021306.5,22300_51324
CASTLE,17_22300_51324,187.35,215.9,195.24,223.29,1.0,,36.322871,-118.749847,2022,342807.4,4021306.5,22300_51324
CASTLE,17_22300_51324,190.97,229.34,201.4,237.12,1.0,,36.322871,-118.749847,2022,342807.4,4021306.5,22300_51324
CASTLE,17_22300_51324,198.38,222.47,205.51,231.51,1.0,,36.322871,-118.749847,2022,342807.4,4021306.5,22300_51324
CASTLE,17_22300_51324,202.26,215.01,212.3,226.72,1.0,,36.322871,-118.749847,2022,342807.4,4021306.5,22300_51324
CASTLE,17_22300_51324,220.92,226.43,227.7,234.05,1.0,,36.322871,-118.749847,2022,342807.4,4021306.5,22300_51324
CASTLE,17_22300_51324,229.57,233.59,241.72,242.29,1.0,,36.322871,-118.749847,2022,342807.4,4021306.5,22300_51324
CASTLE,17_22300_51324,138.43,196.78,147.13,203.36,1.0,,36.322871,-118.749847,2022,342807.4,4021306.5,22300_51324
CASTLE,17_22300_51324,145.43,197.94,152.42,204.16,1.0,,36.322871,-118.749847,2022,342807.4,4021306.5,22300_51324
CASTLE,17_22300_51324,143.2,202.36,147.87,206.79,1.0,,36.322871,-118.749847,2022,342807.4,4021306.5,22300_51324
CASTLE,17_22300_51324,237.48,244.4,245.05,250.92,1.0,,36.322871,-118.749847,2022,342807.4,4021306.5,22300_51324
CASTLE,17_22300_51324,231.14,247.79,239.0,254.33,1.0,,36.322871,-118.749847,2022,342807.4,4021306.5,22300_51324
CASTLE,17_22300_51324,9.11,123.4,16.29,133.85,1.0,,36.322871,-118.749847,2022,342807.4,4021306.5,22300_51324
CASTLE,17_22300_51324,75.86,170.99,83.41,176.95,1.0,,36.322871,-118.749847,2022,342807.4,4021306.5,22300_51324
CASTLE,17_22300_51324,72.25,175.91,78.13,182.37,1.0,,36.322871,-118.749847,2022,342807.4,4021306.5,22300_51324
CASTLE,17_22300_51324,78.03,179.28,86.14,185.27,1.0,,36.322871,-118.749847,2022,342807.4,4021306.5,22300_51324
CASTLE,17_22300_51324,129.13,180.14,141.52,194.2,1.0,,36.322871,-118.749847,2022,342807.4,4021306.5,22300_51324
CASTLE,17_22300_51324,124.86,155.92,135.27,163.13,1.0,,36.322871,-118.749847,2022,342807.4,4021306.5,22300_51324
CASTLE,17_22300_51324,114.21,157.42,124.51,162.38,1.0,,36.322871,-118.749847,2022,342807.4,4021306.5,22300_51324
CASTLE,17_22300_51324,120.06,163.9,125.93,169.79,1.0,,36.322871,-118.749847,2022,342807.4,4021306.5,22300_51324
CASTLE,17_22300_51324,107.91,141.89,115.07,151.78,1.0,,36.322871,-118.749847,2022,342807.4,4021306.5,22300_51324
CASTLE,17_22300_51324,117.74,126.5,123.63,132.95,1.0,,36.322871,-118.749847,2022,342807.4,4021306.5,22300_51324
CASTLE,17_22300_51324,204.53,200.98,211.37,210.01,1.0,,36.322871,-118.749847,2022,342807.4,4021306.5,22300_51324
CASTLE,17_22300_51324,203.79,235.98,213.07,243.15,1.0,,36.322871,-118.749847,2022,342807.4,4021306.5,22300_51324
CASTLE,17_22300_51324,215.36,247.23,225.23,254.99,1.0,,36.322871,-118.749847,2022,342807.4,4021306.5,22300_51324
CASTLE,17_22300_51324,135.44,254.92,143.07,256.0,1.0,,36.322871,-118.749847,2022,342807.4,4021306.5,22300_51324
CASTLE,17_22300_51324,226.87,255.01,238.15,256.0,1.0,,36.322871,-118.749847,2022,342807.4,4021306.5,22300_51324
CASTLE,17_22300_51325,65.37,6.58,77.6,16.97,1.0,,36.320658,-118.749847,2022,342802.9,4021061.0,22300_51325
CASTLE,17_22300_51325,55.9,16.05,65.93,27.47,1.0,,36.320658,-118.749847,2022,342802.9,4021061.0,22300_51325
CASTLE,17_22300_51325,34.67,6.49,45.81,17.68,1.0,,36.320658,-118.749847,2022,342802.9,4021061.0,22300_51325
CASTLE,17_22300_51325,34.32,16.5,44.81,25.69,1.0,,36.320658,-118.749847,2022,342802.9,4021061.0,22300_51325
CASTLE,17_22300_51325,21.42,75.84,31.24,88.94,1.0,,36.320658,-118.749847,2022,342802.9,4021061.0,22300_51325
CASTLE,17_22300_51325,31.08,76.4,36.71,83.4,1.0,,36.320658,-118.749847,2022,342802.9,4021061.0,22300_51325
CASTLE,17_22300_51325,35.6,212.66,44.24,224.3,1.0,,36.320658,-118.749847,2022,342802.9,4021061.0,22300_51325
CASTLE,17_22300_51325,34.72,225.89,40.29,231.48,1.0,,36.320658,-118.749847,2022,342802.9,4021061.0,22300_51325
CASTLE,17_22300_51325,32.09,240.33,37.97,246.5,1.0,,36.320658,-118.749847,2022,342802.9,4021061.0,22300_51325
CASTLE,17_22300_51325,68.89,103.22,74.5,109.66,1.0,,36.320658,-118.749847,2022,342802.9,4021061.0,22300_51325
CASTLE,17_22300_51325,83.35,101.88,92.14,110.43,1.0,,36.320658,-118.749847,2022,342802.9,4021061.0,22300_51325
CASTLE,17_22300_51325,93.04,114.46,99.19,120.36,1.0,,36.320658,-118.749847,2022,342802.9,4021061.0,22300_51325
CASTLE,17_22300_51325,59.73,118.22,67.65,126.16,1.0,,36.320658,-118.749847,2022,342802.9,4021061.0,22300_51325
CASTLE,17_22300_51325,97.22,94.02,107.81,105.47,1.0,,36.320658,-118.749847,2022,342802.9,4021061.0,22300_51325
CASTLE,17_22300_51325,99.36,104.56,107.21,111.1,1.0,,36.320658,-118.749847,2022,342802.9,4021061.0,22300_51325
CASTLE,17_22300_51325,103.9,110.56,108.64,116.4,1.0,,36.320658,-118.749847,2022,342802.9,4021061.0,22300_51325
CASTLE,17_22300_51325,107.31,106.33,112.06,112.45,1.0,,36.320658,-118.749847,2022,342802.9,4021061.0,22300_51325
CASTLE,17_22300_51325,105.83,117.14,111.45,123.86,1.0,,36.320658,-118.749847,2022,342802.9,4021061.0,22300_51325
CASTLE,17_22300_51325,102.6,120.95,108.19,126.83,1.0,,36.320658,-118.749847,2022,342802.9,4021061.0,22300_51325
CASTLE,17_22300_51325,113.43,86.96,118.96,91.71,1.0,,36.320658,-118.749847,2022,342802.9,4021061.0,22300_51325
CASTLE,17_22300_51325,114.36,89.55,120.53,96.01,1.0,,36.320658,-118.749847,2022,342802.9,4021061.0,22300_51325
CASTLE,17_22300_51325,118.1,94.23,123.14,100.65,1.0,,36.320658,-118.749847,2022,342802.9,4021061.0,22300_51325
CASTLE,17_22300_51325,123.04,84.42,129.2,90.6,1.0,,36.320658,-118.749847,2022,342802.9,4021061.0,22300_51325
CASTLE,17_22300_51325,125.11,80.69,130.35,85.15,1.0,,36.320658,-118.749847,2022,342802.9,4021061.0,22300_51325
CASTLE,17_22300_51325,130.86,93.1,134.45,98.32,1.0,,36.320658,-118.749847,2022,342802.9,4021061.0,22300_51325
CASTLE,17_22300_51325,124.4,93.1,129.66,98.11,1.0,,36.320658,-118.749847,2022,342802.9,4021061.0,22300_51325
CASTLE,17_22300_51325,125.32,98.22,131.41,102.71,1.0,,36.320658,-118.749847,2022,342802.9,4021061.0,22300_51325
CASTLE,17_22300_51325,126.44,101.67,132.1,109.24,1.0,,36.320658,-118.749847,2022,342802.9,4021061.0,22300_51325
CASTLE,17_22300_51325,120.66,105.79,127.98,112.87,1.0,,36.320658,-118.749847,2022,342802.9,4021061.0,22300_51325
CASTLE,17_22300_51325,134.14,99.18,140.51,103.68,1.0,,36.320658,-118.749847,2022,342802.9,4021061.0,22300_51325
CASTLE,17_22300_51325,142.79,97.58,147.75,102.02,1.0,,36.320658,-118.749847,2022,342802.9,4021061.0,22300_51325
CASTLE,17_22300_51325,147.09,89.44,153.87,97.06,1.0,,36.320658,-118.749847,2022,342802.9,4021061.0,22300_51325
CASTLE,17_22300_51325,143.87,83.22,150.63,90.28,1.0,,36.320658,-118.749847,2022,342802.9,4021061.0,22300_51325
CASTLE,17_22300_51325,150.71,79.43,155.16,84.97,1.0,,36.320658,-118.749847,2022,342802.9,4021061.0,22300_51325
CASTLE,17_22300_51325,153.72,68.97,159.7,77.39,1.0,,36.320658,-118.749847,2022,342802.9,4021061.0,22300_51325
CASTLE,17_22300_51325,160.88,72.39,164.75,77.62,1.0,,36.320658,-118.749847,2022,342802.9,4021061.0,22300_51325
CASTLE,17_22300_51325,159.94,80.26,164.13,86.35,1.0,,36.320658,-118.749847,2022,342802.9,4021061.0,22300_51325
CASTLE,17_22300_51325,164.08,87.51,169.15,94.49,1.0,,36.320658,-118.749847,2022,342802.9,4021061.0,22300_51325
CASTLE,17_22300_51325,163.59,92.57,169.49,99.31,1.0,,36.320658,-118.749847,2022,342802.9,4021061.0,22300_51325
CASTLE,17_22300_51325,158.29,95.58,164.72,101.5,1.0,,36.320658,-118.749847,2022,342802.9,4021061.0,22300_51325
CASTLE,17_22300_51325,172.58,104.41,179.66,112.61,1.0,,36.320658,-118.749847,2022,342802.9,4021061.0,22300_51325
CASTLE,17_22300_51325,149.09,100.12,156.08,106.06,1.0,,36.320658,-118.749847,2022,342802.9,4021061.0,22300_51325
CASTLE,17_22300_51325,151.37,106.44,154.96,111.66,1.0,,36.320658,-118.749847,2022,342802.9,4021061.0,22300_51325
CASTLE,17_22300_51325,140.63,101.72,145.6,106.45,1.0,,36.320658,-118.749847,2022,342802.9,4021061.0,22300_51325
CASTLE,17_22300_51325,142.86,104.93,149.26,110.28,1.0,,36.320658,-118.749847,2022,342802.9,4021061.0,22300_51325
CASTLE,17_22300_51325,137.59,105.41,144.03,111.6,1.0,,36.320658,-118.749847,2022,342802.9,4021061.0,22300_51325
CASTLE,17_22300_51325,133.59,109.75,139.76,116.22,1.0,,36.320658,-118.749847,2022,342802.9,4021061.0,22300_51325
CASTLE,17_22300_51325,125.02,110.65,133.53,119.47,1.0,,36.320658,-118.749847,2022,342802.9,4021061.0,22300_51325
CASTLE,17_22300_51325,132.51,117.47,138.58,121.68,1.0,,36.320658,-118.749847,2022,342802.9,4021061.0,22300_51325
CASTLE,17_22300_51325,138.48,120.99,142.93,126.53,1.0,,36.320658,-118.749847,2022,342802.9,4021061.0,22300_51325
CASTLE,17_22300_51325,154.41,110.25,160.84,116.16,1.0,,36.320658,-118.749847,2022,342802.9,4021061.0,22300_51325
CASTLE,17_22300_51325,151.27,115.48,157.66,120.54,1.0,,36.320658,-118.749847,2022,342802.9,4021061.0,22300_51325
CASTLE,17_22300_51325,159.11,112.71,162.71,117.94,1.0,,36.320658,-118.749847,2022,342802.9,4021061.0,22300_51325
CASTLE,17_22300_51325,165.78,121.63,170.47,126.34,1.0,,36.320658,-118.749847,2022,342802.9,4021061.0,22300_51325
CASTLE,17_22300_51325,173.04,120.97,180.76,130.88,1.0,,36.320658,-118.749847,2022,342802.9,4021061.0,22300_51325
CASTLE,17_22300_51325,180.92,126.26,186.58,134.11,1.0,,36.320658,-118.749847,2022,342802.9,4021061.0,22300_51325
CASTLE,17_22300_51325,182.23,116.42,188.7,123.47,1.0,,36.320658,-118.749847,2022,342802.9,4021061.0,22300_51325
CASTLE,17_22300_51325,196.19,109.83,201.51,116.26,1.0,,36.320658,-118.749847,2022,342802.9,4021061.0,22300_51325
CASTLE,17_22300_51325,191.16,115.97,195.06,121.77,1.0,,36.320658,-118.749847,2022,342802.9,4021061.0,22300_51325
CASTLE,17_22300_51325,194.63,121.63,198.75,126.03,1.0,,36.320658,-118.749847,2022,342802.9,4021061.0,22300_51325
CASTLE,17_22300_51325,201.45,118.12,207.06,124.56,1.0,,36.320658,-118.749847,2022,342802.9,4021061.0,22300_51325
CASTLE,17_22300_51325,206.73,109.6,214.46,119.79,1.0,,36.320658,-118.749847,2022,342802.9,4021061.0,22300_51325
CASTLE,17_22300_51325,197.51,94.07,205.71,102.32,1.0,,36.320658,-118.749847,2022,342802.9,4021061.0,22300_51325
CASTLE,17_22300_51325,201.9,100.48,209.23,107.84,1.0,,36.320658,-118.749847,2022,342802.9,4021061.0,22300_51325
CASTLE,17_22300_51325,209.31,100.38,213.74,105.64,1.0,,36.320658,-118.749847,2022,342802.9,4021061.0,22300_51325
CASTLE,17_22300_51325,212.6,92.48,217.75,101.15,1.0,,36.320658,-118.749847,2022,342802.9,4021061.0,22300_51325
CASTLE,17_22300_51325,189.31,93.14,197.46,99.98,1.0,,36.320658,-118.749847,2022,342802.9,4021061.0,22300_51325
CASTLE,17_22300_51325,194.01,83.32,198.46,88.86,1.0,,36.320658,-118.749847,2022,342802.9,4021061.0,22300_51325
CASTLE,17_22300_51325,187.79,102.39,195.5,105.83,1.0,,36.320658,-118.749847,2022,342802.9,4021061.0,22300_51325
CASTLE,17_22300_51325,128.09,121.09,134.2,126.15,1.0,,36.320658,-118.749847,2022,342802.9,4021061.0,22300_51325
CASTLE,17_22300_51325,222.47,92.63,233.76,101.01,1.0,,36.320658,-118.749847,2022,342802.9,4021061.0,22300_51325
CASTLE,17_22300_51325,222.79,101.26,232.82,106.49,1.0,,36.320658,-118.749847,2022,342802.9,4021061.0,22300_51325
CASTLE,17_22300_51325,236.32,98.32,242.38,102.53,1.0,,36.320658,-118.749847,2022,342802.9,4021061.0,22300_51325
CASTLE,17_22300_51325,239.9,102.16,247.7,107.57,1.0,,36.320658,-118.749847,2022,342802.9,4021061.0,22300_51325
CASTLE,17_22300_51325,234.24,82.27,241.26,89.06,1.0,,36.320658,-118.749847,2022,342802.9,4021061.0,22300_51325
CASTLE,17_22300_51325,246.03,94.95,253.36,102.31,1.0,,36.320658,-118.749847,2022,342802.9,4021061.0,22300_51325
CASTLE,17_22300_51325,247.17,87.37,255.66,95.63,1.0,,36.320658,-118.749847,2022,342802.9,4021061.0,22300_51325
CASTLE,17_22300_51325,240.65,87.22,247.65,93.44,1.0,,36.320658,-118.749847,2022,342802.9,4021061.0,22300_51325
CASTLE,17_22300_51325,204.04,65.96,213.55,72.01,1.0,,36.320658,-118.749847,2022,342802.9,4021061.0,22300_51325
CASTLE,17_22300_51325,184.77,56.35,193.16,62.35,1.0,,36.320658,-118.749847,2022,342802.9,4021061.0,22300_51325
CASTLE,17_22300_51325,188.42,48.74,194.9,56.07,1.0,,36.320658,-118.749847,2022,342802.9,4021061.0,22300_51325
CASTLE,17_22300_51325,179.43,50.18,188.08,55.91,1.0,,36.320658,-118.749847,2022,342802.9,4021061.0,22300_51325
CASTLE,17_22300_51325,199.14,128.33,206.46,135.69,1.0,,36.320658,-118.749847,2022,342802.9,4021061.0,22300_51325
CASTLE,17_22300_51325,111.29,67.93,116.28,72.94,1.0,,36.320658,-118.749847,2022,342802.9,4021061.0,22300_51325
CASTLE,17_22300_51325,117.02,71.3,120.91,77.1,1.0,,36.320658,-118.749847,2022,342802.9,4021061.0,22300_51325
CASTLE,17_22300_51325,115.47,76.31,119.29,80.42,1.0,,36.320658,-118.749847,2022,342802.9,4021061.0,22300_51325
CASTLE,17_22300_51325,115.74,61.07,121.08,67.78,1.0,,36.320658,-118.749847,2022,342802.9,4021061.0,22300_51325
CASTLE,17_22300_51325,119.35,64.76,124.15,72.01,1.0,,36.320658,-118.749847,2022,342802.9,4021061.0,22300_51325
CASTLE,17_22300_51325,122.49,61.93,127.51,67.78,1.0,,36.320658,-118.749847,2022,342802.9,4021061.0,22300_51325
CASTLE,17_22300_51325,124.38,67.81,127.96,72.75,1.0,,36.320658,-118.749847,2022,342802.9,4021061.0,22300_51325
CASTLE,17_22300_51325,127.92,63.72,134.6,69.09,1.0,,36.320658,-118.749847,2022,342802.9,4021061.0,22300_51325
CASTLE,17_22300_51325,130.97,68.95,135.5,76.47,1.0,,36.320658,-118.749847,2022,342802.9,4021061.0,22300_51325
CASTLE,17_22300_51325,126.43,75.1,133.12,80.75,1.0,,36.320658,-118.749847,2022,342802.9,4021061.0,22300_51325
CASTLE,17_22300_51325,114.77,52.83,119.89,60.94,1.0,,36.320658,-118.749847,2022,342802.9,4021061.0,22300_51325
CASTLE,17_22300_51325,120.63,53.51,124.79,58.76,1.0,,36.320658,-118.749847,2022,342802.9,4021061.0,22300_51325
CASTLE,17_22300_51325,129.31,55.88,134.67,63.15,1.0,,36.320658,-118.749847,2022,342802.9,4021061.0,22300_51325
CASTLE,17_22300_51325,129.22,47.4,135.46,55.56,1.0,,36.320658,-118.749847,2022,342802.9,4021061.0,22300_51325
CASTLE,17_22300_51325,99.69,71.24,107.13,81.14,1.0,,36.320658,-118.749847,2022,342802.9,4021061.0,22300_51325
CASTLE,17_22300_51325,103.07,64.89,107.55,71.28,1.0,,36.320658,-118.749847,2022,342802.9,4021061.0,22300_51325
CASTLE,17_22300_51325,97.32,64.77,103.47,70.96,1.0,,36.320658,-118.749847,2022,342802.9,4021061.0,22300_51325
CASTLE,17_22300_51325,102.07,61.45,105.87,64.99,1.0,,36.320658,-118.749847,2022,342802.9,4021061.0,22300_51325
CASTLE,17_22300_51325,94.28,61.11,100.68,66.46,1.0,,36.320658,-118.749847,2022,342802.9,4021061.0,22300_51325
CASTLE,17_22300_51325,92.92,57.94,97.87,62.1,1.0,,36.320658,-118.749847,2022,342802.9,4021061.0,22300_51325
CASTLE,17_22300_51325,97.52,55.03,103.9,59.82,1.0,,36.320658,-118.749847,2022,342802.9,4021061.0,22300_51325
CASTLE,17_22300_51325,91.82,49.55,100.2,55.27,1.0,,36.320658,-118.749847,2022,342802.9,4021061.0,22300_51325
CASTLE,17_22300_51325,92.82,42.54,100.08,48.49,1.0,,36.320658,-118.749847,2022,342802.9,4021061.0,22300_51325
CASTLE,17_22300_51325,98.7,40.67,102.28,45.62,1.0,,36.320658,-118.749847,2022,342802.9,4021061.0,22300_51325
CASTLE,17_22300_51325,95.7,32.21,103.91,40.46,1.0,,36.320658,-118.749847,2022,342802.9,4021061.0,22300_51325
CASTLE,17_22300_51325,105.31,37.86,109.72,42.56,1.0,,36.320658,-118.749847,2022,342802.9,4021061.0,22300_51325
CASTLE,17_22300_51325,108.26,42.22,111.78,45.76,1.0,,36.320658,-118.749847,2022,342802.9,4021061.0,22300_51325
CASTLE,17_22300_51325,113.06,42.58,118.37,48.73,1.0,,36.320658,-118.749847,2022,342802.9,4021061.0,22300_51325
CASTLE,17_22300_51325,111.86,36.03,120.06,44.0,1.0,,36.320658,-118.749847,2022,342802.9,4021061.0,22300_51325
CASTLE,17_22300_51325,117.95,31.78,122.08,36.46,1.0,,36.320658,-118.749847,2022,342802.9,4021061.0,22300_51325
CASTLE,17_22300_51325,119.98,26.64,124.7,31.92,1.0,,36.320658,-118.749847,2022,342802.9,4021061.0,22300_51325
CASTLE,17_22300_51325,104.4,44.88,108.85,50.43,1.0,,36.320658,-118.749847,2022,342802.9,4021061.0,22300_51325
CASTLE,17_22300_51325,122.93,78.76,126.22,83.41,1.0,,36.320658,-118.749847,2022,342802.9,4021061.0,22300_51325
CASTLE,17_22300_51325,102.07,28.4,109.99,36.35,1.0,,36.320658,-118.749847,2022,342802.9,4021061.0,22300_51325
CASTLE,17_22300_51325,107.89,25.97,114.32,31.88,1.0,,36.320658,-118.749847,2022,342802.9,4021061.0,22300_51325
CASTLE,17_22300_51325,108.58,31.5,113.23,35.37,1.0,,36.320658,-118.749847,2022,342802.9,4021061.0,22300_51325
CASTLE,17_22300_51325,112.8,25.33,116.04,28.85,1.0,,36.320658,-118.749847,2022,342802.9,4021061.0,22300_51325
CASTLE,17_22300_51325,105.23,17.8,111.72,25.12,1.0,,36.320658,-118.749847,2022,342802.9,4021061.0,22300_51325
CASTLE,17_22300_51325,130.65,15.11,141.79,26.3,1.0,,36.320658,-118.749847,2022,342802.9,4021061.0,22300_51325
CASTLE,17_22300_51325,110.27,0.0,118.69,6.64,1.0,,36.320658,-118.749847,2022,342802.9,4021061.0,22300_51325
CASTLE,17_22300_51325,131.09,4.39,140.15,12.95,1.0,,36.320658,-118.749847,2022,342802.9,4021061.0,22300_51325
CASTLE,17_22300_51325,135.23,0.0,143.04,5.18,1.0,,36.320658,-118.749847,2022,342802.9,4021061.0,22300_51325
CASTLE,17_22300_51325,143.96,1.99,150.39,8.18,1.0,,36.320658,-118.749847,2022,342802.9,4021061.0,22300_51325
CASTLE,17_22300_51325,144.09,11.18,151.68,17.99,1.0,,36.320658,-118.749847,2022,342802.9,4021061.0,22300_51325
CASTLE,17_22300_51325,151.15,12.91,155.69,20.42,1.0,,36.320658,-118.749847,2022,342802.9,4021061.0,22300_51325
CASTLE,17_22300_51325,172.36,7.49,178.85,14.81,1.0,,36.320658,-118.749847,2022,342802.9,4021061.0,22300_51325
CASTLE,17_22300_51325,178.08,4.77,183.33,9.5,1.0,,36.320658,-118.749847,2022,342802.9,4021061.0,22300_51325
CASTLE,17_22300_51325,172.84,0.01,181.42,4.05,1.0,,36.320658,-118.749847,2022,342802.9,4021061.0,22300_51325
CASTLE,17_22300_51325,188.64,2.69,196.22,9.22,1.0,,36.320658,-118.749847,2022,342802.9,4021061.0,22300_51325
CASTLE,17_22300_51325,176.49,31.83,186.35,39.58,1.0,,36.320658,-118.749847,2022,342802.9,4021061.0,22300_51325
CASTLE,17_22300_51325,159.51,25.71,168.34,35.39,1.0,,36.320658,-118.749847,2022,342802.9,4021061.0,22300_51325
CASTLE,17_22300_51325,169.27,43.37,178.53,50.26,1.0,,36.320658,-118.749847,2022,342802.9,4021061.0,22300_51325
CASTLE,17_22300_51325,183.63,27.76,192.58,33.79,1.0,,36.320658,-118.749847,2022,342802.9,4021061.0,22300_51325
CASTLE,17_22300_51325,178.64,26.97,183.62,31.98,1.0,,36.320658,-118.749847,2022,342802.9,4021061.0,22300_51325
CASTLE,17_22300_51325,200.63,43.21,207.38,50.26,1.0,,36.320658,-118.749847,2022,342802.9,4021061.0,22300_51325
CASTLE,17_22300_51325,204.69,48.89,210.51,53.94,1.0,,36.320658,-118.749847,2022,342802.9,4021061.0,22300_51325
CASTLE,17_22300_51325,209.56,45.3,216.29,51.79,1.0,,36.320658,-118.749847,2022,342802.9,4021061.0,22300_51325
CASTLE,17_22300_51325,208.38,42.98,212.74,46.55,1.0,,36.320658,-118.749847,2022,342802.9,4021061.0,22300_51325
CASTLE,17_22300_51325,208.51,51.6,212.65,56.57,1.0,,36.320658,-118.749847,2022,342802.9,4021061.0,22300_51325
CASTLE,17_22300_51325,213.66,51.55,217.57,57.64,1.0,,36.320658,-118.749847,2022,342802.9,4021061.0,22300_51325
CASTLE,17_22300_51325,226.55,0.0,238.13,7.96,1.0,,36.320658,-118.749847,2022,342802.9,4021061.0,22300_51325
CASTLE,17_22300_51325,196.25,38.14,204.44,45.82,1.0,,36.320658,-118.749847,2022,342802.9,4021061.0,22300_51325
CASTLE,17_22300_51325,223.96,63.25,234.28,74.96,1.0,,36.320658,-118.749847,2022,342802.9,4021061.0,22300_51325
CASTLE,17_22300_51325,225.84,56.68,235.13,64.13,1.0,,36.320658,-118.749847,2022,342802.9,4021061.0,22300_51325
CASTLE,17_22300_51325,206.73,23.48,211.98,28.22,1.0,,36.320658,-118.749847,2022,342802.9,4021061.0,22300_51325
CASTLE,17_22300_51325,210.99,25.51,216.53,30.54,1.0,,36.320658,-118.749847,2022,342802.9,4021061.0,22300_51325
CASTLE,17_22309_51310,197.26,224.9,209.18,233.96,1.0,,36.353845,-118.725128,2022,345087.8,4024702.7,22309_51310
CASTLE,17_22309_51310,192.09,219.17,203.95,227.0,1.0,,36.353845,-118.725128,2022,345087.8,4024702.7,22309_51310
CASTLE,17_22309_51310,185.89,236.31,191.04,243.24,1.0,,36.353845,-118.725128,2022,345087.8,4024702.7,22309_51310
CASTLE,17_22309_51310,183.37,226.72,188.42,231.21,1.0,,36.353845,-118.725128,2022,345087.8,4024702.7,22309_51310
CASTLE,17_22309_51310,244.06,242.87,249.77,248.6,1.0,,36.353845,-118.725128,2022,345087.8,4024702.7,22309_51310
CASTLE,17_22309_51310,239.07,205.67,242.9,210.1,1.0,,36.353845,-118.725128,2022,345087.8,4024702.7,22309_51310
CASTLE,17_22309_51310,208.82,194.24,216.93,199.47,1.0,,36.353845,-118.725128,2022,345087.8,4024702.7,22309_51310
CASTLE,17_22309_51310,219.94,195.96,228.71,202.44,1.0,,36.353845,-118.725128,2022,345087.8,4024702.7,22309_51310
CASTLE,17_22309_51310,232.76,192.55,234.66,194.46,1.0,,36.353845,-118.725128,2022,345087.8,4024702.7,22309_51310
CASTLE,17_22309_51310,231.44,187.3,234.58,189.87,1.0,,36.353845,-118.725128,2022,345087.8,4024702.7,22309_51310
CASTLE,17_22309_51310,220.12,179.47,225.19,184.56,1.0,,36.353845,-118.725128,2022,345087.8,4024702.7,22309_51310
CASTLE,17_22309_51310,207.15,180.12,217.24,189.09,1.0,,36.353845,-118.725128,2022,345087.8,4024702.7,22309_51310
CASTLE,17_22309_51310,195.35,175.92,201.61,180.46,1.0,,36.353845,-118.725128,2022,345087.8,4024702.7,22309_51310
CASTLE,17_22309_51310,162.07,180.56,169.76,190.03,1.0,,36.353845,-118.725128,2022,345087.8,4024702.7,22309_51310
CASTLE,17_22309_51310,146.9,184.46,152.56,188.97,1.0,,36.353845,-118.725128,2022,345087.8,4024702.7,22309_51310
CASTLE,17_22309_51310,155.38,212.34,160.46,217.43,1.0,,36.353845,-118.725128,2022,345087.8,4024702.7,22309_51310
CASTLE,17_22309_51310,137.87,234.48,145.48,242.12,1.0,,36.353845,-118.725128,2022,345087.8,4024702.7,22309_51310
CASTLE,17_22309_51310,164.33,237.79,168.77,242.25,1.0,,36.353845,-118.725128,2022,345087.8,4024702.7,22309_51310
CASTLE,17_22309_51310,131.17,222.57,135.06,228.22,1.0,,36.353845,-118.725128,2022,345087.8,4024702.7,22309_51310
CASTLE,17_22309_51310,110.04,178.84,115.08,183.33,1.0,,36.353845,-118.725128,2022,345087.8,4024702.7,22309_51310
CASTLE,17_22309_51310,76.03,21.55,81.7,26.67,1.0,,36.353845,-118.725128,2022,345087.8,4024702.7,22309_51310
CASTLE,17_22309_51310,70.81,35.97,76.51,41.7,1.0,,36.353845,-118.725128,2022,345087.8,4024702.7,22309_51310
CASTLE,17_22309_51310,75.51,46.56,80.0,52.24,1.0,,36.353845,-118.725128,2022,345087.8,4024702.7,22309_51310
CASTLE,17_22309_51310,105.99,62.27,113.64,71.13,1.0,,36.353845,-118.725128,2022,345087.8,4024702.7,22309_51310
CASTLE,17_22309_51310,96.31,68.56,106.98,76.94,1.0,,36.353845,-118.725128,2022,345087.8,4024702.7,22309_51310
CASTLE,17_22309_51310,83.47,82.63,86.61,85.2,1.0,,36.353845,-118.725128,2022,345087.8,4024702.7,22309_51310
CASTLE,17_22309_51310,48.49,80.77,52.96,85.84,1.0,,36.353845,-118.725128,2022,345087.8,4024702.7,22309_51310
CASTLE,17_22309_51310,25.82,63.58,31.52,69.31,1.0,,36.353845,-118.725128,2022,345087.8,4024702.7,22309_51310
CASTLE,17_22309_51310,20.49,47.78,27.96,52.37,1.0,,36.353845,-118.725128,2022,345087.8,4024702.7,22309_51310
CASTLE,17_22309_51310,8.6,24.97,18.63,32.71,1.0,,36.353845,-118.725128,2022,345087.8,4024702.7,22309_51310
CASTLE,17_22309_51310,33.52,20.58,38.59,25.67,1.0,,36.353845,-118.725128,2022,345087.8,4024702.7,22309_51310
CASTLE,17_22309_51310,85.5,18.01,96.14,25.78,1.0,,36.353845,-118.725128,2022,345087.8,4024702.7,22309_51310
CASTLE,17_22309_51310,93.75,11.35,102.51,17.82,1.0,,36.353845,-118.725128,2022,345087.8,4024702.7,22309_51310
CASTLE,17_22309_51310,105.32,37.21,110.5,44.74,1.0,,36.353845,-118.725128,2022,345087.8,4024702.7,22309_51310
CASTLE,17_22309_51310,100.83,37.62,104.1,43.23,1.0,,36.353845,-118.725128,2022,345087.8,4024702.7,22309_51310
CASTLE,17_22309_51310,118.01,38.39,125.03,46.6,1.0,,36.353845,-118.725128,2022,345087.8,4024702.7,22309_51310
CASTLE,17_22309_51310,129.71,36.77,137.26,43.18,1.0,,36.353845,-118.725128,2022,345087.8,4024702.7,22309_51310
CASTLE,17_22309_51310,150.98,52.67,154.8,57.09,1.0,,36.353845,-118.725128,2022,345087.8,4024702.7,22309_51310
CASTLE,17_22309_51310,144.09,56.64,149.16,61.73,1.0,,36.353845,-118.725128,2022,345087.8,4024702.7,22309_51310
CASTLE,17_22309_51310,64.66,66.23,68.49,70.65,1.0,,36.353845,-118.725128,2022,345087.8,4024702.7,22309_51310
CASTLE,17_22309_51310,34.87,64.6,39.38,70.88,1.0,,36.353845,-118.725128,2022,345087.8,4024702.7,22309_51310
CASTLE,17_22309_51310,0.21,71.61,4.73,77.89,1.0,,36.353845,-118.725128,2022,345087.8,4024702.7,22309_51310
CASTLE,17_22309_51310,0.11,68.85,3.94,73.28,1.0,,36.353845,-118.725128,2022,345087.8,4024702.7,22309_51310
CASTLE,17_22309_51310,1.55,64.33,7.17,68.23,1.0,,36.353845,-118.725128,2022,345087.8,4024702.7,22309_51310
CASTLE,17_22309_51310,32.52,37.63,36.32,41.44,1.0,,36.353845,-118.725128,2022,345087.8,4024702.7,22309_51310
CASTLE,17_22309_51310,22.18,37.78,25.98,41.59,1.0,,36.353845,-118.725128,2022,345087.8,4024702.7,22309_51310
CASTLE,17_22309_51310,62.21,81.08,67.83,84.97,1.0,,36.353845,-118.725128,2022,345087.8,4024702.7,22309_51310
CASTLE,17_22309_51310,76.23,85.37,80.11,91.01,1.0,,36.353845,-118.725128,2022,345087.8,4024702.7,22309_51310
CASTLE,17_22309_51310,125.9,52.47,132.92,60.69,1.0,,36.353845,-118.725128,2022,345087.8,4024702.7,22309_51310
CASTLE,17_22309_51310,119.55,63.48,120.9,66.58,1.0,,36.353845,-118.725128,2022,345087.8,4024702.7,22309_51310
CASTLE,17_22309_51310,164.85,77.09,168.62,80.3,1.0,,36.353845,-118.725128,2022,345087.8,4024702.7,22309_51310
CASTLE,17_22309_51310,140.5,28.39,144.93,32.84,1.0,,36.353845,-118.725128,2022,345087.8,4024702.7,22309_51310
CASTLE,17_22309_51310,224.97,29.16,228.87,35.97,1.0,,36.353845,-118.725128,2022,345087.8,4024702.7,22309_51310
CASTLE,17_22309_51310,240.5,28.33,245.5,32.78,1.0,,36.353845,-118.725128,2022,345087.8,4024702.7,22309_51310
CASTLE,17_22309_51310,88.5,60.95,94.13,66.03,1.0,,36.353845,-118.725128,2022,345087.8,4024702.7,22309_51310
CASTLE,17_22309_51310,147.3,18.13,154.84,25.71,1.0,,36.353845,-118.725128,2022,345087.8,4024702.7,22309_51310
CASTLE,17_22309_51310,152.59,9.88,158.23,14.96,1.0,,36.353845,-118.725128,2022,345087.8,4024702.7,22309_51310
CASTLE,17_22309_51310,149.1,7.6,154.71,12.07,1.0,,36.353845,-118.725128,2022,345087.8,4024702.7,22309_51310
CASTLE,17_22309_51310,179.86,27.15,186.12,32.86,1.0,,36.353845,-118.725128,2022,345087.8,4024702.7,22309_51310
CASTLE,17_22309_51310,231.06,22.76,236.09,27.81,1.0,,36.353845,-118.725128,2022,345087.8,4024702.7,22309_51310
CASTLE,17_22309_51310,242.39,19.02,246.82,24.05,1.0,,36.353845,-118.725128,2022,345087.8,4024702.7,22309_51310
CASTLE,17_22309_51310,217.48,51.54,223.06,55.41,1.0,,36.353845,-118.725128,2022,345087.8,4024702.7,22309_51310
CASTLE,17_22309_51310,224.32,66.09,229.96,71.17,1.0,,36.353845,-118.725128,2022,345087.8,4024702.7,22309_51310
CASTLE,17_22309_51310,239.24,75.54,244.32,81.81,1.0,,36.353845,-118.725128,2022,345087.8,4024702.7,22309_51310
CASTLE,17_22309_51310,244.54,57.9,250.83,64.22,1.0,,36.353845,-118.725128,2022,345087.8,4024702.7,22309_51310
CASTLE,17_22309_51310,47.89,234.78,52.72,239.63,1.0,,36.353845,-118.725128,2022,345087.8,4024702.7,22309_51310
CASTLE,17_22309_51310,50.17,239.53,54.97,243.8,1.0,,36.353845,-118.725128,2022,345087.8,4024702.7,22309_51310
CASTLE,17_22309_51310,73.09,235.76,80.31,242.74,1.0,,36.353845,-118.725128,2022,345087.8,4024702.7,22309_51310
CASTLE,17_22309_51310,67.42,225.18,71.67,230.0,1.0,,36.353845,-118.725128,2022,345087.8,4024702.7,22309_51310
CASTLE,17_22309_51310,31.07,232.29,37.05,237.19,1.0,,36.353845,-118.725128,2022,345087.8,4024702.7,22309_51310
CASTLE,17_22309_51310,27.02,230.65,31.2,233.73,1.0,,36.353845,-118.725128,2022,345087.8,4024702.7,22309_51310
CASTLE,17_22309_51310,20.81,225.43,26.5,230.32,1.0,,36.353845,-118.725128,2022,345087.8,4024702.7,22309_51310
CASTLE,17_22309_51310,34.63,224.59,38.55,228.53,1.0,,36.353845,-118.725128,2022,345087.8,4024702.7,22309_51310
CASTLE,17_22309_51310,14.05,217.14,20.07,222.91,1.0,,36.353845,-118.725128,2022,345087.8,4024702.7,22309_51310
CASTLE,17_22309_51310,22.67,212.58,28.08,217.74,1.0,,36.353845,-118.725128,2022,345087.8,4024702.7,22309_51310
CASTLE,17_22309_51310,33.12,239.79,36.44,243.12,1.0,,36.353845,-118.725128,2022,345087.8,4024702.7,22309_51310
CASTLE,17_22309_51310,74.11,225.81,76.9,229.03,1.0,,36.353845,-118.725128,2022,345087.8,4024702.7,22309_51310
CASTLE,17_22309_51310,25.88,206.57,29.56,210.28,1.0,,36.353845,-118.725128,2022,345087.8,4024702.7,22309_51310
CASTLE,17_22309_51310,41.19,208.37,46.72,213.92,1.0,,36.353845,-118.725128,2022,345087.8,4024702.7,22309_51310
CASTLE,17_22309_51310,34.04,216.48,38.19,220.65,1.0,,36.353845,-118.725128,2022,345087.8,4024702.7,22309_51310
CASTLE,17_22309_51310,45.04,216.31,49.69,221.82,1.0,,36.353845,-118.725128,2022,345087.8,4024702.7,22309_51310
CASTLE,17_22309_51310,64.32,215.61,69.83,220.72,1.0,,36.353845,-118.725128,2022,345087.8,4024702.7,22309_51310
CASTLE,17_22309_51310,96.87,211.06,100.53,214.32,1.0,,36.353845,-118.725128,2022,345087.8,4024702.7,22309_51310
CASTLE,17_22309_51310,120.61,209.91,127.1,217.27,1.0,,36.353845,-118.725128,2022,345087.8,4024702.7,22309_51310
CASTLE,17_22309_51310,81.78,246.15,90.14,255.8,1.0,,36.353845,-118.725128,2022,345087.8,4024702.7,22309_51310
CASTLE,17_22309_51310,90.59,231.43,96.09,236.54,1.0,,36.353845,-118.725128,2022,345087.8,4024702.7,22309_51310
CASTLE,17_22309_51310,10.94,249.59,13.2,251.33,1.0,,36.353845,-118.725128,2022,345087.8,4024702.7,22309_51310
CASTLE,17_22309_51310,12.24,242.24,16.8,246.81,1.0,,36.353845,-118.725128,2022,345087.8,4024702.7,22309_51310
CASTLE,17_22309_51310,20.57,209.39,23.44,212.8,1.0,,36.353845,-118.725128,2022,345087.8,4024702.7,22309_51310
CASTLE,17_22309_51310,3.21,200.1,7.72,203.59,1.0,,36.353845,-118.725128,2022,345087.8,4024702.7,22309_51310
CASTLE,17_22309_51310,51.41,188.53,58.79,195.42,1.0,,36.353845,-118.725128,2022,345087.8,4024702.7,22309_51310
CASTLE,17_22309_51310,67.52,191.16,72.08,195.74,1.0,,36.353845,-118.725128,2022,345087.8,4024702.7,22309_51310
CASTLE,17_22309_51310,60.94,191.69,66.59,196.32,1.0,,36.353845,-118.725128,2022,345087.8,4024702.7,22309_51310
CASTLE,17_22309_51310,54.87,198.01,60.02,203.71,1.0,,36.353845,-118.725128,2022,345087.8,4024702.7,22309_51310
CASTLE,17_22309_51310,80.81,190.66,89.31,198.15,1.0,,36.353845,-118.725128,2022,345087.8,4024702.7,22309_51310
CASTLE,17_22309_51310,112.46,193.17,118.73,199.46,1.0,,36.353845,-118.725128,2022,345087.8,4024702.7,22309_51310
CASTLE,17_22309_51310,92.87,199.43,99.04,203.53,1.0,,36.353845,-118.725128,2022,345087.8,4024702.7,22309_51310
CASTLE,17_22309_51310,91.52,206.5,94.36,209.36,1.0,,36.353845,-118.725128,2022,345087.8,4024702.7,22309_51310
CASTLE,17_22309_51310,134.33,199.37,144.69,211.86,1.0,,36.353845,-118.725128,2022,345087.8,4024702.7,22309_51310
CASTLE,17_22309_51310,144.03,204.72,148.01,208.73,1.0,,36.353845,-118.725128,2022,345087.8,4024702.7,22309_51310
CASTLE,17_22309_51310,147.83,205.72,151.25,209.15,1.0,,36.353845,-118.725128,2022,345087.8,4024702.7,22309_51310
CASTLE,17_22309_51310,143.81,208.56,148.94,213.71,1.0,,36.353845,-118.725128,2022,345087.8,4024702.7,22309_51310
CASTLE,17_22309_51310,141.41,193.63,147.68,199.93,1.0,,36.353845,-118.725128,2022,345087.8,4024702.7,22309_51310
CASTLE,17_22309_51310,81.76,183.29,88.0,189.03,1.0,,36.353845,-118.725128,2022,345087.8,4024702.7,22309_51310
CASTLE,17_22309_51310,69.96,185.51,73.97,190.06,1.0,,36.353845,-118.725128,2022,345087.8,4024702.7,22309_51310
CASTLE,17_22309_51310,60.64,183.18,68.05,190.61,1.0,,36.353845,-118.725128,2022,345087.8,4024702.7,22309_51310
CASTLE,17_22309_51310,34.32,187.76,37.79,192.29,1.0,,36.353845,-118.725128,2022,345087.8,4024702.7,22309_51310
CASTLE,17_22309_51310,31.35,194.77,34.75,197.65,1.0,,36.353845,-118.725128,2022,345087.8,4024702.7,22309_51310
CASTLE,17_22309_51310,20.32,197.57,22.6,199.86,1.0,,36.353845,-118.725128,2022,345087.8,4024702.7,22309_51310
CASTLE,17_22309_51310,33.24,145.98,40.08,151.8,1.0,,36.353845,-118.725128,2022,345087.8,4024702.7,22309_51310
CASTLE,17_22309_51310,23.65,137.25,30.55,144.17,1.0,,36.353845,-118.725128,2022,345087.8,4024702.7,22309_51310
CASTLE,17_22309_51310,10.05,148.54,16.82,152.7,1.0,,36.353845,-118.725128,2022,345087.8,4024702.7,22309_51310
CASTLE,17_22309_51310,0.0,146.7,2.03,150.66,1.0,,36.353845,-118.725128,2022,345087.8,4024702.7,22309_51310
CASTLE,17_22309_51310,1.28,155.34,4.68,157.7,1.0,,36.353845,-118.725128,2022,345087.8,4024702.7,22309_51310
CASTLE,17_22309_51310,13.12,164.73,18.87,170.5,1.0,,36.353845,-118.725128,2022,345087.8,4024702.7,22309_51310
CASTLE,17_22309_51310,12.54,158.62,17.76,164.92,1.0,,36.353845,-118.725128,2022,345087.8,4024702.7,22309_51310
CASTLE,17_22309_51310,16.11,154.35,21.25,158.99,1.0,,36.353845,-118.725128,2022,345087.8,4024702.7,22309_51310
CASTLE,17_22309_51310,26.53,154.26,31.73,160.01,1.0,,36.353845,-118.725128,2022,345087.8,4024702.7,22309_51310
CASTLE,17_22309_51310,27.17,165.36,32.34,170.55,1.0,,36.353845,-118.725128,2022,345087.8,4024702.7,22309_51310
CASTLE,17_22309_51310,51.0,165.87,57.94,173.9,1.0,,36.353845,-118.725128,2022,345087.8,4024702.7,22309_51310
CASTLE,17_22309_51310,61.9,165.8,65.94,170.39,1.0,,36.353845,-118.725128,2022,345087.8,4024702.7,22309_51310
CASTLE,17_22309_51310,70.04,162.28,75.74,166.95,1.0,,36.353845,-118.725128,2022,345087.8,4024702.7,22309_51310
CASTLE,17_22309_51310,78.96,170.99,83.62,177.26,1.0,,36.353845,-118.725128,2022,345087.8,4024702.7,22309_51310
CASTLE,17_22309_51310,97.55,159.09,107.29,168.34,1.0,,36.353845,-118.725128,2022,345087.8,4024702.7,22309_51310
CASTLE,17_22309_51310,111.25,163.01,118.14,169.94,1.0,,36.353845,-118.725128,2022,345087.8,4024702.7,22309_51310
CASTLE,17_22309_51310,107.68,152.33,111.73,156.92,1.0,,36.353845,-118.725128,2022,345087.8,4024702.7,22309_51310
CASTLE,17_22309_51310,101.68,152.62,104.0,155.48,1.0,,36.353845,-118.725128,2022,345087.8,4024702.7,22309_51310
CASTLE,17_22309_51310,125.28,164.2,136.82,176.85,1.0,,36.353845,-118.725128,2022,345087.8,4024702.7,22309_51310
CASTLE,17_22309_51310,144.23,151.19,146.5,152.94,1.0,,36.353845,-118.725128,2022,345087.8,4024702.7,22309_51310
CASTLE,17_22309_51310,105.15,116.52,108.62,120.53,1.0,,36.353845,-118.725128,2022,345087.8,4024702.7,22309_51310
CASTLE,17_22309_51310,85.92,117.05,93.44,125.66,1.0,,36.353845,-118.725128,2022,345087.8,4024702.7,22309_51310
CASTLE,17_22309_51310,12.77,111.85,15.69,115.84,1.0,,36.353845,-118.725128,2022,345087.8,4024702.7,22309_51310
CASTLE,17_22309_51310,16.75,122.27,19.64,125.71,1.0,,36.353845,-118.725128,2022,345087.8,4024702.7,22309_51310
CASTLE,17_22309_51310,11.92,121.5,15.27,122.75,1.0,,36.353845,-118.725128,2022,345087.8,4024702.7,22309_51310
CASTLE,17_22309_51310,24.48,121.78,27.93,125.24,1.0,,36.353845,-118.725128,2022,345087.8,4024702.7,22309_51310
CASTLE,17_22309_51310,127.66,123.61,132.83,128.8,1.0,,36.353845,-118.725128,2022,345087.8,4024702.7,22309_51310
CASTLE,17_22309_51310,142.68,113.21,150.65,119.63,1.0,,36.353845,-118.725128,2022,345087.8,4024702.7,22309_51310
CASTLE,17_22309_51310,153.72,140.54,157.17,144.0,1.0,,36.353845,-118.725128,2022,345087.8,4024702.7,22309_51310
CASTLE,17_22309_51310,136.13,138.38,140.73,142.99,1.0,,36.353845,-118.725128,2022,345087.8,4024702.7,22309_51310
CASTLE,17_22309_51310,130.22,142.82,131.99,145.65,1.0,,36.353845,-118.725128,2022,345087.8,4024702.7,22309_51310
CASTLE,17_22309_51310,146.29,158.48,151.41,162.57,1.0,,36.353845,-118.725128,2022,345087.8,4024702.7,22309_51310
CASTLE,17_22309_51310,141.46,180.96,146.01,184.47,1.0,,36.353845,-118.725128,2022,345087.8,4024702.7,22309_51310
CASTLE,17_22309_51310,25.16,113.79,28.01,116.12,1.0,,36.353845,-118.725128,2022,345087.8,4024702.7,22309_51310
CASTLE,17_22309_51310,8.05,105.83,13.75,110.5,1.0,,36.353845,-118.725128,2022,345087.8,4024702.7,22309_51310
CASTLE,17_22309_51310,39.72,125.51,42.1,129.47,1.0,,36.353845,-118.725128,2022,345087.8,4024702.7,22309_51310
CASTLE,17_22309_51310,37.82,155.04,41.89,160.18,1.0,,36.353845,-118.725128,2022,345087.8,4024702.7,22309_51310
CASTLE,17_22309_51310,44.67,150.91,48.14,154.93,1.0,,36.353845,-118.725128,2022,345087.8,4024702.7,22309_51310
CASTLE,17_22309_51310,44.91,101.31,49.38,105.45,1.0,,36.353845,-118.725128,2022,345087.8,4024702.7,22309_51310
CASTLE,17_22309_51310,38.86,105.35,44.72,108.84,1.0,,36.353845,-118.725128,2022,345087.8,4024702.7,22309_51310
CASTLE,17_22309_51310,43.75,110.79,48.6,115.66,1.0,,36.353845,-118.725128,2022,345087.8,4024702.7,22309_51310
CASTLE,17_22309_51310,70.75,114.32,73.69,116.24,1.0,,36.353845,-118.725128,2022,345087.8,4024702.7,22309_51310
CASTLE,17_22309_51310,60.29,117.28,63.71,122.08,1.0,,36.353845,-118.725128,2022,345087.8,4024702.7,22309_51310
CASTLE,17_22309_51310,96.01,123.18,99.79,128.0,1.0,,36.353845,-118.725128,2022,345087.8,4024702.7,22309_51310
CASTLE,17_22309_51310,89.08,96.27,93.99,102.57,1.0,,36.353845,-118.725128,2022,345087.8,4024702.7,22309_51310
CASTLE,17_22309_51310,87.67,86.49,92.1,89.91,1.0,,36.353845,-118.725128,2022,345087.8,4024702.7,22309_51310
CASTLE,17_22309_51310,26.04,90.22,29.46,95.03,1.0,,36.353845,-118.725128,2022,345087.8,4024702.7,22309_51310
CASTLE,17_22309_51310,36.97,75.67,43.0,81.11,1.0,,36.353845,-118.725128,2022,345087.8,4024702.7,22309_51310
CASTLE,17_22309_51310,9.94,89.39,14.62,93.48,1.0,,36.353845,-118.725128,2022,345087.8,4024702.7,22309_51310
CASTLE,17_22309_51310,5.42,80.76,10.16,86.14,1.0,,36.353845,-118.725128,2022,345087.8,4024702.7,22309_51310
CASTLE,17_22309_51310,15.3,85.09,19.34,89.14,1.0,,36.353845,-118.725128,2022,345087.8,4024702.7,22309_51310
CASTLE,17_22309_51310,117.88,125.34,125.12,128.89,1.0,,36.353845,-118.725128,2022,345087.8,4024702.7,22309_51310
CASTLE,17_22309_51310,141.4,89.4,144.8,93.43,1.0,,36.353845,-118.725128,2022,345087.8,4024702.7,22309_51310
CASTLE,17_22309_51310,99.2,93.69,103.91,98.42,1.0,,36.353845,-118.725128,2022,345087.8,4024702.7,22309_51310
CASTLE,17_22309_51310,204.74,99.74,211.3,106.79,1.0,,36.353845,-118.725128,2022,345087.8,4024702.7,22309_51310
CASTLE,17_22309_51310,195.04,85.51,201.07,91.56,1.0,,36.353845,-118.725128,2022,345087.8,4024702.7,22309_51310
CASTLE,17_22309_51310,168.98,107.84,175.01,113.89,1.0,,36.353845,-118.725128,2022,345087.8,4024702.7,22309_51310
CASTLE,17_22309_51310,168.66,111.21,172.7,115.73,1.0,,36.353845,-118.725128,2022,345087.8,4024702.7,22309_51310
CASTLE,17_22309_51310,156.36,106.8,163.96,115.82,1.0,,36.353845,-118.725128,2022,345087.8,4024702.7,22309_51310
CASTLE,17_22309_51310,158.73,121.67,164.76,127.73,1.0,,36.353845,-118.725128,2022,345087.8,4024702.7,22309_51310
CASTLE,17_22309_51310,165.67,132.15,173.21,139.72,1.0,,36.353845,-118.725128,2022,345087.8,4024702.7,22309_51310
CASTLE,17_22309_51310,191.36,131.59,196.87,136.66,1.0,,36.353845,-118.725128,2022,345087.8,4024702.7,22309_51310
CASTLE,17_22309_51310,217.99,135.68,223.94,139.81,1.0,,36.353845,-118.725128,2022,345087.8,4024702.7,22309_51310
CASTLE,17_22309_51310,185.81,109.07,192.32,115.15,1.0,,36.353845,-118.725128,2022,345087.8,4024702.7,22309_51310
CASTLE,17_22309_51310,228.46,150.27,232.62,153.97,1.0,,36.353845,-118.725128,2022,345087.8,4024702.7,22309_51310
CASTLE,17_22309_51310,218.33,154.61,224.65,161.92,1.0,,36.353845,-118.725128,2022,345087.8,4024702.7,22309_51310
CASTLE,17_22309_51310,210.76,151.0,215.53,157.23,1.0,,36.353845,-118.725128,2022,345087.8,4024702.7,22309_51310
CASTLE,17_22309_51310,195.82,146.55,199.93,149.24,1.0,,36.353845,-118.725128,2022,345087.8,4024702.7,22309_51310
CASTLE,17_22309_51310,234.07,180.24,239.82,186.02,1.0,,36.353845,-118.725128,2022,345087.8,4024702.7,22309_51310
CASTLE,17_22309_51310,236.34,164.22,240.03,168.4,1.0,,36.353845,-118.725128,2022,345087.8,4024702.7,22309_51310
CASTLE,17_22309_51310,241.72,168.99,243.83,171.6,1.0,,36.353845,-118.725128,2022,345087.8,4024702.7,22309_51310
CASTLE,17_22309_51310,232.94,133.35,237.12,137.55,1.0,,36.353845,-118.725128,2022,345087.8,4024702.7,22309_51310
CASTLE,17_22309_51310,239.88,121.32,245.68,128.1,1.0,,36.353845,-118.725128,2022,345087.8,4024702.7,22309_51310
CASTLE,17_22309_51310,244.37,115.73,252.19,123.1,1.0,,36.353845,-118.725128,2022,345087.8,4024702.7,22309_51310
CASTLE,17_22309_51310,235.43,122.38,240.11,126.6,1.0,,36.353845,-118.725128,2022,345087.8,4024702.7,22309_51310
CASTLE,17_22309_51310,219.23,119.14,225.46,124.44,1.0,,36.353845,-118.725128,2022,345087.8,4024702.7,22309_51310
CASTLE,17_22309_51310,180.09,151.91,187.41,159.25,1.0,,36.353845,-118.725128,2022,345087.8,4024702.7,22309_51310
CASTLE,17_22309_51310,178.52,159.14,185.83,166.49,1.0,,36.353845,-118.725128,2022,345087.8,4024702.7,22309_51310
CASTLE,17_22309_51310,174.78,159.47,180.56,165.75,1.0,,36.353845,-118.725128,2022,345087.8,4024702.7,22309_51310
CASTLE,17_22309_51310,163.37,169.04,169.6,174.33,1.0,,36.353845,-118.725128,2022,345087.8,4024702.7,22309_51310
CASTLE,17_22309_51310,164.86,164.82,170.04,169.06,1.0,,36.353845,-118.725128,2022,345087.8,4024702.7,22309_51310
CASTLE,17_22309_51310,179.02,123.39,181.65,126.52,1.0,,36.353845,-118.725128,2022,345087.8,4024702.7,22309_51310
CASTLE,17_22309_51310,184.92,118.87,190.62,123.64,1.0,,36.353845,-118.725128,2022,345087.8,4024702.7,22309_51310
CASTLE,17_22309_51310,197.4,119.68,203.62,124.98,1.0,,36.353845,-118.725128,2022,345087.8,4024702.7,22309_51310
CASTLE,17_22309_51310,49.88,135.52,55.53,139.87,1.0,,36.353845,-118.725128,2022,345087.8,4024702.7,22309_51310
CASTLE,17_22309_51310,70.05,143.63,72.96,147.86,1.0,,36.353845,-118.725128,2022,345087.8,4024702.7,22309_51310
CASTLE,17_22309_51310,50.9,160.98,53.73,163.16,1.0,,36.353845,-118.725128,2022,345087.8,4024702.7,22309_51310
CASTLE,17_22309_51310,80.94,153.39,85.19,157.0,1.0,,36.353845,-118.725128,2022,345087.8,4024702.7,22309_51310
CASTLE,17_22309_51310,82.24,107.07,87.23,112.08,1.0,,36.353845,-118.725128,2022,345087.8,4024702.7,22309_51310
CASTLE,17_22309_51310,2.4,95.27,5.31,99.5,1.0,,36.353845,-118.725128,2022,345087.8,4024702.7,22309_51310
CASTLE,17_22309_51310,53.75,111.29,57.97,114.22,1.0,,36.353845,-118.725128,2022,345087.8,4024702.7,22309_51310
CASTLE,17_22309_51310,105.49,102.25,107.63,104.4,1.0,,36.353845,-118.725128,2022,345087.8,4024702.7,22309_51310
CASTLE,17_22309_51310,119.97,105.31,122.2,109.51,1.0,,36.353845,-118.725128,2022,345087.8,4024702.7,22309_51310
CASTLE,17_22309_51310,113.73,114.31,118.04,119.29,1.0,,36.353845,-118.725128,2022,345087.8,4024702.7,22309_51310
CASTLE,17_22309_51310,91.75,143.91,100.99,152.54,1.0,,36.353845,-118.725128,2022,345087.8,4024702.7,22309_51310
CASTLE,17_22309_51310,6.32,131.86,10.54,134.78,1.0,,36.353845,-118.725128,2022,345087.8,4024702.7,22309_51310
CASTLE,17_22309_51310,181.85,69.18,183.83,71.17,1.0,,36.353845,-118.725128,2022,345087.8,4024702.7,22309_51310
CASTLE,17_22309_51310,182.64,77.8,190.55,85.75,1.0,,36.353845,-118.725128,2022,345087.8,4024702.7,22309_51310
CASTLE,17_22309_51310,172.32,89.73,176.28,93.7,1.0,,36.353845,-118.725128,2022,345087.8,4024702.7,22309_51310
CASTLE,17_22309_51310,175.58,98.93,180.61,105.8,1.0,,36.353845,-118.725128,2022,345087.8,4024702.7,22309_51310
CASTLE,17_22309_51310,118.86,96.4,122.85,101.32,1.0,,36.353845,-118.725128,2022,345087.8,4024702.7,22309_51310
CASTLE,17_22309_51310,127.02,105.81,130.98,109.79,1.0,,36.353845,-118.725128,2022,345087.8,4024702.7,22309_51310
CASTLE,17_22309_51310,50.74,48.11,56.67,54.07,1.0,,36.353845,-118.725128,2022,345087.8,4024702.7,22309_51310
CASTLE,17_22309_51310,103.8,6.82,108.09,10.13,1.0,,36.353845,-118.725128,2022,345087.8,4024702.7,22309_51310
CASTLE,17_22309_51310,184.46,38.58,187.71,41.84,1.0,,36.353845,-118.725128,2022,345087.8,4024702.7,22309_51310
CASTLE,17_22309_51310,177.66,60.19,181.05,66.58,1.0,,36.353845,-118.725128,2022,345087.8,4024702.7,22309_51310
CASTLE,17_22309_51310,196.37,27.63,199.62,30.89,1.0,,36.353845,-118.725128,2022,345087.8,4024702.7,22309_51310
CASTLE,17_22309_51310,193.7,16.56,200.1,21.0,1.0,,36.353845,-118.725128,2022,345087.8,4024702.7,22309_51310
CASTLE,17_22309_51310,107.51,14.81,111.89,20.2,1.0,,36.353845,-118.725128,2022,345087.8,4024702.7,22309_51310
CASTLE,17_22309_51310,54.46,7.75,56.63,9.92,1.0,,36.353845,-118.725128,2022,345087.8,4024702.7,22309_51310
CASTLE,17_22309_51310,45.04,7.33,49.37,11.68,1.0,,36.353845,-118.725128,2022,345087.8,4024702.7,22309_51310
CASTLE,17_22309_51310,36.02,12.67,40.31,15.98,1.0,,36.353845,-118.725128,2022,345087.8,4024702.7,22309_51310
CASTLE,17_22309_51310,0.0,54.36,2.63,56.56,1.0,,36.353845,-118.725128,2022,345087.8,4024702.7,22309_51310
CASTLE,17_22309_51310,8.09,44.29,13.46,48.69,1.0,,36.353845,-118.725128,2022,345087.8,4024702.7,22309_51310
CASTLE,17_22309_51310,151.83,0.52,156.96,5.68,1.0,,36.353845,-118.725128,2022,345087.8,4024702.7,22309_51310
CASTLE,17_22309_51310,135.49,1.78,142.63,8.0,1.0,,36.353845,-118.725128,2022,345087.8,4024702.7,22309_51310
CASTLE,17_22309_51310,191.39,8.71,194.51,12.79,1.0,,36.353845,-118.725128,2022,345087.8,4024702.7,22309_51310
CASTLE,17_22309_51310,208.7,7.01,214.77,11.22,1.0,,36.353845,-118.725128,2022,345087.8,4024702.7,22309_51310
CASTLE,17_22309_51310,211.1,22.44,214.09,23.56,1.0,,36.353845,-118.725128,2022,345087.8,4024702.7,22309_51310
CASTLE,17_22309_51310,240.89,12.89,245.04,18.0,1.0,,36.353845,-118.725128,2022,345087.8,4024702.7,22309_51310
CASTLE,17_22309_51310,206.03,56.34,210.13,60.46,1.0,,36.353845,-118.725128,2022,345087.8,4024702.7,22309_51310
CASTLE,17_22309_51310,206.55,77.13,214.62,82.41,1.0,,36.353845,-118.725128,2022,345087.8,4024702.7,22309_51310
CASTLE,17_22309_51310,217.65,58.83,221.84,64.93,1.0,,36.353845,-118.725128,2022,345087.8,4024702.7,22309_51310
CASTLE,17_22309_51310,132.63,70.37,134.69,72.43,1.0,,36.353845,-118.725128,2022,345087.8,4024702.7,22309_51310
CASTLE,17_22309_51310,120.76,16.93,122.77,18.01,1.0,,36.353845,-118.725128,2022,345087.8,4024702.7,22309_51310
CASTLE,17_22309_51310,109.53,0.62,113.64,4.74,1.0,,36.353845,-118.725128,2022,345087.8,4024702.7,22309_51310
CASTLE,17_22309_51310,68.04,3.71,74.11,7.92,1.0,,36.353845,-118.725128,2022,345087.8,4024702.7,22309_51310
CASTLE,17_22309_51310,56.45,40.29,64.62,47.55,1.0,,36.353845,-118.725128,2022,345087.8,4024702.7,22309_51310
CASTLE,17_22309_51310,40.86,62.83,45.9,66.01,1.0,,36.353845,-118.725128,2022,345087.8,4024702.7,22309_51310
CASTLE,17_22309_51310,49.15,61.72,55.31,67.9,1.0,,36.353845,-118.725128,2022,345087.8,4024702.7,22309_51310
CASTLE,17_22309_51310,73.12,67.23,78.2,71.4,1.0,,36.353845,-118.725128,2022,345087.8,4024702.7,22309_51310
CASTLE,17_22309_51310,111.1,83.27,115.09,86.03,1.0,,36.353845,-118.725128,2022,345087.8,4024702.7,22309_51310
CASTLE,17_22309_51310,221.84,91.44,228.46,95.62,1.0,,36.353845,-118.725128,2022,345087.8,4024702.7,22309_51310
CASTLE,17_22312_51341,5.49,5.94,10.18,10.99,1.0,,36.285242,-118.716888,2022,345692.0,4017079.1,22312_51341
CASTLE,17_22312_51341,0.95,16.15,3.86,19.73,1.0,,36.285242,-118.716888,2022,345692.0,4017079.1,22312_51341
CASTLE,17_22312_51341,2.21,40.33,8.66,46.14,1.0,,36.285242,-118.716888,2022,345692.0,4017079.1,22312_51341
CASTLE,17_22312_51341,12.19,38.52,20.83,47.2,1.0,,36.285242,-118.716888,2022,345692.0,4017079.1,22312_51341
CASTLE,17_22312_51341,13.99,29.05,21.77,33.89,1.0,,36.285242,-118.716888,2022,345692.0,4017079.1,22312_51341
CASTLE,17_22312_51341,17.13,25.38,22.11,29.04,1.0,,36.285242,-118.716888,2022,345692.0,4017079.1,22312_51341
CASTLE,17_22312_51341,20.42,12.73,27.18,20.17,1.0,,36.285242,-118.716888,2022,345692.0,4017079.1,22312_51341
CASTLE,17_22312_51341,20.65,20.76,26.99,26.48,1.0,,36.285242,-118.716888,2022,345692.0,4017079.1,22312_51341
CASTLE,17_22312_51341,37.08,6.81,42.73,12.16,1.0,,36.285242,-118.716888,2022,345692.0,4017079.1,22312_51341
CASTLE,17_22312_51341,29.44,11.94,38.59,19.82,1.0,,36.285242,-118.716888,2022,345692.0,4017079.1,22312_51341
CASTLE,17_22312_51341,29.46,5.45,36.5,11.54,1.0,,36.285242,-118.716888,2022,345692.0,4017079.1,22312_51341
CASTLE,17_22312_51341,23.99,0.59,29.24,4.57,1.0,,36.285242,-118.716888,2022,345692.0,4017079.1,22312_51341
CASTLE,17_22312_51341,18.27,1.03,25.31,7.12,1.0,,36.285242,-118.716888,2022,345692.0,4017079.1,22312_51341
CASTLE,17_22312_51341,14.92,5.65,20.52,9.98,1.0,,36.285242,-118.716888,2022,345692.0,4017079.1,22312_51341
CASTLE,17_22312_51341,11.01,8.72,16.31,13.72,1.0,,36.285242,-118.716888,2022,345692.0,4017079.1,22312_51341
CASTLE,17_22312_51341,6.99,45.92,12.63,50.93,1.0,,36.285242,-118.716888,2022,345692.0,4017079.1,22312_51341
CASTLE,17_22312_51341,12.85,48.57,16.76,52.82,1.0,,36.285242,-118.716888,2022,345692.0,4017079.1,22312_51341
CASTLE,17_22312_51341,46.6,72.09,53.27,77.48,1.0,,36.285242,-118.716888,2022,345692.0,4017079.1,22312_51341
CASTLE,17_22312_51341,42.12,68.14,47.16,75.16,1.0,,36.285242,-118.716888,2022,345692.0,4017079.1,22312_51341
CASTLE,17_22312_51341,41.48,58.37,47.08,62.7,1.0,,36.285242,-118.716888,2022,345692.0,4017079.1,22312_51341
CASTLE,17_22312_51341,51.3,11.2,57.66,17.26,1.0,,36.285242,-118.716888,2022,345692.0,4017079.1,22312_51341
CASTLE,17_22312_51341,53.68,5.16,59.97,9.52,1.0,,36.285242,-118.716888,2022,345692.0,4017079.1,22312_51341
CASTLE,17_22312_51341,46.12,6.02,52.11,11.39,1.0,,36.285242,-118.716888,2022,345692.0,4017079.1,22312_51341
CASTLE,17_22312_51341,42.91,32.5,48.57,37.85,1.0,,36.285242,-118.716888,2022,345692.0,4017079.1,22312_51341
CASTLE,17_22312_51341,42.67,16.96,49.08,24.05,1.0,,36.285242,-118.716888,2022,345692.0,4017079.1,22312_51341
CASTLE,17_22312_51341,35.86,16.66,44.67,24.53,1.0,,36.285242,-118.716888,2022,345692.0,4017079.1,22312_51341
CASTLE,17_22312_51341,34.87,26.85,40.15,31.5,1.0,,36.285242,-118.716888,2022,345692.0,4017079.1,22312_51341
CASTLE,17_22312_51341,22.53,37.22,27.12,41.51,1.0,,36.285242,-118.716888,2022,345692.0,4017079.1,22312_51341
CASTLE,17_22312_51341,19.66,50.75,26.35,56.49,1.0,,36.285242,-118.716888,2022,345692.0,4017079.1,22312_51341
CASTLE,17_22312_51341,19.55,45.97,24.18,51.27,1.0,,36.285242,-118.716888,2022,345692.0,4017079.1,22312_51341
CASTLE,17_22312_51341,21.56,56.29,25.09,59.51,1.0,,36.285242,-118.716888,2022,345692.0,4017079.1,22312_51341
CASTLE,17_22312_51341,26.81,42.88,35.53,48.7,1.0,,36.285242,-118.716888,2022,345692.0,4017079.1,22312_51341
CASTLE,17_22312_51341,25.0,48.6,32.39,55.05,1.0,,36.285242,-118.716888,2022,345692.0,4017079.1,22312_51341
CASTLE,17_22312_51341,5.37,53.88,19.4,65.04,1.0,,36.285242,-118.716888,2022,345692.0,4017079.1,22312_51341
CASTLE,17_22312_51341,7.09,65.89,15.14,72.03,1.0,,36.285242,-118.716888,2022,345692.0,4017079.1,22312_51341
CASTLE,17_22312_51341,15.45,69.34,22.13,75.07,1.0,,36.285242,-118.716888,2022,345692.0,4017079.1,22312_51341
CASTLE,17_22312_51341,17.39,66.17,20.58,69.38,1.0,,36.285242,-118.716888,2022,345692.0,4017079.1,22312_51341
CASTLE,17_22312_51341,20.92,62.75,26.16,66.38,1.0,,36.285242,-118.716888,2022,345692.0,4017079.1,22312_51341
CASTLE,17_22312_51341,29.43,68.76,36.77,73.85,1.0,,36.285242,-118.716888,2022,345692.0,4017079.1,22312_51341
CASTLE,17_22312_51341,68.16,62.12,73.43,66.44,1.0,,36.285242,-118.716888,2022,345692.0,4017079.1,22312_51341
CASTLE,17_22312_51341,59.13,58.82,62.7,63.06,1.0,,36.285242,-118.716888,2022,345692.0,4017079.1,22312_51341
CASTLE,17_22312_51341,54.7,59.64,58.92,63.23,1.0,,36.285242,-118.716888,2022,345692.0,4017079.1,22312_51341
CASTLE,17_22312_51341,58.16,63.9,63.83,69.59,1.0,,36.285242,-118.716888,2022,345692.0,4017079.1,22312_51341
CASTLE,17_22312_51341,70.95,59.01,78.66,64.79,1.0,,36.285242,-118.716888,2022,345692.0,4017079.1,22312_51341
CASTLE,17_22312_51341,57.45,18.13,62.79,24.15,1.0,,36.285242,-118.716888,2022,345692.0,4017079.1,22312_51341
CASTLE,17_22312_51341,34.13,80.41,40.5,86.81,1.0,,36.285242,-118.716888,2022,345692.0,4017079.1,22312_51341
CASTLE,17_22312_51341,44.06,44.26,57.93,59.33,1.0,,36.285242,-118.716888,2022,345692.0,4017079.1,22312_51341
CASTLE,17_22312_51341,41.81,48.06,46.22,52.17,1.0,,36.285242,-118.716888,2022,345692.0,4017079.1,22312_51341
CASTLE,17_22312_51341,67.21,25.82,73.2,31.18,1.0,,36.285242,-118.716888,2022,345692.0,4017079.1,22312_51341
CASTLE,17_22312_51341,68.94,32.89,74.93,38.26,1.0,,36.285242,-118.716888,2022,345692.0,4017079.1,22312_51341
CASTLE,17_22312_51341,85.94,46.62,95.05,53.48,1.0,,36.285242,-118.716888,2022,345692.0,4017079.1,22312_51341
CASTLE,17_22312_51341,116.08,23.89,123.41,28.98,1.0,,36.285242,-118.716888,2022,345692.0,4017079.1,22312_51341
CASTLE,17_22312_51341,132.32,20.86,140.02,26.65,1.0,,36.285242,-118.716888,2022,345692.0,4017079.1,22312_51341
CASTLE,17_22312_51341,147.05,22.54,154.39,27.97,1.0,,36.285242,-118.716888,2022,345692.0,4017079.1,22312_51341
CASTLE,17_22312_51341,153.0,24.85,157.19,27.76,1.0,,36.285242,-118.716888,2022,345692.0,4017079.1,22312_51341
CASTLE,17_22312_51341,148.61,20.39,151.78,23.25,1.0,,36.285242,-118.716888,2022,345692.0,4017079.1,22312_51341
CASTLE,17_22312_51341,137.97,16.17,144.99,21.92,1.0,,36.285242,-118.716888,2022,345692.0,4017079.1,22312_51341
CASTLE,17_22312_51341,129.94,3.53,138.07,11.37,1.0,,36.285242,-118.716888,2022,345692.0,4017079.1,22312_51341
CASTLE,17_22312_51341,139.46,0.0,149.95,7.46,1.0,,36.285242,-118.716888,2022,345692.0,4017079.1,22312_51341
CASTLE,17_22312_51341,103.99,9.21,116.4,22.0,1.0,,36.285242,-118.716888,2022,345692.0,4017079.1,22312_51341
CASTLE,17_22312_51341,98.29,5.53,105.7,12.32,1.0,,36.285242,-118.716888,2022,345692.0,4017079.1,22312_51341
CASTLE,17_22312_51341,73.8,18.6,81.16,24.37,1.0,,36.285242,-118.716888,2022,345692.0,4017079.1,22312_51341
CASTLE,17_22312_51341,74.19,6.33,80.86,11.73,1.0,,36.285242,-118.716888,2022,345692.0,4017079.1,22312_51341
CASTLE,17_22312_51341,67.62,4.16,74.66,10.25,1.0,,36.285242,-118.716888,2022,345692.0,4017079.1,22312_51341
CASTLE,17_22312_51341,89.66,20.16,95.71,26.89,1.0,,36.285242,-118.716888,2022,345692.0,4017079.1,22312_51341
CASTLE,17_22312_51341,84.24,17.53,90.56,22.57,1.0,,36.285242,-118.716888,2022,345692.0,4017079.1,22312_51341
CASTLE,17_22312_51341,88.32,13.44,94.65,18.83,1.0,,36.285242,-118.716888,2022,345692.0,4017079.1,22312_51341
CASTLE,17_22312_51341,85.49,8.88,91.79,13.58,1.0,,36.285242,-118.716888,2022,345692.0,4017079.1,22312_51341
CASTLE,17_22312_51341,88.55,3.56,95.93,9.67,1.0,,36.285242,-118.716888,2022,345692.0,4017079.1,22312_51341
CASTLE,17_22312_51341,99.97,23.53,114.07,36.06,1.0,,36.285242,-118.716888,2022,345692.0,4017079.1,22312_51341
CASTLE,17_22312_51341,98.43,17.65,105.84,24.44,1.0,,36.285242,-118.716888,2022,345692.0,4017079.1,22312_51341
CASTLE,17_22312_51341,117.28,8.09,130.72,21.27,1.0,,36.285242,-118.716888,2022,345692.0,4017079.1,22312_51341
CASTLE,17_22312_51341,117.99,0.95,127.14,8.83,1.0,,36.285242,-118.716888,2022,345692.0,4017079.1,22312_51341
CASTLE,17_22312_51341,83.16,31.83,97.56,43.69,1.0,,36.285242,-118.716888,2022,345692.0,4017079.1,22312_51341
CASTLE,17_22312_51341,79.03,39.48,84.66,44.49,1.0,,36.285242,-118.716888,2022,345692.0,4017079.1,22312_51341
CASTLE,17_22312_51341,128.47,43.06,138.36,52.34,1.0,,36.285242,-118.716888,2022,345692.0,4017079.1,22312_51341
CASTLE,17_22312_51341,205.83,57.42,217.08,66.76,1.0,,36.285242,-118.716888,2022,345692.0,4017079.1,22312_51341
CASTLE,17_22312_51341,169.99,32.12,185.56,47.43,1.0,,36.285242,-118.716888,2022,345692.0,4017079.1,22312_51341
CASTLE,17_22312_51341,189.0,25.96,202.15,40.15,1.0,,36.285242,-118.716888,2022,345692.0,4017079.1,22312_51341
CASTLE,17_22312_51341,181.13,15.88,194.1,25.97,1.0,,36.285242,-118.716888,2022,345692.0,4017079.1,22312_51341
CASTLE,17_22312_51341,201.85,2.46,208.98,10.6,1.0,,36.285242,-118.716888,2022,345692.0,4017079.1,22312_51341
CASTLE,17_22312_51341,188.52,2.55,193.51,8.21,1.0,,36.285242,-118.716888,2022,345692.0,4017079.1,22312_51341
CASTLE,17_22312_51341,165.26,14.83,175.12,23.43,1.0,,36.285242,-118.716888,2022,345692.0,4017079.1,22312_51341
CASTLE,17_22312_51341,169.36,8.01,178.14,15.2,1.0,,36.285242,-118.716888,2022,345692.0,4017079.1,22312_51341
CASTLE,17_22312_51341,159.49,12.18,165.56,19.25,1.0,,36.285242,-118.716888,2022,345692.0,4017079.1,22312_51341
CASTLE,17_22312_51341,161.44,2.72,171.07,13.68,1.0,,36.285242,-118.716888,2022,345692.0,4017079.1,22312_51341
CASTLE,17_22312_51341,209.12,19.17,217.92,26.7,1.0,,36.285242,-118.716888,2022,345692.0,4017079.1,22312_51341
CASTLE,17_22312_51341,214.4,14.28,221.03,18.65,1.0,,36.285242,-118.716888,2022,345692.0,4017079.1,22312_51341
CASTLE,17_22312_51341,219.75,8.54,224.34,12.83,1.0,,36.285242,-118.716888,2022,345692.0,4017079.1,22312_51341
CASTLE,17_22312_51341,218.92,16.71,230.94,28.12,1.0,,36.285242,-118.716888,2022,345692.0,4017079.1,22312_51341
CASTLE,17_22312_51341,215.04,27.29,227.75,39.07,1.0,,36.285242,-118.716888,2022,345692.0,4017079.1,22312_51341
CASTLE,17_22312_51341,226.37,30.35,236.96,40.34,1.0,,36.285242,-118.716888,2022,345692.0,4017079.1,22312_51341
CASTLE,17_22312_51341,236.88,6.76,248.37,21.56,1.0,,36.285242,-118.716888,2022,345692.0,4017079.1,22312_51341
CASTLE,17_22312_51341,227.01,1.02,236.9,10.3,1.0,,36.285242,-118.716888,2022,345692.0,4017079.1,22312_51341
CASTLE,17_22312_51341,228.58,11.33,238.82,20.97,1.0,,36.285242,-118.716888,2022,345692.0,4017079.1,22312_51341
CASTLE,17_22312_51341,245.42,0.14,256.0,9.12,1.0,,36.285242,-118.716888,2022,345692.0,4017079.1,22312_51341
CASTLE,17_22312_51341,245.46,20.62,256.0,31.31,1.0,,36.285242,-118.716888,2022,345692.0,4017079.1,22312_51341
CASTLE,17_22312_51341,234.54,24.57,244.7,32.16,1.0,,36.285242,-118.716888,2022,345692.0,4017079.1,22312_51341
CASTLE,17_22312_51341,247.22,52.61,256.0,60.49,1.0,,36.285242,-118.716888,2022,345692.0,4017079.1,22312_51341
CASTLE,17_22312_51341,221.67,63.59,230.23,73.49,1.0,,36.285242,-118.716888,2022,345692.0,4017079.1,22312_51341
CASTLE,17_22312_51341,245.98,61.94,255.45,69.5,1.0,,36.285242,-118.716888,2022,345692.0,4017079.1,22312_51341
CASTLE,17_22312_51341,232.18,48.35,238.89,54.77,1.0,,36.285242,-118.716888,2022,345692.0,4017079.1,22312_51341
CASTLE,17_22312_51341,228.57,42.39,236.27,48.17,1.0,,36.285242,-118.716888,2022,345692.0,4017079.1,22312_51341
CASTLE,17_22312_51341,240.7,44.29,248.42,50.42,1.0,,36.285242,-118.716888,2022,345692.0,4017079.1,22312_51341
CASTLE,17_22312_51341,237.48,38.0,243.43,42.35,1.0,,36.285242,-118.716888,2022,345692.0,4017079.1,22312_51341
CASTLE,17_22312_51341,183.78,75.73,195.71,85.1,1.0,,36.285242,-118.716888,2022,345692.0,4017079.1,22312_51341
CASTLE,17_22312_51341,186.26,52.45,196.74,59.72,1.0,,36.285242,-118.716888,2022,345692.0,4017079.1,22312_51341
CASTLE,17_22312_51341,172.53,70.61,176.41,74.18,1.0,,36.285242,-118.716888,2022,345692.0,4017079.1,22312_51341
CASTLE,17_22312_51341,207.39,52.71,215.42,58.16,1.0,,36.285242,-118.716888,2022,345692.0,4017079.1,22312_51341
CASTLE,17_22312_51341,206.21,42.42,213.67,50.23,1.0,,36.285242,-118.716888,2022,345692.0,4017079.1,22312_51341
CASTLE,17_22312_51341,190.07,42.55,200.57,50.5,1.0,,36.285242,-118.716888,2022,345692.0,4017079.1,22312_51341
CASTLE,17_22312_51341,170.83,1.76,177.91,8.88,1.0,,36.285242,-118.716888,2022,345692.0,4017079.1,22312_51341
CASTLE,17_22312_51341,183.24,72.79,191.26,77.91,1.0,,36.285242,-118.716888,2022,345692.0,4017079.1,22312_51341
CASTLE,17_22312_51341,192.42,226.63,201.29,235.87,1.0,,36.285242,-118.716888,2022,345692.0,4017079.1,22312_51341
CASTLE,17_22312_51341,204.3,224.77,212.75,232.29,1.0,,36.285242,-118.716888,2022,345692.0,4017079.1,22312_51341
CASTLE,17_22312_51341,203.12,217.04,209.87,224.14,1.0,,36.285242,-118.716888,2022,345692.0,4017079.1,22312_51341
CASTLE,17_22312_51341,209.36,242.74,215.7,248.46,1.0,,36.285242,-118.716888,2022,345692.0,4017079.1,22312_51341
CASTLE,17_22312_51341,207.94,248.48,212.56,253.44,1.0,,36.285242,-118.716888,2022,345692.0,4017079.1,22312_51341
CASTLE,17_22312_51341,176.17,249.45,181.09,253.41,1.0,,36.285242,-118.716888,2022,345692.0,4017079.1,22312_51341
CASTLE,17_22312_51341,237.89,206.3,246.7,214.17,1.0,,36.285242,-118.716888,2022,345692.0,4017079.1,22312_51341
CASTLE,17_22312_51341,234.62,235.16,239.32,241.83,1.0,,36.285242,-118.716888,2022,345692.0,4017079.1,22312_51341
CASTLE,17_22312_51341,218.09,222.49,225.94,231.68,1.0,,36.285242,-118.716888,2022,345692.0,4017079.1,22312_51341
CASTLE,17_22312_51341,240.4,229.96,247.02,234.33,1.0,,36.285242,-118.716888,2022,345692.0,4017079.1,22312_51341
CASTLE,17_22312_51341,243.68,217.31,250.47,225.43,1.0,,36.285242,-118.716888,2022,345692.0,4017079.1,22312_51341
CASTLE,17_22312_51341,251.06,220.54,256.0,227.57,1.0,,36.285242,-118.716888,2022,345692.0,4017079.1,22312_51341
CASTLE,17_22312_51341,247.92,233.54,255.02,240.99,1.0,,36.285242,-118.716888,2022,345692.0,4017079.1,22312_51341
CASTLE,17_22312_51341,240.02,237.29,247.21,246.79,1.0,,36.285242,-118.716888,2022,345692.0,4017079.1,22312_51341
CASTLE,17_22312_51341,246.28,241.82,253.97,247.27,1.0,,36.285242,-118.716888,2022,345692.0,4017079.1,22312_51341
CASTLE,17_22312_51341,224.69,232.33,234.51,239.91,1.0,,36.285242,-118.716888,2022,345692.0,4017079.1,22312_51341
CASTLE,17_22312_51341,232.27,219.19,239.68,225.98,1.0,,36.285242,-118.716888,2022,345692.0,4017079.1,22312_51341
CASTLE,17_22312_51341,220.24,216.2,227.81,223.8,1.0,,36.285242,-118.716888,2022,345692.0,4017079.1,22312_51341
CASTLE,17_22312_51341,228.89,209.99,233.96,215.75,1.0,,36.285242,-118.716888,2022,345692.0,4017079.1,22312_51341
CASTLE,17_22312_51341,212.87,208.76,219.67,214.59,1.0,,36.285242,-118.716888,2022,345692.0,4017079.1,22312_51341
CASTLE,17_22312_51341,219.9,197.62,226.38,204.13,1.0,,36.285242,-118.716888,2022,345692.0,4017079.1,22312_51341
CASTLE,17_22312_51341,209.02,197.31,214.82,204.14,1.0,,36.285242,-118.716888,2022,345692.0,4017079.1,22312_51341
CASTLE,17_22312_51341,175.85,194.96,181.93,200.07,1.0,,36.285242,-118.716888,2022,345692.0,4017079.1,22312_51341
CASTLE,17_22312_51341,201.44,192.12,209.0,199.71,1.0,,36.285242,-118.716888,2022,345692.0,4017079.1,22312_51341
CASTLE,17_22312_51341,176.23,208.52,182.37,215.01,1.0,,36.285242,-118.716888,2022,345692.0,4017079.1,22312_51341
CASTLE,17_22312_51341,188.08,214.08,195.25,220.62,1.0,,36.285242,-118.716888,2022,345692.0,4017079.1,22312_51341
CASTLE,17_22312_51341,194.57,219.57,201.4,226.1,1.0,,36.285242,-118.716888,2022,345692.0,4017079.1,22312_51341
CASTLE,17_22312_51341,198.85,214.38,203.53,219.08,1.0,,36.285242,-118.716888,2022,345692.0,4017079.1,22312_51341
CASTLE,17_22312_51341,188.14,250.34,194.17,254.41,1.0,,36.285242,-118.716888,2022,345692.0,4017079.1,22312_51341
CASTLE,17_22312_51341,177.86,229.07,188.02,240.93,1.0,,36.285242,-118.716888,2022,345692.0,4017079.1,22312_51341
CASTLE,17_22312_51341,166.52,226.83,178.61,235.66,1.0,,36.285242,-118.716888,2022,345692.0,4017079.1,22312_51341
CASTLE,17_22312_51341,167.07,210.54,174.33,219.16,1.0,,36.285242,-118.716888,2022,345692.0,4017079.1,22312_51341
CASTLE,17_22312_51341,166.34,202.87,172.77,208.34,1.0,,36.285242,-118.716888,2022,345692.0,4017079.1,22312_51341
CASTLE,17_22312_51341,164.86,196.21,169.96,202.66,1.0,,36.285242,-118.716888,2022,345692.0,4017079.1,22312_51341
CASTLE,17_22312_51341,193.92,204.11,202.6,213.48,1.0,,36.285242,-118.716888,2022,345692.0,4017079.1,22312_51341
CASTLE,17_22312_51341,185.96,201.32,193.57,209.95,1.0,,36.285242,-118.716888,2022,345692.0,4017079.1,22312_51341
CASTLE,17_22312_51341,186.9,196.68,195.84,204.33,1.0,,36.285242,-118.716888,2022,345692.0,4017079.1,22312_51341
CASTLE,17_22312_51341,144.1,231.39,152.51,242.48,1.0,,36.285242,-118.716888,2022,345692.0,4017079.1,22312_51341
CASTLE,17_22312_51341,147.27,224.76,156.25,233.45,1.0,,36.285242,-118.716888,2022,345692.0,4017079.1,22312_51341
CASTLE,17_22312_51341,154.75,237.75,162.25,243.96,1.0,,36.285242,-118.716888,2022,345692.0,4017079.1,22312_51341
CASTLE,17_22312_51341,118.49,244.12,123.97,251.28,1.0,,36.285242,-118.716888,2022,345692.0,4017079.1,22312_51341
CASTLE,17_22312_51341,111.09,240.32,117.91,246.84,1.0,,36.285242,-118.716888,2022,345692.0,4017079.1,22312_51341
CASTLE,17_22312_51341,105.81,242.86,110.2,248.93,1.0,,36.285242,-118.716888,2022,345692.0,4017079.1,22312_51341
CASTLE,17_22312_51341,121.33,227.07,127.14,233.89,1.0,,36.285242,-118.716888,2022,345692.0,4017079.1,22312_51341
CASTLE,17_22312_51341,126.22,222.6,129.93,228.64,1.0,,36.285242,-118.716888,2022,345692.0,4017079.1,22312_51341
CASTLE,17_22312_51341,105.78,224.29,112.23,230.11,1.0,,36.285242,-118.716888,2022,345692.0,4017079.1,22312_51341
CASTLE,17_22312_51341,106.8,232.66,112.55,238.11,1.0,,36.285242,-118.716888,2022,345692.0,4017079.1,22312_51341
CASTLE,17_22312_51341,118.44,207.16,124.9,213.32,1.0,,36.285242,-118.716888,2022,345692.0,4017079.1,22312_51341
CASTLE,17_22312_51341,155.36,177.22,161.47,183.03,1.0,,36.285242,-118.716888,2022,345692.0,4017079.1,22312_51341
CASTLE,17_22312_51341,114.58,167.42,120.96,171.51,1.0,,36.285242,-118.716888,2022,345692.0,4017079.1,22312_51341
CASTLE,17_22312_51341,97.71,167.2,106.62,174.16,1.0,,36.285242,-118.716888,2022,345692.0,4017079.1,22312_51341
CASTLE,17_22312_51341,105.05,163.18,110.44,168.26,1.0,,36.285242,-118.716888,2022,345692.0,4017079.1,22312_51341
CASTLE,17_22312_51341,87.88,160.69,93.96,165.79,1.0,,36.285242,-118.716888,2022,345692.0,4017079.1,22312_51341
CASTLE,17_22312_51341,108.01,156.73,113.14,163.87,1.0,,36.285242,-118.716888,2022,345692.0,4017079.1,22312_51341
CASTLE,17_22312_51341,141.3,165.32,147.14,172.84,1.0,,36.285242,-118.716888,2022,345692.0,4017079.1,22312_51341
CASTLE,17_22312_51341,113.27,184.37,117.28,189.39,1.0,,36.285242,-118.716888,2022,345692.0,4017079.1,22312_51341
CASTLE,17_22312_51341,98.47,183.36,102.46,188.04,1.0,,36.285242,-118.716888,2022,345692.0,4017079.1,22312_51341
CASTLE,17_22312_51341,92.18,195.06,97.97,201.54,1.0,,36.285242,-118.716888,2022,345692.0,4017079.1,22312_51341
CASTLE,17_22312_51341,85.77,188.7,90.83,194.11,1.0,,36.285242,-118.716888,2022,345692.0,4017079.1,22312_51341
CASTLE,17_22312_51341,91.67,206.13,97.31,209.15,1.0,,36.285242,-118.716888,2022,345692.0,4017079.1,22312_51341
CASTLE,17_22312_51341,83.57,243.08,88.25,247.78,1.0,,36.285242,-118.716888,2022,345692.0,4017079.1,22312_51341
CASTLE,17_22312_51341,94.09,241.12,98.88,248.25,1.0,,36.285242,-118.716888,2022,345692.0,4017079.1,22312_51341
CASTLE,17_22312_51341,91.61,216.55,97.02,222.32,1.0,,36.285242,-118.716888,2022,345692.0,4017079.1,22312_51341
CASTLE,17_22312_51341,13.31,165.71,26.35,180.46,1.0,,36.285242,-118.716888,2022,345692.0,4017079.1,22312_51341
CASTLE,17_22312_51341,5.15,231.44,16.89,240.26,1.0,,36.285242,-118.716888,2022,345692.0,4017079.1,22312_51341
CASTLE,17_22312_51341,26.41,233.79,38.55,251.62,1.0,,36.285242,-118.716888,2022,345692.0,4017079.1,22312_51341
CASTLE,17_22312_51341,36.6,226.26,52.7,240.11,1.0,,36.285242,-118.716888,2022,345692.0,4017079.1,22312_51341
CASTLE,17_22312_51341,45.75,216.43,57.98,228.38,1.0,,36.285242,-118.716888,2022,345692.0,4017079.1,22312_51341
CASTLE,17_22312_51341,71.04,225.35,86.94,234.7,1.0,,36.285242,-118.716888,2022,345692.0,4017079.1,22312_51341
CASTLE,17_22312_51341,71.42,198.83,81.9,210.36,1.0,,36.285242,-118.716888,2022,345692.0,4017079.1,22312_51341
CASTLE,17_22312_51341,3.31,199.09,12.28,207.44,1.0,,36.285242,-118.716888,2022,345692.0,4017079.1,22312_51341
CASTLE,17_22312_51341,39.12,169.45,48.48,178.86,1.0,,36.285242,-118.716888,2022,345692.0,4017079.1,22312_51341
CASTLE,17_22312_51341,75.1,155.98,87.59,173.82,1.0,,36.285242,-118.716888,2022,345692.0,4017079.1,22312_51341
CASTLE,17_22312_51341,54.11,200.31,65.25,211.18,1.0,,36.285242,-118.716888,2022,345692.0,4017079.1,22312_51341
CASTLE,17_22312_51341,64.29,242.58,76.52,254.53,1.0,,36.285242,-118.716888,2022,345692.0,4017079.1,22312_51341
CASTLE,17_22312_51341,37.69,241.75,48.91,254.34,1.0,,36.285242,-118.716888,2022,345692.0,4017079.1,22312_51341
CASTLE,17_22312_51341,53.39,244.52,65.2,254.73,1.0,,36.285242,-118.716888,2022,345692.0,4017079.1,22312_51341
CASTLE,17_22312_51341,7.07,240.55,14.6,247.45,1.0,,36.285242,-118.716888,2022,345692.0,4017079.1,22312_51341
CASTLE,17_22312_51341,22.95,200.66,31.21,208.63,1.0,,36.285242,-118.716888,2022,345692.0,4017079.1,22312_51341
CASTLE,17_22312_51341,12.03,248.58,19.6,256.0,1.0,,36.285242,-118.716888,2022,345692.0,4017079.1,22312_51341
CASTLE,17_22312_51341,18.66,219.9,28.29,227.58,1.0,,36.285242,-118.716888,2022,345692.0,4017079.1,22312_51341
CASTLE,17_22312_51341,87.35,220.71,101.32,233.08,1.0,,36.285242,-118.716888,2022,345692.0,4017079.1,22312_51341
CASTLE,17_22312_51341,83.56,204.92,92.87,212.93,1.0,,36.285242,-118.716888,2022,345692.0,4017079.1,22312_51341
CASTLE,17_22312_51341,84.79,196.99,92.7,204.6,1.0,,36.285242,-118.716888,2022,345692.0,4017079.1,22312_51341
CASTLE,17_22312_51341,115.5,108.31,127.01,119.54,1.0,,36.285242,-118.716888,2022,345692.0,4017079.1,22312_51341
CASTLE,17_22312_51341,136.33,70.71,142.5,77.9,1.0,,36.285242,-118.716888,2022,345692.0,4017079.1,22312_51341
CASTLE,17_22312_51341,133.79,86.58,142.66,100.45,1.0,,36.285242,-118.716888,2022,345692.0,4017079.1,22312_51341
CASTLE,17_22312_51341,99.49,76.01,107.37,82.93,1.0,,36.285242,-118.716888,2022,345692.0,4017079.1,22312_51341
CASTLE,17_22312_51341,90.17,81.85,97.09,90.45,1.0,,36.285242,-118.716888,2022,345692.0,4017079.1,22312_51341
CASTLE,17_22312_51341,88.16,70.13,96.05,77.4,1.0,,36.285242,-118.716888,2022,345692.0,4017079.1,22312_51341
CASTLE,17_22312_51341,112.33,84.91,118.03,89.31,1.0,,36.285242,-118.716888,2022,345692.0,4017079.1,22312_51341
CASTLE,17_22312_51341,111.11,71.15,121.4,78.18,1.0,,36.285242,-118.716888,2022,345692.0,4017079.1,22312_51341
CASTLE,17_22312_51341,116.63,58.91,125.91,66.58,1.0,,36.285242,-118.716888,2022,345692.0,4017079.1,22312_51341
CASTLE,17_22312_51341,55.82,112.94,62.38,121.18,1.0,,36.285242,-118.716888,2022,345692.0,4017079.1,22312_51341
CASTLE,17_22312_51341,57.17,106.92,64.72,114.17,1.0,,36.285242,-118.716888,2022,345692.0,4017079.1,22312_51341
CASTLE,17_22312_51341,124.98,141.52,135.74,151.34,1.0,,36.285242,-118.716888,2022,345692.0,4017079.1,22312_51341
CASTLE,17_22312_51341,104.9,100.2,113.9,109.24,1.0,,36.285242,-118.716888,2022,345692.0,4017079.1,22312_51341
CASTLE,17_22312_51341,17.44,105.85,25.72,114.17,1.0,,36.285242,-118.716888,2022,345692.0,4017079.1,22312_51341
CASTLE,17_22312_51341,9.56,135.35,21.82,148.0,1.0,,36.285242,-118.716888,2022,345692.0,4017079.1,22312_51341
CASTLE,17_22312_51341,7.23,101.93,16.22,110.62,1.0,,36.285242,-118.716888,2022,345692.0,4017079.1,22312_51341
CASTLE,17_22312_51341,60.06,140.02,68.61,146.62,1.0,,36.285242,-118.716888,2022,345692.0,4017079.1,22312_51341
CASTLE,17_22312_51341,60.82,126.87,69.88,137.3,1.0,,36.285242,-118.716888,2022,345692.0,4017079.1,22312_51341
CASTLE,17_22312_51341,52.73,94.75,61.97,101.39,1.0,,36.285242,-118.716888,2022,345692.0,4017079.1,22312_51341
CASTLE,17_22312_51341,47.22,104.75,57.21,112.8,1.0,,36.285242,-118.716888,2022,345692.0,4017079.1,22312_51341
CASTLE,17_22312_51341,62.73,158.53,68.49,164.31,1.0,,36.285242,-118.716888,2022,345692.0,4017079.1,22312_51341
CASTLE,17_22312_51341,44.18,158.57,51.38,165.8,1.0,,36.285242,-118.716888,2022,345692.0,4017079.1,22312_51341
CASTLE,17_22312_51341,246.85,172.19,253.46,177.67,1.0,,36.285242,-118.716888,2022,345692.0,4017079.1,22312_51341
CASTLE,17_22312_51341,240.32,174.5,244.29,178.82,1.0,,36.285242,-118.716888,2022,345692.0,4017079.1,22312_51341
CASTLE,17_22312_51341,240.7,196.29,245.4,201.51,1.0,,36.285242,-118.716888,2022,345692.0,4017079.1,22312_51341
CASTLE,17_22312_51341,242.57,187.44,246.74,192.46,1.0,,36.285242,-118.716888,2022,345692.0,4017079.1,22312_51341
CASTLE,17_22312_51341,222.08,173.25,227.07,177.28,1.0,,36.285242,-118.716888,2022,345692.0,4017079.1,22312_51341
CASTLE,17_22312_51341,240.22,159.74,242.96,163.32,1.0,,36.285242,-118.716888,2022,345692.0,4017079.1,22312_51341
CASTLE,17_22312_51341,247.48,167.09,252.48,171.12,1.0,,36.285242,-118.716888,2022,345692.0,4017079.1,22312_51341
CASTLE,17_22312_51341,251.14,160.23,256.0,164.6,1.0,,36.285242,-118.716888,2022,345692.0,4017079.1,22312_51341
CASTLE,17_22312_51341,235.95,180.03,240.25,183.85,1.0,,36.285242,-118.716888,2022,345692.0,4017079.1,22312_51341
CASTLE,17_22312_51341,230.59,173.54,235.61,178.09,1.0,,36.285242,-118.716888,2022,345692.0,4017079.1,22312_51341
CASTLE,17_22312_51341,235.99,169.8,241.65,177.14,1.0,,36.285242,-118.716888,2022,345692.0,4017079.1,22312_51341
CASTLE,17_22312_51341,243.3,182.18,246.89,185.62,1.0,,36.285242,-118.716888,2022,345692.0,4017079.1,22312_51341
CASTLE,17_22312_51341,251.12,179.14,256.0,184.56,1.0,,36.285242,-118.716888,2022,345692.0,4017079.1,22312_51341
CASTLE,17_22312_51341,244.08,154.8,247.67,158.07,1.0,,36.285242,-118.716888,2022,345692.0,4017079.1,22312_51341
CASTLE,17_22312_51341,226.86,189.08,231.47,192.22,1.0,,36.285242,-118.716888,2022,345692.0,4017079.1,22312_51341
CASTLE,17_22312_51341,236.39,188.11,240.67,191.42,1.0,,36.285242,-118.716888,2022,345692.0,4017079.1,22312_51341
CASTLE,17_22312_51341,215.41,185.45,220.83,191.22,1.0,,36.285242,-118.716888,2022,345692.0,4017079.1,22312_51341
CASTLE,17_22312_51341,228.62,181.52,232.93,185.52,1.0,,36.285242,-118.716888,2022,345692.0,4017079.1,22312_51341
CASTLE,17_22312_51344,15.06,122.91,22.13,130.01,1.0,,36.2786,-118.716888,2022,345678.9,4016342.3,22312_51344
CASTLE,17_22312_51344,22.58,106.96,29.62,113.31,1.0,,36.2786,-118.716888,2022,345678.9,4016342.3,22312_51344
CASTLE,17_22312_51344,6.12,164.15,12.4,170.46,1.0,,36.2786,-118.716888,2022,345678.9,4016342.3,22312_51344
CASTLE,17_22312_51344,12.69,160.27,20.48,166.65,1.0,,36.2786,-118.716888,2022,345678.9,4016342.3,22312_51344
CASTLE,17_22312_51344,172.44,96.63,179.63,102.52,1.0,,36.2786,-118.716888,2022,345678.9,4016342.3,22312_51344
CASTLE,17_22312_51344,158.68,89.83,167.52,99.79,1.0,,36.2786,-118.716888,2022,345678.9,4016342.3,22312_51344
CASTLE,17_22312_51344,169.78,106.42,179.72,115.86,1.0,,36.2786,-118.716888,2022,345678.9,4016342.3,22312_51344
CASTLE,17_22312_51344,147.0,127.2,156.95,139.66,1.0,,36.2786,-118.716888,2022,345678.9,4016342.3,22312_51344
CASTLE,17_22312_51344,249.96,29.76,256.0,44.45,1.0,,36.2786,-118.716888,2022,345678.9,4016342.3,22312_51344
CASTLE,17_22312_51344,216.15,190.31,229.09,205.28,1.0,,36.2786,-118.716888,2022,345678.9,4016342.3,22312_51344
CASTLE,17_22312_51344,228.29,186.2,238.02,197.94,1.0,,36.2786,-118.716888,2022,345678.9,4016342.3,22312_51344
CASTLE,17_22312_51344,243.19,174.48,251.9,186.18,1.0,,36.2786,-118.716888,2022,345678.9,4016342.3,22312_51344
CASTLE,17_22312_51344,247.78,155.06,255.32,163.63,1.0,,36.2786,-118.716888,2022,345678.9,4016342.3,22312_51344
CASTLE,17_22312_51344,228.24,165.04,236.9,175.7,1.0,,36.2786,-118.716888,2022,345678.9,4016342.3,22312_51344
CASTLE,17_22312_51344,250.52,230.54,256.0,241.09,1.0,,36.2786,-118.716888,2022,345678.9,4016342.3,22312_51344
CASTLE,17_22312_51344,238.92,215.06,247.54,224.69,1.0,,36.2786,-118.716888,2022,345678.9,4016342.3,22312_51344
CASTLE,17_22312_51344,246.03,215.89,253.67,226.51,1.0,,36.2786,-118.716888,2022,345678.9,4016342.3,22312_51344
CASTLE,17_22312_51344,253.57,218.81,256.0,230.25,1.0,,36.2786,-118.716888,2022,345678.9,4016342.3,22312_51344
CASTLE,17_22312_51344,252.47,200.17,256.0,208.57,1.0,,36.2786,-118.716888,2022,345678.9,4016342.3,22312_51344
CASTLE,17_22312_51344,250.43,211.44,256.0,219.93,1.0,,36.2786,-118.716888,2022,345678.9,4016342.3,22312_51344
CASTLE,17_22312_51344,239.7,187.73,245.15,195.17,1.0,,36.2786,-118.716888,2022,345678.9,4016342.3,22312_51344
CASTLE,17_22312_51344,153.76,199.4,161.39,210.02,1.0,,36.2786,-118.716888,2022,345678.9,4016342.3,22312_51344
CASTLE,17_22312_51344,161.46,237.41,168.96,244.94,1.0,,36.2786,-118.716888,2022,345678.9,4016342.3,22312_51344
CASTLE,17_22312_51344,150.68,249.83,157.11,256.0,1.0,,36.2786,-118.716888,2022,345678.9,4016342.3,22312_51344
CASTLE,17_22312_51344,152.72,237.53,160.22,245.07,1.0,,36.2786,-118.716888,2022,345678.9,4016342.3,22312_51344
CASTLE,17_22312_51344,157.58,243.94,166.1,251.52,1.0,,36.2786,-118.716888,2022,345678.9,4016342.3,22312_51344
CASTLE,17_22312_51344,137.66,192.48,146.28,202.12,1.0,,36.2786,-118.716888,2022,345678.9,4016342.3,22312_51344
CASTLE,17_22312_51344,117.08,217.37,124.63,225.93,1.0,,36.2786,-118.716888,2022,345678.9,4016342.3,22312_51344
CASTLE,17_22312_51344,102.48,208.47,114.22,219.27,1.0,,36.2786,-118.716888,2022,345678.9,4016342.3,22312_51344
CASTLE,17_22312_51344,157.05,186.12,164.54,193.65,1.0,,36.2786,-118.716888,2022,345678.9,4016342.3,22312_51344
CASTLE,17_22312_51344,125.29,240.96,134.89,249.61,1.0,,36.2786,-118.716888,2022,345678.9,4016342.3,22312_51344
CASTLE,17_22312_51344,223.19,151.39,231.85,162.06,1.0,,36.2786,-118.716888,2022,345678.9,4016342.3,22312_51344
CASTLE,17_22312_51344,220.41,142.5,230.18,155.27,1.0,,36.2786,-118.716888,2022,345678.9,4016342.3,22312_51344
CASTLE,17_22312_51344,138.8,109.44,145.32,117.96,1.0,,36.2786,-118.716888,2022,345678.9,4016342.3,22312_51344
CASTLE,17_22312_51344,247.6,132.87,254.25,144.48,1.0,,36.2786,-118.716888,2022,345678.9,4016342.3,22312_51344
CASTLE,17_22312_51344,249.57,125.21,256.0,134.77,1.0,,36.2786,-118.716888,2022,345678.9,4016342.3,22312_51344
CASTLE,17_22312_51344,197.45,107.92,204.99,116.48,1.0,,36.2786,-118.716888,2022,345678.9,4016342.3,22312_51344
CASTLE,17_22312_51344,203.93,109.25,210.59,120.86,1.0,,36.2786,-118.716888,2022,345678.9,4016342.3,22312_51344
CASTLE,17_22312_51344,111.86,172.75,119.4,181.32,1.0,,36.2786,-118.716888,2022,345678.9,4016342.3,22312_51344
CASTLE,17_22312_51344,216.81,17.44,225.43,27.07,1.0,,36.2786,-118.716888,2022,345678.9,4016342.3,22312_51344
CASTLE,17_22312_51344,233.34,16.62,241.91,25.23,1.0,,36.2786,-118.716888,2022,345678.9,4016342.3,22312_51344
CASTLE,17_22312_51344,249.51,13.21,256.0,19.68,1.0,,36.2786,-118.716888,2022,345678.9,4016342.3,22312_51344
CASTLE,17_22312_51344,249.18,8.04,256.0,15.55,1.0,,36.2786,-118.716888,2022,345678.9,4016342.3,22312_51344
CASTLE,17_22312_51344,234.7,13.06,242.07,17.5,1.0,,36.2786,-118.716888,2022,345678.9,4016342.3,22312_51344
CASTLE,17_22312_51344,237.38,7.51,243.85,15.0,1.0,,36.2786,-118.716888,2022,345678.9,4016342.3,22312_51344
CASTLE,17_22312_51344,248.98,103.51,256.0,113.09,1.0,,36.2786,-118.716888,2022,345678.9,4016342.3,22312_51344
CASTLE,17_22312_51344,230.69,108.38,239.4,120.07,1.0,,36.2786,-118.716888,2022,345678.9,4016342.3,22312_51344
CASTLE,17_22312_51344,223.25,106.49,230.75,114.02,1.0,,36.2786,-118.716888,2022,345678.9,4016342.3,22312_51344
CASTLE,17_22312_51344,223.38,114.24,230.92,122.8,1.0,,36.2786,-118.716888,2022,345678.9,4016342.3,22312_51344
CASTLE,17_22312_51344,229.31,83.54,238.95,93.22,1.0,,36.2786,-118.716888,2022,345678.9,4016342.3,22312_51344
CASTLE,17_22312_51344,221.57,38.81,229.11,47.37,1.0,,36.2786,-118.716888,2022,345678.9,4016342.3,22312_51344
CASTLE,17_22312_51344,251.02,118.56,256.0,124.96,1.0,,36.2786,-118.716888,2022,345678.9,4016342.3,22312_51344
CASTLE,17_22312_51344,169.82,241.92,181.6,253.75,1.0,,36.2786,-118.716888,2022,345678.9,4016342.3,22312_51344
CASTLE,17_22312_51344,169.94,185.14,177.43,192.67,1.0,,36.2786,-118.716888,2022,345678.9,4016342.3,22312_51344
CASTLE,17_22312_51344,168.16,179.9,175.61,186.4,1.0,,36.2786,-118.716888,2022,345678.9,4016342.3,22312_51344
CASTLE,17_22312_51344,248.75,191.23,256.0,199.8,1.0,,36.2786,-118.716888,2022,345678.9,4016342.3,22312_51344
CASTLE,17_22312_51344,252.27,146.49,256.0,154.9,1.0,,36.2786,-118.716888,2022,345678.9,4016342.3,22312_51344
CASTLE,17_22312_51344,156.64,138.1,163.07,144.56,1.0,,36.2786,-118.716888,2022,345678.9,4016342.3,22312_51344
CASTLE,17_22312_51344,173.8,120.8,181.3,128.33,1.0,,36.2786,-118.716888,2022,345678.9,4016342.3,22312_51344
CASTLE,17_22312_51344,119.03,232.42,127.56,240.0,1.0,,36.2786,-118.716888,2022,345678.9,4016342.3,22312_51344
CASTLE,17_22312_51344,254.54,133.63,256.0,141.48,1.0,,36.2786,-118.716888,2022,345678.9,4016342.3,22312_51344
CASTLE,17_22312_51344,250.23,139.51,256.0,147.19,1.0,,36.2786,-118.716888,2022,345678.9,4016342.3,22312_51344
CASTLE,17_22314_51383,61.08,203.29,68.3,211.64,1.0,,36.1922,-118.711395,2022,346002.9,4006749.0,22314_51383
CASTLE,17_22314_51383,64.81,200.46,72.44,207.68,1.0,,36.1922,-118.711395,2022,346002.9,4006749.0,22314_51383
CASTLE,17_22314_51383,21.12,216.43,27.88,222.52,1.0,,36.1922,-118.711395,2022,346002.9,4006749.0,22314_51383
CASTLE,17_22314_51383,103.27,197.9,111.61,206.97,1.0,,36.1922,-118.711395,2022,346002.9,4006749.0,22314_51383
CASTLE,17_22314_51383,97.22,203.81,106.27,212.91,1.0,,36.1922,-118.711395,2022,346002.9,4006749.0,22314_51383
CASTLE,17_22314_51383,98.64,194.79,106.31,205.27,1.0,,36.1922,-118.711395,2022,346002.9,4006749.0,22314_51383
CASTLE,17_22314_51383,149.6,197.79,157.43,206.38,1.0,,36.1922,-118.711395,2022,346002.9,4006749.0,22314_51383
CASTLE,17_22314_51383,161.34,203.2,168.43,211.76,1.0,,36.1922,-118.711395,2022,346002.9,4006749.0,22314_51383
CASTLE,17_22314_51383,94.85,226.57,104.86,233.75,1.0,,36.1922,-118.711395,2022,346002.9,4006749.0,22314_51383
CASTLE,17_22314_51383,143.25,131.69,149.49,137.96,1.0,,36.1922,-118.711395,2022,346002.9,4006749.0,22314_51383
CASTLE,17_22314_51383,145.86,141.2,150.57,146.66,1.0,,36.1922,-118.711395,2022,346002.9,4006749.0,22314_51383
CASTLE,17_22314_51383,165.18,119.87,169.86,124.58,1.0,,36.1922,-118.711395,2022,346002.9,4006749.0,22314_51383
CASTLE,17_22314_51383,154.31,109.24,162.09,116.33,1.0,,36.1922,-118.711395,2022,346002.9,4006749.0,22314_51383
CASTLE,17_22314_51383,146.63,116.04,152.8,120.81,1.0,,36.1922,-118.711395,2022,346002.9,4006749.0,22314_51383
CASTLE,17_22314_51383,218.38,139.77,227.13,149.35,1.0,,36.1922,-118.711395,2022,346002.9,4006749.0,22314_51383
CASTLE,17_22314_51383,186.63,156.83,195.46,168.09,1.0,,36.1922,-118.711395,2022,346002.9,4006749.0,22314_51383
CASTLE,17_22314_51383,200.03,74.31,207.04,82.15,1.0,,36.1922,-118.711395,2022,346002.9,4006749.0,22314_51383
CASTLE,17_22314_51383,173.82,82.8,179.09,88.89,1.0,,36.1922,-118.711395,2022,346002.9,4006749.0,22314_51383
CASTLE,17_22314_51383,155.1,98.34,162.94,106.21,1.0,,36.1922,-118.711395,2022,346002.9,4006749.0,22314_51383
CASTLE,17_22314_51383,156.61,92.53,165.28,100.44,1.0,,36.1922,-118.711395,2022,346002.9,4006749.0,22314_51383
CASTLE,17_22314_51383,145.67,94.98,151.81,101.94,1.0,,36.1922,-118.711395,2022,346002.9,4006749.0,22314_51383
CASTLE,17_22314_51383,220.33,70.6,226.42,76.72,1.0,,36.1922,-118.711395,2022,346002.9,4006749.0,22314_51383
CASTLE,17_22314_51383,230.19,157.08,238.07,165.79,1.0,,36.1922,-118.711395,2022,346002.9,4006749.0,22314_51383
CASTLE,17_22314_51383,180.63,192.23,188.46,200.1,1.0,,36.1922,-118.711395,2022,346002.9,4006749.0,22314_51383
CASTLE,17_22314_51383,185.01,197.88,191.14,204.84,1.0,,36.1922,-118.711395,2022,346002.9,4006749.0,22314_51383
CASTLE,17_22314_51383,241.89,8.04,250.32,17.91,1.0,,36.1922,-118.711395,2022,346002.9,4006749.0,22314_51383
CASTLE,17_22314_51383,182.84,65.15,191.24,74.29,1.0,,36.1922,-118.711395,2022,346002.9,4006749.0,22314_51383
CASTLE,17_22314_51383,182.86,57.09,191.23,65.49,1.0,,36.1922,-118.711395,2022,346002.9,4006749.0,22314_51383
CASTLE,17_22314_51383,187.56,50.7,195.16,58.34,1.0,,36.1922,-118.711395,2022,346002.9,4006749.0,22314_51383
CASTLE,17_22314_51383,92.89,18.43,103.28,29.55,1.0,,36.1922,-118.711395,2022,346002.9,4006749.0,22314_51383
CASTLE,17_22314_51383,127.37,25.31,137.76,36.43,1.0,,36.1922,-118.711395,2022,346002.9,4006749.0,22314_51383
CASTLE,17_22314_51383,142.06,30.24,151.74,41.33,1.0,,36.1922,-118.711395,2022,346002.9,4006749.0,22314_51383
CASTLE,17_22314_51383,154.85,21.9,162.4,32.89,1.0,,36.1922,-118.711395,2022,346002.9,4006749.0,22314_51383
CASTLE,17_22314_51383,184.5,3.61,193.38,12.53,1.0,,36.1922,-118.711395,2022,346002.9,4006749.0,22314_51383
CASTLE,17_22314_51383,157.19,11.31,165.36,20.19,1.0,,36.1922,-118.711395,2022,346002.9,4006749.0,22314_51383
CASTLE,17_22314_51383,162.78,4.43,170.98,14.02,1.0,,36.1922,-118.711395,2022,346002.9,4006749.0,22314_51383
CASTLE,17_22314_51383,196.89,27.69,205.1,37.29,1.0,,36.1922,-118.711395,2022,346002.9,4006749.0,22314_51383
CASTLE,17_22314_51383,179.92,34.42,188.83,44.05,1.0,,36.1922,-118.711395,2022,346002.9,4006749.0,22314_51383
CASTLE,17_22314_51383,186.64,44.34,194.07,52.49,1.0,,36.1922,-118.711395,2022,346002.9,4006749.0,22314_51383
CASTLE,17_22314_51383,190.48,39.16,197.85,45.88,1.0,,36.1922,-118.711395,2022,346002.9,4006749.0,22314_51383
CASTLE,17_22314_51383,126.25,0.0,133.57,5.24,1.0,,36.1922,-118.711395,2022,346002.9,4006749.0,22314_51383
CASTLE,17_22314_51383,156.64,0.0,163.38,8.34,1.0,,36.1922,-118.711395,2022,346002.9,4006749.0,22314_51383
CASTLE,17_22314_51383,167.05,0.0,172.97,5.56,1.0,,36.1922,-118.711395,2022,346002.9,4006749.0,22314_51383
CASTLE,17_22314_51383,173.09,0.0,179.0,5.47,1.0,,36.1922,-118.711395,2022,346002.9,4006749.0,22314_51383
CASTLE,17_22314_51383,193.11,2.92,201.93,10.41,1.0,,36.1922,-118.711395,2022,346002.9,4006749.0,22314_51383
CASTLE,17_22314_51383,186.2,0.0,197.1,6.28,1.0,,36.1922,-118.711395,2022,346002.9,4006749.0,22314_51383
CASTLE,17_22314_51383,136.11,13.58,142.19,23.08,1.0,,36.1922,-118.711395,2022,346002.9,4006749.0,22314_51383
CASTLE,17_22314_51383,128.93,15.4,139.26,25.09,1.0,,36.1922,-118.711395,2022,346002.9,4006749.0,22314_51383
CASTLE,17_22314_51383,165.87,38.86,178.14,51.89,1.0,,36.1922,-118.711395,2022,346002.9,4006749.0,22314_51383
CASTLE,17_22314_51383,176.55,50.75,184.23,59.17,1.0,,36.1922,-118.711395,2022,346002.9,4006749.0,22314_51383
CASTLE,17_22314_51383,180.02,49.06,188.34,55.3,1.0,,36.1922,-118.711395,2022,346002.9,4006749.0,22314_51383
CASTLE,17_22314_51383,176.96,40.82,184.67,49.97,1.0,,36.1922,-118.711395,2022,346002.9,4006749.0,22314_51383
CASTLE,17_22314_51383,140.72,2.0,151.52,14.96,1.0,,36.1922,-118.711395,2022,346002.9,4006749.0,22314_51383
CASTLE,17_22314_51383,217.92,61.07,226.33,69.52,1.0,,36.1922,-118.711395,2022,346002.9,4006749.0,22314_51383
CASTLE,17_22314_51383,206.89,59.47,215.4,70.13,1.0,,36.1922,-118.711395,2022,346002.9,4006749.0,22314_51383
CASTLE,17_22314_51383,211.22,54.14,220.4,63.35,1.0,,36.1922,-118.711395,2022,346002.9,4006749.0,22314_51383
CASTLE,17_22314_51383,219.6,47.88,227.28,56.29,1.0,,36.1922,-118.711395,2022,346002.9,4006749.0,22314_51383
CASTLE,17_22314_51383,221.44,40.22,229.09,47.9,1.0,,36.1922,-118.711395,2022,346002.9,4006749.0,22314_51383
CASTLE,17_22314_51383,207.92,38.88,217.04,46.63,1.0,,36.1922,-118.711395,2022,346002.9,4006749.0,22314_51383
CASTLE,17_22314_51383,144.43,45.64,152.17,55.53,1.0,,36.1922,-118.711395,2022,346002.9,4006749.0,22314_51383
CASTLE,17_22314_51383,135.29,44.13,145.26,54.85,1.0,,36.1922,-118.711395,2022,346002.9,4006749.0,22314_51383
CASTLE,17_22314_51383,114.53,22.57,126.76,34.86,1.0,,36.1922,-118.711395,2022,346002.9,4006749.0,22314_51383
CASTLE,17_22314_51383,111.34,13.22,126.44,24.17,1.0,,36.1922,-118.711395,2022,346002.9,4006749.0,22314_51383
CASTLE,17_22314_51383,166.8,54.01,176.74,63.99,1.0,,36.1922,-118.711395,2022,346002.9,4006749.0,22314_51383
CASTLE,17_22314_51383,157.81,48.45,167.82,59.91,1.0,,36.1922,-118.711395,2022,346002.9,4006749.0,22314_51383
CASTLE,17_22314_51383,208.57,186.23,220.35,201.26,1.0,,36.1922,-118.711395,2022,346002.9,4006749.0,22314_51383
CASTLE,17_22314_51383,246.2,162.14,256.0,182.71,1.0,,36.1922,-118.711395,2022,346002.9,4006749.0,22314_51383
CASTLE,17_22314_51383,149.98,175.22,159.48,189.03,1.0,,36.1922,-118.711395,2022,346002.9,4006749.0,22314_51383
CASTLE,17_22314_51383,147.05,185.16,152.92,192.11,1.0,,36.1922,-118.711395,2022,346002.9,4006749.0,22314_51383
CASTLE,17_22314_51383,237.15,191.43,251.35,211.03,1.0,,36.1922,-118.711395,2022,346002.9,4006749.0,22314_51383
CASTLE,17_22314_51383,248.74,205.37,256.0,213.52,1.0,,36.1922,-118.711395,2022,346002.9,4006749.0,22314_51383
CASTLE,17_22314_51383,234.5,178.98,246.33,195.13,1.0,,36.1922,-118.711395,2022,346002.9,4006749.0,22314_51383
CASTLE,17_22314_51383,253.37,191.59,256.0,209.6,1.0,,36.1922,-118.711395,2022,346002.9,4006749.0,22314_51383
CASTLE,17_22314_51383,179.75,121.08,188.09,133.72,1.0,,36.1922,-118.711395,2022,346002.9,4006749.0,22314_51383
CASTLE,17_22314_51383,200.88,215.56,210.13,223.79,1.0,,36.1922,-118.711395,2022,346002.9,4006749.0,22314_51383
CASTLE,17_22314_51383,200.7,206.03,210.0,215.38,1.0,,36.1922,-118.711395,2022,346002.9,4006749.0,22314_51383
CASTLE,17_22314_51383,189.23,221.22,200.96,235.13,1.0,,36.1922,-118.711395,2022,346002.9,4006749.0,22314_51383
CASTLE,17_22314_51383,198.44,242.35,210.06,254.03,1.0,,36.1922,-118.711395,2022,346002.9,4006749.0,22314_51383
CASTLE,17_22314_51383,248.66,213.22,256.0,228.08,1.0,,36.1922,-118.711395,2022,346002.9,4006749.0,22314_51383
CASTLE,17_22314_51383,241.81,219.07,252.37,231.82,1.0,,36.1922,-118.711395,2022,346002.9,4006749.0,22314_51383
CASTLE,17_22314_51383,237.07,151.63,248.65,162.19,1.0,,36.1922,-118.711395,2022,346002.9,4006749.0,22314_51383
CASTLE,17_22314_51383,242.67,139.55,248.63,148.75,1.0,,36.1922,-118.711395,2022,346002.9,4006749.0,22314_51383
CASTLE,17_22314_51383,246.3,250.07,256.0,256.0,1.0,,36.1922,-118.711395,2022,346002.9,4006749.0,22314_51383
CASTLE,17_22314_51383,203.07,174.21,213.63,186.96,1.0,,36.1922,-118.711395,2022,346002.9,4006749.0,22314_51383
CASTLE,17_22314_51383,203.74,148.47,214.21,158.98,1.0,,36.1922,-118.711395,2022,346002.9,4006749.0,22314_51383
CASTLE,17_22314_51383,201.24,156.76,208.27,164.88,1.0,,36.1922,-118.711395,2022,346002.9,4006749.0,22314_51383
CASTLE,17_22314_51383,188.2,146.66,199.78,157.22,1.0,,36.1922,-118.711395,2022,346002.9,4006749.0,22314_51383
CASTLE,17_22314_51383,145.85,147.01,152.92,156.26,1.0,,36.1922,-118.711395,2022,346002.9,4006749.0,22314_51383
CASTLE,17_22314_51383,141.68,152.99,147.64,162.18,1.0,,36.1922,-118.711395,2022,346002.9,4006749.0,22314_51383
CASTLE,17_22314_51383,130.75,235.42,138.98,245.83,1.0,,36.1922,-118.711395,2022,346002.9,4006749.0,22314_51383
CASTLE,17_22314_51383,186.55,131.46,195.99,144.16,1.0,,36.1922,-118.711395,2022,346002.9,4006749.0,22314_51383
CASTLE,17_22314_51383,207.4,117.26,216.7,126.6,1.0,,36.1922,-118.711395,2022,346002.9,4006749.0,22314_51383
CASTLE,17_22314_51383,209.0,121.25,219.31,128.4,1.0,,36.1922,-118.711395,2022,346002.9,4006749.0,22314_51383
CASTLE,17_22314_51383,225.19,116.37,236.82,128.05,1.0,,36.1922,-118.711395,2022,346002.9,4006749.0,22314_51383
CASTLE,17_22314_51383,228.16,126.03,239.74,136.59,1.0,,36.1922,-118.711395,2022,346002.9,4006749.0,22314_51383
CASTLE,17_22314_51383,245.72,106.08,256.0,117.72,1.0,,36.1922,-118.711395,2022,346002.9,4006749.0,22314_51383
CASTLE,17_22314_51383,240.82,88.5,253.66,102.46,1.0,,36.1922,-118.711395,2022,346002.9,4006749.0,22314_51383
CASTLE,17_22314_51383,225.72,146.64,232.7,153.65,1.0,,36.1922,-118.711395,2022,346002.9,4006749.0,22314_51383
CASTLE,17_22314_51383,232.09,142.44,236.79,148.23,1.0,,36.1922,-118.711395,2022,346002.9,4006749.0,22314_51383
CASTLE,17_22314_51383,223.86,170.66,233.31,183.35,1.0,,36.1922,-118.711395,2022,346002.9,4006749.0,22314_51383
CASTLE,17_22314_51383,229.98,174.28,241.51,183.73,1.0,,36.1922,-118.711395,2022,346002.9,4006749.0,22314_51383
CASTLE,17_22314_51383,184.66,184.6,197.55,199.69,1.0,,36.1922,-118.711395,2022,346002.9,4006749.0,22314_51383
CASTLE,17_22314_51383,181.13,181.64,190.44,190.98,1.0,,36.1922,-118.711395,2022,346002.9,4006749.0,22314_51383
CASTLE,17_22314_51383,174.07,174.04,184.63,186.79,1.0,,36.1922,-118.711395,2022,346002.9,4006749.0,22314_51383
CASTLE,17_22314_51383,182.77,169.94,194.29,179.38,1.0,,36.1922,-118.711395,2022,346002.9,4006749.0,22314_51383
CASTLE,17_22314_51383,167.23,164.78,182.24,177.72,1.0,,36.1922,-118.711395,2022,346002.9,4006749.0,22314_51383
CASTLE,17_22314_51383,165.52,173.67,177.4,190.94,1.0,,36.1922,-118.711395,2022,346002.9,4006749.0,22314_51383
CASTLE,17_22314_51383,159.25,159.37,169.66,168.76,1.0,,36.1922,-118.711395,2022,346002.9,4006749.0,22314_51383
CASTLE,17_22314_51383,153.12,160.22,161.26,168.39,1.0,,36.1922,-118.711395,2022,346002.9,4006749.0,22314_51383
CASTLE,17_22314_51383,151.72,151.76,161.08,162.22,1.0,,36.1922,-118.711395,2022,346002.9,4006749.0,22314_51383
CASTLE,17_22314_51383,143.8,163.74,155.52,177.65,1.0,,36.1922,-118.711395,2022,346002.9,4006749.0,22314_51383
CASTLE,17_22314_51383,175.16,200.98,185.68,212.61,1.0,,36.1922,-118.711395,2022,346002.9,4006749.0,22314_51383
CASTLE,17_22314_51383,232.67,237.71,242.07,249.29,1.0,,36.1922,-118.711395,2022,346002.9,4006749.0,22314_51383
CASTLE,17_22314_51383,251.92,129.89,256.0,141.25,1.0,,36.1922,-118.711395,2022,346002.9,4006749.0,22314_51383
CASTLE,17_22314_51383,219.57,206.88,230.04,217.39,1.0,,36.1922,-118.711395,2022,346002.9,4006749.0,22314_51383
CASTLE,17_22314_51383,221.59,195.77,229.97,209.53,1.0,,36.1922,-118.711395,2022,346002.9,4006749.0,22314_51383
CASTLE,17_22314_51383,208.46,201.35,223.58,216.53,1.0,,36.1922,-118.711395,2022,346002.9,4006749.0,22314_51383
CASTLE,17_22314_51383,192.42,205.1,201.67,213.33,1.0,,36.1922,-118.711395,2022,346002.9,4006749.0,22314_51383
CASTLE,17_22314_51383,149.8,239.08,162.8,256.0,1.0,,36.1922,-118.711395,2022,346002.9,4006749.0,22314_51383
CASTLE,17_22314_51383,143.76,244.96,154.17,254.35,1.0,,36.1922,-118.711395,2022,346002.9,4006749.0,22314_51383
CASTLE,17_22314_51383,21.25,201.42,31.71,211.93,1.0,,36.1922,-118.711395,2022,346002.9,4006749.0,22314_51383
CASTLE,17_22314_51383,15.95,195.02,29.76,205.68,1.0,,36.1922,-118.711395,2022,346002.9,4006749.0,22314_51383
CASTLE,17_22314_51383,17.64,208.54,26.94,217.88,1.0,,36.1922,-118.711395,2022,346002.9,4006749.0,22314_51383
CASTLE,17_22314_51383,199.35,133.15,210.98,144.83,1.0,,36.1922,-118.711395,2022,346002.9,4006749.0,22314_51383
CASTLE,17_22314_51383,206.47,126.74,216.84,135.01,1.0,,36.1922,-118.711395,2022,346002.9,4006749.0,22314_51383
CASTLE,17_22314_51383,196.5,122.94,209.19,133.55,1.0,,36.1922,-118.711395,2022,346002.9,4006749.0,22314_51383
CASTLE,17_22314_51383,175.72,116.96,183.81,124.02,1.0,,36.1922,-118.711395,2022,346002.9,4006749.0,22314_51383
CASTLE,17_22314_51383,201.75,191.52,213.42,204.32,1.0,,36.1922,-118.711395,2022,346002.9,4006749.0,22314_51383
CASTLE,17_22321_51313,1.24,3.63,8.16,10.19,1.0,,36.347209,-118.692169,2022,348032.4,4023914.2,22321_51313
CASTLE,17_22321_51313,1.18,14.29,6.03,20.75,1.0,,36.347209,-118.692169,2022,348032.4,4023914.2,22321_51313
CASTLE,17_22321_51313,24.35,3.21,35.01,9.93,1.0,,36.347209,-118.692169,2022,348032.4,4023914.2,22321_51313
CASTLE,17_22321_51313,23.32,9.43,28.92,14.26,1.0,,36.347209,-118.692169,2022,348032.4,4023914.2,22321_51313
CASTLE,17_22321_51313,22.79,20.06,30.11,26.22,1.0,,36.347209,-118.692169,2022,348032.4,4023914.2,22321_51313
CASTLE,17_22321_51313,12.76,31.11,18.38,36.35,1.0,,36.347209,-118.692169,2022,348032.4,4023914.2,22321_51313
CASTLE,17_22321_51313,37.46,49.14,45.67,56.59,1.0,,36.347209,-118.692169,2022,348032.4,4023914.2,22321_51313
CASTLE,17_22321_51313,53.56,51.96,61.77,59.4,1.0,,36.347209,-118.692169,2022,348032.4,4023914.2,22321_51313
CASTLE,17_22321_51313,47.8,56.5,53.87,62.6,1.0,,36.347209,-118.692169,2022,348032.4,4023914.2,22321_51313
CASTLE,17_22321_51313,70.18,55.21,80.14,64.82,1.0,,36.347209,-118.692169,2022,348032.4,4023914.2,22321_51313
CASTLE,17_22321_51313,79.76,50.83,90.11,60.04,1.0,,36.347209,-118.692169,2022,348032.4,4023914.2,22321_51313
CASTLE,17_22321_51313,30.98,82.71,40.84,90.23,1.0,,36.347209,-118.692169,2022,348032.4,4023914.2,22321_51313
CASTLE,17_22321_51313,24.11,75.92,30.96,80.8,1.0,,36.347209,-118.692169,2022,348032.4,4023914.2,22321_51313
CASTLE,17_22321_51313,25.76,63.46,34.42,71.76,1.0,,36.347209,-118.692169,2022,348032.4,4023914.2,22321_51313
CASTLE,17_22321_51313,20.38,86.62,27.77,94.44,1.0,,36.347209,-118.692169,2022,348032.4,4023914.2,22321_51313
CASTLE,17_22321_51313,17.64,78.97,24.58,85.94,1.0,,36.347209,-118.692169,2022,348032.4,4023914.2,22321_51313
CASTLE,17_22321_51313,54.4,83.34,63.91,92.09,1.0,,36.347209,-118.692169,2022,348032.4,4023914.2,22321_51313
CASTLE,17_22321_51313,26.07,100.25,31.33,106.73,1.0,,36.347209,-118.692169,2022,348032.4,4023914.2,22321_51313
CASTLE,17_22321_51313,43.91,106.48,49.99,112.58,1.0,,36.347209,-118.692169,2022,348032.4,4023914.2,22321_51313
CASTLE,17_22321_51313,41.07,101.54,45.84,106.34,1.0,,36.347209,-118.692169,2022,348032.4,4023914.2,22321_51313
CASTLE,17_22321_51313,34.62,104.6,41.12,111.14,1.0,,36.347209,-118.692169,2022,348032.4,4023914.2,22321_51313
CASTLE,17_22321_51313,34.62,112.54,43.68,120.44,1.0,,36.347209,-118.692169,2022,348032.4,4023914.2,22321_51313
CASTLE,17_22321_51313,46.74,94.9,50.72,100.49,1.0,,36.347209,-118.692169,2022,348032.4,4023914.2,22321_51313
CASTLE,17_22321_51313,50.68,94.66,58.0,100.82,1.0,,36.347209,-118.692169,2022,348032.4,4023914.2,22321_51313
CASTLE,17_22321_51313,64.86,100.53,73.55,109.66,1.0,,36.347209,-118.692169,2022,348032.4,4023914.2,22321_51313
CASTLE,17_22321_51313,75.23,96.39,81.23,100.82,1.0,,36.347209,-118.692169,2022,348032.4,4023914.2,22321_51313
CASTLE,17_22321_51313,80.25,101.43,88.08,109.69,1.0,,36.347209,-118.692169,2022,348032.4,4023914.2,22321_51313
CASTLE,17_22321_51313,63.42,88.55,70.76,95.12,1.0,,36.347209,-118.692169,2022,348032.4,4023914.2,22321_51313
CASTLE,17_22321_51313,53.33,73.26,57.71,78.45,1.0,,36.347209,-118.692169,2022,348032.4,4023914.2,22321_51313
CASTLE,17_22321_51313,35.13,70.98,41.99,76.28,1.0,,36.347209,-118.692169,2022,348032.4,4023914.2,22321_51313
CASTLE,17_22321_51313,89.85,78.24,97.22,85.65,1.0,,36.347209,-118.692169,2022,348032.4,4023914.2,22321_51313
CASTLE,17_22321_51313,87.75,88.39,94.28,95.34,1.0,,36.347209,-118.692169,2022,348032.4,4023914.2,22321_51313
CASTLE,17_22321_51313,92.35,94.23,99.22,99.53,1.0,,36.347209,-118.692169,2022,348032.4,4023914.2,22321_51313
CASTLE,17_22321_51313,81.64,83.72,86.37,87.68,1.0,,36.347209,-118.692169,2022,348032.4,4023914.2,22321_51313
CASTLE,17_22321_51313,82.42,66.62,88.59,74.81,1.0,,36.347209,-118.692169,2022,348032.4,4023914.2,22321_51313
CASTLE,17_22321_51313,111.32,69.6,124.64,80.18,1.0,,36.347209,-118.692169,2022,348032.4,4023914.2,22321_51313
CASTLE,17_22321_51313,111.44,81.1,122.68,91.59,1.0,,36.347209,-118.692169,2022,348032.4,4023914.2,22321_51313
CASTLE,17_22321_51313,153.62,0.86,165.57,8.47,1.0,,36.347209,-118.692169,2022,348032.4,4023914.2,22321_51313
CASTLE,17_22321_51313,173.03,14.05,180.39,21.04,1.0,,36.347209,-118.692169,2022,348032.4,4023914.2,22321_51313
CASTLE,17_22321_51313,199.7,15.46,210.9,25.13,1.0,,36.347209,-118.692169,2022,348032.4,4023914.2,22321_51313
CASTLE,17_22321_51313,219.23,36.82,227.44,44.26,1.0,,36.347209,-118.692169,2022,348032.4,4023914.2,22321_51313
CASTLE,17_22321_51313,223.11,29.05,230.9,36.47,1.0,,36.347209,-118.692169,2022,348032.4,4023914.2,22321_51313
CASTLE,17_22321_51313,230.87,25.64,241.66,35.28,1.0,,36.347209,-118.692169,2022,348032.4,4023914.2,22321_51313
CASTLE,17_22321_51313,228.83,5.9,239.62,15.55,1.0,,36.347209,-118.692169,2022,348032.4,4023914.2,22321_51313
CASTLE,17_22321_51313,222.36,12.72,231.83,20.63,1.0,,36.347209,-118.692169,2022,348032.4,4023914.2,22321_51313
CASTLE,17_22321_51313,213.22,8.54,222.24,15.61,1.0,,36.347209,-118.692169,2022,348032.4,4023914.2,22321_51313
CASTLE,17_22321_51313,187.39,9.68,194.73,16.26,1.0,,36.347209,-118.692169,2022,348032.4,4023914.2,22321_51313
CASTLE,17_22321_51313,188.49,22.48,195.82,29.05,1.0,,36.347209,-118.692169,2022,348032.4,4023914.2,22321_51313
CASTLE,17_22321_51313,199.33,28.19,204.11,32.98,1.0,,36.347209,-118.692169,2022,348032.4,4023914.2,22321_51313
CASTLE,17_22321_51313,190.37,40.12,198.58,47.56,1.0,,36.347209,-118.692169,2022,348032.4,4023914.2,22321_51313
CASTLE,17_22321_51313,177.51,35.78,183.58,41.88,1.0,,36.347209,-118.692169,2022,348032.4,4023914.2,22321_51313
CASTLE,17_22321_51313,171.36,24.01,178.7,30.58,1.0,,36.347209,-118.692169,2022,348032.4,4023914.2,22321_51313
CASTLE,17_22321_51313,201.21,6.33,204.25,9.38,1.0,,36.347209,-118.692169,2022,348032.4,4023914.2,22321_51313
CASTLE,17_22321_51313,191.1,3.16,196.27,7.55,1.0,,36.347209,-118.692169,2022,348032.4,4023914.2,22321_51313
CASTLE,17_22321_51313,166.29,6.44,174.9,13.48,1.0,,36.347209,-118.692169,2022,348032.4,4023914.2,22321_51313
CASTLE,17_22321_51313,224.67,51.48,232.82,57.67,1.0,,36.347209,-118.692169,2022,348032.4,4023914.2,22321_51313
CASTLE,17_22321_51313,238.03,41.22,246.38,52.0,1.0,,36.347209,-118.692169,2022,348032.4,4023914.2,22321_51313
CASTLE,17_22321_51313,226.42,41.95,233.87,51.02,1.0,,36.347209,-118.692169,2022,348032.4,4023914.2,22321_51313
CASTLE,17_22321_51313,214.86,47.9,222.16,53.64,1.0,,36.347209,-118.692169,2022,348032.4,4023914.2,22321_51313
CASTLE,17_22321_51313,204.64,51.42,214.09,58.92,1.0,,36.347209,-118.692169,2022,348032.4,4023914.2,22321_51313
CASTLE,17_22321_51313,205.8,42.68,210.54,46.64,1.0,,36.347209,-118.692169,2022,348032.4,4023914.2,22321_51313
CASTLE,17_22321_51313,233.5,66.5,241.3,74.35,1.0,,36.347209,-118.692169,2022,348032.4,4023914.2,22321_51313
CASTLE,17_22321_51313,223.98,67.96,231.46,77.87,1.0,,36.347209,-118.692169,2022,348032.4,4023914.2,22321_51313
CASTLE,17_22321_51313,120.83,98.23,128.17,104.8,1.0,,36.347209,-118.692169,2022,348032.4,4023914.2,22321_51313
CASTLE,17_22321_51313,119.88,91.08,127.24,98.07,1.0,,36.347209,-118.692169,2022,348032.4,4023914.2,22321_51313
CASTLE,17_22321_51313,121.84,107.05,129.65,114.89,1.0,,36.347209,-118.692169,2022,348032.4,4023914.2,22321_51313
CASTLE,17_22321_51313,193.84,108.4,200.74,114.53,1.0,,36.347209,-118.692169,2022,348032.4,4023914.2,22321_51313
CASTLE,17_22321_51313,188.3,106.27,196.05,112.86,1.0,,36.347209,-118.692169,2022,348032.4,4023914.2,22321_51313
CASTLE,17_22321_51313,179.16,111.08,186.48,117.24,1.0,,36.347209,-118.692169,2022,348032.4,4023914.2,22321_51313
CASTLE,17_22321_51313,206.07,101.42,214.99,106.4,1.0,,36.347209,-118.692169,2022,348032.4,4023914.2,22321_51313
CASTLE,17_22321_51313,219.27,105.99,228.73,113.49,1.0,,36.347209,-118.692169,2022,348032.4,4023914.2,22321_51313
CASTLE,17_22321_51313,213.65,112.83,220.11,118.12,1.0,,36.347209,-118.692169,2022,348032.4,4023914.2,22321_51313
CASTLE,17_22321_51313,208.18,117.61,214.69,124.14,1.0,,36.347209,-118.692169,2022,348032.4,4023914.2,22321_51313
CASTLE,17_22321_51313,141.42,91.62,147.4,95.64,1.0,,36.347209,-118.692169,2022,348032.4,4023914.2,22321_51313
CASTLE,17_22321_51313,134.91,92.38,138.84,96.71,1.0,,36.347209,-118.692169,2022,348032.4,4023914.2,22321_51313
CASTLE,17_22321_51313,225.28,93.92,232.18,100.06,1.0,,36.347209,-118.692169,2022,348032.4,4023914.2,22321_51313
CASTLE,17_22321_51313,235.23,84.55,243.83,91.6,1.0,,36.347209,-118.692169,2022,348032.4,4023914.2,22321_51313
CASTLE,17_22321_51313,234.18,111.88,247.49,122.47,1.0,,36.347209,-118.692169,2022,348032.4,4023914.2,22321_51313
CASTLE,17_22321_51313,247.03,118.72,252.61,123.13,1.0,,36.347209,-118.692169,2022,348032.4,4023914.2,22321_51313
CASTLE,17_22321_51313,250.36,122.63,256.0,127.89,1.0,,36.347209,-118.692169,2022,348032.4,4023914.2,22321_51313
CASTLE,17_22321_51313,235.55,121.76,243.74,128.79,1.0,,36.347209,-118.692169,2022,348032.4,4023914.2,22321_51313
CASTLE,17_22321_51313,214.78,121.87,221.68,128.01,1.0,,36.347209,-118.692169,2022,348032.4,4023914.2,22321_51313
CASTLE,17_22321_51313,165.66,145.16,172.58,151.72,1.0,,36.347209,-118.692169,2022,348032.4,4023914.2,22321_51313
CASTLE,17_22321_51313,64.81,152.35,70.94,159.7,1.0,,36.347209,-118.692169,2022,348032.4,4023914.2,22321_51313
CASTLE,17_22321_51313,79.14,147.77,86.54,155.59,1.0,,36.347209,-118.692169,2022,348032.4,4023914.2,22321_51313
CASTLE,17_22321_51313,104.15,122.56,114.49,131.35,1.0,,36.347209,-118.692169,2022,348032.4,4023914.2,22321_51313
CASTLE,17_22321_51313,54.02,132.22,61.84,140.48,1.0,,36.347209,-118.692169,2022,348032.4,4023914.2,22321_51313
CASTLE,17_22321_51313,50.8,139.81,55.69,147.1,1.0,,36.347209,-118.692169,2022,348032.4,4023914.2,22321_51313
CASTLE,17_22321_51313,43.59,133.63,51.79,141.08,1.0,,36.347209,-118.692169,2022,348032.4,4023914.2,22321_51313
CASTLE,17_22321_51313,39.7,126.77,48.35,135.07,1.0,,36.347209,-118.692169,2022,348032.4,4023914.2,22321_51313
CASTLE,17_22321_51313,33.04,131.91,41.68,139.79,1.0,,36.347209,-118.692169,2022,348032.4,4023914.2,22321_51313
CASTLE,17_22321_51313,7.56,128.88,16.22,137.18,1.0,,36.347209,-118.692169,2022,348032.4,4023914.2,22321_51313
CASTLE,17_22321_51313,0.0,159.26,7.8,167.52,1.0,,36.347209,-118.692169,2022,348032.4,4023914.2,22321_51313
CASTLE,17_22321_51313,8.57,162.37,15.98,170.61,1.0,,36.347209,-118.692169,2022,348032.4,4023914.2,22321_51313
CASTLE,17_22321_51313,0.28,182.05,3.88,188.46,1.0,,36.347209,-118.692169,2022,348032.4,4023914.2,22321_51313
CASTLE,17_22321_51313,0.28,149.66,5.52,155.72,1.0,,36.347209,-118.692169,2022,348032.4,4023914.2,22321_51313
CASTLE,17_22321_51313,8.66,143.77,13.48,149.81,1.0,,36.347209,-118.692169,2022,348032.4,4023914.2,22321_51313
CASTLE,17_22321_51313,92.99,132.09,101.17,139.11,1.0,,36.347209,-118.692169,2022,348032.4,4023914.2,22321_51313
CASTLE,17_22321_51357,122.36,35.2,131.37,42.26,1.0,,36.249811,-118.692169,2022,347843.3,4013109.5,22321_51357
CASTLE,17_22321_51357,113.96,13.92,122.54,20.55,1.0,,36.249811,-118.692169,2022,347843.3,4013109.5,22321_51357
CASTLE,17_22321_51357,128.03,16.02,137.84,22.28,1.0,,36.249811,-118.692169,2022,347843.3,4013109.5,22321_51357
CASTLE,17_22321_51357,137.35,94.17,145.19,102.84,1.0,,36.249811,-118.692169,2022,347843.3,4013109.5,22321_51357
CASTLE,17_22321_51357,213.68,213.55,227.05,225.39,1.0,,36.249811,-118.692169,2022,347843.3,4013109.5,22321_51357
CASTLE,17_22321_51357,209.82,197.28,219.25,204.37,1.0,,36.249811,-118.692169,2022,347843.3,4013109.5,22321_51357
CASTLE,17_22321_51357,214.13,202.49,221.94,210.33,1.0,,36.249811,-118.692169,2022,347843.3,4013109.5,22321_51357
CASTLE,17_22321_51357,222.27,193.45,230.87,200.5,1.0,,36.249811,-118.692169,2022,347843.3,4013109.5,22321_51357
CASTLE,17_22321_51357,221.02,167.49,230.98,177.09,1.0,,36.249811,-118.692169,2022,347843.3,4013109.5,22321_51357
CASTLE,17_22321_51357,221.19,180.66,228.11,187.21,1.0,,36.249811,-118.692169,2022,347843.3,4013109.5,22321_51357
CASTLE,17_22321_51357,208.1,175.68,213.77,182.18,1.0,,36.249811,-118.692169,2022,347843.3,4013109.5,22321_51357
CASTLE,17_22321_51357,201.2,152.18,209.4,159.63,1.0,,36.249811,-118.692169,2022,347843.3,4013109.5,22321_51357
CASTLE,17_22321_51357,192.68,145.74,197.0,149.68,1.0,,36.249811,-118.692169,2022,347843.3,4013109.5,22321_51357
CASTLE,17_22321_51357,164.95,141.36,170.98,146.63,1.0,,36.249811,-118.692169,2022,347843.3,4013109.5,22321_51357
CASTLE,17_22321_51357,194.23,227.71,199.81,232.13,1.0,,36.249811,-118.692169,2022,347843.3,4013109.5,22321_51357
CASTLE,17_22321_51357,211.88,248.99,218.42,256.0,1.0,,36.249811,-118.692169,2022,347843.3,4013109.5,22321_51357
CASTLE,17_22321_51357,74.64,202.11,86.31,213.04,1.0,,36.249811,-118.692169,2022,347843.3,4013109.5,22321_51357
CASTLE,17_22321_51357,74.64,248.07,83.65,255.13,1.0,,36.249811,-118.692169,2022,347843.3,4013109.5,22321_51357
CASTLE,17_22321_51357,71.52,230.58,77.98,236.28,1.0,,36.249811,-118.692169,2022,347843.3,4013109.5,22321_51357
CASTLE,17_22321_51357,65.74,212.57,76.49,221.38,1.0,,36.249811,-118.692169,2022,347843.3,4013109.5,22321_51357
CASTLE,17_22321_51357,59.95,196.43,72.41,206.57,1.0,,36.249811,-118.692169,2022,347843.3,4013109.5,22321_51357
CASTLE,17_22321_51357,65.53,205.67,76.38,216.56,1.0,,36.249811,-118.692169,2022,347843.3,4013109.5,22321_51357
CASTLE,17_22321_51357,86.42,226.04,97.73,238.2,1.0,,36.249811,-118.692169,2022,347843.3,4013109.5,22321_51357
CASTLE,17_22321_51357,98.19,201.9,104.64,207.18,1.0,,36.249811,-118.692169,2022,347843.3,4013109.5,22321_51357
CASTLE,17_22321_51357,103.01,205.66,106.56,210.82,1.0,,36.249811,-118.692169,2022,347843.3,4013109.5,22321_51357
CASTLE,17_22321_51357,35.15,168.57,39.96,174.2,1.0,,36.249811,-118.692169,2022,347843.3,4013109.5,22321_51357
CASTLE,17_22321_51357,173.09,186.65,179.17,192.75,1.0,,36.249811,-118.692169,2022,347843.3,4013109.5,22321_51357
CASTLE,17_22321_51357,26.62,0.19,34.73,5.55,1.0,,36.249811,-118.692169,2022,347843.3,4013109.5,22321_51357
CASTLE,17_22321_51357,32.91,16.57,39.42,23.1,1.0,,36.249811,-118.692169,2022,347843.3,4013109.5,22321_51357
CASTLE,17_22321_51357,2.64,35.06,7.81,39.45,1.0,,36.249811,-118.692169,2022,347843.3,4013109.5,22321_51357
CASTLE,17_22322_51300,12.78,0.0,25.42,7.36,1.0,,36.375962,-118.689423,2022,348334.7,4027099.6,22322_51300
CASTLE,17_22322_51300,3.99,3.2,17.21,12.37,1.0,,36.375962,-118.689423,2022,348334.7,4027099.6,22322_51300
CASTLE,17_22322_51300,0.64,12.74,13.83,21.37,1.0,,36.375962,-118.689423,2022,348334.7,4027099.6,22322_51300
CASTLE,17_22322_51300,20.84,12.02,29.69,18.86,1.0,,36.375962,-118.689423,2022,348334.7,4027099.6,22322_51300
CASTLE,17_22322_51300,12.79,20.02,25.04,31.29,1.0,,36.375962,-118.689423,2022,348334.7,4027099.6,22322_51300
CASTLE,17_22322_51300,11.7,27.5,22.3,37.63,1.0,,36.375962,-118.689423,2022,348334.7,4027099.6,22322_51300
CASTLE,17_22322_51300,16.82,38.5,27.43,49.17,1.0,,36.375962,-118.689423,2022,348334.7,4027099.6,22322_51300
CASTLE,17_22322_51300,2.97,33.57,12.91,40.98,1.0,,36.375962,-118.689423,2022,348334.7,4027099.6,22322_51300
CASTLE,17_22322_51300,2.98,40.56,10.2,46.79,1.0,,36.375962,-118.689423,2022,348334.7,4027099.6,22322_51300
CASTLE,17_22322_51300,0.0,43.92,7.1,54.45,1.0,,36.375962,-118.689423,2022,348334.7,4027099.6,22322_51300
CASTLE,17_22322_51300,8.72,60.48,17.08,68.36,1.0,,36.375962,-118.689423,2022,348334.7,4027099.6,22322_51300
CASTLE,17_22322_51300,20.69,49.98,30.68,58.47,1.0,,36.375962,-118.689423,2022,348334.7,4027099.6,22322_51300
CASTLE,17_22322_51300,30.52,0.0,36.67,5.98,1.0,,36.375962,-118.689423,2022,348334.7,4027099.6,22322_51300
CASTLE,17_22322_51300,26.26,4.19,36.2,11.61,1.0,,36.375962,-118.689423,2022,348334.7,4027099.6,22322_51300
CASTLE,17_22322_51300,32.79,10.13,38.89,15.23,1.0,,36.375962,-118.689423,2022,348334.7,4027099.6,22322_51300
CASTLE,17_22322_51300,34.2,13.97,39.79,19.58,1.0,,36.375962,-118.689423,2022,348334.7,4027099.6,22322_51300
CASTLE,17_22322_51300,38.35,15.5,47.76,22.9,1.0,,36.375962,-118.689423,2022,348334.7,4027099.6,22322_51300
CASTLE,17_22322_51300,26.35,23.58,38.55,33.78,1.0,,36.375962,-118.689423,2022,348334.7,4027099.6,22322_51300
CASTLE,17_22322_51300,33.81,31.19,42.77,40.7,1.0,,36.375962,-118.689423,2022,348334.7,4027099.6,22322_51300
CASTLE,17_22322_51300,48.64,34.54,55.49,44.5,1.0,,36.375962,-118.689423,2022,348334.7,4027099.6,22322_51300
CASTLE,17_22322_51300,35.16,52.77,40.21,58.36,1.0,,36.375962,-118.689423,2022,348334.7,4027099.6,22322_51300
CASTLE,17_22322_51300,40.79,55.99,47.57,64.34,1.0,,36.375962,-118.689423,2022,348334.7,4027099.6,22322_51300
CASTLE,17_22322_51300,30.35,56.33,39.78,64.26,1.0,,36.375962,-118.689423,2022,348334.7,4027099.6,22322_51300
CASTLE,17_22322_51300,34.36,60.82,44.4,70.39,1.0,,36.375962,-118.689423,2022,348334.7,4027099.6,22322_51300
CASTLE,17_22322_51300,14.9,65.06,24.91,74.09,1.0,,36.375962,-118.689423,2022,348334.7,4027099.6,22322_51300
CASTLE,17_22322_51300,20.55,70.7,28.95,79.66,1.0,,36.375962,-118.689423,2022,348334.7,4027099.6,22322_51300
CASTLE,17_22322_51300,16.1,74.27,23.44,83.18,1.0,,36.375962,-118.689423,2022,348334.7,4027099.6,22322_51300
CASTLE,17_22322_51300,0.8,67.66,8.19,77.65,1.0,,36.375962,-118.689423,2022,348334.7,4027099.6,22322_51300
CASTLE,17_22322_51300,28.7,68.64,36.55,77.04,1.0,,36.375962,-118.689423,2022,348334.7,4027099.6,22322_51300
CASTLE,17_22322_51300,41.58,68.95,49.94,76.83,1.0,,36.375962,-118.689423,2022,348334.7,4027099.6,22322_51300
CASTLE,17_22322_51300,30.62,80.84,37.35,88.11,1.0,,36.375962,-118.689423,2022,348334.7,4027099.6,22322_51300
CASTLE,17_22322_51300,21.25,81.76,29.53,88.03,1.0,,36.375962,-118.689423,2022,348334.7,4027099.6,22322_51300
CASTLE,17_22322_51300,0.0,90.22,5.58,97.45,1.0,,36.375962,-118.689423,2022,348334.7,4027099.6,22322_51300
CASTLE,17_22322_51300,4.39,85.59,9.54,93.32,1.0,,36.375962,-118.689423,2022,348334.7,4027099.6,22322_51300
CASTLE,17_22322_51300,24.07,99.39,31.43,108.84,1.0,,36.375962,-118.689423,2022,348334.7,4027099.6,22322_51300
CASTLE,17_22322_51300,55.68,51.01,67.88,61.21,1.0,,36.375962,-118.689423,2022,348334.7,4027099.6,22322_51300
CASTLE,17_22322_51300,54.75,60.39,63.18,69.89,1.0,,36.375962,-118.689423,2022,348334.7,4027099.6,22322_51300
CASTLE,17_22322_51300,74.38,63.43,84.49,74.61,1.0,,36.375962,-118.689423,2022,348334.7,4027099.6,22322_51300
CASTLE,17_22322_51300,58.34,24.22,72.29,37.71,1.0,,36.375962,-118.689423,2022,348334.7,4027099.6,22322_51300
CASTLE,17_22322_51300,68.64,18.22,78.19,28.83,1.0,,36.375962,-118.689423,2022,348334.7,4027099.6,22322_51300
CASTLE,17_22322_51300,76.34,13.98,94.45,24.99,1.0,,36.375962,-118.689423,2022,348334.7,4027099.6,22322_51300
CASTLE,17_22322_51300,37.03,1.45,44.9,10.38,1.0,,36.375962,-118.689423,2022,348334.7,4027099.6,22322_51300
CASTLE,17_22322_51300,41.14,9.7,49.89,14.38,1.0,,36.375962,-118.689423,2022,348334.7,4027099.6,22322_51300
CASTLE,17_22322_51300,49.77,0.0,61.87,7.38,1.0,,36.375962,-118.689423,2022,348334.7,4027099.6,22322_51300
CASTLE,17_22322_51300,48.13,5.45,60.8,14.06,1.0,,36.375962,-118.689423,2022,348334.7,4027099.6,22322_51300
CASTLE,17_22322_51300,50.55,12.55,57.81,19.85,1.0,,36.375962,-118.689423,2022,348334.7,4027099.6,22322_51300
CASTLE,17_22322_51300,59.09,4.59,70.22,14.75,1.0,,36.375962,-118.689423,2022,348334.7,4027099.6,22322_51300
CASTLE,17_22322_51300,84.9,0.0,94.3,6.95,1.0,,36.375962,-118.689423,2022,348334.7,4027099.6,22322_51300
CASTLE,17_22322_51300,98.78,0.0,107.7,8.09,1.0,,36.375962,-118.689423,2022,348334.7,4027099.6,22322_51300
CASTLE,17_22322_51300,88.45,5.65,102.86,17.56,1.0,,36.375962,-118.689423,2022,348334.7,4027099.6,22322_51300
CASTLE,17_22322_51300,78.57,23.51,92.42,34.85,1.0,,36.375962,-118.689423,2022,348334.7,4027099.6,22322_51300
CASTLE,17_22322_51300,100.56,37.95,112.15,46.51,1.0,,36.375962,-118.689423,2022,348334.7,4027099.6,22322_51300
CASTLE,17_22322_51300,108.2,0.0,120.82,7.33,1.0,,36.375962,-118.689423,2022,348334.7,4027099.6,22322_51300
CASTLE,17_22322_51300,114.2,8.41,122.05,16.81,1.0,,36.375962,-118.689423,2022,348334.7,4027099.6,22322_51300
CASTLE,17_22322_51300,123.86,7.77,131.73,16.7,1.0,,36.375962,-118.689423,2022,348334.7,4027099.6,22322_51300
CASTLE,17_22322_51300,132.2,8.14,137.88,15.9,1.0,,36.375962,-118.689423,2022,348334.7,4027099.6,22322_51300
CASTLE,17_22322_51300,137.91,4.1,146.37,14.13,1.0,,36.375962,-118.689423,2022,348334.7,4027099.6,22322_51300
CASTLE,17_22322_51300,128.63,16.06,136.99,23.94,1.0,,36.375962,-118.689423,2022,348334.7,4027099.6,22322_51300
CASTLE,17_22322_51300,119.24,17.79,128.07,24.08,1.0,,36.375962,-118.689423,2022,348334.7,4027099.6,22322_51300
CASTLE,17_22322_51300,144.25,23.23,154.89,34.43,1.0,,36.375962,-118.689423,2022,348334.7,4027099.6,22322_51300
CASTLE,17_22322_51300,159.91,27.7,169.44,37.78,1.0,,36.375962,-118.689423,2022,348334.7,4027099.6,22322_51300
CASTLE,17_22322_51300,164.28,21.97,172.64,29.85,1.0,,36.375962,-118.689423,2022,348334.7,4027099.6,22322_51300
CASTLE,17_22322_51300,157.87,2.3,168.42,11.35,1.0,,36.375962,-118.689423,2022,348334.7,4027099.6,22322_51300
CASTLE,17_22322_51300,32.18,111.61,45.08,125.6,1.0,,36.375962,-118.689423,2022,348334.7,4027099.6,22322_51300
CASTLE,17_22322_51300,11.37,97.21,21.34,105.16,1.0,,36.375962,-118.689423,2022,348334.7,4027099.6,22322_51300
CASTLE,17_22322_51300,44.5,21.97,53.37,29.34,1.0,,36.375962,-118.689423,2022,348334.7,4027099.6,22322_51300
CASTLE,17_22322_51300,36.76,21.08,45.1,28.43,1.0,,36.375962,-118.689423,2022,348334.7,4027099.6,22322_51300
CASTLE,17_22322_51300,2.13,22.49,12.07,29.91,1.0,,36.375962,-118.689423,2022,348334.7,4027099.6,22322_51300
CASTLE,17_22322_51300,0.0,53.61,4.8,61.35,1.0,,36.375962,-118.689423,2022,348334.7,4027099.6,22322_51300
CASTLE,17_22322_51300,25.56,61.5,34.46,69.41,1.0,,36.375962,-118.689423,2022,348334.7,4027099.6,22322_51300
CASTLE,17_22322_51300,37.74,48.32,44.43,54.51,1.0,,36.375962,-118.689423,2022,348334.7,4027099.6,22322_51300
CASTLE,17_22322_51300,41.1,43.62,51.6,51.6,1.0,,36.375962,-118.689423,2022,348334.7,4027099.6,22322_51300
CASTLE,17_22322_51300,185.14,8.91,194.13,18.96,1.0,,36.375962,-118.689423,2022,348334.7,4027099.6,22322_51300
CASTLE,17_22322_51300,192.07,14.07,204.34,25.88,1.0,,36.375962,-118.689423,2022,348334.7,4027099.6,22322_51300
CASTLE,17_22322_51300,175.16,28.92,185.73,38.51,1.0,,36.375962,-118.689423,2022,348334.7,4027099.6,22322_51300
CASTLE,17_22322_51300,188.8,28.99,198.86,39.1,1.0,,36.375962,-118.689423,2022,348334.7,4027099.6,22322_51300
CASTLE,17_22322_51300,172.36,39.29,181.25,47.19,1.0,,36.375962,-118.689423,2022,348334.7,4027099.6,22322_51300
CASTLE,17_22322_51300,170.14,48.07,180.59,54.97,1.0,,36.375962,-118.689423,2022,348334.7,4027099.6,22322_51300
CASTLE,17_22322_51300,207.08,19.04,217.53,25.94,1.0,,36.375962,-118.689423,2022,348334.7,4027099.6,22322_51300
CASTLE,17_22322_51300,218.35,18.75,229.07,31.57,1.0,,36.375962,-118.689423,2022,348334.7,4027099.6,22322_51300
CASTLE,17_22322_51300,208.8,26.39,218.27,35.4,1.0,,36.375962,-118.689423,2022,348334.7,4027099.6,22322_51300
CASTLE,17_22322_51300,232.24,9.41,245.02,20.71,1.0,,36.375962,-118.689423,2022,348334.7,4027099.6,22322_51300
CASTLE,17_22322_51300,235.95,4.72,241.49,9.26,1.0,,36.375962,-118.689423,2022,348334.7,4027099.6,22322_51300
CASTLE,17_22322_51300,240.28,0.0,252.97,8.69,1.0,,36.375962,-118.689423,2022,348334.7,4027099.6,22322_51300
CASTLE,17_22322_51300,223.39,0.66,235.5,8.71,1.0,,36.375962,-118.689423,2022,348334.7,4027099.6,22322_51300
CASTLE,17_22322_51300,220.31,41.98,227.5,47.66,1.0,,36.375962,-118.689423,2022,348334.7,4027099.6,22322_51300
CASTLE,17_22322_51300,213.47,43.56,221.8,50.9,1.0,,36.375962,-118.689423,2022,348334.7,4027099.6,22322_51300
CASTLE,17_22322_51300,213.27,50.0,221.51,55.2,1.0,,36.375962,-118.689423,2022,348334.7,4027099.6,22322_51300
CASTLE,17_22322_51300,228.6,28.08,236.43,35.94,1.0,,36.375962,-118.689423,2022,348334.7,4027099.6,22322_51300
CASTLE,17_22322_51300,234.84,21.63,241.54,28.37,1.0,,36.375962,-118.689423,2022,348334.7,4027099.6,22322_51300
CASTLE,17_22322_51300,228.95,19.22,235.22,28.08,1.0,,36.375962,-118.689423,2022,348334.7,4027099.6,22322_51300
CASTLE,17_22322_51300,242.69,18.76,249.44,26.57,1.0,,36.375962,-118.689423,2022,348334.7,4027099.6,22322_51300
CASTLE,17_22322_51300,249.97,24.2,256.0,31.45,1.0,,36.375962,-118.689423,2022,348334.7,4027099.6,22322_51300
CASTLE,17_22322_51300,242.96,31.69,253.42,38.59,1.0,,36.375962,-118.689423,2022,348334.7,4027099.6,22322_51300
CASTLE,17_22322_51300,246.45,37.23,253.71,44.53,1.0,,36.375962,-118.689423,2022,348334.7,4027099.6,22322_51300
CASTLE,17_22322_51300,236.43,34.64,247.12,46.91,1.0,,36.375962,-118.689423,2022,348334.7,4027099.6,22322_51300
CASTLE,17_22322_51300,224.17,35.16,234.77,45.29,1.0,,36.375962,-118.689423,2022,348334.7,4027099.6,22322_51300
CASTLE,17_22322_51300,231.22,41.66,237.97,49.47,1.0,,36.375962,-118.689423,2022,348334.7,4027099.6,22322_51300
CASTLE,17_22322_51300,234.67,47.2,243.62,56.18,1.0,,36.375962,-118.689423,2022,348334.7,4027099.6,22322_51300
CASTLE,17_22322_51300,226.08,50.31,236.51,56.68,1.0,,36.375962,-118.689423,2022,348334.7,4027099.6,22322_51300
CASTLE,17_22322_51300,227.18,56.82,235.42,62.02,1.0,,36.375962,-118.689423,2022,348334.7,4027099.6,22322_51300
CASTLE,17_22322_51300,213.73,59.99,224.82,69.07,1.0,,36.375962,-118.689423,2022,348334.7,4027099.6,22322_51300
CASTLE,17_22322_51300,182.02,56.41,193.62,64.98,1.0,,36.375962,-118.689423,2022,348334.7,4027099.6,22322_51300
CASTLE,17_22322_51300,188.4,65.31,198.32,72.19,1.0,,36.375962,-118.689423,2022,348334.7,4027099.6,22322_51300
CASTLE,17_22322_51300,180.39,63.61,187.14,71.42,1.0,,36.375962,-118.689423,2022,348334.7,4027099.6,22322_51300
CASTLE,17_22322_51300,192.05,73.01,201.46,80.41,1.0,,36.375962,-118.689423,2022,348334.7,4027099.6,22322_51300
CASTLE,17_22322_51300,182.83,73.41,190.72,82.88,1.0,,36.375962,-118.689423,2022,348334.7,4027099.6,22322_51300
CASTLE,17_22322_51300,174.51,82.18,186.57,89.16,1.0,,36.375962,-118.689423,2022,348334.7,4027099.6,22322_51300
CASTLE,17_22322_51300,166.5,80.48,174.33,88.34,1.0,,36.375962,-118.689423,2022,348334.7,4027099.6,22322_51300
CASTLE,17_22322_51300,168.95,74.13,175.68,81.4,1.0,,36.375962,-118.689423,2022,348334.7,4027099.6,22322_51300
CASTLE,17_22322_51300,196.57,79.95,203.3,87.22,1.0,,36.375962,-118.689423,2022,348334.7,4027099.6,22322_51300
CASTLE,17_22322_51300,193.74,86.02,202.76,96.61,1.0,,36.375962,-118.689423,2022,348334.7,4027099.6,22322_51300
CASTLE,17_22322_51300,180.22,91.33,188.05,99.19,1.0,,36.375962,-118.689423,2022,348334.7,4027099.6,22322_51300
CASTLE,17_22322_51300,206.07,54.27,217.83,66.6,1.0,,36.375962,-118.689423,2022,348334.7,4027099.6,22322_51300
CASTLE,17_22322_51300,198.43,49.61,206.26,57.47,1.0,,36.375962,-118.689423,2022,348334.7,4027099.6,22322_51300
CASTLE,17_22322_51300,150.95,42.37,161.54,52.5,1.0,,36.375962,-118.689423,2022,348334.7,4027099.6,22322_51300
CASTLE,17_22322_51300,246.53,49.09,256.0,60.78,1.0,,36.375962,-118.689423,2022,348334.7,4027099.6,22322_51300
CASTLE,17_22322_51300,232.23,62.16,241.61,69.02,1.0,,36.375962,-118.689423,2022,348334.7,4027099.6,22322_51300
CASTLE,17_22322_51300,237.84,67.0,245.15,75.37,1.0,,36.375962,-118.689423,2022,348334.7,4027099.6,22322_51300
CASTLE,17_22322_51300,246.41,69.8,248.79,75.27,1.0,,36.375962,-118.689423,2022,348334.7,4027099.6,22322_51300
CASTLE,17_22322_51300,250.73,70.82,256.0,86.64,1.0,,36.375962,-118.689423,2022,348334.7,4027099.6,22322_51300
CASTLE,17_22322_51300,236.47,76.36,246.6,88.08,1.0,,36.375962,-118.689423,2022,348334.7,4027099.6,22322_51300
CASTLE,17_22322_51300,226.12,77.77,237.16,85.78,1.0,,36.375962,-118.689423,2022,348334.7,4027099.6,22322_51300
CASTLE,17_22322_51300,220.07,74.81,227.92,83.21,1.0,,36.375962,-118.689423,2022,348334.7,4027099.6,22322_51300
CASTLE,17_22322_51300,214.24,93.39,222.0,99.64,1.0,,36.375962,-118.689423,2022,348334.7,4027099.6,22322_51300
CASTLE,17_22322_51300,213.37,99.28,221.2,107.13,1.0,,36.375962,-118.689423,2022,348334.7,4027099.6,22322_51300
CASTLE,17_22322_51300,239.3,89.4,246.56,96.7,1.0,,36.375962,-118.689423,2022,348334.7,4027099.6,22322_51300
CASTLE,17_22322_51300,236.82,86.06,241.36,92.16,1.0,,36.375962,-118.689423,2022,348334.7,4027099.6,22322_51300
CASTLE,17_22322_51300,235.79,91.66,239.23,97.18,1.0,,36.375962,-118.689423,2022,348334.7,4027099.6,22322_51300
CASTLE,17_22322_51300,248.64,88.21,256.0,97.68,1.0,,36.375962,-118.689423,2022,348334.7,4027099.6,22322_51300
CASTLE,17_22322_51300,247.32,95.95,255.12,103.28,1.0,,36.375962,-118.689423,2022,348334.7,4027099.6,22322_51300
CASTLE,17_22322_51300,235.5,98.11,241.62,103.75,1.0,,36.375962,-118.689423,2022,348334.7,4027099.6,22322_51300
CASTLE,17_22322_51300,229.59,97.85,234.67,103.97,1.0,,36.375962,-118.689423,2022,348334.7,4027099.6,22322_51300
CASTLE,17_22322_51300,228.85,102.39,235.53,108.59,1.0,,36.375962,-118.689423,2022,348334.7,4027099.6,22322_51300
CASTLE,17_22322_51300,235.85,105.13,243.18,114.04,1.0,,36.375962,-118.689423,2022,348334.7,4027099.6,22322_51300
CASTLE,17_22322_51300,227.79,108.8,234.45,114.46,1.0,,36.375962,-118.689423,2022,348334.7,4027099.6,22322_51300
CASTLE,17_22322_51300,232.39,113.32,240.14,119.56,1.0,,36.375962,-118.689423,2022,348334.7,4027099.6,22322_51300
CASTLE,17_22322_51300,201.52,106.55,208.28,114.36,1.0,,36.375962,-118.689423,2022,348334.7,4027099.6,22322_51300
CASTLE,17_22322_51300,204.97,126.09,213.84,133.46,1.0,,36.375962,-118.689423,2022,348334.7,4027099.6,22322_51300
CASTLE,17_22322_51300,203.55,116.33,209.72,123.04,1.0,,36.375962,-118.689423,2022,348334.7,4027099.6,22322_51300
CASTLE,17_22322_51300,193.8,120.2,200.43,125.32,1.0,,36.375962,-118.689423,2022,348334.7,4027099.6,22322_51300
CASTLE,17_22322_51300,217.29,119.64,226.19,127.55,1.0,,36.375962,-118.689423,2022,348334.7,4027099.6,22322_51300
CASTLE,17_22322_51300,221.09,113.62,227.26,120.33,1.0,,36.375962,-118.689423,2022,348334.7,4027099.6,22322_51300
CASTLE,17_22322_51300,228.96,115.86,233.6,124.11,1.0,,36.375962,-118.689423,2022,348334.7,4027099.6,22322_51300
CASTLE,17_22322_51300,229.49,120.46,243.29,130.74,1.0,,36.375962,-118.689423,2022,348334.7,4027099.6,22322_51300
CASTLE,17_22322_51300,239.23,111.75,246.11,122.25,1.0,,36.375962,-118.689423,2022,348334.7,4027099.6,22322_51300
CASTLE,17_22322_51300,252.54,129.57,256.0,136.17,1.0,,36.375962,-118.689423,2022,348334.7,4027099.6,22322_51300
CASTLE,17_22322_51300,214.17,136.19,220.9,143.46,1.0,,36.375962,-118.689423,2022,348334.7,4027099.6,22322_51300
CASTLE,17_22322_51300,233.66,144.87,241.41,151.12,1.0,,36.375962,-118.689423,2022,348334.7,4027099.6,22322_51300
CASTLE,17_22322_51300,250.96,145.92,255.58,153.63,1.0,,36.375962,-118.689423,2022,348334.7,4027099.6,22322_51300
CASTLE,17_22322_51300,202.23,168.5,214.89,177.11,1.0,,36.375962,-118.689423,2022,348334.7,4027099.6,22322_51300
CASTLE,17_22322_51300,208.76,158.57,216.68,168.57,1.0,,36.375962,-118.689423,2022,348334.7,4027099.6,22322_51300
CASTLE,17_22322_51300,223.45,157.06,231.22,163.85,1.0,,36.375962,-118.689423,2022,348334.7,4027099.6,22322_51300
CASTLE,17_22322_51300,181.01,133.36,200.63,142.28,1.0,,36.375962,-118.689423,2022,348334.7,4027099.6,22322_51300
CASTLE,17_22322_51300,193.04,177.77,201.89,184.61,1.0,,36.375962,-118.689423,2022,348334.7,4027099.6,22322_51300
CASTLE,17_22322_51300,200.56,151.2,208.97,160.15,1.0,,36.375962,-118.689423,2022,348334.7,4027099.6,22322_51300
CASTLE,17_22322_51300,183.19,99.81,194.37,111.04,1.0,,36.375962,-118.689423,2022,348334.7,4027099.6,22322_51300
CASTLE,17_22322_51300,183.61,110.59,195.22,119.7,1.0,,36.375962,-118.689423,2022,348334.7,4027099.6,22322_51300
CASTLE,17_22322_51300,224.5,66.13,233.39,74.03,1.0,,36.375962,-118.689423,2022,348334.7,4027099.6,22322_51300
CASTLE,17_22322_51300,204.19,65.21,210.39,72.46,1.0,,36.375962,-118.689423,2022,348334.7,4027099.6,22322_51300
CASTLE,17_22322_51300,207.48,66.98,217.0,77.06,1.0,,36.375962,-118.689423,2022,348334.7,4027099.6,22322_51300
CASTLE,17_22322_51300,203.47,77.02,218.69,83.07,1.0,,36.375962,-118.689423,2022,348334.7,4027099.6,22322_51300
CASTLE,17_22322_51300,184.71,123.56,191.98,130.86,1.0,,36.375962,-118.689423,2022,348334.7,4027099.6,22322_51300
CASTLE,17_22322_51300,182.93,17.96,190.24,26.33,1.0,,36.375962,-118.689423,2022,348334.7,4027099.6,22322_51300
CASTLE,17_22322_51300,188.33,23.58,200.44,31.64,1.0,,36.375962,-118.689423,2022,348334.7,4027099.6,22322_51300
CASTLE,17_22322_51300,164.94,61.84,171.14,69.08,1.0,,36.375962,-118.689423,2022,348334.7,4027099.6,22322_51300
CASTLE,17_22322_51300,146.26,52.39,158.95,61.54,1.0,,36.375962,-118.689423,2022,348334.7,4027099.6,22322_51300
CASTLE,17_22322_51300,137.21,39.06,152.57,48.33,1.0,,36.375962,-118.689423,2022,348334.7,4027099.6,22322_51300
CASTLE,17_22322_51354,215.46,13.66,223.25,21.09,1.0,,36.256455,-118.689423,2022,348103.0,4013842.3,22322_51354
CASTLE,17_22322_51354,175.32,47.38,183.89,53.6,1.0,,36.256455,-118.689423,2022,348103.0,4013842.3,22322_51354
CASTLE,17_22322_51354,176.73,17.36,185.01,26.48,1.0,,36.256455,-118.689423,2022,348103.0,4013842.3,22322_51354
CASTLE,17_22322_51354,153.5,48.71,162.19,57.84,1.0,,36.256455,-118.689423,2022,348103.0,4013842.3,22322_51354
CASTLE,17_22322_51354,162.9,58.74,171.94,66.22,1.0,,36.256455,-118.689423,2022,348103.0,4013842.3,22322_51354
CASTLE,17_22322_51354,91.17,91.05,99.77,98.1,1.0,,36.256455,-118.689423,2022,348103.0,4013842.3,22322_51354
CASTLE,17_22322_51354,97.16,94.67,106.68,103.83,1.0,,36.256455,-118.689423,2022,348103.0,4013842.3,22322_51354
CASTLE,17_22322_51354,63.81,89.2,71.98,95.81,1.0,,36.256455,-118.689423,2022,348103.0,4013842.3,22322_51354
CASTLE,17_22322_51354,31.74,80.45,39.49,87.04,1.0,,36.256455,-118.689423,2022,348103.0,4013842.3,22322_51354
CASTLE,17_22322_51354,63.2,98.79,75.29,109.74,1.0,,36.256455,-118.689423,2022,348103.0,4013842.3,22322_51354
CASTLE,17_22322_51354,30.46,88.13,42.47,97.41,1.0,,36.256455,-118.689423,2022,348103.0,4013842.3,22322_51354
CASTLE,17_22322_51354,153.75,170.33,161.99,178.61,1.0,,36.256455,-118.689423,2022,348103.0,4013842.3,22322_51354
CASTLE,17_22322_51354,161.54,178.62,170.99,186.12,1.0,,36.256455,-118.689423,2022,348103.0,4013842.3,22322_51354
CASTLE,17_22322_51354,177.14,182.87,187.44,190.83,1.0,,36.256455,-118.689423,2022,348103.0,4013842.3,22322_51354
CASTLE,17_22322_51354,115.06,131.83,125.42,141.03,1.0,,36.256455,-118.689423,2022,348103.0,4013842.3,22322_51354
CASTLE,17_22322_51354,124.89,111.58,135.26,121.2,1.0,,36.256455,-118.689423,2022,348103.0,4013842.3,22322_51354
CASTLE,17_22322_51354,132.43,116.72,141.9,124.64,1.0,,36.256455,-118.689423,2022,348103.0,4013842.3,22322_51354
CASTLE,17_22322_51354,161.71,124.52,174.21,135.48,1.0,,36.256455,-118.689423,2022,348103.0,4013842.3,22322_51354
CASTLE,17_22322_51354,187.37,132.55,195.92,138.34,1.0,,36.256455,-118.689423,2022,348103.0,4013842.3,22322_51354
CASTLE,17_22322_51354,186.99,139.85,196.84,146.95,1.0,,36.256455,-118.689423,2022,348103.0,4013842.3,22322_51354
CASTLE,17_22322_51354,194.0,149.78,203.47,157.69,1.0,,36.256455,-118.689423,2022,348103.0,4013842.3,22322_51354
CASTLE,17_22322_51354,201.28,132.76,208.6,138.91,1.0,,36.256455,-118.689423,2022,348103.0,4013842.3,22322_51354
CASTLE,17_22322_51354,138.77,202.89,148.27,211.64,1.0,,36.256455,-118.689423,2022,348103.0,4013842.3,22322_51354
CASTLE,17_22322_51354,132.86,209.1,144.46,218.36,1.0,,36.256455,-118.689423,2022,348103.0,4013842.3,22322_51354
CASTLE,17_22322_51354,127.95,203.24,136.61,211.53,1.0,,36.256455,-118.689423,2022,348103.0,4013842.3,22322_51354
CASTLE,17_22322_51354,122.21,197.55,127.51,204.86,1.0,,36.256455,-118.689423,2022,348103.0,4013842.3,22322_51354
CASTLE,17_22322_51354,116.2,194.35,122.65,199.63,1.0,,36.256455,-118.689423,2022,348103.0,4013842.3,22322_51354
CASTLE,17_22322_51354,113.16,189.94,117.72,196.16,1.0,,36.256455,-118.689423,2022,348103.0,4013842.3,22322_51354
CASTLE,17_22322_51354,102.79,195.09,111.25,202.35,1.0,,36.256455,-118.689423,2022,348103.0,4013842.3,22322_51354
CASTLE,17_22322_51354,102.46,203.94,110.64,214.63,1.0,,36.256455,-118.689423,2022,348103.0,4013842.3,22322_51354
CASTLE,17_22322_51354,104.1,177.44,114.82,187.39,1.0,,36.256455,-118.689423,2022,348103.0,4013842.3,22322_51354
CASTLE,17_22322_51354,114.94,180.29,120.73,185.29,1.0,,36.256455,-118.689423,2022,348103.0,4013842.3,22322_51354
CASTLE,17_22322_51354,114.58,172.94,121.27,178.83,1.0,,36.256455,-118.689423,2022,348103.0,4013842.3,22322_51354
CASTLE,17_22322_51354,107.25,166.78,115.73,174.47,1.0,,36.256455,-118.689423,2022,348103.0,4013842.3,22322_51354
CASTLE,17_22322_51354,101.65,169.12,106.6,174.5,1.0,,36.256455,-118.689423,2022,348103.0,4013842.3,22322_51354
CASTLE,17_22322_51354,96.2,171.25,102.42,176.26,1.0,,36.256455,-118.689423,2022,348103.0,4013842.3,22322_51354
CASTLE,17_22322_51354,98.83,164.02,105.96,170.37,1.0,,36.256455,-118.689423,2022,348103.0,4013842.3,22322_51354
CASTLE,17_22322_51354,100.83,155.04,103.58,159.03,1.0,,36.256455,-118.689423,2022,348103.0,4013842.3,22322_51354
CASTLE,17_22322_51354,97.99,158.59,104.27,164.89,1.0,,36.256455,-118.689423,2022,348103.0,4013842.3,22322_51354
CASTLE,17_22322_51354,105.49,134.95,111.77,141.25,1.0,,36.256455,-118.689423,2022,348103.0,4013842.3,22322_51354
CASTLE,17_22322_51354,101.33,141.89,107.59,147.76,1.0,,36.256455,-118.689423,2022,348103.0,4013842.3,22322_51354
CASTLE,17_22322_51354,94.69,116.32,103.13,123.16,1.0,,36.256455,-118.689423,2022,348103.0,4013842.3,22322_51354
CASTLE,17_22322_51354,110.3,113.78,117.44,120.13,1.0,,36.256455,-118.689423,2022,348103.0,4013842.3,22322_51354
CASTLE,17_22322_51354,212.6,151.42,225.21,165.33,1.0,,36.256455,-118.689423,2022,348103.0,4013842.3,22322_51354
CASTLE,17_22322_51354,246.36,139.55,256.0,155.5,1.0,,36.256455,-118.689423,2022,348103.0,4013842.3,22322_51354
CASTLE,17_22322_51354,230.41,140.76,235.81,146.59,1.0,,36.256455,-118.689423,2022,348103.0,4013842.3,22322_51354
CASTLE,17_22322_51354,226.66,133.89,235.03,139.0,1.0,,36.256455,-118.689423,2022,348103.0,4013842.3,22322_51354
CASTLE,17_22322_51354,210.94,135.79,217.32,144.25,1.0,,36.256455,-118.689423,2022,348103.0,4013842.3,22322_51354
CASTLE,17_22322_51354,243.69,122.57,254.88,133.4,1.0,,36.256455,-118.689423,2022,348103.0,4013842.3,22322_51354
CASTLE,17_22322_51354,234.92,117.64,243.49,127.49,1.0,,36.256455,-118.689423,2022,348103.0,4013842.3,22322_51354
CASTLE,17_22322_51354,127.3,219.3,135.33,226.54,1.0,,36.256455,-118.689423,2022,348103.0,4013842.3,22322_51354
CASTLE,17_22322_51354,136.1,220.12,144.97,226.97,1.0,,36.256455,-118.689423,2022,348103.0,4013842.3,22322_51354
CASTLE,17_22322_51354,132.43,225.36,137.44,232.03,1.0,,36.256455,-118.689423,2022,348103.0,4013842.3,22322_51354
CASTLE,17_22322_51354,62.14,140.14,73.26,149.24,1.0,,36.256455,-118.689423,2022,348103.0,4013842.3,22322_51354
CASTLE,17_22322_51354,124.86,150.94,132.56,160.32,1.0,,36.256455,-118.689423,2022,348103.0,4013842.3,22322_51354
CASTLE,17_22322_51354,121.08,157.9,130.96,168.24,1.0,,36.256455,-118.689423,2022,348103.0,4013842.3,22322_51354
CASTLE,17_22322_51354,43.66,73.01,52.58,81.15,1.0,,36.256455,-118.689423,2022,348103.0,4013842.3,22322_51354
CASTLE,17_22322_51354,76.71,60.66,86.89,68.0,1.0,,36.256455,-118.689423,2022,348103.0,4013842.3,22322_51354
CASTLE,17_22322_51354,76.47,25.67,85.87,34.69,1.0,,36.256455,-118.689423,2022,348103.0,4013842.3,22322_51354
CASTLE,17_22322_51354,169.87,66.13,176.97,71.61,1.0,,36.256455,-118.689423,2022,348103.0,4013842.3,22322_51354
CASTLE,17_22322_51354,177.18,64.08,184.37,71.72,1.0,,36.256455,-118.689423,2022,348103.0,4013842.3,22322_51354
CASTLE,17_22322_51354,210.91,123.26,220.66,130.58,1.0,,36.256455,-118.689423,2022,348103.0,4013842.3,22322_51354
CASTLE,17_22322_51354,226.82,155.07,233.02,159.65,1.0,,36.256455,-118.689423,2022,348103.0,4013842.3,22322_51354
CASTLE,17_22322_51354,159.04,190.05,169.31,199.55,1.0,,36.256455,-118.689423,2022,348103.0,4013842.3,22322_51354
CASTLE,17_22323_51343,43.92,90.09,50.03,97.34,1.0,,36.280814,-118.686676,2022,348396.8,4016540.2,22323_51343
CASTLE,17_22323_51343,66.12,88.74,69.86,94.73,1.0,,36.280814,-118.686676,2022,348396.8,4016540.2,22323_51343
CASTLE,17_22323_51343,62.08,50.02,70.41,55.05,1.0,,36.280814,-118.686676,2022,348396.8,4016540.2,22323_51343
CASTLE,17_22323_51343,57.03,70.82,63.1,76.91,1.0,,36.280814,-118.686676,2022,348396.8,4016540.2,22323_51343
CASTLE,17_22323_51343,85.03,60.39,86.24,61.61,1.0,,36.280814,-118.686676,2022,348396.8,4016540.2,22323_51343
CASTLE,17_22323_51343,89.44,65.84,91.81,67.11,1.0,,36.280814,-118.686676,2022,348396.8,4016540.2,22323_51343
CASTLE,17_22323_51343,90.7,89.84,93.07,91.11,1.0,,36.280814,-118.686676,2022,348396.8,4016540.2,22323_51343
CASTLE,17_22323_51343,130.06,77.01,137.23,81.99,1.0,,36.280814,-118.686676,2022,348396.8,4016540.2,22323_51343
CASTLE,17_22323_51343,129.21,96.24,137.54,101.27,1.0,,36.280814,-118.686676,2022,348396.8,4016540.2,22323_51343
CASTLE,17_22323_51343,127.32,113.67,132.12,117.38,1.0,,36.280814,-118.686676,2022,348396.8,4016540.2,22323_51343
CASTLE,17_22323_51343,83.4,67.33,85.93,72.1,1.0,,36.280814,-118.686676,2022,348396.8,4016540.2,22323_51343
CASTLE,17_22323_51343,77.63,68.82,82.37,71.36,1.0,,36.280814,-118.686676,2022,348396.8,4016540.2,22323_51343
CASTLE,17_22323_51343,74.91,63.44,79.7,67.15,1.0,,36.280814,-118.686676,2022,348396.8,4016540.2,22323_51343
CASTLE,17_22323_51343,47.37,226.73,50.87,231.04,1.0,,36.280814,-118.686676,2022,348396.8,4016540.2,22323_51343
CASTLE,17_22323_51343,37.0,227.1,38.01,231.29,1.0,,36.280814,-118.686676,2022,348396.8,4016540.2,22323_51343
CASTLE,17_22323_51343,34.58,234.9,43.86,239.46,1.0,,36.280814,-118.686676,2022,348396.8,4016540.2,22323_51343
CASTLE,17_22323_51343,169.56,117.75,175.46,120.5,1.0,,36.280814,-118.686676,2022,348396.8,4016540.2,22323_51343
CASTLE,17_22323_51343,172.69,56.67,181.44,66.36,1.0,,36.280814,-118.686676,2022,348396.8,4016540.2,22323_51343
CASTLE,17_22323_51343,76.93,251.11,88.26,256.0,1.0,,36.280814,-118.686676,2022,348396.8,4016540.2,22323_51343
CASTLE,17_22323_51343,118.29,252.49,128.61,255.74,1.0,,36.280814,-118.686676,2022,348396.8,4016540.2,22323_51343
CASTLE,17_22327_51326,43.06,93.67,56.29,106.96,1.0,,36.318445,-118.67569,2022,349456.0,4020697.5,22327_51326
CASTLE,17_22327_51326,145.05,92.42,160.49,107.93,1.0,,36.318445,-118.67569,2022,349456.0,4020697.5,22327_51326
CASTLE,17_22327_51326,116.64,104.41,128.77,116.59,1.0,,36.318445,-118.67569,2022,349456.0,4020697.5,22327_51326
CASTLE,17_22327_51326,162.96,190.93,175.13,204.17,1.0,,36.318445,-118.67569,2022,349456.0,4020697.5,22327_51326
CASTLE,17_22327_51326,53.16,179.22,63.66,189.76,1.0,,36.318445,-118.67569,2022,349456.0,4020697.5,22327_51326
CASTLE,17_22327_51326,95.75,170.02,108.35,182.67,1.0,,36.318445,-118.67569,2022,349456.0,4020697.5,22327_51326
CASTLE,17_22327_51326,128.59,149.78,140.45,168.43,1.0,,36.318445,-118.67569,2022,349456.0,4020697.5,22327_51326
CASTLE,17_22327_51326,82.08,173.95,92.57,184.49,1.0,,36.318445,-118.67569,2022,349456.0,4020697.5,22327_51326
CASTLE,17_22327_51326,104.73,184.07,114.27,195.57,1.0,,36.318445,-118.67569,2022,349456.0,4020697.5,22327_51326
CASTLE,17_22327_51326,57.92,194.6,68.51,207.16,1.0,,36.318445,-118.67569,2022,349456.0,4020697.5,22327_51326
CASTLE,17_22327_51326,50.89,198.32,59.29,206.75,1.0,,36.318445,-118.67569,2022,349456.0,4020697.5,22327_51326
CASTLE,17_22327_51326,60.99,184.12,68.48,194.53,1.0,,36.318445,-118.67569,2022,349456.0,4020697.5,22327_51326
CASTLE,17_22327_51326,69.94,185.54,81.49,197.13,1.0,,36.318445,-118.67569,2022,349456.0,4020697.5,22327_51326
CASTLE,17_22327_51326,71.59,197.73,78.94,205.11,1.0,,36.318445,-118.67569,2022,349456.0,4020697.5,22327_51326
CASTLE,17_22327_51326,44.39,205.62,53.93,217.12,1.0,,36.318445,-118.67569,2022,349456.0,4020697.5,22327_51326
CASTLE,17_22327_51326,230.17,89.32,240.19,96.59,1.0,,36.318445,-118.67569,2022,349456.0,4020697.5,22327_51326
CASTLE,17_22327_51326,236.52,44.13,247.56,52.42,1.0,,36.318445,-118.67569,2022,349456.0,4020697.5,22327_51326
CASTLE,17_22327_51326,229.53,10.58,241.75,23.79,1.0,,36.318445,-118.67569,2022,349456.0,4020697.5,22327_51326
CASTLE,17_22327_51326,213.2,8.37,223.36,18.57,1.0,,36.318445,-118.67569,2022,349456.0,4020697.5,22327_51326
CASTLE,17_22327_51326,220.14,50.24,230.25,59.47,1.0,,36.318445,-118.67569,2022,349456.0,4020697.5,22327_51326
CASTLE,17_22327_51326,239.18,84.84,245.27,90.95,1.0,,36.318445,-118.67569,2022,349456.0,4020697.5,22327_51326
CASTLE,17_22327_51326,226.2,61.29,241.43,76.58,1.0,,36.318445,-118.67569,2022,349456.0,4020697.5,22327_51326
CASTLE,17_22327_51326,207.72,63.87,216.99,75.98,1.0,,36.318445,-118.67569,2022,349456.0,4020697.5,22327_51326
CASTLE,17_22327_51326,232.14,96.75,241.32,106.91,1.0,,36.318445,-118.67569,2022,349456.0,4020697.5,22327_51326
CASTLE,17_22327_51326,238.44,0.0,248.58,9.43,1.0,,36.318445,-118.67569,2022,349456.0,4020697.5,22327_51326
CASTLE,17_22327_51326,224.88,0.0,234.95,7.84,1.0,,36.318445,-118.67569,2022,349456.0,4020697.5,22327_51326
CASTLE,17_22354_51372,246.03,157.05,256.0,168.11,1.0,,36.216579,-118.601532,2022,355926.3,4009284.5,22354_51372
CASTLE,17_22354_51372,254.16,165.39,256.0,175.02,1.0,,36.216579,-118.601532,2022,355926.3,4009284.5,22354_51372
CASTLE,17_22354_51372,247.3,213.96,256.0,221.77,1.0,,36.216579,-118.601532,2022,355926.3,4009284.5,22354_51372
CASTLE,17_22354_51372,60.39,238.9,68.22,248.78,1.0,,36.216579,-118.601532,2022,355926.3,4009284.5,22354_51372
CASTLE,17_22354_51372,71.98,245.26,77.46,249.75,1.0,,36.216579,-118.601532,2022,355926.3,4009284.5,22354_51372
CASTLE,17_22354_51372,37.26,212.34,46.14,222.27,1.0,,36.216579,-118.601532,2022,355926.3,4009284.5,22354_51372
CASTLE,17_22354_51372,3.88,203.91,13.72,211.77,1.0,,36.216579,-118.601532,2022,355926.3,4009284.5,22354_51372
CASTLE,17_22354_51372,9.98,220.13,19.87,229.05,1.0,,36.216579,-118.601532,2022,355926.3,4009284.5,22354_51372
CASTLE,17_22354_51372,12.07,210.13,21.91,217.98,1.0,,36.216579,-118.601532,2022,355926.3,4009284.5,22354_51372
CASTLE,17_22354_51372,73.64,191.69,83.57,201.67,1.0,,36.216579,-118.601532,2022,355926.3,4009284.5,22354_51372
CASTLE,17_22354_51372,93.1,184.6,101.88,192.41,1.0,,36.216579,-118.601532,2022,355926.3,4009284.5,22354_51372
CASTLE,17_22354_51372,109.51,182.17,118.39,192.1,1.0,,36.216579,-118.601532,2022,355926.3,4009284.5,22354_51372
CASTLE,17_22354_51372,178.98,201.81,191.03,211.88,1.0,,36.216579,-118.601532,2022,355926.3,4009284.5,22354_51372
CASTLE,17_22354_51372,35.56,101.21,42.18,107.86,1.0,,36.216579,-118.601532,2022,355926.3,4009284.5,22354_51372
CASTLE,17_22354_51372,14.92,98.15,23.8,108.08,1.0,,36.216579,-118.601532,2022,355926.3,4009284.5,22354_51372
CASTLE,17_22354_51372,19.91,103.7,27.78,114.64,1.0,,36.216579,-118.601532,2022,355926.3,4009284.5,22354_51372
CASTLE,17_22354_51372,29.61,89.26,37.43,99.14,1.0,,36.216579,-118.601532,2022,355926.3,4009284.5,22354_51372
CASTLE,17_22354_51372,48.2,88.51,58.09,97.43,1.0,,36.216579,-118.601532,2022,355926.3,4009284.5,22354_51372
CASTLE,17_22354_51372,62.72,82.27,70.54,92.15,1.0,,36.216579,-118.601532,2022,355926.3,4009284.5,22354_51372
CASTLE,17_22354_51372,55.31,85.64,62.98,92.34,1.0,,36.216579,-118.601532,2022,355926.3,4009284.5,22354_51372
CASTLE,17_22354_51372,91.61,63.4,102.6,73.42,1.0,,36.216579,-118.601532,2022,355926.3,4009284.5,22354_51372
CASTLE,17_22354_51372,76.81,73.88,87.84,84.97,1.0,,36.216579,-118.601532,2022,355926.3,4009284.5,22354_51372
CASTLE,17_22354_51372,80.62,86.27,89.4,94.08,1.0,,36.216579,-118.601532,2022,355926.3,4009284.5,22354_51372
CASTLE,17_22358_51378,63.59,226.3,72.47,236.23,1.0,,36.203283,-118.590546,2022,356889.7,4007793.2,22358_51378
CASTLE,17_22358_51378,77.3,218.95,81.81,225.51,1.0,,36.203283,-118.590546,2022,356889.7,4007793.2,22358_51378
CASTLE,17_22358_51378,81.76,189.4,92.66,197.31,1.0,,36.203283,-118.590546,2022,356889.7,4007793.2,22358_51378
CASTLE,17_22358_51378,85.17,184.24,90.79,191.91,1.0,,36.203283,-118.590546,2022,356889.7,4007793.2,22358_51378
CASTLE,17_22358_51378,181.85,57.95,189.62,66.77,1.0,,36.203283,-118.590546,2022,356889.7,4007793.2,22358_51378
CASTLE,17_22358_51378,205.06,3.21,213.8,9.96,1.0,,36.203283,-118.590546,2022,356889.7,4007793.2,22358_51378
CASTLE,17_22358_51378,194.19,30.88,203.02,39.75,1.0,,36.203283,-118.590546,2022,356889.7,4007793.2,22358_51378
CASTLE,17_22358_51378,152.86,81.06,162.65,87.86,1.0,,36.203283,-118.590546,2022,356889.7,4007793.2,22358_51378
CASTLE,17_22358_51378,149.57,84.63,158.26,90.32,1.0,,36.203283,-118.590546,2022,356889.7,4007793.2,22358_51378
CASTLE,17_22358_51378,60.56,252.72,67.05,256.0,1.0,,36.203283,-118.590546,2022,356889.7,4007793.2,22358_51378
CASTLE,17_22358_51378,71.78,235.7,78.4,242.35,1.0,,36.203283,-118.590546,2022,356889.7,4007793.2,22358_51378
CASTLE,17_22358_51378,74.18,230.49,79.7,236.04,1.0,,36.203283,-118.590546,2022,356889.7,4007793.2,22358_51378
CASTLE,17_22358_51378,63.47,221.5,70.05,227.1,1.0,,36.203283,-118.590546,2022,356889.7,4007793.2,22358_51378
CASTLE,17_22358_51378,71.03,242.57,77.56,247.1,1.0,,36.203283,-118.590546,2022,356889.7,4007793.2,22358_51378
CASTLE,17_22358_51378,72.23,247.95,79.96,255.71,1.0,,36.203283,-118.590546,2022,356889.7,4007793.2,22358_51378
CASTLE,17_22358_51378,86.49,189.09,94.27,197.91,1.0,,36.203283,-118.590546,2022,356889.7,4007793.2,22358_51378
CASTLE,17_22358_51378,120.77,102.44,125.18,106.87,1.0,,36.203283,-118.590546,2022,356889.7,4007793.2,22358_51378
CASTLE,17_22358_51378,126.96,116.54,133.53,122.13,1.0,,36.203283,-118.590546,2022,356889.7,4007793.2,22358_51378
CASTLE,17_22358_51378,149.71,150.53,157.39,157.23,1.0,,36.203283,-118.590546,2022,356889.7,4007793.2,22358_51378
CASTLE,17_22358_51378,172.38,153.16,180.02,158.8,1.0,,36.203283,-118.590546,2022,356889.7,4007793.2,22358_51378
CASTLE,17_22358_51378,167.97,143.39,175.7,151.16,1.0,,36.203283,-118.590546,2022,356889.7,4007793.2,22358_51378
CASTLE,17_22358_51378,177.47,142.77,184.19,151.54,1.0,,36.203283,-118.590546,2022,356889.7,4007793.2,22358_51378
CASTLE,17_22358_51378,153.86,141.68,159.38,147.23,1.0,,36.203283,-118.590546,2022,356889.7,4007793.2,22358_51378
CASTLE,17_22358_51378,162.27,47.49,173.16,55.39,1.0,,36.203283,-118.590546,2022,356889.7,4007793.2,22358_51378
CASTLE,17_22358_51378,165.75,40.74,173.47,48.5,1.0,,36.203283,-118.590546,2022,356889.7,4007793.2,22358_51378
CASTLE,17_22358_51378,131.19,9.4,139.98,17.21,1.0,,36.203283,-118.590546,2022,356889.7,4007793.2,22358_51378
CASTLE,17_22358_51378,126.13,16.07,133.86,23.84,1.0,,36.203283,-118.590546,2022,356889.7,4007793.2,22358_51378
CASTLE,17_22358_51378,144.82,12.15,153.61,19.96,1.0,,36.203283,-118.590546,2022,356889.7,4007793.2,22358_51378
CASTLE,17_22358_51378,217.83,234.94,225.51,241.64,1.0,,36.203283,-118.590546,2022,356889.7,4007793.2,22358_51378
CASTLE,17_22358_51378,209.62,227.13,219.51,236.05,1.0,,36.203283,-118.590546,2022,356889.7,4007793.2,22358_51378
CASTLE,17_22358_51378,232.08,236.66,237.6,242.2,1.0,,36.203283,-118.590546,2022,356889.7,4007793.2,22358_51378
CASTLE,17_22358_51378,254.37,243.53,256.0,252.09,1.0,,36.203283,-118.590546,2022,356889.7,4007793.2,22358_51378
CASTLE,17_22358_51378,246.26,249.0,251.86,256.0,1.0,,36.203283,-118.590546,2022,356889.7,4007793.2,22358_51378
CASTLE,17_22358_51378,250.27,244.93,255.74,249.41,1.0,,36.203283,-118.590546,2022,356889.7,4007793.2,22358_51378
CASTLE,17_22358_51378,175.94,71.49,182.66,80.27,1.0,,36.203283,-118.590546,2022,356889.7,4007793.2,22358_51378
CASTLE,17_22358_51378,135.41,22.34,140.98,28.95,1.0,,36.203283,-118.590546,2022,356889.7,4007793.2,22358_51378
CASTLE,17_22358_51378,184.64,9.19,192.36,16.95,1.0,,36.203283,-118.590546,2022,356889.7,4007793.2,22358_51378
CASTLE,17_22358_51378,110.17,30.75,116.79,37.41,1.0,,36.203283,-118.590546,2022,356889.7,4007793.2,22358_51378
CASTLE,17_22358_51378,114.58,26.7,119.1,33.26,1.0,,36.203283,-118.590546,2022,356889.7,4007793.2,22358_51378
CASTLE,17_22358_51378,116.58,28.39,127.47,36.3,1.0,,36.203283,-118.590546,2022,356889.7,4007793.2,22358_51378
CASTLE,17_22358_51378,113.17,33.55,125.12,41.5,1.0,,36.203283,-118.590546,2022,356889.7,4007793.2,22358_51378
CASTLE,17_22358_51378,110.72,39.82,120.61,48.73,1.0,,36.203283,-118.590546,2022,356889.7,4007793.2,22358_51378
CASTLE,17_22358_51378,115.33,21.96,123.01,28.66,1.0,,36.203283,-118.590546,2022,356889.7,4007793.2,22358_51378
CASTLE,17_22358_51378,130.28,29.55,136.95,37.26,1.0,,36.203283,-118.590546,2022,356889.7,4007793.2,22358_51378
CASTLE,17_22358_51378,158.5,36.16,167.33,45.03,1.0,,36.203283,-118.590546,2022,356889.7,4007793.2,22358_51378
CASTLE,17_22358_51378,138.77,18.25,146.45,24.95,1.0,,36.203283,-118.590546,2022,356889.7,4007793.2,22358_51378
CASTLE,17_22358_51378,142.21,26.37,147.68,30.85,1.0,,36.203283,-118.590546,2022,356889.7,4007793.2,22358_51378
CASTLE,17_22358_51378,138.53,34.18,146.26,41.94,1.0,,36.203283,-118.590546,2022,356889.7,4007793.2,22358_51378
CASTLE,17_22358_51378,149.17,22.44,155.79,29.09,1.0,,36.203283,-118.590546,2022,356889.7,4007793.2,22358_51378
CASTLE,17_22358_51378,156.25,19.04,161.77,24.59,1.0,,36.203283,-118.590546,2022,356889.7,4007793.2,22358_51378
CASTLE,17_22358_51378,143.1,4.63,149.72,11.28,1.0,,36.203283,-118.590546,2022,356889.7,4007793.2,22358_51378
CASTLE,17_22358_51378,175.16,7.16,182.93,15.98,1.0,,36.203283,-118.590546,2022,356889.7,4007793.2,22358_51378
CASTLE,17_22358_51378,152.6,7.18,158.07,11.67,1.0,,36.203283,-118.590546,2022,356889.7,4007793.2,22358_51378
CASTLE,17_22358_51378,147.78,4.31,154.5,13.09,1.0,,36.203283,-118.590546,2022,356889.7,4007793.2,22358_51378
CASTLE,17_22358_51378,159.03,2.17,166.76,9.93,1.0,,36.203283,-118.590546,2022,356889.7,4007793.2,22358_51378
CASTLE,17_22358_51378,109.95,0.0,116.61,7.11,1.0,,36.203283,-118.590546,2022,356889.7,4007793.2,22358_51378
CASTLE,17_22358_51378,141.78,0.0,149.41,5.42,1.0,,36.203283,-118.590546,2022,356889.7,4007793.2,22358_51378
CASTLE,17_22369_51425,116.09,247.85,125.96,256.0,1.0,,36.099048,-118.560333,2022,359419.9,3996186.5,22369_51425
CASTLE,17_22369_51425,65.46,219.48,73.29,229.37,1.0,,36.099048,-118.560333,2022,359419.9,3996186.5,22369_51425
CASTLE,17_22369_51425,199.4,102.86,207.18,111.69,1.0,,36.099048,-118.560333,2022,359419.9,3996186.5,22369_51425
CASTLE,17_22369_51425,190.82,71.64,197.49,79.36,1.0,,36.099048,-118.560333,2022,359419.9,3996186.5,22369_51425
CASTLE,17_22369_51425,174.98,67.73,184.96,78.78,1.0,,36.099048,-118.560333,2022,359419.9,3996186.5,22369_51425
CASTLE,17_22369_51425,195.17,45.8,202.9,53.56,1.0,,36.099048,-118.560333,2022,359419.9,3996186.5,22369_51425
CASTLE,17_22369_51425,12.07,79.91,19.85,88.73,1.0,,36.099048,-118.560333,2022,359419.9,3996186.5,22369_51425
CASTLE,17_22369_51425,3.99,49.24,12.78,57.05,1.0,,36.099048,-118.560333,2022,359419.9,3996186.5,22369_51425
CASTLE,17_22369_51425,187.2,46.5,193.88,54.21,1.0,,36.099048,-118.560333,2022,359419.9,3996186.5,22369_51425
CASTLE,17_22369_51425,205.28,22.35,212.97,29.05,1.0,,36.099048,-118.560333,2022,359419.9,3996186.5,22369_51425
CASTLE,17_22369_51425,172.88,10.23,180.71,20.12,1.0,,36.099048,-118.560333,2022,359419.9,3996186.5,22369_51425
CASTLE,17_22369_51425,157.64,6.88,164.46,17.78,1.0,,36.099048,-118.560333,2022,359419.9,3996186.5,22369_51425
CASTLE,17_22369_51425,141.06,1.33,150.95,10.25,1.0,,36.099048,-118.560333,2022,359419.9,3996186.5,22369_51425
CASTLE,17_22369_51425,166.75,146.01,175.58,154.88,1.0,,36.099048,-118.560333,2022,359419.9,3996186.5,22369_51425
CASTLE,17_22369_51425,101.91,234.44,108.59,242.16,1.0,,36.099048,-118.560333,2022,359419.9,3996186.5,22369_51425
CASTLE,17_22369_51425,111.52,233.82,116.03,240.37,1.0,,36.099048,-118.560333,2022,359419.9,3996186.5,22369_51425
CASTLE,17_22369_51425,77.31,225.34,85.19,236.29,1.0,,36.099048,-118.560333,2022,359419.9,3996186.5,22369_51425
CASTLE,17_22369_51425,84.87,233.66,94.86,244.71,1.0,,36.099048,-118.560333,2022,359419.9,3996186.5,22369_51425
CASTLE,17_22369_51425,92.6,226.58,101.53,237.57,1.0,,36.099048,-118.560333,2022,359419.9,3996186.5,22369_51425
CASTLE,17_22369_51425,82.74,224.53,90.52,233.35,1.0,,36.099048,-118.560333,2022,359419.9,3996186.5,22369_51425
CASTLE,17_22369_51425,7.05,178.53,14.83,187.36,1.0,,36.099048,-118.560333,2022,359419.9,3996186.5,22369_51425
CASTLE,17_22369_51425,0.78,196.85,8.7,208.86,1.0,,36.099048,-118.560333,2022,359419.9,3996186.5,22369_51425
CASTLE,17_22369_51425,0.24,235.09,8.02,243.91,1.0,,36.099048,-118.560333,2022,359419.9,3996186.5,22369_51425
CASTLE,17_22369_51425,5.86,238.54,13.68,248.42,1.0,,36.099048,-118.560333,2022,359419.9,3996186.5,22369_51425
CASTLE,17_22369_51425,0.0,168.62,9.46,179.67,1.0,,36.099048,-118.560333,2022,359419.9,3996186.5,22369_51425
CASTLE,17_22369_51425,36.18,53.37,42.75,58.97,1.0,,36.099048,-118.560333,2022,359419.9,3996186.5,22369_51425
CASTLE,17_22369_51425,37.24,39.61,42.85,47.27,1.0,,36.099048,-118.560333,2022,359419.9,3996186.5,22369_51425
CASTLE,17_22369_51425,19.06,41.43,29.0,51.42,1.0,,36.099048,-118.560333,2022,359419.9,3996186.5,22369_51425
CASTLE,17_22369_51425,31.98,28.2,37.55,34.81,1.0,,36.099048,-118.560333,2022,359419.9,3996186.5,22369_51425
CASTLE,17_22369_51425,39.02,14.17,44.54,19.72,1.0,,36.099048,-118.560333,2022,359419.9,3996186.5,22369_51425
CASTLE,17_22369_51425,42.38,20.71,49.0,27.36,1.0,,36.099048,-118.560333,2022,359419.9,3996186.5,22369_51425
CASTLE,17_22369_51425,34.46,0.0,39.91,3.57,1.0,,36.099048,-118.560333,2022,359419.9,3996186.5,22369_51425
CASTLE,17_22369_51425,24.35,18.29,30.07,28.08,1.0,,36.099048,-118.560333,2022,359419.9,3996186.5,22369_51425
CASTLE,17_22369_51425,27.26,13.64,36.09,22.51,1.0,,36.099048,-118.560333,2022,359419.9,3996186.5,22369_51425
CASTLE,17_22369_51425,10.48,8.09,20.47,19.13,1.0,,36.099048,-118.560333,2022,359419.9,3996186.5,22369_51425
CASTLE,17_22369_51425,0.0,10.77,6.07,17.42,1.0,,36.099048,-118.560333,2022,359419.9,3996186.5,22369_51425
CASTLE,17_22369_51425,0.0,38.41,4.28,42.85,1.0,,36.099048,-118.560333,2022,359419.9,3996186.5,22369_51425
CASTLE,17_22369_51425,43.32,81.34,49.95,87.99,1.0,,36.099048,-118.560333,2022,359419.9,3996186.5,22369_51425
CASTLE,17_22369_51425,140.73,57.11,147.36,63.77,1.0,,36.099048,-118.560333,2022,359419.9,3996186.5,22369_51425
CASTLE,17_22369_51425,147.19,43.06,153.82,49.72,1.0,,36.099048,-118.560333,2022,359419.9,3996186.5,22369_51425
CASTLE,17_22369_51425,151.68,38.48,156.15,43.98,1.0,,36.099048,-118.560333,2022,359419.9,3996186.5,22369_51425
CASTLE,17_22369_51425,158.09,49.94,163.56,54.42,1.0,,36.099048,-118.560333,2022,359419.9,3996186.5,22369_51425
CASTLE,17_22369_51425,182.53,22.36,189.15,29.02,1.0,,36.099048,-118.560333,2022,359419.9,3996186.5,22369_51425
CASTLE,17_22369_51425,179.11,39.21,186.8,45.92,1.0,,36.099048,-118.560333,2022,359419.9,3996186.5,22369_51425
CASTLE,17_22369_51425,177.67,44.47,187.61,54.45,1.0,,36.099048,-118.560333,2022,359419.9,3996186.5,22369_51425
CASTLE,17_22369_51425,190.33,13.69,194.85,20.24,1.0,,36.099048,-118.560333,2022,359419.9,3996186.5,22369_51425
CASTLE,17_22369_51425,199.02,21.52,205.6,27.12,1.0,,36.099048,-118.560333,2022,359419.9,3996186.5,22369_51425
CASTLE,17_22369_51425,201.82,26.44,209.6,35.27,1.0,,36.099048,-118.560333,2022,359419.9,3996186.5,22369_51425
CASTLE,17_22369_51425,3.55,163.49,11.28,171.25,1.0,,36.099048,-118.560333,2022,359419.9,3996186.5,22369_51425
CASTLE,17_22369_51425,239.68,5.34,248.66,17.39,1.0,,36.099048,-118.560333,2022,359419.9,3996186.5,22369_51425
CASTLE,17_22369_51425,0.0,26.19,6.42,32.85,1.0,,36.099048,-118.560333,2022,359419.9,3996186.5,22369_51425
CASTLE,17_22369_51425,6.72,56.81,15.61,66.75,1.0,,36.099048,-118.560333,2022,359419.9,3996186.5,22369_51425
CASTLE,17_22369_51425,38.1,57.71,44.67,63.31,1.0,,36.099048,-118.560333,2022,359419.9,3996186.5,22369_51425
CASTLE,17_22369_51425,134.87,242.86,141.54,250.58,1.0,,36.099048,-118.560333,2022,359419.9,3996186.5,22369_51425
CASTLE,17_22369_51425,2.12,219.22,6.63,225.78,1.0,,36.099048,-118.560333,2022,359419.9,3996186.5,22369_51425
CASTLE,17_22369_51425,0.0,214.86,4.19,223.54,1.0,,36.099048,-118.560333,2022,359419.9,3996186.5,22369_51425
CASTLE,17_22369_51425,0.0,93.69,2.3,102.28,1.0,,36.099048,-118.560333,2022,359419.9,3996186.5,22369_51425
CASTLE,17_22369_51425,0.0,103.78,2.9,112.4,1.0,,36.099048,-118.560333,2022,359419.9,3996186.5,22369_51425
CASTLE,17_22369_51425,0.0,68.71,3.96,77.37,1.0,,36.099048,-118.560333,2022,359419.9,3996186.5,22369_51425
CASTLE,17_22370_51403,152.28,186.8,158.91,193.46,1.0,,36.147856,-118.557587,2022,359754.1,4001596.7,22370_51403
CASTLE,17_22370_51403,157.43,165.78,165.16,173.54,1.0,,36.147856,-118.557587,2022,359754.1,4001596.7,22370_51403
CASTLE,17_22370_51403,143.71,189.06,150.34,195.72,1.0,,36.147856,-118.557587,2022,359754.1,4001596.7,22370_51403
CASTLE,17_22370_51403,226.51,172.15,233.14,178.8,1.0,,36.147856,-118.557587,2022,359754.1,4001596.7,22370_51403
CASTLE,17_22370_51403,231.72,173.98,239.4,180.69,1.0,,36.147856,-118.557587,2022,359754.1,4001596.7,22370_51403
CASTLE,17_22370_51403,84.12,230.97,89.69,237.58,1.0,,36.147856,-118.557587,2022,359754.1,4001596.7,22370_51403
CASTLE,17_22370_51403,57.54,245.16,64.17,251.81,1.0,,36.147856,-118.557587,2022,359754.1,4001596.7,22370_51403
CASTLE,17_22370_51403,81.26,221.81,90.1,230.68,1.0,,36.147856,-118.557587,2022,359754.1,4001596.7,22370_51403
CASTLE,17_22370_51403,54.22,214.71,60.79,220.3,1.0,,36.147856,-118.557587,2022,359754.1,4001596.7,22370_51403
CASTLE,17_22370_51403,49.68,209.71,54.15,215.21,1.0,,36.147856,-118.557587,2022,359754.1,4001596.7,22370_51403
CASTLE,17_22370_51403,60.33,229.34,65.95,237.01,1.0,,36.147856,-118.557587,2022,359754.1,4001596.7,22370_51403
CASTLE,17_22370_51403,64.29,224.74,71.98,231.45,1.0,,36.147856,-118.557587,2022,359754.1,4001596.7,22370_51403
CASTLE,17_22370_51403,71.54,228.26,78.17,234.92,1.0,,36.147856,-118.557587,2022,359754.1,4001596.7,22370_51403
CASTLE,17_22370_51403,71.52,218.16,79.16,223.81,1.0,,36.147856,-118.557587,2022,359754.1,4001596.7,22370_51403
CASTLE,17_22370_51403,65.38,212.57,73.06,219.27,1.0,,36.147856,-118.557587,2022,359754.1,4001596.7,22370_51403
CASTLE,17_22370_51403,60.61,201.18,67.23,207.84,1.0,,36.147856,-118.557587,2022,359754.1,4001596.7,22370_51403
CASTLE,17_22370_51403,55.66,195.64,61.14,200.12,1.0,,36.147856,-118.557587,2022,359754.1,4001596.7,22370_51403
CASTLE,17_22370_51403,65.58,195.57,73.31,203.33,1.0,,36.147856,-118.557587,2022,359754.1,4001596.7,22370_51403
CASTLE,17_22370_51403,88.62,204.06,94.09,208.55,1.0,,36.147856,-118.557587,2022,359754.1,4001596.7,22370_51403
CASTLE,17_22370_51403,81.16,192.56,86.68,198.11,1.0,,36.147856,-118.557587,2022,359754.1,4001596.7,22370_51403
CASTLE,17_22370_51403,92.29,189.89,101.08,197.7,1.0,,36.147856,-118.557587,2022,359754.1,4001596.7,22370_51403
CASTLE,17_22370_51403,103.12,185.6,110.81,192.31,1.0,,36.147856,-118.557587,2022,359754.1,4001596.7,22370_51403
CASTLE,17_22370_51403,160.44,180.8,168.18,188.57,1.0,,36.147856,-118.557587,2022,359754.1,4001596.7,22370_51403
CASTLE,17_22370_51403,172.95,175.52,178.48,181.07,1.0,,36.147856,-118.557587,2022,359754.1,4001596.7,22370_51403
CASTLE,17_22370_51403,222.11,187.36,229.79,194.06,1.0,,36.147856,-118.557587,2022,359754.1,4001596.7,22370_51403
CASTLE,17_22370_51403,221.98,93.28,233.02,104.38,1.0,,36.147856,-118.557587,2022,359754.1,4001596.7,22370_51403
CASTLE,17_22370_51403,228.13,75.49,235.96,85.38,1.0,,36.147856,-118.557587,2022,359754.1,4001596.7,22370_51403
CASTLE,17_22370_51403,254.31,98.48,256.0,102.8,1.0,,36.147856,-118.557587,2022,359754.1,4001596.7,22370_51403
CASTLE,17_22370_51403,250.83,102.04,255.39,109.66,1.0,,36.147856,-118.557587,2022,359754.1,4001596.7,22370_51403
CASTLE,17_22370_51403,251.18,107.9,256.0,113.43,1.0,,36.147856,-118.557587,2022,359754.1,4001596.7,22370_51403
CASTLE,17_22370_51403,198.49,64.03,208.43,74.01,1.0,,36.147856,-118.557587,2022,359754.1,4001596.7,22370_51403
CASTLE,17_22370_51403,205.99,85.1,212.76,94.94,1.0,,36.147856,-118.557587,2022,359754.1,4001596.7,22370_51403
CASTLE,17_22370_51403,204.37,121.7,214.26,130.62,1.0,,36.147856,-118.557587,2022,359754.1,4001596.7,22370_51403
CASTLE,17_22370_51403,204.2,128.6,210.78,134.19,1.0,,36.147856,-118.557587,2022,359754.1,4001596.7,22370_51403
CASTLE,17_22370_51403,180.51,137.6,187.08,143.2,1.0,,36.147856,-118.557587,2022,359754.1,4001596.7,22370_51403
CASTLE,17_22370_51403,180.32,130.15,185.84,135.7,1.0,,36.147856,-118.557587,2022,359754.1,4001596.7,22370_51403
CASTLE,17_22370_51403,183.82,132.45,191.55,140.21,1.0,,36.147856,-118.557587,2022,359754.1,4001596.7,22370_51403
CASTLE,17_22370_51403,100.13,164.74,111.22,176.9,1.0,,36.147856,-118.557587,2022,359754.1,4001596.7,22370_51403
CASTLE,17_22370_51403,62.22,189.03,69.9,195.74,1.0,,36.147856,-118.557587,2022,359754.1,4001596.7,22370_51403
CASTLE,17_22370_51403,85.84,178.43,94.73,188.37,1.0,,36.147856,-118.557587,2022,359754.1,4001596.7,22370_51403
CASTLE,17_22370_51403,96.12,176.77,102.74,183.43,1.0,,36.147856,-118.557587,2022,359754.1,4001596.7,22370_51403
CASTLE,17_22370_51403,36.25,164.46,46.15,173.38,1.0,,36.147856,-118.557587,2022,359754.1,4001596.7,22370_51403
CASTLE,17_22370_51403,85.84,52.99,91.46,60.66,1.0,,36.147856,-118.557587,2022,359754.1,4001596.7,22370_51403
CASTLE,17_22370_51403,120.89,40.78,127.47,46.38,1.0,,36.147856,-118.557587,2022,359754.1,4001596.7,22370_51403
CASTLE,17_22370_51403,87.21,34.45,93.89,42.17,1.0,,36.147856,-118.557587,2022,359754.1,4001596.7,22370_51403
CASTLE,17_22370_51403,77.78,34.54,82.25,40.04,1.0,,36.147856,-118.557587,2022,359754.1,4001596.7,22370_51403
CASTLE,17_22370_51403,89.23,24.98,99.08,32.84,1.0,,36.147856,-118.557587,2022,359754.1,4001596.7,22370_51403
CASTLE,17_22370_51403,129.34,39.05,137.07,46.81,1.0,,36.147856,-118.557587,2022,359754.1,4001596.7,22370_51403
CASTLE,17_22370_51403,176.62,60.35,183.2,65.95,1.0,,36.147856,-118.557587,2022,359754.1,4001596.7,22370_51403
CASTLE,17_22370_51403,181.96,45.72,188.63,53.44,1.0,,36.147856,-118.557587,2022,359754.1,4001596.7,22370_51403
CASTLE,17_22370_51403,139.27,65.02,148.06,72.83,1.0,,36.147856,-118.557587,2022,359754.1,4001596.7,22370_51403
CASTLE,17_22370_51403,122.78,66.92,131.57,74.73,1.0,,36.147856,-118.557587,2022,359754.1,4001596.7,22370_51403
CASTLE,17_22370_51403,100.19,61.1,109.08,71.03,1.0,,36.147856,-118.557587,2022,359754.1,4001596.7,22370_51403
CASTLE,17_22370_51403,98.04,42.92,104.62,48.51,1.0,,36.147856,-118.557587,2022,359754.1,4001596.7,22370_51403
CASTLE,17_22370_51403,104.16,34.17,114.01,42.03,1.0,,36.147856,-118.557587,2022,359754.1,4001596.7,22370_51403
CASTLE,17_22370_51403,103.25,40.51,113.19,50.49,1.0,,36.147856,-118.557587,2022,359754.1,4001596.7,22370_51403
CASTLE,17_22370_51403,143.48,44.48,150.06,50.07,1.0,,36.147856,-118.557587,2022,359754.1,4001596.7,22370_51403
CASTLE,17_22370_51403,67.24,43.1,77.08,50.96,1.0,,36.147856,-118.557587,2022,359754.1,4001596.7,22370_51403
CASTLE,17_22370_51403,70.19,38.45,77.83,44.09,1.0,,36.147856,-118.557587,2022,359754.1,4001596.7,22370_51403
CASTLE,17_22370_51403,86.11,43.97,96.1,55.02,1.0,,36.147856,-118.557587,2022,359754.1,4001596.7,22370_51403
CASTLE,17_22370_51403,76.39,39.8,85.17,47.61,1.0,,36.147856,-118.557587,2022,359754.1,4001596.7,22370_51403
CASTLE,17_22370_51403,80.18,47.42,89.06,57.36,1.0,,36.147856,-118.557587,2022,359754.1,4001596.7,22370_51403
CASTLE,17_22370_51403,64.84,50.43,71.46,57.08,1.0,,36.147856,-118.557587,2022,359754.1,4001596.7,22370_51403
CASTLE,17_22370_51403,71.27,58.17,79.05,67.0,1.0,,36.147856,-118.557587,2022,359754.1,4001596.7,22370_51403
CASTLE,17_22370_51403,88.96,64.83,98.85,73.75,1.0,,36.147856,-118.557587,2022,359754.1,4001596.7,22370_51403
CASTLE,17_22370_51403,88.21,57.89,99.16,66.86,1.0,,36.147856,-118.557587,2022,359754.1,4001596.7,22370_51403
CASTLE,17_22370_51403,132.19,43.97,142.14,53.95,1.0,,36.147856,-118.557587,2022,359754.1,4001596.7,22370_51403
CASTLE,17_22370_51403,139.63,57.06,147.36,64.83,1.0,,36.147856,-118.557587,2022,359754.1,4001596.7,22370_51403
CASTLE,17_22370_51403,151.37,65.58,160.2,74.45,1.0,,36.147856,-118.557587,2022,359754.1,4001596.7,22370_51403
CASTLE,17_22370_51403,167.71,65.8,176.6,75.74,1.0,,36.147856,-118.557587,2022,359754.1,4001596.7,22370_51403
CASTLE,17_22370_51403,156.3,84.94,167.25,93.91,1.0,,36.147856,-118.557587,2022,359754.1,4001596.7,22370_51403
CASTLE,17_22370_51403,158.7,91.43,167.49,99.24,1.0,,36.147856,-118.557587,2022,359754.1,4001596.7,22370_51403
CASTLE,17_22370_51403,176.49,93.84,186.43,103.83,1.0,,36.147856,-118.557587,2022,359754.1,4001596.7,22370_51403
CASTLE,17_22370_51403,191.95,83.92,198.53,89.51,1.0,,36.147856,-118.557587,2022,359754.1,4001596.7,22370_51403
CASTLE,17_22370_51403,173.82,98.5,179.35,104.04,1.0,,36.147856,-118.557587,2022,359754.1,4001596.7,22370_51403
CASTLE,17_22370_51403,102.36,108.5,110.09,116.26,1.0,,36.147856,-118.557587,2022,359754.1,4001596.7,22370_51403
CASTLE,17_22370_51403,114.22,105.85,120.8,111.45,1.0,,36.147856,-118.557587,2022,359754.1,4001596.7,22370_51403
CASTLE,17_22370_51403,113.7,66.5,120.48,76.34,1.0,,36.147856,-118.557587,2022,359754.1,4001596.7,22370_51403
CASTLE,17_22370_51403,106.67,67.78,115.65,79.84,1.0,,36.147856,-118.557587,2022,359754.1,4001596.7,22370_51403
CASTLE,17_22370_51403,79.16,115.89,87.05,124.82,1.0,,36.147856,-118.557587,2022,359754.1,4001596.7,22370_51403
CASTLE,17_22370_51403,96.07,111.09,101.37,117.38,1.0,,36.147856,-118.557587,2022,359754.1,4001596.7,22370_51403
CASTLE,17_22370_51403,92.35,115.48,96.64,121.72,1.0,,36.147856,-118.557587,2022,359754.1,4001596.7,22370_51403
CASTLE,17_22370_51403,119.74,113.19,124.95,117.46,1.0,,36.147856,-118.557587,2022,359754.1,4001596.7,22370_51403
CASTLE,17_22370_51403,128.14,113.58,134.49,120.93,1.0,,36.147856,-118.557587,2022,359754.1,4001596.7,22370_51403
CASTLE,17_22370_51403,129.58,105.05,134.89,111.34,1.0,,36.147856,-118.557587,2022,359754.1,4001596.7,22370_51403
CASTLE,17_22370_51403,127.29,76.12,134.69,84.52,1.0,,36.147856,-118.557587,2022,359754.1,4001596.7,22370_51403
CASTLE,17_22370_51403,129.62,71.16,137.94,77.59,1.0,,36.147856,-118.557587,2022,359754.1,4001596.7,22370_51403
CASTLE,17_22370_51403,147.56,107.4,155.92,114.83,1.0,,36.147856,-118.557587,2022,359754.1,4001596.7,22370_51403
CASTLE,17_22370_51403,144.07,107.74,150.37,114.07,1.0,,36.147856,-118.557587,2022,359754.1,4001596.7,22370_51403
CASTLE,17_22370_51403,74.66,127.81,79.96,134.1,1.0,,36.147856,-118.557587,2022,359754.1,4001596.7,22370_51403
CASTLE,17_22370_51403,79.17,161.4,87.49,167.83,1.0,,36.147856,-118.557587,2022,359754.1,4001596.7,22370_51403
CASTLE,17_22370_51403,106.7,153.06,115.06,160.5,1.0,,36.147856,-118.557587,2022,359754.1,4001596.7,22370_51403
CASTLE,17_22370_51403,143.42,133.0,150.73,139.38,1.0,,36.147856,-118.557587,2022,359754.1,4001596.7,22370_51403
CASTLE,17_22370_51403,149.97,132.8,156.28,139.13,1.0,,36.147856,-118.557587,2022,359754.1,4001596.7,22370_51403
CASTLE,17_22370_51403,165.53,133.01,173.89,140.45,1.0,,36.147856,-118.557587,2022,359754.1,4001596.7,22370_51403
CASTLE,17_22370_51403,184.51,127.3,189.77,132.58,1.0,,36.147856,-118.557587,2022,359754.1,4001596.7,22370_51403
CASTLE,17_22370_51403,209.92,100.15,214.18,105.38,1.0,,36.147856,-118.557587,2022,359754.1,4001596.7,22370_51403
CASTLE,17_22370_51403,214.4,100.36,219.7,106.64,1.0,,36.147856,-118.557587,2022,359754.1,4001596.7,22370_51403
CASTLE,17_22370_51403,211.73,93.66,216.99,98.93,1.0,,36.147856,-118.557587,2022,359754.1,4001596.7,22370_51403
CASTLE,17_22370_51403,54.13,123.33,63.54,131.82,1.0,,36.147856,-118.557587,2022,359754.1,4001596.7,22370_51403
CASTLE,17_22370_51403,37.45,125.6,44.81,132.99,1.0,,36.147856,-118.557587,2022,359754.1,4001596.7,22370_51403
CASTLE,17_22370_51403,34.69,118.9,41.09,127.25,1.0,,36.147856,-118.557587,2022,359754.1,4001596.7,22370_51403
CASTLE,17_22370_51403,31.49,112.68,37.85,120.02,1.0,,36.147856,-118.557587,2022,359754.1,4001596.7,22370_51403
CASTLE,17_22370_51403,33.32,128.94,38.62,135.23,1.0,,36.147856,-118.557587,2022,359754.1,4001596.7,22370_51403
CASTLE,17_22370_51403,53.0,148.06,63.42,156.6,1.0,,36.147856,-118.557587,2022,359754.1,4001596.7,22370_51403
CASTLE,17_22370_51403,48.93,158.0,56.42,168.41,1.0,,36.147856,-118.557587,2022,359754.1,4001596.7,22370_51403
CASTLE,17_22370_51403,56.63,157.84,65.99,165.32,1.0,,36.147856,-118.557587,2022,359754.1,4001596.7,22370_51403
CASTLE,17_22370_51403,73.41,174.29,82.87,183.8,1.0,,36.147856,-118.557587,2022,359754.1,4001596.7,22370_51403
CASTLE,17_22370_51403,163.94,164.81,174.45,175.36,1.0,,36.147856,-118.557587,2022,359754.1,4001596.7,22370_51403
CASTLE,17_22370_51403,161.29,161.64,167.55,166.97,1.0,,36.147856,-118.557587,2022,359754.1,4001596.7,22370_51403
CASTLE,17_22370_51403,163.76,162.77,170.02,168.09,1.0,,36.147856,-118.557587,2022,359754.1,4001596.7,22370_51403
CASTLE,17_22370_51403,187.59,92.04,193.89,98.37,1.0,,36.147856,-118.557587,2022,359754.1,4001596.7,22370_51403
CASTLE,17_22370_51403,60.59,136.27,69.0,144.72,1.0,,36.147856,-118.557587,2022,359754.1,4001596.7,22370_51403
CASTLE,17_22370_51403,72.56,62.19,82.0,69.24,1.0,,36.147856,-118.557587,2022,359754.1,4001596.7,22370_51403
CASTLE,17_22370_51403,77.37,67.78,83.79,75.2,1.0,,36.147856,-118.557587,2022,359754.1,4001596.7,22370_51403
CASTLE,17_22370_51403,132.04,82.81,137.81,87.15,1.0,,36.147856,-118.557587,2022,359754.1,4001596.7,22370_51403
CASTLE,17_22370_51403,7.36,97.53,14.24,103.95,1.0,,36.147856,-118.557587,2022,359754.1,4001596.7,22370_51403
CASTLE,17_22370_51403,7.13,102.12,13.52,109.03,1.0,,36.147856,-118.557587,2022,359754.1,4001596.7,22370_51403
CASTLE,17_22370_51403,26.43,98.4,31.76,104.25,1.0,,36.147856,-118.557587,2022,359754.1,4001596.7,22370_51403
CASTLE,17_22370_51403,0.36,103.85,6.83,112.29,1.0,,36.147856,-118.557587,2022,359754.1,4001596.7,22370_51403
CASTLE,17_22370_51403,0.0,119.41,4.59,130.84,1.0,,36.147856,-118.557587,2022,359754.1,4001596.7,22370_51403
CASTLE,17_22370_51403,0.0,114.55,9.64,124.18,1.0,,36.147856,-118.557587,2022,359754.1,4001596.7,22370_51403
CASTLE,17_22370_51403,7.56,109.29,15.99,116.3,1.0,,36.147856,-118.557587,2022,359754.1,4001596.7,22370_51403
CASTLE,17_22370_51403,4.54,121.17,15.19,132.35,1.0,,36.147856,-118.557587,2022,359754.1,4001596.7,22370_51403
CASTLE,17_22370_51403,16.64,125.31,26.71,134.93,1.0,,36.147856,-118.557587,2022,359754.1,4001596.7,22370_51403
CASTLE,17_22370_51403,19.12,131.3,30.25,141.99,1.0,,36.147856,-118.557587,2022,359754.1,4001596.7,22370_51403
CASTLE,17_22370_51403,14.56,116.01,22.55,124.52,1.0,,36.147856,-118.557587,2022,359754.1,4001596.7,22370_51403
CASTLE,17_22370_51403,7.01,112.34,20.17,123.13,1.0,,36.147856,-118.557587,2022,359754.1,4001596.7,22370_51403
CASTLE,17_22370_51403,8.52,145.64,19.16,156.82,1.0,,36.147856,-118.557587,2022,359754.1,4001596.7,22370_51403
CASTLE,17_22370_51403,9.59,135.71,19.11,144.3,1.0,,36.147856,-118.557587,2022,359754.1,4001596.7,22370_51403
CASTLE,17_22370_51403,15.79,152.61,22.16,159.01,1.0,,36.147856,-118.557587,2022,359754.1,4001596.7,22370_51403
CASTLE,17_22370_51403,24.69,147.65,30.02,153.49,1.0,,36.147856,-118.557587,2022,359754.1,4001596.7,22370_51403
CASTLE,17_22370_51403,30.05,141.25,35.4,147.6,1.0,,36.147856,-118.557587,2022,359754.1,4001596.7,22370_51403
CASTLE,17_22370_51403,35.06,136.37,41.98,143.82,1.0,,36.147856,-118.557587,2022,359754.1,4001596.7,22370_51403
CASTLE,17_22370_51403,44.14,138.07,49.04,145.42,1.0,,36.147856,-118.557587,2022,359754.1,4001596.7,22370_51403
CASTLE,17_22370_51403,50.15,140.13,59.11,147.67,1.0,,36.147856,-118.557587,2022,359754.1,4001596.7,22370_51403
CASTLE,17_22370_51403,55.51,135.27,62.39,141.69,1.0,,36.147856,-118.557587,2022,359754.1,4001596.7,22370_51403
CASTLE,17_22370_51403,50.95,129.18,55.8,135.51,1.0,,36.147856,-118.557587,2022,359754.1,4001596.7,22370_51403
CASTLE,17_22370_51403,75.41,139.76,81.27,146.14,1.0,,36.147856,-118.557587,2022,359754.1,4001596.7,22370_51403
CASTLE,17_22370_51403,93.65,140.35,100.07,147.77,1.0,,36.147856,-118.557587,2022,359754.1,4001596.7,22370_51403
CASTLE,17_22370_51403,107.7,137.15,111.42,140.89,1.0,,36.147856,-118.557587,2022,359754.1,4001596.7,22370_51403
CASTLE,17_22370_51403,71.35,135.48,75.11,140.23,1.0,,36.147856,-118.557587,2022,359754.1,4001596.7,22370_51403
CASTLE,17_22370_51403,63.82,131.56,70.19,137.96,1.0,,36.147856,-118.557587,2022,359754.1,4001596.7,22370_51403
CASTLE,17_22370_51403,42.82,145.67,48.69,152.05,1.0,,36.147856,-118.557587,2022,359754.1,4001596.7,22370_51403
CASTLE,17_22370_51403,72.81,150.12,79.78,158.59,1.0,,36.147856,-118.557587,2022,359754.1,4001596.7,22370_51403
CASTLE,17_22370_51403,65.82,149.03,71.18,155.39,1.0,,36.147856,-118.557587,2022,359754.1,4001596.7,22370_51403
CASTLE,17_22370_51403,112.0,136.33,117.31,141.66,1.0,,36.147856,-118.557587,2022,359754.1,4001596.7,22370_51403
CASTLE,17_22370_51403,98.75,117.83,106.19,125.3,1.0,,36.147856,-118.557587,2022,359754.1,4001596.7,22370_51403
CASTLE,17_22370_51403,95.75,122.81,102.15,129.72,1.0,,36.147856,-118.557587,2022,359754.1,4001596.7,22370_51403
CASTLE,17_22370_51403,112.05,146.3,118.38,151.68,1.0,,36.147856,-118.557587,2022,359754.1,4001596.7,22370_51403
CASTLE,17_22370_51403,124.25,151.21,131.64,157.66,1.0,,36.147856,-118.557587,2022,359754.1,4001596.7,22370_51403
CASTLE,17_22370_51403,124.76,146.12,130.6,151.99,1.0,,36.147856,-118.557587,2022,359754.1,4001596.7,22370_51403
CASTLE,17_22370_51403,44.39,159.02,49.08,164.34,1.0,,36.147856,-118.557587,2022,359754.1,4001596.7,22370_51403
CASTLE,17_22370_51403,51.96,221.76,57.36,229.02,1.0,,36.147856,-118.557587,2022,359754.1,4001596.7,22370_51403
CASTLE,17_22370_51403,65.16,231.97,72.5,239.96,1.0,,36.147856,-118.557587,2022,359754.1,4001596.7,22370_51403
CASTLE,17_22370_51403,48.25,226.07,54.93,233.39,1.0,,36.147856,-118.557587,2022,359754.1,4001596.7,22370_51403
CASTLE,17_22370_51403,51.95,230.72,56.64,236.03,1.0,,36.147856,-118.557587,2022,359754.1,4001596.7,22370_51403
CASTLE,17_22370_51403,76.03,246.86,82.65,252.9,1.0,,36.147856,-118.557587,2022,359754.1,4001596.7,22370_51403
CASTLE,17_22370_51403,72.74,240.32,79.45,248.27,1.0,,36.147856,-118.557587,2022,359754.1,4001596.7,22370_51403
CASTLE,17_22370_51403,66.71,249.31,73.3,254.71,1.0,,36.147856,-118.557587,2022,359754.1,4001596.7,22370_51403
CASTLE,17_22370_51403,39.53,179.28,44.97,187.18,1.0,,36.147856,-118.557587,2022,359754.1,4001596.7,22370_51403
CASTLE,17_22370_51403,63.64,183.91,70.23,189.31,1.0,,36.147856,-118.557587,2022,359754.1,4001596.7,22370_51403
CASTLE,17_22370_51403,66.72,177.97,70.83,184.53,1.0,,36.147856,-118.557587,2022,359754.1,4001596.7,22370_51403
CASTLE,17_22370_51403,57.06,181.04,62.4,187.02,1.0,,36.147856,-118.557587,2022,359754.1,4001596.7,22370_51403
CASTLE,17_22370_51403,240.77,242.25,250.18,252.48,1.0,,36.147856,-118.557587,2022,359754.1,4001596.7,22370_51403
CASTLE,17_22370_51403,228.93,191.29,235.78,198.95,1.0,,36.147856,-118.557587,2022,359754.1,4001596.7,22370_51403
CASTLE,17_22370_51403,234.77,207.95,241.55,213.98,1.0,,36.147856,-118.557587,2022,359754.1,4001596.7,22370_51403
CASTLE,17_22370_51403,232.18,202.91,238.11,208.08,1.0,,36.147856,-118.557587,2022,359754.1,4001596.7,22370_51403
CASTLE,17_22370_51403,237.86,202.76,243.01,208.72,1.0,,36.147856,-118.557587,2022,359754.1,4001596.7,22370_51403
CASTLE,17_22370_51403,241.23,201.28,247.16,206.45,1.0,,36.147856,-118.557587,2022,359754.1,4001596.7,22370_51403
CASTLE,17_22370_51403,249.98,251.27,256.0,256.0,1.0,,36.147856,-118.557587,2022,359754.1,4001596.7,22370_51403
CASTLE,17_22370_51403,243.58,209.18,252.1,217.74,1.0,,36.147856,-118.557587,2022,359754.1,4001596.7,22370_51403
CASTLE,17_22370_51403,241.42,207.02,249.75,211.49,1.0,,36.147856,-118.557587,2022,359754.1,4001596.7,22370_51403
CASTLE,17_22370_51403,246.4,202.75,252.4,209.56,1.0,,36.147856,-118.557587,2022,359754.1,4001596.7,22370_51403
CASTLE,17_22370_51403,246.96,192.93,251.22,197.21,1.0,,36.147856,-118.557587,2022,359754.1,4001596.7,22370_51403
CASTLE,17_22370_51403,191.51,136.7,195.02,142.57,1.0,,36.147856,-118.557587,2022,359754.1,4001596.7,22370_51403
CASTLE,17_22370_51403,169.2,139.36,179.38,148.81,1.0,,36.147856,-118.557587,2022,359754.1,4001596.7,22370_51403
CASTLE,17_22370_51403,131.42,137.21,138.28,144.87,1.0,,36.147856,-118.557587,2022,359754.1,4001596.7,22370_51403
CASTLE,17_22370_51403,155.81,56.02,162.38,63.48,1.0,,36.147856,-118.557587,2022,359754.1,4001596.7,22370_51403
CASTLE,17_22370_51403,157.79,63.29,167.86,69.12,1.0,,36.147856,-118.557587,2022,359754.1,4001596.7,22370_51403
CASTLE,17_22370_51403,155.6,68.59,168.5,78.13,1.0,,36.147856,-118.557587,2022,359754.1,4001596.7,22370_51403
CASTLE,17_22370_51403,172.9,83.31,181.26,90.85,1.0,,36.147856,-118.557587,2022,359754.1,4001596.7,22370_51403
CASTLE,17_22370_51403,168.92,80.43,175.58,89.69,1.0,,36.147856,-118.557587,2022,359754.1,4001596.7,22370_51403
CASTLE,17_22370_51403,165.98,75.36,172.68,85.51,1.0,,36.147856,-118.557587,2022,359754.1,4001596.7,22370_51403
CASTLE,17_22370_51403,158.05,77.23,166.33,82.98,1.0,,36.147856,-118.557587,2022,359754.1,4001596.7,22370_51403
CASTLE,17_22370_51403,142.11,69.32,153.27,79.67,1.0,,36.147856,-118.557587,2022,359754.1,4001596.7,22370_51403
CASTLE,17_22370_51403,152.3,54.51,157.98,61.93,1.0,,36.147856,-118.557587,2022,359754.1,4001596.7,22370_51403
CASTLE,17_22370_51403,123.13,28.01,129.67,34.57,1.0,,36.147856,-118.557587,2022,359754.1,4001596.7,22370_51403
CASTLE,17_22370_51403,110.88,31.04,118.35,38.54,1.0,,36.147856,-118.557587,2022,359754.1,4001596.7,22370_51403
CASTLE,17_22370_51403,114.37,24.01,121.8,30.61,1.0,,36.147856,-118.557587,2022,359754.1,4001596.7,22370_51403
CASTLE,17_22370_51403,66.03,74.79,72.52,80.46,1.0,,36.147856,-118.557587,2022,359754.1,4001596.7,22370_51403
CASTLE,17_22370_51403,64.47,70.67,70.03,75.4,1.0,,36.147856,-118.557587,2022,359754.1,4001596.7,22370_51403
CASTLE,17_22370_51403,65.38,80.15,71.83,84.92,1.0,,36.147856,-118.557587,2022,359754.1,4001596.7,22370_51403
CASTLE,17_22370_51403,3.27,83.14,11.76,93.37,1.0,,36.147856,-118.557587,2022,359754.1,4001596.7,22370_51403
CASTLE,17_22370_51403,0.0,67.7,0.85,74.01,1.0,,36.147856,-118.557587,2022,359754.1,4001596.7,22370_51403
CASTLE,17_22370_51403,0.0,64.55,6.79,75.62,1.0,,36.147856,-118.557587,2022,359754.1,4001596.7,22370_51403
CASTLE,17_22370_51403,0.0,61.86,2.45,67.35,1.0,,36.147856,-118.557587,2022,359754.1,4001596.7,22370_51403
CASTLE,17_22370_51403,0.0,58.26,7.08,64.87,1.0,,36.147856,-118.557587,2022,359754.1,4001596.7,22370_51403
CASTLE,17_22370_51403,0.0,53.77,6.39,60.34,1.0,,36.147856,-118.557587,2022,359754.1,4001596.7,22370_51403
CASTLE,17_22370_51403,1.5,47.12,7.14,53.64,1.0,,36.147856,-118.557587,2022,359754.1,4001596.7,22370_51403
CASTLE,17_22370_51403,0.0,31.31,6.97,39.7,1.0,,36.147856,-118.557587,2022,359754.1,4001596.7,22370_51403
CASTLE,17_22370_51403,5.63,75.16,10.34,80.74,1.0,,36.147856,-118.557587,2022,359754.1,4001596.7,22370_51403
CASTLE,17_22370_51403,11.13,82.15,14.94,87.69,1.0,,36.147856,-118.557587,2022,359754.1,4001596.7,22370_51403
CASTLE,17_22370_51403,14.39,86.35,20.11,94.66,1.0,,36.147856,-118.557587,2022,359754.1,4001596.7,22370_51403
CASTLE,17_22370_51403,190.18,97.58,196.71,104.14,1.0,,36.147856,-118.557587,2022,359754.1,4001596.7,22370_51403
CASTLE,17_22370_51403,231.08,82.39,240.34,89.98,1.0,,36.147856,-118.557587,2022,359754.1,4001596.7,22370_51403
CASTLE,17_22370_51403,0.0,77.58,5.31,85.0,1.0,,36.147856,-118.557587,2022,359754.1,4001596.7,22370_51403
CASTLE,17_22370_51403,92.52,127.37,96.8,133.59,1.0,,36.147856,-118.557587,2022,359754.1,4001596.7,22370_51403
CASTLE,17_22370_51403,117.98,141.14,122.26,147.36,1.0,,36.147856,-118.557587,2022,359754.1,4001596.7,22370_51403
CASTLE,17_22370_51403,49.16,196.88,53.59,203.11,1.0,,36.147856,-118.557587,2022,359754.1,4001596.7,22370_51403
CASTLE,17_22370_51403,11.56,157.22,19.25,164.07,1.0,,36.147856,-118.557587,2022,359754.1,4001596.7,22370_51403
CASTLE,17_22370_51403,15.24,167.87,20.16,174.58,1.0,,36.147856,-118.557587,2022,359754.1,4001596.7,22370_51403
CASTLE,17_22394_51382,206.14,130.34,214.99,139.23,1.0,,36.194417,-118.491669,2022,365764.0,4006668.4,22394_51382
CASTLE,17_22394_51382,239.29,86.16,250.4,98.33,1.0,,36.194417,-118.491669,2022,365764.0,4006668.4,22394_51382
CASTLE,17_22394_51382,242.49,98.01,253.55,109.12,1.0,,36.194417,-118.491669,2022,365764.0,4006668.4,22394_51382
CASTLE,17_22394_51382,138.83,26.67,147.77,37.68,1.0,,36.194417,-118.491669,2022,365764.0,4006668.4,22394_51382
CASTLE,17_22394_51382,83.02,10.23,91.87,19.12,1.0,,36.194417,-118.491669,2022,365764.0,4006668.4,22394_51382
CASTLE,17_22394_51382,80.2,4.77,86.83,11.44,1.0,,36.194417,-118.491669,2022,365764.0,4006668.4,22394_51382
CASTLE,17_22394_51382,113.29,56.32,122.04,63.08,1.0,,36.194417,-118.491669,2022,365764.0,4006668.4,22394_51382
CASTLE,17_22394_51382,113.36,51.54,120.15,61.39,1.0,,36.194417,-118.491669,2022,365764.0,4006668.4,22394_51382
CASTLE,17_22394_51382,114.03,37.21,122.92,47.16,1.0,,36.194417,-118.491669,2022,365764.0,4006668.4,22394_51382
CASTLE,17_22394_51382,134.08,39.74,142.93,48.63,1.0,,36.194417,-118.491669,2022,365764.0,4006668.4,22394_51382
CASTLE,17_22394_51382,147.18,33.44,153.82,40.1,1.0,,36.194417,-118.491669,2022,365764.0,4006668.4,22394_51382
CASTLE,17_22394_51382,163.17,19.82,169.81,26.49,1.0,,36.194417,-118.491669,2022,365764.0,4006668.4,22394_51382
CASTLE,17_22394_51382,122.19,41.85,132.24,53.97,1.0,,36.194417,-118.491669,2022,365764.0,4006668.4,22394_51382
CASTLE,17_22394_51382,124.74,55.27,134.8,67.39,1.0,,36.194417,-118.491669,2022,365764.0,4006668.4,22394_51382
CASTLE,17_22394_51382,103.25,78.72,109.88,85.39,1.0,,36.194417,-118.491669,2022,365764.0,4006668.4,22394_51382
CASTLE,17_22394_51382,25.03,214.27,35.85,225.14,1.0,,36.194417,-118.491669,2022,365764.0,4006668.4,22394_51382
CASTLE,17_22394_51382,47.31,180.47,55.03,191.19,1.0,,36.194417,-118.491669,2022,365764.0,4006668.4,22394_51382
CASTLE,17_22394_51382,53.58,181.28,60.17,189.87,1.0,,36.194417,-118.491669,2022,365764.0,4006668.4,22394_51382
CASTLE,17_22394_51382,9.48,193.26,22.32,203.18,1.0,,36.194417,-118.491669,2022,365764.0,4006668.4,22394_51382
CASTLE,17_22394_51382,107.7,196.81,121.57,206.78,1.0,,36.194417,-118.491669,2022,365764.0,4006668.4,22394_51382
CASTLE,17_22394_51382,146.11,168.45,159.14,182.53,1.0,,36.194417,-118.491669,2022,365764.0,4006668.4,22394_51382
CASTLE,17_22394_51382,140.73,179.11,149.33,186.76,1.0,,36.194417,-118.491669,2022,365764.0,4006668.4,22394_51382
CASTLE,17_22394_51382,137.24,186.23,146.93,194.97,1.0,,36.194417,-118.491669,2022,365764.0,4006668.4,22394_51382
CASTLE,17_22394_51382,134.5,152.82,146.4,164.77,1.0,,36.194417,-118.491669,2022,365764.0,4006668.4,22394_51382
CASTLE,17_22394_51382,149.21,145.2,162.29,160.31,1.0,,36.194417,-118.491669,2022,365764.0,4006668.4,22394_51382
CASTLE,17_22394_51382,180.43,81.11,190.12,89.85,1.0,,36.194417,-118.491669,2022,365764.0,4006668.4,22394_51382
CASTLE,17_22394_51382,146.34,109.69,160.31,121.73,1.0,,36.194417,-118.491669,2022,365764.0,4006668.4,22394_51382
CASTLE,17_22394_51382,159.74,101.99,170.51,111.81,1.0,,36.194417,-118.491669,2022,365764.0,4006668.4,22394_51382
CASTLE,17_22394_51382,183.57,91.66,193.26,100.4,1.0,,36.194417,-118.491669,2022,365764.0,4006668.4,22394_51382
CASTLE,17_22394_51382,172.32,88.53,177.87,97.08,1.0,,36.194417,-118.491669,2022,365764.0,4006668.4,22394_51382
CASTLE,17_22394_51382,187.27,57.5,194.84,65.11,1.0,,36.194417,-118.491669,2022,365764.0,4006668.4,22394_51382
CASTLE,17_22394_51382,201.17,79.48,210.91,89.26,1.0,,36.194417,-118.491669,2022,365764.0,4006668.4,22394_51382
CASTLE,17_22394_51382,193.17,74.42,202.86,83.16,1.0,,36.194417,-118.491669,2022,365764.0,4006668.4,22394_51382
CASTLE,17_22394_51382,87.99,31.02,97.68,39.76,1.0,,36.194417,-118.491669,2022,365764.0,4006668.4,22394_51382
CASTLE,17_22394_51382,86.64,25.76,94.3,35.44,1.0,,36.194417,-118.491669,2022,365764.0,4006668.4,22394_51382
CASTLE,17_22394_51382,85.94,23.63,92.33,28.07,1.0,,36.194417,-118.491669,2022,365764.0,4006668.4,22394_51382
CASTLE,17_22394_51382,49.46,0.09,61.31,11.01,1.0,,36.194417,-118.491669,2022,365764.0,4006668.4,22394_51382
CASTLE,17_22394_51382,33.39,0.38,43.17,11.2,1.0,,36.194417,-118.491669,2022,365764.0,4006668.4,22394_51382
CASTLE,17_22394_51382,33.0,55.49,37.52,63.99,1.0,,36.194417,-118.491669,2022,365764.0,4006668.4,22394_51382
CASTLE,17_22394_51382,32.04,77.29,38.58,84.84,1.0,,36.194417,-118.491669,2022,365764.0,4006668.4,22394_51382
CASTLE,17_22394_51382,7.84,86.56,12.26,92.98,1.0,,36.194417,-118.491669,2022,365764.0,4006668.4,22394_51382
CASTLE,17_22394_51382,6.99,94.84,14.46,100.36,1.0,,36.194417,-118.491669,2022,365764.0,4006668.4,22394_51382
CASTLE,17_22394_51382,23.05,89.36,30.77,100.08,1.0,,36.194417,-118.491669,2022,365764.0,4006668.4,22394_51382
CASTLE,17_22394_51382,24.03,83.67,30.52,90.19,1.0,,36.194417,-118.491669,2022,365764.0,4006668.4,22394_51382
CASTLE,17_22394_51382,38.21,66.14,45.83,74.78,1.0,,36.194417,-118.491669,2022,365764.0,4006668.4,22394_51382
CASTLE,17_22394_51382,34.83,63.89,39.21,69.27,1.0,,36.194417,-118.491669,2022,365764.0,4006668.4,22394_51382
CASTLE,17_22394_51382,45.39,46.19,52.96,53.79,1.0,,36.194417,-118.491669,2022,365764.0,4006668.4,22394_51382
CASTLE,17_22394_51382,50.25,31.85,56.74,38.37,1.0,,36.194417,-118.491669,2022,365764.0,4006668.4,22394_51382
CASTLE,17_22394_51382,67.05,4.55,73.54,11.07,1.0,,36.194417,-118.491669,2022,365764.0,4006668.4,22394_51382
CASTLE,17_22394_51382,72.47,9.49,77.97,16.99,1.0,,36.194417,-118.491669,2022,365764.0,4006668.4,22394_51382
CASTLE,17_22394_51382,68.07,15.0,78.74,22.75,1.0,,36.194417,-118.491669,2022,365764.0,4006668.4,22394_51382
CASTLE,17_22394_51382,55.84,11.83,64.39,18.44,1.0,,36.194417,-118.491669,2022,365764.0,4006668.4,22394_51382
CASTLE,17_22394_51382,69.23,110.76,75.87,120.39,1.0,,36.194417,-118.491669,2022,365764.0,4006668.4,22394_51382
CASTLE,17_22394_51382,65.38,74.16,70.83,80.63,1.0,,36.194417,-118.491669,2022,365764.0,4006668.4,22394_51382
CASTLE,17_22394_51382,30.01,112.04,35.42,117.47,1.0,,36.194417,-118.491669,2022,365764.0,4006668.4,22394_51382
CASTLE,17_22394_51382,33.8,106.5,41.37,114.1,1.0,,36.194417,-118.491669,2022,365764.0,4006668.4,22394_51382
CASTLE,17_22394_51382,41.03,106.83,48.6,114.44,1.0,,36.194417,-118.491669,2022,365764.0,4006668.4,22394_51382
CASTLE,17_22394_51382,40.18,115.11,48.73,121.73,1.0,,36.194417,-118.491669,2022,365764.0,4006668.4,22394_51382
CASTLE,17_22394_51382,57.58,71.73,65.24,81.41,1.0,,36.194417,-118.491669,2022,365764.0,4006668.4,22394_51382
CASTLE,17_22394_51382,69.38,88.39,75.87,94.91,1.0,,36.194417,-118.491669,2022,365764.0,4006668.4,22394_51382
CASTLE,17_22394_51382,74.71,83.96,83.32,91.62,1.0,,36.194417,-118.491669,2022,365764.0,4006668.4,22394_51382
CASTLE,17_22394_51382,89.66,71.15,99.44,81.96,1.0,,36.194417,-118.491669,2022,365764.0,4006668.4,22394_51382
CASTLE,17_22394_51382,84.07,92.21,92.77,101.94,1.0,,36.194417,-118.491669,2022,365764.0,4006668.4,22394_51382
CASTLE,17_22394_51382,103.71,96.24,113.3,102.9,1.0,,36.194417,-118.491669,2022,365764.0,4006668.4,22394_51382
CASTLE,17_22394_51382,120.21,81.42,130.04,93.27,1.0,,36.194417,-118.491669,2022,365764.0,4006668.4,22394_51382
CASTLE,17_22394_51382,127.03,93.69,135.68,102.39,1.0,,36.194417,-118.491669,2022,365764.0,4006668.4,22394_51382
CASTLE,17_22394_51382,128.43,82.84,138.26,94.7,1.0,,36.194417,-118.491669,2022,365764.0,4006668.4,22394_51382
CASTLE,17_22394_51382,134.09,87.78,143.72,95.48,1.0,,36.194417,-118.491669,2022,365764.0,4006668.4,22394_51382
CASTLE,17_22394_51382,147.27,83.71,154.79,90.28,1.0,,36.194417,-118.491669,2022,365764.0,4006668.4,22394_51382
CASTLE,17_22394_51382,127.95,196.72,134.54,205.31,1.0,,36.194417,-118.491669,2022,365764.0,4006668.4,22394_51382
CASTLE,17_22394_51382,123.98,236.58,131.65,246.26,1.0,,36.194417,-118.491669,2022,365764.0,4006668.4,22394_51382
CASTLE,17_22394_51382,103.71,239.27,112.37,247.96,1.0,,36.194417,-118.491669,2022,365764.0,4006668.4,22394_51382
CASTLE,17_22394_51382,193.25,217.97,201.9,226.66,1.0,,36.194417,-118.491669,2022,365764.0,4006668.4,22394_51382
CASTLE,17_22394_51382,208.91,203.11,218.64,212.88,1.0,,36.194417,-118.491669,2022,365764.0,4006668.4,22394_51382
CASTLE,17_22394_51382,207.37,191.59,217.1,201.37,1.0,,36.194417,-118.491669,2022,365764.0,4006668.4,22394_51382
CASTLE,17_22394_51382,184.18,199.35,194.99,210.21,1.0,,36.194417,-118.491669,2022,365764.0,4006668.4,22394_51382
CASTLE,17_22394_51382,191.18,195.51,200.87,204.25,1.0,,36.194417,-118.491669,2022,365764.0,4006668.4,22394_51382
CASTLE,17_22394_51382,212.01,180.89,221.74,190.66,1.0,,36.194417,-118.491669,2022,365764.0,4006668.4,22394_51382
CASTLE,17_22394_51382,229.43,183.78,237.15,194.5,1.0,,36.194417,-118.491669,2022,365764.0,4006668.4,22394_51382
CASTLE,17_22394_51382,234.51,197.02,247.39,207.98,1.0,,36.194417,-118.491669,2022,365764.0,4006668.4,22394_51382
CASTLE,17_22394_51382,226.27,197.16,236.0,206.93,1.0,,36.194417,-118.491669,2022,365764.0,4006668.4,22394_51382
CASTLE,17_22394_51382,227.88,208.15,238.6,216.94,1.0,,36.194417,-118.491669,2022,365764.0,4006668.4,22394_51382
CASTLE,17_22394_51382,226.62,177.41,236.4,188.23,1.0,,36.194417,-118.491669,2022,365764.0,4006668.4,22394_51382
CASTLE,17_22394_51382,239.25,184.24,253.16,195.25,1.0,,36.194417,-118.491669,2022,365764.0,4006668.4,22394_51382
CASTLE,17_22394_51382,236.06,177.85,247.77,185.64,1.0,,36.194417,-118.491669,2022,365764.0,4006668.4,22394_51382
CASTLE,17_22394_51382,162.98,235.28,173.65,243.03,1.0,,36.194417,-118.491669,2022,365764.0,4006668.4,22394_51382
CASTLE,17_22394_51382,156.92,232.91,165.48,239.53,1.0,,36.194417,-118.491669,2022,365764.0,4006668.4,22394_51382
CASTLE,17_22394_51382,79.03,235.52,85.62,244.11,1.0,,36.194417,-118.491669,2022,365764.0,4006668.4,22394_51382
CASTLE,17_22394_51382,82.39,219.03,90.0,227.67,1.0,,36.194417,-118.491669,2022,365764.0,4006668.4,22394_51382
CASTLE,17_22394_51382,75.46,210.91,83.13,220.59,1.0,,36.194417,-118.491669,2022,365764.0,4006668.4,22394_51382
CASTLE,17_22394_51382,163.75,194.23,175.55,204.11,1.0,,36.194417,-118.491669,2022,365764.0,4006668.4,22394_51382
CASTLE,17_22394_51382,159.45,199.75,169.08,207.45,1.0,,36.194417,-118.491669,2022,365764.0,4006668.4,22394_51382
CASTLE,17_22394_51382,172.98,201.41,179.37,205.86,1.0,,36.194417,-118.491669,2022,365764.0,4006668.4,22394_51382
CASTLE,17_22394_51382,169.12,224.65,176.74,233.29,1.0,,36.194417,-118.491669,2022,365764.0,4006668.4,22394_51382
CASTLE,17_22394_51382,163.84,218.67,171.32,224.2,1.0,,36.194417,-118.491669,2022,365764.0,4006668.4,22394_51382
CASTLE,17_22394_51382,171.95,230.5,179.57,239.14,1.0,,36.194417,-118.491669,2022,365764.0,4006668.4,22394_51382
CASTLE,17_22394_51382,159.49,221.07,167.06,228.68,1.0,,36.194417,-118.491669,2022,365764.0,4006668.4,22394_51382
CASTLE,17_22394_51382,119.37,201.0,128.12,211.77,1.0,,36.194417,-118.491669,2022,365764.0,4006668.4,22394_51382
CASTLE,17_22394_51382,120.97,111.62,130.71,121.39,1.0,,36.194417,-118.491669,2022,365764.0,4006668.4,22394_51382
CASTLE,17_22394_51382,167.55,112.24,178.32,122.06,1.0,,36.194417,-118.491669,2022,365764.0,4006668.4,22394_51382
CASTLE,17_22394_51382,166.79,120.51,175.35,127.13,1.0,,36.194417,-118.491669,2022,365764.0,4006668.4,22394_51382
CASTLE,17_22394_51382,110.71,110.62,121.43,119.4,1.0,,36.194417,-118.491669,2022,365764.0,4006668.4,22394_51382
CASTLE,17_22394_51382,101.11,106.52,109.72,114.18,1.0,,36.194417,-118.491669,2022,365764.0,4006668.4,22394_51382
CASTLE,17_22394_51382,54.11,144.38,60.84,156.09,1.0,,36.194417,-118.491669,2022,365764.0,4006668.4,22394_51382
CASTLE,17_22394_51382,53.95,153.2,61.47,159.77,1.0,,36.194417,-118.491669,2022,365764.0,4006668.4,22394_51382
CASTLE,17_22394_51382,69.31,146.64,75.76,152.12,1.0,,36.194417,-118.491669,2022,365764.0,4006668.4,22394_51382
CASTLE,17_22394_51382,71.98,151.97,82.75,161.8,1.0,,36.194417,-118.491669,2022,365764.0,4006668.4,22394_51382
CASTLE,17_22394_51382,68.08,158.03,75.74,167.71,1.0,,36.194417,-118.491669,2022,365764.0,4006668.4,22394_51382
CASTLE,17_22394_51382,74.7,162.5,81.23,170.05,1.0,,36.194417,-118.491669,2022,365764.0,4006668.4,22394_51382
CASTLE,17_22394_51382,37.27,130.07,47.0,139.84,1.0,,36.194417,-118.491669,2022,365764.0,4006668.4,22394_51382
CASTLE,17_22394_51382,52.91,128.72,61.57,137.41,1.0,,36.194417,-118.491669,2022,365764.0,4006668.4,22394_51382
CASTLE,17_22394_51382,57.24,124.76,65.89,133.45,1.0,,36.194417,-118.491669,2022,365764.0,4006668.4,22394_51382
CASTLE,17_22394_51382,67.84,122.65,73.25,128.08,1.0,,36.194417,-118.491669,2022,365764.0,4006668.4,22394_51382
CASTLE,17_22394_51382,23.15,60.77,32.09,75.68,1.0,,36.194417,-118.491669,2022,365764.0,4006668.4,22394_51382
CASTLE,17_22394_51382,54.75,98.12,61.43,108.79,1.0,,36.194417,-118.491669,2022,365764.0,4006668.4,22394_51382
CASTLE,17_22394_51382,38.81,33.91,44.22,39.34,1.0,,36.194417,-118.491669,2022,365764.0,4006668.4,22394_51382
CASTLE,17_22394_51382,44.64,32.1,48.96,36.45,1.0,,36.194417,-118.491669,2022,365764.0,4006668.4,22394_51382
CASTLE,17_22394_51382,43.83,38.31,51.26,42.8,1.0,,36.194417,-118.491669,2022,365764.0,4006668.4,22394_51382
CASTLE,17_22394_51382,7.6,26.73,15.03,31.22,1.0,,36.194417,-118.491669,2022,365764.0,4006668.4,22394_51382
CASTLE,17_22394_51382,21.3,39.86,28.92,48.5,1.0,,36.194417,-118.491669,2022,365764.0,4006668.4,22394_51382
CASTLE,17_22394_51382,31.0,44.99,37.49,51.51,1.0,,36.194417,-118.491669,2022,365764.0,4006668.4,22394_51382
CASTLE,17_22394_51382,55.41,21.17,59.83,27.59,1.0,,36.194417,-118.491669,2022,365764.0,4006668.4,22394_51382
CASTLE,17_22394_51382,79.83,41.55,85.29,48.02,1.0,,36.194417,-118.491669,2022,365764.0,4006668.4,22394_51382
CASTLE,17_22394_51382,141.23,0.74,147.77,8.29,1.0,,36.194417,-118.491669,2022,365764.0,4006668.4,22394_51382
CASTLE,17_22394_51382,188.84,2.44,197.39,9.06,1.0,,36.194417,-118.491669,2022,365764.0,4006668.4,22394_51382
CASTLE,17_22394_51382,156.14,3.0,163.71,10.6,1.0,,36.194417,-118.491669,2022,365764.0,4006668.4,22394_51382
CASTLE,17_22394_51382,162.49,0.17,170.06,7.78,1.0,,36.194417,-118.491669,2022,365764.0,4006668.4,22394_51382
CASTLE,17_22394_51382,220.75,4.46,228.37,13.1,1.0,,36.194417,-118.491669,2022,365764.0,4006668.4,22394_51382
CASTLE,17_22394_51382,217.53,30.31,225.1,37.92,1.0,,36.194417,-118.491669,2022,365764.0,4006668.4,22394_51382
CASTLE,17_22394_51382,235.19,48.31,244.98,59.12,1.0,,36.194417,-118.491669,2022,365764.0,4006668.4,22394_51382
CASTLE,17_22394_51382,222.84,50.84,229.33,57.36,1.0,,36.194417,-118.491669,2022,365764.0,4006668.4,22394_51382
CASTLE,17_22394_51382,216.29,45.86,226.96,53.61,1.0,,36.194417,-118.491669,2022,365764.0,4006668.4,22394_51382
CASTLE,17_22394_51382,211.73,34.72,217.14,40.15,1.0,,36.194417,-118.491669,2022,365764.0,4006668.4,22394_51382
CASTLE,17_22394_51382,207.17,27.23,216.96,38.05,1.0,,36.194417,-118.491669,2022,365764.0,4006668.4,22394_51382
CASTLE,17_22394_51382,208.83,41.34,215.27,46.82,1.0,,36.194417,-118.491669,2022,365764.0,4006668.4,22394_51382
CASTLE,17_22394_51382,204.93,45.33,212.5,52.93,1.0,,36.194417,-118.491669,2022,365764.0,4006668.4,22394_51382
CASTLE,17_22394_51382,146.57,95.65,156.3,105.43,1.0,,36.194417,-118.491669,2022,365764.0,4006668.4,22394_51382
CASTLE,17_22394_51382,152.35,95.92,161.99,103.62,1.0,,36.194417,-118.491669,2022,365764.0,4006668.4,22394_51382
CASTLE,17_22394_51382,156.46,73.23,162.01,81.77,1.0,,36.194417,-118.491669,2022,365764.0,4006668.4,22394_51382
CASTLE,17_22394_51382,163.16,54.81,170.63,60.34,1.0,,36.194417,-118.491669,2022,365764.0,4006668.4,22394_51382
CASTLE,17_22394_51382,156.19,45.65,164.84,54.34,1.0,,36.194417,-118.491669,2022,365764.0,4006668.4,22394_51382
CASTLE,17_22394_51382,163.96,46.53,170.5,54.09,1.0,,36.194417,-118.491669,2022,365764.0,4006668.4,22394_51382
CASTLE,17_22394_51382,170.7,50.48,173.95,53.74,1.0,,36.194417,-118.491669,2022,365764.0,4006668.4,22394_51382
CASTLE,17_22394_51382,178.86,39.94,184.27,45.37,1.0,,36.194417,-118.491669,2022,365764.0,4006668.4,22394_51382
CASTLE,17_22394_51382,176.89,34.65,183.48,43.25,1.0,,36.194417,-118.491669,2022,365764.0,4006668.4,22394_51382
CASTLE,17_22394_51382,174.22,24.13,180.86,33.76,1.0,,36.194417,-118.491669,2022,365764.0,4006668.4,22394_51382
CASTLE,17_22394_51382,179.76,31.66,185.17,37.09,1.0,,36.194417,-118.491669,2022,365764.0,4006668.4,22394_51382
CASTLE,17_22394_51382,185.89,35.58,190.17,38.89,1.0,,36.194417,-118.491669,2022,365764.0,4006668.4,22394_51382
CASTLE,17_22394_51382,185.11,39.19,189.49,44.58,1.0,,36.194417,-118.491669,2022,365764.0,4006668.4,22394_51382
CASTLE,17_22394_51382,187.3,35.66,194.82,42.22,1.0,,36.194417,-118.491669,2022,365764.0,4006668.4,22394_51382
CASTLE,17_22394_51382,231.62,72.58,237.13,80.09,1.0,,36.194417,-118.491669,2022,365764.0,4006668.4,22394_51382
CASTLE,17_22394_51382,219.5,75.14,230.27,84.96,1.0,,36.194417,-118.491669,2022,365764.0,4006668.4,22394_51382
CASTLE,17_22394_51382,211.3,97.63,220.94,105.33,1.0,,36.194417,-118.491669,2022,365764.0,4006668.4,22394_51382
CASTLE,17_22394_51382,222.79,95.57,232.43,103.27,1.0,,36.194417,-118.491669,2022,365764.0,4006668.4,22394_51382
CASTLE,17_22394_51382,208.48,143.28,218.31,155.13,1.0,,36.194417,-118.491669,2022,365764.0,4006668.4,22394_51382
CASTLE,17_22394_51382,214.82,145.65,220.28,152.11,1.0,,36.194417,-118.491669,2022,365764.0,4006668.4,22394_51382
CASTLE,17_22394_51382,13.5,132.07,18.95,138.54,1.0,,36.194417,-118.491669,2022,365764.0,4006668.4,22394_51382
CASTLE,17_22394_51382,7.56,119.84,19.51,132.83,1.0,,36.194417,-118.491669,2022,365764.0,4006668.4,22394_51382
CASTLE,17_22394_51382,3.48,126.92,9.87,131.36,1.0,,36.194417,-118.491669,2022,365764.0,4006668.4,22394_51382
CASTLE,17_22394_51382,7.1,101.61,12.6,109.11,1.0,,36.194417,-118.491669,2022,365764.0,4006668.4,22394_51382
CASTLE,17_22394_51382,4.1,133.71,9.56,140.18,1.0,,36.194417,-118.491669,2022,365764.0,4006668.4,22394_51382
CASTLE,17_22394_51382,0.0,132.99,0.8,142.36,1.0,,36.194417,-118.491669,2022,365764.0,4006668.4,22394_51382
CASTLE,17_22394_51382,13.49,144.55,18.89,149.98,1.0,,36.194417,-118.491669,2022,365764.0,4006668.4,22394_51382
CASTLE,17_22394_51382,17.2,141.6,23.69,148.12,1.0,,36.194417,-118.491669,2022,365764.0,4006668.4,22394_51382
CASTLE,17_22394_51382,28.41,132.25,36.03,140.89,1.0,,36.194417,-118.491669,2022,365764.0,4006668.4,22394_51382
CASTLE,17_22394_51382,22.14,135.59,29.66,142.16,1.0,,36.194417,-118.491669,2022,365764.0,4006668.4,22394_51382
CASTLE,17_22394_51382,48.96,138.93,56.43,144.45,1.0,,36.194417,-118.491669,2022,365764.0,4006668.4,22394_51382
CASTLE,17_22394_51382,38.43,143.63,46.89,148.17,1.0,,36.194417,-118.491669,2022,365764.0,4006668.4,22394_51382
CASTLE,17_22394_51382,129.81,132.32,139.59,143.13,1.0,,36.194417,-118.491669,2022,365764.0,4006668.4,22394_51382
CASTLE,17_22394_51382,127.38,141.04,139.18,150.92,1.0,,36.194417,-118.491669,2022,365764.0,4006668.4,22394_51382
CASTLE,17_22394_51382,71.65,137.91,77.2,146.46,1.0,,36.194417,-118.491669,2022,365764.0,4006668.4,22394_51382
CASTLE,17_22394_51382,77.52,138.18,82.88,142.57,1.0,,36.194417,-118.491669,2022,365764.0,4006668.4,22394_51382
CASTLE,17_22394_51382,79.36,128.91,83.83,136.37,1.0,,36.194417,-118.491669,2022,365764.0,4006668.4,22394_51382
CASTLE,17_22394_51382,75.83,119.89,82.17,123.3,1.0,,36.194417,-118.491669,2022,365764.0,4006668.4,22394_51382
CASTLE,17_22394_51382,83.64,103.63,89.14,111.13,1.0,,36.194417,-118.491669,2022,365764.0,4006668.4,22394_51382
CASTLE,17_22394_51382,73.87,102.13,80.41,109.68,1.0,,36.194417,-118.491669,2022,365764.0,4006668.4,22394_51382
CASTLE,17_22394_51382,67.86,98.72,74.35,105.24,1.0,,36.194417,-118.491669,2022,365764.0,4006668.4,22394_51382
CASTLE,17_22394_51382,48.72,163.37,57.37,172.06,1.0,,36.194417,-118.491669,2022,365764.0,4006668.4,22394_51382
CASTLE,17_22394_51382,48.12,157.09,53.52,162.52,1.0,,36.194417,-118.491669,2022,365764.0,4006668.4,22394_51382
CASTLE,17_22394_51382,23.39,154.37,28.8,159.81,1.0,,36.194417,-118.491669,2022,365764.0,4006668.4,22394_51382
CASTLE,17_22394_51382,33.6,158.49,42.06,163.03,1.0,,36.194417,-118.491669,2022,365764.0,4006668.4,22394_51382
CASTLE,17_22394_51382,33.31,162.64,40.84,169.21,1.0,,36.194417,-118.491669,2022,365764.0,4006668.4,22394_51382
CASTLE,17_22394_51382,31.61,152.68,38.19,161.28,1.0,,36.194417,-118.491669,2022,365764.0,4006668.4,22394_51382
CASTLE,17_22394_51382,27.46,163.93,34.05,172.53,1.0,,36.194417,-118.491669,2022,365764.0,4006668.4,22394_51382
CASTLE,17_22394_51382,17.2,161.89,24.82,170.53,1.0,,36.194417,-118.491669,2022,365764.0,4006668.4,22394_51382
CASTLE,17_22394_51382,24.04,188.2,28.27,190.47,1.0,,36.194417,-118.491669,2022,365764.0,4006668.4,22394_51382
CASTLE,17_22394_51382,36.4,173.19,42.94,180.75,1.0,,36.194417,-118.491669,2022,365764.0,4006668.4,22394_51382
CASTLE,17_22394_51382,41.34,168.22,47.83,174.74,1.0,,36.194417,-118.491669,2022,365764.0,4006668.4,22394_51382
CASTLE,17_22394_51382,30.72,170.85,38.38,180.53,1.0,,36.194417,-118.491669,2022,365764.0,4006668.4,22394_51382
CASTLE,17_22394_51382,19.47,170.84,23.89,177.26,1.0,,36.194417,-118.491669,2022,365764.0,4006668.4,22394_51382
CASTLE,17_22394_51382,11.01,172.53,18.63,181.17,1.0,,36.194417,-118.491669,2022,365764.0,4006668.4,22394_51382
CASTLE,17_22394_51382,7.31,188.47,11.68,193.85,1.0,,36.194417,-118.491669,2022,365764.0,4006668.4,22394_51382
CASTLE,17_22394_51382,7.57,182.76,17.11,188.38,1.0,,36.194417,-118.491669,2022,365764.0,4006668.4,22394_51382
CASTLE,17_22394_51382,14.22,180.48,22.92,190.21,1.0,,36.194417,-118.491669,2022,365764.0,4006668.4,22394_51382
CASTLE,17_22394_51382,20.68,177.14,31.35,184.89,1.0,,36.194417,-118.491669,2022,365764.0,4006668.4,22394_51382
CASTLE,17_22394_51382,20.8,191.72,29.65,204.56,1.0,,36.194417,-118.491669,2022,365764.0,4006668.4,22394_51382
CASTLE,17_22394_51382,16.09,209.17,22.63,216.72,1.0,,36.194417,-118.491669,2022,365764.0,4006668.4,22394_51382
CASTLE,17_22394_51382,21.26,208.37,27.84,216.96,1.0,,36.194417,-118.491669,2022,365764.0,4006668.4,22394_51382
CASTLE,17_22394_51382,36.89,214.31,46.72,226.16,1.0,,36.194417,-118.491669,2022,365764.0,4006668.4,22394_51382
CASTLE,17_22394_51382,204.93,237.24,212.4,242.77,1.0,,36.194417,-118.491669,2022,365764.0,4006668.4,22394_51382
CASTLE,17_22394_51382,194.22,230.5,202.87,239.19,1.0,,36.194417,-118.491669,2022,365764.0,4006668.4,22394_51382
CASTLE,17_22394_51382,186.96,234.83,191.29,239.18,1.0,,36.194417,-118.491669,2022,365764.0,4006668.4,22394_51382
CASTLE,17_22394_51382,206.79,229.53,214.31,236.09,1.0,,36.194417,-118.491669,2022,365764.0,4006668.4,22394_51382
CASTLE,17_22394_51382,211.74,232.36,221.43,241.1,1.0,,36.194417,-118.491669,2022,365764.0,4006668.4,22394_51382
CASTLE,17_22394_51382,208.72,240.54,220.52,250.42,1.0,,36.194417,-118.491669,2022,365764.0,4006668.4,22394_51382
CASTLE,17_22394_51382,213.25,223.07,219.79,230.62,1.0,,36.194417,-118.491669,2022,365764.0,4006668.4,22394_51382
CASTLE,17_22394_51382,213.49,216.84,219.05,225.39,1.0,,36.194417,-118.491669,2022,365764.0,4006668.4,22394_51382
CASTLE,17_22394_51382,198.32,180.75,204.67,184.16,1.0,,36.194417,-118.491669,2022,365764.0,4006668.4,22394_51382
CASTLE,17_22394_51382,245.94,211.59,251.4,218.06,1.0,,36.194417,-118.491669,2022,365764.0,4006668.4,22394_51382
CASTLE,17_22394_51382,250.49,237.29,255.9,242.72,1.0,,36.194417,-118.491669,2022,365764.0,4006668.4,22394_51382
CASTLE,17_22394_51382,242.3,234.31,249.82,240.87,1.0,,36.194417,-118.491669,2022,365764.0,4006668.4,22394_51382
CASTLE,17_22394_51382,244.8,225.06,251.29,231.58,1.0,,36.194417,-118.491669,2022,365764.0,4006668.4,22394_51382
CASTLE,17_22394_51382,239.46,228.45,244.92,234.92,1.0,,36.194417,-118.491669,2022,365764.0,4006668.4,22394_51382
CASTLE,17_22394_51382,243.34,222.91,249.83,229.43,1.0,,36.194417,-118.491669,2022,365764.0,4006668.4,22394_51382
CASTLE,17_22394_51382,236.29,232.98,240.57,236.29,1.0,,36.194417,-118.491669,2022,365764.0,4006668.4,22394_51382
CASTLE,17_22394_51382,235.45,249.07,242.92,254.59,1.0,,36.194417,-118.491669,2022,365764.0,4006668.4,22394_51382
CASTLE,17_22394_51382,237.19,243.95,244.71,250.52,1.0,,36.194417,-118.491669,2022,365764.0,4006668.4,22394_51382
CASTLE,17_22394_51382,227.89,244.55,238.46,250.23,1.0,,36.194417,-118.491669,2022,365764.0,4006668.4,22394_51382
CASTLE,17_22394_51382,220.39,223.41,231.16,233.23,1.0,,36.194417,-118.491669,2022,365764.0,4006668.4,22394_51382
CASTLE,17_22394_51382,217.6,216.52,228.37,226.34,1.0,,36.194417,-118.491669,2022,365764.0,4006668.4,22394_51382
CASTLE,17_22394_51382,226.71,142.05,235.45,152.82,1.0,,36.194417,-118.491669,2022,365764.0,4006668.4,22394_51382
CASTLE,17_22394_51382,159.7,181.04,168.4,190.77,1.0,,36.194417,-118.491669,2022,365764.0,4006668.4,22394_51382
CASTLE,17_22394_51382,167.72,177.77,174.25,185.33,1.0,,36.194417,-118.491669,2022,365764.0,4006668.4,22394_51382
CASTLE,17_22394_51382,170.25,176.85,182.05,186.73,1.0,,36.194417,-118.491669,2022,365764.0,4006668.4,22394_51382
CASTLE,17_22394_51382,180.38,172.64,192.08,180.44,1.0,,36.194417,-118.491669,2022,365764.0,4006668.4,22394_51382
CASTLE,17_22394_51382,228.43,171.78,239.25,182.64,1.0,,36.194417,-118.491669,2022,365764.0,4006668.4,22394_51382
CASTLE,17_22394_51382,154.89,242.18,160.39,249.69,1.0,,36.194417,-118.491669,2022,365764.0,4006668.4,22394_51382
CASTLE,17_22394_51382,144.63,241.18,150.08,247.65,1.0,,36.194417,-118.491669,2022,365764.0,4006668.4,22394_51382
CASTLE,17_22394_51382,137.86,242.94,143.27,248.37,1.0,,36.194417,-118.491669,2022,365764.0,4006668.4,22394_51382
CASTLE,17_22394_51382,139.76,247.71,144.09,252.05,1.0,,36.194417,-118.491669,2022,365764.0,4006668.4,22394_51382
CASTLE,17_22394_51382,152.56,247.79,161.16,255.45,1.0,,36.194417,-118.491669,2022,365764.0,4006668.4,22394_51382
CASTLE,17_22394_51382,160.8,251.81,169.26,256.0,1.0,,36.194417,-118.491669,2022,365764.0,4006668.4,22394_51382
CASTLE,17_22394_51382,179.96,248.56,193.74,256.0,1.0,,36.194417,-118.491669,2022,365764.0,4006668.4,22394_51382
CASTLE,17_22394_51382,248.42,203.91,254.86,209.38,1.0,,36.194417,-118.491669,2022,365764.0,4006668.4,22394_51382
CASTLE,17_22394_51382,248.79,229.41,255.23,234.89,1.0,,36.194417,-118.491669,2022,365764.0,4006668.4,22394_51382
CASTLE,17_22394_51382,236.52,238.19,240.84,242.54,1.0,,36.194417,-118.491669,2022,365764.0,4006668.4,22394_51382
CASTLE,17_22394_51382,230.64,240.0,235.06,246.42,1.0,,36.194417,-118.491669,2022,365764.0,4006668.4,22394_51382
CASTLE,17_22394_51382,204.54,247.62,209.85,250.97,1.0,,36.194417,-118.491669,2022,365764.0,4006668.4,22394_51382
CASTLE,17_22394_51382,211.03,249.49,214.43,256.0,1.0,,36.194417,-118.491669,2022,365764.0,4006668.4,22394_51382
CASTLE,17_22394_51382,124.61,248.57,135.23,255.28,1.0,,36.194417,-118.491669,2022,365764.0,4006668.4,22394_51382
CASTLE,17_22394_51382,115.22,235.65,123.93,245.38,1.0,,36.194417,-118.491669,2022,365764.0,4006668.4,22394_51382
CASTLE,17_22394_51382,109.08,246.28,118.77,255.02,1.0,,36.194417,-118.491669,2022,365764.0,4006668.4,22394_51382
CASTLE,17_22394_51382,117.47,243.04,125.14,252.72,1.0,,36.194417,-118.491669,2022,365764.0,4006668.4,22394_51382
CASTLE,17_22394_51382,114.2,253.27,122.59,256.0,1.0,,36.194417,-118.491669,2022,365764.0,4006668.4,22394_51382
CASTLE,17_22394_51382,85.0,151.54,91.58,160.13,1.0,,36.194417,-118.491669,2022,365764.0,4006668.4,22394_51382
CASTLE,17_22394_51382,115.0,144.1,119.38,149.48,1.0,,36.194417,-118.491669,2022,365764.0,4006668.4,22394_51382
CASTLE,17_22394_51382,107.3,141.66,113.79,148.17,1.0,,36.194417,-118.491669,2022,365764.0,4006668.4,22394_51382
CASTLE,17_22394_51382,112.12,139.28,117.53,144.71,1.0,,36.194417,-118.491669,2022,365764.0,4006668.4,22394_51382
CASTLE,17_22394_51382,105.03,136.87,110.39,141.26,1.0,,36.194417,-118.491669,2022,365764.0,4006668.4,22394_51382
CASTLE,17_22394_51382,81.61,111.86,86.18,121.39,1.0,,36.194417,-118.491669,2022,365764.0,4006668.4,22394_51382
CASTLE,17_22394_51382,90.44,112.27,97.03,120.86,1.0,,36.194417,-118.491669,2022,365764.0,4006668.4,22394_51382
CASTLE,17_22394_51382,140.58,136.46,150.27,145.2,1.0,,36.194417,-118.491669,2022,365764.0,4006668.4,22394_51382
CASTLE,17_22394_51382,139.83,120.3,144.3,127.76,1.0,,36.194417,-118.491669,2022,365764.0,4006668.4,22394_51382
CASTLE,17_22394_51382,125.0,124.66,133.53,133.7,1.0,,36.194417,-118.491669,2022,365764.0,4006668.4,22394_51382
CASTLE,17_22394_51382,156.43,133.85,165.01,143.84,1.0,,36.194417,-118.491669,2022,365764.0,4006668.4,22394_51382
CASTLE,17_22394_51382,163.3,140.19,172.39,150.69,1.0,,36.194417,-118.491669,2022,365764.0,4006668.4,22394_51382
CASTLE,17_22394_51382,167.69,132.21,176.84,144.15,1.0,,36.194417,-118.491669,2022,365764.0,4006668.4,22394_51382
CASTLE,17_22394_51382,163.16,126.44,173.98,133.19,1.0,,36.194417,-118.491669,2022,365764.0,4006668.4,22394_51382
CASTLE,17_22394_51382,183.51,100.9,191.48,107.99,1.0,,36.194417,-118.491669,2022,365764.0,4006668.4,22394_51382
CASTLE,17_22394_51382,198.04,94.6,209.04,105.19,1.0,,36.194417,-118.491669,2022,365764.0,4006668.4,22394_51382
CASTLE,17_22394_51382,216.2,84.37,229.18,96.49,1.0,,36.194417,-118.491669,2022,365764.0,4006668.4,22394_51382
CASTLE,17_22394_51382,117.28,75.58,121.04,80.5,1.0,,36.194417,-118.491669,2022,365764.0,4006668.4,22394_51382
CASTLE,17_22394_51382,119.0,71.5,122.12,75.2,1.0,,36.194417,-118.491669,2022,365764.0,4006668.4,22394_51382
CASTLE,17_22394_51382,104.34,63.97,113.57,72.11,1.0,,36.194417,-118.491669,2022,365764.0,4006668.4,22394_51382
CASTLE,17_22394_51382,110.14,60.38,118.18,68.46,1.0,,36.194417,-118.491669,2022,365764.0,4006668.4,22394_51382
CASTLE,17_22394_51382,113.23,74.5,116.35,78.2,1.0,,36.194417,-118.491669,2022,365764.0,4006668.4,22394_51382
CASTLE,17_22397_51368,182.71,217.24,185.04,220.96,1.0,,36.225442,-118.483429,2022,366557.6,4010098.6,22397_51368
CASTLE,17_22397_51368,165.3,196.47,172.98,206.95,1.0,,36.225442,-118.483429,2022,366557.6,4010098.6,22397_51368
CASTLE,17_22397_51368,174.93,204.89,176.58,209.31,1.0,,36.225442,-118.483429,2022,366557.6,4010098.6,22397_51368
CASTLE,17_22397_51368,183.12,199.11,189.13,204.45,1.0,,36.225442,-118.483429,2022,366557.6,4010098.6,22397_51368
CASTLE,17_22397_51368,194.16,213.41,197.14,215.72,1.0,,36.225442,-118.483429,2022,366557.6,4010098.6,22397_51368
CASTLE,17_22397_51368,199.07,214.37,202.88,218.89,1.0,,36.225442,-118.483429,2022,366557.6,4010098.6,22397_51368
CASTLE,17_22397_51368,205.4,204.14,206.25,207.07,1.0,,36.225442,-118.483429,2022,366557.6,4010098.6,22397_51368
CASTLE,17_22397_51368,211.64,210.6,213.9,212.88,1.0,,36.225442,-118.483429,2022,366557.6,4010098.6,22397_51368
CASTLE,17_22397_51368,216.82,205.04,221.39,210.32,1.0,,36.225442,-118.483429,2022,366557.6,4010098.6,22397_51368
CASTLE,17_22397_51368,225.38,207.62,229.22,212.86,1.0,,36.225442,-118.483429,2022,366557.6,4010098.6,22397_51368
CASTLE,17_22397_51368,230.44,223.11,235.0,228.38,1.0,,36.225442,-118.483429,2022,366557.6,4010098.6,22397_51368
CASTLE,17_22397_51368,227.22,215.33,228.87,219.75,1.0,,36.225442,-118.483429,2022,366557.6,4010098.6,22397_51368
CASTLE,17_22397_51368,215.98,238.04,220.57,244.04,1.0,,36.225442,-118.483429,2022,366557.6,4010098.6,22397_51368
CASTLE,17_22397_51368,223.34,236.57,227.87,241.12,1.0,,36.225442,-118.483429,2022,366557.6,4010098.6,22397_51368
CASTLE,17_22397_51368,231.52,241.67,233.06,243.91,1.0,,36.225442,-118.483429,2022,366557.6,4010098.6,22397_51368
CASTLE,17_22397_51368,224.38,227.55,230.46,234.34,1.0,,36.225442,-118.483429,2022,366557.6,4010098.6,22397_51368
CASTLE,17_22397_51368,193.55,222.11,198.18,228.83,1.0,,36.225442,-118.483429,2022,366557.6,4010098.6,22397_51368
CASTLE,17_22397_51368,197.07,226.26,201.6,230.81,1.0,,36.225442,-118.483429,2022,366557.6,4010098.6,22397_51368
CASTLE,17_22397_51368,203.14,237.79,204.69,240.04,1.0,,36.225442,-118.483429,2022,366557.6,4010098.6,22397_51368
CASTLE,17_22397_51368,145.93,226.41,152.8,234.69,1.0,,36.225442,-118.483429,2022,366557.6,4010098.6,22397_51368
CASTLE,17_22397_51368,145.37,218.75,148.46,223.24,1.0,,36.225442,-118.483429,2022,366557.6,4010098.6,22397_51368
CASTLE,17_22397_51368,134.59,225.87,137.65,229.63,1.0,,36.225442,-118.483429,2022,366557.6,4010098.6,22397_51368
CASTLE,17_22397_51368,141.44,235.63,145.14,237.97,1.0,,36.225442,-118.483429,2022,366557.6,4010098.6,22397_51368
CASTLE,17_22397_51368,145.34,236.54,148.36,239.57,1.0,,36.225442,-118.483429,2022,366557.6,4010098.6,22397_51368
CASTLE,17_22397_51368,141.59,240.73,152.12,250.62,1.0,,36.225442,-118.483429,2022,366557.6,4010098.6,22397_51368
CASTLE,17_22397_51368,150.52,248.04,153.61,252.52,1.0,,36.225442,-118.483429,2022,366557.6,4010098.6,22397_51368
CASTLE,17_22397_51368,155.77,251.19,158.88,256.0,1.0,,36.225442,-118.483429,2022,366557.6,4010098.6,22397_51368
CASTLE,17_22397_51368,158.16,248.39,164.79,251.6,1.0,,36.225442,-118.483429,2022,366557.6,4010098.6,22397_51368
CASTLE,17_22397_51368,163.49,249.73,165.82,253.46,1.0,,36.225442,-118.483429,2022,366557.6,4010098.6,22397_51368
CASTLE,17_22397_51368,154.48,242.77,156.02,245.01,1.0,,36.225442,-118.483429,2022,366557.6,4010098.6,22397_51368
CASTLE,17_22397_51368,111.16,222.98,122.58,236.53,1.0,,36.225442,-118.483429,2022,366557.6,4010098.6,22397_51368
CASTLE,17_22397_51368,119.44,234.25,122.8,244.53,1.0,,36.225442,-118.483429,2022,366557.6,4010098.6,22397_51368
CASTLE,17_22397_51368,123.66,234.8,128.91,239.38,1.0,,36.225442,-118.483429,2022,366557.6,4010098.6,22397_51368
CASTLE,17_22397_51368,129.43,235.07,133.24,239.59,1.0,,36.225442,-118.483429,2022,366557.6,4010098.6,22397_51368
CASTLE,17_22397_51368,60.59,170.16,66.06,179.66,1.0,,36.225442,-118.483429,2022,366557.6,4010098.6,22397_51368
CASTLE,17_22397_51368,72.21,208.7,81.07,219.2,1.0,,36.225442,-118.483429,2022,366557.6,4010098.6,22397_51368
CASTLE,17_22397_51368,77.91,218.66,81.46,223.03,1.0,,36.225442,-118.483429,2022,366557.6,4010098.6,22397_51368
CASTLE,17_22397_51368,64.32,197.77,71.5,208.2,1.0,,36.225442,-118.483429,2022,366557.6,4010098.6,22397_51368
CASTLE,17_22397_51368,61.27,194.25,65.78,201.18,1.0,,36.225442,-118.483429,2022,366557.6,4010098.6,22397_51368
CASTLE,17_22397_51368,52.47,199.73,55.02,200.69,1.0,,36.225442,-118.483429,2022,366557.6,4010098.6,22397_51368
CASTLE,17_22397_51368,50.87,193.75,56.97,199.08,1.0,,36.225442,-118.483429,2022,366557.6,4010098.6,22397_51368
CASTLE,17_22397_51368,18.79,205.76,24.89,211.09,1.0,,36.225442,-118.483429,2022,366557.6,4010098.6,22397_51368
CASTLE,17_22397_51368,24.46,211.93,27.13,215.42,1.0,,36.225442,-118.483429,2022,366557.6,4010098.6,22397_51368
CASTLE,17_22397_51368,33.36,216.15,43.73,223.37,1.0,,36.225442,-118.483429,2022,366557.6,4010098.6,22397_51368
CASTLE,17_22397_51368,42.48,221.22,44.36,225.51,1.0,,36.225442,-118.483429,2022,366557.6,4010098.6,22397_51368
CASTLE,17_22397_51368,45.22,224.73,47.98,229.9,1.0,,36.225442,-118.483429,2022,366557.6,4010098.6,22397_51368
CASTLE,17_22397_51368,53.05,221.71,55.68,224.36,1.0,,36.225442,-118.483429,2022,366557.6,4010098.6,22397_51368
CASTLE,17_22397_51368,189.81,182.11,194.96,184.87,1.0,,36.225442,-118.483429,2022,366557.6,4010098.6,22397_51368
CASTLE,17_22397_51368,196.54,177.79,201.88,184.77,1.0,,36.225442,-118.483429,2022,366557.6,4010098.6,22397_51368
CASTLE,17_22397_51368,202.33,183.12,207.52,186.73,1.0,,36.225442,-118.483429,2022,366557.6,4010098.6,22397_51368
CASTLE,17_22397_51368,210.43,178.86,216.54,184.19,1.0,,36.225442,-118.483429,2022,366557.6,4010098.6,22397_51368
CASTLE,17_22397_51368,202.62,174.28,212.12,180.61,1.0,,36.225442,-118.483429,2022,366557.6,4010098.6,22397_51368
CASTLE,17_22397_51368,200.76,169.96,203.51,175.14,1.0,,36.225442,-118.483429,2022,366557.6,4010098.6,22397_51368
CASTLE,17_22397_51368,208.29,171.58,212.68,175.99,1.0,,36.225442,-118.483429,2022,366557.6,4010098.6,22397_51368
CASTLE,17_22397_51368,209.1,164.02,216.81,167.74,1.0,,36.225442,-118.483429,2022,366557.6,4010098.6,22397_51368
CASTLE,17_22397_51368,58.78,33.18,63.33,36.34,1.0,,36.225442,-118.483429,2022,366557.6,4010098.6,22397_51368
CASTLE,17_22397_51368,63.91,38.61,71.54,44.86,1.0,,36.225442,-118.483429,2022,366557.6,4010098.6,22397_51368
CASTLE,17_22397_51368,81.07,40.52,90.24,48.32,1.0,,36.225442,-118.483429,2022,366557.6,4010098.6,22397_51368
CASTLE,17_22397_51368,93.22,34.43,100.11,40.65,1.0,,36.225442,-118.483429,2022,366557.6,4010098.6,22397_51368
CASTLE,17_22397_51368,107.7,42.13,113.02,46.07,1.0,,36.225442,-118.483429,2022,366557.6,4010098.6,22397_51368
CASTLE,17_22397_51368,135.82,66.04,148.73,75.49,1.0,,36.225442,-118.483429,2022,366557.6,4010098.6,22397_51368
CASTLE,17_22397_51368,141.57,82.21,148.36,86.21,1.0,,36.225442,-118.483429,2022,366557.6,4010098.6,22397_51368
CASTLE,17_22397_51368,148.23,82.91,153.86,93.49,1.0,,36.225442,-118.483429,2022,366557.6,4010098.6,22397_51368
CASTLE,17_22397_51368,154.52,89.85,159.8,93.04,1.0,,36.225442,-118.483429,2022,366557.6,4010098.6,22397_51368
CASTLE,17_22397_51368,160.18,70.89,168.78,82.34,1.0,,36.225442,-118.483429,2022,366557.6,4010098.6,22397_51368
CASTLE,17_22397_51368,156.21,54.04,168.45,64.94,1.0,,36.225442,-118.483429,2022,366557.6,4010098.6,22397_51368
CASTLE,17_22397_51368,152.16,33.13,158.38,40.79,1.0,,36.225442,-118.483429,2022,366557.6,4010098.6,22397_51368
CASTLE,17_22397_51368,148.73,37.03,154.15,43.18,1.0,,36.225442,-118.483429,2022,366557.6,4010098.6,22397_51368
CASTLE,17_22397_51368,157.25,38.91,160.33,42.0,1.0,,36.225442,-118.483429,2022,366557.6,4010098.6,22397_51368
CASTLE,17_22397_51368,158.36,44.51,162.28,49.86,1.0,,36.225442,-118.483429,2022,366557.6,4010098.6,22397_51368
CASTLE,17_22397_51368,138.6,36.57,149.37,47.39,1.0,,36.225442,-118.483429,2022,366557.6,4010098.6,22397_51368
CASTLE,17_22397_51368,139.8,42.53,143.58,44.91,1.0,,36.225442,-118.483429,2022,366557.6,4010098.6,22397_51368
CASTLE,17_22397_51368,144.5,26.47,150.59,31.18,1.0,,36.225442,-118.483429,2022,366557.6,4010098.6,22397_51368
CASTLE,17_22397_51368,145.71,24.3,152.53,29.05,1.0,,36.225442,-118.483429,2022,366557.6,4010098.6,22397_51368
CASTLE,17_22397_51368,148.09,29.23,157.09,33.33,1.0,,36.225442,-118.483429,2022,366557.6,4010098.6,22397_51368
CASTLE,17_22397_51368,155.86,21.45,159.67,24.57,1.0,,36.225442,-118.483429,2022,366557.6,4010098.6,22397_51368
CASTLE,17_22397_51368,169.23,28.38,174.82,38.22,1.0,,36.225442,-118.483429,2022,366557.6,4010098.6,22397_51368
CASTLE,17_22397_51368,178.23,20.65,181.45,26.7,1.0,,36.225442,-118.483429,2022,366557.6,4010098.6,22397_51368
CASTLE,17_22397_51368,140.35,6.29,144.16,9.41,1.0,,36.225442,-118.483429,2022,366557.6,4010098.6,22397_51368
CASTLE,17_22397_51368,145.83,2.85,155.73,10.69,1.0,,36.225442,-118.483429,2022,366557.6,4010098.6,22397_51368
CASTLE,17_22397_51368,120.68,11.3,126.24,20.4,1.0,,36.225442,-118.483429,2022,366557.6,4010098.6,22397_51368
CASTLE,17_22397_51368,121.02,8.34,124.91,12.95,1.0,,36.225442,-118.483429,2022,366557.6,4010098.6,22397_51368
CASTLE,17_22397_51368,125.45,11.14,129.93,12.82,1.0,,36.225442,-118.483429,2022,366557.6,4010098.6,22397_51368
CASTLE,17_22397_51368,118.66,30.43,122.41,32.08,1.0,,36.225442,-118.483429,2022,366557.6,4010098.6,22397_51368
CASTLE,17_22397_51368,113.55,25.76,118.94,31.17,1.0,,36.225442,-118.483429,2022,366557.6,4010098.6,22397_51368
CASTLE,17_22397_51368,111.93,13.84,115.07,18.41,1.0,,36.225442,-118.483429,2022,366557.6,4010098.6,22397_51368
CASTLE,17_22397_51368,113.88,5.78,117.66,8.17,1.0,,36.225442,-118.483429,2022,366557.6,4010098.6,22397_51368
CASTLE,17_22397_51368,60.81,6.64,70.08,16.66,1.0,,36.225442,-118.483429,2022,366557.6,4010098.6,22397_51368
CASTLE,17_22397_51368,59.47,0.28,63.38,5.62,1.0,,36.225442,-118.483429,2022,366557.6,4010098.6,22397_51368
CASTLE,17_22397_51368,70.19,6.7,76.34,12.89,1.0,,36.225442,-118.483429,2022,366557.6,4010098.6,22397_51368
CASTLE,17_22397_51368,77.44,10.74,82.05,15.38,1.0,,36.225442,-118.483429,2022,366557.6,4010098.6,22397_51368
CASTLE,17_22397_51368,79.88,4.94,84.53,10.31,1.0,,36.225442,-118.483429,2022,366557.6,4010098.6,22397_51368
CASTLE,17_22397_51368,87.0,8.24,93.22,15.9,1.0,,36.225442,-118.483429,2022,366557.6,4010098.6,22397_51368
CASTLE,17_22397_51368,94.04,1.53,95.75,6.77,1.0,,36.225442,-118.483429,2022,366557.6,4010098.6,22397_51368
CASTLE,17_22397_51368,88.65,21.63,93.34,27.75,1.0,,36.225442,-118.483429,2022,366557.6,4010098.6,22397_51368
CASTLE,17_22397_51368,84.6,31.06,87.75,35.63,1.0,,36.225442,-118.483429,2022,366557.6,4010098.6,22397_51368
CASTLE,17_22397_51368,7.66,32.63,11.4,34.28,1.0,,36.225442,-118.483429,2022,366557.6,4010098.6,22397_51368
CASTLE,17_22397_51368,34.84,22.81,38.02,28.12,1.0,,36.225442,-118.483429,2022,366557.6,4010098.6,22397_51368
CASTLE,17_22397_51368,36.88,9.22,46.01,16.28,1.0,,36.225442,-118.483429,2022,366557.6,4010098.6,22397_51368
CASTLE,17_22397_51368,38.67,3.01,46.3,9.26,1.0,,36.225442,-118.483429,2022,366557.6,4010098.6,22397_51368
CASTLE,17_22397_51368,45.72,12.21,48.83,16.04,1.0,,36.225442,-118.483429,2022,366557.6,4010098.6,22397_51368
CASTLE,17_22397_51368,33.0,1.25,36.81,4.38,1.0,,36.225442,-118.483429,2022,366557.6,4010098.6,22397_51368
CASTLE,17_22397_51368,51.14,5.81,53.55,10.34,1.0,,36.225442,-118.483429,2022,366557.6,4010098.6,22397_51368
CASTLE,17_22397_51368,55.62,6.02,60.9,9.21,1.0,,36.225442,-118.483429,2022,366557.6,4010098.6,22397_51368
CASTLE,17_22397_51368,48.78,25.68,51.89,29.51,1.0,,36.225442,-118.483429,2022,366557.6,4010098.6,22397_51368
CASTLE,17_22397_51368,57.47,62.72,59.75,64.3,1.0,,36.225442,-118.483429,2022,366557.6,4010098.6,22397_51368
CASTLE,17_22397_51368,64.61,56.03,71.47,61.51,1.0,,36.225442,-118.483429,2022,366557.6,4010098.6,22397_51368
CASTLE,17_22397_51368,48.34,69.69,51.32,70.57,1.0,,36.225442,-118.483429,2022,366557.6,4010098.6,22397_51368
CASTLE,17_22397_51368,44.73,60.27,46.97,61.11,1.0,,36.225442,-118.483429,2022,366557.6,4010098.6,22397_51368
CASTLE,17_22397_51368,36.67,58.41,41.89,60.13,1.0,,36.225442,-118.483429,2022,366557.6,4010098.6,22397_51368
CASTLE,17_22397_51368,39.24,62.24,43.92,68.36,1.0,,36.225442,-118.483429,2022,366557.6,4010098.6,22397_51368
CASTLE,17_22397_51368,10.9,71.64,16.22,75.58,1.0,,36.225442,-118.483429,2022,366557.6,4010098.6,22397_51368
CASTLE,17_22397_51368,9.92,66.79,16.81,73.01,1.0,,36.225442,-118.483429,2022,366557.6,4010098.6,22397_51368
CASTLE,17_22397_51368,14.48,64.41,19.14,69.79,1.0,,36.225442,-118.483429,2022,366557.6,4010098.6,22397_51368
CASTLE,17_22397_51368,16.31,54.51,24.01,62.24,1.0,,36.225442,-118.483429,2022,366557.6,4010098.6,22397_51368
CASTLE,17_22397_51368,16.15,40.08,23.94,50.02,1.0,,36.225442,-118.483429,2022,366557.6,4010098.6,22397_51368
CASTLE,17_22397_51368,0.0,51.88,0.57,57.81,1.0,,36.225442,-118.483429,2022,366557.6,4010098.6,22397_51368
CASTLE,17_22397_51368,3.43,19.11,7.24,22.24,1.0,,36.225442,-118.483429,2022,366557.6,4010098.6,22397_51368
CASTLE,17_22397_51368,21.56,0.0,26.92,4.65,1.0,,36.225442,-118.483429,2022,366557.6,4010098.6,22397_51368
CASTLE,17_22397_51368,27.27,15.04,30.28,16.66,1.0,,36.225442,-118.483429,2022,366557.6,4010098.6,22397_51368
CASTLE,17_22397_51368,28.41,19.91,30.79,23.71,1.0,,36.225442,-118.483429,2022,366557.6,4010098.6,22397_51368
CASTLE,17_22397_51368,77.88,87.74,83.26,93.15,1.0,,36.225442,-118.483429,2022,366557.6,4010098.6,22397_51368
CASTLE,17_22397_51368,101.4,10.39,106.76,15.06,1.0,,36.225442,-118.483429,2022,366557.6,4010098.6,22397_51368
CASTLE,17_22397_51368,104.3,3.49,110.39,8.2,1.0,,36.225442,-118.483429,2022,366557.6,4010098.6,22397_51368
CASTLE,17_22397_51368,85.09,171.58,88.04,174.54,1.0,,36.225442,-118.483429,2022,366557.6,4010098.6,22397_51368
CASTLE,17_22397_51368,120.48,164.87,123.39,166.89,1.0,,36.225442,-118.483429,2022,366557.6,4010098.6,22397_51368
CASTLE,17_22397_51368,118.79,195.41,123.38,200.03,1.0,,36.225442,-118.483429,2022,366557.6,4010098.6,22397_51368
CASTLE,17_22397_51368,117.12,200.06,120.34,202.1,1.0,,36.225442,-118.483429,2022,366557.6,4010098.6,22397_51368
CASTLE,17_22397_51368,95.0,196.51,100.23,201.47,1.0,,36.225442,-118.483429,2022,366557.6,4010098.6,22397_51368
CASTLE,17_22397_51368,84.31,195.37,88.19,198.07,1.0,,36.225442,-118.483429,2022,366557.6,4010098.6,22397_51368
CASTLE,17_22397_51368,244.12,212.95,250.47,220.96,1.0,,36.225442,-118.483429,2022,366557.6,4010098.6,22397_51368
CASTLE,17_22397_51368,247.19,222.56,256.0,228.98,1.0,,36.225442,-118.483429,2022,366557.6,4010098.6,22397_51368
CASTLE,17_22397_51368,161.86,218.98,163.62,219.92,1.0,,36.225442,-118.483429,2022,366557.6,4010098.6,22397_51368
CASTLE,17_22397_51368,150.35,208.54,152.95,209.52,1.0,,36.225442,-118.483429,2022,366557.6,4010098.6,22397_51368
CASTLE,17_22397_51368,156.38,202.8,159.22,208.94,1.0,,36.225442,-118.483429,2022,366557.6,4010098.6,22397_51368
CASTLE,17_22397_51368,128.26,221.71,130.05,223.51,1.0,,36.225442,-118.483429,2022,366557.6,4010098.6,22397_51368
CASTLE,17_22397_51368,131.22,222.71,133.86,224.55,1.0,,36.225442,-118.483429,2022,366557.6,4010098.6,22397_51368
CASTLE,17_22397_51368,131.38,217.55,135.81,221.19,1.0,,36.225442,-118.483429,2022,366557.6,4010098.6,22397_51368
CASTLE,17_22397_51368,130.41,208.9,135.79,214.3,1.0,,36.225442,-118.483429,2022,366557.6,4010098.6,22397_51368
CASTLE,17_22397_51368,92.85,226.51,98.1,229.33,1.0,,36.225442,-118.483429,2022,366557.6,4010098.6,22397_51368
CASTLE,17_22397_51368,99.97,235.89,101.96,241.99,1.0,,36.225442,-118.483429,2022,366557.6,4010098.6,22397_51368
CASTLE,17_22397_51368,19.32,236.61,23.15,238.5,1.0,,36.225442,-118.483429,2022,366557.6,4010098.6,22397_51368
CASTLE,17_22397_51368,23.96,239.75,26.08,241.56,1.0,,36.225442,-118.483429,2022,366557.6,4010098.6,22397_51368
CASTLE,17_22397_51368,26.92,243.5,32.22,247.85,1.0,,36.225442,-118.483429,2022,366557.6,4010098.6,22397_51368
CASTLE,17_22397_51368,33.68,246.04,39.28,249.38,1.0,,36.225442,-118.483429,2022,366557.6,4010098.6,22397_51368
CASTLE,17_22397_51368,42.87,244.25,49.62,250.37,1.0,,36.225442,-118.483429,2022,366557.6,4010098.6,22397_51368
CASTLE,17_22397_51368,53.28,245.09,58.47,254.22,1.0,,36.225442,-118.483429,2022,366557.6,4010098.6,22397_51368
CASTLE,17_22397_51368,62.61,239.16,64.39,240.95,1.0,,36.225442,-118.483429,2022,366557.6,4010098.6,22397_51368
CASTLE,17_22397_51368,64.4,237.69,68.9,239.27,1.0,,36.225442,-118.483429,2022,366557.6,4010098.6,22397_51368
CASTLE,17_22397_51368,69.72,231.78,72.76,238.76,1.0,,36.225442,-118.483429,2022,366557.6,4010098.6,22397_51368
CASTLE,17_22397_51368,72.77,229.68,74.91,231.83,1.0,,36.225442,-118.483429,2022,366557.6,4010098.6,22397_51368
CASTLE,17_22397_51368,59.39,230.42,62.57,232.97,1.0,,36.225442,-118.483429,2022,366557.6,4010098.6,22397_51368
CASTLE,17_22397_51368,72.35,223.31,75.55,226.19,1.0,,36.225442,-118.483429,2022,366557.6,4010098.6,22397_51368
CASTLE,17_22397_51368,80.16,239.12,83.02,241.99,1.0,,36.225442,-118.483429,2022,366557.6,4010098.6,22397_51368
CASTLE,17_22397_51368,89.26,239.05,96.17,248.6,1.0,,36.225442,-118.483429,2022,366557.6,4010098.6,22397_51368
CASTLE,17_22397_51368,90.89,234.82,96.88,239.21,1.0,,36.225442,-118.483429,2022,366557.6,4010098.6,22397_51368
CASTLE,17_22397_51368,80.85,248.09,86.87,253.15,1.0,,36.225442,-118.483429,2022,366557.6,4010098.6,22397_51368
CASTLE,17_22397_51368,48.27,215.66,51.13,218.53,1.0,,36.225442,-118.483429,2022,366557.6,4010098.6,22397_51368
CASTLE,17_22397_51368,51.33,213.74,52.76,215.17,1.0,,36.225442,-118.483429,2022,366557.6,4010098.6,22397_51368
CASTLE,17_22397_51368,56.59,219.82,59.48,223.38,1.0,,36.225442,-118.483429,2022,366557.6,4010098.6,22397_51368
CASTLE,17_22397_51368,16.48,126.37,20.64,128.75,1.0,,36.225442,-118.483429,2022,366557.6,4010098.6,22397_51368
CASTLE,17_22397_51368,24.63,138.86,30.85,145.41,1.0,,36.225442,-118.483429,2022,366557.6,4010098.6,22397_51368
CASTLE,17_22397_51368,19.66,141.45,22.91,144.42,1.0,,36.225442,-118.483429,2022,366557.6,4010098.6,22397_51368
CASTLE,17_22397_51368,14.03,142.76,18.94,147.69,1.0,,36.225442,-118.483429,2022,366557.6,4010098.6,22397_51368
CASTLE,17_22397_51368,16.49,153.57,22.66,158.86,1.0,,36.225442,-118.483429,2022,366557.6,4010098.6,22397_51368
CASTLE,17_22397_51368,16.59,149.17,20.83,153.12,1.0,,36.225442,-118.483429,2022,366557.6,4010098.6,22397_51368
CASTLE,17_22397_51368,40.4,139.44,43.98,142.73,1.0,,36.225442,-118.483429,2022,366557.6,4010098.6,22397_51368
CASTLE,17_22397_51368,29.24,131.22,35.43,137.14,1.0,,36.225442,-118.483429,2022,366557.6,4010098.6,22397_51368
CASTLE,17_22397_51368,34.5,126.74,36.12,128.06,1.0,,36.225442,-118.483429,2022,366557.6,4010098.6,22397_51368
CASTLE,17_22397_51368,1.88,121.6,10.83,126.4,1.0,,36.225442,-118.483429,2022,366557.6,4010098.6,22397_51368
CASTLE,17_22397_51368,0.0,126.53,2.55,130.69,1.0,,36.225442,-118.483429,2022,366557.6,4010098.6,22397_51368
CASTLE,17_22397_51368,41.81,126.01,49.59,133.82,1.0,,36.225442,-118.483429,2022,366557.6,4010098.6,22397_51368
CASTLE,17_22397_51368,65.08,131.77,72.14,137.38,1.0,,36.225442,-118.483429,2022,366557.6,4010098.6,22397_51368
CASTLE,17_22397_51368,63.67,152.28,67.16,154.3,1.0,,36.225442,-118.483429,2022,366557.6,4010098.6,22397_51368
CASTLE,17_22397_51368,56.9,147.13,63.67,153.04,1.0,,36.225442,-118.483429,2022,366557.6,4010098.6,22397_51368
CASTLE,17_22397_51368,52.74,149.89,54.39,152.14,1.0,,36.225442,-118.483429,2022,366557.6,4010098.6,22397_51368
CASTLE,17_22397_51368,32.61,158.24,36.45,160.3,1.0,,36.225442,-118.483429,2022,366557.6,4010098.6,22397_51368
CASTLE,17_22397_51368,7.2,161.79,15.11,170.63,1.0,,36.225442,-118.483429,2022,366557.6,4010098.6,22397_51368
CASTLE,17_22397_51368,29.16,102.4,34.7,109.4,1.0,,36.225442,-118.483429,2022,366557.6,4010098.6,22397_51368
CASTLE,17_22397_51368,44.86,95.43,49.62,101.64,1.0,,36.225442,-118.483429,2022,366557.6,4010098.6,22397_51368
CASTLE,17_22397_51368,56.13,89.01,61.33,96.74,1.0,,36.225442,-118.483429,2022,366557.6,4010098.6,22397_51368
CASTLE,17_22397_51368,64.76,117.97,67.47,120.34,1.0,,36.225442,-118.483429,2022,366557.6,4010098.6,22397_51368
CASTLE,17_22397_51368,25.67,115.39,31.1,120.13,1.0,,36.225442,-118.483429,2022,366557.6,4010098.6,22397_51368
CASTLE,17_22397_51368,23.6,107.78,29.21,116.28,1.0,,36.225442,-118.483429,2022,366557.6,4010098.6,22397_51368
CASTLE,17_22397_51368,13.05,114.61,23.09,122.19,1.0,,36.225442,-118.483429,2022,366557.6,4010098.6,22397_51368
CASTLE,17_22397_51368,6.69,104.35,9.92,109.74,1.0,,36.225442,-118.483429,2022,366557.6,4010098.6,22397_51368
CASTLE,17_22397_51368,0.0,103.84,0.97,106.88,1.0,,36.225442,-118.483429,2022,366557.6,4010098.6,22397_51368
CASTLE,17_22397_51368,98.66,102.08,104.76,110.04,1.0,,36.225442,-118.483429,2022,366557.6,4010098.6,22397_51368
CASTLE,17_22397_51368,91.64,93.8,99.15,101.35,1.0,,36.225442,-118.483429,2022,366557.6,4010098.6,22397_51368
CASTLE,17_22397_51368,96.43,90.65,101.46,96.16,1.0,,36.225442,-118.483429,2022,366557.6,4010098.6,22397_51368
CASTLE,17_22397_51368,89.0,91.98,92.53,95.99,1.0,,36.225442,-118.483429,2022,366557.6,4010098.6,22397_51368
CASTLE,17_22397_51368,87.88,101.56,94.23,104.74,1.0,,36.225442,-118.483429,2022,366557.6,4010098.6,22397_51368
CASTLE,17_22397_51368,115.99,125.77,119.02,129.27,1.0,,36.225442,-118.483429,2022,366557.6,4010098.6,22397_51368
CASTLE,17_22397_51368,117.49,123.43,121.52,127.94,1.0,,36.225442,-118.483429,2022,366557.6,4010098.6,22397_51368
CASTLE,17_22397_51368,230.82,30.55,233.99,32.04,1.0,,36.225442,-118.483429,2022,366557.6,4010098.6,22397_51368
CASTLE,17_22397_51368,235.8,32.13,237.71,34.89,1.0,,36.225442,-118.483429,2022,366557.6,4010098.6,22397_51368
CASTLE,17_22397_51368,240.98,12.48,245.74,19.38,1.0,,36.225442,-118.483429,2022,366557.6,4010098.6,22397_51368
CASTLE,17_22397_51368,232.0,7.13,235.75,11.31,1.0,,36.225442,-118.483429,2022,366557.6,4010098.6,22397_51368
CASTLE,17_22397_51368,231.78,12.93,239.92,16.43,1.0,,36.225442,-118.483429,2022,366557.6,4010098.6,22397_51368
CASTLE,17_22397_51368,226.55,19.62,228.05,23.25,1.0,,36.225442,-118.483429,2022,366557.6,4010098.6,22397_51368
CASTLE,17_22397_51368,221.18,16.24,222.64,18.98,1.0,,36.225442,-118.483429,2022,366557.6,4010098.6,22397_51368
CASTLE,17_22397_51368,199.99,18.82,201.81,19.79,1.0,,36.225442,-118.483429,2022,366557.6,4010098.6,22397_51368
CASTLE,17_22397_51368,202.75,15.59,205.52,17.95,1.0,,36.225442,-118.483429,2022,366557.6,4010098.6,22397_51368
CASTLE,17_22397_51368,206.96,10.65,210.2,13.47,1.0,,36.225442,-118.483429,2022,366557.6,4010098.6,22397_51368
CASTLE,17_22397_51368,212.12,10.89,213.53,12.74,1.0,,36.225442,-118.483429,2022,366557.6,4010098.6,22397_51368
CASTLE,17_22397_51368,192.92,44.43,196.16,47.26,1.0,,36.225442,-118.483429,2022,366557.6,4010098.6,22397_51368
CASTLE,17_22397_51368,202.95,48.71,206.65,52.0,1.0,,36.225442,-118.483429,2022,366557.6,4010098.6,22397_51368
CASTLE,17_22397_51368,207.17,41.97,210.97,47.5,1.0,,36.225442,-118.483429,2022,366557.6,4010098.6,22397_51368
CASTLE,17_22397_51368,213.89,45.42,218.16,51.41,1.0,,36.225442,-118.483429,2022,366557.6,4010098.6,22397_51368
CASTLE,17_22397_51368,250.51,43.56,253.87,49.06,1.0,,36.225442,-118.483429,2022,366557.6,4010098.6,22397_51368
CASTLE,17_22397_51368,187.54,54.02,191.26,57.76,1.0,,36.225442,-118.483429,2022,366557.6,4010098.6,22397_51368
CASTLE,17_22397_51368,184.86,49.42,187.25,53.1,1.0,,36.225442,-118.483429,2022,366557.6,4010098.6,22397_51368
CASTLE,17_22397_51368,178.33,54.93,183.86,59.65,1.0,,36.225442,-118.483429,2022,366557.6,4010098.6,22397_51368
CASTLE,17_22397_51368,167.69,11.49,170.53,15.19,1.0,,36.225442,-118.483429,2022,366557.6,4010098.6,22397_51368
CASTLE,17_22397_51368,163.07,10.38,166.79,14.12,1.0,,36.225442,-118.483429,2022,366557.6,4010098.6,22397_51368
CASTLE,17_22397_51368,161.24,3.15,166.9,10.54,1.0,,36.225442,-118.483429,2022,366557.6,4010098.6,22397_51368
CASTLE,17_22397_51368,170.47,8.72,174.66,12.92,1.0,,36.225442,-118.483429,2022,366557.6,4010098.6,22397_51368
CASTLE,17_22397_51368,152.27,0.0,155.92,2.21,1.0,,36.225442,-118.483429,2022,366557.6,4010098.6,22397_51368
CASTLE,17_22397_51368,137.44,0.91,139.4,5.01,1.0,,36.225442,-118.483429,2022,366557.6,4010098.6,22397_51368
CASTLE,17_22397_51368,130.64,1.26,134.48,7.68,1.0,,36.225442,-118.483429,2022,366557.6,4010098.6,22397_51368
CASTLE,17_22397_51368,132.28,7.37,135.98,10.66,1.0,,36.225442,-118.483429,2022,366557.6,4010098.6,22397_51368
CASTLE,17_22397_51368,125.0,73.82,127.75,78.32,1.0,,36.225442,-118.483429,2022,366557.6,4010098.6,22397_51368
CASTLE,17_22397_51368,130.6,65.65,134.15,71.66,1.0,,36.225442,-118.483429,2022,366557.6,4010098.6,22397_51368
CASTLE,17_22397_51368,112.62,81.67,116.43,85.49,1.0,,36.225442,-118.483429,2022,366557.6,4010098.6,22397_51368
CASTLE,17_22397_51368,217.13,123.71,219.84,127.31,1.0,,36.225442,-118.483429,2022,366557.6,4010098.6,22397_51368
CASTLE,17_22397_51368,217.92,131.08,224.12,135.54,1.0,,36.225442,-118.483429,2022,366557.6,4010098.6,22397_51368
CASTLE,17_22397_51368,223.36,135.75,226.0,137.96,1.0,,36.225442,-118.483429,2022,366557.6,4010098.6,22397_51368
CASTLE,17_22397_51368,227.37,138.62,230.04,141.52,1.0,,36.225442,-118.483429,2022,366557.6,4010098.6,22397_51368
CASTLE,17_22397_51368,230.56,131.78,232.79,135.13,1.0,,36.225442,-118.483429,2022,366557.6,4010098.6,22397_51368
CASTLE,17_22397_51368,227.9,127.23,233.11,130.26,1.0,,36.225442,-118.483429,2022,366557.6,4010098.6,22397_51368
CASTLE,17_22397_51368,226.78,127.88,228.22,129.1,1.0,,36.225442,-118.483429,2022,366557.6,4010098.6,22397_51368
CASTLE,17_22397_51368,224.18,125.89,226.81,127.87,1.0,,36.225442,-118.483429,2022,366557.6,4010098.6,22397_51368
CASTLE,17_22397_51368,230.07,115.01,232.41,120.68,1.0,,36.225442,-118.483429,2022,366557.6,4010098.6,22397_51368
CASTLE,17_22397_51368,209.84,128.37,213.02,132.23,1.0,,36.225442,-118.483429,2022,366557.6,4010098.6,22397_51368
CASTLE,17_22397_51368,205.41,131.77,210.65,135.26,1.0,,36.225442,-118.483429,2022,366557.6,4010098.6,22397_51368
CASTLE,17_22397_51368,248.93,129.38,251.33,131.35,1.0,,36.225442,-118.483429,2022,366557.6,4010098.6,22397_51368
CASTLE,17_22397_51368,242.54,125.95,246.5,131.7,1.0,,36.225442,-118.483429,2022,366557.6,4010098.6,22397_51368
CASTLE,17_22397_51368,237.52,108.12,244.38,118.5,1.0,,36.225442,-118.483429,2022,366557.6,4010098.6,22397_51368
CASTLE,17_22397_51368,185.98,138.73,188.68,142.88,1.0,,36.225442,-118.483429,2022,366557.6,4010098.6,22397_51368
CASTLE,17_22397_51368,186.46,145.32,190.13,148.76,1.0,,36.225442,-118.483429,2022,366557.6,4010098.6,22397_51368
CASTLE,17_22397_51368,191.34,143.03,196.52,146.79,1.0,,36.225442,-118.483429,2022,366557.6,4010098.6,22397_51368
CASTLE,17_22397_51368,196.82,142.91,201.56,147.91,1.0,,36.225442,-118.483429,2022,366557.6,4010098.6,22397_51368
CASTLE,17_22397_51368,198.42,150.43,200.58,153.8,1.0,,36.225442,-118.483429,2022,366557.6,4010098.6,22397_51368
CASTLE,17_22397_51368,190.39,149.17,195.1,153.67,1.0,,36.225442,-118.483429,2022,366557.6,4010098.6,22397_51368
CASTLE,17_22397_51368,177.83,133.55,183.25,137.07,1.0,,36.225442,-118.483429,2022,366557.6,4010098.6,22397_51368
CASTLE,17_22397_51368,178.92,137.39,183.33,140.62,1.0,,36.225442,-118.483429,2022,366557.6,4010098.6,22397_51368
CASTLE,17_22397_51368,173.3,142.93,174.65,145.01,1.0,,36.225442,-118.483429,2022,366557.6,4010098.6,22397_51368
CASTLE,17_22397_51368,150.74,126.87,153.91,130.41,1.0,,36.225442,-118.483429,2022,366557.6,4010098.6,22397_51368
CASTLE,17_22397_51368,172.81,114.07,176.01,118.37,1.0,,36.225442,-118.483429,2022,366557.6,4010098.6,22397_51368
CASTLE,17_22397_51368,181.53,121.68,184.72,125.6,1.0,,36.225442,-118.483429,2022,366557.6,4010098.6,22397_51368
CASTLE,17_22397_51368,165.5,127.93,167.45,129.53,1.0,,36.225442,-118.483429,2022,366557.6,4010098.6,22397_51368
CASTLE,17_22397_51368,148.01,145.5,151.16,148.66,1.0,,36.225442,-118.483429,2022,366557.6,4010098.6,22397_51368
CASTLE,17_22397_51368,138.84,124.6,140.81,126.58,1.0,,36.225442,-118.483429,2022,366557.6,4010098.6,22397_51368
CASTLE,17_22397_51368,137.44,119.99,140.27,124.27,1.0,,36.225442,-118.483429,2022,366557.6,4010098.6,22397_51368
CASTLE,17_22397_51368,144.05,117.83,145.66,120.17,1.0,,36.225442,-118.483429,2022,366557.6,4010098.6,22397_51368
CASTLE,17_22397_51368,141.32,116.76,143.25,117.98,1.0,,36.225442,-118.483429,2022,366557.6,4010098.6,22397_51368
CASTLE,17_22397_51368,144.86,109.15,146.81,110.75,1.0,,36.225442,-118.483429,2022,366557.6,4010098.6,22397_51368
CASTLE,17_22397_51368,124.69,118.26,129.78,122.65,1.0,,36.225442,-118.483429,2022,366557.6,4010098.6,22397_51368
CASTLE,17_22397_51368,126.41,127.81,129.15,130.2,1.0,,36.225442,-118.483429,2022,366557.6,4010098.6,22397_51368
CASTLE,17_22397_51368,132.68,125.83,134.72,129.32,1.0,,36.225442,-118.483429,2022,366557.6,4010098.6,22397_51368
CASTLE,17_22397_51368,144.68,135.87,147.46,139.02,1.0,,36.225442,-118.483429,2022,366557.6,4010098.6,22397_51368
CASTLE,17_22397_51368,139.78,139.81,144.06,143.02,1.0,,36.225442,-118.483429,2022,366557.6,4010098.6,22397_51368
CASTLE,17_22397_51368,206.53,85.81,211.89,90.83,1.0,,36.225442,-118.483429,2022,366557.6,4010098.6,22397_51368
CASTLE,17_22397_51368,208.75,99.94,215.64,106.51,1.0,,36.225442,-118.483429,2022,366557.6,4010098.6,22397_51368
CASTLE,17_22397_51368,218.98,96.18,226.29,103.87,1.0,,36.225442,-118.483429,2022,366557.6,4010098.6,22397_51368
CASTLE,17_22397_51368,226.02,101.49,232.84,106.58,1.0,,36.225442,-118.483429,2022,366557.6,4010098.6,22397_51368
CASTLE,17_22397_51368,231.11,93.24,240.94,99.95,1.0,,36.225442,-118.483429,2022,366557.6,4010098.6,22397_51368
CASTLE,17_22397_51368,249.29,83.56,253.9,88.19,1.0,,36.225442,-118.483429,2022,366557.6,4010098.6,22397_51368
CASTLE,17_22397_51368,245.26,106.26,249.53,111.61,1.0,,36.225442,-118.483429,2022,366557.6,4010098.6,22397_51368
CASTLE,17_22397_51368,252.21,93.67,256.0,100.48,1.0,,36.225442,-118.483429,2022,366557.6,4010098.6,22397_51368
CASTLE,17_22397_51368,207.11,122.34,209.63,124.87,1.0,,36.225442,-118.483429,2022,366557.6,4010098.6,22397_51368
CASTLE,17_22397_51368,206.1,114.28,209.63,118.53,1.0,,36.225442,-118.483429,2022,366557.6,4010098.6,22397_51368
CASTLE,17_22397_51368,205.47,109.4,208.19,112.13,1.0,,36.225442,-118.483429,2022,366557.6,4010098.6,22397_51368
CASTLE,17_22397_51368,198.66,103.34,201.95,107.3,1.0,,36.225442,-118.483429,2022,366557.6,4010098.6,22397_51368
CASTLE,17_22397_51368,200.84,110.74,202.65,112.55,1.0,,36.225442,-118.483429,2022,366557.6,4010098.6,22397_51368
CASTLE,17_22397_51368,221.81,112.77,224.7,115.67,1.0,,36.225442,-118.483429,2022,366557.6,4010098.6,22397_51368
CASTLE,17_22397_51368,216.61,109.57,219.14,112.11,1.0,,36.225442,-118.483429,2022,366557.6,4010098.6,22397_51368
CASTLE,17_22397_51368,216.3,136.84,218.56,141.1,1.0,,36.225442,-118.483429,2022,366557.6,4010098.6,22397_51368
CASTLE,17_22397_51368,220.03,138.76,223.66,142.73,1.0,,36.225442,-118.483429,2022,366557.6,4010098.6,22397_51368
CASTLE,17_22397_51368,227.96,146.43,232.65,150.8,1.0,,36.225442,-118.483429,2022,366557.6,4010098.6,22397_51368
CASTLE,17_22397_51368,248.81,135.59,254.6,141.75,1.0,,36.225442,-118.483429,2022,366557.6,4010098.6,22397_51368
CASTLE,17_22397_51368,103.96,202.18,108.21,206.44,1.0,,36.225442,-118.483429,2022,366557.6,4010098.6,22397_51368
CASTLE,17_22397_51368,102.51,202.79,103.95,204.89,1.0,,36.225442,-118.483429,2022,366557.6,4010098.6,22397_51368
CASTLE,17_22397_51368,96.62,208.13,98.79,211.28,1.0,,36.225442,-118.483429,2022,366557.6,4010098.6,22397_51368
CASTLE,17_22397_51368,91.63,206.87,93.09,209.31,1.0,,36.225442,-118.483429,2022,366557.6,4010098.6,22397_51368
CASTLE,17_22397_51368,90.21,203.23,92.75,207.08,1.0,,36.225442,-118.483429,2022,366557.6,4010098.6,22397_51368
CASTLE,17_22397_51368,67.61,204.4,74.72,212.19,1.0,,36.225442,-118.483429,2022,366557.6,4010098.6,22397_51368
CASTLE,17_22397_51368,114.1,184.25,116.4,187.08,1.0,,36.225442,-118.483429,2022,366557.6,4010098.6,22397_51368
CASTLE,17_22397_51368,110.13,182.01,112.96,184.6,1.0,,36.225442,-118.483429,2022,366557.6,4010098.6,22397_51368
CASTLE,17_22397_51368,105.09,181.1,107.7,184.76,1.0,,36.225442,-118.483429,2022,366557.6,4010098.6,22397_51368
CASTLE,17_22397_51368,99.81,174.28,101.72,175.88,1.0,,36.225442,-118.483429,2022,366557.6,4010098.6,22397_51368
CASTLE,17_22397_51368,172.35,109.71,176.59,113.54,1.0,,36.225442,-118.483429,2022,366557.6,4010098.6,22397_51368
CASTLE,17_22397_51368,156.7,105.32,159.09,108.16,1.0,,36.225442,-118.483429,2022,366557.6,4010098.6,22397_51368
CASTLE,17_22397_51368,141.3,95.02,144.58,97.45,1.0,,36.225442,-118.483429,2022,366557.6,4010098.6,22397_51368
CASTLE,17_22397_51368,39.38,193.67,42.59,196.57,1.0,,36.225442,-118.483429,2022,366557.6,4010098.6,22397_51368
CASTLE,17_22397_51368,30.27,191.35,32.74,192.84,1.0,,36.225442,-118.483429,2022,366557.6,4010098.6,22397_51368
CASTLE,17_22397_51368,22.41,196.5,25.28,199.38,1.0,,36.225442,-118.483429,2022,366557.6,4010098.6,22397_51368
CASTLE,17_22397_51368,15.21,186.16,18.03,188.01,1.0,,36.225442,-118.483429,2022,366557.6,4010098.6,22397_51368
CASTLE,17_22397_51368,10.69,188.19,12.96,192.76,1.0,,36.225442,-118.483429,2022,366557.6,4010098.6,22397_51368
CASTLE,17_22397_51368,43.39,180.78,46.18,182.79,1.0,,36.225442,-118.483429,2022,366557.6,4010098.6,22397_51368
CASTLE,17_22397_51368,39.29,182.48,42.97,185.57,1.0,,36.225442,-118.483429,2022,366557.6,4010098.6,22397_51368
CASTLE,17_22397_51368,37.98,172.98,40.59,175.61,1.0,,36.225442,-118.483429,2022,366557.6,4010098.6,22397_51368
CASTLE,17_22397_51368,32.08,181.93,35.17,185.83,1.0,,36.225442,-118.483429,2022,366557.6,4010098.6,22397_51368
CASTLE,17_22397_51368,29.1,185.36,34.06,189.35,1.0,,36.225442,-118.483429,2022,366557.6,4010098.6,22397_51368
CASTLE,17_22397_51368,20.46,177.71,23.05,179.71,1.0,,36.225442,-118.483429,2022,366557.6,4010098.6,22397_51368
CASTLE,17_22397_51368,165.22,181.59,168.27,183.44,1.0,,36.225442,-118.483429,2022,366557.6,4010098.6,22397_51368
CASTLE,17_22397_51368,181.77,159.49,183.57,161.7,1.0,,36.225442,-118.483429,2022,366557.6,4010098.6,22397_51368
CASTLE,17_22397_51368,180.99,154.53,182.31,155.44,1.0,,36.225442,-118.483429,2022,366557.6,4010098.6,22397_51368
CASTLE,17_22397_51368,192.11,163.4,195.73,168.25,1.0,,36.225442,-118.483429,2022,366557.6,4010098.6,22397_51368
CASTLE,17_22397_51368,197.15,155.72,202.05,160.64,1.0,,36.225442,-118.483429,2022,366557.6,4010098.6,22397_51368
CASTLE,17_22397_51368,138.66,190.13,140.23,191.71,1.0,,36.225442,-118.483429,2022,366557.6,4010098.6,22397_51368
CASTLE,17_22397_51368,115.05,180.34,116.62,181.92,1.0,,36.225442,-118.483429,2022,366557.6,4010098.6,22397_51368
CASTLE,17_22397_51368,121.74,173.11,124.1,175.47,1.0,,36.225442,-118.483429,2022,366557.6,4010098.6,22397_51368
CASTLE,17_22397_51368,199.43,248.12,201.07,251.2,1.0,,36.225442,-118.483429,2022,366557.6,4010098.6,22397_51368
CASTLE,17_22397_51368,133.78,244.28,137.71,248.23,1.0,,36.225442,-118.483429,2022,366557.6,4010098.6,22397_51368
CASTLE,17_22397_51368,96.97,253.13,98.58,255.46,1.0,,36.225442,-118.483429,2022,366557.6,4010098.6,22397_51368
CASTLE,17_22397_51368,89.84,252.04,91.48,255.13,1.0,,36.225442,-118.483429,2022,366557.6,4010098.6,22397_51368
CASTLE,17_22397_51368,69.18,248.81,75.46,255.12,1.0,,36.225442,-118.483429,2022,366557.6,4010098.6,22397_51368
CASTLE,17_22397_51368,80.04,254.22,80.86,255.76,1.0,,36.225442,-118.483429,2022,366557.6,4010098.6,22397_51368
CASTLE,17_22397_51368,234.6,209.74,237.06,214.37,1.0,,36.225442,-118.483429,2022,366557.6,4010098.6,22397_51368
CASTLE,17_22397_51368,244.37,197.18,248.68,201.51,1.0,,36.225442,-118.483429,2022,366557.6,4010098.6,22397_51368
CASTLE,17_22397_51368,251.09,196.94,252.94,199.42,1.0,,36.225442,-118.483429,2022,366557.6,4010098.6,22397_51368
CASTLE,17_22397_51368,226.71,193.52,231.04,198.28,1.0,,36.225442,-118.483429,2022,366557.6,4010098.6,22397_51368
CASTLE,17_22397_51368,225.24,187.33,226.67,190.01,1.0,,36.225442,-118.483429,2022,366557.6,4010098.6,22397_51368
CASTLE,17_22397_51368,220.18,182.3,224.29,186.84,1.0,,36.225442,-118.483429,2022,366557.6,4010098.6,22397_51368
CASTLE,17_22397_51368,217.45,174.32,222.92,180.22,1.0,,36.225442,-118.483429,2022,366557.6,4010098.6,22397_51368
CASTLE,17_22397_51368,214.84,220.94,217.08,222.82,1.0,,36.225442,-118.483429,2022,366557.6,4010098.6,22397_51368
CASTLE,17_22397_51368,212.0,213.22,216.75,218.55,1.0,,36.225442,-118.483429,2022,366557.6,4010098.6,22397_51368
CASTLE,17_22397_51368,221.5,217.12,224.43,221.18,1.0,,36.225442,-118.483429,2022,366557.6,4010098.6,22397_51368
CASTLE,17_22418_51395,53.09,41.38,60.63,47.41,1.0,,36.165597,-118.425751,2022,371643.9,4003382.2,22418_51395
CASTLE,17_22418_51395,40.35,48.5,43.7,51.09,1.0,,36.165597,-118.425751,2022,371643.9,4003382.2,22418_51395
CASTLE,17_22418_51395,37.99,57.33,41.26,58.3,1.0,,36.165597,-118.425751,2022,371643.9,4003382.2,22418_51395
CASTLE,17_22418_51395,13.94,57.84,20.17,70.29,1.0,,36.165597,-118.425751,2022,371643.9,4003382.2,22418_51395
CASTLE,17_22418_51395,65.55,130.24,73.06,135.46,1.0,,36.165597,-118.425751,2022,371643.9,4003382.2,22418_51395
CASTLE,17_22418_51395,43.5,126.77,52.16,139.33,1.0,,36.165597,-118.425751,2022,371643.9,4003382.2,22418_51395
CASTLE,17_22418_51395,47.76,126.56,55.41,135.02,1.0,,36.165597,-118.425751,2022,371643.9,4003382.2,22418_51395
CASTLE,17_22418_51395,72.53,156.6,76.69,159.23,1.0,,36.165597,-118.425751,2022,371643.9,4003382.2,22418_51395
CASTLE,17_22418_51395,80.61,148.44,84.76,151.07,1.0,,36.165597,-118.425751,2022,371643.9,4003382.2,22418_51395
CASTLE,17_22418_51395,81.51,144.83,87.36,149.16,1.0,,36.165597,-118.425751,2022,371643.9,4003382.2,22418_51395
CASTLE,17_22418_51395,85.24,143.78,89.44,147.22,1.0,,36.165597,-118.425751,2022,371643.9,4003382.2,22418_51395
CASTLE,17_22418_51395,67.12,151.06,69.66,153.61,1.0,,36.165597,-118.425751,2022,371643.9,4003382.2,22418_51395
CASTLE,17_22418_51395,31.5,146.53,37.47,153.29,1.0,,36.165597,-118.425751,2022,371643.9,4003382.2,22418_51395
CASTLE,17_22418_51395,40.64,144.11,45.68,148.4,1.0,,36.165597,-118.425751,2022,371643.9,4003382.2,22418_51395
CASTLE,17_22418_51395,62.85,104.07,65.39,106.63,1.0,,36.165597,-118.425751,2022,371643.9,4003382.2,22418_51395
CASTLE,17_22418_51395,150.9,175.78,153.55,180.77,1.0,,36.165597,-118.425751,2022,371643.9,4003382.2,22418_51395
CASTLE,17_22418_51395,70.28,195.14,75.28,198.62,1.0,,36.165597,-118.425751,2022,371643.9,4003382.2,22418_51395
CASTLE,17_22418_51395,94.5,135.68,103.58,140.16,1.0,,36.165597,-118.425751,2022,371643.9,4003382.2,22418_51395
CASTLE,17_22418_51395,38.88,114.33,41.42,116.88,1.0,,36.165597,-118.425751,2022,371643.9,4003382.2,22418_51395
CASTLE,17_22418_51395,108.88,55.41,112.22,58.0,1.0,,36.165597,-118.425751,2022,371643.9,4003382.2,22418_51395
CASTLE,17_22418_51395,77.45,36.42,79.1,37.31,1.0,,36.165597,-118.425751,2022,371643.9,4003382.2,22418_51395
CASTLE,17_22418_51395,69.23,46.61,70.12,48.27,1.0,,36.165597,-118.425751,2022,371643.9,4003382.2,22418_51395
CASTLE,17_22418_51395,20.63,44.31,24.05,48.52,1.0,,36.165597,-118.425751,2022,371643.9,4003382.2,22418_51395
CASTLE,17_22418_51395,66.86,120.54,70.28,124.75,1.0,,36.165597,-118.425751,2022,371643.9,4003382.2,22418_51395
CASTLE,17_22418_51395,53.15,112.97,55.65,114.71,1.0,,36.165597,-118.425751,2022,371643.9,4003382.2,22418_51395
CASTLE,17_22418_51395,74.51,208.36,81.94,211.95,1.0,,36.165597,-118.425751,2022,371643.9,4003382.2,22418_51395
CASTLE,17_22418_51395,36.23,80.54,47.65,90.15,1.0,,36.165597,-118.425751,2022,371643.9,4003382.2,22418_51395
CASTLE,17_22428_51345,191.27,237.79,196.86,241.68,1.0,,36.276386,-118.398285,2022,374291.8,4015635.8,22428_51345
CASTLE,17_22428_51345,189.63,232.26,194.41,237.92,1.0,,36.276386,-118.398285,2022,374291.8,4015635.8,22428_51345
CASTLE,17_22428_51345,181.71,244.62,188.38,252.18,1.0,,36.276386,-118.398285,2022,374291.8,4015635.8,22428_51345
CASTLE,17_22428_51345,197.7,173.06,205.36,182.48,1.0,,36.276386,-118.398285,2022,374291.8,4015635.8,22428_51345
CASTLE,17_22428_51345,194.52,168.35,201.06,173.19,1.0,,36.276386,-118.398285,2022,374291.8,4015635.8,22428_51345
CASTLE,17_22428_51345,222.88,172.89,225.76,176.65,1.0,,36.276386,-118.398285,2022,374291.8,4015635.8,22428_51345
CASTLE,17_22428_51345,228.56,176.35,235.1,181.19,1.0,,36.276386,-118.398285,2022,374291.8,4015635.8,22428_51345
CASTLE,17_22428_51345,221.69,167.38,225.57,173.0,1.0,,36.276386,-118.398285,2022,374291.8,4015635.8,22428_51345
CASTLE,17_22428_51345,237.02,148.1,244.59,155.71,1.0,,36.276386,-118.398285,2022,374291.8,4015635.8,22428_51345
CASTLE,17_22428_51345,218.25,155.84,221.13,159.6,1.0,,36.276386,-118.398285,2022,374291.8,4015635.8,22428_51345
CASTLE,17_22428_51345,78.79,155.55,90.24,168.78,1.0,,36.276386,-118.398285,2022,374291.8,4015635.8,22428_51345
CASTLE,17_22428_51345,89.16,141.03,97.72,150.5,1.0,,36.276386,-118.398285,2022,374291.8,4015635.8,22428_51345
CASTLE,17_22428_51345,72.27,143.86,79.93,153.28,1.0,,36.276386,-118.398285,2022,374291.8,4015635.8,22428_51345
CASTLE,17_22428_51345,67.32,133.62,77.69,143.17,1.0,,36.276386,-118.398285,2022,374291.8,4015635.8,22428_51345
CASTLE,17_22428_51345,56.22,127.18,68.48,138.63,1.0,,36.276386,-118.398285,2022,374291.8,4015635.8,22428_51345
CASTLE,17_22428_51345,23.38,140.14,29.83,143.17,1.0,,36.276386,-118.398285,2022,374291.8,4015635.8,22428_51345
CASTLE,17_22428_51345,31.17,136.43,36.81,141.22,1.0,,36.276386,-118.398285,2022,374291.8,4015635.8,22428_51345
CASTLE,17_22428_51345,17.12,213.09,23.66,217.93,1.0,,36.276386,-118.398285,2022,374291.8,4015635.8,22428_51345
CASTLE,17_22428_51345,175.21,153.33,181.84,159.98,1.0,,36.276386,-118.398285,2022,374291.8,4015635.8,22428_51345
CASTLE,17_22428_51345,194.34,151.06,198.26,157.59,1.0,,36.276386,-118.398285,2022,374291.8,4015635.8,22428_51345
CASTLE,17_22428_51345,228.67,192.27,233.44,197.94,1.0,,36.276386,-118.398285,2022,374291.8,4015635.8,22428_51345
CASTLE,17_22428_51345,240.97,201.96,244.76,205.76,1.0,,36.276386,-118.398285,2022,374291.8,4015635.8,22428_51345
CASTLE,17_22428_51345,244.16,190.29,249.84,195.99,1.0,,36.276386,-118.398285,2022,374291.8,4015635.8,22428_51345
CASTLE,17_22428_51345,80.5,35.76,95.16,50.49,1.0,,36.276386,-118.398285,2022,374291.8,4015635.8,22428_51345
CASTLE,17_22428_51345,93.9,38.05,104.14,45.96,1.0,,36.276386,-118.398285,2022,374291.8,4015635.8,22428_51345
CASTLE,17_22428_51345,111.65,19.01,122.78,28.62,1.0,,36.276386,-118.398285,2022,374291.8,4015635.8,22428_51345
CASTLE,17_22428_51345,196.75,47.54,210.55,61.4,1.0,,36.276386,-118.398285,2022,374291.8,4015635.8,22428_51345
CASTLE,17_22428_51345,166.94,82.96,178.18,93.68,1.0,,36.276386,-118.398285,2022,374291.8,4015635.8,22428_51345
CASTLE,17_22428_51345,185.78,87.76,193.24,94.11,1.0,,36.276386,-118.398285,2022,374291.8,4015635.8,22428_51345
CASTLE,17_22428_51345,211.07,95.89,218.61,104.04,1.0,,36.276386,-118.398285,2022,374291.8,4015635.8,22428_51345
CASTLE,17_22428_51345,223.18,102.48,228.78,107.54,1.0,,36.276386,-118.398285,2022,374291.8,4015635.8,22428_51345
CASTLE,17_22428_51345,231.22,103.47,235.63,108.47,1.0,,36.276386,-118.398285,2022,374291.8,4015635.8,22428_51345
CASTLE,17_22428_51345,244.34,108.61,252.45,116.19,1.0,,36.276386,-118.398285,2022,374291.8,4015635.8,22428_51345
CASTLE,17_22428_51345,232.41,125.79,244.74,134.17,1.0,,36.276386,-118.398285,2022,374291.8,4015635.8,22428_51345
CASTLE,17_22428_51345,232.47,121.28,237.48,126.31,1.0,,36.276386,-118.398285,2022,374291.8,4015635.8,22428_51345
CASTLE,17_22428_51345,227.23,118.02,233.44,123.11,1.0,,36.276386,-118.398285,2022,374291.8,4015635.8,22428_51345
CASTLE,17_22428_51345,223.77,123.26,228.7,126.49,1.0,,36.276386,-118.398285,2022,374291.8,4015635.8,22428_51345
CASTLE,17_22428_51345,254.3,125.94,256.0,133.22,1.0,,36.276386,-118.398285,2022,374291.8,4015635.8,22428_51345
CASTLE,17_22428_51345,194.43,102.91,198.22,107.28,1.0,,36.276386,-118.398285,2022,374291.8,4015635.8,22428_51345
CASTLE,17_22428_51345,198.43,107.01,204.01,111.47,1.0,,36.276386,-118.398285,2022,374291.8,4015635.8,22428_51345
CASTLE,17_22428_51345,211.17,116.06,219.45,127.24,1.0,,36.276386,-118.398285,2022,374291.8,4015635.8,22428_51345
CASTLE,17_22428_51345,172.02,112.67,181.27,119.1,1.0,,36.276386,-118.398285,2022,374291.8,4015635.8,22428_51345
CASTLE,17_22428_51345,144.75,101.15,159.64,113.24,1.0,,36.276386,-118.398285,2022,374291.8,4015635.8,22428_51345
CASTLE,17_22428_51345,146.93,98.54,153.19,104.83,1.0,,36.276386,-118.398285,2022,374291.8,4015635.8,22428_51345
CASTLE,17_22428_51345,152.88,99.42,159.14,105.71,1.0,,36.276386,-118.398285,2022,374291.8,4015635.8,22428_51345
CASTLE,17_22428_51345,134.04,91.3,142.15,98.88,1.0,,36.276386,-118.398285,2022,374291.8,4015635.8,22428_51345
CASTLE,17_22428_51345,137.95,80.66,144.75,85.77,1.0,,36.276386,-118.398285,2022,374291.8,4015635.8,22428_51345
CASTLE,17_22428_51345,106.1,73.42,113.64,81.57,1.0,,36.276386,-118.398285,2022,374291.8,4015635.8,22428_51345
CASTLE,17_22428_51345,81.8,122.19,89.17,126.74,1.0,,36.276386,-118.398285,2022,374291.8,4015635.8,22428_51345
CASTLE,17_22428_51345,78.54,112.11,85.45,119.63,1.0,,36.276386,-118.398285,2022,374291.8,4015635.8,22428_51345
CASTLE,17_22428_51345,70.37,81.04,80.93,89.93,1.0,,36.276386,-118.398285,2022,374291.8,4015635.8,22428_51345
CASTLE,17_22428_51345,79.19,75.15,91.09,87.1,1.0,,36.276386,-118.398285,2022,374291.8,4015635.8,22428_51345
CASTLE,17_22428_51345,115.54,103.05,123.02,110.0,1.0,,36.276386,-118.398285,2022,374291.8,4015635.8,22428_51345
CASTLE,17_22428_51345,130.62,114.6,136.85,120.29,1.0,,36.276386,-118.398285,2022,374291.8,4015635.8,22428_51345
CASTLE,17_22428_51345,153.66,119.62,161.17,127.17,1.0,,36.276386,-118.398285,2022,374291.8,4015635.8,22428_51345
CASTLE,17_22428_51345,29.75,58.56,38.55,67.4,1.0,,36.276386,-118.398285,2022,374291.8,4015635.8,22428_51345
CASTLE,17_22428_51345,43.85,60.98,55.76,72.94,1.0,,36.276386,-118.398285,2022,374291.8,4015635.8,22428_51345
CASTLE,17_22428_51345,56.97,60.85,65.68,67.7,1.0,,36.276386,-118.398285,2022,374291.8,4015635.8,22428_51345
CASTLE,17_22428_51345,35.84,52.13,40.59,58.79,1.0,,36.276386,-118.398285,2022,374291.8,4015635.8,22428_51345
CASTLE,17_22428_51345,47.61,33.79,53.84,40.52,1.0,,36.276386,-118.398285,2022,374291.8,4015635.8,22428_51345
CASTLE,17_22428_51345,55.54,34.17,61.75,40.41,1.0,,36.276386,-118.398285,2022,374291.8,4015635.8,22428_51345
CASTLE,17_22428_51345,58.42,27.58,65.03,31.86,1.0,,36.276386,-118.398285,2022,374291.8,4015635.8,22428_51345
CASTLE,17_22428_51345,41.88,17.35,50.65,25.69,1.0,,36.276386,-118.398285,2022,374291.8,4015635.8,22428_51345
CASTLE,17_22428_51345,30.22,20.75,37.63,31.06,1.0,,36.276386,-118.398285,2022,374291.8,4015635.8,22428_51345
CASTLE,17_22428_51345,3.47,19.22,16.0,31.81,1.0,,36.276386,-118.398285,2022,374291.8,4015635.8,22428_51345
CASTLE,17_22428_51345,5.85,45.65,12.52,49.97,1.0,,36.276386,-118.398285,2022,374291.8,4015635.8,22428_51345
CASTLE,17_22428_51345,16.04,26.08,20.69,29.79,1.0,,36.276386,-118.398285,2022,374291.8,4015635.8,22428_51345
CASTLE,17_22428_51345,104.69,56.15,109.41,61.37,1.0,,36.276386,-118.398285,2022,374291.8,4015635.8,22428_51345
CASTLE,17_22428_51345,33.36,3.66,39.52,8.43,1.0,,36.276386,-118.398285,2022,374291.8,4015635.8,22428_51345
CASTLE,17_22428_51345,82.85,4.1,89.01,12.14,1.0,,36.276386,-118.398285,2022,374291.8,4015635.8,22428_51345
CASTLE,17_22428_51345,90.46,1.15,97.29,6.9,1.0,,36.276386,-118.398285,2022,374291.8,4015635.8,22428_51345
CASTLE,17_22428_51345,99.35,4.11,105.86,11.4,1.0,,36.276386,-118.398285,2022,374291.8,4015635.8,22428_51345
CASTLE,17_22428_51345,60.57,23.46,66.59,28.4,1.0,,36.276386,-118.398285,2022,374291.8,4015635.8,22428_51345
CASTLE,17_22428_51345,226.77,9.26,235.69,17.2,1.0,,36.276386,-118.398285,2022,374291.8,4015635.8,22428_51345
CASTLE,17_22428_51345,235.62,6.98,241.17,11.54,1.0,,36.276386,-118.398285,2022,374291.8,4015635.8,22428_51345
CASTLE,17_22428_51345,211.82,1.81,221.83,10.34,1.0,,36.276386,-118.398285,2022,374291.8,4015635.8,22428_51345
CASTLE,17_22428_51345,193.93,7.96,201.16,14.2,1.0,,36.276386,-118.398285,2022,374291.8,4015635.8,22428_51345
CASTLE,17_22428_51345,142.93,31.37,150.71,37.64,1.0,,36.276386,-118.398285,2022,374291.8,4015635.8,22428_51345
CASTLE,17_22428_51345,154.75,31.13,160.38,37.3,1.0,,36.276386,-118.398285,2022,374291.8,4015635.8,22428_51345
CASTLE,17_22428_51345,128.79,14.0,134.37,19.09,1.0,,36.276386,-118.398285,2022,374291.8,4015635.8,22428_51345
CASTLE,17_22428_51345,208.04,38.8,213.65,44.43,1.0,,36.276386,-118.398285,2022,374291.8,4015635.8,22428_51345
CASTLE,17_22428_51345,223.49,36.31,233.6,46.99,1.0,,36.276386,-118.398285,2022,374291.8,4015635.8,22428_51345
CASTLE,17_22428_51345,223.04,41.4,227.47,44.83,1.0,,36.276386,-118.398285,2022,374291.8,4015635.8,22428_51345
CASTLE,17_22428_51345,213.33,27.47,220.62,34.79,1.0,,36.276386,-118.398285,2022,374291.8,4015635.8,22428_51345
CASTLE,17_22428_51345,234.95,25.0,242.73,31.27,1.0,,36.276386,-118.398285,2022,374291.8,4015635.8,22428_51345
CASTLE,17_22428_51345,200.49,16.08,205.07,22.74,1.0,,36.276386,-118.398285,2022,374291.8,4015635.8,22428_51345
CASTLE,17_22428_51345,161.56,17.45,168.26,23.67,1.0,,36.276386,-118.398285,2022,374291.8,4015635.8,22428_51345
CASTLE,17_22428_51345,164.47,14.35,168.95,18.86,1.0,,36.276386,-118.398285,2022,374291.8,4015635.8,22428_51345
CASTLE,17_22428_51345,116.47,3.98,120.9,7.4,1.0,,36.276386,-118.398285,2022,374291.8,4015635.8,22428_51345
CASTLE,17_22428_51345,90.29,24.01,101.16,37.51,1.0,,36.276386,-118.398285,2022,374291.8,4015635.8,22428_51345
CASTLE,17_22428_51345,87.37,30.92,91.92,36.0,1.0,,36.276386,-118.398285,2022,374291.8,4015635.8,22428_51345
CASTLE,17_22428_51345,155.34,193.95,158.76,198.01,1.0,,36.276386,-118.398285,2022,374291.8,4015635.8,22428_51345
CASTLE,17_22428_51345,49.99,147.81,53.05,152.24,1.0,,36.276386,-118.398285,2022,374291.8,4015635.8,22428_51345
CASTLE,17_22428_51345,103.34,184.82,104.9,187.75,1.0,,36.276386,-118.398285,2022,374291.8,4015635.8,22428_51345
CASTLE,17_22428_51345,131.8,156.03,135.57,160.5,1.0,,36.276386,-118.398285,2022,374291.8,4015635.8,22428_51345
CASTLE,17_22428_51345,146.91,153.88,152.11,158.42,1.0,,36.276386,-118.398285,2022,374291.8,4015635.8,22428_51345
CASTLE,17_22428_51345,168.37,168.55,171.43,172.98,1.0,,36.276386,-118.398285,2022,374291.8,4015635.8,22428_51345
CASTLE,17_22428_51345,163.91,146.8,169.24,154.2,1.0,,36.276386,-118.398285,2022,374291.8,4015635.8,22428_51345
CASTLE,17_22428_51345,174.69,137.99,181.45,145.46,1.0,,36.276386,-118.398285,2022,374291.8,4015635.8,22428_51345
CASTLE,17_22428_51345,162.84,133.37,168.1,139.71,1.0,,36.276386,-118.398285,2022,374291.8,4015635.8,22428_51345
CASTLE,17_22428_51345,157.84,134.8,161.95,139.98,1.0,,36.276386,-118.398285,2022,374291.8,4015635.8,22428_51345
CASTLE,17_22428_51345,139.71,143.39,144.37,148.59,1.0,,36.276386,-118.398285,2022,374291.8,4015635.8,22428_51345
CASTLE,17_22428_51345,148.46,147.42,151.94,150.91,1.0,,36.276386,-118.398285,2022,374291.8,4015635.8,22428_51345
CASTLE,17_22428_51345,20.67,94.11,31.18,102.02,1.0,,36.276386,-118.398285,2022,374291.8,4015635.8,22428_51345
CASTLE,17_22428_51345,40.06,95.04,48.26,102.83,1.0,,36.276386,-118.398285,2022,374291.8,4015635.8,22428_51345
CASTLE,17_22428_51345,44.37,85.72,53.55,94.95,1.0,,36.276386,-118.398285,2022,374291.8,4015635.8,22428_51345
CASTLE,17_22428_51345,43.05,78.46,52.74,88.64,1.0,,36.276386,-118.398285,2022,374291.8,4015635.8,22428_51345
CASTLE,17_22428_51345,55.99,85.13,64.92,98.51,1.0,,36.276386,-118.398285,2022,374291.8,4015635.8,22428_51345
CASTLE,17_22428_51345,67.6,97.51,71.51,102.32,1.0,,36.276386,-118.398285,2022,374291.8,4015635.8,22428_51345
CASTLE,17_22428_51345,70.35,111.35,76.64,117.67,1.0,,36.276386,-118.398285,2022,374291.8,4015635.8,22428_51345
CASTLE,17_22428_51345,69.69,103.89,77.45,112.13,1.0,,36.276386,-118.398285,2022,374291.8,4015635.8,22428_51345
CASTLE,17_22428_51345,55.06,103.2,65.22,113.4,1.0,,36.276386,-118.398285,2022,374291.8,4015635.8,22428_51345
CASTLE,17_22428_51345,60.13,114.58,64.92,118.51,1.0,,36.276386,-118.398285,2022,374291.8,4015635.8,22428_51345
CASTLE,17_22428_51345,45.44,106.45,53.27,116.08,1.0,,36.276386,-118.398285,2022,374291.8,4015635.8,22428_51345
CASTLE,17_22428_51345,32.99,107.94,41.63,115.3,1.0,,36.276386,-118.398285,2022,374291.8,4015635.8,22428_51345
CASTLE,17_22428_51345,23.75,105.88,33.4,115.13,1.0,,36.276386,-118.398285,2022,374291.8,4015635.8,22428_51345
CASTLE,17_22428_51345,6.68,108.54,12.92,113.93,1.0,,36.276386,-118.398285,2022,374291.8,4015635.8,22428_51345
CASTLE,17_22428_51345,16.44,129.45,19.8,132.38,1.0,,36.276386,-118.398285,2022,374291.8,4015635.8,22428_51345
CASTLE,17_22428_51345,20.89,125.24,22.78,126.26,1.0,,36.276386,-118.398285,2022,374291.8,4015635.8,22428_51345
CASTLE,17_22428_51345,89.36,91.24,93.64,94.98,1.0,,36.276386,-118.398285,2022,374291.8,4015635.8,22428_51345
CASTLE,17_22428_51345,95.86,88.59,101.43,94.76,1.0,,36.276386,-118.398285,2022,374291.8,4015635.8,22428_51345
CASTLE,17_22428_51345,107.8,86.79,113.91,91.8,1.0,,36.276386,-118.398285,2022,374291.8,4015635.8,22428_51345
CASTLE,17_22428_51345,153.13,75.63,158.09,81.18,1.0,,36.276386,-118.398285,2022,374291.8,4015635.8,22428_51345
CASTLE,17_22428_51345,125.84,61.29,130.16,65.63,1.0,,36.276386,-118.398285,2022,374291.8,4015635.8,22428_51345
CASTLE,17_22428_51345,133.66,60.78,144.62,68.98,1.0,,36.276386,-118.398285,2022,374291.8,4015635.8,22428_51345
CASTLE,17_22428_51345,154.22,60.57,158.51,64.32,1.0,,36.276386,-118.398285,2022,374291.8,4015635.8,22428_51345
CASTLE,17_22428_51345,166.38,64.71,170.7,69.05,1.0,,36.276386,-118.398285,2022,374291.8,4015635.8,22428_51345
CASTLE,17_22428_51345,138.36,50.05,148.08,57.0,1.0,,36.276386,-118.398285,2022,374291.8,4015635.8,22428_51345
CASTLE,17_22428_51345,68.26,230.06,74.08,234.56,1.0,,36.276386,-118.398285,2022,374291.8,4015635.8,22428_51345
CASTLE,17_22428_51345,74.98,221.89,79.4,226.33,1.0,,36.276386,-118.398285,2022,374291.8,4015635.8,22428_51345
CASTLE,17_22428_51345,30.99,185.84,36.74,188.93,1.0,,36.276386,-118.398285,2022,374291.8,4015635.8,22428_51345
CASTLE,17_22428_51345,96.96,49.4,103.09,56.48,1.0,,36.276386,-118.398285,2022,374291.8,4015635.8,22428_51345
CASTLE,17_22428_51345,28.01,14.46,31.09,18.48,1.0,,36.276386,-118.398285,2022,374291.8,4015635.8,22428_51345
CASTLE,17_22428_51345,174.19,46.77,179.3,52.82,1.0,,36.276386,-118.398285,2022,374291.8,4015635.8,22428_51345
CASTLE,17_22428_51345,177.75,19.69,184.94,28.75,1.0,,36.276386,-118.398285,2022,374291.8,4015635.8,22428_51345
CASTLE,17_22428_51345,214.15,80.81,217.42,88.71,1.0,,36.276386,-118.398285,2022,374291.8,4015635.8,22428_51345
CASTLE,17_22428_51345,211.58,53.43,220.65,61.61,1.0,,36.276386,-118.398285,2022,374291.8,4015635.8,22428_51345
CASTLE,17_22428_51345,229.6,31.9,235.73,38.97,1.0,,36.276386,-118.398285,2022,374291.8,4015635.8,22428_51345
CASTLE,17_22428_51345,214.75,19.99,218.85,25.03,1.0,,36.276386,-118.398285,2022,374291.8,4015635.8,22428_51345
CASTLE,17_22428_51345,101.73,232.14,103.52,233.94,1.0,,36.276386,-118.398285,2022,374291.8,4015635.8,22428_51345
CASTLE,17_22428_51345,14.32,192.64,20.47,196.36,1.0,,36.276386,-118.398285,2022,374291.8,4015635.8,22428_51345
CASTLE,17_22428_51345,7.76,169.06,10.44,171.76,1.0,,36.276386,-118.398285,2022,374291.8,4015635.8,22428_51345
CASTLE,17_22428_51345,49.44,171.93,53.19,178.97,1.0,,36.276386,-118.398285,2022,374291.8,4015635.8,22428_51345
CASTLE,17_22428_51345,16.99,134.62,20.65,139.94,1.0,,36.276386,-118.398285,2022,374291.8,4015635.8,22428_51345
CASTLE,17_22428_51345,204.39,134.44,210.86,137.92,1.0,,36.276386,-118.398285,2022,374291.8,4015635.8,22428_51345
CASTLE,17_22428_51345,194.79,134.78,199.76,139.77,1.0,,36.276386,-118.398285,2022,374291.8,4015635.8,22428_51345
CASTLE,17_22428_51345,115.8,131.79,117.53,135.04,1.0,,36.276386,-118.398285,2022,374291.8,4015635.8,22428_51345
CASTLE,17_22428_51345,116.65,137.02,121.22,140.55,1.0,,36.276386,-118.398285,2022,374291.8,4015635.8,22428_51345
CASTLE,17_22428_51345,138.02,129.89,140.37,132.95,1.0,,36.276386,-118.398285,2022,374291.8,4015635.8,22428_51345
CASTLE,17_22428_51345,97.85,124.28,106.33,132.79,1.0,,36.276386,-118.398285,2022,374291.8,4015635.8,22428_51345
CASTLE,17_22428_51345,88.8,156.06,95.79,164.14,1.0,,36.276386,-118.398285,2022,374291.8,4015635.8,22428_51345
CASTLE,17_22428_51345,69.37,128.47,76.27,134.69,1.0,,36.276386,-118.398285,2022,374291.8,4015635.8,22428_51345
CASTLE,17_22428_51345,48.2,157.45,51.3,160.91,1.0,,36.276386,-118.398285,2022,374291.8,4015635.8,22428_51345
CASTLE,17_22430_51340,36.49,0.77,47.56,9.33,1.0,,36.287456,-118.392792,2022,374802.8,4016856.7,22430_51340
CASTLE,17_22430_51340,16.0,81.79,24.98,91.32,1.0,,36.287456,-118.392792,2022,374802.8,4016856.7,22430_51340
CASTLE,17_22430_51340,42.36,81.98,52.54,94.25,1.0,,36.287456,-118.392792,2022,374802.8,4016856.7,22430_51340
CASTLE,17_22430_51340,66.13,76.4,77.43,89.79,1.0,,36.287456,-118.392792,2022,374802.8,4016856.7,22430_51340
CASTLE,17_22430_51340,77.36,57.84,87.41,67.42,1.0,,36.287456,-118.392792,2022,374802.8,4016856.7,22430_51340
CASTLE,17_22430_51340,77.25,37.67,85.7,47.18,1.0,,36.287456,-118.392792,2022,374802.8,4016856.7,22430_51340
CASTLE,17_22430_51340,78.41,13.8,85.76,22.71,1.0,,36.287456,-118.392792,2022,374802.8,4016856.7,22430_51340
CASTLE,17_22430_51340,114.83,24.68,121.65,33.58,1.0,,36.287456,-118.392792,2022,374802.8,4016856.7,22430_51340
CASTLE,17_22430_51340,121.79,20.71,126.93,27.92,1.0,,36.287456,-118.392792,2022,374802.8,4016856.7,22430_51340
CASTLE,17_22430_51340,143.89,15.32,151.27,24.78,1.0,,36.287456,-118.392792,2022,374802.8,4016856.7,22430_51340
CASTLE,17_22430_51340,165.5,0.49,184.07,9.95,1.0,,36.287456,-118.392792,2022,374802.8,4016856.7,22430_51340
CASTLE,17_22430_51340,145.94,26.45,156.09,38.18,1.0,,36.287456,-118.392792,2022,374802.8,4016856.7,22430_51340
CASTLE,17_22430_51340,137.43,33.56,145.32,42.51,1.0,,36.287456,-118.392792,2022,374802.8,4016856.7,22430_51340
CASTLE,17_22430_51340,145.83,37.73,154.22,46.16,1.0,,36.287456,-118.392792,2022,374802.8,4016856.7,22430_51340
CASTLE,17_22430_51340,143.0,45.39,151.45,54.9,1.0,,36.287456,-118.392792,2022,374802.8,4016856.7,22430_51340
CASTLE,17_22430_51340,142.14,54.49,152.08,61.92,1.0,,36.287456,-118.392792,2022,374802.8,4016856.7,22430_51340
CASTLE,17_22430_51340,135.55,56.33,143.97,65.29,1.0,,36.287456,-118.392792,2022,374802.8,4016856.7,22430_51340
CASTLE,17_22430_51340,136.08,63.61,147.1,71.09,1.0,,36.287456,-118.392792,2022,374802.8,4016856.7,22430_51340
CASTLE,17_22430_51340,128.88,51.7,137.76,59.09,1.0,,36.287456,-118.392792,2022,374802.8,4016856.7,22430_51340
CASTLE,17_22430_51340,129.93,45.03,139.95,54.08,1.0,,36.287456,-118.392792,2022,374802.8,4016856.7,22430_51340
CASTLE,17_22430_51340,20.04,97.58,26.91,107.54,1.0,,36.287456,-118.392792,2022,374802.8,4016856.7,22430_51340
CASTLE,17_22430_51340,18.83,112.84,25.11,121.71,1.0,,36.287456,-118.392792,2022,374802.8,4016856.7,22430_51340
CASTLE,17_22430_51340,16.58,121.62,24.69,135.39,1.0,,36.287456,-118.392792,2022,374802.8,4016856.7,22430_51340
CASTLE,17_22430_51340,52.24,134.34,61.83,145.51,1.0,,36.287456,-118.392792,2022,374802.8,4016856.7,22430_51340
CASTLE,17_22430_51340,33.36,146.07,39.6,153.86,1.0,,36.287456,-118.392792,2022,374802.8,4016856.7,22430_51340
CASTLE,17_22430_51340,36.81,152.95,44.09,160.26,1.0,,36.287456,-118.392792,2022,374802.8,4016856.7,22430_51340
CASTLE,17_22430_51340,22.95,150.68,36.15,159.34,1.0,,36.287456,-118.392792,2022,374802.8,4016856.7,22430_51340
CASTLE,17_22430_51340,78.6,143.4,87.1,153.98,1.0,,36.287456,-118.392792,2022,374802.8,4016856.7,22430_51340
CASTLE,17_22430_51340,85.88,134.61,94.48,147.34,1.0,,36.287456,-118.392792,2022,374802.8,4016856.7,22430_51340
CASTLE,17_22430_51340,93.18,144.09,100.45,151.4,1.0,,36.287456,-118.392792,2022,374802.8,4016856.7,22430_51340
CASTLE,17_22430_51340,88.05,147.89,96.52,157.93,1.0,,36.287456,-118.392792,2022,374802.8,4016856.7,22430_51340
CASTLE,17_22430_51340,33.2,161.38,40.47,168.69,1.0,,36.287456,-118.392792,2022,374802.8,4016856.7,22430_51340
CASTLE,17_22430_51340,2.23,141.08,10.12,150.03,1.0,,36.287456,-118.392792,2022,374802.8,4016856.7,22430_51340
CASTLE,17_22430_51340,11.4,145.29,18.22,154.18,1.0,,36.287456,-118.392792,2022,374802.8,4016856.7,22430_51340
CASTLE,17_22430_51340,0.0,153.86,9.77,162.38,1.0,,36.287456,-118.392792,2022,374802.8,4016856.7,22430_51340
CASTLE,17_22430_51340,38.79,175.64,46.22,186.17,1.0,,36.287456,-118.392792,2022,374802.8,4016856.7,22430_51340
CASTLE,17_22430_51340,11.37,174.05,17.12,182.89,1.0,,36.287456,-118.392792,2022,374802.8,4016856.7,22430_51340
CASTLE,17_22430_51340,65.82,172.36,73.15,180.74,1.0,,36.287456,-118.392792,2022,374802.8,4016856.7,22430_51340
CASTLE,17_22430_51340,64.1,183.84,72.06,194.39,1.0,,36.287456,-118.392792,2022,374802.8,4016856.7,22430_51340
CASTLE,17_22430_51340,93.01,176.63,103.19,188.89,1.0,,36.287456,-118.392792,2022,374802.8,4016856.7,22430_51340
CASTLE,17_22430_51340,19.51,195.41,26.28,203.23,1.0,,36.287456,-118.392792,2022,374802.8,4016856.7,22430_51340
CASTLE,17_22430_51340,44.68,197.7,54.27,208.87,1.0,,36.287456,-118.392792,2022,374802.8,4016856.7,22430_51340
CASTLE,17_22430_51340,27.46,199.56,38.12,210.78,1.0,,36.287456,-118.392792,2022,374802.8,4016856.7,22430_51340
CASTLE,17_22430_51340,18.02,204.75,24.76,212.03,1.0,,36.287456,-118.392792,2022,374802.8,4016856.7,22430_51340
CASTLE,17_22430_51340,14.13,218.55,21.43,226.39,1.0,,36.287456,-118.392792,2022,374802.8,4016856.7,22430_51340
CASTLE,17_22430_51340,9.44,207.85,18.72,223.82,1.0,,36.287456,-118.392792,2022,374802.8,4016856.7,22430_51340
CASTLE,17_22430_51340,24.05,234.61,37.25,243.28,1.0,,36.287456,-118.392792,2022,374802.8,4016856.7,22430_51340
CASTLE,17_22430_51340,29.52,227.62,38.4,235.0,1.0,,36.287456,-118.392792,2022,374802.8,4016856.7,22430_51340
CASTLE,17_22430_51340,80.54,238.94,88.99,248.44,1.0,,36.287456,-118.392792,2022,374802.8,4016856.7,22430_51340
CASTLE,17_22430_51340,83.25,226.97,91.16,236.45,1.0,,36.287456,-118.392792,2022,374802.8,4016856.7,22430_51340
CASTLE,17_22430_51340,96.31,237.28,104.86,248.93,1.0,,36.287456,-118.392792,2022,374802.8,4016856.7,22430_51340
CASTLE,17_22430_51340,118.52,236.18,126.33,243.51,1.0,,36.287456,-118.392792,2022,374802.8,4016856.7,22430_51340
CASTLE,17_22430_51340,121.35,241.97,128.73,251.42,1.0,,36.287456,-118.392792,2022,374802.8,4016856.7,22430_51340
CASTLE,17_22430_51340,113.72,242.4,119.35,248.56,1.0,,36.287456,-118.392792,2022,374802.8,4016856.7,22430_51340
CASTLE,17_22430_51340,117.21,247.41,122.32,254.08,1.0,,36.287456,-118.392792,2022,374802.8,4016856.7,22430_51340
CASTLE,17_22430_51340,129.48,250.95,136.07,255.01,1.0,,36.287456,-118.392792,2022,374802.8,4016856.7,22430_51340
CASTLE,17_22430_51340,140.43,245.57,154.78,255.89,1.0,,36.287456,-118.392792,2022,374802.8,4016856.7,22430_51340
CASTLE,17_22430_51340,137.98,218.3,151.79,228.59,1.0,,36.287456,-118.392792,2022,374802.8,4016856.7,22430_51340
CASTLE,17_22430_51340,134.11,212.73,141.9,219.52,1.0,,36.287456,-118.392792,2022,374802.8,4016856.7,22430_51340
CASTLE,17_22430_51340,72.93,195.82,78.73,205.74,1.0,,36.287456,-118.392792,2022,374802.8,4016856.7,22430_51340
CASTLE,17_22430_51340,81.22,201.6,90.76,211.69,1.0,,36.287456,-118.392792,2022,374802.8,4016856.7,22430_51340
CASTLE,17_22430_51340,86.37,195.66,96.39,204.7,1.0,,36.287456,-118.392792,2022,374802.8,4016856.7,22430_51340
CASTLE,17_22430_51340,92.14,207.77,102.24,218.42,1.0,,36.287456,-118.392792,2022,374802.8,4016856.7,22430_51340
CASTLE,17_22430_51340,96.14,217.63,103.39,224.4,1.0,,36.287456,-118.392792,2022,374802.8,4016856.7,22430_51340
CASTLE,17_22430_51340,103.17,211.51,108.23,217.11,1.0,,36.287456,-118.392792,2022,374802.8,4016856.7,22430_51340
CASTLE,17_22430_51340,109.97,207.54,116.18,214.8,1.0,,36.287456,-118.392792,2022,374802.8,4016856.7,22430_51340
CASTLE,17_22430_51340,111.55,214.34,118.27,221.08,1.0,,36.287456,-118.392792,2022,374802.8,4016856.7,22430_51340
CASTLE,17_22430_51340,133.67,237.98,151.11,246.31,1.0,,36.287456,-118.392792,2022,374802.8,4016856.7,22430_51340
CASTLE,17_22430_51340,130.02,225.99,144.46,238.46,1.0,,36.287456,-118.392792,2022,374802.8,4016856.7,22430_51340
CASTLE,17_22430_51340,155.18,233.64,165.26,243.76,1.0,,36.287456,-118.392792,2022,374802.8,4016856.7,22430_51340
CASTLE,17_22430_51340,126.37,205.1,134.76,213.53,1.0,,36.287456,-118.392792,2022,374802.8,4016856.7,22430_51340
CASTLE,17_22430_51340,113.36,198.29,122.24,205.68,1.0,,36.287456,-118.392792,2022,374802.8,4016856.7,22430_51340
CASTLE,17_22430_51340,111.82,220.53,117.44,226.69,1.0,,36.287456,-118.392792,2022,374802.8,4016856.7,22430_51340
CASTLE,17_22430_51340,121.14,222.05,125.13,227.6,1.0,,36.287456,-118.392792,2022,374802.8,4016856.7,22430_51340
CASTLE,17_22430_51340,66.68,194.71,72.36,201.94,1.0,,36.287456,-118.392792,2022,374802.8,4016856.7,22430_51340
CASTLE,17_22430_51340,74.7,180.59,82.66,191.14,1.0,,36.287456,-118.392792,2022,374802.8,4016856.7,22430_51340
CASTLE,17_22430_51340,85.21,181.08,92.01,189.44,1.0,,36.287456,-118.392792,2022,374802.8,4016856.7,22430_51340
CASTLE,17_22430_51340,108.21,158.53,115.56,167.44,1.0,,36.287456,-118.392792,2022,374802.8,4016856.7,22430_51340
CASTLE,17_22430_51340,106.81,171.63,114.67,180.04,1.0,,36.287456,-118.392792,2022,374802.8,4016856.7,22430_51340
CASTLE,17_22430_51340,134.24,165.95,140.37,171.6,1.0,,36.287456,-118.392792,2022,374802.8,4016856.7,22430_51340
CASTLE,17_22430_51340,136.38,160.41,141.44,166.0,1.0,,36.287456,-118.392792,2022,374802.8,4016856.7,22430_51340
CASTLE,17_22430_51340,140.76,149.6,147.04,158.47,1.0,,36.287456,-118.392792,2022,374802.8,4016856.7,22430_51340
CASTLE,17_22430_51340,146.19,141.26,154.66,151.3,1.0,,36.287456,-118.392792,2022,374802.8,4016856.7,22430_51340
CASTLE,17_22430_51340,137.67,127.13,142.75,133.26,1.0,,36.287456,-118.392792,2022,374802.8,4016856.7,22430_51340
CASTLE,17_22430_51340,130.88,120.36,139.32,129.87,1.0,,36.287456,-118.392792,2022,374802.8,4016856.7,22430_51340
CASTLE,17_22430_51340,140.99,191.82,148.24,198.59,1.0,,36.287456,-118.392792,2022,374802.8,4016856.7,22430_51340
CASTLE,17_22430_51340,139.96,185.32,145.61,192.01,1.0,,36.287456,-118.392792,2022,374802.8,4016856.7,22430_51340
CASTLE,17_22430_51340,134.09,178.85,141.36,186.16,1.0,,36.287456,-118.392792,2022,374802.8,4016856.7,22430_51340
CASTLE,17_22430_51340,131.92,174.45,137.56,181.14,1.0,,36.287456,-118.392792,2022,374802.8,4016856.7,22430_51340
CASTLE,17_22430_51340,140.44,174.86,146.11,182.09,1.0,,36.287456,-118.392792,2022,374802.8,4016856.7,22430_51340
CASTLE,17_22430_51340,146.41,177.56,152.67,185.89,1.0,,36.287456,-118.392792,2022,374802.8,4016856.7,22430_51340
CASTLE,17_22430_51340,121.38,175.82,128.13,183.11,1.0,,36.287456,-118.392792,2022,374802.8,4016856.7,22430_51340
CASTLE,17_22430_51340,142.28,159.08,147.39,165.75,1.0,,36.287456,-118.392792,2022,374802.8,4016856.7,22430_51340
CASTLE,17_22430_51340,171.07,161.82,180.18,174.03,1.0,,36.287456,-118.392792,2022,374802.8,4016856.7,22430_51340
CASTLE,17_22430_51340,185.01,180.49,192.95,190.51,1.0,,36.287456,-118.392792,2022,374802.8,4016856.7,22430_51340
CASTLE,17_22430_51340,194.55,177.99,201.37,186.88,1.0,,36.287456,-118.392792,2022,374802.8,4016856.7,22430_51340
CASTLE,17_22430_51340,203.75,174.4,210.64,184.9,1.0,,36.287456,-118.392792,2022,374802.8,4016856.7,22430_51340
CASTLE,17_22430_51340,104.39,245.18,110.65,253.51,1.0,,36.287456,-118.392792,2022,374802.8,4016856.7,22430_51340
CASTLE,17_22430_51340,57.15,245.33,61.12,250.34,1.0,,36.287456,-118.392792,2022,374802.8,4016856.7,22430_51340
CASTLE,17_22430_51340,60.47,242.0,65.03,248.11,1.0,,36.287456,-118.392792,2022,374802.8,4016856.7,22430_51340
CASTLE,17_22430_51340,51.0,232.94,55.02,239.02,1.0,,36.287456,-118.392792,2022,374802.8,4016856.7,22430_51340
CASTLE,17_22430_51340,49.85,174.55,55.65,184.47,1.0,,36.287456,-118.392792,2022,374802.8,4016856.7,22430_51340
CASTLE,17_22430_51340,24.27,180.85,28.85,187.49,1.0,,36.287456,-118.392792,2022,374802.8,4016856.7,22430_51340
CASTLE,17_22430_51340,186.09,221.94,192.86,229.76,1.0,,36.287456,-118.392792,2022,374802.8,4016856.7,22430_51340
CASTLE,17_22430_51340,194.14,220.45,200.42,229.31,1.0,,36.287456,-118.392792,2022,374802.8,4016856.7,22430_51340
CASTLE,17_22430_51340,211.07,210.78,219.08,222.4,1.0,,36.287456,-118.392792,2022,374802.8,4016856.7,22430_51340
CASTLE,17_22430_51340,219.4,208.21,225.63,216.01,1.0,,36.287456,-118.392792,2022,374802.8,4016856.7,22430_51340
CASTLE,17_22430_51340,196.79,200.68,204.04,207.45,1.0,,36.287456,-118.392792,2022,374802.8,4016856.7,22430_51340
CASTLE,17_22430_51340,165.63,192.47,173.11,204.07,1.0,,36.287456,-118.392792,2022,374802.8,4016856.7,22430_51340
CASTLE,17_22430_51340,217.17,236.61,226.15,246.14,1.0,,36.287456,-118.392792,2022,374802.8,4016856.7,22430_51340
CASTLE,17_22430_51340,213.52,227.83,222.02,238.41,1.0,,36.287456,-118.392792,2022,374802.8,4016856.7,22430_51340
CASTLE,17_22430_51340,210.77,243.29,219.68,251.21,1.0,,36.287456,-118.392792,2022,374802.8,4016856.7,22430_51340
CASTLE,17_22430_51340,217.22,247.36,227.78,256.0,1.0,,36.287456,-118.392792,2022,374802.8,4016856.7,22430_51340
CASTLE,17_22430_51340,234.73,242.83,243.26,253.94,1.0,,36.287456,-118.392792,2022,374802.8,4016856.7,22430_51340
CASTLE,17_22430_51340,243.83,240.57,249.53,248.34,1.0,,36.287456,-118.392792,2022,374802.8,4016856.7,22430_51340
CASTLE,17_22430_51340,238.14,236.8,242.75,243.98,1.0,,36.287456,-118.392792,2022,374802.8,4016856.7,22430_51340
CASTLE,17_22430_51340,243.7,232.5,249.91,239.75,1.0,,36.287456,-118.392792,2022,374802.8,4016856.7,22430_51340
CASTLE,17_22430_51340,232.56,230.89,240.88,237.71,1.0,,36.287456,-118.392792,2022,374802.8,4016856.7,22430_51340
CASTLE,17_22430_51340,226.05,251.01,232.16,256.0,1.0,,36.287456,-118.392792,2022,374802.8,4016856.7,22430_51340
CASTLE,17_22430_51340,231.61,198.58,236.8,206.86,1.0,,36.287456,-118.392792,2022,374802.8,4016856.7,22430_51340
CASTLE,17_22430_51340,242.04,199.89,249.31,207.19,1.0,,36.287456,-118.392792,2022,374802.8,4016856.7,22430_51340
CASTLE,17_22430_51340,240.5,193.9,247.19,200.1,1.0,,36.287456,-118.392792,2022,374802.8,4016856.7,22430_51340
CASTLE,17_22430_51340,226.63,179.52,237.16,188.06,1.0,,36.287456,-118.392792,2022,374802.8,4016856.7,22430_51340
CASTLE,17_22430_51340,246.76,177.27,255.74,186.8,1.0,,36.287456,-118.392792,2022,374802.8,4016856.7,22430_51340
CASTLE,17_22430_51340,217.47,162.15,225.94,172.19,1.0,,36.287456,-118.392792,2022,374802.8,4016856.7,22430_51340
CASTLE,17_22430_51340,239.83,161.62,247.92,174.85,1.0,,36.287456,-118.392792,2022,374802.8,4016856.7,22430_51340
CASTLE,17_22430_51340,221.77,135.74,229.61,143.6,1.0,,36.287456,-118.392792,2022,374802.8,4016856.7,22430_51340
CASTLE,17_22430_51340,224.42,142.58,232.23,149.92,1.0,,36.287456,-118.392792,2022,374802.8,4016856.7,22430_51340
CASTLE,17_22430_51340,214.48,145.61,220.84,156.08,1.0,,36.287456,-118.392792,2022,374802.8,4016856.7,22430_51340
CASTLE,17_22430_51340,206.45,141.73,213.8,150.64,1.0,,36.287456,-118.392792,2022,374802.8,4016856.7,22430_51340
CASTLE,17_22430_51340,204.6,154.54,210.78,161.26,1.0,,36.287456,-118.392792,2022,374802.8,4016856.7,22430_51340
CASTLE,17_22430_51340,211.34,158.09,215.97,165.8,1.0,,36.287456,-118.392792,2022,374802.8,4016856.7,22430_51340
CASTLE,17_22430_51340,225.99,153.41,233.85,161.82,1.0,,36.287456,-118.392792,2022,374802.8,4016856.7,22430_51340
CASTLE,17_22430_51340,203.64,135.4,210.35,142.15,1.0,,36.287456,-118.392792,2022,374802.8,4016856.7,22430_51340
CASTLE,17_22430_51340,171.38,131.44,179.75,139.33,1.0,,36.287456,-118.392792,2022,374802.8,4016856.7,22430_51340
CASTLE,17_22430_51340,146.1,135.6,152.25,141.78,1.0,,36.287456,-118.392792,2022,374802.8,4016856.7,22430_51340
CASTLE,17_22430_51340,151.62,131.03,157.29,138.26,1.0,,36.287456,-118.392792,2022,374802.8,4016856.7,22430_51340
CASTLE,17_22430_51340,159.68,135.99,165.89,143.24,1.0,,36.287456,-118.392792,2022,374802.8,4016856.7,22430_51340
CASTLE,17_22430_51340,158.65,122.23,166.0,131.15,1.0,,36.287456,-118.392792,2022,374802.8,4016856.7,22430_51340
CASTLE,17_22430_51340,140.29,109.25,148.68,117.68,1.0,,36.287456,-118.392792,2022,374802.8,4016856.7,22430_51340
CASTLE,17_22430_51340,144.42,101.11,152.28,109.52,1.0,,36.287456,-118.392792,2022,374802.8,4016856.7,22430_51340
CASTLE,17_22430_51340,119.65,96.15,126.29,101.29,1.0,,36.287456,-118.392792,2022,374802.8,4016856.7,22430_51340
CASTLE,17_22430_51340,111.56,100.88,119.37,108.21,1.0,,36.287456,-118.392792,2022,374802.8,4016856.7,22430_51340
CASTLE,17_22430_51340,124.82,137.27,128.89,144.43,1.0,,36.287456,-118.392792,2022,374802.8,4016856.7,22430_51340
CASTLE,17_22430_51340,129.43,134.54,136.78,143.46,1.0,,36.287456,-118.392792,2022,374802.8,4016856.7,22430_51340
CASTLE,17_22430_51340,137.74,136.28,142.86,142.95,1.0,,36.287456,-118.392792,2022,374802.8,4016856.7,22430_51340
CASTLE,17_22430_51340,136.9,143.76,142.5,149.38,1.0,,36.287456,-118.392792,2022,374802.8,4016856.7,22430_51340
CASTLE,17_22430_51340,97.24,119.55,105.63,127.99,1.0,,36.287456,-118.392792,2022,374802.8,4016856.7,22430_51340
CASTLE,17_22430_51340,151.42,199.84,157.5,204.41,1.0,,36.287456,-118.392792,2022,374802.8,4016856.7,22430_51340
CASTLE,17_22430_51340,153.55,204.78,159.14,210.41,1.0,,36.287456,-118.392792,2022,374802.8,4016856.7,22430_51340
CASTLE,17_22430_51340,245.9,154.63,249.33,159.61,1.0,,36.287456,-118.392792,2022,374802.8,4016856.7,22430_51340
CASTLE,17_22430_51340,247.72,130.53,253.95,138.32,1.0,,36.287456,-118.392792,2022,374802.8,4016856.7,22430_51340
CASTLE,17_22430_51340,238.81,127.41,246.06,134.18,1.0,,36.287456,-118.392792,2022,374802.8,4016856.7,22430_51340
CASTLE,17_22430_51340,244.26,125.52,252.04,132.31,1.0,,36.287456,-118.392792,2022,374802.8,4016856.7,22430_51340
CASTLE,17_22430_51340,250.36,120.97,255.48,127.64,1.0,,36.287456,-118.392792,2022,374802.8,4016856.7,22430_51340
CASTLE,17_22430_51340,244.56,120.69,251.74,125.85,1.0,,36.287456,-118.392792,2022,374802.8,4016856.7,22430_51340
CASTLE,17_22430_51340,235.02,113.26,241.92,123.76,1.0,,36.287456,-118.392792,2022,374802.8,4016856.7,22430_51340
CASTLE,17_22430_51340,238.1,108.55,243.75,115.25,1.0,,36.287456,-118.392792,2022,374802.8,4016856.7,22430_51340
CASTLE,17_22430_51340,237.33,103.41,242.92,109.03,1.0,,36.287456,-118.392792,2022,374802.8,4016856.7,22430_51340
CASTLE,17_22430_51340,241.53,101.18,247.05,105.2,1.0,,36.287456,-118.392792,2022,374802.8,4016856.7,22430_51340
CASTLE,17_22430_51340,248.06,105.27,252.74,114.06,1.0,,36.287456,-118.392792,2022,374802.8,4016856.7,22430_51340
CASTLE,17_22430_51340,251.56,94.68,256.0,102.4,1.0,,36.287456,-118.392792,2022,374802.8,4016856.7,22430_51340
CASTLE,17_22430_51340,252.16,90.94,256.0,95.41,1.0,,36.287456,-118.392792,2022,374802.8,4016856.7,22430_51340
CASTLE,17_22430_51340,248.83,93.47,252.23,97.92,1.0,,36.287456,-118.392792,2022,374802.8,4016856.7,22430_51340
CASTLE,17_22430_51340,132.8,82.54,141.65,89.39,1.0,,36.287456,-118.392792,2022,374802.8,4016856.7,22430_51340
CASTLE,17_22430_51340,206.47,105.42,210.98,110.46,1.0,,36.287456,-118.392792,2022,374802.8,4016856.7,22430_51340
CASTLE,17_22430_51340,203.52,99.9,208.56,104.96,1.0,,36.287456,-118.392792,2022,374802.8,4016856.7,22430_51340
CASTLE,17_22430_51340,200.51,93.58,207.79,100.89,1.0,,36.287456,-118.392792,2022,374802.8,4016856.7,22430_51340
CASTLE,17_22430_51340,198.07,95.34,202.09,101.42,1.0,,36.287456,-118.392792,2022,374802.8,4016856.7,22430_51340
CASTLE,17_22430_51340,214.6,134.05,220.32,142.35,1.0,,36.287456,-118.392792,2022,374802.8,4016856.7,22430_51340
CASTLE,17_22430_51340,251.71,141.21,256.0,149.99,1.0,,36.287456,-118.392792,2022,374802.8,4016856.7,22430_51340
CASTLE,17_22430_51340,252.87,135.88,256.0,142.47,1.0,,36.287456,-118.392792,2022,374802.8,4016856.7,22430_51340
CASTLE,17_22430_51340,162.55,88.53,167.61,94.13,1.0,,36.287456,-118.392792,2022,374802.8,4016856.7,22430_51340
CASTLE,17_22430_51340,206.97,57.87,213.23,66.19,1.0,,36.287456,-118.392792,2022,374802.8,4016856.7,22430_51340
CASTLE,17_22430_51340,208.69,52.03,214.85,58.21,1.0,,36.287456,-118.392792,2022,374802.8,4016856.7,22430_51340
CASTLE,17_22430_51340,241.08,68.37,245.66,75.01,1.0,,36.287456,-118.392792,2022,374802.8,4016856.7,22430_51340
CASTLE,17_22430_51340,245.87,65.1,250.9,70.16,1.0,,36.287456,-118.392792,2022,374802.8,4016856.7,22430_51340
CASTLE,17_22430_51340,239.25,60.76,246.55,68.6,1.0,,36.287456,-118.392792,2022,374802.8,4016856.7,22430_51340
CASTLE,17_22430_51340,243.04,54.75,248.72,61.98,1.0,,36.287456,-118.392792,2022,374802.8,4016856.7,22430_51340
CASTLE,17_22430_51340,232.56,52.91,241.03,62.95,1.0,,36.287456,-118.392792,2022,374802.8,4016856.7,22430_51340
CASTLE,17_22430_51340,224.88,48.77,231.6,55.52,1.0,,36.287456,-118.392792,2022,374802.8,4016856.7,22430_51340
CASTLE,17_22430_51340,60.22,68.04,67.53,75.88,1.0,,36.287456,-118.392792,2022,374802.8,4016856.7,22430_51340
CASTLE,17_22430_51340,55.32,64.31,61.01,72.08,1.0,,36.287456,-118.392792,2022,374802.8,4016856.7,22430_51340
CASTLE,17_22430_51340,48.18,56.71,55.48,64.55,1.0,,36.287456,-118.392792,2022,374802.8,4016856.7,22430_51340
CASTLE,17_22430_51340,60.79,50.06,66.51,58.36,1.0,,36.287456,-118.392792,2022,374802.8,4016856.7,22430_51340
CASTLE,17_22430_51340,43.17,11.85,52.79,23.55,1.0,,36.287456,-118.392792,2022,374802.8,4016856.7,22430_51340
CASTLE,17_22430_51340,48.59,0.0,54.7,5.1,1.0,,36.287456,-118.392792,2022,374802.8,4016856.7,22430_51340
CASTLE,17_22430_51340,20.23,12.89,25.98,21.73,1.0,,36.287456,-118.392792,2022,374802.8,4016856.7,22430_51340
CASTLE,17_22430_51340,192.28,16.84,200.32,29.0,1.0,,36.287456,-118.392792,2022,374802.8,4016856.7,22430_51340
CASTLE,17_22430_51340,185.9,20.83,190.5,28.0,1.0,,36.287456,-118.392792,2022,374802.8,4016856.7,22430_51340
CASTLE,17_22430_51340,200.23,26.89,205.47,36.25,1.0,,36.287456,-118.392792,2022,374802.8,4016856.7,22430_51340
CASTLE,17_22430_51340,206.61,27.2,214.02,37.19,1.0,,36.287456,-118.392792,2022,374802.8,4016856.7,22430_51340
CASTLE,17_22430_51340,215.57,20.1,221.85,28.97,1.0,,36.287456,-118.392792,2022,374802.8,4016856.7,22430_51340
CASTLE,17_22430_51340,221.09,16.06,226.86,25.44,1.0,,36.287456,-118.392792,2022,374802.8,4016856.7,22430_51340
CASTLE,17_22430_51340,217.27,2.45,228.57,15.83,1.0,,36.287456,-118.392792,2022,374802.8,4016856.7,22430_51340
CASTLE,17_22430_51340,233.08,18.79,239.85,26.6,1.0,,36.287456,-118.392792,2022,374802.8,4016856.7,22430_51340
CASTLE,17_22430_51340,243.04,7.97,251.87,14.28,1.0,,36.287456,-118.392792,2022,374802.8,4016856.7,22430_51340
CASTLE,17_22430_51340,246.77,13.52,251.88,20.19,1.0,,36.287456,-118.392792,2022,374802.8,4016856.7,22430_51340
CASTLE,17_22430_51340,240.27,14.56,246.47,21.81,1.0,,36.287456,-118.392792,2022,374802.8,4016856.7,22430_51340
CASTLE,17_22430_51340,243.47,0.0,249.59,5.03,1.0,,36.287456,-118.392792,2022,374802.8,4016856.7,22430_51340
CASTLE,17_22430_51340,247.57,3.88,252.07,8.91,1.0,,36.287456,-118.392792,2022,374802.8,4016856.7,22430_51340
CASTLE,17_22430_51340,226.94,37.58,231.46,43.15,1.0,,36.287456,-118.392792,2022,374802.8,4016856.7,22430_51340
CASTLE,17_22430_51340,230.37,42.05,237.67,49.89,1.0,,36.287456,-118.392792,2022,374802.8,4016856.7,22430_51340
CASTLE,17_22430_51340,230.62,49.58,237.31,55.79,1.0,,36.287456,-118.392792,2022,374802.8,4016856.7,22430_51340
CASTLE,17_22430_51340,219.13,36.4,225.36,44.19,1.0,,36.287456,-118.392792,2022,374802.8,4016856.7,22430_51340
CASTLE,17_22430_51340,153.0,3.92,161.31,10.75,1.0,,36.287456,-118.392792,2022,374802.8,4016856.7,22430_51340
CASTLE,17_22430_51340,90.65,2.28,97.42,10.1,1.0,,36.287456,-118.392792,2022,374802.8,4016856.7,22430_51340
CASTLE,17_22430_51340,126.18,39.2,132.34,45.39,1.0,,36.287456,-118.392792,2022,374802.8,4016856.7,22430_51340
CASTLE,17_22430_51340,65.42,151.9,72.64,158.14,1.0,,36.287456,-118.392792,2022,374802.8,4016856.7,22430_51340
CASTLE,17_22430_51340,66.04,159.2,76.57,167.73,1.0,,36.287456,-118.392792,2022,374802.8,4016856.7,22430_51340
CASTLE,17_22430_51340,168.23,40.14,172.72,44.9,1.0,,36.287456,-118.392792,2022,374802.8,4016856.7,22430_51340
CASTLE,17_22430_51340,174.52,35.06,179.78,39.33,1.0,,36.287456,-118.392792,2022,374802.8,4016856.7,22430_51340
CASTLE,17_22430_51340,172.88,39.96,177.15,45.52,1.0,,36.287456,-118.392792,2022,374802.8,4016856.7,22430_51340
CASTLE,17_22430_51340,169.21,31.99,174.31,38.39,1.0,,36.287456,-118.392792,2022,374802.8,4016856.7,22430_51340
CASTLE,17_22430_51340,163.45,25.12,169.28,29.95,1.0,,36.287456,-118.392792,2022,374802.8,4016856.7,22430_51340
CASTLE,17_22430_51340,152.0,21.21,157.29,26.02,1.0,,36.287456,-118.392792,2022,374802.8,4016856.7,22430_51340
CASTLE,17_22430_51340,165.03,60.97,171.86,70.13,1.0,,36.287456,-118.392792,2022,374802.8,4016856.7,22430_51340
CASTLE,17_22430_51340,161.07,56.07,166.21,63.27,1.0,,36.287456,-118.392792,2022,374802.8,4016856.7,22430_51340
CASTLE,17_22430_51340,153.45,48.58,158.93,57.41,1.0,,36.287456,-118.392792,2022,374802.8,4016856.7,22430_51340
CASTLE,17_22430_51340,162.6,47.4,168.22,53.56,1.0,,36.287456,-118.392792,2022,374802.8,4016856.7,22430_51340
CASTLE,17_22430_51340,223.4,172.51,236.01,180.07,1.0,,36.287456,-118.392792,2022,374802.8,4016856.7,22430_51340
CASTLE,17_22430_51340,185.28,72.29,196.34,80.84,1.0,,36.287456,-118.392792,2022,374802.8,4016856.7,22430_51340
CASTLE,17_22430_51340,189.95,79.77,201.07,89.4,1.0,,36.287456,-118.392792,2022,374802.8,4016856.7,22430_51340
CASTLE,17_22430_51340,226.34,0.32,234.3,10.87,1.0,,36.287456,-118.392792,2022,374802.8,4016856.7,22430_51340
CASTLE,17_22430_51340,90.58,69.9,99.56,79.43,1.0,,36.287456,-118.392792,2022,374802.8,4016856.7,22430_51340
CASTLE,17_22430_51340,95.97,66.12,101.62,72.82,1.0,,36.287456,-118.392792,2022,374802.8,4016856.7,22430_51340
CASTLE,17_22430_51340,103.41,59.49,109.16,68.33,1.0,,36.287456,-118.392792,2022,374802.8,4016856.7,22430_51340
CASTLE,17_22430_51340,23.32,66.14,31.21,75.08,1.0,,36.287456,-118.392792,2022,374802.8,4016856.7,22430_51340
CASTLE,17_22433_51339,109.41,3.74,118.08,9.43,1.0,,36.28967,-118.384552,2022,375546.3,4017091.7,22433_51339
CASTLE,17_22433_51339,68.05,66.35,75.56,69.88,1.0,,36.28967,-118.384552,2022,375546.3,4017091.7,22433_51339
CASTLE,17_22433_51339,65.04,82.1,73.76,88.85,1.0,,36.28967,-118.384552,2022,375546.3,4017091.7,22433_51339
CASTLE,17_22433_51339,215.6,73.45,224.42,82.3,1.0,,36.28967,-118.384552,2022,375546.3,4017091.7,22433_51339
CASTLE,17_22433_51339,200.42,84.36,207.04,91.01,1.0,,36.28967,-118.384552,2022,375546.3,4017091.7,22433_51339
CASTLE,17_22433_51339,208.78,112.29,216.25,114.76,1.0,,36.28967,-118.384552,2022,375546.3,4017091.7,22433_51339
CASTLE,17_22433_51339,216.62,110.56,220.03,115.99,1.0,,36.28967,-118.384552,2022,375546.3,4017091.7,22433_51339
CASTLE,17_22433_51339,206.28,117.47,210.74,122.96,1.0,,36.28967,-118.384552,2022,375546.3,4017091.7,22433_51339
CASTLE,17_22433_51339,186.41,170.53,193.97,175.11,1.0,,36.28967,-118.384552,2022,375546.3,4017091.7,22433_51339
CASTLE,17_22433_51339,208.48,153.05,212.73,154.3,1.0,,36.28967,-118.384552,2022,375546.3,4017091.7,22433_51339
CASTLE,17_22433_51339,204.02,143.84,206.32,148.16,1.0,,36.28967,-118.384552,2022,375546.3,4017091.7,22433_51339
CASTLE,17_22433_51339,208.35,142.45,210.61,145.72,1.0,,36.28967,-118.384552,2022,375546.3,4017091.7,22433_51339
CASTLE,17_22433_51339,207.58,138.71,214.99,140.12,1.0,,36.28967,-118.384552,2022,375546.3,4017091.7,22433_51339
CASTLE,17_22433_51339,212.46,133.65,213.66,136.87,1.0,,36.28967,-118.384552,2022,375546.3,4017091.7,22433_51339
CASTLE,17_22433_51339,243.44,138.97,246.53,144.11,1.0,,36.28967,-118.384552,2022,375546.3,4017091.7,22433_51339
CASTLE,17_22433_51339,246.17,106.84,248.41,109.09,1.0,,36.28967,-118.384552,2022,375546.3,4017091.7,22433_51339
CASTLE,17_22433_51339,249.16,99.11,251.63,106.36,1.0,,36.28967,-118.384552,2022,375546.3,4017091.7,22433_51339
CASTLE,17_22433_51339,223.49,110.41,230.75,113.61,1.0,,36.28967,-118.384552,2022,375546.3,4017091.7,22433_51339
CASTLE,17_22433_51339,231.75,117.61,236.83,120.0,1.0,,36.28967,-118.384552,2022,375546.3,4017091.7,22433_51339
CASTLE,17_22433_51339,218.0,99.75,220.92,101.32,1.0,,36.28967,-118.384552,2022,375546.3,4017091.7,22433_51339
CASTLE,17_22433_51339,120.82,124.47,123.77,126.75,1.0,,36.28967,-118.384552,2022,375546.3,4017091.7,22433_51339
CASTLE,17_22433_51339,126.46,146.96,127.34,150.57,1.0,,36.28967,-118.384552,2022,375546.3,4017091.7,22433_51339
CASTLE,17_22433_51339,125.56,169.86,128.74,177.15,1.0,,36.28967,-118.384552,2022,375546.3,4017091.7,22433_51339
CASTLE,17_22433_51339,121.96,158.93,127.12,162.75,1.0,,36.28967,-118.384552,2022,375546.3,4017091.7,22433_51339
CASTLE,17_22433_51339,114.03,168.23,118.47,172.01,1.0,,36.28967,-118.384552,2022,375546.3,4017091.7,22433_51339
CASTLE,17_22433_51339,107.72,181.54,112.13,184.61,1.0,,36.28967,-118.384552,2022,375546.3,4017091.7,22433_51339
CASTLE,17_22433_51339,85.43,190.51,90.65,195.75,1.0,,36.28967,-118.384552,2022,375546.3,4017091.7,22433_51339
CASTLE,17_22433_51339,70.02,205.54,75.31,212.21,1.0,,36.28967,-118.384552,2022,375546.3,4017091.7,22433_51339
CASTLE,17_22433_51339,68.99,199.39,72.04,203.82,1.0,,36.28967,-118.384552,2022,375546.3,4017091.7,22433_51339
CASTLE,17_22433_51339,145.34,178.33,151.88,181.5,1.0,,36.28967,-118.384552,2022,375546.3,4017091.7,22433_51339
CASTLE,17_22433_51339,157.75,143.09,163.55,145.51,1.0,,36.28967,-118.384552,2022,375546.3,4017091.7,22433_51339
CASTLE,17_22433_51339,129.87,133.87,135.8,139.15,1.0,,36.28967,-118.384552,2022,375546.3,4017091.7,22433_51339
CASTLE,17_22433_51339,209.41,167.07,212.36,169.35,1.0,,36.28967,-118.384552,2022,375546.3,4017091.7,22433_51339
CASTLE,17_22433_51339,178.42,183.51,183.75,190.9,1.0,,36.28967,-118.384552,2022,375546.3,4017091.7,22433_51339
CASTLE,17_22433_51339,189.15,182.95,195.19,190.37,1.0,,36.28967,-118.384552,2022,375546.3,4017091.7,22433_51339
CASTLE,17_22433_51339,211.73,184.38,217.6,188.23,1.0,,36.28967,-118.384552,2022,375546.3,4017091.7,22433_51339
CASTLE,17_22433_51339,217.99,194.72,225.31,199.35,1.0,,36.28967,-118.384552,2022,375546.3,4017091.7,22433_51339
CASTLE,17_22433_51339,178.49,201.42,182.19,204.45,1.0,,36.28967,-118.384552,2022,375546.3,4017091.7,22433_51339
CASTLE,17_22433_51339,130.38,206.28,134.15,210.74,1.0,,36.28967,-118.384552,2022,375546.3,4017091.7,22433_51339
CASTLE,17_22433_51339,137.01,201.94,145.05,206.61,1.0,,36.28967,-118.384552,2022,375546.3,4017091.7,22433_51339
CASTLE,17_22433_51339,167.05,202.66,170.0,204.94,1.0,,36.28967,-118.384552,2022,375546.3,4017091.7,22433_51339
CASTLE,17_22433_51339,164.18,210.41,168.56,212.76,1.0,,36.28967,-118.384552,2022,375546.3,4017091.7,22433_51339
CASTLE,17_22433_51339,173.06,208.33,177.57,213.54,1.0,,36.28967,-118.384552,2022,375546.3,4017091.7,22433_51339
CASTLE,17_22433_51339,169.91,216.78,175.03,219.87,1.0,,36.28967,-118.384552,2022,375546.3,4017091.7,22433_51339
CASTLE,17_22433_51339,166.81,223.09,172.94,232.66,1.0,,36.28967,-118.384552,2022,375546.3,4017091.7,22433_51339
CASTLE,17_22433_51339,200.47,203.55,207.76,207.47,1.0,,36.28967,-118.384552,2022,375546.3,4017091.7,22433_51339
CASTLE,17_22433_51339,212.07,213.43,218.0,218.71,1.0,,36.28967,-118.384552,2022,375546.3,4017091.7,22433_51339
CASTLE,17_22433_51339,189.69,217.37,195.69,224.08,1.0,,36.28967,-118.384552,2022,375546.3,4017091.7,22433_51339
CASTLE,17_22433_51339,209.08,225.11,215.66,228.99,1.0,,36.28967,-118.384552,2022,375546.3,4017091.7,22433_51339
CASTLE,17_22433_51339,213.58,218.52,221.68,224.62,1.0,,36.28967,-118.384552,2022,375546.3,4017091.7,22433_51339
CASTLE,17_22433_51339,243.53,205.98,248.68,209.79,1.0,,36.28967,-118.384552,2022,375546.3,4017091.7,22433_51339
CASTLE,17_22433_51339,231.43,197.87,239.43,201.82,1.0,,36.28967,-118.384552,2022,375546.3,4017091.7,22433_51339
CASTLE,17_22433_51339,240.21,193.99,246.04,197.12,1.0,,36.28967,-118.384552,2022,375546.3,4017091.7,22433_51339
CASTLE,17_22433_51339,239.97,188.61,246.65,194.64,1.0,,36.28967,-118.384552,2022,375546.3,4017091.7,22433_51339
CASTLE,17_22433_51339,86.86,124.28,91.31,128.06,1.0,,36.28967,-118.384552,2022,375546.3,4017091.7,22433_51339
CASTLE,17_22433_51339,79.39,130.02,85.32,135.3,1.0,,36.28967,-118.384552,2022,375546.3,4017091.7,22433_51339
CASTLE,17_22433_51339,162.32,61.25,168.87,64.42,1.0,,36.28967,-118.384552,2022,375546.3,4017091.7,22433_51339
CASTLE,17_22433_51339,115.0,236.7,120.51,240.78,1.0,,36.28967,-118.384552,2022,375546.3,4017091.7,22433_51339
CASTLE,17_22433_51339,114.33,245.09,120.49,246.91,1.0,,36.28967,-118.384552,2022,375546.3,4017091.7,22433_51339
CASTLE,17_22433_51339,78.01,229.95,80.43,233.11,1.0,,36.28967,-118.384552,2022,375546.3,4017091.7,22433_51339
CASTLE,17_22433_51339,28.32,200.0,32.3,204.0,1.0,,36.28967,-118.384552,2022,375546.3,4017091.7,22433_51339
CASTLE,17_22433_51339,22.69,192.45,28.84,194.27,1.0,,36.28967,-118.384552,2022,375546.3,4017091.7,22433_51339
CASTLE,17_22433_51339,58.94,188.46,64.48,193.3,1.0,,36.28967,-118.384552,2022,375546.3,4017091.7,22433_51339
CASTLE,17_22433_51339,66.76,114.56,71.43,117.07,1.0,,36.28967,-118.384552,2022,375546.3,4017091.7,22433_51339
CASTLE,17_22433_51339,72.14,234.64,76.01,236.35,1.0,,36.28967,-118.384552,2022,375546.3,4017091.7,22433_51339
CASTLE,17_22433_51339,64.3,237.71,69.0,240.99,1.0,,36.28967,-118.384552,2022,375546.3,4017091.7,22433_51339
CASTLE,17_22433_51339,31.23,223.89,34.6,230.91,1.0,,36.28967,-118.384552,2022,375546.3,4017091.7,22433_51339
CASTLE,17_22433_51339,25.22,224.36,29.24,229.12,1.0,,36.28967,-118.384552,2022,375546.3,4017091.7,22433_51339
CASTLE,17_22433_51339,16.8,223.57,20.89,229.87,1.0,,36.28967,-118.384552,2022,375546.3,4017091.7,22433_51339
CASTLE,17_22433_51339,14.59,206.62,21.69,212.3,1.0,,36.28967,-118.384552,2022,375546.3,4017091.7,22433_51339
CASTLE,17_22433_51339,15.3,201.29,18.52,205.26,1.0,,36.28967,-118.384552,2022,375546.3,4017091.7,22433_51339
CASTLE,17_22433_51339,31.34,241.49,37.57,244.84,1.0,,36.28967,-118.384552,2022,375546.3,4017091.7,22433_51339
CASTLE,17_22433_51339,3.92,248.98,11.67,252.4,1.0,,36.28967,-118.384552,2022,375546.3,4017091.7,22433_51339
CASTLE,17_22433_51339,17.37,230.49,25.13,233.91,1.0,,36.28967,-118.384552,2022,375546.3,4017091.7,22433_51339
CASTLE,17_22433_51339,129.14,248.87,139.36,256.0,1.0,,36.28967,-118.384552,2022,375546.3,4017091.7,22433_51339
CASTLE,17_22433_51339,144.41,250.75,155.28,255.84,1.0,,36.28967,-118.384552,2022,375546.3,4017091.7,22433_51339
CASTLE,17_22433_51339,182.11,250.65,191.5,256.0,1.0,,36.28967,-118.384552,2022,375546.3,4017091.7,22433_51339
CASTLE,17_22433_51339,173.17,238.35,176.47,243.84,1.0,,36.28967,-118.384552,2022,375546.3,4017091.7,22433_51339
CASTLE,17_22433_51339,179.64,238.66,185.21,244.26,1.0,,36.28967,-118.384552,2022,375546.3,4017091.7,22433_51339
CASTLE,17_22433_51339,178.19,227.49,183.08,234.59,1.0,,36.28967,-118.384552,2022,375546.3,4017091.7,22433_51339
CASTLE,17_22433_51339,2.69,182.7,8.35,189.83,1.0,,36.28967,-118.384552,2022,375546.3,4017091.7,22433_51339
CASTLE,17_22433_51339,243.31,233.69,246.82,243.76,1.0,,36.28967,-118.384552,2022,375546.3,4017091.7,22433_51339
CASTLE,17_22433_51339,230.72,236.9,237.89,244.11,1.0,,36.28967,-118.384552,2022,375546.3,4017091.7,22433_51339
CASTLE,17_22433_51339,240.92,246.96,250.37,254.28,1.0,,36.28967,-118.384552,2022,375546.3,4017091.7,22433_51339
CASTLE,17_22433_51339,224.42,251.91,230.7,256.0,1.0,,36.28967,-118.384552,2022,375546.3,4017091.7,22433_51339
CASTLE,17_22433_51339,221.61,242.6,228.1,251.29,1.0,,36.28967,-118.384552,2022,375546.3,4017091.7,22433_51339
CASTLE,17_22433_51339,211.96,242.9,217.79,253.85,1.0,,36.28967,-118.384552,2022,375546.3,4017091.7,22433_51339
CASTLE,17_22433_51339,192.41,246.56,201.98,256.0,1.0,,36.28967,-118.384552,2022,375546.3,4017091.7,22433_51339
CASTLE,17_22433_51339,193.47,233.21,200.72,241.94,1.0,,36.28967,-118.384552,2022,375546.3,4017091.7,22433_51339
CASTLE,17_22433_51339,189.38,226.11,194.2,231.68,1.0,,36.28967,-118.384552,2022,375546.3,4017091.7,22433_51339
CASTLE,17_22433_51339,221.76,204.69,226.47,207.97,1.0,,36.28967,-118.384552,2022,375546.3,4017091.7,22433_51339
CASTLE,17_22433_51339,244.54,221.86,248.53,225.87,1.0,,36.28967,-118.384552,2022,375546.3,4017091.7,22433_51339
CASTLE,17_22433_51339,128.46,11.47,129.33,13.8,1.0,,36.28967,-118.384552,2022,375546.3,4017091.7,22433_51339
CASTLE,17_22433_51339,124.89,20.87,128.87,24.87,1.0,,36.28967,-118.384552,2022,375546.3,4017091.7,22433_51339
CASTLE,17_22433_51339,182.28,34.72,187.67,36.51,1.0,,36.28967,-118.384552,2022,375546.3,4017091.7,22433_51339
CASTLE,17_22433_51339,174.47,30.52,177.59,32.2,1.0,,36.28967,-118.384552,2022,375546.3,4017091.7,22433_51339
CASTLE,17_22433_51339,233.13,15.74,241.18,25.28,1.0,,36.28967,-118.384552,2022,375546.3,4017091.7,22433_51339
CASTLE,17_22433_51339,214.35,22.49,219.13,27.29,1.0,,36.28967,-118.384552,2022,375546.3,4017091.7,22433_51339
CASTLE,17_22433_51339,222.83,35.91,227.64,41.48,1.0,,36.28967,-118.384552,2022,375546.3,4017091.7,22433_51339
CASTLE,17_22433_51339,40.3,101.04,44.25,104.28,1.0,,36.28967,-118.384552,2022,375546.3,4017091.7,22433_51339
CASTLE,17_22433_51339,86.66,238.03,93.0,243.67,1.0,,36.28967,-118.384552,2022,375546.3,4017091.7,22433_51339
CASTLE,17_22433_51339,95.7,249.18,106.56,254.27,1.0,,36.28967,-118.384552,2022,375546.3,4017091.7,22433_51339
CASTLE,17_22433_51339,94.36,238.77,96.78,241.94,1.0,,36.28967,-118.384552,2022,375546.3,4017091.7,22433_51339
CASTLE,17_22433_51339,63.88,231.95,67.76,233.66,1.0,,36.28967,-118.384552,2022,375546.3,4017091.7,22433_51339
CASTLE,17_22433_51339,147.09,230.2,150.93,231.14,1.0,,36.28967,-118.384552,2022,375546.3,4017091.7,22433_51339
CASTLE,17_22437_51333,195.64,81.68,209.99,93.62,1.0,,36.302952,-118.373566,2022,376553.9,4018550.9,22437_51333
CASTLE,17_22437_51333,37.83,103.21,57.49,118.01,1.0,,36.302952,-118.373566,2022,376553.9,4018550.9,22437_51333
CASTLE,17_22437_51333,23.35,108.17,38.66,121.88,1.0,,36.302952,-118.373566,2022,376553.9,4018550.9,22437_51333
CASTLE,17_22437_51333,44.0,121.24,55.88,131.49,1.0,,36.302952,-118.373566,2022,376553.9,4018550.9,22437_51333
CASTLE,17_22437_51333,81.79,115.54,91.79,123.06,1.0,,36.302952,-118.373566,2022,376553.9,4018550.9,22437_51333
CASTLE,17_22437_51333,84.79,110.79,89.42,114.59,1.0,,36.302952,-118.373566,2022,376553.9,4018550.9,22437_51333
CASTLE,17_22437_51333,89.74,109.23,97.99,114.1,1.0,,36.302952,-118.373566,2022,376553.9,4018550.9,22437_51333
CASTLE,17_22437_51333,67.23,118.94,79.18,126.67,1.0,,36.302952,-118.373566,2022,376553.9,4018550.9,22437_51333
CASTLE,17_22437_51333,97.28,115.45,106.64,124.84,1.0,,36.302952,-118.373566,2022,376553.9,4018550.9,22437_51333
CASTLE,17_22437_51333,112.76,115.28,120.96,119.25,1.0,,36.302952,-118.373566,2022,376553.9,4018550.9,22437_51333
CASTLE,17_22437_51333,117.79,118.67,127.06,126.28,1.0,,36.302952,-118.373566,2022,376553.9,4018550.9,22437_51333
CASTLE,17_22437_51333,107.57,131.2,116.62,134.32,1.0,,36.302952,-118.373566,2022,376553.9,4018550.9,22437_51333
CASTLE,17_22437_51333,96.92,136.09,104.31,141.81,1.0,,36.302952,-118.373566,2022,376553.9,4018550.9,22437_51333
CASTLE,17_22437_51333,44.4,146.59,57.28,155.26,1.0,,36.302952,-118.373566,2022,376553.9,4018550.9,22437_51333
CASTLE,17_22437_51333,45.64,138.57,57.67,148.09,1.0,,36.302952,-118.373566,2022,376553.9,4018550.9,22437_51333
CASTLE,17_22437_51333,29.38,134.19,41.33,141.92,1.0,,36.302952,-118.373566,2022,376553.9,4018550.9,22437_51333
CASTLE,17_22437_51333,27.36,148.47,38.41,156.15,1.0,,36.302952,-118.373566,2022,376553.9,4018550.9,22437_51333
CASTLE,17_22437_51333,20.94,142.32,31.99,150.0,1.0,,36.302952,-118.373566,2022,376553.9,4018550.9,22437_51333
CASTLE,17_22437_51333,97.48,93.44,106.79,101.94,1.0,,36.302952,-118.373566,2022,376553.9,4018550.9,22437_51333
CASTLE,17_22437_51333,91.02,99.41,101.14,106.16,1.0,,36.302952,-118.373566,2022,376553.9,4018550.9,22437_51333
CASTLE,17_22437_51333,67.26,101.41,77.33,107.26,1.0,,36.302952,-118.373566,2022,376553.9,4018550.9,22437_51333
CASTLE,17_22437_51333,60.82,93.02,72.81,101.65,1.0,,36.302952,-118.373566,2022,376553.9,4018550.9,22437_51333
CASTLE,17_22437_51333,63.42,65.75,79.02,75.44,1.0,,36.302952,-118.373566,2022,376553.9,4018550.9,22437_51333
CASTLE,17_22437_51333,51.99,72.83,59.47,80.34,1.0,,36.302952,-118.373566,2022,376553.9,4018550.9,22437_51333
CASTLE,17_22437_51333,64.29,76.57,77.17,85.24,1.0,,36.302952,-118.373566,2022,376553.9,4018550.9,22437_51333
CASTLE,17_22437_51333,158.53,101.76,164.1,106.5,1.0,,36.302952,-118.373566,2022,376553.9,4018550.9,22437_51333
CASTLE,17_22437_51333,173.09,98.41,179.47,101.4,1.0,,36.302952,-118.373566,2022,376553.9,4018550.9,22437_51333
CASTLE,17_22437_51333,136.37,96.61,141.13,101.39,1.0,,36.302952,-118.373566,2022,376553.9,4018550.9,22437_51333
CASTLE,17_22437_51333,146.92,94.84,151.67,99.61,1.0,,36.302952,-118.373566,2022,376553.9,4018550.9,22437_51333
CASTLE,17_22437_51333,139.7,108.2,155.56,118.06,1.0,,36.302952,-118.373566,2022,376553.9,4018550.9,22437_51333
CASTLE,17_22437_51333,119.24,89.86,135.06,98.8,1.0,,36.302952,-118.373566,2022,376553.9,4018550.9,22437_51333
CASTLE,17_22437_51333,128.6,84.37,137.16,92.97,1.0,,36.302952,-118.373566,2022,376553.9,4018550.9,22437_51333
CASTLE,17_22437_51333,166.26,86.18,181.17,95.09,1.0,,36.302952,-118.373566,2022,376553.9,4018550.9,22437_51333
CASTLE,17_22437_51333,183.87,68.76,194.29,78.36,1.0,,36.302952,-118.373566,2022,376553.9,4018550.9,22437_51333
CASTLE,17_22437_51333,174.69,65.57,183.98,70.57,1.0,,36.302952,-118.373566,2022,376553.9,4018550.9,22437_51333
CASTLE,17_22437_51333,186.4,64.32,203.12,73.31,1.0,,36.302952,-118.373566,2022,376553.9,4018550.9,22437_51333
CASTLE,17_22437_51333,139.88,152.97,148.44,161.56,1.0,,36.302952,-118.373566,2022,376553.9,4018550.9,22437_51333
CASTLE,17_22437_51333,155.17,156.45,165.55,165.13,1.0,,36.302952,-118.373566,2022,376553.9,4018550.9,22437_51333
CASTLE,17_22437_51333,151.55,138.91,166.37,145.99,1.0,,36.302952,-118.373566,2022,376553.9,4018550.9,22437_51333
CASTLE,17_22437_51333,196.94,139.73,209.99,147.63,1.0,,36.302952,-118.373566,2022,376553.9,4018550.9,22437_51333
CASTLE,17_22437_51333,224.83,144.27,234.34,153.82,1.0,,36.302952,-118.373566,2022,376553.9,4018550.9,22437_51333
CASTLE,17_22437_51333,199.96,163.16,209.34,169.98,1.0,,36.302952,-118.373566,2022,376553.9,4018550.9,22437_51333
CASTLE,17_22437_51333,202.55,150.97,217.64,163.52,1.0,,36.302952,-118.373566,2022,376553.9,4018550.9,22437_51333
CASTLE,17_22437_51333,179.44,152.13,196.21,162.03,1.0,,36.302952,-118.373566,2022,376553.9,4018550.9,22437_51333
CASTLE,17_22437_51333,178.55,161.23,195.32,171.13,1.0,,36.302952,-118.373566,2022,376553.9,4018550.9,22437_51333
CASTLE,17_22437_51333,178.48,175.83,186.0,181.65,1.0,,36.302952,-118.373566,2022,376553.9,4018550.9,22437_51333
CASTLE,17_22437_51333,149.94,175.37,158.28,179.41,1.0,,36.302952,-118.373566,2022,376553.9,4018550.9,22437_51333
CASTLE,17_22437_51333,154.09,171.46,168.91,178.54,1.0,,36.302952,-118.373566,2022,376553.9,4018550.9,22437_51333
CASTLE,17_22437_51333,134.43,171.89,148.43,180.75,1.0,,36.302952,-118.373566,2022,376553.9,4018550.9,22437_51333
CASTLE,17_22437_51333,80.05,177.49,92.23,186.26,1.0,,36.302952,-118.373566,2022,376553.9,4018550.9,22437_51333
CASTLE,17_22437_51333,67.78,178.68,75.42,184.59,1.0,,36.302952,-118.373566,2022,376553.9,4018550.9,22437_51333
CASTLE,17_22437_51333,95.35,176.28,100.97,178.4,1.0,,36.302952,-118.373566,2022,376553.9,4018550.9,22437_51333
CASTLE,17_22437_51333,94.13,169.17,97.22,173.2,1.0,,36.302952,-118.373566,2022,376553.9,4018550.9,22437_51333
CASTLE,17_22437_51333,104.86,167.25,115.76,172.63,1.0,,36.302952,-118.373566,2022,376553.9,4018550.9,22437_51333
CASTLE,17_22437_51333,192.7,52.42,205.77,62.77,1.0,,36.302952,-118.373566,2022,376553.9,4018550.9,22437_51333
CASTLE,17_22437_51333,228.38,80.49,243.29,88.98,1.0,,36.302952,-118.373566,2022,376553.9,4018550.9,22437_51333
CASTLE,17_22437_51333,210.17,80.09,218.06,83.38,1.0,,36.302952,-118.373566,2022,376553.9,4018550.9,22437_51333
CASTLE,17_22437_51333,142.83,82.22,151.88,89.46,1.0,,36.302952,-118.373566,2022,376553.9,4018550.9,22437_51333
CASTLE,17_22437_51333,147.08,76.57,151.19,81.62,1.0,,36.302952,-118.373566,2022,376553.9,4018550.9,22437_51333
CASTLE,17_22437_51333,156.09,71.15,164.08,76.39,1.0,,36.302952,-118.373566,2022,376553.9,4018550.9,22437_51333
CASTLE,17_22437_51333,110.03,152.77,124.16,164.36,1.0,,36.302952,-118.373566,2022,376553.9,4018550.9,22437_51333
CASTLE,17_22437_51333,110.03,144.09,125.93,154.85,1.0,,36.302952,-118.373566,2022,376553.9,4018550.9,22437_51333
CASTLE,17_22437_51333,227.95,60.25,248.61,75.79,1.0,,36.302952,-118.373566,2022,376553.9,4018550.9,22437_51333
CASTLE,17_22437_51333,211.92,61.29,218.58,67.97,1.0,,36.302952,-118.373566,2022,376553.9,4018550.9,22437_51333
CASTLE,17_22437_51333,226.73,105.39,234.21,110.29,1.0,,36.302952,-118.373566,2022,376553.9,4018550.9,22437_51333
CASTLE,17_22437_51333,214.09,107.53,222.74,117.95,1.0,,36.302952,-118.373566,2022,376553.9,4018550.9,22437_51333
CASTLE,17_22437_51333,191.83,116.51,205.02,127.14,1.0,,36.302952,-118.373566,2022,376553.9,4018550.9,22437_51333
CASTLE,17_22437_51333,174.77,108.82,183.11,112.86,1.0,,36.302952,-118.373566,2022,376553.9,4018550.9,22437_51333
CASTLE,17_22437_51333,207.15,45.08,214.8,53.63,1.0,,36.302952,-118.373566,2022,376553.9,4018550.9,22437_51333
CASTLE,17_22437_51333,136.31,43.95,143.92,51.59,1.0,,36.302952,-118.373566,2022,376553.9,4018550.9,22437_51333
CASTLE,17_22437_51333,150.07,55.56,156.55,58.6,1.0,,36.302952,-118.373566,2022,376553.9,4018550.9,22437_51333
CASTLE,17_22437_51333,146.55,59.97,156.79,65.91,1.0,,36.302952,-118.373566,2022,376553.9,4018550.9,22437_51333
CASTLE,17_22437_51333,131.88,55.6,136.55,58.55,1.0,,36.302952,-118.373566,2022,376553.9,4018550.9,22437_51333
CASTLE,17_22437_51333,121.59,51.0,128.12,54.95,1.0,,36.302952,-118.373566,2022,376553.9,4018550.9,22437_51333
CASTLE,17_22437_51333,168.48,39.55,176.87,44.5,1.0,,36.302952,-118.373566,2022,376553.9,4018550.9,22437_51333
CASTLE,17_22437_51333,90.93,72.36,102.08,78.35,1.0,,36.302952,-118.373566,2022,376553.9,4018550.9,22437_51333
CASTLE,17_22437_51333,96.39,82.67,101.15,87.45,1.0,,36.302952,-118.373566,2022,376553.9,4018550.9,22437_51333
CASTLE,17_22437_51333,50.24,87.78,58.15,101.8,1.0,,36.302952,-118.373566,2022,376553.9,4018550.9,22437_51333
CASTLE,17_22437_51333,44.17,179.74,54.67,191.16,1.0,,36.302952,-118.373566,2022,376553.9,4018550.9,22437_51333
CASTLE,17_22437_51333,44.62,193.0,56.76,200.86,1.0,,36.302952,-118.373566,2022,376553.9,4018550.9,22437_51333
CASTLE,17_22437_51333,60.37,191.94,74.54,204.45,1.0,,36.302952,-118.373566,2022,376553.9,4018550.9,22437_51333
CASTLE,17_22437_51333,48.0,163.92,59.97,168.14,1.0,,36.302952,-118.373566,2022,376553.9,4018550.9,22437_51333
CASTLE,17_22437_51333,38.44,168.04,56.12,177.99,1.0,,36.302952,-118.373566,2022,376553.9,4018550.9,22437_51333
CASTLE,17_22437_51333,19.47,192.26,38.14,204.07,1.0,,36.302952,-118.373566,2022,376553.9,4018550.9,22437_51333
CASTLE,17_22437_51333,104.27,203.63,111.74,208.54,1.0,,36.302952,-118.373566,2022,376553.9,4018550.9,22437_51333
CASTLE,17_22437_51333,152.83,209.63,166.92,220.31,1.0,,36.302952,-118.373566,2022,376553.9,4018550.9,22437_51333
CASTLE,17_22437_51333,165.9,202.5,179.99,213.18,1.0,,36.302952,-118.373566,2022,376553.9,4018550.9,22437_51333
CASTLE,17_22437_51333,175.0,193.8,183.6,203.31,1.0,,36.302952,-118.373566,2022,376553.9,4018550.9,22437_51333
CASTLE,17_22437_51333,148.95,182.51,155.05,196.44,1.0,,36.302952,-118.373566,2022,376553.9,4018550.9,22437_51333
CASTLE,17_22437_51333,144.16,223.37,167.15,230.84,1.0,,36.302952,-118.373566,2022,376553.9,4018550.9,22437_51333
CASTLE,17_22437_51333,122.62,228.72,132.82,233.76,1.0,,36.302952,-118.373566,2022,376553.9,4018550.9,22437_51333
CASTLE,17_22437_51333,136.86,215.25,144.38,221.07,1.0,,36.302952,-118.373566,2022,376553.9,4018550.9,22437_51333
CASTLE,17_22437_51333,125.07,205.09,136.22,211.08,1.0,,36.302952,-118.373566,2022,376553.9,4018550.9,22437_51333
CASTLE,17_22437_51333,117.36,216.13,130.23,220.39,1.0,,36.302952,-118.373566,2022,376553.9,4018550.9,22437_51333
CASTLE,17_22437_51333,105.31,237.03,114.69,243.84,1.0,,36.302952,-118.373566,2022,376553.9,4018550.9,22437_51333
CASTLE,17_22437_51333,71.12,49.94,79.51,54.89,1.0,,36.302952,-118.373566,2022,376553.9,4018550.9,22437_51333
CASTLE,17_22437_51333,24.2,46.32,37.38,56.96,1.0,,36.302952,-118.373566,2022,376553.9,4018550.9,22437_51333
CASTLE,17_22437_51333,248.31,42.94,255.83,48.76,1.0,,36.302952,-118.373566,2022,376553.9,4018550.9,22437_51333
CASTLE,17_22437_51333,243.84,51.86,252.22,56.81,1.0,,36.302952,-118.373566,2022,376553.9,4018550.9,22437_51333
CASTLE,17_22437_51333,232.76,47.67,237.42,50.62,1.0,,36.302952,-118.373566,2022,376553.9,4018550.9,22437_51333
CASTLE,17_22437_51333,237.3,36.47,247.5,41.51,1.0,,36.302952,-118.373566,2022,376553.9,4018550.9,22437_51333
CASTLE,17_22437_51333,223.14,33.06,232.65,42.61,1.0,,36.302952,-118.373566,2022,376553.9,4018550.9,22437_51333
CASTLE,17_22437_51333,212.54,37.11,222.0,45.75,1.0,,36.302952,-118.373566,2022,376553.9,4018550.9,22437_51333
CASTLE,17_22437_51333,157.88,87.46,166.39,95.15,1.0,,36.302952,-118.373566,2022,376553.9,4018550.9,22437_51333
CASTLE,17_22437_51333,182.98,27.47,191.54,36.07,1.0,,36.302952,-118.373566,2022,376553.9,4018550.9,22437_51333
CASTLE,17_22437_51333,205.24,16.67,211.16,26.96,1.0,,36.302952,-118.373566,2022,376553.9,4018550.9,22437_51333
CASTLE,17_22437_51333,210.9,28.35,217.42,32.3,1.0,,36.302952,-118.373566,2022,376553.9,4018550.9,22437_51333
CASTLE,17_22437_51333,202.43,29.78,209.17,38.28,1.0,,36.302952,-118.373566,2022,376553.9,4018550.9,22437_51333
CASTLE,17_22437_51333,224.38,25.36,229.39,35.6,1.0,,36.302952,-118.373566,2022,376553.9,4018550.9,22437_51333
CASTLE,17_22437_51333,233.78,23.51,235.85,29.07,1.0,,36.302952,-118.373566,2022,376553.9,4018550.9,22437_51333
CASTLE,17_22437_51333,231.79,28.9,236.5,32.76,1.0,,36.302952,-118.373566,2022,376553.9,4018550.9,22437_51333
CASTLE,17_22437_51333,237.62,23.26,243.59,34.45,1.0,,36.302952,-118.373566,2022,376553.9,4018550.9,22437_51333
CASTLE,17_22437_51333,236.98,16.35,243.46,19.39,1.0,,36.302952,-118.373566,2022,376553.9,4018550.9,22437_51333
CASTLE,17_22437_51333,225.88,130.02,236.21,137.79,1.0,,36.302952,-118.373566,2022,376553.9,4018550.9,22437_51333
CASTLE,17_22437_51333,236.34,106.32,245.98,118.61,1.0,,36.302952,-118.373566,2022,376553.9,4018550.9,22437_51333
CASTLE,17_22437_51333,239.28,121.99,250.69,133.45,1.0,,36.302952,-118.373566,2022,376553.9,4018550.9,22437_51333
CASTLE,17_22437_51333,213.07,197.46,223.44,206.14,1.0,,36.302952,-118.373566,2022,376553.9,4018550.9,22437_51333
CASTLE,17_22437_51333,229.95,178.17,243.0,186.07,1.0,,36.302952,-118.373566,2022,376553.9,4018550.9,22437_51333
CASTLE,17_22437_51333,229.04,188.63,239.33,195.49,1.0,,36.302952,-118.373566,2022,376553.9,4018550.9,22437_51333
CASTLE,17_22437_51333,250.15,167.74,256.0,181.67,1.0,,36.302952,-118.373566,2022,376553.9,4018550.9,22437_51333
CASTLE,17_22437_51333,163.26,241.64,176.31,249.55,1.0,,36.302952,-118.373566,2022,376553.9,4018550.9,22437_51333
CASTLE,17_22437_51333,169.2,232.34,178.58,239.15,1.0,,36.302952,-118.373566,2022,376553.9,4018550.9,22437_51333
CASTLE,17_22437_51333,51.83,211.62,64.06,221.3,1.0,,36.302952,-118.373566,2022,376553.9,4018550.9,22437_51333
CASTLE,17_22437_51333,71.6,131.73,77.43,140.19,1.0,,36.302952,-118.373566,2022,376553.9,4018550.9,22437_51333
CASTLE,17_22437_51333,114.09,71.2,119.88,78.75,1.0,,36.302952,-118.373566,2022,376553.9,4018550.9,22437_51333
CASTLE,17_22437_51333,117.82,26.15,122.49,29.1,1.0,,36.302952,-118.373566,2022,376553.9,4018550.9,22437_51333
CASTLE,17_22437_51333,104.92,26.9,111.53,32.68,1.0,,36.302952,-118.373566,2022,376553.9,4018550.9,22437_51333
CASTLE,17_22437_51333,95.59,23.26,101.25,28.08,1.0,,36.302952,-118.373566,2022,376553.9,4018550.9,22437_51333
CASTLE,17_22437_51333,93.86,30.03,98.66,35.71,1.0,,36.302952,-118.373566,2022,376553.9,4018550.9,22437_51333
CASTLE,17_22437_51333,93.51,39.14,101.85,43.18,1.0,,36.302952,-118.373566,2022,376553.9,4018550.9,22437_51333
CASTLE,17_22437_51333,85.69,41.05,91.31,44.95,1.0,,36.302952,-118.373566,2022,376553.9,4018550.9,22437_51333
CASTLE,17_22437_51333,81.04,42.2,88.52,47.1,1.0,,36.302952,-118.373566,2022,376553.9,4018550.9,22437_51333
CASTLE,17_22437_51333,119.21,63.67,122.97,66.58,1.0,,36.302952,-118.373566,2022,376553.9,4018550.9,22437_51333
CASTLE,17_22437_51333,106.81,66.27,113.29,69.31,1.0,,36.302952,-118.373566,2022,376553.9,4018550.9,22437_51333
CASTLE,17_22437_51333,106.16,69.44,110.87,73.3,1.0,,36.302952,-118.373566,2022,376553.9,4018550.9,22437_51333
CASTLE,17_22437_51333,95.97,63.92,99.77,67.74,1.0,,36.302952,-118.373566,2022,376553.9,4018550.9,22437_51333
CASTLE,17_22437_51333,152.07,21.41,162.27,26.44,1.0,,36.302952,-118.373566,2022,376553.9,4018550.9,22437_51333
CASTLE,17_22437_51333,144.96,26.55,158.83,32.67,1.0,,36.302952,-118.373566,2022,376553.9,4018550.9,22437_51333
CASTLE,17_22437_51333,141.56,31.86,156.3,37.12,1.0,,36.302952,-118.373566,2022,376553.9,4018550.9,22437_51333
CASTLE,17_22437_51333,143.96,37.92,151.48,43.74,1.0,,36.302952,-118.373566,2022,376553.9,4018550.9,22437_51333
CASTLE,17_22437_51333,188.0,21.31,193.66,26.13,1.0,,36.302952,-118.373566,2022,376553.9,4018550.9,22437_51333
CASTLE,17_22437_51333,186.79,16.23,192.54,22.87,1.0,,36.302952,-118.373566,2022,376553.9,4018550.9,22437_51333
CASTLE,17_22437_51333,112.94,10.39,125.04,17.34,1.0,,36.302952,-118.373566,2022,376553.9,4018550.9,22437_51333
CASTLE,17_22437_51333,54.09,10.77,63.64,21.23,1.0,,36.302952,-118.373566,2022,376553.9,4018550.9,22437_51333
CASTLE,17_22437_51333,51.69,20.68,60.89,23.85,1.0,,36.302952,-118.373566,2022,376553.9,4018550.9,22437_51333
CASTLE,17_22437_51333,49.07,25.13,61.13,31.17,1.0,,36.302952,-118.373566,2022,376553.9,4018550.9,22437_51333
CASTLE,17_22437_51333,44.25,43.64,54.79,55.97,1.0,,36.302952,-118.373566,2022,376553.9,4018550.9,22437_51333
CASTLE,17_22437_51333,32.17,35.28,39.74,42.01,1.0,,36.302952,-118.373566,2022,376553.9,4018550.9,22437_51333
CASTLE,17_22437_51333,24.76,37.21,35.09,44.98,1.0,,36.302952,-118.373566,2022,376553.9,4018550.9,22437_51333
CASTLE,17_22437_51333,181.57,41.55,188.14,46.42,1.0,,36.302952,-118.373566,2022,376553.9,4018550.9,22437_51333
CASTLE,17_22437_51333,191.53,41.58,198.15,47.35,1.0,,36.302952,-118.373566,2022,376553.9,4018550.9,22437_51333
CASTLE,17_22437_51333,146.49,10.64,155.96,19.28,1.0,,36.302952,-118.373566,2022,376553.9,4018550.9,22437_51333
CASTLE,17_22437_51333,138.5,7.51,146.11,15.15,1.0,,36.302952,-118.373566,2022,376553.9,4018550.9,22437_51333
CASTLE,17_22437_51333,79.09,10.58,83.67,11.71,1.0,,36.302952,-118.373566,2022,376553.9,4018550.9,22437_51333
CASTLE,17_22437_51333,93.09,10.8,101.38,13.93,1.0,,36.302952,-118.373566,2022,376553.9,4018550.9,22437_51333
CASTLE,17_22437_51333,42.96,30.32,56.78,35.53,1.0,,36.302952,-118.373566,2022,376553.9,4018550.9,22437_51333
CASTLE,17_22437_51333,215.57,227.71,221.1,229.79,1.0,,36.302952,-118.373566,2022,376553.9,4018550.9,22437_51333
CASTLE,17_22437_51333,217.12,233.26,219.93,235.21,1.0,,36.302952,-118.373566,2022,376553.9,4018550.9,22437_51333
CASTLE,17_22437_51333,203.59,182.37,208.26,185.32,1.0,,36.302952,-118.373566,2022,376553.9,4018550.9,22437_51333
CASTLE,17_22437_51333,200.16,186.78,203.05,190.55,1.0,,36.302952,-118.373566,2022,376553.9,4018550.9,22437_51333
CASTLE,17_22437_51333,236.91,167.54,248.97,173.57,1.0,,36.302952,-118.373566,2022,376553.9,4018550.9,22437_51333
CASTLE,17_22437_51333,223.71,169.64,232.05,173.68,1.0,,36.302952,-118.373566,2022,376553.9,4018550.9,22437_51333
CASTLE,17_22437_51333,246.25,154.74,253.68,158.73,1.0,,36.302952,-118.373566,2022,376553.9,4018550.9,22437_51333
CASTLE,17_22437_51333,250.94,148.12,254.92,155.59,1.0,,36.302952,-118.373566,2022,376553.9,4018550.9,22437_51333
CASTLE,17_22437_51333,251.08,112.49,255.7,114.53,1.0,,36.302952,-118.373566,2022,376553.9,4018550.9,22437_51333
CASTLE,17_22437_51333,99.35,160.92,111.5,168.78,1.0,,36.302952,-118.373566,2022,376553.9,4018550.9,22437_51333
CASTLE,17_22437_51333,109.19,209.36,123.28,220.04,1.0,,36.302952,-118.373566,2022,376553.9,4018550.9,22437_51333
CASTLE,17_22437_51333,85.99,245.26,93.36,250.72,1.0,,36.302952,-118.373566,2022,376553.9,4018550.9,22437_51333
CASTLE,17_22437_51333,69.23,226.52,78.93,238.22,1.0,,36.302952,-118.373566,2022,376553.9,4018550.9,22437_51333
CASTLE,17_22437_51333,61.2,232.78,65.37,235.02,1.0,,36.302952,-118.373566,2022,376553.9,4018550.9,22437_51333
CASTLE,17_22437_51333,60.86,228.15,62.03,231.27,1.0,,36.302952,-118.373566,2022,376553.9,4018550.9,22437_51333
CASTLE,17_22437_51333,33.48,214.53,37.65,216.77,1.0,,36.302952,-118.373566,2022,376553.9,4018550.9,22437_51333
CASTLE,17_22437_51333,77.97,200.26,83.26,204.6,1.0,,36.302952,-118.373566,2022,376553.9,4018550.9,22437_51333
CASTLE,17_22437_51333,109.29,193.57,114.72,200.98,1.0,,36.302952,-118.373566,2022,376553.9,4018550.9,22437_51333
CASTLE,17_22437_51333,105.36,196.45,109.48,197.67,1.0,,36.302952,-118.373566,2022,376553.9,4018550.9,22437_51333
CASTLE,17_22437_51333,105.09,189.26,110.33,192.57,1.0,,36.302952,-118.373566,2022,376553.9,4018550.9,22437_51333
CASTLE,17_22437_51333,189.35,247.17,202.0,256.0,1.0,,36.302952,-118.373566,2022,376553.9,4018550.9,22437_51333
CASTLE,17_22437_51333,213.16,248.29,216.26,249.47,1.0,,36.302952,-118.373566,2022,376553.9,4018550.9,22437_51333
CASTLE,17_22437_51333,234.12,230.86,245.66,238.56,1.0,,36.302952,-118.373566,2022,376553.9,4018550.9,22437_51333
CASTLE,17_22437_51333,36.85,64.97,44.27,71.45,1.0,,36.302952,-118.373566,2022,376553.9,4018550.9,22437_51333
CASTLE,17_22437_51333,36.53,74.69,47.88,78.3,1.0,,36.302952,-118.373566,2022,376553.9,4018550.9,22437_51333
CASTLE,17_22437_51333,12.23,66.35,24.79,74.1,1.0,,36.302952,-118.373566,2022,376553.9,4018550.9,22437_51333
CASTLE,17_22437_51333,6.43,50.69,14.83,56.19,1.0,,36.302952,-118.373566,2022,376553.9,4018550.9,22437_51333
CASTLE,17_22437_51333,2.26,61.26,4.64,68.52,1.0,,36.302952,-118.373566,2022,376553.9,4018550.9,22437_51333
CASTLE,17_22437_51333,19.52,18.51,37.27,28.55,1.0,,36.302952,-118.373566,2022,376553.9,4018550.9,22437_51333
CASTLE,17_22437_51333,23.69,9.98,33.1,15.54,1.0,,36.302952,-118.373566,2022,376553.9,4018550.9,22437_51333
CASTLE,17_22437_51333,13.36,13.58,22.72,18.12,1.0,,36.302952,-118.373566,2022,376553.9,4018550.9,22437_51333
CASTLE,17_22437_51333,178.18,79.46,185.51,83.89,1.0,,36.302952,-118.373566,2022,376553.9,4018550.9,22437_51333
CASTLE,17_22437_51333,233.65,9.31,238.89,12.63,1.0,,36.302952,-118.373566,2022,376553.9,4018550.9,22437_51333
CASTLE,17_22437_51333,218.42,5.51,227.83,11.06,1.0,,36.302952,-118.373566,2022,376553.9,4018550.9,22437_51333
CASTLE,17_22437_51333,140.51,245.33,150.02,252.93,1.0,,36.302952,-118.373566,2022,376553.9,4018550.9,22437_51333
CASTLE,17_22437_51333,14.26,239.76,24.7,245.37,1.0,,36.302952,-118.373566,2022,376553.9,4018550.9,22437_51333
CASTLE,17_22437_51333,70.4,250.15,82.91,256.0,1.0,,36.302952,-118.373566,2022,376553.9,4018550.9,22437_51333
CASTLE,17_22437_51333,37.76,250.12,49.21,255.77,1.0,,36.302952,-118.373566,2022,376553.9,4018550.9,22437_51333
CASTLE,17_22437_51333,56.62,253.07,68.98,256.0,1.0,,36.302952,-118.373566,2022,376553.9,4018550.9,22437_51333
CASTLE,17_22437_51333,3.05,96.17,9.6,105.67,1.0,,36.302952,-118.373566,2022,376553.9,4018550.9,22437_51333
CASTLE,17_22437_51333,112.94,46.06,120.22,49.48,1.0,,36.302952,-118.373566,2022,376553.9,4018550.9,22437_51333
CASTLE,17_22437_51333,111.63,52.15,115.85,55.42,1.0,,36.302952,-118.373566,2022,376553.9,4018550.9,22437_51333
CASTLE,17_22437_51333,176.19,14.24,186.57,18.82,1.0,,36.302952,-118.373566,2022,376553.9,4018550.9,22437_51333
CASTLE,17_22437_51333,195.93,10.06,201.08,11.32,1.0,,36.302952,-118.373566,2022,376553.9,4018550.9,22437_51333
CASTLE,17_22437_51333,199.69,5.11,206.92,7.5,1.0,,36.302952,-118.373566,2022,376553.9,4018550.9,22437_51333
CASTLE,17_22437_51333,187.73,7.62,188.95,11.76,1.0,,36.302952,-118.373566,2022,376553.9,4018550.9,22437_51333
CASTLE,17_22437_51333,175.41,8.05,180.75,13.41,1.0,,36.302952,-118.373566,2022,376553.9,4018550.9,22437_51333
CASTLE,17_22437_51333,13.25,131.52,18.64,137.9,1.0,,36.302952,-118.373566,2022,376553.9,4018550.9,22437_51333
CASTLE,17_22437_51333,2.51,127.94,10.12,138.51,1.0,,36.302952,-118.373566,2022,376553.9,4018550.9,22437_51333
CASTLE,17_22437_51333,165.05,115.24,172.57,123.77,1.0,,36.302952,-118.373566,2022,376553.9,4018550.9,22437_51333
CASTLE,17_22437_51333,199.09,224.56,203.61,233.97,1.0,,36.302952,-118.373566,2022,376553.9,4018550.9,22437_51333
CASTLE,17_22437_51333,192.76,223.22,196.02,227.46,1.0,,36.302952,-118.373566,2022,376553.9,4018550.9,22437_51333
CASTLE,17_22437_51333,211.98,216.45,219.3,220.89,1.0,,36.302952,-118.373566,2022,376553.9,4018550.9,22437_51333
CASTLE,17_22437_51333,211.78,211.83,213.92,213.97,1.0,,36.302952,-118.373566,2022,376553.9,4018550.9,22437_51333
CASTLE,17_22437_51333,239.99,218.83,243.19,222.04,1.0,,36.302952,-118.373566,2022,376553.9,4018550.9,22437_51333
CASTLE,17_22437_51333,90.16,140.34,95.31,141.6,1.0,,36.302952,-118.373566,2022,376553.9,4018550.9,22437_51333
CASTLE,17_22437_51333,84.39,141.6,90.65,144.97,1.0,,36.302952,-118.373566,2022,376553.9,4018550.9,22437_51333
CASTLE,17_22437_51333,0.0,195.99,10.45,211.84,1.0,,36.302952,-118.373566,2022,376553.9,4018550.9,22437_51333
CASTLE,17_22437_51390,115.64,228.71,128.2,242.47,1.0,,36.176683,-118.373566,2022,376355.1,4004544.2,22437_51390
CASTLE,17_22437_51390,109.48,199.57,118.23,208.37,1.0,,36.176683,-118.373566,2022,376355.1,4004544.2,22437_51390
CASTLE,17_22437_51390,78.16,229.31,88.11,238.16,1.0,,36.176683,-118.373566,2022,376355.1,4004544.2,22437_51390
CASTLE,17_22437_51390,69.61,233.1,79.56,241.95,1.0,,36.176683,-118.373566,2022,376355.1,4004544.2,22437_51390
CASTLE,17_22437_51390,5.97,224.65,15.97,234.69,1.0,,36.176683,-118.373566,2022,376355.1,4004544.2,22437_51390
CASTLE,17_22437_51390,135.85,183.43,145.91,194.67,1.0,,36.176683,-118.373566,2022,376355.1,4004544.2,22437_51390
CASTLE,17_22437_51390,56.74,239.69,66.68,248.54,1.0,,36.176683,-118.373566,2022,376355.1,4004544.2,22437_51390
CASTLE,17_22437_51390,140.27,229.89,151.47,239.99,1.0,,36.176683,-118.373566,2022,376355.1,4004544.2,22437_51390
CASTLE,17_22437_51390,147.26,237.42,154.71,243.76,1.0,,36.176683,-118.373566,2022,376355.1,4004544.2,22437_51390
CASTLE,17_22437_51390,147.66,226.63,154.03,235.31,1.0,,36.176683,-118.373566,2022,376355.1,4004544.2,22437_51390
CASTLE,17_22437_51390,168.91,247.47,175.16,253.75,1.0,,36.176683,-118.373566,2022,376355.1,4004544.2,22437_51390
CASTLE,17_22437_51390,163.04,220.16,169.29,226.44,1.0,,36.176683,-118.373566,2022,376355.1,4004544.2,22437_51390
CASTLE,17_22437_51390,168.26,208.4,175.82,217.14,1.0,,36.176683,-118.373566,2022,376355.1,4004544.2,22437_51390
CASTLE,17_22437_51390,172.5,195.99,178.81,203.47,1.0,,36.176683,-118.373566,2022,376355.1,4004544.2,22437_51390
CASTLE,17_22437_51390,176.25,192.56,181.37,199.98,1.0,,36.176683,-118.373566,2022,376355.1,4004544.2,22437_51390
CASTLE,17_22437_51390,168.15,180.78,181.91,194.59,1.0,,36.176683,-118.373566,2022,376355.1,4004544.2,22437_51390
CASTLE,17_22437_51390,162.33,172.07,168.58,178.35,1.0,,36.176683,-118.373566,2022,376355.1,4004544.2,22437_51390
CASTLE,17_22437_51390,143.18,171.16,153.07,178.81,1.0,,36.176683,-118.373566,2022,376355.1,4004544.2,22437_51390
CASTLE,17_22437_51390,145.28,161.05,156.54,172.36,1.0,,36.176683,-118.373566,2022,376355.1,4004544.2,22437_51390
CASTLE,17_22437_51390,147.42,157.54,154.92,165.08,1.0,,36.176683,-118.373566,2022,376355.1,4004544.2,22437_51390
CASTLE,17_22437_51390,104.09,150.66,115.17,158.37,1.0,,36.176683,-118.373566,2022,376355.1,4004544.2,22437_51390
CASTLE,17_22437_51390,107.24,143.61,117.3,154.86,1.0,,36.176683,-118.373566,2022,376355.1,4004544.2,22437_51390
CASTLE,17_22437_51390,28.8,110.41,36.36,119.14,1.0,,36.176683,-118.373566,2022,376355.1,4004544.2,22437_51390
CASTLE,17_22437_51390,107.99,68.55,116.69,76.15,1.0,,36.176683,-118.373566,2022,376355.1,4004544.2,22437_51390
CASTLE,17_22437_51390,116.54,102.6,124.04,110.14,1.0,,36.176683,-118.373566,2022,376355.1,4004544.2,22437_51390
CASTLE,17_22437_51390,121.43,98.04,131.43,108.08,1.0,,36.176683,-118.373566,2022,376355.1,4004544.2,22437_51390
CASTLE,17_22437_51390,18.76,62.27,28.07,73.73,1.0,,36.176683,-118.373566,2022,376355.1,4004544.2,22437_51390
CASTLE,17_22437_51390,26.45,63.75,35.72,74.1,1.0,,36.176683,-118.373566,2022,376355.1,4004544.2,22437_51390
CASTLE,17_22437_51390,83.34,33.85,91.66,47.46,1.0,,36.176683,-118.373566,2022,376355.1,4004544.2,22437_51390
CASTLE,17_22437_51390,91.35,34.22,98.26,41.16,1.0,,36.176683,-118.373566,2022,376355.1,4004544.2,22437_51390
CASTLE,17_22437_51390,90.35,43.57,99.46,50.62,1.0,,36.176683,-118.373566,2022,376355.1,4004544.2,22437_51390
CASTLE,17_22437_51390,101.56,25.86,109.67,35.06,1.0,,36.176683,-118.373566,2022,376355.1,4004544.2,22437_51390
CASTLE,17_22437_51390,183.1,1.01,191.26,11.31,1.0,,36.176683,-118.373566,2022,376355.1,4004544.2,22437_51390
CASTLE,17_22437_51390,192.88,0.0,203.44,14.1,1.0,,36.176683,-118.373566,2022,376355.1,4004544.2,22437_51390
CASTLE,17_22437_51390,202.12,8.56,211.28,16.7,1.0,,36.176683,-118.373566,2022,376355.1,4004544.2,22437_51390
CASTLE,17_22437_51390,221.03,28.82,226.84,35.71,1.0,,36.176683,-118.373566,2022,376355.1,4004544.2,22437_51390
CASTLE,17_22437_51390,220.48,47.61,235.29,59.34,1.0,,36.176683,-118.373566,2022,376355.1,4004544.2,22437_51390
CASTLE,17_22437_51390,187.74,93.05,196.79,98.99,1.0,,36.176683,-118.373566,2022,376355.1,4004544.2,22437_51390
CASTLE,17_22437_51390,190.2,87.64,194.86,93.37,1.0,,36.176683,-118.373566,2022,376355.1,4004544.2,22437_51390
CASTLE,17_22437_51390,162.55,53.12,169.51,61.17,1.0,,36.176683,-118.373566,2022,376355.1,4004544.2,22437_51390
CASTLE,17_22437_51390,141.19,55.43,159.46,70.63,1.0,,36.176683,-118.373566,2022,376355.1,4004544.2,22437_51390
CASTLE,17_22437_51390,144.36,72.18,153.73,84.74,1.0,,36.176683,-118.373566,2022,376355.1,4004544.2,22437_51390
CASTLE,17_22437_51390,165.69,71.52,170.29,76.15,1.0,,36.176683,-118.373566,2022,376355.1,4004544.2,22437_51390
CASTLE,17_22437_51390,169.92,75.04,174.53,79.67,1.0,,36.176683,-118.373566,2022,376355.1,4004544.2,22437_51390
CASTLE,17_22437_51390,154.87,98.67,160.74,106.66,1.0,,36.176683,-118.373566,2022,376355.1,4004544.2,22437_51390
CASTLE,17_22437_51390,142.65,111.36,149.67,120.51,1.0,,36.176683,-118.373566,2022,376355.1,4004544.2,22437_51390
CASTLE,17_22437_51390,138.28,115.01,143.99,119.69,1.0,,36.176683,-118.373566,2022,376355.1,4004544.2,22437_51390
CASTLE,17_22437_51390,147.55,105.5,152.15,110.13,1.0,,36.176683,-118.373566,2022,376355.1,4004544.2,22437_51390
CASTLE,17_22437_51390,150.06,108.39,155.87,115.28,1.0,,36.176683,-118.373566,2022,376355.1,4004544.2,22437_51390
CASTLE,17_22437_51390,149.25,113.88,155.06,120.77,1.0,,36.176683,-118.373566,2022,376355.1,4004544.2,22437_51390
CASTLE,17_22437_51390,154.92,111.39,160.68,117.17,1.0,,36.176683,-118.373566,2022,376355.1,4004544.2,22437_51390
CASTLE,17_22437_51390,165.18,106.34,169.74,109.87,1.0,,36.176683,-118.373566,2022,376355.1,4004544.2,22437_51390
CASTLE,17_22437_51390,169.08,102.11,173.79,108.95,1.0,,36.176683,-118.373566,2022,376355.1,4004544.2,22437_51390
CASTLE,17_22437_51390,173.29,121.12,177.85,124.64,1.0,,36.176683,-118.373566,2022,376355.1,4004544.2,22437_51390
CASTLE,17_22437_51390,160.55,117.2,167.56,126.35,1.0,,36.176683,-118.373566,2022,376355.1,4004544.2,22437_51390
CASTLE,17_22437_51390,182.37,114.36,186.98,118.99,1.0,,36.176683,-118.373566,2022,376355.1,4004544.2,22437_51390
CASTLE,17_22437_51390,174.42,105.69,180.23,112.58,1.0,,36.176683,-118.373566,2022,376355.1,4004544.2,22437_51390
CASTLE,17_22437_51390,182.66,107.19,190.62,113.08,1.0,,36.176683,-118.373566,2022,376355.1,4004544.2,22437_51390
CASTLE,17_22437_51390,186.14,101.28,196.4,109.48,1.0,,36.176683,-118.373566,2022,376355.1,4004544.2,22437_51390
CASTLE,17_22437_51390,191.87,97.68,200.98,104.72,1.0,,36.176683,-118.373566,2022,376355.1,4004544.2,22437_51390
CASTLE,17_22437_51390,195.04,87.87,203.1,95.97,1.0,,36.176683,-118.373566,2022,376355.1,4004544.2,22437_51390
CASTLE,17_22437_51390,189.31,82.06,196.22,89.0,1.0,,36.176683,-118.373566,2022,376355.1,4004544.2,22437_51390
CASTLE,17_22437_51390,178.45,77.67,186.51,85.77,1.0,,36.176683,-118.373566,2022,376355.1,4004544.2,22437_51390
CASTLE,17_22437_51390,186.51,72.52,191.17,78.25,1.0,,36.176683,-118.373566,2022,376355.1,4004544.2,22437_51390
CASTLE,17_22437_51390,191.83,66.14,198.63,70.87,1.0,,36.176683,-118.373566,2022,376355.1,4004544.2,22437_51390
CASTLE,17_22437_51390,208.18,76.89,217.39,86.14,1.0,,36.176683,-118.373566,2022,376355.1,4004544.2,22437_51390
CASTLE,17_22437_51390,211.92,69.87,216.63,76.71,1.0,,36.176683,-118.373566,2022,376355.1,4004544.2,22437_51390
CASTLE,17_22437_51390,217.29,71.79,225.35,79.89,1.0,,36.176683,-118.373566,2022,376355.1,4004544.2,22437_51390
CASTLE,17_22437_51390,192.74,226.61,203.11,237.02,1.0,,36.176683,-118.373566,2022,376355.1,4004544.2,22437_51390
CASTLE,17_22437_51390,180.26,212.18,189.48,221.44,1.0,,36.176683,-118.373566,2022,376355.1,4004544.2,22437_51390
CASTLE,17_22437_51390,180.19,203.33,188.25,211.42,1.0,,36.176683,-118.373566,2022,376355.1,4004544.2,22437_51390
CASTLE,17_22437_51390,179.92,232.08,185.78,240.07,1.0,,36.176683,-118.373566,2022,376355.1,4004544.2,22437_51390
CASTLE,17_22437_51390,175.39,235.73,188.9,242.99,1.0,,36.176683,-118.373566,2022,376355.1,4004544.2,22437_51390
CASTLE,17_22437_51390,172.15,236.68,178.95,241.41,1.0,,36.176683,-118.373566,2022,376355.1,4004544.2,22437_51390
CASTLE,17_22437_51390,182.72,242.72,190.78,250.82,1.0,,36.176683,-118.373566,2022,376355.1,4004544.2,22437_51390
CASTLE,17_22437_51390,178.06,248.03,186.12,256.0,1.0,,36.176683,-118.373566,2022,376355.1,4004544.2,22437_51390
CASTLE,17_22437_51390,192.3,234.89,200.51,246.3,1.0,,36.176683,-118.373566,2022,376355.1,4004544.2,22437_51390
CASTLE,17_22437_51390,199.52,237.99,205.33,244.88,1.0,,36.176683,-118.373566,2022,376355.1,4004544.2,22437_51390
CASTLE,17_22437_51390,192.53,247.06,200.49,252.95,1.0,,36.176683,-118.373566,2022,376355.1,4004544.2,22437_51390
CASTLE,17_22437_51390,194.57,252.68,205.72,256.0,1.0,,36.176683,-118.373566,2022,376355.1,4004544.2,22437_51390
CASTLE,17_22437_51390,124.48,4.84,136.0,16.4,1.0,,36.176683,-118.373566,2022,376355.1,4004544.2,22437_51390
CASTLE,17_22437_51390,138.64,10.49,150.05,19.85,1.0,,36.176683,-118.373566,2022,376355.1,4004544.2,22437_51390
CASTLE,17_22437_51390,131.0,11.23,139.0,18.22,1.0,,36.176683,-118.373566,2022,376355.1,4004544.2,22437_51390
CASTLE,17_22437_51390,137.38,5.44,145.34,11.33,1.0,,36.176683,-118.373566,2022,376355.1,4004544.2,22437_51390
CASTLE,17_22437_51390,132.67,0.0,145.06,6.34,1.0,,36.176683,-118.373566,2022,376355.1,4004544.2,22437_51390
CASTLE,17_22437_51390,152.53,7.84,161.74,17.09,1.0,,36.176683,-118.373566,2022,376355.1,4004544.2,22437_51390
CASTLE,17_22437_51390,147.22,17.54,156.33,24.58,1.0,,36.176683,-118.373566,2022,376355.1,4004544.2,22437_51390
CASTLE,17_22437_51390,154.86,16.8,165.17,26.11,1.0,,36.176683,-118.373566,2022,376355.1,4004544.2,22437_51390
CASTLE,17_22437_51390,167.63,14.65,180.14,24.06,1.0,,36.176683,-118.373566,2022,376355.1,4004544.2,22437_51390
CASTLE,17_22437_51390,161.4,22.64,172.6,27.58,1.0,,36.176683,-118.373566,2022,376355.1,4004544.2,22437_51390
CASTLE,17_22437_51390,176.55,18.41,192.62,33.5,1.0,,36.176683,-118.373566,2022,376355.1,4004544.2,22437_51390
CASTLE,17_22437_51390,177.09,74.83,185.0,79.62,1.0,,36.176683,-118.373566,2022,376355.1,4004544.2,22437_51390
CASTLE,17_22437_51390,223.34,31.71,238.25,45.64,1.0,,36.176683,-118.373566,2022,376355.1,4004544.2,22437_51390
CASTLE,17_22437_51390,237.41,217.13,248.72,224.28,1.0,,36.176683,-118.373566,2022,376355.1,4004544.2,22437_51390
CASTLE,17_22437_51390,220.04,179.81,237.26,196.05,1.0,,36.176683,-118.373566,2022,376355.1,4004544.2,22437_51390
CASTLE,17_22437_51390,225.59,191.69,240.56,206.73,1.0,,36.176683,-118.373566,2022,376355.1,4004544.2,22437_51390
CASTLE,17_22437_51390,227.18,202.28,246.65,219.74,1.0,,36.176683,-118.373566,2022,376355.1,4004544.2,22437_51390
CASTLE,17_22437_51390,233.54,225.8,246.1,236.32,1.0,,36.176683,-118.373566,2022,376355.1,4004544.2,22437_51390
CASTLE,17_22437_51390,232.72,231.3,246.39,241.86,1.0,,36.176683,-118.373566,2022,376355.1,4004544.2,22437_51390
CASTLE,17_22437_51390,222.02,235.21,241.23,247.15,1.0,,36.176683,-118.373566,2022,376355.1,4004544.2,22437_51390
CASTLE,17_22437_51390,227.07,247.62,235.16,256.0,1.0,,36.176683,-118.373566,2022,376355.1,4004544.2,22437_51390
CASTLE,17_22437_51390,231.47,248.93,243.9,256.0,1.0,,36.176683,-118.373566,2022,376355.1,4004544.2,22437_51390
CASTLE,17_22437_51390,207.17,163.15,220.99,177.02,1.0,,36.176683,-118.373566,2022,376355.1,4004544.2,22437_51390
CASTLE,17_22437_51390,208.38,149.37,221.09,163.2,1.0,,36.176683,-118.373566,2022,376355.1,4004544.2,22437_51390
CASTLE,17_22437_51390,211.26,134.03,225.13,149.01,1.0,,36.176683,-118.373566,2022,376355.1,4004544.2,22437_51390
CASTLE,17_22437_51390,221.78,124.57,232.19,136.08,1.0,,36.176683,-118.373566,2022,376355.1,4004544.2,22437_51390
CASTLE,17_22438_51405,135.25,196.79,141.95,204.53,1.0,,36.14342,-118.370819,2022,376550.0,4000851.0,22438_51405
CASTLE,17_22438_51405,132.27,193.45,138.92,200.13,1.0,,36.14342,-118.370819,2022,376550.0,4000851.0,22438_51405
CASTLE,17_22442_51366,65.22,222.06,75.15,232.03,1.0,,36.229874,-118.359833,2022,377673.0,4010427.1,22442_51366
CASTLE,17_22442_51366,126.21,230.47,139.17,247.36,1.0,,36.229874,-118.359833,2022,377673.0,4010427.1,22442_51366
CASTLE,17_22442_51366,114.26,231.92,125.54,241.95,1.0,,36.229874,-118.359833,2022,377673.0,4010427.1,22442_51366
CASTLE,17_22442_51366,66.09,241.51,73.89,249.35,1.0,,36.229874,-118.359833,2022,377673.0,4010427.1,22442_51366
CASTLE,17_22442_51366,74.33,244.3,85.61,254.33,1.0,,36.229874,-118.359833,2022,377673.0,4010427.1,22442_51366
CASTLE,17_22442_51366,88.21,247.68,96.65,254.87,1.0,,36.229874,-118.359833,2022,377673.0,4010427.1,22442_51366
CASTLE,17_22442_51366,83.78,228.74,90.1,233.79,1.0,,36.229874,-118.359833,2022,377673.0,4010427.1,22442_51366
CASTLE,17_22442_51366,35.13,224.35,42.83,230.14,1.0,,36.229874,-118.359833,2022,377673.0,4010427.1,22442_51366
CASTLE,17_22442_51366,47.57,224.61,57.4,232.54,1.0,,36.229874,-118.359833,2022,377673.0,4010427.1,22442_51366
CASTLE,17_22442_51366,46.44,228.98,52.79,234.71,1.0,,36.229874,-118.359833,2022,377673.0,4010427.1,22442_51366
CASTLE,17_22442_51366,8.8,236.38,28.33,249.52,1.0,,36.229874,-118.359833,2022,377673.0,4010427.1,22442_51366
CASTLE,17_22442_51366,4.65,222.56,19.51,236.84,1.0,,36.229874,-118.359833,2022,377673.0,4010427.1,22442_51366
CASTLE,17_22442_51366,15.01,224.75,24.16,232.65,1.0,,36.229874,-118.359833,2022,377673.0,4010427.1,22442_51366
CASTLE,17_22442_51366,33.79,238.93,43.49,244.14,1.0,,36.229874,-118.359833,2022,377673.0,4010427.1,22442_51366
CASTLE,17_22442_51366,34.31,235.89,38.56,240.16,1.0,,36.229874,-118.359833,2022,377673.0,4010427.1,22442_51366
CASTLE,17_22442_51366,49.38,243.43,57.18,251.27,1.0,,36.229874,-118.359833,2022,377673.0,4010427.1,22442_51366
CASTLE,17_22442_51366,59.22,245.94,64.19,250.93,1.0,,36.229874,-118.359833,2022,377673.0,4010427.1,22442_51366
CASTLE,17_22442_51366,28.37,195.09,43.2,208.69,1.0,,36.229874,-118.359833,2022,377673.0,4010427.1,22442_51366
CASTLE,17_22442_51366,5.4,210.33,15.35,220.98,1.0,,36.229874,-118.359833,2022,377673.0,4010427.1,22442_51366
CASTLE,17_22442_51366,1.69,207.41,6.69,213.08,1.0,,36.229874,-118.359833,2022,377673.0,4010427.1,22442_51366
CASTLE,17_22442_51366,16.38,181.9,22.15,189.64,1.0,,36.229874,-118.359833,2022,377673.0,4010427.1,22442_51366
CASTLE,17_22442_51366,12.66,176.61,18.33,182.31,1.0,,36.229874,-118.359833,2022,377673.0,4010427.1,22442_51366
CASTLE,17_22442_51366,40.48,176.93,45.44,181.91,1.0,,36.229874,-118.359833,2022,377673.0,4010427.1,22442_51366
CASTLE,17_22442_51366,57.01,173.99,70.32,184.12,1.0,,36.229874,-118.359833,2022,377673.0,4010427.1,22442_51366
CASTLE,17_22442_51366,168.62,192.48,176.45,200.99,1.0,,36.229874,-118.359833,2022,377673.0,4010427.1,22442_51366
CASTLE,17_22442_51366,166.51,188.97,170.86,195.28,1.0,,36.229874,-118.359833,2022,377673.0,4010427.1,22442_51366
CASTLE,17_22442_51366,240.17,193.2,245.94,200.94,1.0,,36.229874,-118.359833,2022,377673.0,4010427.1,22442_51366
CASTLE,17_22442_51366,236.44,208.0,242.86,215.09,1.0,,36.229874,-118.359833,2022,377673.0,4010427.1,22442_51366
CASTLE,17_22442_51366,197.96,180.27,209.92,190.34,1.0,,36.229874,-118.359833,2022,377673.0,4010427.1,22442_51366
CASTLE,17_22442_51366,205.31,188.11,208.89,192.35,1.0,,36.229874,-118.359833,2022,377673.0,4010427.1,22442_51366
CASTLE,17_22442_51366,184.48,183.36,188.09,188.28,1.0,,36.229874,-118.359833,2022,377673.0,4010427.1,22442_51366
CASTLE,17_22442_51366,114.55,153.09,125.77,161.77,1.0,,36.229874,-118.359833,2022,377673.0,4010427.1,22442_51366
CASTLE,17_22442_51366,101.31,164.02,108.3,169.11,1.0,,36.229874,-118.359833,2022,377673.0,4010427.1,22442_51366
CASTLE,17_22442_51366,85.1,159.16,93.61,167.71,1.0,,36.229874,-118.359833,2022,377673.0,4010427.1,22442_51366
CASTLE,17_22442_51366,92.32,149.97,102.86,158.62,1.0,,36.229874,-118.359833,2022,377673.0,4010427.1,22442_51366
CASTLE,17_22442_51366,81.01,148.06,86.68,153.76,1.0,,36.229874,-118.359833,2022,377673.0,4010427.1,22442_51366
CASTLE,17_22442_51366,69.92,170.03,82.91,187.61,1.0,,36.229874,-118.359833,2022,377673.0,4010427.1,22442_51366
CASTLE,17_22442_51366,78.63,171.8,91.98,182.61,1.0,,36.229874,-118.359833,2022,377673.0,4010427.1,22442_51366
CASTLE,17_22442_51366,67.44,163.75,70.34,167.96,1.0,,36.229874,-118.359833,2022,377673.0,4010427.1,22442_51366
CASTLE,17_22442_51366,67.98,144.03,73.65,149.73,1.0,,36.229874,-118.359833,2022,377673.0,4010427.1,22442_51366
CASTLE,17_22442_51366,79.5,137.09,85.85,142.82,1.0,,36.229874,-118.359833,2022,377673.0,4010427.1,22442_51366
CASTLE,17_22442_51366,146.53,165.87,154.33,173.7,1.0,,36.229874,-118.359833,2022,377673.0,4010427.1,22442_51366
CASTLE,17_22442_51366,175.14,171.67,178.81,177.95,1.0,,36.229874,-118.359833,2022,377673.0,4010427.1,22442_51366
CASTLE,17_22442_51366,193.19,156.53,200.21,162.29,1.0,,36.229874,-118.359833,2022,377673.0,4010427.1,22442_51366
CASTLE,17_22442_51366,236.38,143.97,242.19,152.39,1.0,,36.229874,-118.359833,2022,377673.0,4010427.1,22442_51366
CASTLE,17_22442_51366,217.31,139.99,222.37,147.01,1.0,,36.229874,-118.359833,2022,377673.0,4010427.1,22442_51366
CASTLE,17_22442_51366,189.38,206.42,197.83,213.6,1.0,,36.229874,-118.359833,2022,377673.0,4010427.1,22442_51366
CASTLE,17_22442_51366,151.03,190.95,160.25,200.21,1.0,,36.229874,-118.359833,2022,377673.0,4010427.1,22442_51366
CASTLE,17_22442_51366,88.31,10.46,95.73,16.94,1.0,,36.229874,-118.359833,2022,377673.0,4010427.1,22442_51366
CASTLE,17_22442_51366,70.88,14.23,74.13,18.47,1.0,,36.229874,-118.359833,2022,377673.0,4010427.1,22442_51366
CASTLE,17_22442_51366,57.18,11.52,63.53,16.93,1.0,,36.229874,-118.359833,2022,377673.0,4010427.1,22442_51366
CASTLE,17_22442_51366,32.46,46.21,39.93,53.72,1.0,,36.229874,-118.359833,2022,377673.0,4010427.1,22442_51366
CASTLE,17_22442_51366,21.89,52.88,28.39,61.36,1.0,,36.229874,-118.359833,2022,377673.0,4010427.1,22442_51366
CASTLE,17_22442_51366,39.29,57.81,44.48,60.1,1.0,,36.229874,-118.359833,2022,377673.0,4010427.1,22442_51366
CASTLE,17_22442_51366,37.47,61.82,38.69,65.96,1.0,,36.229874,-118.359833,2022,377673.0,4010427.1,22442_51366
CASTLE,17_22442_51366,20.93,78.96,25.1,81.2,1.0,,36.229874,-118.359833,2022,377673.0,4010427.1,22442_51366
CASTLE,17_22442_51366,6.12,76.2,11.46,81.56,1.0,,36.229874,-118.359833,2022,377673.0,4010427.1,22442_51366
CASTLE,17_22442_51366,21.47,2.62,24.67,5.84,1.0,,36.229874,-118.359833,2022,377673.0,4010427.1,22442_51366
CASTLE,17_22442_51366,137.34,5.15,141.44,11.47,1.0,,36.229874,-118.359833,2022,377673.0,4010427.1,22442_51366
CASTLE,17_22442_51366,113.69,20.53,120.82,26.22,1.0,,36.229874,-118.359833,2022,377673.0,4010427.1,22442_51366
CASTLE,17_22442_51366,79.47,33.86,83.47,37.87,1.0,,36.229874,-118.359833,2022,377673.0,4010427.1,22442_51366
CASTLE,17_22442_51366,48.69,37.75,54.98,41.88,1.0,,36.229874,-118.359833,2022,377673.0,4010427.1,22442_51366
CASTLE,17_22442_51366,46.86,42.66,53.98,48.36,1.0,,36.229874,-118.359833,2022,377673.0,4010427.1,22442_51366
CASTLE,17_22442_51366,82.94,52.86,90.21,61.62,1.0,,36.229874,-118.359833,2022,377673.0,4010427.1,22442_51366
CASTLE,17_22442_51366,110.68,52.26,117.01,57.16,1.0,,36.229874,-118.359833,2022,377673.0,4010427.1,22442_51366
CASTLE,17_22442_51366,125.67,62.58,128.0,63.46,1.0,,36.229874,-118.359833,2022,377673.0,4010427.1,22442_51366
CASTLE,17_22442_51366,133.76,51.07,136.96,54.28,1.0,,36.229874,-118.359833,2022,377673.0,4010427.1,22442_51366
CASTLE,17_22442_51366,112.42,102.49,117.37,105.62,1.0,,36.229874,-118.359833,2022,377673.0,4010427.1,22442_51366
CASTLE,17_22442_51366,124.94,92.45,127.97,95.49,1.0,,36.229874,-118.359833,2022,377673.0,4010427.1,22442_51366
CASTLE,17_22442_51366,123.8,85.14,127.83,89.19,1.0,,36.229874,-118.359833,2022,377673.0,4010427.1,22442_51366
CASTLE,17_22442_51366,119.84,88.33,121.9,91.32,1.0,,36.229874,-118.359833,2022,377673.0,4010427.1,22442_51366
CASTLE,17_22442_51366,54.2,107.43,59.33,114.42,1.0,,36.229874,-118.359833,2022,377673.0,4010427.1,22442_51366
CASTLE,17_22442_51366,78.62,99.42,87.64,107.56,1.0,,36.229874,-118.359833,2022,377673.0,4010427.1,22442_51366
CASTLE,17_22442_51366,89.1,106.69,94.05,109.82,1.0,,36.229874,-118.359833,2022,377673.0,4010427.1,22442_51366
CASTLE,17_22442_51366,93.49,112.71,96.65,118.64,1.0,,36.229874,-118.359833,2022,377673.0,4010427.1,22442_51366
CASTLE,17_22442_51366,92.14,123.77,94.2,126.75,1.0,,36.229874,-118.359833,2022,377673.0,4010427.1,22442_51366
CASTLE,17_22442_51366,99.81,121.72,104.89,127.75,1.0,,36.229874,-118.359833,2022,377673.0,4010427.1,22442_51366
CASTLE,17_22442_51366,73.6,122.89,81.71,131.94,1.0,,36.229874,-118.359833,2022,377673.0,4010427.1,22442_51366
CASTLE,17_22442_51366,43.13,110.28,48.12,114.37,1.0,,36.229874,-118.359833,2022,377673.0,4010427.1,22442_51366
CASTLE,17_22442_51366,43.02,100.6,49.06,106.67,1.0,,36.229874,-118.359833,2022,377673.0,4010427.1,22442_51366
CASTLE,17_22442_51366,68.12,89.24,74.17,95.31,1.0,,36.229874,-118.359833,2022,377673.0,4010427.1,22442_51366
CASTLE,17_22442_51366,57.09,89.19,62.13,94.24,1.0,,36.229874,-118.359833,2022,377673.0,4010427.1,22442_51366
CASTLE,17_22442_51366,8.66,112.02,14.8,120.02,1.0,,36.229874,-118.359833,2022,377673.0,4010427.1,22442_51366
CASTLE,17_22442_51366,31.87,116.99,34.8,118.09,1.0,,36.229874,-118.359833,2022,377673.0,4010427.1,22442_51366
CASTLE,17_22442_51366,0.81,118.89,6.76,123.02,1.0,,36.229874,-118.359833,2022,377673.0,4010427.1,22442_51366
CASTLE,17_22442_51366,91.72,69.09,94.88,75.02,1.0,,36.229874,-118.359833,2022,377673.0,4010427.1,22442_51366
CASTLE,17_22442_51366,54.63,71.17,58.66,75.21,1.0,,36.229874,-118.359833,2022,377673.0,4010427.1,22442_51366
CASTLE,17_22442_51366,202.28,123.28,209.33,130.36,1.0,,36.229874,-118.359833,2022,377673.0,4010427.1,22442_51366
CASTLE,17_22442_51366,143.47,118.02,146.49,121.05,1.0,,36.229874,-118.359833,2022,377673.0,4010427.1,22442_51366
CASTLE,17_22442_51366,129.01,115.39,134.09,121.41,1.0,,36.229874,-118.359833,2022,377673.0,4010427.1,22442_51366
CASTLE,17_22442_51366,127.66,103.23,133.71,109.3,1.0,,36.229874,-118.359833,2022,377673.0,4010427.1,22442_51366
CASTLE,17_22442_51366,188.54,242.61,197.93,251.31,1.0,,36.229874,-118.359833,2022,377673.0,4010427.1,22442_51366
CASTLE,17_22442_51366,198.12,247.96,203.68,254.99,1.0,,36.229874,-118.359833,2022,377673.0,4010427.1,22442_51366
CASTLE,17_22442_51366,206.71,238.58,212.39,247.86,1.0,,36.229874,-118.359833,2022,377673.0,4010427.1,22442_51366
CASTLE,17_22442_51366,197.61,225.7,204.74,234.3,1.0,,36.229874,-118.359833,2022,377673.0,4010427.1,22442_51366
CASTLE,17_22442_51366,181.4,229.44,189.18,235.82,1.0,,36.229874,-118.359833,2022,377673.0,4010427.1,22442_51366
CASTLE,17_22442_51366,190.51,227.24,196.79,233.55,1.0,,36.229874,-118.359833,2022,377673.0,4010427.1,22442_51366
CASTLE,17_22442_51366,227.37,222.22,228.94,223.8,1.0,,36.229874,-118.359833,2022,377673.0,4010427.1,22442_51366
CASTLE,17_22442_51366,223.38,205.46,231.23,213.34,1.0,,36.229874,-118.359833,2022,377673.0,4010427.1,22442_51366
CASTLE,17_22442_51366,244.69,249.45,248.65,254.14,1.0,,36.229874,-118.359833,2022,377673.0,4010427.1,22442_51366
CASTLE,17_22442_51366,222.26,247.61,228.47,252.42,1.0,,36.229874,-118.359833,2022,377673.0,4010427.1,22442_51366
CASTLE,17_22442_51366,147.09,250.02,150.3,254.68,1.0,,36.229874,-118.359833,2022,377673.0,4010427.1,22442_51366
CASTLE,17_22442_51366,104.9,246.1,108.08,250.01,1.0,,36.229874,-118.359833,2022,377673.0,4010427.1,22442_51366
CASTLE,17_22442_51366,109.06,244.05,113.05,249.49,1.0,,36.229874,-118.359833,2022,377673.0,4010427.1,22442_51366
CASTLE,17_22442_51366,84.12,205.91,92.72,213.83,1.0,,36.229874,-118.359833,2022,377673.0,4010427.1,22442_51366
CASTLE,17_22442_51366,95.8,202.71,103.01,212.81,1.0,,36.229874,-118.359833,2022,377673.0,4010427.1,22442_51366
CASTLE,17_22442_51366,60.1,211.54,69.56,221.75,1.0,,36.229874,-118.359833,2022,377673.0,4010427.1,22442_51366
CASTLE,17_22442_51366,73.85,213.32,76.99,216.47,1.0,,36.229874,-118.359833,2022,377673.0,4010427.1,22442_51366
CASTLE,17_22442_51366,75.44,214.92,84.03,222.83,1.0,,36.229874,-118.359833,2022,377673.0,4010427.1,22442_51366
CASTLE,17_22442_51366,47.42,238.06,53.66,243.62,1.0,,36.229874,-118.359833,2022,377673.0,4010427.1,22442_51366
CASTLE,17_22442_51366,36.79,247.73,41.57,253.96,1.0,,36.229874,-118.359833,2022,377673.0,4010427.1,22442_51366
CASTLE,17_22442_51366,47.19,183.49,56.14,190.82,1.0,,36.229874,-118.359833,2022,377673.0,4010427.1,22442_51366
CASTLE,17_22442_51366,108.17,178.91,113.04,184.89,1.0,,36.229874,-118.359833,2022,377673.0,4010427.1,22442_51366
CASTLE,17_22442_51366,122.59,181.92,129.29,190.3,1.0,,36.229874,-118.359833,2022,377673.0,4010427.1,22442_51366
CASTLE,17_22442_51366,130.82,182.31,134.46,186.51,1.0,,36.229874,-118.359833,2022,377673.0,4010427.1,22442_51366
CASTLE,17_22442_51366,143.63,197.95,147.24,201.57,1.0,,36.229874,-118.359833,2022,377673.0,4010427.1,22442_51366
CASTLE,17_22442_51366,149.02,184.06,153.94,191.2,1.0,,36.229874,-118.359833,2022,377673.0,4010427.1,22442_51366
CASTLE,17_22442_51366,141.1,183.96,144.74,188.16,1.0,,36.229874,-118.359833,2022,377673.0,4010427.1,22442_51366
CASTLE,17_22442_51366,171.43,236.28,175.04,239.9,1.0,,36.229874,-118.359833,2022,377673.0,4010427.1,22442_51366
CASTLE,17_22442_51366,175.35,234.45,182.6,242.28,1.0,,36.229874,-118.359833,2022,377673.0,4010427.1,22442_51366
CASTLE,17_22442_51366,107.64,231.19,113.71,238.38,1.0,,36.229874,-118.359833,2022,377673.0,4010427.1,22442_51366
CASTLE,17_22442_51366,106.53,220.44,112.49,225.33,1.0,,36.229874,-118.359833,2022,377673.0,4010427.1,22442_51366
CASTLE,17_22442_51366,95.34,221.05,97.8,224.62,1.0,,36.229874,-118.359833,2022,377673.0,4010427.1,22442_51366
CASTLE,17_22442_51366,98.78,228.74,105.48,237.12,1.0,,36.229874,-118.359833,2022,377673.0,4010427.1,22442_51366
CASTLE,17_22442_51366,55.56,228.4,66.36,238.7,1.0,,36.229874,-118.359833,2022,377673.0,4010427.1,22442_51366
CASTLE,17_22442_51366,27.25,181.65,32.07,186.49,1.0,,36.229874,-118.359833,2022,377673.0,4010427.1,22442_51366
CASTLE,17_22442_51366,37.46,160.39,40.05,163.76,1.0,,36.229874,-118.359833,2022,377673.0,4010427.1,22442_51366
CASTLE,17_22442_51366,11.32,171.36,15.57,175.63,1.0,,36.229874,-118.359833,2022,377673.0,4010427.1,22442_51366
CASTLE,17_22442_51366,17.07,171.64,20.43,174.23,1.0,,36.229874,-118.359833,2022,377673.0,4010427.1,22442_51366
CASTLE,17_22442_51366,53.52,170.14,58.66,176.07,1.0,,36.229874,-118.359833,2022,377673.0,4010427.1,22442_51366
CASTLE,17_22442_51366,56.54,158.86,61.63,163.98,1.0,,36.229874,-118.359833,2022,377673.0,4010427.1,22442_51366
CASTLE,17_22442_51366,38.91,158.0,39.76,158.86,1.0,,36.229874,-118.359833,2022,377673.0,4010427.1,22442_51366
CASTLE,17_22442_51366,34.2,152.07,35.98,155.41,1.0,,36.229874,-118.359833,2022,377673.0,4010427.1,22442_51366
CASTLE,17_22442_51366,25.77,159.41,28.32,161.97,1.0,,36.229874,-118.359833,2022,377673.0,4010427.1,22442_51366
CASTLE,17_22442_51366,40.38,141.77,45.4,145.26,1.0,,36.229874,-118.359833,2022,377673.0,4010427.1,22442_51366
CASTLE,17_22442_51366,55.25,133.93,60.39,139.86,1.0,,36.229874,-118.359833,2022,377673.0,4010427.1,22442_51366
CASTLE,17_22442_51366,52.5,127.67,54.2,129.38,1.0,,36.229874,-118.359833,2022,377673.0,4010427.1,22442_51366
CASTLE,17_22442_51366,20.38,127.76,22.93,130.32,1.0,,36.229874,-118.359833,2022,377673.0,4010427.1,22442_51366
CASTLE,17_22442_51366,45.35,155.06,48.83,160.1,1.0,,36.229874,-118.359833,2022,377673.0,4010427.1,22442_51366
CASTLE,17_22442_51366,120.33,141.55,124.57,145.81,1.0,,36.229874,-118.359833,2022,377673.0,4010427.1,22442_51366
CASTLE,17_22442_51366,123.04,126.59,128.94,131.75,1.0,,36.229874,-118.359833,2022,377673.0,4010427.1,22442_51366
CASTLE,17_22442_51366,129.96,135.49,135.01,139.79,1.0,,36.229874,-118.359833,2022,377673.0,4010427.1,22442_51366
CASTLE,17_22442_51366,115.05,126.2,118.41,128.8,1.0,,36.229874,-118.359833,2022,377673.0,4010427.1,22442_51366
CASTLE,17_22442_51366,95.12,135.44,96.86,137.95,1.0,,36.229874,-118.359833,2022,377673.0,4010427.1,22442_51366
CASTLE,17_22442_51366,68.22,136.18,73.27,140.48,1.0,,36.229874,-118.359833,2022,377673.0,4010427.1,22442_51366
CASTLE,17_22442_51366,51.03,139.84,53.61,143.21,1.0,,36.229874,-118.359833,2022,377673.0,4010427.1,22442_51366
CASTLE,17_22442_51366,48.37,137.67,53.31,139.53,1.0,,36.229874,-118.359833,2022,377673.0,4010427.1,22442_51366
CASTLE,17_22442_51366,182.94,79.42,186.12,84.03,1.0,,36.229874,-118.359833,2022,377673.0,4010427.1,22442_51366
CASTLE,17_22442_51366,165.05,131.31,168.58,136.44,1.0,,36.229874,-118.359833,2022,377673.0,4010427.1,22442_51366
CASTLE,17_22442_51366,171.98,134.13,177.94,138.55,1.0,,36.229874,-118.359833,2022,377673.0,4010427.1,22442_51366
CASTLE,17_22442_51366,198.67,138.32,206.25,141.99,1.0,,36.229874,-118.359833,2022,377673.0,4010427.1,22442_51366
CASTLE,17_22442_51366,241.05,108.41,242.81,110.97,1.0,,36.229874,-118.359833,2022,377673.0,4010427.1,22442_51366
CASTLE,17_22442_51366,105.19,86.93,109.55,92.09,1.0,,36.229874,-118.359833,2022,377673.0,4010427.1,22442_51366
CASTLE,17_22442_51366,78.52,67.38,81.97,70.85,1.0,,36.229874,-118.359833,2022,377673.0,4010427.1,22442_51366
CASTLE,17_22442_51366,216.19,218.35,219.21,221.38,1.0,,36.229874,-118.359833,2022,377673.0,4010427.1,22442_51366
CASTLE,17_22442_51366,248.69,203.72,251.67,205.79,1.0,,36.229874,-118.359833,2022,377673.0,4010427.1,22442_51366
CASTLE,17_22442_51366,245.15,199.93,249.2,204.46,1.0,,36.229874,-118.359833,2022,377673.0,4010427.1,22442_51366
CASTLE,17_22442_51366,253.56,187.77,256.0,194.64,1.0,,36.229874,-118.359833,2022,377673.0,4010427.1,22442_51366
CASTLE,17_22442_51366,198.69,201.8,201.71,204.83,1.0,,36.229874,-118.359833,2022,377673.0,4010427.1,22442_51366
CASTLE,17_22442_51366,202.72,198.12,205.74,201.16,1.0,,36.229874,-118.359833,2022,377673.0,4010427.1,22442_51366
CASTLE,17_22442_51366,238.03,239.22,241.07,242.73,1.0,,36.229874,-118.359833,2022,377673.0,4010427.1,22442_51366
CASTLE,17_22442_51366,208.12,231.74,215.19,239.3,1.0,,36.229874,-118.359833,2022,377673.0,4010427.1,22442_51366
CASTLE,17_22442_51366,161.75,221.77,164.43,227.68,1.0,,36.229874,-118.359833,2022,377673.0,4010427.1,22442_51366
CASTLE,17_22442_51366,175.77,227.28,181.72,231.41,1.0,,36.229874,-118.359833,2022,377673.0,4010427.1,22442_51366
CASTLE,17_22442_51366,143.58,204.7,149.59,210.29,1.0,,36.229874,-118.359833,2022,377673.0,4010427.1,22442_51366
CASTLE,17_22442_51366,137.65,240.88,144.03,246.64,1.0,,36.229874,-118.359833,2022,377673.0,4010427.1,22442_51366
CASTLE,17_22442_51366,176.06,250.95,187.19,256.0,1.0,,36.229874,-118.359833,2022,377673.0,4010427.1,22442_51366
CASTLE,17_22442_51366,112.37,210.56,121.61,219.19,1.0,,36.229874,-118.359833,2022,377673.0,4010427.1,22442_51366
CASTLE,17_22442_51366,190.66,151.11,192.65,156.44,1.0,,36.229874,-118.359833,2022,377673.0,4010427.1,22442_51366
CASTLE,17_22442_51366,136.13,143.66,138.91,147.29,1.0,,36.229874,-118.359833,2022,377673.0,4010427.1,22442_51366
CASTLE,17_22442_51366,154.84,127.47,157.57,130.22,1.0,,36.229874,-118.359833,2022,377673.0,4010427.1,22442_51366
CASTLE,17_22445_51368,227.35,236.04,231.24,239.95,1.0,,36.225442,-118.351593,2022,378406.6,4009925.2,22445_51368
CASTLE,17_22445_51368,230.59,231.85,235.77,237.05,1.0,,36.225442,-118.351593,2022,378406.6,4009925.2,22445_51368
CASTLE,17_22445_51368,60.12,236.68,66.48,240.7,1.0,,36.225442,-118.351593,2022,378406.6,4009925.2,22445_51368
CASTLE,17_22445_51368,68.56,240.2,72.51,245.34,1.0,,36.225442,-118.351593,2022,378406.6,4009925.2,22445_51368
CASTLE,17_22445_51368,77.89,239.41,83.07,244.61,1.0,,36.225442,-118.351593,2022,378406.6,4009925.2,22445_51368
CASTLE,17_22445_51368,34.15,204.96,41.98,214.01,1.0,,36.225442,-118.351593,2022,378406.6,4009925.2,22445_51368
CASTLE,17_22445_51368,47.95,214.33,58.25,223.5,1.0,,36.225442,-118.351593,2022,378406.6,4009925.2,22445_51368
CASTLE,17_22445_51368,56.98,220.99,63.51,228.73,1.0,,36.225442,-118.351593,2022,378406.6,4009925.2,22445_51368
CASTLE,17_22445_51368,36.26,230.55,41.38,234.51,1.0,,36.225442,-118.351593,2022,378406.6,4009925.2,22445_51368
CASTLE,17_22445_51368,138.79,236.12,142.68,240.02,1.0,,36.225442,-118.351593,2022,378406.6,4009925.2,22445_51368
CASTLE,17_22445_51368,142.94,238.81,146.88,243.96,1.0,,36.225442,-118.351593,2022,378406.6,4009925.2,22445_51368
CASTLE,17_22445_51368,149.56,246.59,154.56,248.07,1.0,,36.225442,-118.351593,2022,378406.6,4009925.2,22445_51368
CASTLE,17_22445_51368,54.68,248.26,57.78,250.29,1.0,,36.225442,-118.351593,2022,378406.6,4009925.2,22445_51368
CASTLE,17_22445_51368,63.29,246.6,67.27,251.31,1.0,,36.225442,-118.351593,2022,378406.6,4009925.2,22445_51368
CASTLE,17_22445_51368,63.98,240.96,66.04,244.82,1.0,,36.225442,-118.351593,2022,378406.6,4009925.2,22445_51368
CASTLE,17_22445_51368,35.51,222.0,40.2,225.99,1.0,,36.225442,-118.351593,2022,378406.6,4009925.2,22445_51368
CASTLE,17_22445_51368,195.22,26.46,203.08,33.15,1.0,,36.225442,-118.351593,2022,378406.6,4009925.2,22445_51368
CASTLE,17_22445_51368,222.43,13.18,226.45,18.43,1.0,,36.225442,-118.351593,2022,378406.6,4009925.2,22445_51368
CASTLE,17_22445_51368,193.52,9.26,202.64,16.01,1.0,,36.225442,-118.351593,2022,378406.6,4009925.2,22445_51368
CASTLE,17_22445_51368,190.1,2.75,194.12,7.99,1.0,,36.225442,-118.351593,2022,378406.6,4009925.2,22445_51368
CASTLE,17_22445_51368,92.34,39.25,95.16,45.69,1.0,,36.225442,-118.351593,2022,378406.6,4009925.2,22445_51368
CASTLE,17_22445_51368,63.04,21.97,68.2,24.75,1.0,,36.225442,-118.351593,2022,378406.6,4009925.2,22445_51368
CASTLE,17_22445_51368,60.74,12.36,66.14,20.2,1.0,,36.225442,-118.351593,2022,378406.6,4009925.2,22445_51368
CASTLE,17_22445_51368,17.8,42.04,20.4,47.98,1.0,,36.225442,-118.351593,2022,378406.6,4009925.2,22445_51368
CASTLE,17_22445_51368,8.0,41.56,15.18,46.56,1.0,,36.225442,-118.351593,2022,378406.6,4009925.2,22445_51368
CASTLE,17_22445_51368,4.53,8.1,5.75,9.32,1.0,,36.225442,-118.351593,2022,378406.6,4009925.2,22445_51368
CASTLE,17_22445_51368,6.35,15.2,12.38,20.14,1.0,,36.225442,-118.351593,2022,378406.6,4009925.2,22445_51368
CASTLE,17_22445_51368,21.8,8.36,24.34,13.13,1.0,,36.225442,-118.351593,2022,378406.6,4009925.2,22445_51368
CASTLE,17_22445_51368,105.52,11.81,107.9,13.08,1.0,,36.225442,-118.351593,2022,378406.6,4009925.2,22445_51368
CASTLE,17_22445_51368,111.07,13.83,115.94,18.72,1.0,,36.225442,-118.351593,2022,378406.6,4009925.2,22445_51368
CASTLE,17_22445_51368,208.06,17.34,212.86,21.06,1.0,,36.225442,-118.351593,2022,378406.6,4009925.2,22445_51368
CASTLE,17_22445_51368,198.98,1.72,202.57,4.22,1.0,,36.225442,-118.351593,2022,378406.6,4009925.2,22445_51368
CASTLE,17_22445_51368,210.47,4.61,214.06,7.11,1.0,,36.225442,-118.351593,2022,378406.6,4009925.2,22445_51368
CASTLE,17_22445_51368,148.47,173.17,150.03,174.73,1.0,,36.225442,-118.351593,2022,378406.6,4009925.2,22445_51368
CASTLE,17_22445_51368,152.22,167.38,155.52,174.24,1.0,,36.225442,-118.351593,2022,378406.6,4009925.2,22445_51368
CASTLE,17_22445_51368,155.9,171.29,157.57,175.09,1.0,,36.225442,-118.351593,2022,378406.6,4009925.2,22445_51368
CASTLE,17_22445_51368,63.01,105.47,70.2,116.24,1.0,,36.225442,-118.351593,2022,378406.6,4009925.2,22445_51368
CASTLE,17_22445_51368,179.45,231.88,182.64,234.1,1.0,,36.225442,-118.351593,2022,378406.6,4009925.2,22445_51368
CASTLE,17_22445_51368,111.79,252.47,116.08,256.0,1.0,,36.225442,-118.351593,2022,378406.6,4009925.2,22445_51368
CASTLE,17_22445_51368,246.7,195.72,256.0,199.27,1.0,,36.225442,-118.351593,2022,378406.6,4009925.2,22445_51368
CASTLE,17_22445_51368,48.45,174.28,52.32,177.28,1.0,,36.225442,-118.351593,2022,378406.6,4009925.2,22445_51368
CASTLE,17_22445_51368,42.25,183.4,48.13,189.31,1.0,,36.225442,-118.351593,2022,378406.6,4009925.2,22445_51368
CASTLE,17_22445_51368,43.67,145.8,49.46,149.83,1.0,,36.225442,-118.351593,2022,378406.6,4009925.2,22445_51368
CASTLE,17_22445_51368,47.72,150.23,51.6,153.23,1.0,,36.225442,-118.351593,2022,378406.6,4009925.2,22445_51368
CASTLE,17_22445_51368,52.47,145.29,54.65,151.96,1.0,,36.225442,-118.351593,2022,378406.6,4009925.2,22445_51368
CASTLE,17_22445_51368,16.8,76.02,19.56,78.79,1.0,,36.225442,-118.351593,2022,378406.6,4009925.2,22445_51368
CASTLE,17_22445_51368,20.69,167.28,23.4,168.73,1.0,,36.225442,-118.351593,2022,378406.6,4009925.2,22445_51368
CASTLE,17_22446_51373,18.32,227.41,31.73,242.9,1.0,,36.214363,-118.348846,2022,378636.4,4008692.8,22446_51373
CASTLE,17_22446_51373,22.76,218.55,30.58,227.41,1.0,,36.214363,-118.348846,2022,378636.4,4008692.8,22446_51373
CASTLE,17_22446_51373,48.75,193.18,56.72,205.23,1.0,,36.214363,-118.348846,2022,378636.4,4008692.8,22446_51373
CASTLE,17_22446_51373,63.06,96.92,70.87,105.78,1.0,,36.214363,-118.348846,2022,378636.4,4008692.8,22446_51373
CASTLE,17_22446_51373,41.05,221.04,51.14,233.19,1.0,,36.214363,-118.348846,2022,378636.4,4008692.8,22446_51373
CASTLE,17_22446_51373,51.01,227.9,56.65,235.6,1.0,,36.214363,-118.348846,2022,378636.4,4008692.8,22446_51373
CASTLE,17_22446_51373,226.34,19.58,236.32,29.61,1.0,,36.214363,-118.348846,2022,378636.4,4008692.8,22446_51373
CASTLE,17_22446_51373,216.49,225.24,224.36,235.17,1.0,,36.214363,-118.348846,2022,378636.4,4008692.8,22446_51373
CASTLE,17_22446_51373,223.22,230.89,232.04,238.74,1.0,,36.214363,-118.348846,2022,378636.4,4008692.8,22446_51373
CASTLE,17_22446_51373,106.53,181.59,120.9,195.01,1.0,,36.214363,-118.348846,2022,378636.4,4008692.8,22446_51373
