{
"type": "FeatureCollection",
"name": "agaleana_mortalitree_prefire_labels",
"crs": { "type": "name", "properties": { "name": "urn:ogc:def:crs:OGC:1.3:CRS84" } },
"features": [
{ "type": "Feature", "properties": { "id": null }, "geometry": { "type": "MultiPolygon", "coordinates": [ [ [ [ -118.776417144814317, 36.308359407498813 ], [ -118.776412164975554, 36.30845157764778 ], [ -118.776319977057767, 36.30844831480249 ], [ -118.776324957004434, 36.308356144664458 ], [ -118.776417144814317, 36.308359407498813 ] ] ] ] } },
{ "type": "Feature", "properties": { "id": null }, "geometry": { "type": "MultiPolygon", "coordinates": [ [ [ [ -118.77633354980388, 36.308398224546657 ], [ -118.776329044141036, 36.308481616576728 ], [ -118.776242279017552, 36.308478545602988 ], [ -118.776246784772283, 36.308395153582218 ], [ -118.77633354980388, 36.308398224546657 ] ] ] ] } },
{ "type": "Feature", "properties": { "id": null }, "geometry": { "type": "MultiPolygon", "coordinates": [ [ [ [ -118.776272610294001, 36.308369682973797 ], [ -118.776269290289349, 36.308431129728419 ], [ -118.776204216492488, 36.308428826474206 ], [ -118.776207536547929, 36.308367379724729 ], [ -118.776272610294001, 36.308369682973797 ] ] ] ] } },
{ "type": "Feature", "properties": { "id": null }, "geometry": { "type": "MultiPolygon", "coordinates": [ [ [ [ -118.776284435936063, 36.30825137045094 ], [ -118.776280404529217, 36.308325984369752 ], [ -118.776209908009932, 36.308323489188844 ], [ -118.776213939483569, 36.308248875276796 ], [ -118.776284435936063, 36.30825137045094 ] ] ] ] } },
{ "type": "Feature", "properties": { "id": null }, "geometry": { "type": "MultiPolygon", "coordinates": [ [ [ [ -118.776340040048169, 36.308156681391097 ], [ -118.776337228703312, 36.308208715105955 ], [ -118.776266510657123, 36.308206212121135 ], [ -118.776269322048691, 36.308154178411023 ], [ -118.776340040048169, 36.308156681391097 ] ] ] ] } },
{ "type": "Feature", "properties": { "id": null }, "geometry": { "type": "MultiPolygon", "coordinates": [ [ [ [ -118.776234122289083, 36.308090372681683 ], [ -118.77623159202183, 36.3081372030192 ], [ -118.77616087404985, 36.308134699976122 ], [ -118.776163404359167, 36.308087869642861 ], [ -118.776234122289083, 36.308090372681683 ] ] ] ] } },
{ "type": "Feature", "properties": { "id": null }, "geometry": { "type": "MultiPolygon", "coordinates": [ [ [ [ -118.776526056769427, 36.308171085016092 ], [ -118.776520153193374, 36.308280355842562 ], [ -118.776410861545287, 36.308276487736421 ], [ -118.776416765272998, 36.30816721692532 ], [ -118.776526056769427, 36.308171085016092 ] ] ] ] } },
{ "type": "Feature", "properties": { "id": null }, "geometry": { "type": "MultiPolygon", "coordinates": [ [ [ [ -118.776735925458624, 36.30834012549667 ], [ -118.776729459916353, 36.308459803097456 ], [ -118.776562307564205, 36.308453887397732 ], [ -118.776568773360509, 36.308334209822696 ], [ -118.776735925458624, 36.30834012549667 ] ] ] ] } },
{ "type": "Feature", "properties": { "id": null }, "geometry": { "type": "MultiPolygon", "coordinates": [ [ [ [ -118.776578098782252, 36.308459659597993 ], [ -118.776573319707722, 36.308548116935604 ], [ -118.776464027678429, 36.308544248853657 ], [ -118.776468806875727, 36.308455791528473 ], [ -118.776578098782252, 36.308459659597993 ] ] ] ] } },
{ "type": "Feature", "properties": { "id": null }, "geometry": { "type": "MultiPolygon", "coordinates": [ [ [ [ -118.776957197569033, 36.308238476385597 ], [ -118.776951013484478, 36.308352950647183 ], [ -118.776828863815567, 36.308348627896031 ], [ -118.776835048077658, 36.308234153652428 ], [ -118.776957197569033, 36.308238476385597 ] ] ] ] } },
{ "type": "Feature", "properties": { "id": null }, "geometry": { "type": "MultiPolygon", "coordinates": [ [ [ [ -118.777162061878997, 36.308321319211892 ], [ -118.777156159157954, 36.30843059012544 ], [ -118.777014722523845, 36.308425585056796 ], [ -118.777020625441153, 36.308316314163129 ], [ -118.777162061878997, 36.308321319211892 ] ] ] ] } },
{ "type": "Feature", "properties": { "id": null }, "geometry": { "type": "MultiPolygon", "coordinates": [ [ [ [ -118.777104727650595, 36.308428770119768 ], [ -118.777102197872694, 36.308475600507336 ], [ -118.777050766339386, 36.308473780476518 ], [ -118.777053296147869, 36.308426950092063 ], [ -118.777104727650595, 36.308428770119768 ] ] ] ] } },
{ "type": "Feature", "properties": { "id": null }, "geometry": { "type": "MultiPolygon", "coordinates": [ [ [ [ -118.777435309217395, 36.308271034986362 ], [ -118.777430250080229, 36.308364695803441 ], [ -118.777333816054735, 36.308361283501121 ], [ -118.777338875306583, 36.308267622695666 ], [ -118.777435309217395, 36.308271034986362 ] ] ] ] } },
{ "type": "Feature", "properties": { "id": null }, "geometry": { "type": "MultiPolygon", "coordinates": [ [ [ [ -118.776729920177175, 36.308167340021974 ], [ -118.77672339715383, 36.308288082191076 ], [ -118.776522577229741, 36.308280974934711 ], [ -118.776529100561007, 36.308160232796816 ], [ -118.776729920177175, 36.308167340021974 ] ] ] ] } },
{ "type": "Feature", "properties": { "id": null }, "geometry": { "type": "MultiPolygon", "coordinates": [ [ [ [ -118.776586444738342, 36.308269276893974 ], [ -118.776585190266573, 36.308292496537454 ], [ -118.776550763993086, 36.30829127813459 ], [ -118.776552018475002, 36.308268058492139 ], [ -118.776586444738342, 36.308269276893974 ] ] ] ] } },
{ "type": "Feature", "properties": { "id": null }, "geometry": { "type": "MultiPolygon", "coordinates": [ [ [ [ -118.776707689337357, 36.308259609434288 ], [ -118.776702169810989, 36.308361775880769 ], [ -118.776575940020876, 36.308357308471535 ], [ -118.776581459711025, 36.308255142041652 ], [ -118.776707689337357, 36.308259609434288 ] ] ] ] } },
{ "type": "Feature", "properties": { "id": null }, "geometry": { "type": "MultiPolygon", "coordinates": [ [ [ [ -118.776909087808221, 36.308415626731389 ], [ -118.776905575532751, 36.308480641758294 ], [ -118.776853935977869, 36.308478814280591 ], [ -118.776857448295956, 36.308413799257991 ], [ -118.776909087808221, 36.308415626731389 ] ] ] ] } },
{ "type": "Feature", "properties": { "id": null }, "geometry": { "type": "MultiPolygon", "coordinates": [ [ [ [ -118.777557514077102, 36.307985000980409 ], [ -118.777550009022747, 36.308123948889715 ], [ -118.777410523987967, 36.308119013362578 ], [ -118.777418029288441, 36.307980065478205 ], [ -118.777557514077102, 36.307985000980409 ] ] ] ] } },
{ "type": "Feature", "properties": { "id": null }, "geometry": { "type": "MultiPolygon", "coordinates": [ [ [ [ -118.776542425524354, 36.307870772012762 ], [ -118.776534918700321, 36.308009719742444 ], [ -118.776331056533451, 36.308002504513432 ], [ -118.776338563717204, 36.307863556820209 ], [ -118.776542425524354, 36.307870772012762 ] ] ] ] } },
{ "type": "Feature", "properties": { "id": null }, "geometry": { "type": "MultiPolygon", "coordinates": [ [ [ [ -118.777059850830497, 36.307645459936644 ], [ -118.777056567029973, 36.307706249611876 ], [ -118.776970730594044, 36.307703212059224 ], [ -118.776974014460819, 36.3076424223907 ], [ -118.777059850830497, 36.307645459936644 ] ] ] ] } },
{ "type": "Feature", "properties": { "id": null }, "geometry": { "type": "MultiPolygon", "coordinates": [ [ [ [ -118.777202354242547, 36.307694006860942 ], [ -118.777199539646787, 36.307746112306084 ], [ -118.77712443271254, 36.307743454538198 ], [ -118.777127247357967, 36.307691349098079 ], [ -118.777202354242547, 36.307694006860942 ] ] ] ] } },
{ "type": "Feature", "properties": { "id": null }, "geometry": { "type": "MultiPolygon", "coordinates": [ [ [ [ -118.777464026209103, 36.307825077900262 ], [ -118.777457459182571, 36.307946657309721 ], [ -118.777328704071536, 36.307942101363636 ], [ -118.777335271296849, 36.307820521974314 ], [ -118.777464026209103, 36.307825077900262 ] ] ] ] } },
{ "type": "Feature", "properties": { "id": null }, "geometry": { "type": "MultiPolygon", "coordinates": [ [ [ [ -118.776447857019761, 36.307518005589415 ], [ -118.776441874309711, 36.307628741718453 ], [ -118.776259452186409, 36.307622285210378 ], [ -118.776265435152965, 36.307511549107346 ], [ -118.776447857019761, 36.307518005589415 ] ] ] ] } },
{ "type": "Feature", "properties": { "id": null }, "geometry": { "type": "MultiPolygon", "coordinates": [ [ [ [ -118.776620351519924, 36.30756725685135 ], [ -118.77661038070697, 36.307751817104396 ], [ -118.776473563864215, 36.307746974928136 ], [ -118.776483534997851, 36.307562414707576 ], [ -118.776620351519924, 36.30756725685135 ] ] ] ] } },
{ "type": "Feature", "properties": { "id": null }, "geometry": { "type": "MultiPolygon", "coordinates": [ [ [ [ -118.777499857126912, 36.307780211439315 ], [ -118.777496201904242, 36.30784788360755 ], [ -118.777427793316562, 36.30784546304033 ], [ -118.777431448598037, 36.307777790878042 ], [ -118.777499857126912, 36.307780211439315 ] ] ] ] } },
{ "type": "Feature", "properties": { "id": null }, "geometry": { "type": "MultiPolygon", "coordinates": [ [ [ [ -118.777698416491319, 36.307981395888056 ], [ -118.777693432291073, 36.308073676137766 ], [ -118.77759461957919, 36.308070179894777 ], [ -118.777599603895212, 36.307977899656777 ], [ -118.777698416491319, 36.307981395888056 ] ] ] ] } },
{ "type": "Feature", "properties": { "id": null }, "geometry": { "type": "MultiPolygon", "coordinates": [ [ [ [ -118.777713846678111, 36.30776620976529 ], [ -118.777709859365615, 36.307840033969342 ], [ -118.777611046946419, 36.307836537759187 ], [ -118.777615034351541, 36.307762713564522 ], [ -118.777713846678111, 36.30776620976529 ] ] ] ] } },
{ "type": "Feature", "properties": { "id": null }, "geometry": { "type": "MultiPolygon", "coordinates": [ [ [ [ -118.777660037825527, 36.308127968526037 ], [ -118.777654388982043, 36.308232552801158 ], [ -118.777555576074676, 36.308229056512779 ], [ -118.777561225049368, 36.308124472250967 ], [ -118.777660037825527, 36.308127968526037 ] ] ] ] } },
{ "type": "Feature", "properties": { "id": null }, "geometry": { "type": "MultiPolygon", "coordinates": [ [ [ [ -118.776847296196166, 36.307877313225177 ], [ -118.77684131397244, 36.30798804940472 ], [ -118.776704496676146, 36.307983207465767 ], [ -118.776710479092301, 36.307872471305721 ], [ -118.776847296196166, 36.307877313225177 ] ] ] ] } },
{ "type": "Feature", "properties": { "id": null }, "geometry": { "type": "MultiPolygon", "coordinates": [ [ [ [ -118.77693458378198, 36.30774171736342 ], [ -118.77692760469634, 36.307870909590115 ], [ -118.77676038379235, 36.30786499178059 ], [ -118.776767363152331, 36.307735799581685 ], [ -118.77693458378198, 36.30774171736342 ] ] ] ] } },
{ "type": "Feature", "properties": { "id": null }, "geometry": { "type": "MultiPolygon", "coordinates": [ [ [ [ -118.776739596643992, 36.307756390127615 ], [ -118.776734279001516, 36.30785482227563 ], [ -118.776665870475128, 36.307852401272029 ], [ -118.776671188203125, 36.307753969132662 ], [ -118.776739596643992, 36.307756390127615 ] ] ] ] } },
{ "type": "Feature", "properties": { "id": null }, "geometry": { "type": "MultiPolygon", "coordinates": [ [ [ [ -118.776676130284585, 36.307803454204482 ], [ -118.776671144912157, 36.30789573433502 ], [ -118.776541928756643, 36.307891161222798 ], [ -118.776546914280487, 36.307798881107594 ], [ -118.776676130284585, 36.307803454204482 ] ] ] ] } },
{ "type": "Feature", "properties": { "id": null }, "geometry": { "type": "MultiPolygon", "coordinates": [ [ [ [ -118.77690158558454, 36.307577209656898 ], [ -118.776896932857383, 36.307663337807163 ], [ -118.776775317976785, 36.307659033958679 ], [ -118.776779970836969, 36.307572905821893 ], [ -118.77690158558454, 36.307577209656898 ] ] ] ] } },
{ "type": "Feature", "properties": { "id": null }, "geometry": { "type": "MultiPolygon", "coordinates": [ [ [ [ -118.776886196139529, 36.307650630305424 ], [ -118.776880878701832, 36.307749062473839 ], [ -118.776721259004958, 36.30774341361456 ], [ -118.776726576642162, 36.30764498146636 ], [ -118.776886196139529, 36.307650630305424 ] ] ] ] } },
{ "type": "Feature", "properties": { "id": null }, "geometry": { "type": "MultiPolygon", "coordinates": [ [ [ [ -118.777183342665367, 36.30716092684348 ], [ -118.777178665055516, 36.307247522725426 ], [ -118.777078361613022, 36.307243973333435 ], [ -118.777083039333164, 36.307157377462673 ], [ -118.777183342665367, 36.30716092684348 ] ] ] ] } },
{ "type": "Feature", "properties": { "id": null }, "geometry": { "type": "MultiPolygon", "coordinates": [ [ [ [ -118.777069845804149, 36.307525646532298 ], [ -118.777066922182968, 36.307579768947491 ], [ -118.776993366021983, 36.307577165979083 ], [ -118.776996289693713, 36.30752304356902 ], [ -118.777069845804149, 36.307525646532298 ] ] ] ] } },
{ "type": "Feature", "properties": { "id": null }, "geometry": { "type": "MultiPolygon", "coordinates": [ [ [ [ -118.777330783505647, 36.307036001986027 ], [ -118.777324936720674, 36.307144246861064 ], [ -118.777191198952323, 36.307139514494928 ], [ -118.777197045921127, 36.307031269638536 ], [ -118.777330783505647, 36.307036001986027 ] ] ] ] } },
{ "type": "Feature", "properties": { "id": null }, "geometry": { "type": "MultiPolygon", "coordinates": [ [ [ [ -118.777992835088668, 36.307417234901138 ], [ -118.777988050497669, 36.307505827516223 ], [ -118.777870774398536, 36.307501678298991 ], [ -118.777875559121469, 36.30741308569727 ], [ -118.777992835088668, 36.307417234901138 ] ] ] ] } },
{ "type": "Feature", "properties": { "id": null }, "geometry": { "type": "MultiPolygon", "coordinates": [ [ [ [ -118.777536078258734, 36.307607128623665 ], [ -118.777529925930935, 36.307721033343299 ], [ -118.777389194311425, 36.30771605370429 ], [ -118.777395346842795, 36.307602149005284 ], [ -118.777536078258734, 36.307607128623665 ] ] ] ] } },
{ "type": "Feature", "properties": { "id": null }, "geometry": { "type": "MultiPolygon", "coordinates": [ [ [ [ -118.77637833499621, 36.30652463180229 ], [ -118.776367053232505, 36.30673345367267 ], [ -118.776177203883137, 36.306726734230764 ], [ -118.776188486150275, 36.306517912411401 ], [ -118.77637833499621, 36.30652463180229 ] ] ] ] } },
{ "type": "Feature", "properties": { "id": null }, "geometry": { "type": "MultiPolygon", "coordinates": [ [ [ [ -118.776436226785322, 36.306852355184532 ], [ -118.776432608125234, 36.306919335786915 ], [ -118.776349853069505, 36.306916406868901 ], [ -118.776353471799965, 36.306849426273629 ], [ -118.776436226785322, 36.306852355184532 ] ] ] ] } },
{ "type": "Feature", "properties": { "id": null }, "geometry": { "type": "MultiPolygon", "coordinates": [ [ [ [ -118.776335170808963, 36.306827066917563 ], [ -118.776333042137964, 36.306866467267071 ], [ -118.776298966552716, 36.306865261222036 ], [ -118.776301095240768, 36.306825860874255 ], [ -118.776335170808963, 36.306827066917563 ] ] ] ] } },
{ "type": "Feature", "properties": { "id": null }, "geometry": { "type": "MultiPolygon", "coordinates": [ [ [ [ -118.776441960109906, 36.306791370777731 ], [ -118.776439192910232, 36.306842591239381 ], [ -118.776366173813727, 36.306840006911614 ], [ -118.776368941060866, 36.306788786454767 ], [ -118.776441960109906, 36.306791370777731 ] ] ] ] } },
{ "type": "Feature", "properties": { "id": null }, "geometry": { "type": "MultiPolygon", "coordinates": [ [ [ [ -118.776909322205213, 36.306461855868015 ], [ -118.776902400248105, 36.306589995819827 ], [ -118.776733528546103, 36.306584019635771 ], [ -118.776740450778007, 36.306455879711791 ], [ -118.776909322205213, 36.306461855868015 ] ] ] ] } },
{ "type": "Feature", "properties": { "id": null }, "geometry": { "type": "MultiPolygon", "coordinates": [ [ [ [ -118.777110117134981, 36.306366253512323 ], [ -118.777102272646673, 36.306511478830778 ], [ -118.776922846598467, 36.306505129439046 ], [ -118.776930691417661, 36.306359904154121 ], [ -118.777110117134981, 36.306366253512323 ] ] ] ] } },
{ "type": "Feature", "properties": { "id": null }, "geometry": { "type": "MultiPolygon", "coordinates": [ [ [ [ -118.776739036527516, 36.306579935064356 ], [ -118.776733498718556, 36.306682447001535 ], [ -118.776627953797416, 36.306678711757094 ], [ -118.77663349174378, 36.306576199833849 ], [ -118.776739036527516, 36.306579935064356 ] ] ] ] } },
{ "type": "Feature", "properties": { "id": null }, "geometry": { "type": "MultiPolygon", "coordinates": [ [ [ [ -118.777453281028812, 36.306669402189705 ], [ -118.777447282727692, 36.306780456889072 ], [ -118.777310074035739, 36.306775601861162 ], [ -118.777316072530354, 36.306664547181406 ], [ -118.777453281028812, 36.306669402189705 ] ] ] ] } },
{ "type": "Feature", "properties": { "id": null }, "geometry": { "type": "MultiPolygon", "coordinates": [ [ [ [ -118.777631092720483, 36.306705650159259 ], [ -118.77762740161242, 36.306773991528345 ], [ -118.777542965477721, 36.30677100396511 ], [ -118.777546656659055, 36.306702662603449 ], [ -118.777631092720483, 36.306705650159259 ] ] ] ] } },
{ "type": "Feature", "properties": { "id": null }, "geometry": { "type": "MultiPolygon", "coordinates": [ [ [ [ -118.777691535238773, 36.306369708370475 ], [ -118.777685998719051, 36.306472220437456 ], [ -118.777601562903314, 36.306469232936863 ], [ -118.777607099532929, 36.306366720881023 ], [ -118.777691535238773, 36.306369708370475 ] ] ] ] } },
{ "type": "Feature", "properties": { "id": null }, "geometry": { "type": "MultiPolygon", "coordinates": [ [ [ [ -118.777941179915388, 36.306348584414202 ], [ -118.777938411824536, 36.306399840464721 ], [ -118.777864530529257, 36.306397226565409 ], [ -118.777867298668184, 36.306345970519757 ], [ -118.777941179915388, 36.306348584414202 ] ] ] ] } },
{ "type": "Feature", "properties": { "id": null }, "geometry": { "type": "MultiPolygon", "coordinates": [ [ [ [ -118.778023539611851, 36.306390013708558 ], [ -118.778018464864445, 36.306483983143359 ], [ -118.77791292003549, 36.306480249050836 ], [ -118.777917994908847, 36.306386279628768 ], [ -118.778023539611851, 36.306390013708558 ] ] ] ] } },
{ "type": "Feature", "properties": { "id": null }, "geometry": { "type": "MultiPolygon", "coordinates": [ [ [ [ -118.777915011315201, 36.306461645569328 ], [ -118.777911613721585, 36.306524557295447 ], [ -118.777814454309606, 36.306521119786936 ], [ -118.777817851980842, 36.306458208068669 ], [ -118.777915011315201, 36.306461645569328 ] ] ] ] } },
{ "type": "Feature", "properties": { "id": null }, "geometry": { "type": "MultiPolygon", "coordinates": [ [ [ [ -118.777823533187004, 36.306533259488532 ], [ -118.777819710800813, 36.306604035171127 ], [ -118.777703119403967, 36.306599910054111 ], [ -118.777706941894962, 36.306529134382124 ], [ -118.777823533187004, 36.306533259488532 ] ] ] ] } },
{ "type": "Feature", "properties": { "id": null }, "geometry": { "type": "MultiPolygon", "coordinates": [ [ [ [ -118.777868450615244, 36.306783036901741 ], [ -118.77786080584093, 36.30692458826806 ], [ -118.777685918029491, 36.306918400563369 ], [ -118.777693563118149, 36.306776849228889 ], [ -118.777868450615244, 36.306783036901741 ] ] ] ] } },
{ "type": "Feature", "properties": { "id": null }, "geometry": { "type": "MultiPolygon", "coordinates": [ [ [ [ -118.777960141370244, 36.306707490983712 ], [ -118.77795377088438, 36.306825450471436 ], [ -118.777817747182269, 36.306820637951297 ], [ -118.777824117871873, 36.306702678484207 ], [ -118.777960141370244, 36.306707490983712 ] ] ] ] } },
{ "type": "Feature", "properties": { "id": null }, "geometry": { "type": "MultiPolygon", "coordinates": [ [ [ [ -118.77818417373669, 36.307696351378127 ], [ -118.778180776206099, 36.307759263113134 ], [ -118.778093331325607, 36.307756169465783 ], [ -118.778096728926059, 36.30769325773786 ], [ -118.77818417373669, 36.307696351378127 ] ] ] ] } },
{ "type": "Feature", "properties": { "id": null }, "geometry": { "type": "MultiPolygon", "coordinates": [ [ [ [ -118.776919459512925, 36.308132220054738 ], [ -118.776914361607993, 36.308226587495795 ], [ -118.776797767932052, 36.308222461337934 ], [ -118.776802865976691, 36.30812809391103 ], [ -118.776919459512925, 36.308132220054738 ] ] ] ] } },
{ "type": "Feature", "properties": { "id": null }, "geometry": { "type": "MultiPolygon", "coordinates": [ [ [ [ -118.776488954436005, 36.307177933831255 ], [ -118.776485315224804, 36.307245294869205 ], [ -118.776422896145363, 36.307243085719811 ], [ -118.776426535409968, 36.307175724687269 ], [ -118.776488954436005, 36.307177933831255 ] ] ] ] } },
{ "type": "Feature", "properties": { "id": null }, "geometry": { "type": "MultiPolygon", "coordinates": [ [ [ [ -118.776078287052258, 36.307062164086496 ], [ -118.77607328266923, 36.307154785466032 ], [ -118.775979654210701, 36.307151471414151 ], [ -118.775984658703848, 36.307058850045777 ], [ -118.776078287052258, 36.307062164086496 ] ] ] ] } },
{ "type": "Feature", "properties": { "id": null }, "geometry": { "type": "MultiPolygon", "coordinates": [ [ [ [ -118.777534502602791, 36.307117916492949 ], [ -118.777529954720961, 36.307202117904836 ], [ -118.777405116469197, 36.307197700668929 ], [ -118.77740966448448, 36.307113499270564 ], [ -118.777534502602791, 36.307117916492949 ] ] ] ] } },
{ "type": "Feature", "properties": { "id": null }, "geometry": { "type": "MultiPolygon", "coordinates": [ [ [ [ -118.778059209028285, 36.307052118718062 ], [ -118.778056025915546, 36.307111059747164 ], [ -118.777972800451536, 36.307108115310214 ], [ -118.777975983626575, 36.307049174287414 ], [ -118.778059209028285, 36.307052118718062 ] ] ] ] } },
{ "type": "Feature", "properties": { "id": null }, "geometry": { "type": "MultiPolygon", "coordinates": [ [ [ [ -118.777931869840458, 36.307094012851664 ], [ -118.777927777135744, 36.307169794161659 ], [ -118.777823745246849, 36.307166113489764 ], [ -118.77782783805165, 36.307090332189901 ], [ -118.777931869840458, 36.307094012851664 ] ] ] ] } },
{ "type": "Feature", "properties": { "id": null }, "geometry": { "type": "MultiPolygon", "coordinates": [ [ [ [ -118.778224268122685, 36.307180283581687 ], [ -118.778221994549725, 36.30722238432493 ], [ -118.778169978548235, 36.30722054412599 ], [ -118.778172252148963, 36.30717844338556 ], [ -118.778224268122685, 36.307180283581687 ] ] ] ] } },
{ "type": "Feature", "properties": { "id": null }, "geometry": { "type": "MultiPolygon", "coordinates": [ [ [ [ -118.777613303040312, 36.308381164124611 ], [ -118.777609108497899, 36.308458821528596 ], [ -118.777513160261122, 36.308455426556911 ], [ -118.777517354898137, 36.308377769162512 ], [ -118.777613303040312, 36.308381164124611 ] ] ] ] } },
{ "type": "Feature", "properties": { "id": null }, "geometry": { "type": "MultiPolygon", "coordinates": [ [ [ [ -118.776733543102551, 36.307983696802623 ], [ -118.776727949293814, 36.308087239896764 ], [ -118.776608014705985, 36.30808299532336 ], [ -118.77661360867242, 36.307979452245192 ], [ -118.776733543102551, 36.307983696802623 ] ] ] ] } },
{ "type": "Feature", "properties": { "id": null }, "geometry": { "type": "MultiPolygon", "coordinates": [ [ [ [ -118.777192395754284, 36.308090708224839 ], [ -118.777187501684907, 36.308181308484471 ], [ -118.7770835581874, 36.308177630252509 ], [ -118.777088452376375, 36.308087030004998 ], [ -118.777192395754284, 36.308090708224839 ] ] ] ] } },
{ "type": "Feature", "properties": { "id": null }, "geometry": { "type": "MultiPolygon", "coordinates": [ [ [ [ -118.776831482205608, 36.308227950085957 ], [ -118.776828356109093, 36.308285815973093 ], [ -118.776763360637233, 36.30828351580039 ], [ -118.776766486781497, 36.3082256499181 ], [ -118.776831482205608, 36.308227950085957 ] ] ] ] } },
{ "type": "Feature", "properties": { "id": null }, "geometry": { "type": "MultiPolygon", "coordinates": [ [ [ [ -118.777264266020666, 36.306401233991501 ], [ -118.777259085144962, 36.306497151253957 ], [ -118.777140579271702, 36.306492957846046 ], [ -118.777145760291745, 36.306397040598206 ], [ -118.777264266020666, 36.306401233991501 ] ] ] ] } },
{ "type": "Feature", "properties": { "id": null }, "geometry": { "type": "MultiPolygon", "coordinates": [ [ [ [ -118.776766190328388, 36.306411065809044 ], [ -118.77676248926835, 36.306479578095392 ], [ -118.776689128550316, 36.306476981886348 ], [ -118.77669282967419, 36.30640846960646 ], [ -118.776766190328388, 36.306411065809044 ] ] ] ] } },
{ "type": "Feature", "properties": { "id": null }, "geometry": { "type": "MultiPolygon", "coordinates": [ [ [ [ -118.776737835390009, 36.306464976956001 ], [ -118.776732160376966, 36.306570029123122 ], [ -118.776591081923982, 36.306565036327171 ], [ -118.776596757125233, 36.306459984179106 ], [ -118.776737835390009, 36.306464976956001 ] ] ] ] } },
{ "type": "Feature", "properties": { "id": null }, "geometry": { "type": "MultiPolygon", "coordinates": [ [ [ [ -118.776563713804421, 36.306600677482066 ], [ -118.776561493048249, 36.306641784841936 ], [ -118.77650506162361, 36.306639787659527 ], [ -118.776507282409256, 36.306598680302628 ], [ -118.776563713804421, 36.306600677482066 ] ] ] ] } },
{ "type": "Feature", "properties": { "id": null }, "geometry": { "type": "MultiPolygon", "coordinates": [ [ [ [ -118.777949458781578, 36.306276750477451 ], [ -118.777946498777141, 36.306331560391655 ], [ -118.777822349919873, 36.306327168025717 ], [ -118.777825310010712, 36.306272358120275 ], [ -118.777949458781578, 36.306276750477451 ] ] ] ] } },
{ "type": "Feature", "properties": { "id": null }, "geometry": { "type": "MultiPolygon", "coordinates": [ [ [ [ -118.777817215334295, 36.306265207398539 ], [ -118.777814501913511, 36.306315449811414 ], [ -118.777707282484627, 36.306311656295101 ], [ -118.777709995973822, 36.306261413889153 ], [ -118.777817215334295, 36.306265207398539 ] ] ] ] } },
{ "type": "Feature", "properties": { "id": null }, "geometry": { "type": "MultiPolygon", "coordinates": [ [ [ [ -118.77835663799884, 36.30683261194465 ], [ -118.778353507137496, 36.306890590013047 ], [ -118.778298405345126, 36.306888640713602 ], [ -118.778301536247028, 36.306830662649297 ], [ -118.77835663799884, 36.30683261194465 ] ] ] ] } },
{ "type": "Feature", "properties": { "id": null }, "geometry": { "type": "MultiPolygon", "coordinates": [ [ [ [ -118.778344124804946, 36.306604282342185 ], [ -118.778340271456614, 36.306675639966308 ], [ -118.778257618998296, 36.306672716013317 ], [ -118.778261472421505, 36.306601358396776 ], [ -118.778344124804946, 36.306604282342185 ] ] ] ] } },
{ "type": "Feature", "properties": { "id": null }, "geometry": { "type": "MultiPolygon", "coordinates": [ [ [ [ -118.778310987011537, 36.306451185429395 ], [ -118.778308578665019, 36.306495783943838 ], [ -118.778247967002741, 36.30649363971024 ], [ -118.778250375383607, 36.306449041199272 ], [ -118.778310987011537, 36.306451185429395 ] ] ] ] } },
{ "type": "Feature", "properties": { "id": null }, "geometry": { "type": "MultiPolygon", "coordinates": [ [ [ [ -118.77818437403576, 36.306444472078837 ], [ -118.778182688143687, 36.306475691033924 ], [ -118.778138606952609, 36.306474131548661 ], [ -118.778140292862162, 36.306442912595351 ], [ -118.77818437403576, 36.306444472078837 ] ] ] ] } },
{ "type": "Feature", "properties": { "id": null }, "geometry": { "type": "MultiPolygon", "coordinates": [ [ [ [ -118.778139707099015, 36.307547371476069 ], [ -118.778138178388843, 36.307575678329961 ], [ -118.778091546873455, 36.307574028582842 ], [ -118.778093075600395, 36.307545721730669 ], [ -118.778139707099015, 36.307547371476069 ] ] ] ] } },
{ "type": "Feature", "properties": { "id": null }, "geometry": { "type": "MultiPolygon", "coordinates": [ [ [ [ -118.777450698884934, 36.307274835510441 ], [ -118.777448660292436, 36.307312577950341 ], [ -118.777390371146552, 36.307310515440228 ], [ -118.777392409766975, 36.307272773003149 ], [ -118.777450698884934, 36.307274835510441 ] ] ] ] } },
{ "type": "Feature", "properties": { "id": null }, "geometry": { "type": "MultiPolygon", "coordinates": [ [ [ [ -118.777067200757728, 36.307286573442497 ], [ -118.777065134371071, 36.307324826958897 ], [ -118.777024623427778, 36.307323393386987 ], [ -118.777026689834102, 36.307285139872576 ], [ -118.777067200757728, 36.307286573442497 ] ] ] ] } },
{ "type": "Feature", "properties": { "id": null }, "geometry": { "type": "MultiPolygon", "coordinates": [ [ [ [ -118.766832884066147, 36.341584487942519 ], [ -118.766829261506757, 36.341651302868144 ], [ -118.766705380289622, 36.341646906712668 ], [ -118.766709002954258, 36.341580091797724 ], [ -118.766832884066147, 36.341584487942519 ] ] ] ] } },
{ "type": "Feature", "properties": { "id": null }, "geometry": { "type": "MultiPolygon", "coordinates": [ [ [ [ -118.766699766716542, 36.341496084685588 ], [ -118.766693125161538, 36.341618578695766 ], [ -118.766555479448272, 36.341613693917644 ], [ -118.76656212121766, 36.341491199929202 ], [ -118.766699766716542, 36.341496084685588 ] ] ] ] } },
{ "type": "Feature", "properties": { "id": null }, "geometry": { "type": "MultiPolygon", "coordinates": [ ] } },
{ "type": "Feature", "properties": { "id": null }, "geometry": { "type": "MultiPolygon", "coordinates": [ [ [ [ -118.766306029339432, 36.341381696133851 ], [ -118.766299991028461, 36.341493054270387 ], [ -118.766148581065792, 36.341487680523571 ], [ -118.766154619591134, 36.34137632240877 ], [ -118.766306029339432, 36.341381696133851 ] ] ] ] } },
{ "type": "Feature", "properties": { "id": null }, "geometry": { "type": "MultiPolygon", "coordinates": [ [ [ [ -118.765681794729531, 36.341448797942874 ], [ -118.765672131970476, 36.341626970813813 ], [ -118.765451899112875, 36.341619153209898 ], [ -118.765461562370845, 36.341440980389571 ], [ -118.765681794729531, 36.341448797942874 ] ] ] ] } },
{ "type": "Feature", "properties": { "id": null }, "geometry": { "type": "MultiPolygon", "coordinates": [ [ [ [ -118.766856430411309, 36.341150190900116 ], [ -118.766852204181362, 36.341228141654618 ], [ -118.766769617144632, 36.341225210943584 ], [ -118.766773843456463, 36.341147260197388 ], [ -118.766856430411309, 36.341150190900116 ] ] ] ] } },
{ "type": "Feature", "properties": { "id": null }, "geometry": { "type": "MultiPolygon", "coordinates": [ [ [ [ -118.766729531161772, 36.341201473926311 ], [ -118.766726512331758, 36.341257153027193 ], [ -118.766643925277862, 36.341254222227299 ], [ -118.766646944166311, 36.34119854313235 ], [ -118.766729531161772, 36.341201473926311 ] ] ] ] } },
{ "type": "Feature", "properties": { "id": null }, "geometry": { "type": "MultiPolygon", "coordinates": [ [ [ [ -118.767016955220697, 36.341496183201905 ], [ -118.767014540295037, 36.341540726497058 ], [ -118.766931952910923, 36.34153779587664 ], [ -118.766934367883337, 36.341493252586226 ], [ -118.767016955220697, 36.341496183201905 ] ] ] ] } },
{ "type": "Feature", "properties": { "id": null }, "geometry": { "type": "MultiPolygon", "coordinates": [ [ [ [ -118.766833850631855, 36.341439478041067 ], [ -118.766830228092459, 36.341506292968397 ], [ -118.766706347104872, 36.341501896828944 ], [ -118.766709969749471, 36.341435081912287 ], [ -118.766833850631855, 36.341439478041067 ] ] ] ] } },
{ "type": "Feature", "properties": { "id": null }, "geometry": { "type": "MultiPolygon", "coordinates": [ ] } },
{ "type": "Feature", "properties": { "id": null }, "geometry": { "type": "MultiPolygon", "coordinates": [ ] } },
{ "type": "Feature", "properties": { "id": null }, "geometry": { "type": "MultiPolygon", "coordinates": [ [ [ [ -118.766089180331264, 36.341184326691113 ], [ -118.766084953331415, 36.341262277367683 ], [ -118.766016130838395, 36.34125983466862 ], [ -118.766020357906442, 36.341181883998985 ], [ -118.766089180331264, 36.341184326691113 ] ] ] ] } },
{ "type": "Feature", "properties": { "id": null }, "geometry": { "type": "MultiPolygon", "coordinates": [ [ [ [ -118.765423730678805, 36.340485693366468 ], [ -118.76541587949194, 36.340630458799595 ], [ -118.765292000118464, 36.340626061284745 ], [ -118.765299851533314, 36.340481295874753 ], [ -118.765423730678805, 36.340485693366468 ] ] ] ] } },
{ "type": "Feature", "properties": { "id": null }, "geometry": { "type": "MultiPolygon", "coordinates": [ [ [ [ -118.766697175439475, 36.340653620652247 ], [ -118.766691741606707, 36.340753843038279 ], [ -118.766595390669295, 36.340750423778708 ], [ -118.766600824624859, 36.34065020140514 ], [ -118.766697175439475, 36.340653620652247 ] ] ] ] } },
{ "type": "Feature", "properties": { "id": null }, "geometry": { "type": "MultiPolygon", "coordinates": [ [ [ [ -118.766681538702215, 36.34081484581997 ], [ -118.766677312349685, 36.340892796561185 ], [ -118.766594725685749, 36.340889865752452 ], [ -118.766598952120106, 36.340811915019529 ], [ -118.766681538702215, 36.34081484581997 ] ] ] ] } },
{ "type": "Feature", "properties": { "id": null }, "geometry": { "type": "MultiPolygon", "coordinates": [ [ [ [ -118.766751809291293, 36.340917754728153 ], [ -118.766748186750831, 36.340984569654218 ], [ -118.766651835522154, 36.340981150421577 ], [ -118.76665545814447, 36.340914335503825 ], [ -118.766751809291293, 36.340917754728153 ] ] ] ] } },
{ "type": "Feature", "properties": { "id": null }, "geometry": { "type": "MultiPolygon", "coordinates": [ [ [ [ -118.766839829684571, 36.340820463028521 ], [ -118.766835603488929, 36.340898413785631 ], [ -118.766753016802113, 36.340895483085895 ], [ -118.76675724307961, 36.340817532337077 ], [ -118.766839829684571, 36.340820463028521 ] ] ] ] } },
{ "type": "Feature", "properties": { "id": null }, "geometry": { "type": "MultiPolygon", "coordinates": [ [ [ [ -118.766868023038668, 36.340681997904618 ], [ -118.766861381944508, 36.340804491958195 ], [ -118.766751266493301, 36.3408005843783 ], [ -118.766757907758944, 36.340678090342131 ], [ -118.766868023038668, 36.340681997904618 ] ] ] ] } },
{ "type": "Feature", "properties": { "id": null }, "geometry": { "type": "MultiPolygon", "coordinates": [ [ [ [ -118.76683457839637, 36.340535766883974 ], [ -118.766827937285328, 36.340658260935228 ], [ -118.766717822044754, 36.340654353337989 ], [ -118.766724463327293, 36.340531859304122 ], [ -118.76683457839637, 36.340535766883974 ] ] ] ] } },
{ "type": "Feature", "properties": { "id": null }, "geometry": { "type": "MultiPolygon", "coordinates": [ [ [ [ -118.767047745058036, 36.340928256147478 ], [ -118.767045330199977, 36.340972799448636 ], [ -118.766962743412179, 36.340969868888706 ], [ -118.766965158317021, 36.340925325592295 ], [ -118.767047745058036, 36.340928256147478 ] ] ] ] } },
{ "type": "Feature", "properties": { "id": null }, "geometry": { "type": "MultiPolygon", "coordinates": [ [ [ [ -118.767031565734499, 36.340972311025936 ], [ -118.767027943425788, 36.341039125975605 ], [ -118.766972885520516, 36.34103717226423 ], [ -118.766976507875995, 36.340970357319314 ], [ -118.767031565734499, 36.340972311025936 ] ] ] ] } },
{ "type": "Feature", "properties": { "id": null }, "geometry": { "type": "MultiPolygon", "coordinates": [ [ [ [ -118.767245519449318, 36.341604708747802 ], [ -118.767241293536998, 36.34168265953565 ], [ -118.767131176795303, 36.341678752225008 ], [ -118.767135402816777, 36.341600801448216 ], [ -118.767245519449318, 36.341604708747802 ] ] ] ] } },
{ "type": "Feature", "properties": { "id": null }, "geometry": { "type": "MultiPolygon", "coordinates": [ [ [ [ -118.766882489575579, 36.341634566674443 ], [ -118.766878384255364, 36.341710286434271 ], [ -118.766791989340263, 36.341707220597321 ], [ -118.766796094743654, 36.341631500845935 ], [ -118.766882489575579, 36.341634566674443 ] ] ] ] } },
{ "type": "Feature", "properties": { "id": null }, "geometry": { "type": "MultiPolygon", "coordinates": [ [ [ [ -118.767085056561683, 36.341557135618331 ], [ -118.767079688334547, 36.341656153792783 ], [ -118.76696449516696, 36.341652066195621 ], [ -118.766969863539131, 36.341553048035877 ], [ -118.767085056561683, 36.341557135618331 ] ] ] ] } },
{ "type": "Feature", "properties": { "id": null }, "geometry": { "type": "MultiPolygon", "coordinates": [ [ [ [ -118.766031775219176, 36.341426383342274 ], [ -118.766027353251189, 36.341507927611907 ], [ -118.765940958654852, 36.341504861174343 ], [ -118.765945380712409, 36.341423316913804 ], [ -118.766031775219176, 36.341426383342274 ] ] ] ] } },
{ "type": "Feature", "properties": { "id": null }, "geometry": { "type": "MultiPolygon", "coordinates": [ [ [ [ -118.766104211932543, 36.341487312328852 ], [ -118.76610010588098, 36.3415630320142 ], [ -118.766006511660791, 36.341559710090024 ], [ -118.766010617802451, 36.34148399041382 ], [ -118.766104211932543, 36.341487312328852 ] ] ] ] } },
{ "type": "Feature", "properties": { "id": null }, "geometry": { "type": "MultiPolygon", "coordinates": [ [ [ [ -118.765896154769422, 36.341266920964678 ], [ -118.765892048549517, 36.341342640632384 ], [ -118.765820053216402, 36.341340085200514 ], [ -118.765824159505641, 36.341264365539836 ], [ -118.765896154769422, 36.341266920964678 ] ] ] ] } },
{ "type": "Feature", "properties": { "id": null }, "geometry": { "type": "MultiPolygon", "coordinates": [ [ [ [ -118.765753269806396, 36.341241424010931 ], [ -118.765748847577896, 36.341322968253678 ], [ -118.765648054158163, 36.341319390517825 ], [ -118.765652476491127, 36.341237846285686 ], [ -118.765753269806396, 36.341241424010931 ] ] ] ] } },
{ "type": "Feature", "properties": { "id": null }, "geometry": { "type": "MultiPolygon", "coordinates": [ [ [ [ -118.766275630429902, 36.339639090597373 ], [ -118.76626983987876, 36.339745885630876 ], [ -118.766137837715434, 36.339741200758866 ], [ -118.766143628445803, 36.339634405743546 ], [ -118.766275630429902, 36.339639090597373 ] ] ] ] } },
{ "type": "Feature", "properties": { "id": null }, "geometry": { "type": "MultiPolygon", "coordinates": [ [ [ [ -118.766309064329519, 36.339733902644809 ], [ -118.76630520398254, 36.339805099336068 ], [ -118.766228202655057, 36.339802366530684 ], [ -118.766232063071755, 36.339731169846509 ], [ -118.766309064329519, 36.339733902644809 ] ] ] ] } },
{ "type": "Feature", "properties": { "id": null }, "geometry": { "type": "MultiPolygon", "coordinates": [ [ [ [ -118.766585998950134, 36.339708063876479 ], [ -118.766578761267894, 36.339841557720085 ], [ -118.766336756932219, 36.339832969283279 ], [ -118.766343995025196, 36.339699475481353 ], [ -118.766585998950134, 36.339708063876479 ] ] ] ] } },
{ "type": "Feature", "properties": { "id": null }, "geometry": { "type": "MultiPolygon", "coordinates": [ [ [ [ -118.766594486079214, 36.340466285639501 ], [ -118.766590143364056, 36.340546381936875 ], [ -118.766480140387785, 36.340542478108162 ], [ -118.766484483214967, 36.340462381822149 ], [ -118.766594486079214, 36.340466285639501 ] ] ] ] } },
{ "type": "Feature", "properties": { "id": null }, "geometry": { "type": "MultiPolygon", "coordinates": [ [ [ [ -118.765937351673102, 36.33947422421641 ], [ -118.765934275730629, 36.339530949633861 ], [ -118.765864161445535, 36.339528461042711 ], [ -118.76586723743857, 36.33947173563039 ], [ -118.765937351673102, 36.33947422421641 ] ] ] ] } },
{ "type": "Feature", "properties": { "id": null }, "geometry": { "type": "MultiPolygon", "coordinates": [ [ [ [ -118.766049534466219, 36.339478205868794 ], [ -118.766044613083594, 36.339568966549471 ], [ -118.76593243016103, 36.339564984883964 ], [ -118.765937351673102, 36.33947422421641 ], [ -118.766049534466219, 36.339478205868794 ] ] ] ] } },
{ "type": "Feature", "properties": { "id": null }, "geometry": { "type": "MultiPolygon", "coordinates": [ [ [ [ -118.766804090199841, 36.34037964436304 ], [ -118.76680072497885, 36.340441715234419 ], [ -118.766713042319211, 36.340438603684923 ], [ -118.76671640760938, 36.340376532820571 ], [ -118.766804090199841, 36.34037964436304 ] ] ] ] } },
{ "type": "Feature", "properties": { "id": null }, "geometry": { "type": "MultiPolygon", "coordinates": [ [ [ [ -118.766711167825719, 36.340371904713855 ], [ -118.766705398744378, 36.340478311908704 ], [ -118.766584835049287, 36.340474033411773 ], [ -118.766590604293754, 36.340367626233466 ], [ -118.766711167825719, 36.340371904713855 ] ] ] ] } },
{ "type": "Feature", "properties": { "id": null }, "geometry": { "type": "MultiPolygon", "coordinates": [ [ [ [ -118.76674606872632, 36.340133266401345 ], [ -118.766743184238294, 36.340186470003644 ], [ -118.766666462166441, 36.340183747380777 ], [ -118.766669346706365, 36.340130543783758 ], [ -118.76674606872632, 36.340133266401345 ] ] ] ] } },
{ "type": "Feature", "properties": { "id": null }, "geometry": { "type": "MultiPolygon", "coordinates": [ [ [ [ -118.765733594266891, 36.339768612981068 ], [ -118.765727823982772, 36.339875020051885 ], [ -118.765607261370278, 36.33987074062955 ], [ -118.765613031817452, 36.339764333575282 ], [ -118.765733594266891, 36.339768612981068 ] ] ] ] } },
{ "type": "Feature", "properties": { "id": null }, "geometry": { "type": "MultiPolygon", "coordinates": [ [ [ [ -118.765632679403808, 36.340515756301421 ], [ -118.765628351472571, 36.340595561584372 ], [ -118.76549682742926, 36.340590892928923 ], [ -118.765501155493951, 36.340511087659507 ], [ -118.765632679403808, 36.340515756301421 ] ] ] ] } },
{ "type": "Feature", "properties": { "id": null }, "geometry": { "type": "MultiPolygon", "coordinates": [ [ [ [ -118.766231028336904, 36.340417055386467 ], [ -118.766224296965945, 36.340541197035371 ], [ -118.766092772912472, 36.340536529041771 ], [ -118.766099504491024, 36.34041238741392 ], [ -118.766231028336904, 36.340417055386467 ] ] ] ] } },
{ "type": "Feature", "properties": { "id": null }, "geometry": { "type": "MultiPolygon", "coordinates": [ [ [ [ -118.766585410034537, 36.340767236582963 ], [ -118.766582044592383, 36.340829307432735 ], [ -118.766483401140391, 36.340825806722584 ], [ -118.766486766660378, 36.340763735880721 ], [ -118.766585410034537, 36.340767236582963 ] ] ] ] } },
{ "type": "Feature", "properties": { "id": null }, "geometry": { "type": "MultiPolygon", "coordinates": [ [ [ [ -118.766183864710598, 36.340881808552382 ], [ -118.766179537283875, 36.340961613887423 ], [ -118.766080893716463, 36.340958112834123 ], [ -118.766085221243287, 36.340878307509229 ], [ -118.766183864710598, 36.340881808552382 ] ] ] ] } },
{ "type": "Feature", "properties": { "id": null }, "geometry": { "type": "MultiPolygon", "coordinates": [ [ [ [ -118.766300194581902, 36.341267963187789 ], [ -118.766297790490071, 36.341312299489054 ], [ -118.766232027805017, 36.341309965508337 ], [ -118.766234431933896, 36.341265629210831 ], [ -118.766300194581902, 36.341267963187789 ] ] ] ] } },
{ "type": "Feature", "properties": { "id": null }, "geometry": { "type": "MultiPolygon", "coordinates": [ [ [ [ -118.766316684400962, 36.341166378684342 ], [ -118.766311876248622, 36.341255051289792 ], [ -118.766224192732778, 36.341251939322007 ], [ -118.766229000983969, 36.341163266726582 ], [ -118.766316684400962, 36.341166378684342 ] ] ] ] } },
{ "type": "Feature", "properties": { "id": null }, "geometry": { "type": "MultiPolygon", "coordinates": [ [ [ [ -118.766407394982025, 36.341316189376791 ], [ -118.766404510139054, 36.341369392945204 ], [ -118.766338747396901, 36.341367059020072 ], [ -118.766341632284352, 36.341313855456171 ], [ -118.766407394982025, 36.341316189376791 ] ] ] ] } },
{ "type": "Feature", "properties": { "id": null }, "geometry": { "type": "MultiPolygon", "coordinates": [ [ [ [ -118.766623478942705, 36.341381606067159 ], [ -118.766619151885564, 36.341461411440989 ], [ -118.766531468103466, 36.341458299683538 ], [ -118.766535795249581, 36.341378494318725 ], [ -118.766623478942705, 36.341381606067159 ] ] ] ] } },
{ "type": "Feature", "properties": { "id": null }, "geometry": { "type": "MultiPolygon", "coordinates": [ [ [ [ -118.765372835679969, 36.341257257814277 ], [ -118.765365140888605, 36.341399133806419 ], [ -118.765211694650304, 36.341393686586642 ], [ -118.765219389718439, 36.34125181062258 ], [ -118.765372835679969, 36.341257257814277 ] ] ] ] } },
{ "type": "Feature", "properties": { "id": null }, "geometry": { "type": "MultiPolygon", "coordinates": [ [ [ [ -118.765692670880298, 36.340624497620915 ], [ -118.765687862115684, 36.340713170162701 ], [ -118.765600179278195, 36.340710057776803 ], [ -118.765604988141661, 36.340621385245043 ], [ -118.765692670880298, 36.340624497620915 ] ] ] ] } },
{ "type": "Feature", "properties": { "id": null }, "geometry": { "type": "MultiPolygon", "coordinates": [ [ [ [ -118.766141570277625, 36.340142908494364 ], [ -118.766136281288126, 36.340240448354848 ], [ -118.76602667834203, 36.340236558317031 ], [ -118.766031967467427, 36.340139018470346 ], [ -118.766141570277625, 36.340142908494364 ] ] ] ] } },
{ "type": "Feature", "properties": { "id": null }, "geometry": { "type": "MultiPolygon", "coordinates": [ [ [ [ -118.766043359197027, 36.340232708199643 ], [ -118.76603903172952, 36.340312513528829 ], [ -118.765940388998644, 36.340309012413101 ], [ -118.765944716566253, 36.340229207094062 ], [ -118.766043359197027, 36.340232708199643 ] ] ] ] } },
{ "type": "Feature", "properties": { "id": null }, "geometry": { "type": "MultiPolygon", "coordinates": [ [ [ [ -118.766139745486512, 36.339974041552743 ], [ -118.766133975711625, 36.340080448675899 ], [ -118.765936690827928, 36.340073446558293 ], [ -118.765942460869695, 36.339967039462216 ], [ -118.766139745486512, 36.339974041552743 ] ] ] ] } },
{ "type": "Feature", "properties": { "id": null }, "geometry": { "type": "MultiPolygon", "coordinates": [ [ [ [ -118.765928042800567, 36.339726650956436 ], [ -118.765924196130101, 36.339797589022332 ], [ -118.765825554063255, 36.339794087854273 ], [ -118.765829400822668, 36.339723149797408 ], [ -118.765928042800567, 36.339726650956436 ] ] ] ] } },
{ "type": "Feature", "properties": { "id": null }, "geometry": { "type": "MultiPolygon", "coordinates": [ [ [ [ -118.765634749604246, 36.339600370617148 ], [ -118.765631649007418, 36.339657546335175 ], [ -118.765532709629866, 36.339654034376125 ], [ -118.765535810298644, 36.339596858665388 ], [ -118.765634749604246, 36.339600370617148 ] ] ] ] } },
{ "type": "Feature", "properties": { "id": null }, "geometry": { "type": "MultiPolygon", "coordinates": [ [ [ [ -118.765655394995534, 36.339480803305271 ], [ -118.76565198437001, 36.339543696598021 ], [ -118.765567179309386, 36.339540686374903 ], [ -118.765570590002724, 36.339477793089031 ], [ -118.765655394995534, 36.339480803305271 ] ] ] ] } },
{ "type": "Feature", "properties": { "id": null }, "geometry": { "type": "MultiPolygon", "coordinates": [ [ [ [ -118.765776000494895, 36.33947649131612 ], [ -118.765774450256217, 36.339505079181073 ], [ -118.765739114824598, 36.339503824966073 ], [ -118.765740665076137, 36.339475237102427 ], [ -118.765776000494895, 36.33947649131612 ] ] ] ] } },
{ "type": "Feature", "properties": { "id": null }, "geometry": { "type": "MultiPolygon", "coordinates": [ [ [ [ -118.766743788246828, 36.33971420299028 ], [ -118.766741618388352, 36.339754226049727 ], [ -118.76669214856517, 36.339752470535871 ], [ -118.766694318448785, 36.339712447478973 ], [ -118.766743788246828, 36.33971420299028 ] ] ] ] } },
{ "type": "Feature", "properties": { "id": null }, "geometry": { "type": "MultiPolygon", "coordinates": [ [ [ [ -118.766713814890551, 36.339744646531919 ], [ -118.766711335031673, 36.339790387169266 ], [ -118.766661865187558, 36.339788631641362 ], [ -118.766664345075171, 36.339742891006949 ], [ -118.766713814890551, 36.339744646531919 ] ] ] ] } },
{ "type": "Feature", "properties": { "id": null }, "geometry": { "type": "MultiPolygon", "coordinates": [ [ [ [ -118.766768708339228, 36.339972873409053 ], [ -118.766765918510472, 36.340024331627703 ], [ -118.76668817994792, 36.340021572952168 ], [ -118.766690969827508, 36.339970114738676 ], [ -118.766768708339228, 36.339972873409053 ] ] ] ] } },
{ "type": "Feature", "properties": { "id": null }, "geometry": { "type": "MultiPolygon", "coordinates": [ [ [ [ -118.765453547041901, 36.304246071221904 ], [ -118.765451521847879, 36.304283463141338 ], [ -118.765382227198117, 36.304281004296527 ], [ -118.765384252425036, 36.304243612380439 ], [ -118.765453547041901, 36.304246071221904 ] ] ] ] } },
{ "type": "Feature", "properties": { "id": null }, "geometry": { "type": "MultiPolygon", "coordinates": [ [ [ [ -118.765550725727394, 36.304214397134501 ], [ -118.765548447438675, 36.304256463049363 ], [ -118.765496476461962, 36.304254618962815 ], [ -118.765498754778449, 36.304212553050768 ], [ -118.765550725727394, 36.304214397134501 ] ] ] ] } },
{ "type": "Feature", "properties": { "id": null }, "geometry": { "type": "MultiPolygon", "coordinates": [ [ [ [ -118.765603986208077, 36.304139017898571 ], [ -118.765602467372716, 36.304167061844154 ], [ -118.765579369185005, 36.304166242265083 ], [ -118.765580888028595, 36.304138198320324 ], [ -118.765603986208077, 36.304139017898571 ] ] ] ] } },
{ "type": "Feature", "properties": { "id": null }, "geometry": { "type": "MultiPolygon", "coordinates": [ [ [ [ -118.765259032570427, 36.304098679824818 ], [ -118.76525751361379, 36.304126723758031 ], [ -118.765234415448305, 36.304125904113086 ], [ -118.765235934413184, 36.304097860180697 ], [ -118.765259032570427, 36.304098679824818 ] ] ] ] } },
{ "type": "Feature", "properties": { "id": null }, "geometry": { "type": "MultiPolygon", "coordinates": [ [ [ [ -118.765097803475257, 36.304191300886536 ], [ -118.765097297135654, 36.304200648862192 ], [ -118.765062649862259, 36.304199419344535 ], [ -118.765063156205983, 36.304190071369291 ], [ -118.765097803475257, 36.304191300886536 ] ] ] ] } },
{ "type": "Feature", "properties": { "id": null }, "geometry": { "type": "MultiPolygon", "coordinates": [ [ [ [ -118.765100871369313, 36.304348289315385 ], [ -118.765099099170811, 36.304381007229381 ], [ -118.765041353583229, 36.304378958019882 ], [ -118.765043125805732, 36.304346240108316 ], [ -118.765100871369313, 36.304348289315385 ] ] ] ] } },
{ "type": "Feature", "properties": { "id": null }, "geometry": { "type": "MultiPolygon", "coordinates": [ [ [ [ -118.76550499480615, 36.304578046331393 ], [ -118.765502969612115, 36.304615438251247 ], [ -118.765462547558045, 36.30461400393613 ], [ -118.765464572771279, 36.304576612018231 ], [ -118.76550499480615, 36.304578046331393 ] ] ] ] } },
{ "type": "Feature", "properties": { "id": null }, "geometry": { "type": "MultiPolygon", "coordinates": [ [ [ [ -118.765523180640216, 36.3046161554037 ], [ -118.765522168046616, 36.304634851363971 ], [ -118.765499069723361, 36.304634031760344 ], [ -118.765500082322461, 36.304615335800619 ], [ -118.765523180640216, 36.3046161554037 ] ] ] ] } },
{ "type": "Feature", "properties": { "id": null }, "geometry": { "type": "MultiPolygon", "coordinates": [ [ [ [ -118.765491269938934, 36.304671218777685 ], [ -118.765487978974889, 36.304731980645236 ], [ -118.765412909337954, 36.304729316889599 ], [ -118.765416200359908, 36.304668555027924 ], [ -118.765491269938934, 36.304671218777685 ] ] ] ] } },
{ "type": "Feature", "properties": { "id": null }, "geometry": { "type": "MultiPolygon", "coordinates": [ [ [ [ -118.76602989584805, 36.304500669427114 ], [ -118.76602736467531, 36.30454740935928 ], [ -118.765963844317909, 36.304545155711651 ], [ -118.765966375528365, 36.304498415783321 ], [ -118.76602989584805, 36.304500669427114 ] ] ] ] } },
{ "type": "Feature", "properties": { "id": null }, "geometry": { "type": "MultiPolygon", "coordinates": [ [ [ [ -118.766291143832476, 36.304484181557314 ], [ -118.766287600409427, 36.304549617484525 ], [ -118.766200981710369, 36.304546544508717 ], [ -118.766204525205396, 36.30448110858881 ], [ -118.766291143832476, 36.304484181557314 ] ] ] ] } },
{ "type": "Feature", "properties": { "id": null }, "geometry": { "type": "MultiPolygon", "coordinates": [ [ [ [ -118.766225645503468, 36.304411613270645 ], [ -118.766222102035087, 36.304477049193096 ], [ -118.766152807144877, 36.304474590783684 ], [ -118.76615635067084, 36.304409154867088 ], [ -118.766225645503468, 36.304411613270645 ] ] ] ] } },
{ "type": "Feature", "properties": { "id": null }, "geometry": { "type": "MultiPolygon", "coordinates": [ [ [ [ -118.76593224944844, 36.30416705538056 ], [ -118.765930224488798, 36.304204447323698 ], [ -118.765866704417519, 36.304202193642688 ], [ -118.765868729407359, 36.304164801702619 ], [ -118.76593224944844, 36.30416705538056 ] ] ] ] } },
{ "type": "Feature", "properties": { "id": null }, "geometry": { "type": "MultiPolygon", "coordinates": [ [ [ [ -118.765841628538752, 36.304131059345828 ], [ -118.765839856663732, 36.304163777292437 ], [ -118.765805209373312, 36.304162547991041 ], [ -118.765806981262742, 36.304129830045902 ], [ -118.765841628538752, 36.304131059345828 ] ] ] ] } },
{ "type": "Feature", "properties": { "id": null }, "geometry": { "type": "MultiPolygon", "coordinates": [ [ [ [ -118.766327483121742, 36.304347323011172 ], [ -118.76632571143567, 36.3043800409772 ], [ -118.766285289460001, 36.304378606948219 ], [ -118.76628706116287, 36.304345888983896 ], [ -118.766327483121742, 36.304347323011172 ] ] ] ] } },
{ "type": "Feature", "properties": { "id": null }, "geometry": { "type": "MultiPolygon", "coordinates": [ [ [ [ -118.766056229882395, 36.304713688349054 ], [ -118.766053642064222, 36.304761474203389 ], [ -118.765965084843756, 36.304758332272378 ], [ -118.765967672715632, 36.3047105464235 ], [ -118.766056229882395, 36.304713688349054 ] ] ] ] } },
{ "type": "Feature", "properties": { "id": null }, "geometry": { "type": "MultiPolygon", "coordinates": [ [ [ [ -118.765730388082147, 36.304723073938405 ], [ -118.765724888536937, 36.304824618835198 ], [ -118.765614191971409, 36.304820691100979 ], [ -118.765619691659325, 36.304719146218687 ], [ -118.765730388082147, 36.304723073938405 ] ] ] ] } },
{ "type": "Feature", "properties": { "id": null }, "geometry": { "type": "MultiPolygon", "coordinates": [ [ [ [ -118.765838233669626, 36.304643114495896 ], [ -118.765835322231652, 36.304696873567423 ], [ -118.765776284148515, 36.304694778849402 ], [ -118.765779195626806, 36.304641019781954 ], [ -118.765838233669626, 36.304643114495896 ] ] ] ] } },
{ "type": "Feature", "properties": { "id": null }, "geometry": { "type": "MultiPolygon", "coordinates": [ [ [ [ -118.766124373499949, 36.30406975743999 ], [ -118.766122432713729, 36.304105596837822 ], [ -118.766063395054331, 36.304103502290786 ], [ -118.76606533586741, 36.304067662895676 ], [ -118.766124373499949, 36.30406975743999 ] ] ] ] } },
{ "type": "Feature", "properties": { "id": null }, "geometry": { "type": "MultiPolygon", "coordinates": [ [ [ [ -118.765701194482688, 36.305537659647896 ], [ -118.765698678047698, 36.305584122048778 ], [ -118.765641274379746, 36.305582085235962 ], [ -118.765643790848571, 36.305535622838526 ], [ -118.765701194482688, 36.305537659647896 ] ] ] ] } },
{ "type": "Feature", "properties": { "id": null }, "geometry": { "type": "MultiPolygon", "coordinates": [ [ [ [ -118.765463952835617, 36.305442788474913 ], [ -118.765460717248445, 36.305502525829951 ], [ -118.76538691263319, 36.305499906923721 ], [ -118.765390148276367, 36.305440169574368 ], [ -118.765463952835617, 36.305442788474913 ] ] ] ] } },
{ "type": "Feature", "properties": { "id": null }, "geometry": { "type": "MultiPolygon", "coordinates": [ [ [ [ -118.765315872923779, 36.305294553753193 ], [ -118.765312637241152, 36.30535429109824 ], [ -118.765230632284656, 36.305351381108224 ], [ -118.765233868029469, 36.305291643769493 ], [ -118.765315872923779, 36.305294553753193 ] ] ] ] } },
{ "type": "Feature", "properties": { "id": null }, "geometry": { "type": "MultiPolygon", "coordinates": [ [ [ [ -118.765220523036234, 36.305234643168752 ], [ -118.765216208703123, 36.305314292952914 ], [ -118.765101401840269, 36.305310218862445 ], [ -118.765105716289511, 36.305230569090078 ], [ -118.765220523036234, 36.305234643168752 ] ] ] ] } },
{ "type": "Feature", "properties": { "id": null }, "geometry": { "type": "MultiPolygon", "coordinates": [ [ [ [ -118.765288643549681, 36.305190508785664 ], [ -118.76528612690187, 36.305236971164398 ], [ -118.765236924001925, 36.305235225171032 ], [ -118.765239440678769, 36.30518876279524 ], [ -118.765288643549681, 36.305190508785664 ] ] ] ] } },
{ "type": "Feature", "properties": { "id": null }, "geometry": { "type": "MultiPolygon", "coordinates": [ [ [ [ -118.765814339389337, 36.305269014292996 ], [ -118.765811463568099, 36.305322114189835 ], [ -118.765737659089325, 36.30531949551127 ], [ -118.765740534960301, 36.305266395619483 ], [ -118.765814339389337, 36.305269014292996 ] ] ] ] } },
{ "type": "Feature", "properties": { "id": null }, "geometry": { "type": "MultiPolygon", "coordinates": [ [ [ [ -118.765826707571819, 36.305116497565592 ], [ -118.765823472299857, 36.305176234951965 ], [ -118.765741467475507, 36.30517332532456 ], [ -118.76574470280967, 36.305113587944511 ], [ -118.765826707571819, 36.305116497565592 ] ] ] ] } },
{ "type": "Feature", "properties": { "id": null }, "geometry": { "type": "MultiPolygon", "coordinates": [ [ [ [ -118.765560337908425, 36.305180198917128 ], [ -118.765556742927117, 36.305246573767221 ], [ -118.765474738057463, 36.305243663952027 ], [ -118.765478333107879, 36.305177289108968 ], [ -118.765560337908425, 36.305180198917128 ] ] ] ] } },
{ "type": "Feature", "properties": { "id": null }, "geometry": { "type": "MultiPolygon", "coordinates": [ [ [ [ -118.765417616758143, 36.305008878630659 ], [ -118.765414381186886, 36.305068615986443 ], [ -118.76534057698494, 36.305065997078415 ], [ -118.765343812612173, 36.305006259728323 ], [ -118.765417616758143, 36.305008878630659 ] ] ] ] } },
{ "type": "Feature", "properties": { "id": null }, "geometry": { "type": "MultiPolygon", "coordinates": [ [ [ [ -118.766155658741496, 36.305035065157149 ], [ -118.766151345390796, 36.305114715040489 ], [ -118.766061140117159, 36.305111514699313 ], [ -118.766065453559079, 36.305031864825231 ], [ -118.766155658741496, 36.305035065157149 ] ] ] ] } },
{ "type": "Feature", "properties": { "id": null }, "geometry": { "type": "MultiPolygon", "coordinates": [ [ [ [ -118.766329319961386, 36.305393689063536 ], [ -118.766327163348194, 36.305433514011966 ], [ -118.766261559229434, 36.305431186576797 ], [ -118.766263715875809, 36.305391361631742 ], [ -118.766329319961386, 36.305393689063536 ] ] ] ] } },
{ "type": "Feature", "properties": { "id": null }, "geometry": { "type": "MultiPolygon", "coordinates": [ [ [ [ -118.766192360642918, 36.305495234007765 ], [ -118.766188766155864, 36.305561608908697 ], [ -118.766123161941579, 36.305559281390558 ], [ -118.766126756483928, 36.305492906495239 ], [ -118.766192360642918, 36.305495234007765 ] ] ] ] } },
{ "type": "Feature", "properties": { "id": null }, "geometry": { "type": "MultiPolygon", "coordinates": [ [ [ [ -118.766536716472189, 36.30566040611302 ], [ -118.766532043987908, 36.305746693520149 ], [ -118.766433637392993, 36.305743202496807 ], [ -118.766438309985077, 36.305656915100627 ], [ -118.766536716472189, 36.30566040611302 ] ] ] ] } },
{ "type": "Feature", "properties": { "id": null }, "geometry": { "type": "MultiPolygon", "coordinates": [ [ [ [ -118.765311421640206, 36.305680109737914 ], [ -118.765308185908623, 36.305739847078776 ], [ -118.765242581619901, 36.305737519067634 ], [ -118.765245817401251, 36.305677781731816 ], [ -118.765311421640206, 36.305680109737914 ] ] ] ] } },
{ "type": "Feature", "properties": { "id": null }, "geometry": { "type": "MultiPolygon", "coordinates": [ [ [ [ -118.766392753621872, 36.305056777055505 ], [ -118.766388440508834, 36.305136426963024 ], [ -118.766273633732325, 36.305132354015342 ], [ -118.766277946961452, 36.305052704119603 ], [ -118.766392753621872, 36.305056777055505 ] ] ] ] } },
{ "type": "Feature", "properties": { "id": null }, "geometry": { "type": "MultiPolygon", "coordinates": [ [ [ [ -118.766144820977473, 36.305766207331679 ], [ -118.766141585871381, 36.305825944736192 ], [ -118.766034978673702, 36.305822162435348 ], [ -118.766038213860668, 36.305762425039042 ], [ -118.766144820977473, 36.305766207331679 ] ] ] ] } },
{ "type": "Feature", "properties": { "id": null }, "geometry": { "type": "MultiPolygon", "coordinates": [ [ [ [ -118.766179420434497, 36.305734183646251 ], [ -118.766175825905094, 36.305800558543432 ], [ -118.766085619838691, 36.305797358168945 ], [ -118.766089214444108, 36.305730983279481 ], [ -118.766179420434497, 36.305734183646251 ] ] ] ] } },
{ "type": "Feature", "properties": { "id": null }, "geometry": { "type": "MultiPolygon", "coordinates": [ [ [ [ -118.765817585663939, 36.305588341073644 ], [ -118.76581399084705, 36.305654715941323 ], [ -118.765723784990925, 36.305651515304824 ], [ -118.765727379883842, 36.305585140444876 ], [ -118.765817585663939, 36.305588341073644 ] ] ] ] } },
{ "type": "Feature", "properties": { "id": null }, "geometry": { "type": "MultiPolygon", "coordinates": [ [ [ [ -118.766282146949862, 36.304823419735222 ], [ -118.766279630925169, 36.304869882176611 ], [ -118.766222227737472, 36.304867845677052 ], [ -118.766224743796045, 36.304821383239101 ], [ -118.766282146949862, 36.304823419735222 ] ] ] ] } },
{ "type": "Feature", "properties": { "id": null }, "geometry": { "type": "MultiPolygon", "coordinates": [ [ [ [ -118.766243594180665, 36.304928455887314 ], [ -118.766240718686205, 36.30498155581671 ], [ -118.766142313089787, 36.304978064616584 ], [ -118.766145188650569, 36.304924964693917 ], [ -118.766243594180665, 36.304928455887314 ] ] ] ] } },
{ "type": "Feature", "properties": { "id": null }, "geometry": { "type": "MultiPolygon", "coordinates": [ [ [ [ -118.766236718316023, 36.304751980510162 ], [ -118.766233123964128, 36.304818355423166 ], [ -118.766142919022272, 36.304815155166054 ], [ -118.766146513450195, 36.304748780260773 ], [ -118.766236718316023, 36.304751980510162 ] ] ] ] } },
{ "type": "Feature", "properties": { "id": null }, "geometry": { "type": "MultiPolygon", "coordinates": [ [ [ [ -118.766756287095632, 36.304564254639189 ], [ -118.766749458700374, 36.304690367061873 ], [ -118.766544447687281, 36.304683094559536 ], [ -118.766551276410823, 36.30455698217019 ], [ -118.766756287095632, 36.304564254639189 ] ] ] ] } },
{ "type": "Feature", "properties": { "id": null }, "geometry": { "type": "MultiPolygon", "coordinates": [ [ [ [ -118.76671806170512, 36.304739130149223 ], [ -118.766713389577845, 36.304825417589932 ], [ -118.766614984117297, 36.304821926791718 ], [ -118.766619656352404, 36.304735639361951 ], [ -118.76671806170512, 36.304739130149223 ] ] ] ] } },
{ "type": "Feature", "properties": { "id": null }, "geometry": { "type": "MultiPolygon", "coordinates": [ [ [ [ -118.767152031581716, 36.30461486847679 ], [ -118.767148797379846, 36.304674605970739 ], [ -118.767042191610173, 36.304670824670744 ], [ -118.767045425892903, 36.304611087184995 ], [ -118.767152031581716, 36.30461486847679 ] ] ] ] } },
{ "type": "Feature", "properties": { "id": null }, "geometry": { "type": "MultiPolygon", "coordinates": [ [ [ [ -118.767175978863662, 36.30447606271342 ], [ -118.767170947932769, 36.304568987708706 ], [ -118.767072542736074, 36.304565497308232 ], [ -118.76707757378307, 36.304472572324734 ], [ -118.767175978863662, 36.30447606271342 ] ] ] ] } },
{ "type": "Feature", "properties": { "id": null }, "geometry": { "type": "MultiPolygon", "coordinates": [ [ [ [ -118.767140187377493, 36.304378364652422 ], [ -118.7671351564221, 36.304471289644916 ], [ -118.767020350509455, 36.304467217478184 ], [ -118.767025381600334, 36.304374292499453 ], [ -118.767140187377493, 36.304378364652422 ] ] ] ] } },
{ "type": "Feature", "properties": { "id": null }, "geometry": { "type": "MultiPolygon", "coordinates": [ [ [ [ -118.767038188804065, 36.304441249228745 ], [ -118.76703136089337, 36.304567361700059 ], [ -118.766924755285899, 36.304563580304915 ], [ -118.766931583367281, 36.304437467850924 ], [ -118.767038188804065, 36.304441249228745 ] ] ] ] } },
{ "type": "Feature", "properties": { "id": null }, "geometry": { "type": "MultiPolygon", "coordinates": [ [ [ [ -118.766944488136176, 36.304274994593179 ], [ -118.766940535077083, 36.304348007070203 ], [ -118.766825729374091, 36.304343934728429 ], [ -118.766829682539623, 36.304270922262212 ], [ -118.766944488136176, 36.304274994593179 ] ] ] ] } },
{ "type": "Feature", "properties": { "id": null }, "geometry": { "type": "MultiPolygon", "coordinates": [ [ [ [ -118.767233220376397, 36.304860482136455 ], [ -118.767228548795956, 36.304946769632984 ], [ -118.767130143117285, 36.304943279248803 ], [ -118.767134814805544, 36.304856991763231 ], [ -118.767233220376397, 36.304860482136455 ] ] ] ] } },
{ "type": "Feature", "properties": { "id": null }, "geometry": { "type": "MultiPolygon", "coordinates": [ [ [ [ -118.767008001930591, 36.30499879907341 ], [ -118.767003689452366, 36.305078449045205 ], [ -118.766905283636916, 36.305074958465099 ], [ -118.766909596214674, 36.304995308503422 ], [ -118.767008001930591, 36.30499879907341 ] ] ] ] } },
{ "type": "Feature", "properties": { "id": null }, "geometry": { "type": "MultiPolygon", "coordinates": [ [ [ [ -118.766851114730827, 36.305013184789409 ], [ -118.766846083315812, 36.305106109737231 ], [ -118.766747677485711, 36.305102619025135 ], [ -118.766752709016828, 36.305009694089101 ], [ -118.766851114730827, 36.305013184789409 ] ] ] ] } },
{ "type": "Feature", "properties": { "id": null }, "geometry": { "type": "MultiPolygon", "coordinates": [ [ [ [ -118.766823055038145, 36.305607702073949 ], [ -118.766816478243186, 36.305729165022143 ], [ -118.76665807514091, 36.305723545932686 ], [ -118.766664652180197, 36.305602083009312 ], [ -118.766823055038145, 36.305607702073949 ] ] ] ] } },
{ "type": "Feature", "properties": { "id": null }, "geometry": { "type": "MultiPolygon", "coordinates": [ [ [ [ -118.767067202715339, 36.305572416503111 ], [ -118.767060260950331, 36.305700627434064 ], [ -118.766910194859648, 36.305695304400963 ], [ -118.766917136868955, 36.305567093494822 ], [ -118.767067202715339, 36.305572416503111 ] ] ] ] } },
{ "type": "Feature", "properties": { "id": null }, "geometry": { "type": "MultiPolygon", "coordinates": [ [ [ [ -118.767464338646292, 36.305488469348056 ], [ -118.767459954802789, 36.305569444716141 ], [ -118.767343236863908, 36.305565304998531 ], [ -118.767347620827408, 36.305484329642631 ], [ -118.767464338646292, 36.305488469348056 ] ] ] ] } },
{ "type": "Feature", "properties": { "id": null }, "geometry": { "type": "MultiPolygon", "coordinates": [ [ [ [ -118.766896061984184, 36.305262105303257 ], [ -118.766892042956286, 36.305336332672198 ], [ -118.766766988486879, 36.305331896686468 ], [ -118.766771007632641, 36.305257669329507 ], [ -118.766896061984184, 36.305262105303257 ] ] ] ] } },
{ "type": "Feature", "properties": { "id": null }, "geometry": { "type": "MultiPolygon", "coordinates": [ [ [ [ -118.766927549800656, 36.305374777128286 ], [ -118.76692206932259, 36.305475996269656 ], [ -118.766788677646502, 36.305471264564837 ], [ -118.766794158296008, 36.305370045440874 ], [ -118.766927549800656, 36.305374777128286 ] ] ] ] } },
{ "type": "Feature", "properties": { "id": null }, "geometry": { "type": "MultiPolygon", "coordinates": [ [ [ [ -118.766280304877299, 36.305449849611129 ], [ -118.766277746926903, 36.305497085170536 ], [ -118.766227725073023, 36.30549531052813 ], [ -118.766230283053403, 36.305448074971764 ], [ -118.766280304877299, 36.305449849611129 ] ] ] ] } },
{ "type": "Feature", "properties": { "id": null }, "geometry": { "type": "MultiPolygon", "coordinates": [ ] } },
{ "type": "Feature", "properties": { "id": null }, "geometry": { "type": "MultiPolygon", "coordinates": [ ] } },
{ "type": "Feature", "properties": { "id": null }, "geometry": { "type": "MultiPolygon", "coordinates": [ [ [ [ -118.766362761058346, 36.305469677141566 ], [ -118.766360203155813, 36.305516912705855 ], [ -118.766293507327589, 36.305514546556246 ], [ -118.766296065270126, 36.305467310996015 ], [ -118.766362761058346, 36.305469677141566 ] ] ] ] } },
{ "type": "Feature", "properties": { "id": null }, "geometry": { "type": "MultiPolygon", "coordinates": [ [ [ [ -118.766438707348499, 36.305455469164826 ], [ -118.766435418676195, 36.305516200610668 ], [ -118.766368722842074, 36.30551383450306 ], [ -118.766372011565821, 36.305453103062447 ], [ -118.766438707348499, 36.305455469164826 ] ] ] ] } },
{ "type": "Feature", "properties": { "id": null }, "geometry": { "type": "MultiPolygon", "coordinates": [ [ [ [ -118.765712694607473, 36.305365482549369 ], [ -118.765709039913034, 36.305432961871119 ], [ -118.765608996365245, 36.305429412094909 ], [ -118.765612651145403, 36.305361932781885 ], [ -118.765712694607473, 36.305365482549369 ] ] ] ] } },
{ "type": "Feature", "properties": { "id": null }, "geometry": { "type": "MultiPolygon", "coordinates": [ [ [ [ -118.767499471164413, 36.306085103517908 ], [ -118.767495826804023, 36.306152418768228 ], [ -118.7674195897537, 36.306149714833801 ], [ -118.767423234179262, 36.306082399590103 ], [ -118.767499471164413, 36.306085103517908 ] ] ] ] } },
{ "type": "Feature", "properties": { "id": null }, "geometry": { "type": "MultiPolygon", "coordinates": [ [ [ [ -118.767620686696304, 36.305898309841666 ], [ -118.767618864582147, 36.305931967473299 ], [ -118.767563419600876, 36.305930001047621 ], [ -118.767565241738723, 36.305896343418404 ], [ -118.767620686696304, 36.305898309841666 ] ] ] ] } },
{ "type": "Feature", "properties": { "id": null }, "geometry": { "type": "MultiPolygon", "coordinates": [ [ [ [ -118.76747079449143, 36.305845220480137 ], [ -118.767467150138316, 36.305912535730648 ], [ -118.767370121467749, 36.305909094347356 ], [ -118.767373765903784, 36.305841779105265 ], [ -118.76747079449143, 36.305845220480137 ] ] ] ] } },
{ "type": "Feature", "properties": { "id": null }, "geometry": { "type": "MultiPolygon", "coordinates": [ [ [ [ -118.767224675537435, 36.30603039400286 ], [ -118.767221942096597, 36.306080880423181 ], [ -118.767117982616881, 36.306077192995929 ], [ -118.767120716124381, 36.306026706582365 ], [ -118.767224675537435, 36.30603039400286 ] ] ] ] } },
{ "type": "Feature", "properties": { "id": null }, "geometry": { "type": "MultiPolygon", "coordinates": [ [ [ [ -118.767012656366475, 36.306098748681762 ], [ -118.767008707853606, 36.30617167349007 ], [ -118.76692554019489, 36.306168723400816 ], [ -118.766929488784783, 36.306095798600325 ], [ -118.767012656366475, 36.306098748681762 ] ] ] ] } },
{ "type": "Feature", "properties": { "id": null }, "geometry": { "type": "MultiPolygon", "coordinates": [ [ [ [ -118.766885585837727, 36.305880667053913 ], [ -118.76688102975983, 36.305964811052611 ], [ -118.76676320924426, 36.305960631637042 ], [ -118.766767765448023, 36.305876487651133 ], [ -118.766885585837727, 36.305880667053913 ] ] ] ] } },
{ "type": "Feature", "properties": { "id": null }, "geometry": { "type": "MultiPolygon", "coordinates": [ [ [ [ -118.76653811609026, 36.305949836457145 ], [ -118.766533255862697, 36.306039590014251 ], [ -118.766408504666387, 36.306035164376397 ], [ -118.766413365036129, 36.305945410833729 ], [ -118.76653811609026, 36.305949836457145 ] ] ] ] } },
{ "type": "Feature", "properties": { "id": null }, "geometry": { "type": "MultiPolygon", "coordinates": [ [ [ [ -118.76642041946252, 36.306007485202251 ], [ -118.766417381732126, 36.306063581166583 ], [ -118.766361936743962, 36.306061614177587 ], [ -118.766364974513877, 36.306005518217276 ], [ -118.76642041946252, 36.306007485202251 ] ] ] ] } },
{ "type": "Feature", "properties": { "id": null }, "geometry": { "type": "MultiPolygon", "coordinates": [ [ [ [ -118.766306643651873, 36.306056842365159 ], [ -118.76630390961661, 36.306107328725233 ], [ -118.766227672727908, 36.306104624033601 ], [ -118.766230406812042, 36.306054137678508 ], [ -118.766306643651873, 36.306056842365159 ] ] ] ] } },
{ "type": "Feature", "properties": { "id": null }, "geometry": { "type": "MultiPolygon", "coordinates": [ [ [ [ -118.766346100936417, 36.306097584799467 ], [ -118.766342151803073, 36.30617050954482 ], [ -118.766258984217401, 36.306167558991952 ], [ -118.766262933427782, 36.306094634254421 ], [ -118.766346100936417, 36.306097584799467 ] ] ] ] } },
{ "type": "Feature", "properties": { "id": null }, "geometry": { "type": "MultiPolygon", "coordinates": [ [ [ [ -118.76622241293488, 36.30607352537794 ], [ -118.766218463689839, 36.306146450111889 ], [ -118.766135296143048, 36.306143499474643 ], [ -118.766139245465126, 36.306070574748517 ], [ -118.76622241293488, 36.30607352537794 ] ] ] ] } },
{ "type": "Feature", "properties": { "id": null }, "geometry": { "type": "MultiPolygon", "coordinates": [ [ [ [ -118.766177943184985, 36.306125341219428 ], [ -118.766175209059924, 36.306175827570499 ], [ -118.766112833378799, 36.306173614573865 ], [ -118.766115567543849, 36.306123128226865 ], [ -118.766177943184985, 36.306125341219428 ] ] ] ] } },
{ "type": "Feature", "properties": { "id": null }, "geometry": { "type": "MultiPolygon", "coordinates": [ [ [ [ -118.766371685680966, 36.305817473808226 ], [ -118.766370774358592, 36.305834302597077 ], [ -118.766329190741203, 36.305832827349512 ], [ -118.766330102072473, 36.305815998561563 ], [ -118.766371685680966, 36.305817473808226 ] ] ] ] } },
{ "type": "Feature", "properties": { "id": null }, "geometry": { "type": "MultiPolygon", "coordinates": [ [ [ [ -118.766351017644382, 36.305878564681258 ], [ -118.766349194985892, 36.305912222257646 ], [ -118.76630761132833, 36.305910746999857 ], [ -118.766309434004569, 36.30587708942528 ], [ -118.766351017644382, 36.305878564681258 ] ] ] ] } },
{ "type": "Feature", "properties": { "id": null }, "geometry": { "type": "MultiPolygon", "coordinates": [ [ [ [ -118.766254112842915, 36.305936950884067 ], [ -118.766251378785768, 36.305987437241697 ], [ -118.766175142018952, 36.30598473252423 ], [ -118.766177876124971, 36.30593424617156 ], [ -118.766254112842915, 36.305936950884067 ] ] ] ] } },
{ "type": "Feature", "properties": { "id": null }, "geometry": { "type": "MultiPolygon", "coordinates": [ [ [ [ -118.767453728586702, 36.305583267737056 ], [ -118.767451299032786, 36.30562814457182 ], [ -118.76738892368472, 36.305625932269578 ], [ -118.767391353274192, 36.305581055438402 ], [ -118.767453728586702, 36.305583267737056 ] ] ] ] } },
{ "type": "Feature", "properties": { "id": null }, "geometry": { "type": "MultiPolygon", "coordinates": [ [ [ [ -118.767581613761223, 36.305658058104832 ], [ -118.767578273214824, 36.305719763761985 ], [ -118.767488175371795, 36.305716568292652 ], [ -118.767491515988809, 36.305654862642683 ], [ -118.767581613761223, 36.305658058104832 ] ] ] ] } },
{ "type": "Feature", "properties": { "id": null }, "geometry": { "type": "MultiPolygon", "coordinates": [ [ [ [ -118.76519886684828, 36.305807816146583 ], [ -118.765197661286606, 36.305830072274993 ], [ -118.765153665712901, 36.305828511024821 ], [ -118.76515487128701, 36.305806254897675 ], [ -118.76519886684828, 36.305807816146583 ] ] ] ] } },
{ "type": "Feature", "properties": { "id": null }, "geometry": { "type": "MultiPolygon", "coordinates": [ [ [ [ -118.765615107845662, 36.30565088465147 ], [ -118.765611250444223, 36.305722104302269 ], [ -118.765534258257318, 36.305719372377197 ], [ -118.765538115728376, 36.305648152733468 ], [ -118.765615107845662, 36.30565088465147 ] ] ] ] } },
{ "type": "Feature", "properties": { "id": null }, "geometry": { "type": "MultiPolygon", "coordinates": [ [ [ [ -118.765634619731642, 36.305595829701829 ], [ -118.765633173217253, 36.305622537071947 ], [ -118.76560017660546, 36.305621366261761 ], [ -118.765601623131047, 36.30559465889278 ], [ -118.765634619731642, 36.305595829701829 ] ] ] ] } },
{ "type": "Feature", "properties": { "id": null }, "geometry": { "type": "MultiPolygon", "coordinates": [ [ [ [ -118.766016297682597, 36.306041225768425 ], [ -118.76601450880267, 36.306074256765697 ], [ -118.765964630391039, 36.306072487090788 ], [ -118.765966419291885, 36.30603945609564 ], [ -118.766016297682597, 36.306041225768425 ] ] ] ] } },
{ "type": "Feature", "properties": { "id": null }, "geometry": { "type": "MultiPolygon", "coordinates": [ [ [ [ -118.766633856695648, 36.306087508072189 ], [ -118.766632213802112, 36.306117847877822 ], [ -118.766598894087252, 36.306116665876644 ], [ -118.766600536993636, 36.306086326072311 ], [ -118.766633856695648, 36.306087508072189 ] ] ] ] } },
{ "type": "Feature", "properties": { "id": null }, "geometry": { "type": "MultiPolygon", "coordinates": [ [ [ [ -118.766804487710203, 36.305980412536336 ], [ -118.7668022972816, 36.306020865620113 ], [ -118.766756482720808, 36.306019240435006 ], [ -118.766758673172944, 36.305978787353617 ], [ -118.766804487710203, 36.305980412536336 ] ] ] ] } },
{ "type": "Feature", "properties": { "id": null }, "geometry": { "type": "MultiPolygon", "coordinates": [ [ [ [ -118.766416558414534, 36.305861946420393 ], [ -118.766414550346852, 36.305899028395984 ], [ -118.766377065783075, 36.305897698582626 ], [ -118.766379073868407, 36.305860616608832 ], [ -118.766416558414534, 36.305861946420393 ] ] ] ] } },
{ "type": "Feature", "properties": { "id": null }, "geometry": { "type": "MultiPolygon", "coordinates": [ [ [ [ -118.766033113689232, 36.304923048438084 ], [ -118.766029459022704, 36.304990533465421 ], [ -118.765939134810466, 36.304987328816139 ], [ -118.765942789554401, 36.304919843796668 ], [ -118.766033113689232, 36.304923048438084 ] ] ] ] } },
{ "type": "Feature", "properties": { "id": null }, "geometry": { "type": "MultiPolygon", "coordinates": [ [ [ [ -118.766590020636173, 36.30492308466426 ], [ -118.766587889028756, 36.304962450958755 ], [ -118.766553148932758, 36.304961218572465 ], [ -118.766555280557554, 36.304921852279747 ], [ -118.766590020636173, 36.30492308466426 ] ] ] ] } },
{ "type": "Feature", "properties": { "id": null }, "geometry": { "type": "MultiPolygon", "coordinates": [ [ [ [ -118.765877868093014, 36.304511852252311 ], [ -118.765876649845893, 36.304534347258581 ], [ -118.765841909971783, 36.304533114678065 ], [ -118.765843128228838, 36.304510619672818 ], [ -118.765877868093014, 36.304511852252311 ] ] ] ] } },
{ "type": "Feature", "properties": { "id": null }, "geometry": { "type": "MultiPolygon", "coordinates": [ [ [ [ -118.765693042641146, 36.30438978606005 ], [ -118.765690301476027, 36.304440399812862 ], [ -118.765641665722953, 36.30443867412535 ], [ -118.76564440691935, 36.304388060375707 ], [ -118.765693042641146, 36.30438978606005 ] ] ] ] } },
{ "type": "Feature", "properties": { "id": null }, "geometry": { "type": "MultiPolygon", "coordinates": [ [ [ [ -118.765331422922017, 36.304768556315011 ], [ -118.765328376880788, 36.304824793788192 ], [ -118.765279740911836, 36.304823067937789 ], [ -118.765282786987811, 36.304766830468139 ], [ -118.765331422922017, 36.304768556315011 ] ] ] ] } },
{ "type": "Feature", "properties": { "id": null }, "geometry": { "type": "MultiPolygon", "coordinates": [ [ [ [ -118.765252282555537, 36.304751661617793 ], [ -118.765250759508504, 36.304779780351659 ], [ -118.765229915535386, 36.304779040691152 ], [ -118.765231438589851, 36.304750921958046 ], [ -118.765252282555537, 36.304751661617793 ] ] ] ] } },
{ "type": "Feature", "properties": { "id": null }, "geometry": { "type": "MultiPolygon", "coordinates": [ [ [ [ -118.765084646136486, 36.304697819119689 ], [ -118.765083123032284, 36.304725937847707 ], [ -118.765062279078009, 36.304725198158934 ], [ -118.765063802189687, 36.304697079431662 ], [ -118.765084646136486, 36.304697819119689 ] ] ] ] } },
{ "type": "Feature", "properties": { "id": null }, "geometry": { "type": "MultiPolygon", "coordinates": [ [ [ [ -118.765280444435191, 36.304938601300528 ], [ -118.765277702948509, 36.304989215021642 ], [ -118.765201274843733, 36.304986502919256 ], [ -118.765204016379556, 36.304935889203129 ], [ -118.765280444435191, 36.304938601300528 ] ] ] ] } },
{ "type": "Feature", "properties": { "id": null }, "geometry": { "type": "MultiPolygon", "coordinates": [ [ [ [ -118.766368265130765, 36.304968746144063 ], [ -118.766365828876204, 36.305013736181614 ], [ -118.766282452618782, 36.305010778279204 ], [ -118.766284888920964, 36.304965788246498 ], [ -118.766368265130765, 36.304968746144063 ] ] ] ] } },
{ "type": "Feature", "properties": { "id": null }, "geometry": { "type": "MultiPolygon", "coordinates": [ [ [ [ -118.766578459606535, 36.304224359841399 ], [ -118.766574885434849, 36.304290368723841 ], [ -118.766493333719893, 36.304287475716563 ], [ -118.766496907959947, 36.304221466841071 ], [ -118.766578459606535, 36.304224359841399 ] ] ] ] } },
{ "type": "Feature", "properties": { "id": null }, "geometry": { "type": "MultiPolygon", "coordinates": [ [ [ [ -118.766821652557624, 36.304427719480202 ], [ -118.766818475675294, 36.304486394058898 ], [ -118.766718801077673, 36.304482858340329 ], [ -118.766721978034283, 36.304424183769164 ], [ -118.766821652557624, 36.304427719480202 ] ] ] ] } },
{ "type": "Feature", "properties": { "id": null }, "geometry": { "type": "MultiPolygon", "coordinates": [ [ [ [ -118.765487294043837, 36.304339963216563 ], [ -118.765485307875068, 36.304376634765497 ], [ -118.765430940080677, 36.304374705600715 ], [ -118.765432926274769, 36.304338034054368 ], [ -118.765487294043837, 36.304339963216563 ] ] ] ] } },
{ "type": "Feature", "properties": { "id": null }, "geometry": { "type": "MultiPolygon", "coordinates": [ [ [ [ -118.765372089534353, 36.304706969750512 ], [ -118.765368911533713, 36.304765644216253 ], [ -118.765332666162323, 36.304764358062059 ], [ -118.765335844189991, 36.304705683599053 ], [ -118.765372089534353, 36.304706969750512 ] ] ] ] } },
{ "type": "Feature", "properties": { "id": null }, "geometry": { "type": "MultiPolygon", "coordinates": [ [ [ [ -118.76502398467413, 36.304764426766603 ], [ -118.76502120369004, 36.304815766900532 ], [ -118.764957774279651, 36.304813515936353 ], [ -118.764960555305066, 36.30476217580663 ], [ -118.76502398467413, 36.304764426766603 ] ] ] ] } },
{ "type": "Feature", "properties": { "id": null }, "geometry": { "type": "MultiPolygon", "coordinates": [ [ [ [ -118.767091054393191, 36.304147013259133 ], [ -118.767087877745226, 36.304205687861071 ], [ -118.766988203470049, 36.304202152390516 ], [ -118.76699138019228, 36.304143477796124 ], [ -118.767091054393191, 36.304147013259133 ] ] ] ] } },
{ "type": "Feature", "properties": { "id": null }, "geometry": { "type": "MultiPolygon", "coordinates": [ [ [ [ -118.766897626497141, 36.30411443282658 ], [ -118.766895243906205, 36.304158438767317 ], [ -118.766831814874067, 36.304156188832309 ], [ -118.766834197500444, 36.30411218289516 ], [ -118.766897626497141, 36.30411443282658 ] ] ] ] } },
{ "type": "Feature", "properties": { "id": null }, "geometry": { "type": "MultiPolygon", "coordinates": [ [ [ [ -118.767402158786012, 36.304473425787748 ], [ -118.767400242123045, 36.30450882991547 ], [ -118.767362750082953, 36.304507500167681 ], [ -118.767364666762759, 36.304472096041685 ], [ -118.767402158786012, 36.304473425787748 ] ] ] ] } },
{ "type": "Feature", "properties": { "id": null }, "geometry": { "type": "MultiPolygon", "coordinates": [ [ [ [ -118.767301783491277, 36.304766311154324 ], [ -118.767299045306203, 36.304816888470491 ], [ -118.767230309639899, 36.304814450514733 ], [ -118.767233047869112, 36.304763873203044 ], [ -118.767301783491277, 36.304766311154324 ] ] ] ] } },
{ "type": "Feature", "properties": { "id": null }, "geometry": { "type": "MultiPolygon", "coordinates": [ [ [ [ -118.767591687649869, 36.304730986194734 ], [ -118.76758949725496, 36.304771448063157 ], [ -118.767545756384351, 36.304769896749242 ], [ -118.767547946801756, 36.304729434883114 ], [ -118.767591687649869, 36.304730986194734 ] ] ] ] } },
{ "type": "Feature", "properties": { "id": null }, "geometry": { "type": "MultiPolygon", "coordinates": [ [ [ [ -118.767476828979653, 36.304718985334013 ], [ -118.767474663599756, 36.304758984043218 ], [ -118.7674207537775, 36.304757072023108 ], [ -118.767422919184781, 36.304717073316695 ], [ -118.767476828979653, 36.304718985334013 ] ] ] ] } },
{ "type": "Feature", "properties": { "id": null }, "geometry": { "type": "MultiPolygon", "coordinates": [ [ [ [ -118.767329949615316, 36.305734088621669 ], [ -118.767327553839564, 36.305778339989352 ], [ -118.767294750576639, 36.305777176505245 ], [ -118.767297146370851, 36.305732925139438 ], [ -118.767329949615316, 36.305734088621669 ] ] ] ] } },
{ "type": "Feature", "properties": { "id": null }, "geometry": { "type": "MultiPolygon", "coordinates": [ [ [ [ -118.724385078671247, 36.352934002774425 ], [ -118.724381036238597, 36.353007788212217 ], [ -118.724257241886377, 36.353003350381385 ], [ -118.724261284435201, 36.352929564955495 ], [ -118.724385078671247, 36.352934002774425 ] ] ] ] } },
{ "type": "Feature", "properties": { "id": null }, "geometry": { "type": "MultiPolygon", "coordinates": [ [ [ [ -118.724440541903078, 36.352994079131662 ], [ -118.724437076998967, 36.353057323796662 ], [ -118.724313282559223, 36.353052886018723 ], [ -118.724316747562895, 36.352989641363919 ], [ -118.724440541903078, 36.352994079131662 ] ] ] ] } },
{ "type": "Feature", "properties": { "id": null }, "geometry": { "type": "MultiPolygon", "coordinates": [ [ [ [ -118.72450712159322, 36.352851245482263 ], [ -118.724503945497474, 36.352909219764989 ], [ -118.724451821613712, 36.352907351278162 ], [ -118.724454997747912, 36.35284937699938 ], [ -118.72450712159322, 36.352851245482263 ] ] ] ] } },
{ "type": "Feature", "properties": { "id": null }, "geometry": { "type": "MultiPolygon", "coordinates": [ [ [ [ -118.724534068683781, 36.352955185868474 ], [ -118.724532047538048, 36.352992078594589 ], [ -118.724479923597116, 36.352990210116396 ], [ -118.724481944767334, 36.352953317392767 ], [ -118.724534068683781, 36.352955185868474 ] ] ] ] } },
{ "type": "Feature", "properties": { "id": null }, "geometry": { "type": "MultiPolygon", "coordinates": [ [ [ [ -118.723882935264214, 36.352805105459517 ], [ -118.723880336266774, 36.352852538925234 ], [ -118.723821696988267, 36.352850436572751 ], [ -118.723824296021064, 36.352803003110644 ], [ -118.723882935264214, 36.352805105459517 ] ] ] ] } },
{ "type": "Feature", "properties": { "id": null }, "geometry": { "type": "MultiPolygon", "coordinates": [ [ [ [ -118.723936557040091, 36.353137074045293 ], [ -118.723934535599, 36.35317396674143 ], [ -118.723895442582474, 36.353172565183421 ], [ -118.72389746404194, 36.353135672489152 ], [ -118.723936557040091, 36.353137074045293 ] ] ] ] } },
{ "type": "Feature", "properties": { "id": null }, "geometry": { "type": "MultiPolygon", "coordinates": [ [ [ [ -118.724261114170432, 36.353230560975724 ], [ -118.724258804118861, 36.353272724074266 ], [ -118.724174102443556, 36.353269687571931 ], [ -118.724176412540572, 36.353227524478029 ], [ -118.724261114170432, 36.353230560975724 ] ] ] ] } },
{ "type": "Feature", "properties": { "id": null }, "geometry": { "type": "MultiPolygon", "coordinates": [ [ [ [ -118.724141732295749, 36.353205158241799 ], [ -118.724138844652728, 36.353257862106908 ], [ -118.724047627496148, 36.353254591934558 ], [ -118.72405051520029, 36.353201888075716 ], [ -118.724141732295749, 36.353205158241799 ] ] ] ] } },
{ "type": "Feature", "properties": { "id": null }, "geometry": { "type": "MultiPolygon", "coordinates": [ [ [ [ -118.724004265970265, 36.353271519966071 ], [ -118.724003399648268, 36.353287331122658 ], [ -118.723983853109559, 36.353286630354638 ], [ -118.723984719435506, 36.353270819198457 ], [ -118.724004265970265, 36.353271519966071 ] ] ] ] } },
{ "type": "Feature", "properties": { "id": null }, "geometry": { "type": "MultiPolygon", "coordinates": [ [ [ [ -118.724018388951635, 36.353311631828831 ], [ -118.72401723385758, 36.353332713371174 ], [ -118.72398465627397, 36.353331545425227 ], [ -118.723985811376778, 36.353310463883787 ], [ -118.724018388951635, 36.353311631828831 ] ] ] ] } },
{ "type": "Feature", "properties": { "id": null }, "geometry": { "type": "MultiPolygon", "coordinates": [ [ [ [ -118.724139873630378, 36.353358233030704 ], [ -118.724137563502651, 36.35340039612165 ], [ -118.72408543931644, 36.353398527453393 ], [ -118.724087749472105, 36.353356364365311 ], [ -118.724139873630378, 36.353358233030704 ] ] ] ] } },
{ "type": "Feature", "properties": { "id": null }, "geometry": { "type": "MultiPolygon", "coordinates": [ [ [ [ -118.724279009618215, 36.353320975070666 ], [ -118.724274967028364, 36.353394760493437 ], [ -118.724170718649503, 36.353391023254645 ], [ -118.724174761337196, 36.3533172378419 ], [ -118.724279009618215, 36.353320975070666 ] ] ] ] } },
{ "type": "Feature", "properties": { "id": null }, "geometry": { "type": "MultiPolygon", "coordinates": [ [ [ [ -118.724405566277127, 36.353394161526282 ], [ -118.724403545038342, 36.353431054243487 ], [ -118.724338389758088, 36.353428718547981 ], [ -118.724340411027441, 36.353391825833903 ], [ -118.724405566277127, 36.353394161526282 ] ] ] ] } },
{ "type": "Feature", "properties": { "id": null }, "geometry": { "type": "MultiPolygon", "coordinates": [ [ [ [ -118.724762601784732, 36.353311906621343 ], [ -118.724758270928305, 36.353390962481555 ], [ -118.724680084596699, 36.353388159877454 ], [ -118.724684415531755, 36.353309104025293 ], [ -118.724762601784732, 36.353311906621343 ] ] ] ] } },
{ "type": "Feature", "properties": { "id": null }, "geometry": { "type": "MultiPolygon", "coordinates": [ [ [ [ -118.72492534549032, 36.353320380395324 ], [ -118.724923324502242, 36.35335727313808 ], [ -118.724864684765137, 36.353355171272447 ], [ -118.724866705780727, 36.353318278532505 ], [ -118.72492534549032, 36.353320380395324 ] ] ] ] } },
{ "type": "Feature", "properties": { "id": null }, "geometry": { "type": "MultiPolygon", "coordinates": [ [ [ [ -118.724834378130623, 36.353074205731502 ], [ -118.724832068401383, 36.353116368862779 ], [ -118.724779944357152, 36.353114500509982 ], [ -118.724782254114331, 36.353072337381555 ], [ -118.724834378130623, 36.353074205731502 ] ] ] ] } },
{ "type": "Feature", "properties": { "id": null }, "geometry": { "type": "MultiPolygon", "coordinates": [ [ [ [ -118.725022277875041, 36.352861789944896 ], [ -118.725018813458249, 36.352925034659428 ], [ -118.724940627565914, 36.352922232256553 ], [ -118.724944092045604, 36.352858987548458 ], [ -118.725022277875041, 36.352861789944896 ] ] ] ] } },
{ "type": "Feature", "properties": { "id": null }, "geometry": { "type": "MultiPolygon", "coordinates": [ [ [ [ -118.724738421214752, 36.352859536601741 ], [ -118.724736400172489, 36.35289642933833 ], [ -118.724690791767529, 36.352894794502816 ], [ -118.724692812831208, 36.352857901768431 ], [ -118.724738421214752, 36.352859536601741 ] ] ] ] } },
{ "type": "Feature", "properties": { "id": null }, "geometry": { "type": "MultiPolygon", "coordinates": [ [ [ [ -118.725094112391503, 36.352980540944756 ], [ -118.725091514112236, 36.353027974484256 ], [ -118.725052421109524, 36.353026573309585 ], [ -118.72505501941238, 36.352979139772494 ], [ -118.725094112391503, 36.352980540944756 ] ] ] ] } },
{ "type": "Feature", "properties": { "id": null }, "geometry": { "type": "MultiPolygon", "coordinates": [ [ [ [ -118.725320916112523, 36.353368883163213 ], [ -118.725318895307552, 36.353405775924749 ], [ -118.72526677103717, 36.353403907771572 ], [ -118.725268791866625, 36.353367015012559 ], [ -118.725320916112523, 36.353368883163213 ] ] ] ] } },
{ "type": "Feature", "properties": { "id": null }, "geometry": { "type": "MultiPolygon", "coordinates": [ [ [ [ -118.725685758451789, 36.354722761323721 ], [ -118.725683451280602, 36.354764883632868 ], [ -118.725624867254282, 36.354762784107116 ], [ -118.725627174456861, 36.354720661801188 ], [ -118.725685758451789, 36.354722761323721 ] ] ] ] } },
{ "type": "Feature", "properties": { "id": null }, "geometry": { "type": "MultiPolygon", "coordinates": [ [ [ [ -118.725741788249564, 36.354592878676861 ], [ -118.725739192727886, 36.354640266279105 ], [ -118.725680608790697, 36.354638166786849 ], [ -118.725683204347661, 36.3545907791882 ], [ -118.725741788249564, 36.354592878676861 ] ] ] ] } },
{ "type": "Feature", "properties": { "id": null }, "geometry": { "type": "MultiPolygon", "coordinates": [ [ [ [ -118.725691361707177, 36.354501385916869 ], [ -118.725688766163628, 36.354548773516704 ], [ -118.72564320093494, 36.354547140565032 ], [ -118.725645796505972, 36.35449975296801 ], [ -118.725691361707177, 36.354501385916869 ] ] ] ] } },
{ "type": "Feature", "properties": { "id": null }, "geometry": { "type": "MultiPolygon", "coordinates": [ [ [ [ -118.725364351919367, 36.354339311003137 ], [ -118.725360314120124, 36.354413025017571 ], [ -118.72528220247095, 36.354410225455503 ], [ -118.725286240343451, 36.354336511448558 ], [ -118.725364351919367, 36.354339311003137 ] ] ] ] } },
{ "type": "Feature", "properties": { "id": null }, "geometry": { "type": "MultiPolygon", "coordinates": [ [ [ [ -118.725468130120021, 36.354290274143999 ], [ -118.725464380833046, 36.354358722881585 ], [ -118.725353722728372, 36.354354756921744 ], [ -118.725357472111668, 36.35428630819402 ], [ -118.725468130120021, 36.354290274143999 ] ] ] ] } },
{ "type": "Feature", "properties": { "id": null }, "geometry": { "type": "MultiPolygon", "coordinates": [ [ [ [ -118.725605896638811, 36.354216077149594 ], [ -118.725604743053637, 36.354237138303795 ], [ -118.725572196594655, 36.354235971897197 ], [ -118.725573350188554, 36.35421491074387 ], [ -118.725605896638811, 36.354216077149594 ] ] ] ] } },
{ "type": "Feature", "properties": { "id": null }, "geometry": { "type": "MultiPolygon", "coordinates": [ [ [ [ -118.725981190249669, 36.354211061661466 ], [ -118.725978883280732, 36.35425318399048 ], [ -118.725933318207026, 36.354251551160793 ], [ -118.725935625200364, 36.354209428834288 ], [ -118.725981190249669, 36.354211061661466 ] ] ] ] } },
{ "type": "Feature", "properties": { "id": null }, "geometry": { "type": "MultiPolygon", "coordinates": [ [ [ [ -118.72622444503412, 36.354354306867492 ], [ -118.72622184982761, 36.354401694501547 ], [ -118.726163266032188, 36.354399595257725 ], [ -118.726165861274026, 36.354352207627279 ], [ -118.72622444503412, 36.354354306867492 ] ] ] ] } },
{ "type": "Feature", "properties": { "id": null }, "geometry": { "type": "MultiPolygon", "coordinates": [ [ [ [ -118.726281608411199, 36.354501434882138 ], [ -118.726279589933867, 36.354538291932748 ], [ -118.726201478065619, 36.35453549296335 ], [ -118.726203496579558, 36.354498635916492 ], [ -118.726281608411199, 36.354501434882138 ] ] ] ] } },
{ "type": "Feature", "properties": { "id": null }, "geometry": { "type": "MultiPolygon", "coordinates": [ [ [ [ -118.726409221254031, 36.35467218970426 ], [ -118.726405761086539, 36.354735373228117 ], [ -118.726301611651522, 36.35473164135027 ], [ -118.726305071902729, 36.35466845783499 ], [ -118.726409221254031, 36.35467218970426 ] ] ] ] } },
{ "type": "Feature", "properties": { "id": null }, "geometry": { "type": "MultiPolygon", "coordinates": [ [ [ [ -118.726141844500873, 36.354731192028844 ], [ -118.726139537574696, 36.354773314363044 ], [ -118.726087462847659, 36.354771448317742 ], [ -118.726089769801732, 36.354729325986405 ], [ -118.726141844500873, 36.354731192028844 ] ] ] ] } },
{ "type": "Feature", "properties": { "id": null }, "geometry": { "type": "MultiPolygon", "coordinates": [ [ [ [ -118.725584142790282, 36.354732308681477 ], [ -118.725580681948344, 36.354795492136503 ], [ -118.725470023208629, 36.354791526243574 ], [ -118.725473484139485, 36.354728342797664 ], [ -118.725584142790282, 36.354732308681477 ] ] ] ] } },
{ "type": "Feature", "properties": { "id": null }, "geometry": { "type": "MultiPolygon", "coordinates": [ [ [ [ -118.725495627942706, 36.35480035733498 ], [ -118.725492743841741, 36.354853010207549 ], [ -118.725401613056803, 36.354849744114013 ], [ -118.725404497218776, 36.354797091247697 ], [ -118.725495627942706, 36.35480035733498 ] ] ] ] } },
{ "type": "Feature", "properties": { "id": null }, "geometry": { "type": "MultiPolygon", "coordinates": [ [ [ [ -118.72537147801259, 36.354566418215484 ], [ -118.725368017019775, 36.3546296016547 ], [ -118.725315942441014, 36.354627735279472 ], [ -118.72531940347568, 36.35456455184454 ], [ -118.72537147801259, 36.354566418215484 ] ] ] ] } },
{ "type": "Feature", "properties": { "id": null }, "geometry": { "type": "MultiPolygon", "coordinates": [ [ [ [ -118.725419721070438, 36.354578698491643 ], [ -118.725417125354909, 36.354626086074042 ], [ -118.725384578742009, 36.354624919605648 ], [ -118.725387174477163, 36.354577532025267 ], [ -118.725419721070438, 36.354578698491643 ] ] ] ] } },
{ "type": "Feature", "properties": { "id": null }, "geometry": { "type": "MultiPolygon", "coordinates": [ [ [ [ -118.725235359212846, 36.354550988372132 ], [ -118.725231609686389, 36.35461943708588 ], [ -118.725160007163922, 36.354616870732983 ], [ -118.725163756752707, 36.354548422025616 ], [ -118.725235359212846, 36.354550988372132 ] ] ] ] } },
{ "type": "Feature", "properties": { "id": null }, "geometry": { "type": "MultiPolygon", "coordinates": [ [ [ [ -118.725109807426463, 36.354580779916439 ], [ -118.725106923088802, 36.354633432764359 ], [ -118.725028811245309, 36.354630633022104 ], [ -118.725031695635309, 36.354577980179549 ], [ -118.725109807426463, 36.354580779916439 ] ] ] ] } },
{ "type": "Feature", "properties": { "id": null }, "geometry": { "type": "MultiPolygon", "coordinates": [ [ [ [ -118.72488167372336, 36.354459176962393 ], [ -118.724879654589188, 36.354496033945757 ], [ -118.724840598746354, 36.354494634011232 ], [ -118.724842617898858, 36.354457777029751 ], [ -118.72488167372336, 36.354459176962393 ] ] ] ] } },
{ "type": "Feature", "properties": { "id": null }, "geometry": { "type": "MultiPolygon", "coordinates": [ [ [ [ -118.724955583614403, 36.354419621201522 ], [ -118.72495327607534, 36.354461743472548 ], [ -118.724901201636641, 36.354459876923947 ], [ -118.724903509203614, 36.354417754655778 ], [ -118.724955583614403, 36.354419621201522 ] ] ] ] } },
{ "type": "Feature", "properties": { "id": null }, "geometry": { "type": "MultiPolygon", "coordinates": [ [ [ [ -118.725807705346497, 36.354342010960153 ], [ -118.725805686657495, 36.354378867988885 ], [ -118.725766630825888, 36.354377468360894 ], [ -118.72576864953318, 36.354340611334038 ], [ -118.725807705346497, 36.354342010960153 ] ] ] ] } },
{ "type": "Feature", "properties": { "id": null }, "geometry": { "type": "MultiPolygon", "coordinates": [ [ [ [ -118.726127382162119, 36.354340277533829 ], [ -118.726124498535057, 36.354392930453947 ], [ -118.726078933371227, 36.354391297674439 ], [ -118.726081817028813, 36.354338644757433 ], [ -118.726127382162119, 36.354340277533829 ] ] ] ] } },
{ "type": "Feature", "properties": { "id": null }, "geometry": { "type": "MultiPolygon", "coordinates": [ [ [ [ -118.726499194735737, 36.354279741613439 ], [ -118.726496311365466, 36.354332394559705 ], [ -118.726450746214738, 36.354330761924309 ], [ -118.726453629615548, 36.354278108981163 ], [ -118.726499194735737, 36.354279741613439 ] ] ] ] } },
{ "type": "Feature", "properties": { "id": null }, "geometry": { "type": "MultiPolygon", "coordinates": [ [ [ [ -118.726500286861963, 36.354319347939303 ], [ -118.726498268501146, 36.354356205001572 ], [ -118.726459212645466, 36.354354805600707 ], [ -118.726461231024572, 36.35431794854032 ], [ -118.726500286861963, 36.354319347939303 ] ] ] ] } },
{ "type": "Feature", "properties": { "id": null }, "geometry": { "type": "MultiPolygon", "coordinates": [ [ [ [ -118.726484817374597, 36.354363636477771 ], [ -118.726483087342231, 36.354395228244556 ], [ -118.726424503531646, 36.354393129129129 ], [ -118.726426233587546, 36.354361537364753 ], [ -118.726484817374597, 36.354363636477771 ] ] ] ] } },
{ "type": "Feature", "properties": { "id": null }, "geometry": { "type": "MultiPolygon", "coordinates": [ [ [ [ -118.726152596641029, 36.354594411066103 ], [ -118.726150866459847, 36.354626002817959 ], [ -118.726111810487126, 36.354624603294653 ], [ -118.726113540684011, 36.354593011544402 ], [ -118.726152596641029, 36.354594411066103 ] ] ] ] } },
{ "type": "Feature", "properties": { "id": null }, "geometry": { "type": "MultiPolygon", "coordinates": [ [ [ [ -118.726263543556414, 36.354593111015738 ], [ -118.726261813420138, 36.354624702772178 ], [ -118.7262227574424, 36.354623303285187 ], [ -118.726224487594379, 36.354591711530347 ], [ -118.726263543556414, 36.354593111015738 ] ] ] ] } },
{ "type": "Feature", "properties": { "id": null }, "geometry": { "type": "MultiPolygon", "coordinates": [ [ [ [ -118.725834010223906, 36.354218976452159 ], [ -118.725832279937691, 36.354250568192818 ], [ -118.725773696285373, 36.354248468765462 ], [ -118.725775426595135, 36.354216877027206 ], [ -118.725834010223906, 36.354218976452159 ] ] ] ] } },
{ "type": "Feature", "properties": { "id": null }, "geometry": { "type": "MultiPolygon", "coordinates": [ [ [ [ -118.725683637389082, 36.354166106958111 ], [ -118.725681041872619, 36.354213494560128 ], [ -118.725641986129972, 36.354212094896859 ], [ -118.725644581669982, 36.354164707297244 ], [ -118.725683637389082, 36.354166106958111 ] ] ] ] } },
{ "type": "Feature", "properties": { "id": null }, "geometry": { "type": "MultiPolygon", "coordinates": [ [ [ [ -118.725150718483022, 36.354429253189288 ], [ -118.725146968899153, 36.35449770189684 ], [ -118.725075366496085, 36.354495135500592 ], [ -118.725079116142325, 36.354426686799407 ], [ -118.725150718483022, 36.354429253189288 ] ] ] ] } },
{ "type": "Feature", "properties": { "id": null }, "geometry": { "type": "MultiPolygon", "coordinates": [ [ [ [ -118.725218839982958, 36.354376300733811 ], [ -118.725217397862522, 36.3544026271625 ], [ -118.725204379257747, 36.354402160556901 ], [ -118.725205821382531, 36.354375834128653 ], [ -118.725218839982958, 36.354376300733811 ] ] ] ] } },
{ "type": "Feature", "properties": { "id": null }, "geometry": { "type": "MultiPolygon", "coordinates": [ [ [ [ -118.724732868690779, 36.354258645042265 ], [ -118.724731426412887, 36.354284971454746 ], [ -118.724692370683087, 36.354283571478732 ], [ -118.724693812974024, 36.354257245067593 ], [ -118.724732868690779, 36.354258645042265 ] ] ] ] } },
{ "type": "Feature", "properties": { "id": null }, "geometry": { "type": "MultiPolygon", "coordinates": [ [ [ [ -118.72499410133328, 36.354668956077631 ], [ -118.724992082236668, 36.354705813065124 ], [ -118.724946516957971, 36.354704179841754 ], [ -118.724948536075971, 36.35466732285645 ], [ -118.72499410133328, 36.354668956077631 ] ] ] ] } },
{ "type": "Feature", "properties": { "id": null }, "geometry": { "type": "MultiPolygon", "coordinates": [ [ [ [ -118.724087831948822, 36.35464166953782 ], [ -118.724084682290666, 36.354699151814486 ], [ -118.724045920245317, 36.354697762148653 ], [ -118.724049069931795, 36.354640279874879 ], [ -118.724087831948822, 36.35464166953782 ] ] ] ] } },
{ "type": "Feature", "properties": { "id": null }, "geometry": { "type": "MultiPolygon", "coordinates": [ [ [ [ -118.723921232163065, 36.354669730176461 ], [ -118.723919227756184, 36.354706309799013 ], [ -118.723867545036072, 36.354704456836572 ], [ -118.723869549467025, 36.354667877216471 ], [ -118.723921232163065, 36.354669730176461 ] ] ] ] } },
{ "type": "Feature", "properties": { "id": null }, "geometry": { "type": "MultiPolygon", "coordinates": [ [ [ [ -118.725551980060601, 36.35438261386242 ], [ -118.725549690205582, 36.35442441923653 ], [ -118.7254915472314, 36.354422335459411 ], [ -118.725493837117313, 36.354380530088484 ], [ -118.725551980060601, 36.35438261386242 ] ] ] ] } },
{ "type": "Feature", "properties": { "id": null }, "geometry": { "type": "MultiPolygon", "coordinates": [ [ [ [ -118.724921153944891, 36.354731755215653 ], [ -118.724917718610826, 36.354794463221225 ], [ -118.724840194343741, 36.354791684411254 ], [ -118.724843629739624, 36.354728976411998 ], [ -118.724921153944891, 36.354731755215653 ] ] ] ] } },
{ "type": "Feature", "properties": { "id": null }, "geometry": { "type": "MultiPolygon", "coordinates": [ [ [ [ -118.724864318073287, 36.354823964687149 ], [ -118.724862027813671, 36.354865770020552 ], [ -118.724803884563556, 36.354863685887182 ], [ -118.724806174854109, 36.354821880556941 ], [ -118.724864318073287, 36.354823964687149 ] ] ] ] } },
{ "type": "Feature", "properties": { "id": null }, "geometry": { "type": "MultiPolygon", "coordinates": [ [ [ [ -118.724901791963873, 36.354848869592914 ], [ -118.724899788002674, 36.354885449261303 ], [ -118.724841644735079, 36.354883365145334 ], [ -118.724843648723322, 36.354846785479708 ], [ -118.724901791963873, 36.354848869592914 ] ] ] ] } },
{ "type": "Feature", "properties": { "id": null }, "geometry": { "type": "MultiPolygon", "coordinates": [ [ [ [ -118.724571784785667, 36.354669490597082 ], [ -118.724569208081775, 36.35471652158035 ], [ -118.724504604619014, 36.354714205724669 ], [ -118.724507181361517, 36.354667174745366 ], [ -118.724571784785667, 36.354669490597082 ] ] ] ] } },
{ "type": "Feature", "properties": { "id": null }, "geometry": { "type": "MultiPolygon", "coordinates": [ [ [ [ -118.724022450041943, 36.354712628487619 ], [ -118.72402015934145, 36.354754433775739 ], [ -118.723968476582698, 36.35475258085485 ], [ -118.723970767310661, 36.354710775569544 ], [ -118.724022450041943, 36.354712628487619 ] ] ] ] } },
{ "type": "Feature", "properties": { "id": null }, "geometry": { "type": "MultiPolygon", "coordinates": [ [ [ [ -118.723900929314766, 36.354744923202205 ], [ -118.723898638546615, 36.354786728483461 ], [ -118.72385341612096, 36.354785107131669 ], [ -118.723855706913184, 36.354743301852878 ], [ -118.723900929314766, 36.354744923202205 ] ] ] ] } },
{ "type": "Feature", "properties": { "id": null }, "geometry": { "type": "MultiPolygon", "coordinates": [ [ [ [ -118.724168201256148, 36.354474383201058 ], [ -118.724166483304629, 36.354505737174428 ], [ -118.72410834037521, 36.354503652720268 ], [ -118.724110058349908, 36.354472298749272 ], [ -118.724168201256148, 36.354474383201058 ] ] ] ] } },
{ "type": "Feature", "properties": { "id": null }, "geometry": { "type": "MultiPolygon", "coordinates": [ [ [ [ -118.724094748622576, 36.354338233746105 ], [ -118.724092457992029, 36.354380039040812 ], [ -118.724034315161717, 36.354377954556803 ], [ -118.724036605823144, 36.354336149265258 ], [ -118.724094748622576, 36.354338233746105 ] ] ] ] } },
{ "type": "Feature", "properties": { "id": null }, "geometry": { "type": "MultiPolygon", "coordinates": [ [ [ [ -118.723934735297632, 36.354246104240694 ], [ -118.723931871911418, 36.354298360848865 ], [ -118.723880189460132, 36.354296507909687 ], [ -118.723883052880694, 36.354244251305026 ], [ -118.723934735297632, 36.354246104240694 ] ] ] ] } },
{ "type": "Feature", "properties": { "id": null }, "geometry": { "type": "MultiPolygon", "coordinates": [ [ [ [ -118.723877835926089, 36.354398524096673 ], [ -118.723874972485888, 36.354450780699629 ], [ -118.723810369301404, 36.354448464483099 ], [ -118.723813232784494, 36.354396207884548 ], [ -118.723877835926089, 36.354398524096673 ] ] ] ] } },
{ "type": "Feature", "properties": { "id": null }, "geometry": { "type": "MultiPolygon", "coordinates": [ [ [ [ -118.725987623483505, 36.352882344057903 ], [ -118.725985426778195, 36.352922455130241 ], [ -118.725935839710104, 36.352920678199276 ], [ -118.725938036440724, 36.35288056712951 ], [ -118.725987623483505, 36.352882344057903 ] ] ] ] } },
{ "type": "Feature", "properties": { "id": null }, "geometry": { "type": "MultiPolygon", "coordinates": [ [ [ [ -118.725963202491855, 36.352846302879833 ], [ -118.725961280366477, 36.352881400067247 ], [ -118.725911693325997, 36.352879623127961 ], [ -118.725913615473502, 36.352844525942814 ], [ -118.725963202491855, 36.352846302879833 ] ] ] ] } },
{ "type": "Feature", "properties": { "id": null }, "geometry": { "type": "MultiPolygon", "coordinates": [ [ [ [ -118.7257173368628, 36.352856331112733 ], [ -118.7257141789012, 36.352913990758978 ], [ -118.725639798335152, 36.352911325186504 ], [ -118.725642956351308, 36.352853665545837 ], [ -118.7257173368628, 36.352856331112733 ] ] ] ] } },
{ "type": "Feature", "properties": { "id": null }, "geometry": { "type": "MultiPolygon", "coordinates": [ [ [ [ -118.725778134132099, 36.352965263984352 ], [ -118.725775937312648, 36.35300537504515 ], [ -118.725732548593712, 36.353003820152558 ], [ -118.72573474543529, 36.352963709094027 ], [ -118.725778134132099, 36.352965263984352 ] ] ] ] } },
{ "type": "Feature", "properties": { "id": null }, "geometry": { "type": "MultiPolygon", "coordinates": [ [ [ [ -118.726168102416381, 36.352903882433523 ], [ -118.726165905801935, 36.352943993515204 ], [ -118.726103921935788, 36.352941772440765 ], [ -118.726106118581882, 36.352901661362331 ], [ -118.726168102416381, 36.352903882433523 ] ] ] ] } },
{ "type": "Feature", "properties": { "id": null }, "geometry": { "type": "MultiPolygon", "coordinates": [ [ [ [ -118.726211530544461, 36.352933069060406 ], [ -118.726210157673364, 36.352958138487807 ], [ -118.726166768956006, 36.352956583754626 ], [ -118.726168141840915, 36.352931514328638 ], [ -118.726211530544461, 36.352933069060406 ] ] ] ] } },
{ "type": "Feature", "properties": { "id": null }, "geometry": { "type": "MultiPolygon", "coordinates": [ [ [ [ -118.726278202665227, 36.352963088551192 ], [ -118.726276006102495, 36.353003199638245 ], [ -118.726217121376422, 36.353001089669611 ], [ -118.726219317969182, 36.352960978585628 ], [ -118.726278202665227, 36.352963088551192 ] ] ] ] } },
{ "type": "Feature", "properties": { "id": null }, "geometry": { "type": "MultiPolygon", "coordinates": [ [ [ [ -118.726129892618275, 36.35297786912281 ], [ -118.726128107848609, 36.353010459374659 ], [ -118.726087818302588, 36.353009015664924 ], [ -118.726089603088937, 36.352976425414781 ], [ -118.726129892618275, 36.35297786912281 ] ] ] ] } },
{ "type": "Feature", "properties": { "id": null }, "geometry": { "type": "MultiPolygon", "coordinates": [ [ [ [ -118.726350769511072, 36.353027229361544 ], [ -118.726348161130446, 36.353074861281392 ], [ -118.726286177145795, 36.353072640294648 ], [ -118.726288785563952, 36.353025008378651 ], [ -118.726350769511072, 36.353027229361544 ] ] ] ] } },
{ "type": "Feature", "properties": { "id": null }, "geometry": { "type": "MultiPolygon", "coordinates": [ [ [ [ -118.726258284354898, 36.353071640840163 ], [ -118.726255950486745, 36.353114258868253 ], [ -118.726200164878861, 36.353112259936736 ], [ -118.726202498777241, 36.353069641911731 ], [ -118.726258284354898, 36.353071640840163 ] ] ] ] } },
{ "type": "Feature", "properties": { "id": null }, "geometry": { "type": "MultiPolygon", "coordinates": [ [ [ [ -118.72614612330392, 36.352851601686588 ], [ -118.726144613127062, 36.352879178054735 ], [ -118.726110522029046, 36.352877956463551 ], [ -118.726112032217856, 36.35285038009664 ], [ -118.72614612330392, 36.352851601686588 ] ] ] ] } },
{ "type": "Feature", "properties": { "id": null }, "geometry": { "type": "MultiPolygon", "coordinates": [ [ [ [ -118.725706307290906, 36.352973126086013 ], [ -118.725704839383951, 36.352999927703394 ], [ -118.725676439352839, 36.352998909935273 ], [ -118.725677907269457, 36.35297210831888 ], [ -118.725706307290906, 36.352973126086013 ] ] ] ] } },
{ "type": "Feature", "properties": { "id": null }, "geometry": { "type": "MultiPolygon", "coordinates": [ [ [ [ -118.726223845094339, 36.353135533754205 ], [ -118.726222167679055, 36.353166164193972 ], [ -118.726184300865043, 36.353164807326941 ], [ -118.726185978295106, 36.35313417688868 ], [ -118.726223845094339, 36.353135533754205 ] ] ] ] } },
{ "type": "Feature", "properties": { "id": null }, "geometry": { "type": "MultiPolygon", "coordinates": [ [ [ [ -118.726059540816848, 36.353104710152181 ], [ -118.726057024599228, 36.353150655802096 ], [ -118.726000224402711, 36.353148620419319 ], [ -118.726002740653513, 36.353102674772799 ], [ -118.726059540816848, 36.353104710152181 ] ] ] ] } },
{ "type": "Feature", "properties": { "id": null }, "geometry": { "type": "MultiPolygon", "coordinates": [ [ [ [ -118.726136262593698, 36.353046078270872 ], [ -118.726134375468874, 36.35308053751217 ], [ -118.726091775354831, 36.353079011007694 ], [ -118.726093662498329, 36.353044551768321 ], [ -118.726136262593698, 36.353046078270872 ] ] ] ] } },
{ "type": "Feature", "properties": { "id": null }, "geometry": { "type": "MultiPolygon", "coordinates": [ [ [ [ -118.72601824353255, 36.353036094742606 ], [ -118.726015727296968, 36.353082040390568 ], [ -118.725968393843559, 36.353080344226498 ], [ -118.725970910106795, 36.353034398581372 ], [ -118.72601824353255, 36.353036094742606 ] ] ] ] } },
{ "type": "Feature", "properties": { "id": null }, "geometry": { "type": "MultiPolygon", "coordinates": [ [ [ [ -118.725811399526634, 36.35304594591851 ], [ -118.725809092865333, 36.353088062751041 ], [ -118.725752292732693, 36.353086027253404 ], [ -118.725754599424462, 36.353043910423985 ], [ -118.725811399526634, 36.35304594591851 ] ] ] ] } },
{ "type": "Feature", "properties": { "id": null }, "geometry": { "type": "MultiPolygon", "coordinates": [ [ [ [ -118.725462195674581, 36.353100566932255 ], [ -118.725460727677131, 36.353127368540505 ], [ -118.725422860919622, 36.353126011433403 ], [ -118.725424328930004, 36.353099209826489 ], [ -118.725462195674581, 36.353100566932255 ] ] ] ] } },
{ "type": "Feature", "properties": { "id": null }, "geometry": { "type": "MultiPolygon", "coordinates": [ [ [ [ -118.725207434102401, 36.353076091036563 ], [ -118.725204078480175, 36.353137351835031 ], [ -118.725137811670024, 36.35313497674688 ], [ -118.725141167343878, 36.353073715953705 ], [ -118.725207434102401, 36.353076091036563 ] ] ] ] } },
{ "type": "Feature", "properties": { "id": null }, "geometry": { "type": "MultiPolygon", "coordinates": [ [ [ [ -118.725624013111812, 36.352743834177232 ], [ -118.725619609337357, 36.352824239023299 ], [ -118.725534409449182, 36.352821185650619 ], [ -118.725538813310763, 36.352740780813463 ], [ -118.725624013111812, 36.352743834177232 ] ] ] ] } },
{ "type": "Feature", "properties": { "id": null }, "geometry": { "type": "MultiPolygon", "coordinates": [ [ [ [ -118.725529586152177, 36.352909248089532 ], [ -118.725527279350572, 36.352951364907497 ], [ -118.725470479338213, 36.352949329282445 ], [ -118.725472786170243, 36.352907212467592 ], [ -118.725529586152177, 36.352909248089532 ] ] ] ] } },
{ "type": "Feature", "properties": { "id": null }, "geometry": { "type": "MultiPolygon", "coordinates": [ [ [ [ -118.726384060727014, 36.352780308811852 ], [ -118.726383282855423, 36.352794513860189 ], [ -118.726359868354706, 36.352793674893888 ], [ -118.726360646230518, 36.352779469845984 ], [ -118.726384060727014, 36.352780308811852 ] ] ] ] } },
{ "type": "Feature", "properties": { "id": null }, "geometry": { "type": "MultiPolygon", "coordinates": [ [ [ [ -118.726370149501733, 36.352820136965697 ], [ -118.726368075166562, 36.352858017093538 ], [ -118.726321246128947, 36.352856339147891 ], [ -118.726323320486685, 36.352818459022359 ], [ -118.726370149501733, 36.352820136965697 ] ] ] ] } },
{ "type": "Feature", "properties": { "id": null }, "geometry": { "type": "MultiPolygon", "coordinates": [ [ [ [ -118.726280773045303, 36.353113453632623 ], [ -118.72627921724515, 36.353141863723835 ], [ -118.726249948993313, 36.353140814981174 ], [ -118.726251504804054, 36.353112404891043 ], [ -118.726280773045303, 36.353113453632623 ] ] ] ] } },
{ "type": "Feature", "properties": { "id": null }, "geometry": { "type": "MultiPolygon", "coordinates": [ [ [ [ -118.726466997672915, 36.353193663032179 ], [ -118.726465441935872, 36.353222073129913 ], [ -118.726418612674237, 36.353220395208034 ], [ -118.72642016842822, 36.353191985112034 ], [ -118.726466997672915, 36.353193663032179 ] ] ] ] } },
{ "type": "Feature", "properties": { "id": null }, "geometry": { "type": "MultiPolygon", "coordinates": [ [ [ [ -118.725949875925323, 36.353265275035646 ], [ -118.7259467640651, 36.353322095191814 ], [ -118.725870666471209, 36.353319368222742 ], [ -118.725873778386415, 36.353262548072195 ], [ -118.725949875925323, 36.353265275035646 ] ] ] ] } },
{ "type": "Feature", "properties": { "id": null }, "geometry": { "type": "MultiPolygon", "coordinates": [ [ [ [ -118.725777063397445, 36.353261454362737 ], [ -118.725774988741506, 36.353299334458399 ], [ -118.725728159475906, 36.353297656262882 ], [ -118.725730234154426, 36.353259776169523 ], [ -118.725777063397445, 36.353261454362737 ] ] ] ] } },
{ "type": "Feature", "properties": { "id": null }, "geometry": { "type": "MultiPolygon", "coordinates": [ [ [ [ -118.725847696260502, 36.353256869099646 ], [ -118.72584562163911, 36.353294749198838 ], [ -118.725787085055742, 36.353292651486406 ], [ -118.725789159705329, 36.353254771390112 ], [ -118.725847696260502, 36.353256869099646 ] ] ] ] } },
{ "type": "Feature", "properties": { "id": null }, "geometry": { "type": "MultiPolygon", "coordinates": [ [ [ [ -118.725912790176224, 36.353192781484211 ], [ -118.725910196944369, 36.353240131612687 ], [ -118.725857514051427, 36.353238243703686 ], [ -118.725860107315, 36.353190893578457 ], [ -118.725912790176224, 36.353192781484211 ] ] ] ] } },
{ "type": "Feature", "properties": { "id": null }, "geometry": { "type": "MultiPolygon", "coordinates": [ [ [ [ -118.725634426873782, 36.353242109804981 ], [ -118.725631055445973, 36.353303664948946 ], [ -118.725543250587819, 36.353300518211249 ], [ -118.725546622084352, 36.353238963074311 ], [ -118.725634426873782, 36.353242109804981 ] ] ] ] } },
{ "type": "Feature", "properties": { "id": null }, "geometry": { "type": "MultiPolygon", "coordinates": [ [ [ [ -118.725294915096839, 36.353229942090131 ], [ -118.725292062125973, 36.353282027189003 ], [ -118.72522767194171, 36.353279719406146 ], [ -118.725230524955222, 36.353227634311651 ], [ -118.725294915096839, 36.353229942090131 ] ] ] ] } },
{ "type": "Feature", "properties": { "id": null }, "geometry": { "type": "MultiPolygon", "coordinates": [ [ [ [ -118.725505053825543, 36.353194774591984 ], [ -118.725503238390914, 36.35322791966427 ], [ -118.725438848233395, 36.353225611998155 ], [ -118.725440663695196, 36.35319246692864 ], [ -118.725505053825543, 36.353194774591984 ] ] ] ] } },
{ "type": "Feature", "properties": { "id": null }, "geometry": { "type": "MultiPolygon", "coordinates": [ [ [ [ -118.725519613934864, 36.353143109048474 ], [ -118.725518317203012, 36.353166784100814 ], [ -118.725489048970985, 36.353165735171146 ], [ -118.725490345711691, 36.353142060119723 ], [ -118.725519613934864, 36.353143109048474 ] ] ] ] } },
{ "type": "Feature", "properties": { "id": null }, "geometry": { "type": "MultiPolygon", "coordinates": [ [ [ [ -118.725060232692286, 36.35312427253897 ], [ -118.725054526452581, 36.353228442705912 ], [ -118.724949160805281, 36.353224666111267 ], [ -118.724954867184564, 36.353120495958642 ], [ -118.725060232692286, 36.35312427253897 ] ] ] ] } },
{ "type": "Feature", "properties": { "id": null }, "geometry": { "type": "MultiPolygon", "coordinates": [ [ [ [ -118.724956237722665, 36.353149010906883 ], [ -118.724954422058403, 36.353182155955636 ], [ -118.724913446556172, 36.35318068725821 ], [ -118.724915262237715, 36.353147542211239 ], [ -118.724956237722665, 36.353149010906883 ] ] ] ] } },
{ "type": "Feature", "properties": { "id": null }, "geometry": { "type": "MultiPolygon", "coordinates": [ [ [ [ -118.724915391929159, 36.353145174707876 ], [ -118.724913835631057, 36.35317358474817 ], [ -118.724878713777528, 36.353172325853855 ], [ -118.724880270088335, 36.353143915814861 ], [ -118.724915391929159, 36.353145174707876 ] ] ] ] } },
{ "type": "Feature", "properties": { "id": null }, "geometry": { "type": "MultiPolygon", "coordinates": [ [ [ [ -118.724958572143777, 36.353106395843817 ], [ -118.724956237722665, 36.353149010906883 ], [ -118.724903554956853, 36.353147122581333 ], [ -118.724905889406543, 36.353104507521188 ], [ -118.724958572143777, 36.353106395843817 ] ] ] ] } },
{ "type": "Feature", "properties": { "id": null }, "geometry": { "type": "MultiPolygon", "coordinates": [ [ [ [ -118.724984282685512, 36.353225924986447 ], [ -118.724981429508148, 36.353278010064166 ], [ -118.724917039353357, 36.353275702114132 ], [ -118.724919892573382, 36.353223617040783 ], [ -118.724984282685512, 36.353225924986447 ] ] ] ] } },
{ "type": "Feature", "properties": { "id": null }, "geometry": { "type": "MultiPolygon", "coordinates": [ [ [ [ -118.725624294093237, 36.353320027706921 ], [ -118.725621700674623, 36.353367377816511 ], [ -118.72555731039229, 36.353365070206657 ], [ -118.725559903849685, 36.353317720101032 ], [ -118.725624294093237, 36.353320027706921 ] ] ] ] } },
{ "type": "Feature", "properties": { "id": null }, "geometry": { "type": "MultiPolygon", "coordinates": [ [ [ [ -118.725750925773909, 36.353310332892391 ], [ -118.725748851101599, 36.35334821298644 ], [ -118.72570787546978, 36.353346744555701 ], [ -118.725709950161828, 36.353308864463678 ], [ -118.725750925773909, 36.353310332892391 ] ] ] ] } },
{ "type": "Feature", "properties": { "id": null }, "geometry": { "type": "MultiPolygon", "coordinates": [ [ [ [ -118.725850826978686, 36.353306796499524 ], [ -118.725847455713293, 36.353368351660258 ], [ -118.725771358084259, 36.353365624624978 ], [ -118.725774729409252, 36.353304069470326 ], [ -118.725850826978686, 36.353306796499524 ] ] ] ] } },
{ "type": "Feature", "properties": { "id": null }, "geometry": { "type": "MultiPolygon", "coordinates": [ [ [ [ -118.726133228916808, 36.353290822534284 ], [ -118.726131154431187, 36.353328702647396 ], [ -118.726096032452062, 36.353327444106291 ], [ -118.726098106954609, 36.353289563994899 ], [ -118.726133228916808, 36.353290822534284 ] ] ] ] } },
{ "type": "Feature", "properties": { "id": null }, "geometry": { "type": "MultiPolygon", "coordinates": [ [ [ [ -118.726165090304235, 36.353244521165543 ], [ -118.726163793763021, 36.353268196237458 ], [ -118.726128671809576, 36.353266937707737 ], [ -118.726129968361377, 36.353243262636916 ], [ -118.726165090304235, 36.353244521165543 ] ] ] ] } },
{ "type": "Feature", "properties": { "id": null }, "geometry": { "type": "MultiPolygon", "coordinates": [ [ [ [ -118.72628345996732, 36.353225041111074 ], [ -118.726282422763887, 36.353243981171609 ], [ -118.72625900813162, 36.353243142176652 ], [ -118.726260045340709, 36.353224202116699 ], [ -118.72628345996732, 36.353225041111074 ] ] ] ] } },
{ "type": "Feature", "properties": { "id": null }, "geometry": { "type": "MultiPolygon", "coordinates": [ [ [ [ -118.726144863290031, 36.353642017791465 ], [ -118.726142249070818, 36.353689752945535 ], [ -118.726071433617079, 36.353687215370812 ], [ -118.726074047879266, 36.35363948022114 ], [ -118.726144863290031, 36.353642017791465 ] ] ] ] } },
{ "type": "Feature", "properties": { "id": null }, "geometry": { "type": "MultiPolygon", "coordinates": [ [ [ [ -118.726247688020393, 36.353707879777332 ], [ -118.726244551024408, 36.353765161969228 ], [ -118.726173735492893, 36.353762624450638 ], [ -118.726176872540478, 36.353705342264014 ], [ -118.726247688020393, 36.353707879777332 ] ] ] ] } },
{ "type": "Feature", "properties": { "id": null }, "geometry": { "type": "MultiPolygon", "coordinates": [ [ [ [ -118.726393632219981, 36.353634191648844 ], [ -118.726391802373996, 36.35366760626767 ], [ -118.726320986917202, 36.353665068842176 ], [ -118.726322816793257, 36.353631654226419 ], [ -118.726393632219981, 36.353634191648844 ] ] ] ] } },
{ "type": "Feature", "properties": { "id": null }, "geometry": { "type": "MultiPolygon", "coordinates": [ [ [ [ -118.726522807028886, 36.353650777275838 ], [ -118.72652097723703, 36.353684191900214 ], [ -118.726479668203737, 36.353682711784501 ], [ -118.726481498013158, 36.353649297161915 ], [ -118.726522807028886, 36.353650777275838 ] ] ] ] } },
{ "type": "Feature", "properties": { "id": null }, "geometry": { "type": "MultiPolygon", "coordinates": [ [ [ [ -118.726487716164115, 36.353589733915008 ], [ -118.726486670562892, 36.35360882798544 ], [ -118.726451262855619, 36.353607559307783 ], [ -118.72645230846544, 36.353588465238239 ], [ -118.726487716164115, 36.353589733915008 ] ] ] ] } },
{ "type": "Feature", "properties": { "id": null }, "geometry": { "type": "MultiPolygon", "coordinates": [ [ [ [ -118.726360688271953, 36.35347995895242 ], [ -118.726358074199993, 36.353527694121283 ], [ -118.7262990614269, 36.353525579593239 ], [ -118.726301675534728, 36.353477844428049 ], [ -118.726360688271953, 36.35347995895242 ] ] ] ] } },
{ "type": "Feature", "properties": { "id": null }, "geometry": { "type": "MultiPolygon", "coordinates": [ [ [ [ -118.726366926116484, 36.353528011297975 ], [ -118.726364050636107, 36.353580519983694 ], [ -118.726310939103769, 36.353578616910049 ], [ -118.726313814619616, 36.353526108227967 ], [ -118.726366926116484, 36.353528011297975 ] ] ] ] } },
{ "type": "Feature", "properties": { "id": null }, "geometry": { "type": "MultiPolygon", "coordinates": [ [ [ [ -118.726328642947323, 36.353579251270538 ], [ -118.726326551667, 36.353617439403443 ], [ -118.726273440112195, 36.353615536311466 ], [ -118.726275531418324, 36.353577348181226 ], [ -118.726328642947323, 36.353579251270538 ] ] ] ] } },
{ "type": "Feature", "properties": { "id": null }, "geometry": { "type": "MultiPolygon", "coordinates": [ [ [ [ -118.726216780030725, 36.353570460094012 ], [ -118.726214165862245, 36.353618195253155 ], [ -118.726161054314716, 36.353616292111198 ], [ -118.726163668515426, 36.353568556955352 ], [ -118.726216780030725, 36.353570460094012 ] ] ] ] } },
{ "type": "Feature", "properties": { "id": null }, "geometry": { "type": "MultiPolygon", "coordinates": [ [ [ [ -118.726209944388103, 36.353479340373859 ], [ -118.726207591640815, 36.353522302017375 ], [ -118.726154480158897, 36.35352039887681 ], [ -118.726156832935189, 36.353477437236258 ], [ -118.726209944388103, 36.353479340373859 ] ] ] ] } },
{ "type": "Feature", "properties": { "id": null }, "geometry": { "type": "MultiPolygon", "coordinates": [ [ [ [ -118.725954284804772, 36.353451047599975 ], [ -118.725950624758781, 36.353517876801007 ], [ -118.725879809478471, 36.353515339122993 ], [ -118.725883469584673, 36.353448509928107 ], [ -118.725954284804772, 36.353451047599975 ] ] ] ] } },
{ "type": "Feature", "properties": { "id": null }, "geometry": { "type": "MultiPolygon", "coordinates": [ [ [ [ -118.725837380006197, 36.353480338457608 ], [ -118.725835288493471, 36.353518526566589 ], [ -118.725793979584779, 36.353517046219608 ], [ -118.725796071117571, 36.353478858112673 ], [ -118.725837380006197, 36.353480338457608 ] ] ] ] } },
{ "type": "Feature", "properties": { "id": null }, "geometry": { "type": "MultiPolygon", "coordinates": [ [ [ [ -118.725749981487581, 36.353510686604679 ], [ -118.725747889929849, 36.353548874709112 ], [ -118.725688877187906, 36.353546759878654 ], [ -118.725690968774288, 36.353508571777162 ], [ -118.725749981487581, 36.353510686604679 ] ] ] ] } },
{ "type": "Feature", "properties": { "id": null }, "geometry": { "type": "MultiPolygon", "coordinates": [ [ [ [ -118.72565436597877, 36.353421168155606 ], [ -118.725651490031055, 36.353473676793328 ], [ -118.725604279888373, 36.353471984896203 ], [ -118.725607155867607, 36.35341947626172 ], [ -118.72565436597877, 36.353421168155606 ] ] ] ] } },
{ "type": "Feature", "properties": { "id": null }, "geometry": { "type": "MultiPolygon", "coordinates": [ [ [ [ -118.72545491798266, 36.353500112176704 ], [ -118.725450734576654, 36.353576488355863 ], [ -118.725350412922566, 36.353572892874993 ], [ -118.72535459642603, 36.353496516705839 ], [ -118.72545491798266, 36.353500112176704 ] ] ] ] } },
{ "type": "Feature", "properties": { "id": null }, "geometry": { "type": "MultiPolygon", "coordinates": [ [ [ [ -118.725307909230438, 36.353485277669826 ], [ -118.725304771571388, 36.353542559793446 ], [ -118.725233956328566, 36.353540021731192 ], [ -118.725237094039187, 36.353482739612851 ], [ -118.725307909230438, 36.353485277669826 ] ] ] ] } },
{ "type": "Feature", "properties": { "id": null }, "geometry": { "type": "MultiPolygon", "coordinates": [ [ [ [ -118.725346154936986, 36.353596654676778 ], [ -118.725344063175442, 36.353634842760485 ], [ -118.725302754231848, 36.353633362239613 ], [ -118.725304846013415, 36.353595174157974 ], [ -118.725346154936986, 36.353596654676778 ] ] ] ] } },
{ "type": "Feature", "properties": { "id": null }, "geometry": { "type": "MultiPolygon", "coordinates": [ [ [ [ -118.725410546033643, 36.353608528199359 ], [ -118.725409238702241, 36.353632395753685 ], [ -118.725385633589966, 36.353631549756422 ], [ -118.725386940928544, 36.353607682202842 ], [ -118.725410546033643, 36.353608528199359 ] ] ] ] } },
{ "type": "Feature", "properties": { "id": null }, "geometry": { "type": "MultiPolygon", "coordinates": [ [ [ [ -118.725157352609429, 36.35342726989002 ], [ -118.725151600037705, 36.353532287096392 ], [ -118.725033574677042, 36.353528056819123 ], [ -118.725039327406421, 36.353423039628893 ], [ -118.725157352609429, 36.35342726989002 ] ] ] ] } },
{ "type": "Feature", "properties": { "id": null }, "geometry": { "type": "MultiPolygon", "coordinates": [ [ [ [ -118.72495405598147, 36.353630430014356 ], [ -118.724953271498563, 36.353644750538358 ], [ -118.724929666396648, 36.35364390445077 ], [ -118.724930450883846, 36.353629583927216 ], [ -118.72495405598147, 36.353630430014356 ] ] ] ] } },
{ "type": "Feature", "properties": { "id": null }, "geometry": { "type": "MultiPolygon", "coordinates": [ [ [ [ -118.725373288263839, 36.353910905874216 ], [ -118.72537145796332, 36.353944320446907 ], [ -118.725336050155761, 36.353943051428764 ], [ -118.725337880471329, 36.353909636857608 ], [ -118.725373288263839, 36.353910905874216 ] ] ] ] } },
{ "type": "Feature", "properties": { "id": null }, "geometry": { "type": "MultiPolygon", "coordinates": [ [ [ [ -118.725579628429131, 36.353868080643991 ], [ -118.725575706547986, 36.353939683319275 ], [ -118.725498989618444, 36.353936933898176 ], [ -118.72550291156945, 36.353865331230061 ], [ -118.725579628429131, 36.353868080643991 ] ] ] ] } },
{ "type": "Feature", "properties": { "id": null }, "geometry": { "type": "MultiPolygon", "coordinates": [ [ [ [ -118.726364445942281, 36.353951207611253 ], [ -118.726362616062687, 36.353984622227053 ], [ -118.726333109502747, 36.353983564956401 ], [ -118.726334939394917, 36.353950150341902 ], [ -118.726364445942281, 36.353951207611253 ] ] ] ] } },
{ "type": "Feature", "properties": { "id": null }, "geometry": { "type": "MultiPolygon", "coordinates": [ [ [ [ -118.726321810203203, 36.353865979441309 ], [ -118.726320241724409, 36.353894620539371 ], [ -118.726290735200109, 36.353893563260506 ], [ -118.726292303689632, 36.353864922163552 ], [ -118.726321810203203, 36.353865979441309 ] ] ] ] } },
{ "type": "Feature", "properties": { "id": null }, "geometry": { "type": "MultiPolygon", "coordinates": [ [ [ [ -118.726373614882135, 36.353891750106378 ], [ -118.726373092061948, 36.3539012971397 ], [ -118.726337684227474, 36.353900028419652 ], [ -118.726338207051967, 36.35389048138677 ], [ -118.726373614882135, 36.353891750106378 ] ] ] ] } },
{ "type": "Feature", "properties": { "id": null }, "geometry": { "type": "MultiPolygon", "coordinates": [ [ [ [ -118.726238799842079, 36.353870179319031 ], [ -118.726237231332632, 36.353898820413974 ], [ -118.72620182350559, 36.353897551653745 ], [ -118.726203392027912, 36.353868910560124 ], [ -118.726238799842079, 36.353870179319031 ] ] ] ] } },
{ "type": "Feature", "properties": { "id": null }, "geometry": { "type": "MultiPolygon", "coordinates": [ [ [ [ -118.7251317837258, 36.353840072679553 ], [ -118.725129430355096, 36.353883034259894 ], [ -118.725076318703046, 36.353881130623925 ], [ -118.725078672102754, 36.353838169046547 ], [ -118.7251317837258, 36.353840072679553 ] ] ] ] } },
{ "type": "Feature", "properties": { "id": null }, "geometry": { "type": "MultiPolygon", "coordinates": [ [ [ [ -118.724970692599371, 36.353920390613347 ], [ -118.724967816140094, 36.353972899199718 ], [ -118.724885197939315, 36.353969937860029 ], [ -118.724888074453759, 36.353917429279328 ], [ -118.724970692599371, 36.353920390613347 ] ] ] ] } },
{ "type": "Feature", "properties": { "id": null }, "geometry": { "type": "MultiPolygon", "coordinates": [ [ [ [ -118.724852239449191, 36.353708089500032 ], [ -118.724850670441086, 36.353736730543801 ], [ -118.724815262751676, 36.353735461377525 ], [ -118.724816831772657, 36.353706820335084 ], [ -118.724852239449191, 36.353708089500032 ] ] ] ] } },
{ "type": "Feature", "properties": { "id": null }, "geometry": { "type": "MultiPolygon", "coordinates": [ [ [ [ -118.725040949683191, 36.353717244957409 ], [ -118.72503885776338, 36.353755433025093 ], [ -118.724991647488395, 36.353753740874694 ], [ -118.724993739431142, 36.353715552809348 ], [ -118.725040949683191, 36.353717244957409 ] ] ] ] } },
{ "type": "Feature", "properties": { "id": null }, "geometry": { "type": "MultiPolygon", "coordinates": [ [ [ [ -118.725104351316915, 36.353693211574672 ], [ -118.725103043887984, 36.353717079119093 ], [ -118.725085340041602, 36.353716444574943 ], [ -118.725086647475905, 36.353692577031076 ], [ -118.725104351316915, 36.353693211574672 ] ] ] ] } },
{ "type": "Feature", "properties": { "id": null }, "geometry": { "type": "MultiPolygon", "coordinates": [ [ [ [ -118.724931945666768, 36.353548328531872 ], [ -118.724930115201843, 36.353581743087283 ], [ -118.724877003768313, 36.353579839376238 ], [ -118.72487883425579, 36.353546424823115 ], [ -118.724931945666768, 36.353548328531872 ] ] ] ] } },
{ "type": "Feature", "properties": { "id": null }, "geometry": { "type": "MultiPolygon", "coordinates": [ [ [ [ -118.724983714186806, 36.353358868845895 ], [ -118.724982145246869, 36.353387509896265 ], [ -118.724934935197567, 36.353385817738108 ], [ -118.724936504154698, 36.353357176689507 ], [ -118.724983714186806, 36.353358868845895 ] ] ] ] } },
{ "type": "Feature", "properties": { "id": null }, "geometry": { "type": "MultiPolygon", "coordinates": [ [ [ [ -118.726231535781565, 36.353948836599834 ], [ -118.726230490104086, 36.353967930662726 ], [ -118.726200983555543, 36.353966873359859 ], [ -118.726202029240198, 36.353947779297705 ], [ -118.726231535781565, 36.353948836599834 ] ] ] ] } },
{ "type": "Feature", "properties": { "id": null }, "geometry": { "type": "MultiPolygon", "coordinates": [ [ [ [ -118.726415074353312, 36.353998459088025 ], [ -118.726412983083222, 36.354036647222564 ], [ -118.726353969921746, 36.354034532696303 ], [ -118.726356061220528, 36.353996344564692 ], [ -118.726415074353312, 36.353998459088025 ] ] ] ] } },
{ "type": "Feature", "properties": { "id": null }, "geometry": { "type": "MultiPolygon", "coordinates": [ [ [ [ -118.726075262676233, 36.353833230508251 ], [ -118.726073432680892, 36.353866645112042 ], [ -118.726049827477397, 36.353865799241348 ], [ -118.726051657482742, 36.353832384638572 ], [ -118.726075262676233, 36.353833230508251 ] ] ] ] } },
{ "type": "Feature", "properties": { "id": null }, "geometry": { "type": "MultiPolygon", "coordinates": [ [ [ [ -118.726095673096793, 36.353568511890444 ], [ -118.726093320279048, 36.353611473526904 ], [ -118.726052011307303, 36.353609993265877 ], [ -118.7260543641476, 36.353567031631719 ], [ -118.726095673096793, 36.353568511890444 ] ] ] ] } },
{ "type": "Feature", "properties": { "id": null }, "geometry": { "type": "MultiPolygon", "coordinates": [ [ [ [ -118.726022243471959, 36.353613709442548 ], [ -118.726020413468632, 36.353647124045274 ], [ -118.725985005765608, 36.353645855228308 ], [ -118.725986835783971, 36.353612440627138 ], [ -118.726022243471959, 36.353613709442548 ] ] ] ] } },
{ "type": "Feature", "properties": { "id": null }, "geometry": { "type": "MultiPolygon", "coordinates": [ [ [ [ -118.72601958790149, 36.354041631311389 ], [ -118.726017719764684, 36.354075741648174 ], [ -118.725971716863853, 36.354074093147013 ], [ -118.725973585020611, 36.354039982812267 ], [ -118.72601958790149, 36.354041631311389 ] ] ] ] } },
{ "type": "Feature", "properties": { "id": null }, "geometry": { "type": "MultiPolygon", "coordinates": [ [ [ [ -118.726084540147298, 36.354012888568995 ], [ -118.726083011696758, 36.35404079702888 ], [ -118.726021674518663, 36.35403859905874 ], [ -118.726023202990959, 36.354010690601079 ], [ -118.726084540147298, 36.354012888568995 ] ] ] ] } },
{ "type": "Feature", "properties": { "id": null }, "geometry": { "type": "MultiPolygon", "coordinates": [ [ [ [ -118.72603209519805, 36.353953529275678 ], [ -118.726029887413219, 36.3539938414931 ], [ -118.725980050988895, 36.353992055624566 ], [ -118.725982258799277, 36.353951743409759 ], [ -118.72603209519805, 36.353953529275678 ] ] ] ] } },
{ "type": "Feature", "properties": { "id": null }, "geometry": { "type": "MultiPolygon", "coordinates": [ [ [ [ -118.725742406028289, 36.353947808634743 ], [ -118.725741556823522, 36.353963313327959 ], [ -118.725710888277732, 36.353962214261166 ], [ -118.725711737488524, 36.353946709568582 ], [ -118.725742406028289, 36.353947808634743 ] ] ] ] } },
{ "type": "Feature", "properties": { "id": null }, "geometry": { "type": "MultiPolygon", "coordinates": [ [ [ [ -118.725854634850734, 36.35389745755986 ], [ -118.725852426978932, 36.353937769768315 ], [ -118.725817924871293, 36.353936533350385 ], [ -118.725820132760802, 36.353896221143742 ], [ -118.725854634850734, 36.35389745755986 ] ] ] ] } },
{ "type": "Feature", "properties": { "id": null }, "geometry": { "type": "MultiPolygon", "coordinates": [ [ [ [ -118.725471399846484, 36.353846439098781 ], [ -118.725469191781201, 36.353886751287355 ], [ -118.725430856150425, 36.353885377367746 ], [ -118.725433064235375, 36.353845065181183 ], [ -118.725471399846484, 36.353846439098781 ] ] ] ] } },
{ "type": "Feature", "properties": { "id": null }, "geometry": { "type": "MultiPolygon", "coordinates": [ [ [ [ -118.725545765584968, 36.354066596019187 ], [ -118.725542878141013, 36.354119311961227 ], [ -118.725493041668486, 36.354117525884291 ], [ -118.725495929145836, 36.354064809945683 ], [ -118.725545765584968, 36.354066596019187 ] ] ] ] } },
{ "type": "Feature", "properties": { "id": null }, "geometry": { "type": "MultiPolygon", "coordinates": [ [ [ [ -118.725560905516986, 36.354175884483524 ], [ -118.72555937687045, 36.354203792923535 ], [ -118.725513373921871, 36.354202144240944 ], [ -118.725514902584749, 36.354174235802589 ], [ -118.725560905516986, 36.354175884483524 ] ] ] ] } },
{ "type": "Feature", "properties": { "id": null }, "geometry": { "type": "MultiPolygon", "coordinates": [ [ [ [ -118.726222100611295, 36.354131224262972 ], [ -118.726219892910123, 36.354171536489226 ], [ -118.726185390682744, 36.354170300170594 ], [ -118.726187598401623, 36.354129987946159 ], [ -118.726222100611295, 36.354131224262972 ] ] ] ] } },
{ "type": "Feature", "properties": { "id": null }, "geometry": { "type": "MultiPolygon", "coordinates": [ [ [ [ -118.726104786257295, 36.354252490583029 ], [ -118.72610233465214, 36.354297255015062 ], [ -118.726040076318768, 36.354295024039772 ], [ -118.726042527959393, 36.354250259611362 ], [ -118.726104786257295, 36.354252490583029 ] ] ] ] } },
{ "type": "Feature", "properties": { "id": null }, "geometry": { "type": "MultiPolygon", "coordinates": [ [ [ [ -118.726394842492766, 36.354145146809657 ], [ -118.726393003921174, 36.354178720147068 ], [ -118.726344580827416, 36.354176985069479 ], [ -118.726346419419713, 36.354143411734192 ], [ -118.726394842492766, 36.354145146809657 ] ] ] ] } },
{ "type": "Feature", "properties": { "id": null }, "geometry": { "type": "MultiPolygon", "coordinates": [ [ [ [ -118.726443353685028, 36.354208556919907 ], [ -118.726440902277645, 36.354253321372092 ], [ -118.72639247913466, 36.35425158631088 ], [ -118.726394930569626, 36.354206821861503 ], [ -118.726443353685028, 36.354208556919907 ] ] ] ] } },
{ "type": "Feature", "properties": { "id": null }, "geometry": { "type": "MultiPolygon", "coordinates": [ [ [ [ -118.726337356810106, 36.354182332755464 ], [ -118.726335518211314, 36.354215906090133 ], [ -118.7262940126855, 36.354214418860707 ], [ -118.726295851302027, 36.35418084552785 ], [ -118.726337356810106, 36.354182332755464 ] ] ] ] } },
{ "type": "Feature", "properties": { "id": null }, "geometry": { "type": "MultiPolygon", "coordinates": [ [ [ [ -118.725236719491534, 36.353840136950495 ], [ -118.725235186951352, 36.353868114690734 ], [ -118.725159093937748, 36.353865387414103 ], [ -118.725160626504987, 36.353837409676643 ], [ -118.725236719491534, 36.353840136950495 ] ] ] ] } },
{ "type": "Feature", "properties": { "id": null }, "geometry": { "type": "MultiPolygon", "coordinates": [ [ [ [ -118.724984357512696, 36.354145057622844 ], [ -118.724982518335395, 36.354178630898296 ], [ -118.724947930474741, 36.35417739115087 ], [ -118.724949769666793, 36.354143817876952 ], [ -118.724984357512696, 36.354145057622844 ] ] ] ] } },
{ "type": "Feature", "properties": { "id": null }, "geometry": { "type": "MultiPolygon", "coordinates": [ [ [ [ -118.725437217918667, 36.354102420144656 ], [ -118.725435072441726, 36.354141588989485 ], [ -118.725386649431655, 36.354139853525218 ], [ -118.725388794932726, 36.354100684682869 ], [ -118.725437217918667, 36.354102420144656 ] ] ] ] } },
{ "type": "Feature", "properties": { "id": null }, "geometry": { "type": "MultiPolygon", "coordinates": [ [ [ [ -118.724304843650287, 36.354030788616861 ], [ -118.724301639789672, 36.354089264393558 ], [ -118.72423451204871, 36.354086857913849 ], [ -118.724237715959276, 36.354028382142253 ], [ -118.724304843650287, 36.354030788616861 ] ] ] ] } },
{ "type": "Feature", "properties": { "id": null }, "geometry": { "type": "MultiPolygon", "coordinates": [ [ [ [ -118.724408882870165, 36.354162162146913 ], [ -118.724406136758006, 36.354212284247005 ], [ -118.724344172583173, 36.354210062930207 ], [ -118.724346918734852, 36.354159940834158 ], [ -118.724408882870165, 36.354162162146913 ] ] ] ] } },
{ "type": "Feature", "properties": { "id": null }, "geometry": { "type": "MultiPolygon", "coordinates": [ [ [ [ -118.724688492310634, 36.353969210567385 ], [ -118.724685746397071, 36.354019332687429 ], [ -118.724623782352509, 36.354017111525728 ], [ -118.724626528305564, 36.353966989409727 ], [ -118.724688492310634, 36.353969210567385 ] ] ] ] } },
{ "type": "Feature", "properties": { "id": null }, "geometry": { "type": "MultiPolygon", "coordinates": [ [ [ [ -118.724691989446811, 36.353952595741404 ], [ -118.724689930015188, 36.353990187331753 ], [ -118.724648620666571, 36.353988706563307 ], [ -118.724650680117932, 36.353951114974961 ], [ -118.724691989446811, 36.353952595741404 ] ] ] ] } },
{ "type": "Feature", "properties": { "id": null }, "geometry": { "type": "MultiPolygon", "coordinates": [ [ [ [ -118.724823891771209, 36.353953138745311 ], [ -118.72481977303093, 36.354028321938664 ], [ -118.724742317953812, 36.354025545567815 ], [ -118.724746436768157, 36.353950362382044 ], [ -118.724823891771209, 36.353953138745311 ] ] ] ] } },
{ "type": "Feature", "properties": { "id": null }, "geometry": { "type": "MultiPolygon", "coordinates": [ [ [ [ -118.724798515847652, 36.353849695528126 ], [ -118.724795770016613, 36.353899817656377 ], [ -118.724733806057856, 36.353897596557971 ], [ -118.724736551928387, 36.353847474433763 ], [ -118.724798515847652, 36.353849695528126 ] ] ] ] } },
{ "type": "Feature", "properties": { "id": null }, "geometry": { "type": "MultiPolygon", "coordinates": [ [ [ [ -118.724723970863693, 36.353746582360664 ], [ -118.724720538526995, 36.353809235015866 ], [ -118.724643083676966, 36.353806458595017 ], [ -118.724646516075396, 36.353743805946131 ], [ -118.724723970863693, 36.353746582360664 ] ] ] ] } },
{ "type": "Feature", "properties": { "id": null }, "geometry": { "type": "MultiPolygon", "coordinates": [ [ [ [ -118.724448352212718, 36.353772275297494 ], [ -118.724446063840034, 36.353814043719176 ], [ -118.724389263632531, 36.35381200755139 ], [ -118.724391552035385, 36.353770239132814 ], [ -118.724448352212718, 36.353772275297494 ] ] ] ] } },
{ "type": "Feature", "properties": { "id": null }, "geometry": { "type": "MultiPolygon", "coordinates": [ [ [ [ -118.724162684966743, 36.353745294284067 ], [ -118.724160854148678, 36.353778709009084 ], [ -118.724098890337388, 36.353776487587773 ], [ -118.724100721181756, 36.353743072865441 ], [ -118.724162684966743, 36.353745294284067 ] ] ] ] } },
{ "type": "Feature", "properties": { "id": null }, "geometry": { "type": "MultiPolygon", "coordinates": [ [ [ [ -118.724507992816939, 36.353958555258998 ], [ -118.724505246788723, 36.354008677367283 ], [ -118.724438119099091, 36.354006271006533 ], [ -118.724440865170095, 36.353956148902626 ], [ -118.724507992816939, 36.353958555258998 ] ] ] ] } },
{ "type": "Feature", "properties": { "id": null }, "geometry": { "type": "MultiPolygon", "coordinates": [ [ [ [ -118.724050382522975, 36.353622237779881 ], [ -118.724048716610795, 36.353652642104024 ], [ -118.724005759449852, 36.353651102041823 ], [ -118.724007425378659, 36.353620697719393 ], [ -118.724050382522975, 36.353622237779881 ] ] ] ] } },
{ "type": "Feature", "properties": { "id": null }, "geometry": { "type": "MultiPolygon", "coordinates": [ [ [ [ -118.724159017263617, 36.35355432426676 ], [ -118.72415568552951, 36.353615132924141 ], [ -118.72409124981121, 36.353612822884813 ], [ -118.724094581595182, 36.353552014232527 ], [ -118.724159017263617, 36.35355432426676 ] ] ] ] } },
{ "type": "Feature", "properties": { "id": null }, "geometry": { "type": "MultiPolygon", "coordinates": [ [ [ [ -118.724240223881267, 36.353594227555831 ], [ -118.724237368159763, 36.353646349267407 ], [ -118.72418904134588, 36.353644616772911 ], [ -118.724191897099445, 36.353592495064611 ], [ -118.724240223881267, 36.353594227555831 ] ] ] ] } },
{ "type": "Feature", "properties": { "id": null }, "geometry": { "type": "MultiPolygon", "coordinates": [ [ [ [ -118.724400547472712, 36.353663079046065 ], [ -118.724399357631171, 36.353684796430258 ], [ -118.724356400432868, 36.353683256492957 ], [ -118.72435759028626, 36.353661539109986 ], [ -118.724400547472712, 36.353663079046065 ] ] ] ] } },
{ "type": "Feature", "properties": { "id": null }, "geometry": { "type": "MultiPolygon", "coordinates": [ [ [ [ -118.723990200881531, 36.353345903763575 ], [ -118.723987583008025, 36.353393681985558 ], [ -118.723928517112952, 36.353391564378761 ], [ -118.72393113502234, 36.353343786160458 ], [ -118.723990200881531, 36.353345903763575 ] ] ] ] } },
{ "type": "Feature", "properties": { "id": null }, "geometry": { "type": "MultiPolygon", "coordinates": [ [ [ [ -118.72396576236018, 36.353497347848652 ], [ -118.723963858431389, 36.353532095644525 ], [ -118.723926270977529, 36.353530748068088 ], [ -118.723928174922932, 36.353496000273914 ], [ -118.72396576236018, 36.353497347848652 ] ] ] ] } },
{ "type": "Feature", "properties": { "id": null }, "geometry": { "type": "MultiPolygon", "coordinates": [ [ [ [ -118.723908124352491, 36.35346916938083 ], [ -118.723906934382583, 36.35349088675175 ], [ -118.723885455850137, 36.353490116700023 ], [ -118.723886645825971, 36.353468399329707 ], [ -118.723908124352491, 36.35346916938083 ] ] ] ] } },
{ "type": "Feature", "properties": { "id": null }, "geometry": { "type": "MultiPolygon", "coordinates": [ [ [ [ -118.724002256518773, 36.353764128635092 ], [ -118.72400035258768, 36.353798876431064 ], [ -118.723957395349089, 36.35379733634619 ], [ -118.723959299299196, 36.353762588552158 ], [ -118.724002256518773, 36.353764128635092 ] ] ] ] } },
{ "type": "Feature", "properties": { "id": null }, "geometry": { "type": "MultiPolygon", "coordinates": [ [ [ [ -118.723927810125645, 36.353846323736995 ], [ -118.723924716172917, 36.353902788899042 ], [ -118.723865649898059, 36.353900671235785 ], [ -118.723868743893235, 36.353844206078087 ], [ -118.723927810125645, 36.353846323736995 ] ] ] ] } },
{ "type": "Feature", "properties": { "id": null }, "geometry": { "type": "MultiPolygon", "coordinates": [ [ [ [ -118.72387966904877, 36.35389029384114 ], [ -118.723876337056538, 36.353951102472877 ], [ -118.723795792093128, 36.353948214707152 ], [ -118.723799124147689, 36.353887406081796 ], [ -118.72387966904877, 36.35389029384114 ] ] ] ] } },
{ "type": "Feature", "properties": { "id": null }, "geometry": { "type": "MultiPolygon", "coordinates": [ [ [ [ -118.72397554206411, 36.353858915031125 ], [ -118.723973638114529, 36.353893662825335 ], [ -118.723925311164493, 36.35389193021409 ], [ -118.723927215135419, 36.353857182422061 ], [ -118.72397554206411, 36.353858915031125 ] ] ] ] } },
{ "type": "Feature", "properties": { "id": null }, "geometry": { "type": "MultiPolygon", "coordinates": [ [ [ [ -118.724149342055867, 36.353878201938628 ], [ -118.724146962213283, 36.353921636691091 ], [ -118.724082526243123, 36.353919326630383 ], [ -118.724084906121305, 36.353875891881572 ], [ -118.724149342055867, 36.353878201938628 ] ] ] ] } },
{ "type": "Feature", "properties": { "id": null }, "geometry": { "type": "MultiPolygon", "coordinates": [ [ [ [ -118.724569318906475, 36.353577736876879 ], [ -118.724565987488617, 36.353638545566668 ], [ -118.724490812421791, 36.353635850774062 ], [ -118.724494143897786, 36.353575042090227 ], [ -118.724569318906475, 36.353577736876879 ] ] ] ] } },
{ "type": "Feature", "properties": { "id": null }, "geometry": { "type": "MultiPolygon", "coordinates": [ [ [ [ -118.724586193392014, 36.353515237653063 ], [ -118.724582861994861, 36.353576046344834 ], [ -118.724507686986485, 36.353573351566808 ], [ -118.724511018441746, 36.353512542880985 ], [ -118.724586193392014, 36.353515237653063 ] ] ] ] } },
{ "type": "Feature", "properties": { "id": null }, "geometry": { "type": "MultiPolygon", "coordinates": [ [ [ [ -118.724626227736508, 36.35352102473982 ], [ -118.724623372279964, 36.353573146478361 ], [ -118.724564306200136, 36.353571029176905 ], [ -118.724567161695845, 36.353518907442364 ], [ -118.724626227736508, 36.35352102473982 ] ] ] ] } },
{ "type": "Feature", "properties": { "id": null }, "geometry": { "type": "MultiPolygon", "coordinates": [ [ [ [ -118.724748642889907, 36.353447076626381 ], [ -118.724746263417714, 36.353490511416041 ], [ -118.724681827752335, 36.353488201701957 ], [ -118.724684207260125, 36.353444766915942 ], [ -118.724748642889907, 36.353447076626381 ] ] ] ] } },
{ "type": "Feature", "properties": { "id": null }, "geometry": { "type": "MultiPolygon", "coordinates": [ [ [ [ -118.72473272034604, 36.353492201967903 ], [ -118.724730816758495, 36.353526949798663 ], [ -118.724677120346229, 36.353525025030741 ], [ -118.724679023957506, 36.353490277202397 ], [ -118.72473272034604, 36.353492201967903 ] ] ] ] } },
{ "type": "Feature", "properties": { "id": null }, "geometry": { "type": "MultiPolygon", "coordinates": [ [ [ [ -118.724580818821011, 36.353858853612543 ], [ -118.724579391060914, 36.353884914478876 ], [ -118.724552542736546, 36.353883952055774 ], [ -118.724553970505553, 36.353857891190366 ], [ -118.724580818821011, 36.353858853612543 ] ] ] ] } },
{ "type": "Feature", "properties": { "id": null }, "geometry": { "type": "MultiPolygon", "coordinates": [ [ [ [ -118.724517520934953, 36.353884872635454 ], [ -118.724515379260438, 36.353923963931486 ], [ -118.724456312923934, 36.353921846559146 ], [ -118.724458454627836, 36.353882755266127 ], [ -118.724517520934953, 36.353884872635454 ] ] ] ] } },
{ "type": "Feature", "properties": { "id": null }, "geometry": { "type": "MultiPolygon", "coordinates": [ [ [ [ -118.72438363629324, 36.353873545175468 ], [ -118.724381256581239, 36.353916979941282 ], [ -118.724316820595149, 36.353914670007171 ], [ -118.724319200342748, 36.353871235245009 ], [ -118.72438363629324, 36.353873545175468 ] ] ] ] } },
{ "type": "Feature", "properties": { "id": null }, "geometry": { "type": "MultiPolygon", "coordinates": [ [ [ [ -118.725966259515772, 36.35374461518709 ], [ -118.725964312289392, 36.353780169562746 ], [ -118.725905706465625, 36.35377806941657 ], [ -118.725907653718522, 36.353742515043635 ], [ -118.725966259515772, 36.35374461518709 ] ] ] ] } },
{ "type": "Feature", "properties": { "id": null }, "geometry": { "type": "MultiPolygon", "coordinates": [ [ [ [ -118.725749895619259, 36.353674519361157 ], [ -118.725747948299443, 36.353710073727164 ], [ -118.725718645421367, 36.353709023606328 ], [ -118.725720592754442, 36.353673469241691 ], [ -118.725749895619259, 36.353674519361157 ] ] ] ] } },
{ "type": "Feature", "properties": { "id": null }, "geometry": { "type": "MultiPolygon", "coordinates": [ [ [ [ -118.725955316615895, 36.353542352841352 ], [ -118.725954343007814, 36.353560130029585 ], [ -118.725925040178026, 36.35355907996307 ], [ -118.72592601379273, 36.35354130277554 ], [ -118.725955316615895, 36.353542352841352 ] ] ] ] } },
{ "type": "Feature", "properties": { "id": null }, "geometry": { "type": "MultiPolygon", "coordinates": [ [ [ [ -118.725633078330858, 36.353596115987024 ], [ -118.725631455524933, 36.353625744621247 ], [ -118.72558750126251, 36.353624169397591 ], [ -118.725589124084976, 36.353594540765059 ], [ -118.725633078330858, 36.353596115987024 ] ] ] ] } },
{ "type": "Feature", "properties": { "id": null }, "geometry": { "type": "MultiPolygon", "coordinates": [ [ [ [ -118.725619145129883, 36.353984513617796 ], [ -118.725616873161357, 36.354025993702187 ], [ -118.72556559292731, 36.354024155916115 ], [ -118.72556786492288, 36.353982675834487 ], [ -118.725619145129883, 36.353984513617796 ] ] ] ] } },
{ "type": "Feature", "properties": { "id": null }, "geometry": { "type": "MultiPolygon", "coordinates": [ [ [ [ -118.72647570219597, 36.354092393378444 ], [ -118.726473755176514, 36.35412794777573 ], [ -118.726444452114023, 36.354126897822553 ], [ -118.726446399146724, 36.354091343426646 ], [ -118.72647570219597, 36.354092393378444 ] ] ] ] } },
{ "type": "Feature", "properties": { "id": null }, "geometry": { "type": "MultiPolygon", "coordinates": [ [ [ [ -118.725924786312561, 36.35396577995332 ], [ -118.72592348813896, 36.353989482868286 ], [ -118.725879533655245, 36.353987907738571 ], [ -118.725880831842105, 36.353964204824962 ], [ -118.725924786312561, 36.35396577995332 ] ] ] ] } },
{ "type": "Feature", "properties": { "id": null }, "geometry": { "type": "MultiPolygon", "coordinates": [ [ [ [ -118.725369675431651, 36.354049789868675 ], [ -118.725368701672394, 36.354067567041746 ], [ -118.725346724424114, 36.354066779375408 ], [ -118.72534769818833, 36.354049002202849 ], [ -118.725369675431651, 36.354049789868675 ] ] ] ] } },
{ "type": "Feature", "properties": { "id": null }, "geometry": { "type": "MultiPolygon", "coordinates": [ [ [ [ -118.725214281759406, 36.354005627640554 ], [ -118.725212334172497, 36.354041181979682 ], [ -118.725190356936125, 36.354040394285079 ], [ -118.725192304532982, 36.35400483994696 ], [ -118.725214281759406, 36.354005627640554 ] ] ] ] } },
{ "type": "Feature", "properties": { "id": null }, "geometry": { "type": "MultiPolygon", "coordinates": [ [ [ [ -118.725281257158542, 36.353921936422758 ], [ -118.725278985015919, 36.353963416489243 ], [ -118.725235030583946, 36.353961841123407 ], [ -118.725237302749704, 36.353920361059295 ], [ -118.725281257158542, 36.353921936422758 ] ] ] ] } },
{ "type": "Feature", "properties": { "id": null }, "geometry": { "type": "MultiPolygon", "coordinates": [ [ [ [ -118.725517095595407, 36.353636489575358 ], [ -118.725513200746036, 36.353707598285865 ], [ -118.725417966430129, 36.353704185180092 ], [ -118.725421861365604, 36.353633076478403 ], [ -118.725517095595407, 36.353636489575358 ] ] ] ] } },
{ "type": "Feature", "properties": { "id": null }, "geometry": { "type": "MultiPolygon", "coordinates": [ [ [ [ -118.726433645851756, 36.353788081101719 ], [ -118.726432347840827, 36.353811784033162 ], [ -118.726388393427783, 36.353810209097212 ], [ -118.726389691451942, 36.353786506167118 ], [ -118.726433645851756, 36.353788081101719 ] ] ] ] } },
{ "type": "Feature", "properties": { "id": null }, "geometry": { "type": "MultiPolygon", "coordinates": [ [ [ [ -118.724550432934677, 36.354336891509924 ], [ -118.724549532528528, 36.35435332619754 ], [ -118.724529214869108, 36.354352597868846 ], [ -118.724530115279507, 36.354336163181657 ], [ -118.724550432934677, 36.354336891509924 ] ] ] ] } },
{ "type": "Feature", "properties": { "id": null }, "geometry": { "type": "MultiPolygon", "coordinates": [ [ [ [ -118.724541947740008, 36.354213085107297 ], [ -118.72453834612017, 36.354278823858017 ], [ -118.724457075565454, 36.354275910520059 ], [ -118.724460677253262, 36.354210171776295 ], [ -118.724541947740008, 36.354213085107297 ] ] ] ] } },
{ "type": "Feature", "properties": { "id": null }, "geometry": { "type": "MultiPolygon", "coordinates": [ [ [ [ -118.724652666979637, 36.354142952664596 ], [ -118.724650866222319, 36.354175822045228 ], [ -118.724610230991061, 36.354174365424932 ], [ -118.724612031765361, 36.35414149604604 ], [ -118.724652666979637, 36.354142952664596 ] ] ] ] } },
{ "type": "Feature", "properties": { "id": null }, "geometry": { "type": "MultiPolygon", "coordinates": [ [ [ [ -118.724617659166228, 36.354038779235324 ], [ -118.724614507825237, 36.35409630064963 ], [ -118.724563713840709, 36.354094479860066 ], [ -118.724566865218847, 36.354036958449562 ], [ -118.724617659166228, 36.354038779235324 ] ] ] ] } },
{ "type": "Feature", "properties": { "id": null }, "geometry": { "type": "MultiPolygon", "coordinates": [ [ [ [ -118.725226286635504, 36.354077061689352 ], [ -118.725224035995268, 36.354118148446396 ], [ -118.725183400763527, 36.354116692022991 ], [ -118.725185651424994, 36.354075605268122 ], [ -118.725226286635504, 36.354077061689352 ] ] ] ] } },
{ "type": "Feature", "properties": { "id": null }, "geometry": { "type": "MultiPolygon", "coordinates": [ [ [ [ -118.725138683575068, 36.354003937242638 ], [ -118.72513688303124, 36.354036806644942 ], [ -118.725096247846395, 36.354035350194707 ], [ -118.725098048407219, 36.354002480794144 ], [ -118.725138683575068, 36.354003937242638 ] ] ] ] } },
{ "type": "Feature", "properties": { "id": null }, "geometry": { "type": "MultiPolygon", "coordinates": [ [ [ [ -118.725957111079865, 36.354486110197463 ], [ -118.725954410731617, 36.35453541434962 ], [ -118.725893457501499, 36.354533230060461 ], [ -118.725896157888002, 36.35448392591222 ], [ -118.725957111079865, 36.354486110197463 ] ] ] ] } },
{ "type": "Feature", "properties": { "id": null }, "geometry": { "type": "MultiPolygon", "coordinates": [ [ [ [ -118.725387794569656, 36.35486521261538 ], [ -118.725386316029443, 36.35489220448666 ], [ -118.725341823512309, 36.354890609859538 ], [ -118.725343302067785, 36.354863617989807 ], [ -118.725387794569656, 36.35486521261538 ] ] ] ] } },
{ "type": "Feature", "properties": { "id": null }, "geometry": { "type": "MultiPolygon", "coordinates": [ [ [ [ -118.724522377793974, 36.354590789132793 ], [ -118.724520898969786, 36.354617780974763 ], [ -118.72448752973655, 36.354616584772025 ], [ -118.724489008572164, 36.354589592931227 ], [ -118.724522377793974, 36.354590789132793 ] ] ] ] } },
{ "type": "Feature", "properties": { "id": null }, "geometry": { "type": "MultiPolygon", "coordinates": [ [ [ [ -118.724595385060255, 36.354377047385704 ], [ -118.724592427483429, 36.354431031076558 ], [ -118.724559058326747, 36.354429834899044 ], [ -118.72456201592648, 36.354375851210541 ], [ -118.724595385060255, 36.354377047385704 ] ] ] ] } },
{ "type": "Feature", "properties": { "id": null }, "geometry": { "type": "MultiPolygon", "coordinates": [ [ [ [ -118.724394601471374, 36.354685373085537 ], [ -118.724393122597974, 36.35471236492257 ], [ -118.724359753329921, 36.354711168681476 ], [ -118.724361232214775, 36.354684176845623 ], [ -118.724394601471374, 36.354685373085537 ] ] ] ] } },
{ "type": "Feature", "properties": { "id": null }, "geometry": { "type": "MultiPolygon", "coordinates": [ [ [ [ -118.724423287660386, 36.354772043469872 ], [ -118.724421315835713, 36.354808032586703 ], [ -118.724354577217454, 36.354805640105582 ], [ -118.724356549072681, 36.354769650991877 ], [ -118.724423287660386, 36.354772043469872 ] ] ] ] } },
{ "type": "Feature", "properties": { "id": null }, "geometry": { "type": "MultiPolygon", "coordinates": [ [ [ [ -118.725347984147149, 36.354778143734542 ], [ -118.725345519897317, 36.354823130184911 ], [ -118.725301027421864, 36.354821535545192 ], [ -118.725303491697161, 36.354776549097437 ], [ -118.725347984147149, 36.354778143734542 ] ] ] ] } },
{ "type": "Feature", "properties": { "id": null }, "geometry": { "type": "MultiPolygon", "coordinates": [ [ [ [ -118.725917128867962, 36.354866152938627 ], [ -118.725916143296502, 36.354884147531962 ], [ -118.725893897024392, 36.354883350319255 ], [ -118.72589488260094, 36.354865355726453 ], [ -118.725917128867962, 36.354866152938627 ] ] ] ] } },
{ "type": "Feature", "properties": { "id": null }, "geometry": { "type": "MultiPolygon", "coordinates": [ [ [ [ -118.726018222628113, 36.354851745746622 ], [ -118.726016251531917, 36.354887734938053 ], [ -118.725971758980663, 36.354886140545659 ], [ -118.725973730097209, 36.35485015135631 ], [ -118.726018222628113, 36.354851745746622 ] ] ] ] } },
{ "type": "Feature", "properties": { "id": null }, "geometry": { "type": "MultiPolygon", "coordinates": [ [ [ [ -118.726114986698178, 36.354814645925487 ], [ -118.726113508411785, 36.35484163782268 ], [ -118.726069015881109, 36.354840043468236 ], [ -118.726070494182778, 36.354813051572599 ], [ -118.726114986698178, 36.354814645925487 ] ] ] ] } },
{ "type": "Feature", "properties": { "id": null }, "geometry": { "type": "MultiPolygon", "coordinates": [ [ [ [ -118.726507566598897, 36.354463607176925 ], [ -118.726506581177816, 36.354481601785373 ], [ -118.726473211916002, 36.354480406140986 ], [ -118.726474197344714, 36.354462411533333 ], [ -118.726507566598897, 36.354463607176925 ] ] ] ] } },
{ "type": "Feature", "properties": { "id": null }, "geometry": { "type": "MultiPolygon", "coordinates": [ [ [ [ -118.726414640154474, 36.354532397198348 ], [ -118.726412669263738, 36.354568386410364 ], [ -118.726357053773555, 36.354566393616786 ], [ -118.726359024689756, 36.35453040440737 ], [ -118.726414640154474, 36.354532397198348 ] ] ] ] } },
{ "type": "Feature", "properties": { "id": null }, "geometry": { "type": "MultiPolygon", "coordinates": [ [ [ [ -118.724872482754208, 36.354903947976382 ], [ -118.724870146684651, 36.354946589458656 ], [ -118.724817430030257, 36.354944699843699 ], [ -118.724819766128419, 36.354902058364353 ], [ -118.724872482754208, 36.354903947976382 ] ] ] ] } },
{ "type": "Feature", "properties": { "id": null }, "geometry": { "type": "MultiPolygon", "coordinates": [ [ [ [ -118.725047849236972, 36.354884598636296 ], [ -118.725045046069667, 36.354935768426884 ], [ -118.724971242748211, 36.35493312306815 ], [ -118.724974045963535, 36.354881953282479 ], [ -118.725047849236972, 36.354884598636296 ] ] ] ] } },
{ "type": "Feature", "properties": { "id": null }, "geometry": { "type": "MultiPolygon", "coordinates": [ [ [ [ -118.72444804815197, 36.35484173584765 ], [ -118.724446179115773, 36.354875849014917 ], [ -118.724414549168714, 36.354874715138386 ], [ -118.724416418218638, 36.354840601972519 ], [ -118.72444804815197, 36.35484173584765 ] ] ] ] } },
{ "type": "Feature", "properties": { "id": null }, "geometry": { "type": "MultiPolygon", "coordinates": [ [ [ [ -118.724262372035128, 36.354856442182907 ], [ -118.724260502916906, 36.354890555341797 ], [ -118.724197243028016, 36.354888287481295 ], [ -118.724199112173693, 36.354854174325212 ], [ -118.724262372035128, 36.354856442182907 ] ] ] ] } },
{ "type": "Feature", "properties": { "id": null }, "geometry": { "type": "MultiPolygon", "coordinates": [ [ [ [ -118.7242365831206, 36.354748704639285 ], [ -118.724236115840384, 36.354757232928918 ], [ -118.724204485949997, 36.35475609899995 ], [ -118.724204953233667, 36.354747570710664 ], [ -118.7242365831206, 36.354748704639285 ] ] ] ] } },
{ "type": "Feature", "properties": { "id": null }, "geometry": { "type": "MultiPolygon", "coordinates": [ [ [ [ -118.723917013124762, 36.354797062979998 ], [ -118.723914676543188, 36.35483970440972 ], [ -118.723872503329659, 36.35483819238619 ], [ -118.723874839934098, 36.354795550958805 ], [ -118.723917013124762, 36.354797062979998 ] ] ] ] } },
{ "type": "Feature", "properties": { "id": null }, "geometry": { "type": "MultiPolygon", "coordinates": [ [ [ [ -118.724291007374575, 36.354430216656979 ], [ -118.724289138297934, 36.354464329819585 ], [ -118.724246965266218, 36.354462817941574 ], [ -118.724248834361163, 36.354428704780837 ], [ -118.724291007374575, 36.354430216656979 ] ] ] ] } },
{ "type": "Feature", "properties": { "id": null }, "geometry": { "type": "MultiPolygon", "coordinates": [ [ [ [ -118.724285472397312, 36.354242027309731 ], [ -118.724283136064031, 36.354284668763981 ], [ -118.724198790198272, 36.354281645001684 ], [ -118.724201126577285, 36.354239003552124 ], [ -118.724285472397312, 36.354242027309731 ] ] ] ] } },
{ "type": "Feature", "properties": { "id": null }, "geometry": { "type": "MultiPolygon", "coordinates": [ [ [ [ -118.724166357472185, 36.354391567826816 ], [ -118.724163553778425, 36.3544427375626 ], [ -118.724121380765297, 36.354441225641033 ], [ -118.724124184486513, 36.354390055908056 ], [ -118.724166357472185, 36.354391567826816 ] ] ] ] } },
{ "type": "Feature", "properties": { "id": null }, "geometry": { "type": "MultiPolygon", "coordinates": [ [ [ [ -118.725078450020007, 36.354325995048363 ], [ -118.725077515657418, 36.354343051647575 ], [ -118.725056429152119, 36.354342295851701 ], [ -118.725057363519298, 36.354325239252972 ], [ -118.725078450020007, 36.354325995048363 ] ] ] ] } },
{ "type": "Feature", "properties": { "id": null }, "geometry": { "type": "MultiPolygon", "coordinates": [ [ [ [ -118.725205866416061, 36.354796266850236 ], [ -118.72520539924075, 36.354804795150592 ], [ -118.725184312607382, 36.354804039369078 ], [ -118.725184779784996, 36.354795511068957 ], [ -118.725205866416061, 36.354796266850236 ] ] ] ] } },
{ "type": "Feature", "properties": { "id": null }, "geometry": { "type": "MultiPolygon", "coordinates": [ [ [ [ -118.725326313102968, 36.3549116693817 ], [ -118.725324444445221, 36.354945782587755 ], [ -118.725282271096674, 36.354944271058024 ], [ -118.725284139772725, 36.35491015785383 ], [ -118.725326313102968, 36.3549116693817 ] ] ] ] } },
{ "type": "Feature", "properties": { "id": null }, "geometry": { "type": "MultiPolygon", "coordinates": [ [ [ [ -118.725771468837848, 36.3548848979963 ], [ -118.725769600376168, 36.354919011222378 ], [ -118.725706340339329, 36.354916744159311 ], [ -118.725708208828465, 36.354882630936046 ], [ -118.725771468837848, 36.3548848979963 ] ] ] ] } },
{ "type": "Feature", "properties": { "id": null }, "geometry": { "type": "MultiPolygon", "coordinates": [ [ [ [ -118.725895819736891, 36.354543279878719 ], [ -118.725892550062611, 36.354602978037299 ], [ -118.72580820367584, 36.354599955388416 ], [ -118.725811473414154, 36.35454025723638 ], [ -118.725895819736891, 36.354543279878719 ] ] ] ] } },
{ "type": "Feature", "properties": { "id": null }, "geometry": { "type": "MultiPolygon", "coordinates": [ [ [ [ -118.726063077119008, 36.354382645121255 ], [ -118.726061675894172, 36.354408230052755 ], [ -118.726008959520613, 36.354406340987424 ], [ -118.726010360762601, 36.354380756057679 ], [ -118.726063077119008, 36.354382645121255 ] ] ] ] } },
{ "type": "Feature", "properties": { "id": null }, "geometry": { "type": "MultiPolygon", "coordinates": [ [ [ [ -118.725974159942382, 36.354366641235075 ], [ -118.725971357434361, 36.354417811092105 ], [ -118.725908097786402, 36.354415544162599 ], [ -118.725910900335592, 36.354364374309789 ], [ -118.725974159942382, 36.354366641235075 ] ] ] ] } },
{ "type": "Feature", "properties": { "id": null }, "geometry": { "type": "MultiPolygon", "coordinates": [ [ [ [ -118.725717017705463, 36.354336063646635 ], [ -118.725715149257439, 36.354370176873445 ], [ -118.725662432933433, 36.354368287656918 ], [ -118.725664301404322, 36.354334174432452 ], [ -118.725717017705463, 36.354336063646635 ] ] ] ] } },
{ "type": "Feature", "properties": { "id": null }, "geometry": { "type": "MultiPolygon", "coordinates": [ [ [ [ -118.725309447900898, 36.354209254863093 ], [ -118.725308221455393, 36.354231644684191 ], [ -118.725266701831401, 36.354230156590376 ], [ -118.72526792828873, 36.354207766770486 ], [ -118.725309447900898, 36.354209254863093 ] ] ] ] } },
{ "type": "Feature", "properties": { "id": null }, "geometry": { "type": "MultiPolygon", "coordinates": [ [ [ [ -118.724121367096032, 36.354127408381757 ], [ -118.724119526922394, 36.354160993061605 ], [ -118.724050327720889, 36.354158512213004 ], [ -118.724052167924114, 36.354124927536169 ], [ -118.724121367096032, 36.354127408381757 ] ] ] ] } },
{ "type": "Feature", "properties": { "id": null }, "geometry": { "type": "MultiPolygon", "coordinates": [ [ [ [ -118.397606143176858, 36.275404923969333 ], [ -118.39760429579573, 36.275436329450919 ], [ -118.397546116903968, 36.27543408566163 ], [ -118.397547964308231, 36.275402680182616 ], [ -118.397606143176858, 36.275404923969333 ] ] ] ] } },
{ "type": "Feature", "properties": { "id": null }, "geometry": { "type": "MultiPolygon", "coordinates": [ [ [ [ -118.397623688761101, 36.275437077374413 ], [ -118.397620917695633, 36.275484185597598 ], [ -118.397572435254631, 36.275482315779783 ], [ -118.397575206349032, 36.275435207559802 ], [ -118.397623688761101, 36.275437077374413 ] ] ] ] } },
{ "type": "Feature", "properties": { "id": null }, "geometry": { "type": "MultiPolygon", "coordinates": [ [ [ [ -118.397708649982647, 36.275314447092207 ], [ -118.39770495531188, 36.275377258065141 ], [ -118.397637079980271, 36.275374640369023 ], [ -118.397640774705053, 36.275311829402071 ], [ -118.397708649982647, 36.275314447092207 ] ] ] ] } },
{ "type": "Feature", "properties": { "id": null }, "geometry": { "type": "MultiPolygon", "coordinates": [ [ [ [ -118.39753710578519, 36.275917692816485 ], [ -118.397532487171389, 36.27599620650561 ], [ -118.397454914771032, 36.275993214694175 ], [ -118.39745953346204, 36.275914701013598 ], [ -118.39753710578519, 36.275917692816485 ] ] ] ] } },
{ "type": "Feature", "properties": { "id": null }, "geometry": { "type": "MultiPolygon", "coordinates": [ [ [ [ -118.397571273375846, 36.275997702392552 ], [ -118.397568964081529, 36.276036959238667 ], [ -118.397501088191817, 36.276034341424584 ], [ -118.397503397519912, 36.275995084582199 ], [ -118.397571273375846, 36.275997702392552 ] ] ] ] } },
{ "type": "Feature", "properties": { "id": null }, "geometry": { "type": "MultiPolygon", "coordinates": [ [ [ [ -118.397266986814586, 36.275966293529073 ], [ -118.397265139259702, 36.275997698992711 ], [ -118.397236049618655, 36.275996577004221 ], [ -118.397237897185093, 36.27596517154187 ], [ -118.397266986814586, 36.275966293529073 ] ] ] ] } },
{ "type": "Feature", "properties": { "id": null }, "geometry": { "type": "MultiPolygon", "coordinates": [ [ [ [ -118.397206037810065, 36.275928531404141 ], [ -118.397203728338724, 36.275967788230517 ], [ -118.397135852543826, 36.275965170213411 ], [ -118.397138162048947, 36.275925913390772 ], [ -118.397206037810065, 36.275928531404141 ] ] ] ] } },
{ "type": "Feature", "properties": { "id": null }, "geometry": { "type": "MultiPolygon", "coordinates": [ [ [ [ -118.397279684080871, 36.275998259984306 ], [ -118.397276912751892, 36.276045368180242 ], [ -118.397238126539946, 36.276043872196155 ], [ -118.397240897892047, 36.275996764002791 ], [ -118.397279684080871, 36.275998259984306 ] ] ] ] } },
{ "type": "Feature", "properties": { "id": null }, "geometry": { "type": "MultiPolygon", "coordinates": [ [ [ [ -118.39711530124589, 36.276149303266521 ], [ -118.397111605987106, 36.276212114178186 ], [ -118.397034033419146, 36.276209122078477 ], [ -118.397037728739676, 36.276146311173655 ], [ -118.39711530124589, 36.276149303266521 ] ] ] ] } },
{ "type": "Feature", "properties": { "id": null }, "geometry": { "type": "MultiPolygon", "coordinates": [ [ [ [ -118.39731662122027, 36.276113787761403 ], [ -118.397314773675348, 36.276145193226455 ], [ -118.397285683977529, 36.276144071246122 ], [ -118.397287531534047, 36.276112665782357 ], [ -118.39731662122027, 36.276113787761403 ] ] ] ] } },
{ "type": "Feature", "properties": { "id": null }, "geometry": { "type": "MultiPolygon", "coordinates": [ [ [ [ -118.398812895163218, 36.276037712777331 ], [ -118.398806430859082, 36.27614763213704 ], [ -118.398690071829293, 36.276143145624566 ], [ -118.398696536295503, 36.276033226282792 ], [ -118.398812895163218, 36.276037712777331 ] ] ] ] } },
{ "type": "Feature", "properties": { "id": null }, "geometry": { "type": "MultiPolygon", "coordinates": [ [ [ [ -118.398701615344805, 36.276194740424891 ], [ -118.398696997850379, 36.2762732542392 ], [ -118.398609728449244, 36.276269889275582 ], [ -118.398614346030513, 36.276191375470887 ], [ -118.398701615344805, 36.276194740424891 ] ] ] ] } },
{ "type": "Feature", "properties": { "id": null }, "geometry": { "type": "MultiPolygon", "coordinates": [ [ [ [ -118.398882849235491, 36.276170251541622 ], [ -118.398878231926659, 36.27624876537628 ], [ -118.398800659129378, 36.276245774419927 ], [ -118.39880527651539, 36.276167260593795 ], [ -118.398882849235491, 36.276170251541622 ] ] ] ] } },
{ "type": "Feature", "properties": { "id": null }, "geometry": { "type": "MultiPolygon", "coordinates": [ [ [ [ -118.398935949806074, 36.276258859944676 ], [ -118.398931332535454, 36.276337373784045 ], [ -118.398824669813607, 36.276333261244901 ], [ -118.398829287190338, 36.276254747417276 ], [ -118.398935949806074, 36.276258859944676 ] ] ] ] } },
{ "type": "Feature", "properties": { "id": null }, "geometry": { "type": "MultiPolygon", "coordinates": [ [ [ [ -118.399055079634891, 36.276298864390213 ], [ -118.399049539043077, 36.276393081012436 ], [ -118.398923482990838, 36.276388220846925 ], [ -118.398929023733146, 36.276294004241343 ], [ -118.399055079634891, 36.276298864390213 ] ] ] ] } },
{ "type": "Feature", "properties": { "id": null }, "geometry": { "type": "MultiPolygon", "coordinates": [ [ [ [ -118.399407389431119, 36.276257362849201 ], [ -118.399406004393498, 36.276280917016813 ], [ -118.399338128116952, 36.276278300230317 ], [ -118.399339513174809, 36.276254746064936 ], [ -118.399407389431119, 36.276257362849201 ] ] ] ] } },
{ "type": "Feature", "properties": { "id": null }, "geometry": { "type": "MultiPolygon", "coordinates": [ [ [ [ -118.399323814045502, 36.276273813791214 ], [ -118.399321505605371, 36.276313070732442 ], [ -118.399263325922306, 36.276310827732118 ], [ -118.399265634391355, 36.276271570794087 ], [ -118.399323814045502, 36.276273813791214 ] ] ] ] } },
{ "type": "Feature", "properties": { "id": null }, "geometry": { "type": "MultiPolygon", "coordinates": [ [ [ [ -118.399474566923075, 36.275610744626135 ], [ -118.399472258614352, 36.275650001580026 ], [ -118.399404382877634, 36.275647384870112 ], [ -118.399406691220136, 36.275608127919959 ], [ -118.399474566923075, 36.275610744626135 ] ] ] ] } },
{ "type": "Feature", "properties": { "id": null }, "geometry": { "type": "MultiPolygon", "coordinates": [ [ [ [ -118.397778362733106, 36.276111923062089 ], [ -118.397775129851482, 36.276166882661528 ], [ -118.397707253829594, 36.276164264956435 ], [ -118.397710486758484, 36.276109305362219 ], [ -118.397778362733106, 36.276111923062089 ] ] ] ] } },
{ "type": "Feature", "properties": { "id": null }, "geometry": { "type": "MultiPolygon", "coordinates": [ [ [ [ -118.397573118324914, 36.276131549639366 ], [ -118.397569885297102, 36.276186509222725 ], [ -118.397531098999309, 36.276185013328671 ], [ -118.397534332054136, 36.276130053748304 ], [ -118.397573118324914, 36.276131549639366 ] ] ] ] } },
{ "type": "Feature", "properties": { "id": null }, "geometry": { "type": "MultiPolygon", "coordinates": [ [ [ [ -118.397204886295199, 36.275782907145647 ], [ -118.397202114943099, 36.275830015338308 ], [ -118.397153632316872, 36.275828145335431 ], [ -118.39715640369792, 36.275781037145968 ], [ -118.397204886295199, 36.275782907145647 ] ] ] ] } },
{ "type": "Feature", "properties": { "id": null }, "geometry": { "type": "MultiPolygon", "coordinates": [ [ [ [ -118.397072830268243, 36.275714860184792 ], [ -118.397070982652579, 36.275746265641139 ], [ -118.397032196599838, 36.275744769600834 ], [ -118.397034044230921, 36.275713364146192 ], [ -118.397072830268243, 36.275714860184792 ] ] ] ] } },
{ "type": "Feature", "properties": { "id": null }, "geometry": { "type": "MultiPolygon", "coordinates": [ [ [ [ -118.397038659758238, 36.275800103157863 ], [ -118.397035888304515, 36.275847211339361 ], [ -118.396977709154456, 36.275844967251778 ], [ -118.396980480642881, 36.275797859074125 ], [ -118.397038659758238, 36.275800103157863 ] ] ] ] } },
{ "type": "Feature", "properties": { "id": null }, "geometry": { "type": "MultiPolygon", "coordinates": [ [ [ [ -118.398794585057715, 36.277062117893074 ], [ -118.39878743353772, 36.277183717613653 ], [ -118.398637253894634, 36.277177926952653 ], [ -118.398644405646053, 36.277056327257675 ], [ -118.398794585057715, 36.277062117893074 ] ] ] ] } },
{ "type": "Feature", "properties": { "id": null }, "geometry": { "type": "MultiPolygon", "coordinates": [ [ [ [ -118.398650715590065, 36.277099585428843 ], [ -118.398646929373243, 36.277163961738516 ], [ -118.398540920256693, 36.277159874109941 ], [ -118.398544706559946, 36.277095497809846 ], [ -118.398650715590065, 36.277099585428843 ] ] ] ] } },
{ "type": "Feature", "properties": { "id": null }, "geometry": { "type": "MultiPolygon", "coordinates": [ [ [ [ -118.398460361264299, 36.277249966627174 ], [ -118.398455733447904, 36.277328648760225 ], [ -118.398340890028962, 36.277324220290886 ], [ -118.398345517959854, 36.277245538170511 ], [ -118.398460361264299, 36.277249966627174 ] ] ] ] } },
{ "type": "Feature", "properties": { "id": null }, "geometry": { "type": "MultiPolygon", "coordinates": [ [ [ [ -118.397547298744058, 36.276967419714673 ], [ -118.397540566105477, 36.27708186631132 ], [ -118.397399220989811, 36.277076414822027 ], [ -118.397405953833342, 36.27696196824806 ], [ -118.397547298744058, 36.276967419714673 ] ] ] ] } },
{ "type": "Feature", "properties": { "id": null }, "geometry": { "type": "MultiPolygon", "coordinates": [ [ [ [ -118.397867158222084, 36.276687268001758 ], [ -118.397861966052034, 36.276775535648952 ], [ -118.397746540662084, 36.276771084187892 ], [ -118.397751732961211, 36.276682816554995 ], [ -118.397867158222084, 36.276687268001758 ] ] ] ] } },
{ "type": "Feature", "properties": { "id": null }, "geometry": { "type": "MultiPolygon", "coordinates": [ [ [ [ -118.397665011314999, 36.276682074003695 ], [ -118.397661956966772, 36.276733996134567 ], [ -118.397585006766448, 36.276731028380418 ], [ -118.397588061165294, 36.276679106255138 ], [ -118.397665011314999, 36.276682074003695 ] ] ] ] } },
{ "type": "Feature", "properties": { "id": null }, "geometry": { "type": "MultiPolygon", "coordinates": [ [ [ [ -118.397393702384747, 36.276596152281272 ], [ -118.397389731509435, 36.276663651026468 ], [ -118.397312781407649, 36.276660683102072 ], [ -118.3973167523488, 36.27659318436416 ], [ -118.397393702384747, 36.276596152281272 ] ] ] ] } },
{ "type": "Feature", "properties": { "id": null }, "geometry": { "type": "MultiPolygon", "coordinates": [ [ [ [ -118.397263773379578, 36.276565121008346 ], [ -118.397261329699504, 36.276606658690447 ], [ -118.397203617174526, 36.276604432692793 ], [ -118.397206060884983, 36.27656289501406 ], [ -118.397263773379578, 36.276565121008346 ] ] ] ] } },
{ "type": "Feature", "properties": { "id": null }, "geometry": { "type": "MultiPolygon", "coordinates": [ [ [ [ -118.397177510105394, 36.276556589796861 ], [ -118.39717506638037, 36.276598127473953 ], [ -118.397130178870725, 36.276596396112829 ], [ -118.397132622619381, 36.276554858438345 ], [ -118.397177510105394, 36.276556589796861 ] ] ] ] } },
{ "type": "Feature", "properties": { "id": null }, "geometry": { "type": "MultiPolygon", "coordinates": [ [ [ [ -118.397036741869087, 36.276491314256674 ], [ -118.397033076176555, 36.276553620760517 ], [ -118.396949713725689, 36.27655040526659 ], [ -118.396953379484046, 36.276488098770045 ], [ -118.397036741869087, 36.276491314256674 ] ] ] ] } },
{ "type": "Feature", "properties": { "id": null }, "geometry": { "type": "MultiPolygon", "coordinates": [ [ [ [ -118.397164689658084, 36.276337527647136 ], [ -118.397160718623127, 36.276405026373467 ], [ -118.397032468924166, 36.276400079590019 ], [ -118.397036440068817, 36.276332580875845 ], [ -118.397164689658084, 36.276337527647136 ] ] ] ] } },
{ "type": "Feature", "properties": { "id": null }, "geometry": { "type": "MultiPolygon", "coordinates": [ [ [ [ -118.397164077598248, 36.27640255393645 ], [ -118.397161633879875, 36.276444091613854 ], [ -118.3971103339709, 36.276442112915461 ], [ -118.397112777716302, 36.276400575241063 ], [ -118.397164077598248, 36.27640255393645 ] ] ] ] } },
{ "type": "Feature", "properties": { "id": null }, "geometry": { "type": "MultiPolygon", "coordinates": [ [ [ [ -118.397220262667005, 36.276430740993099 ], [ -118.397217818975861, 36.276472278673573 ], [ -118.397153694062325, 36.276469805325668 ], [ -118.397156137787221, 36.276428267648917 ], [ -118.397220262667005, 36.276430740993099 ] ] ] ] } },
{ "type": "Feature", "properties": { "id": null }, "geometry": { "type": "MultiPolygon", "coordinates": [ [ [ [ -118.397257364105371, 36.27640094805561 ], [ -118.397255836812946, 36.27642690910745 ], [ -118.397204536908419, 36.276424930450297 ], [ -118.397206064217727, 36.276398969400319 ], [ -118.397257364105371, 36.27640094805561 ] ] ] ] } },
{ "type": "Feature", "properties": { "id": null }, "geometry": { "type": "MultiPolygon", "coordinates": [ [ [ [ -118.396929870483191, 36.276341480206547 ], [ -118.396926204725816, 36.276403786702531 ], [ -118.396862079894632, 36.276401313202257 ], [ -118.396865745702655, 36.276339006711872 ], [ -118.396929870483191, 36.276341480206547 ] ] ] ] } },
{ "type": "Feature", "properties": { "id": null }, "geometry": { "type": "MultiPolygon", "coordinates": [ [ [ [ -118.396915824908078, 36.276307112484432 ], [ -118.396914297507792, 36.276333073524185 ], [ -118.396862997689368, 36.276331094724895 ], [ -118.396864525106508, 36.276305133687011 ], [ -118.396915824908078, 36.276307112484432 ] ] ] ] } },
{ "type": "Feature", "properties": { "id": null }, "geometry": { "type": "MultiPolygon", "coordinates": [ [ [ [ -118.397572184336553, 36.276566608084366 ], [ -118.397570046259617, 36.276602953572024 ], [ -118.397531571227304, 36.276601469676123 ], [ -118.397533709321991, 36.276565124190441 ], [ -118.397572184336553, 36.276566608084366 ] ] ] ] } },
{ "type": "Feature", "properties": { "id": null }, "geometry": { "type": "MultiPolygon", "coordinates": [ [ [ [ -118.397529282192764, 36.276531127494032 ], [ -118.397527144098703, 36.276567472979693 ], [ -118.397469431580944, 36.27656524711238 ], [ -118.39747156970158, 36.276528901629668 ], [ -118.397529282192764, 36.276531127494032 ] ] ] ] } },
{ "type": "Feature", "properties": { "id": null }, "geometry": { "type": "MultiPolygon", "coordinates": [ [ [ [ -118.39739263723294, 36.276395757498754 ], [ -118.397387139133343, 36.276489217302483 ], [ -118.397303776709379, 36.276486002060267 ], [ -118.397309274907684, 36.276392542267452 ], [ -118.39739263723294, 36.276395757498754 ] ] ] ] } },
{ "type": "Feature", "properties": { "id": null }, "geometry": { "type": "MultiPolygon", "coordinates": [ [ [ [ -118.397812654620253, 36.276466598339525 ], [ -118.397809600393842, 36.276518520483094 ], [ -118.39771341288953, 36.276514810920318 ], [ -118.397716467179222, 36.276462888783747 ], [ -118.397812654620253, 36.276466598339525 ] ] ] ] } },
{ "type": "Feature", "properties": { "id": null }, "geometry": { "type": "MultiPolygon", "coordinates": [ [ [ [ -118.398105186323846, 36.27651951156227 ], [ -118.398099383643853, 36.276618163674257 ], [ -118.397945483386962, 36.276612228695789 ], [ -118.397951286259342, 36.276513576605097 ], [ -118.398105186323846, 36.27651951156227 ] ] ] ] } },
{ "type": "Feature", "properties": { "id": null }, "geometry": { "type": "MultiPolygon", "coordinates": [ [ [ [ -118.398081825842297, 36.276588864623434 ], [ -118.39807877178049, 36.276640786785634 ], [ -118.398014646651347, 36.276638313889528 ], [ -118.398017700755332, 36.27658639173201 ], [ -118.398081825842297, 36.276588864623434 ] ] ] ] } },
{ "type": "Feature", "properties": { "id": null }, "geometry": { "type": "MultiPolygon", "coordinates": [ [ [ [ -118.398018006165302, 36.276581199516222 ], [ -118.398014952062098, 36.276633121673811 ], [ -118.397950826944978, 36.276630648743939 ], [ -118.397953881090373, 36.276578726591012 ], [ -118.398018006165302, 36.276581199516222 ] ] ] ] } },
{ "type": "Feature", "properties": { "id": null }, "geometry": { "type": "MultiPolygon", "coordinates": [ [ [ [ -118.398220152489372, 36.276641034819306 ], [ -118.398216487717221, 36.276703341425467 ], [ -118.398133124968169, 36.276700126745112 ], [ -118.398136789806145, 36.276637820146242 ], [ -118.398220152489372, 36.276641034819306 ] ] ] ] } },
{ "type": "Feature", "properties": { "id": null }, "geometry": { "type": "MultiPolygon", "coordinates": [ [ [ [ -118.398178164851672, 36.276753903543934 ], [ -118.398175721639177, 36.276795441278239 ], [ -118.398105183848756, 36.276792721137902 ], [ -118.398107627098398, 36.276751183407704 ], [ -118.398178164851672, 36.276753903543934 ] ] ] ] } },
{ "type": "Feature", "properties": { "id": null }, "geometry": { "type": "MultiPolygon", "coordinates": [ [ [ [ -118.398519860763528, 36.276790497693497 ], [ -118.398515890829543, 36.276857996543612 ], [ -118.39843894041492, 36.276855029330221 ], [ -118.39844291041473, 36.27678753048739 ], [ -118.398519860763528, 36.276790497693497 ] ] ] ] } },
{ "type": "Feature", "properties": { "id": null }, "geometry": { "type": "MultiPolygon", "coordinates": [ [ [ [ -118.398780637161437, 36.276399845230834 ], [ -118.398778499657695, 36.276436190781382 ], [ -118.398701549628612, 36.276433223766524 ], [ -118.398703687167796, 36.276396878219913 ], [ -118.398780637161437, 36.276399845230834 ] ] ] ] } },
{ "type": "Feature", "properties": { "id": null }, "geometry": { "type": "MultiPolygon", "coordinates": [ [ [ [ -118.398815600576313, 36.276461039268177 ], [ -118.398811936301456, 36.276523345928474 ], [ -118.398741398692607, 36.276520626180861 ], [ -118.398745063023156, 36.276458319526739 ], [ -118.398815600576313, 36.276461039268177 ] ] ] ] } },
{ "type": "Feature", "properties": { "id": null }, "geometry": { "type": "MultiPolygon", "coordinates": [ [ [ [ -118.39890323847473, 36.276719414075117 ], [ -118.398898963527216, 36.276792105184526 ], [ -118.398789950475944, 36.276787901973421 ], [ -118.398794225523901, 36.276715210875118 ], [ -118.39890323847473, 36.276719414075117 ] ] ] ] } },
{ "type": "Feature", "properties": { "id": null }, "geometry": { "type": "MultiPolygon", "coordinates": [ [ [ [ -118.398808577363269, 36.276744386216961 ], [ -118.398802775520664, 36.276843038423003 ], [ -118.398680937343386, 36.276838340606311 ], [ -118.398686739338345, 36.276739688417138 ], [ -118.398808577363269, 36.276744386216961 ] ] ] ] } },
{ "type": "Feature", "properties": { "id": null }, "geometry": { "type": "MultiPolygon", "coordinates": [ [ [ [ -118.398418635638095, 36.276544608701023 ], [ -118.398415276420465, 36.276601723106936 ], [ -118.398338326268274, 36.27659875584677 ], [ -118.398341685541581, 36.276541641447018 ], [ -118.398418635638095, 36.276544608701023 ] ] ] ] } },
{ "type": "Feature", "properties": { "id": null }, "geometry": { "type": "MultiPolygon", "coordinates": [ [ [ [ -118.39825679673659, 36.276455104106844 ], [ -118.39825404819905, 36.276501834065414 ], [ -118.398189923167706, 36.276499361271412 ], [ -118.398192671743217, 36.276452631317049 ], [ -118.39825679673659, 36.276455104106844 ] ] ] ] } },
{ "type": "Feature", "properties": { "id": null }, "geometry": { "type": "MultiPolygon", "coordinates": [ [ [ [ -118.398009610690167, 36.276396133982331 ], [ -118.398005945783495, 36.276458440572554 ], [ -118.397928995816315, 36.276455473059038 ], [ -118.397932660783752, 36.276393166475543 ], [ -118.398009610690167, 36.276396133982331 ] ] ] ] } },
{ "type": "Feature", "properties": { "id": null }, "geometry": { "type": "MultiPolygon", "coordinates": [ [ [ [ -118.39933906240077, 36.276913590648761 ], [ -118.399334770703689, 36.276986572989472 ], [ -118.399244635343194, 36.276983097975027 ], [ -118.399248927123637, 36.276910115643531 ], [ -118.39933906240077, 36.276913590648761 ] ] ] ] } },
{ "type": "Feature", "properties": { "id": null }, "geometry": { "type": "MultiPolygon", "coordinates": [ [ [ [ -118.399187700605466, 36.276866878416925 ], [ -118.399181894007384, 36.276965619210245 ], [ -118.399059946229244, 36.276960917550376 ], [ -118.399065752979936, 36.276862176773939 ], [ -118.399187700605466, 36.276866878416925 ] ] ] ] } },
{ "type": "Feature", "properties": { "id": null }, "geometry": { "type": "MultiPolygon", "coordinates": [ [ [ [ -118.399046943388228, 36.276910933894456 ], [ -118.39904366129602, 36.276966743896892 ], [ -118.398953525995267, 36.276963268664652 ], [ -118.39895680815124, 36.276907458669278 ], [ -118.399046943388228, 36.276910933894456 ] ] ] ] } },
{ "type": "Feature", "properties": { "id": null }, "geometry": { "type": "MultiPolygon", "coordinates": [ [ [ [ -118.399273670553399, 36.276986368791043 ], [ -118.399270388613502, 36.277042178810596 ], [ -118.399222669861828, 36.277040339077381 ], [ -118.399225951835447, 36.276984529061572 ], [ -118.399273670553399, 36.276986368791043 ] ] ] ] } },
{ "type": "Feature", "properties": { "id": null }, "geometry": { "type": "MultiPolygon", "coordinates": [ [ [ [ -118.3991474311768, 36.277145008592427 ], [ -118.399144149128048, 36.277200818600576 ], [ -118.399080524009321, 36.277198365542397 ], [ -118.399083806103079, 36.277142555539221 ], [ -118.3991474311768, 36.277145008592427 ] ] ] ] } },
{ "type": "Feature", "properties": { "id": null }, "geometry": { "type": "MultiPolygon", "coordinates": [ [ [ [ -118.399062345277301, 36.277146030924406 ], [ -118.399059315638127, 36.277197547848843 ], [ -118.398995690529645, 36.277195094745721 ], [ -118.398998720210372, 36.277143577825875 ], [ -118.399062345277301, 36.277146030924406 ] ] ] ] } },
{ "type": "Feature", "properties": { "id": null }, "geometry": { "type": "MultiPolygon", "coordinates": [ [ [ [ -118.3990314165802, 36.277220137649245 ], [ -118.399029396802575, 36.277254482263686 ], [ -118.398960469554922, 36.277251824712955 ], [ -118.398962489362546, 36.277217480101839 ], [ -118.3990314165802, 36.277220137649245 ] ] ] ] } },
{ "type": "Feature", "properties": { "id": null }, "geometry": { "type": "MultiPolygon", "coordinates": [ [ [ [ -118.399208910720262, 36.277274311827533 ], [ -118.399204871309138, 36.277343001072687 ], [ -118.399114735555372, 36.277339525931083 ], [ -118.399118775044982, 36.277270836694605 ], [ -118.399208910720262, 36.277274311827533 ] ] ] ] } },
{ "type": "Feature", "properties": { "id": null }, "geometry": { "type": "MultiPolygon", "coordinates": [ [ [ [ -118.399333990524156, 36.277227267291941 ], [ -118.399328914054294, 36.277313593947504 ], [ -118.399254507887036, 36.277310725336228 ], [ -118.399259584438298, 36.277224398689661 ], [ -118.399333990524156, 36.277227267291941 ] ] ] ] } },
{ "type": "Feature", "properties": { "id": null }, "geometry": { "type": "MultiPolygon", "coordinates": [ [ [ [ -118.399620922257583, 36.277222892691505 ], [ -118.399614813200387, 36.27732678523553 ], [ -118.39948650226097, 36.277321838690582 ], [ -118.399492611487091, 36.277217946165258 ], [ -118.399620922257583, 36.277222892691505 ] ] ] ] } },
{ "type": "Feature", "properties": { "id": null }, "geometry": { "type": "MultiPolygon", "coordinates": [ [ [ [ -118.399595462288275, 36.277063549779363 ], [ -118.399593425939941, 36.277098180627341 ], [ -118.399523924381938, 36.27709550126788 ], [ -118.399525960760755, 36.277060870423277 ], [ -118.399595462288275, 36.277063549779363 ] ] ] ] } },
{ "type": "Feature", "properties": { "id": null }, "geometry": { "type": "MultiPolygon", "coordinates": [ [ [ [ -118.399486119726831, 36.277237219905594 ], [ -118.399484337868671, 36.277267521892043 ], [ -118.399436221307923, 36.277265666903844 ], [ -118.399438003184557, 36.277235364919441 ], [ -118.399486119726831, 36.277237219905594 ] ] ] ] } },
{ "type": "Feature", "properties": { "id": null }, "geometry": { "type": "MultiPolygon", "coordinates": [ [ [ [ -118.398534992413403, 36.276964091146567 ], [ -118.398532446401191, 36.277007379642555 ], [ -118.398484330064633, 36.277005524282771 ], [ -118.398486876103206, 36.276962235789703 ], [ -118.398534992413403, 36.276964091146567 ] ] ] ] } },
{ "type": "Feature", "properties": { "id": null }, "geometry": { "type": "MultiPolygon", "coordinates": [ [ [ [ -118.399300284951892, 36.277422603639657 ], [ -118.399298005450618, 36.277461366618404 ], [ -118.399234173815614, 36.277458905673654 ], [ -118.399236453348237, 36.277420142698382 ], [ -118.399300284951892, 36.277422603639657 ] ] ] ] } },
{ "type": "Feature", "properties": { "id": null }, "geometry": { "type": "MultiPolygon", "coordinates": [ [ [ [ -118.39876936905938, 36.277390411211037 ], [ -118.398765419113971, 36.277457572384769 ], [ -118.398703209199027, 36.277455173684963 ], [ -118.398707159197386, 36.2773880125171 ], [ -118.39876936905938, 36.277390411211037 ] ] ] ] } },
{ "type": "Feature", "properties": { "id": null }, "geometry": { "type": "MultiPolygon", "coordinates": [ [ [ [ -118.398687706144344, 36.277436064705626 ], [ -118.398684941130327, 36.277483077521573 ], [ -118.398614436545685, 36.277480358943606 ], [ -118.398617201601681, 36.27743334613232 ], [ -118.398687706144344, 36.277436064705626 ] ] ] ] } },
{ "type": "Feature", "properties": { "id": null }, "geometry": { "type": "MultiPolygon", "coordinates": [ [ [ [ -118.398592317784775, 36.277397047059381 ], [ -118.398588762697116, 36.277457492100623 ], [ -118.398522405471354, 36.277454933388348 ], [ -118.398525960609831, 36.277394488352726 ], [ -118.398592317784775, 36.277397047059381 ] ] ] ] } },
{ "type": "Feature", "properties": { "id": null }, "geometry": { "type": "MultiPolygon", "coordinates": [ [ [ [ -118.39900833375853, 36.277249852434636 ], [ -118.399005963927834, 36.277290149153515 ], [ -118.398943754124659, 36.277287750588329 ], [ -118.398946123987116, 36.277247453872967 ], [ -118.39900833375853, 36.277249852434636 ] ] ] ] } },
{ "type": "Feature", "properties": { "id": null }, "geometry": { "type": "MultiPolygon", "coordinates": [ [ [ [ -118.397225187895799, 36.277347862163289 ], [ -118.397221358875385, 36.27741294540931 ], [ -118.397129495805103, 36.277409402134907 ], [ -118.397133324901262, 36.277344318897271 ], [ -118.397225187895799, 36.277347862163289 ] ] ] ] } },
{ "type": "Feature", "properties": { "id": null }, "geometry": { "type": "MultiPolygon", "coordinates": [ [ [ [ -118.397130316326738, 36.277395455726932 ], [ -118.397128128267752, 36.2774326461481 ], [ -118.397070713840051, 36.277430431564042 ], [ -118.39707290192608, 36.27739324114588 ], [ -118.397130316326738, 36.277395455726932 ] ] ] ] } },
{ "type": "Feature", "properties": { "id": null }, "geometry": { "type": "MultiPolygon", "coordinates": [ [ [ [ -118.397385673739521, 36.277407634681957 ], [ -118.397381571350962, 36.277477366746304 ], [ -118.397278225289767, 36.277473380690054 ], [ -118.397282327769645, 36.277403648635818 ], [ -118.397385673739521, 36.277407634681957 ] ] ] ] } },
{ "type": "Feature", "properties": { "id": null }, "geometry": { "type": "MultiPolygon", "coordinates": [ [ [ [ -118.39757760272964, 36.277373102951927 ], [ -118.397574594441707, 36.27742423981335 ], [ -118.397499955647973, 36.277421361127956 ], [ -118.397502963984252, 36.277370224271884 ], [ -118.39757760272964, 36.277373102951927 ] ] ] ] } },
{ "type": "Feature", "properties": { "id": null }, "geometry": { "type": "MultiPolygon", "coordinates": [ [ [ [ -118.398124682616015, 36.277170552390324 ], [ -118.398121674707184, 36.277221689292908 ], [ -118.398041294613918, 36.277218589550777 ], [ -118.398044302574831, 36.27716745265397 ], [ -118.398124682616015, 36.277170552390324 ] ] ] ] } },
{ "type": "Feature", "properties": { "id": null }, "geometry": { "type": "MultiPolygon", "coordinates": [ [ [ [ -118.397997960948146, 36.277172654564687 ], [ -118.39799495295641, 36.27722379145812 ], [ -118.397937538611544, 36.277221577301141 ], [ -118.39794054664047, 36.27717044041183 ], [ -118.397997960948146, 36.277172654564687 ] ] ] ] } },
{ "type": "Feature", "properties": { "id": null }, "geometry": { "type": "MultiPolygon", "coordinates": [ [ [ [ -118.398276419298497, 36.27733016244197 ], [ -118.39827395834935, 36.277372001733774 ], [ -118.398216543873374, 36.277369787703009 ], [ -118.398219004852933, 36.277327948414573 ], [ -118.398276419298497, 36.27733016244197 ] ] ] ] } },
{ "type": "Feature", "properties": { "id": null }, "geometry": { "type": "MultiPolygon", "coordinates": [ [ [ [ -118.397426142792924, 36.27711099696014 ], [ -118.397423407922403, 36.277157485008125 ], [ -118.397365993672324, 36.277155270580224 ], [ -118.397368728576652, 36.277108782535983 ], [ -118.397426142792924, 36.27711099696014 ] ] ] ] } },
{ "type": "Feature", "properties": { "id": null }, "geometry": { "type": "MultiPolygon", "coordinates": [ [ [ [ -118.397260462072381, 36.277090628643215 ], [ -118.39725526563025, 36.277178955913605 ], [ -118.3971519199808, 36.277174969776304 ], [ -118.397157116538565, 36.277086642518711 ], [ -118.397260462072381, 36.277090628643215 ] ] ] ] } },
{ "type": "Feature", "properties": { "id": null }, "geometry": { "type": "MultiPolygon", "coordinates": [ [ [ [ -118.397265246255046, 36.277107120905214 ], [ -118.397263605276478, 36.277135013727765 ], [ -118.397217673899434, 36.277133242127192 ], [ -118.39721931489423, 36.277105349306453 ], [ -118.397265246255046, 36.277107120905214 ] ] ] ] } },
{ "type": "Feature", "properties": { "id": null }, "geometry": { "type": "MultiPolygon", "coordinates": [ [ [ [ -118.397369410426322, 36.277195006861753 ], [ -118.3973658550388, 36.277255441318339 ], [ -118.397291216427703, 36.277252562514136 ], [ -118.397294771872382, 36.277192128063867 ], [ -118.397369410426322, 36.277195006861753 ] ] ] ] } },
{ "type": "Feature", "properties": { "id": null }, "geometry": { "type": "MultiPolygon", "coordinates": [ [ [ [ -118.397137428580876, 36.277225663698275 ], [ -118.39713442002207, 36.277276800529258 ], [ -118.397054039984098, 36.27727370011953 ], [ -118.397057048595016, 36.277222563294323 ], [ -118.397137428580876, 36.277225663698275 ] ] ] ] } },
{ "type": "Feature", "properties": { "id": null }, "geometry": { "type": "MultiPolygon", "coordinates": [ [ [ [ -118.39750720299071, 36.277298167791763 ], [ -118.397503921180572, 36.277353953453897 ], [ -118.397457989659699, 36.277352181936479 ], [ -118.397461271502294, 36.277296396277933 ], [ -118.39750720299071, 36.277298167791763 ] ] ] ] } },
{ "type": "Feature", "properties": { "id": null }, "geometry": { "type": "MultiPolygon", "coordinates": [ [ [ [ -118.397924824582887, 36.277290977295138 ], [ -118.397921816530484, 36.277342114182268 ], [ -118.397852919220497, 36.277339457141046 ], [ -118.397855927317565, 36.277288320258847 ], [ -118.397924824582887, 36.277290977295138 ] ] ] ] } },
{ "type": "Feature", "properties": { "id": null }, "geometry": { "type": "MultiPolygon", "coordinates": [ [ [ [ -118.397893656239447, 36.277331709471149 ], [ -118.397891468547684, 36.277368899932704 ], [ -118.397845536992961, 36.277367128563505 ], [ -118.397847724706381, 36.277329938104351 ], [ -118.397893656239447, 36.277331709471149 ] ] ] ] } },
{ "type": "Feature", "properties": { "id": null }, "geometry": { "type": "MultiPolygon", "coordinates": [ [ [ [ -118.398408608657107, 36.277430776622623 ], [ -118.398406968065899, 36.277458669488595 ], [ -118.398361036425257, 36.277456898313645 ], [ -118.398362677032694, 36.277429005449477 ], [ -118.398408608657107, 36.277430776622623 ] ] ] ] } },
{ "type": "Feature", "properties": { "id": null }, "geometry": { "type": "MultiPolygon", "coordinates": [ [ [ [ -118.398689491775755, 36.277172840245505 ], [ -118.398682875176206, 36.277285341519772 ], [ -118.398572878673022, 36.27728110016654 ], [ -118.398579495429402, 36.277168598909618 ], [ -118.398689491775755, 36.277172840245505 ] ] ] ] } },
{ "type": "Feature", "properties": { "id": null }, "geometry": { "type": "MultiPolygon", "coordinates": [ [ [ [ -118.398720781449583, 36.277183443088546 ], [ -118.398718300244923, 36.277225631068561 ], [ -118.398671985957961, 36.277223845264139 ], [ -118.398674467187362, 36.277181657286867 ], [ -118.398720781449583, 36.277183443088546 ] ] ] ] } },
{ "type": "Feature", "properties": { "id": null }, "geometry": { "type": "MultiPolygon", "coordinates": [ [ [ [ -118.397991574070531, 36.275781789082856 ], [ -118.397989589852131, 36.27581552316741 ], [ -118.397954871544385, 36.275814184294561 ], [ -118.39795685577765, 36.275780450211641 ], [ -118.397991574070531, 36.275781789082856 ] ] ] ] } },
{ "type": "Feature", "properties": { "id": null }, "geometry": { "type": "MultiPolygon", "coordinates": [ [ [ [ -118.399121856909389, 36.276177443537954 ], [ -118.399119671005906, 36.276214615136212 ], [ -118.399089065956716, 36.276213435173091 ], [ -118.399091251874623, 36.276176263576438 ], [ -118.399121856909389, 36.276177443537954 ] ] ] ] } },
{ "type": "Feature", "properties": { "id": null }, "geometry": { "type": "MultiPolygon", "coordinates": [ [ [ [ -118.398549470890259, 36.275869745879341 ], [ -118.398548013457173, 36.275894526926166 ], [ -118.398532711007149, 36.275893936876891 ], [ -118.398534168445011, 36.275869155830605 ], [ -118.398549470890259, 36.275869745879341 ] ] ] ] } },
{ "type": "Feature", "properties": { "id": null }, "geometry": { "type": "MultiPolygon", "coordinates": [ [ [ [ -118.398244149183455, 36.276106344980164 ], [ -118.39824196286952, 36.27614351653289 ], [ -118.398203706640302, 36.276142041299487 ], [ -118.398205892972243, 36.27610486974875 ], [ -118.398244149183455, 36.276106344980164 ] ] ] ] } },
{ "type": "Feature", "properties": { "id": null }, "geometry": { "type": "MultiPolygon", "coordinates": [ [ [ [ -118.398082015522462, 36.276124929955905 ], [ -118.398079829130197, 36.276162101500027 ], [ -118.398026270409602, 36.276160036096307 ], [ -118.398028456827092, 36.276122864554978 ], [ -118.398082015522462, 36.276124929955905 ] ] ] ] } },
{ "type": "Feature", "properties": { "id": null }, "geometry": { "type": "MultiPolygon", "coordinates": [ [ [ [ -118.397851750958623, 36.275998073146219 ], [ -118.397849564467322, 36.276035244679065 ], [ -118.397818959542903, 36.276034064395901 ], [ -118.397821146048628, 36.275996892864647 ], [ -118.397851750958623, 36.275998073146219 ] ] ] ] } },
{ "type": "Feature", "properties": { "id": null }, "geometry": { "type": "MultiPolygon", "coordinates": [ [ [ [ -118.397899660462286, 36.276161362805944 ], [ -118.397896016323998, 36.276223315363005 ], [ -118.397842457575464, 36.276221249873977 ], [ -118.397846101755761, 36.276159297321584 ], [ -118.397899660462286, 36.276161362805944 ] ] ] ] } },
{ "type": "Feature", "properties": { "id": null }, "geometry": { "type": "MultiPolygon", "coordinates": [ [ [ [ -118.39778397993831, 36.276237622587558 ], [ -118.397780335698471, 36.27629957513372 ], [ -118.397711474395607, 36.276296919429207 ], [ -118.397715118689476, 36.276234966889021 ], [ -118.39778397993831, 36.276237622587558 ] ] ] ] } },
{ "type": "Feature", "properties": { "id": null }, "geometry": { "type": "MultiPolygon", "coordinates": [ [ [ [ -118.397911094040808, 36.276286683030143 ], [ -118.397907988285567, 36.276339482650855 ], [ -118.397854635828637, 36.276337425120289 ], [ -118.397857741619589, 36.276284625503521 ], [ -118.397911094040808, 36.276286683030143 ] ] ] ] } },
{ "type": "Feature", "properties": { "id": null }, "geometry": { "type": "MultiPolygon", "coordinates": [ [ [ [ -118.397964728805206, 36.276283940567154 ], [ -118.397962187763127, 36.276327140260157 ], [ -118.397920691410633, 36.276325539979922 ], [ -118.397923232475435, 36.276282340289427 ], [ -118.397964728805206, 36.276283940567154 ] ] ] ] } },
{ "type": "Feature", "properties": { "id": null }, "geometry": { "type": "MultiPolygon", "coordinates": [ [ [ [ -118.398159225889671, 36.276209656496754 ], [ -118.398156684961663, 36.276252856202142 ], [ -118.398109260590999, 36.276251027389613 ], [ -118.398111801544971, 36.276207827687102 ], [ -118.398159225889671, 36.276209656496754 ] ] ] ] } },
{ "type": "Feature", "properties": { "id": null }, "geometry": { "type": "MultiPolygon", "coordinates": [ [ [ [ -118.398065365361958, 36.276189198975409 ], [ -118.398063671377344, 36.276217998775323 ], [ -118.398028103119429, 36.276216627141146 ], [ -118.398029797117033, 36.276187827342667 ], [ -118.398065365361958, 36.276189198975409 ] ] ] ] } },
{ "type": "Feature", "properties": { "id": null }, "geometry": { "type": "MultiPolygon", "coordinates": [ [ [ [ -118.399436437813733, 36.276614896071941 ], [ -118.399432664901198, 36.276679058317356 ], [ -118.399323707200182, 36.276674857734989 ], [ -118.399327480201308, 36.276610695499379 ], [ -118.399436437813733, 36.276614896071941 ] ] ] ] } },
{ "type": "Feature", "properties": { "id": null }, "geometry": { "type": "MultiPolygon", "coordinates": [ [ [ [ -118.399228427845941, 36.276606876711249 ], [ -118.399224654764282, 36.276671038937955 ], [ -118.399140460208415, 36.276667792896234 ], [ -118.399144233358527, 36.276603630677108 ], [ -118.399228427845941, 36.276606876711249 ] ] ] ] } },
{ "type": "Feature", "properties": { "id": null }, "geometry": { "type": "MultiPolygon", "coordinates": [ [ [ [ -118.399182203754464, 36.276675431132823 ], [ -118.399177723162509, 36.276751623771091 ], [ -118.399083623275189, 36.276747995794402 ], [ -118.399088103957979, 36.276671803166195 ], [ -118.399182203754464, 36.276675431132823 ] ] ] ] } },
{ "type": "Feature", "properties": { "id": null }, "geometry": { "type": "MultiPolygon", "coordinates": [ [ [ [ -118.399196354364463, 36.276730236310442 ], [ -118.399191402135557, 36.276814449227246 ], [ -118.399092349541775, 36.276810630308042 ], [ -118.399097301876367, 36.276726417402934 ], [ -118.399196354364463, 36.276730236310442 ] ] ] ] } },
{ "type": "Feature", "properties": { "id": null }, "geometry": { "type": "MultiPolygon", "coordinates": [ [ [ [ -118.399057444798132, 36.276644496104495 ], [ -118.399050841643444, 36.276756779972814 ], [ -118.398961694391417, 36.276753342849112 ], [ -118.398968297672951, 36.276641058994819 ], [ -118.399057444798132, 36.276644496104495 ] ] ] ] } },
{ "type": "Feature", "properties": { "id": null }, "geometry": { "type": "MultiPolygon", "coordinates": [ [ [ [ -118.398932921785985, 36.276609550814904 ], [ -118.398930563459942, 36.276649652190009 ], [ -118.398890942518037, 36.276648124551649 ], [ -118.398893300864174, 36.276608023178781 ], [ -118.398932921785985, 36.276609550814904 ] ] ] ] } },
{ "type": "Feature", "properties": { "id": null }, "geometry": { "type": "MultiPolygon", "coordinates": [ [ [ [ -118.398903441760396, 36.276477789191354 ], [ -118.398900375930836, 36.276529920977886 ], [ -118.398835992002773, 36.276527438549692 ], [ -118.398839057874881, 36.276475306767864 ], [ -118.398903441760396, 36.276477789191354 ] ] ] ] } },
{ "type": "Feature", "properties": { "id": null }, "geometry": { "type": "MultiPolygon", "coordinates": [ [ [ [ -118.398910516984046, 36.276526292749402 ], [ -118.39890650781976, 36.27659446508563 ], [ -118.398827265997369, 36.27659140978389 ], [ -118.398831275230108, 36.27652323745523 ], [ -118.398910516984046, 36.276526292749402 ] ] ] ] } },
{ "type": "Feature", "properties": { "id": null }, "geometry": { "type": "MultiPolygon", "coordinates": [ [ [ [ -118.399067467521093, 36.276516267153596 ], [ -118.399062515192469, 36.276600480058121 ], [ -118.398958510272209, 36.276596470098973 ], [ -118.398963462711805, 36.276512257206733 ], [ -118.399067467521093, 36.276516267153596 ] ] ] ] } },
{ "type": "Feature", "properties": { "id": null }, "geometry": { "type": "MultiPolygon", "coordinates": [ [ [ [ -118.399013106604457, 36.276469959722874 ], [ -118.399011219986448, 36.276502040827353 ], [ -118.398961693897135, 36.276500131317427 ], [ -118.39896358053528, 36.276468050215165 ], [ -118.399013106604457, 36.276469959722874 ] ] ] ] } },
{ "type": "Feature", "properties": { "id": null }, "geometry": { "type": "MultiPolygon", "coordinates": [ [ [ [ -118.399170646780746, 36.276492110566082 ], [ -118.399165930387483, 36.276572313344325 ], [ -118.399086688558526, 36.276569258216085 ], [ -118.399091405032323, 36.27648905544676 ], [ -118.399170646780746, 36.276492110566082 ] ] ] ] } },
{ "type": "Feature", "properties": { "id": null }, "geometry": { "type": "MultiPolygon", "coordinates": [ [ [ [ -118.399304249352056, 36.276499271031248 ], [ -118.399300712160439, 36.276559423126315 ], [ -118.399211565101439, 36.27655598620489 ], [ -118.399215102361026, 36.276495834117334 ], [ -118.399304249352056, 36.276499271031248 ] ] ] ] } },
{ "type": "Feature", "properties": { "id": null }, "geometry": { "type": "MultiPolygon", "coordinates": [ [ [ [ -118.399403419485765, 36.276501084676731 ], [ -118.399398939137342, 36.276577277340948 ], [ -118.399299886814234, 36.276573458615026 ], [ -118.399304367258281, 36.276497265961389 ], [ -118.399403419485765, 36.276501084676731 ] ] ] ] } },
{ "type": "Feature", "properties": { "id": null }, "geometry": { "type": "MultiPolygon", "coordinates": [ [ [ [ -118.399586548256721, 36.276510154155382 ], [ -118.399583954475005, 36.276554265709308 ], [ -118.399519570464975, 36.276551783647712 ], [ -118.399522164282672, 36.276507672097765 ], [ -118.399586548256721, 36.276510154155382 ] ] ] ] } },
{ "type": "Feature", "properties": { "id": null }, "geometry": { "type": "MultiPolygon", "coordinates": [ [ [ [ -118.399481834469611, 36.276349367310836 ], [ -118.39948041965647, 36.276373428155601 ], [ -118.399445751427422, 36.27637209164088 ], [ -118.39944716625115, 36.27634803079728 ], [ -118.399481834469611, 36.276349367310836 ] ] ] ] } },
{ "type": "Feature", "properties": { "id": null }, "geometry": { "type": "MultiPolygon", "coordinates": [ [ [ [ -118.399434077683765, 36.276401785831546 ], [ -118.399433606073757, 36.27640980611254 ], [ -118.399413795648996, 36.27640904238266 ], [ -118.399414267261008, 36.276401022101879 ], [ -118.399434077683765, 36.276401785831546 ] ] ] ] } },
{ "type": "Feature", "properties": { "id": null }, "geometry": { "type": "MultiPolygon", "coordinates": [ [ [ [ -118.398699518137988, 36.276673220544417 ], [ -118.398697714050272, 36.276703895930183 ], [ -118.398653515027306, 36.276702191689331 ], [ -118.398655319132189, 36.276671516305463 ], [ -118.398699518137988, 36.276673220544417 ] ] ] ] } },
{ "type": "Feature", "properties": { "id": null }, "geometry": { "type": "MultiPolygon", "coordinates": [ [ [ [ -118.398629761873494, 36.27667565501114 ], [ -118.398626755013382, 36.276726780648922 ], [ -118.398569927687888, 36.276724589444221 ], [ -118.398572934584806, 36.276673463810511 ], [ -118.398629761873494, 36.27667565501114 ] ] ] ] } },
{ "type": "Feature", "properties": { "id": null }, "geometry": { "type": "MultiPolygon", "coordinates": [ [ [ [ -118.398501674853819, 36.27670146101719 ], [ -118.398499269297247, 36.276742361519908 ], [ -118.398436127823629, 36.276739926778149 ], [ -118.398438533412957, 36.276699026279047 ], [ -118.398501674853819, 36.27670146101719 ] ] ] ] } },
{ "type": "Feature", "properties": { "id": null }, "geometry": { "type": "MultiPolygon", "coordinates": [ [ [ [ -118.398015334480434, 36.276792876200858 ], [ -118.398012627934477, 36.276838889234156 ], [ -118.397962114727434, 36.276836941233398 ], [ -118.397964821302836, 36.276790928203368 ], [ -118.398015334480434, 36.276792876200858 ] ] ] ] } },
{ "type": "Feature", "properties": { "id": null }, "geometry": { "type": "MultiPolygon", "coordinates": [ [ [ [ -118.398308039569145, 36.2769271434709 ], [ -118.398305934601666, 36.27696293139968 ], [ -118.398261735457041, 36.276961227003596 ], [ -118.398263840444571, 36.27692543907704 ], [ -118.398308039569145, 36.2769271434709 ] ] ] ] } },
{ "type": "Feature", "properties": { "id": null }, "geometry": { "type": "MultiPolygon", "coordinates": [ [ [ [ -118.3982241516199, 36.276900849887959 ], [ -118.398220242324271, 36.276967313176463 ], [ -118.398106587395816, 36.276962930328935 ], [ -118.398110496787169, 36.27689646705101 ], [ -118.3982241516199, 36.276900849887959 ] ] ] ] } },
{ "type": "Feature", "properties": { "id": null }, "geometry": { "type": "MultiPolygon", "coordinates": [ [ [ [ -118.39800360665096, 36.276938462387946 ], [ -118.398001802273484, 36.276969137742277 ], [ -118.397957603144306, 36.276967433233551 ], [ -118.397959407538963, 36.276936757881124 ], [ -118.39800360665096, 36.276938462387946 ] ] ] ] } },
{ "type": "Feature", "properties": { "id": null }, "geometry": { "type": "MultiPolygon", "coordinates": [ [ [ [ -118.397873114489812, 36.276897560911614 ], [ -118.397871009326067, 36.276933348818652 ], [ -118.397826810225197, 36.276931644263016 ], [ -118.397828915408979, 36.276895856358188 ], [ -118.397873114489812, 36.276897560911614 ] ] ] ] } },
{ "type": "Feature", "properties": { "id": null }, "geometry": { "type": "MultiPolygon", "coordinates": [ [ [ [ -118.398173787792345, 36.277003952950551 ], [ -118.398170479879042, 36.277060191112859 ], [ -118.398069453162165, 36.27705629520311 ], [ -118.398072761147446, 36.277000057048774 ], [ -118.398173787792345, 36.277003952950551 ] ] ] ] } },
{ "type": "Feature", "properties": { "id": null }, "geometry": { "type": "MultiPolygon", "coordinates": [ [ [ [ -118.398925879454069, 36.275466583620783 ], [ -118.398923726029494, 36.275503202300079 ], [ -118.398863426973151, 36.27550087740962 ], [ -118.398865580425706, 36.275464258733422 ], [ -118.398925879454069, 36.275466583620783 ] ] ] ] } },
{ "type": "Feature", "properties": { "id": null }, "geometry": { "type": "MultiPolygon", "coordinates": [ [ [ [ -118.398853736131684, 36.275537205471672 ], [ -118.398851582667845, 36.275573824146832 ], [ -118.398806358338817, 36.275572080451646 ], [ -118.398808511823617, 36.275535461778809 ], [ -118.398853736131684, 36.275537205471672 ] ] ] ] } },
{ "type": "Feature", "properties": { "id": null }, "geometry": { "type": "MultiPolygon", "coordinates": [ [ [ [ -118.399325722628376, 36.27586125021174 ], [ -118.399324287116215, 36.275885662676785 ], [ -118.399263987731743, 36.275883337967322 ], [ -118.399265423262548, 36.27585892550433 ], [ -118.399325722628376, 36.27586125021174 ] ] ] ] } },
{ "type": "Feature", "properties": { "id": null }, "geometry": { "type": "MultiPolygon", "coordinates": [ [ [ [ -118.398617895818916, 36.277006967818075 ], [ -118.398614437400596, 36.277065770420691 ], [ -118.39855218908167, 36.277063370171206 ], [ -118.398555647546374, 36.277004567573726 ], [ -118.398617895818916, 36.277006967818075 ] ] ] ] } },
{ "type": "Feature", "properties": { "id": null }, "geometry": { "type": "MultiPolygon", "coordinates": [ [ [ [ -118.399357714028312, 36.277334381713324 ], [ -118.399355738083926, 36.277367983233795 ], [ -118.399324613771086, 36.277366783297474 ], [ -118.399326589728716, 36.277333181778445 ], [ -118.399357714028312, 36.277334381713324 ] ] ] ] } },
{ "type": "Feature", "properties": { "id": null }, "geometry": { "type": "MultiPolygon", "coordinates": [ [ [ [ -118.397789400698386, 36.277038164677499 ], [ -118.397786435804449, 36.27708856684928 ], [ -118.39773456225025, 36.27708656628338 ], [ -118.397737527177313, 36.277036164115273 ], [ -118.397789400698386, 36.277038164677499 ] ] ] ] } },
{ "type": "Feature", "properties": { "id": null }, "geometry": { "type": "MultiPolygon", "coordinates": [ [ [ [ -118.397751110094873, 36.277247173436393 ], [ -118.397746662680333, 36.277322776687093 ], [ -118.397674039493026, 36.277319975848911 ], [ -118.397678486977142, 36.277244372605914 ], [ -118.397751110094873, 36.277247173436393 ] ] ] ] } },
{ "type": "Feature", "properties": { "id": null }, "geometry": { "type": "MultiPolygon", "coordinates": [ [ [ [ -118.397360585314303, 36.276726946612754 ], [ -118.397356631798147, 36.276794149471165 ], [ -118.397325507800744, 36.276792949030799 ], [ -118.397329461343418, 36.276725746175309 ], [ -118.397360585314303, 36.276726946612754 ] ] ] ] } },
{ "type": "Feature", "properties": { "id": null }, "geometry": { "type": "MultiPolygon", "coordinates": [ [ [ [ -118.397388246704878, 36.276963757196725 ], [ -118.397384293178234, 36.277030960055129 ], [ -118.397290920905903, 36.277027358711294 ], [ -118.397294874512056, 36.276960155861687 ], [ -118.397388246704878, 36.276963757196725 ] ] ] ] } },
{ "type": "Feature", "properties": { "id": null }, "geometry": { "type": "MultiPolygon", "coordinates": [ [ [ [ -118.397194828595445, 36.277158363054632 ], [ -118.397191369090677, 36.277217165537856 ], [ -118.397129120776356, 36.277214764539053 ], [ -118.397132580327508, 36.277155962060959 ], [ -118.397194828595445, 36.277158363054632 ] ] ] ] } },
{ "type": "Feature", "properties": { "id": null }, "geometry": { "type": "MultiPolygon", "coordinates": [ [ [ [ -118.397354152340156, 36.277278170361356 ], [ -118.397351681340865, 36.277320172143774 ], [ -118.397310182399934, 36.277318571533236 ], [ -118.397312653421309, 36.277276569753269 ], [ -118.397354152340156, 36.277278170361356 ] ] ] ] } },
{ "type": "Feature", "properties": { "id": null }, "geometry": { "type": "MultiPolygon", "coordinates": [ [ [ [ -118.398566757694624, 36.275470364449525 ], [ -118.39856588322634, 36.275485233499303 ], [ -118.398547519862646, 36.275484525429512 ], [ -118.398548394334398, 36.27546965638011 ], [ -118.398566757694624, 36.275470364449525 ] ] ] ] } },
{ "type": "Feature", "properties": { "id": null }, "geometry": { "type": "MultiPolygon", "coordinates": [ [ [ [ -118.399504604570126, 36.275797127038679 ], [ -118.399502855967697, 36.275826865175866 ], [ -118.399438583832719, 36.275824387402885 ], [ -118.399440332459378, 36.275794649268377 ], [ -118.399504604570126, 36.275797127038679 ] ] ] ] } },
{ "type": "Feature", "properties": { "id": null }, "geometry": { "type": "MultiPolygon", "coordinates": [ [ [ [ -118.399575000099759, 36.276008479672633 ], [ -118.39957368865808, 36.276030783276958 ], [ -118.399546143382025, 36.276029721389669 ], [ -118.399547454831506, 36.276007417786204 ], [ -118.399575000099759, 36.276008479672633 ] ] ] ] } },
{ "type": "Feature", "properties": { "id": null }, "geometry": { "type": "MultiPolygon", "coordinates": [ [ [ [ -118.399127717365346, 36.275946527555519 ], [ -118.399124219852951, 36.276006003796631 ], [ -118.399087492853397, 36.276004587808302 ], [ -118.399090990393461, 36.275945111570252 ], [ -118.399127717365346, 36.275946527555519 ] ] ] ] } },
{ "type": "Feature", "properties": { "id": null }, "geometry": { "type": "MultiPolygon", "coordinates": [ [ [ [ -118.399475970882733, 36.276284089007376 ], [ -118.399473347915162, 36.276328696207663 ], [ -118.399436620746414, 36.276327280315748 ], [ -118.399439243734719, 36.27628267311777 ], [ -118.399475970882733, 36.276284089007376 ] ] ] ] } },
{ "type": "Feature", "properties": { "id": null }, "geometry": { "type": "MultiPolygon", "coordinates": [ [ [ [ -118.397465378926967, 36.276302805383303 ], [ -118.397463763443454, 36.27633026685951 ], [ -118.397395932537805, 36.276327650711977 ], [ -118.397397548044935, 36.276300189238384 ], [ -118.397465378926967, 36.276302805383303 ] ] ] ] } },
{ "type": "Feature", "properties": { "id": null }, "geometry": { "type": "MultiPolygon", "coordinates": [ [ [ [ -118.39756833685108, 36.276286133418616 ], [ -118.397565913680566, 36.276327325638945 ], [ -118.39751504049508, 36.276325363575488 ], [ -118.397517463692168, 36.276284171358093 ], [ -118.39756833685108, 36.276286133418616 ] ] ] ] } },
{ "type": "Feature", "properties": { "id": null }, "geometry": { "type": "MultiPolygon", "coordinates": [ [ [ [ -118.398415819769554, 36.276325696632952 ], [ -118.39841420461758, 36.276353158145831 ], [ -118.398397246862686, 36.276352504246965 ], [ -118.398398862020557, 36.276325042734726 ], [ -118.398415819769554, 36.276325696632952 ] ] ] ] } },
{ "type": "Feature", "properties": { "id": null }, "geometry": { "type": "MultiPolygon", "coordinates": [ [ [ [ -118.398406686559156, 36.276279192783015 ], [ -118.398404994783476, 36.276307957076547 ], [ -118.398357628853063, 36.276306130615531 ], [ -118.398359320646051, 36.27627736632391 ], [ -118.398406686559156, 36.276279192783015 ] ] ] ] } },
{ "type": "Feature", "properties": { "id": null }, "geometry": { "type": "MultiPolygon", "coordinates": [ [ [ [ -118.398177374868681, 36.276344025662446 ], [ -118.398175870989832, 36.27636959391485 ], [ -118.398152188013128, 36.276368680639962 ], [ -118.398153691899651, 36.276343112388432 ], [ -118.398177374868681, 36.276344025662446 ] ] ] ] } },
{ "type": "Feature", "properties": { "id": null }, "geometry": { "type": "MultiPolygon", "coordinates": [ [ [ [ -118.398608367527274, 36.276347831860164 ], [ -118.39860423224178, 36.276418144596484 ], [ -118.39851739455959, 36.276414796206332 ], [ -118.398521529922434, 36.27634448347856 ], [ -118.398608367527274, 36.276347831860164 ] ] ] ] } },
{ "type": "Feature", "properties": { "id": null }, "geometry": { "type": "MultiPolygon", "coordinates": [ [ [ [ -118.398705449186721, 36.276076092965042 ], [ -118.398701501991368, 36.276143209680171 ], [ -118.398630453216995, 36.276140470168457 ], [ -118.398634400472773, 36.276073353460021 ], [ -118.398705449186721, 36.276076092965042 ] ] ] ] } },
{ "type": "Feature", "properties": { "id": null }, "geometry": { "type": "MultiPolygon", "coordinates": [ [ [ [ -118.398913990849792, 36.27633078638744 ], [ -118.398910983572065, 36.276381922945241 ], [ -118.398839934560428, 36.276379183542538 ], [ -118.398842941884183, 36.276328046989839 ], [ -118.398913990849792, 36.27633078638744 ] ] ] ] } },
{ "type": "Feature", "properties": { "id": null }, "geometry": { "type": "MultiPolygon", "coordinates": [ [ [ [ -118.399141045726253, 36.276102497669036 ], [ -118.399139354230883, 36.276131261993164 ], [ -118.399107776981992, 36.276130044553554 ], [ -118.399109468488859, 36.276101280230698 ], [ -118.399141045726253, 36.276102497669036 ] ] ] ] } },
{ "type": "Feature", "properties": { "id": null }, "geometry": { "type": "MultiPolygon", "coordinates": [ [ [ [ -118.360506275063074, 36.22897712250635 ], [ -118.36050140066537, 36.22905946186274 ], [ -118.360399772016692, 36.229055512583528 ], [ -118.360404646520209, 36.228973173238991 ], [ -118.360506275063074, 36.22897712250635 ] ] ] ] } },
{ "type": "Feature", "properties": { "id": null }, "geometry": { "type": "MultiPolygon", "coordinates": [ [ [ [ -118.359851957826265, 36.22884558594167 ], [ -118.35984360056807, 36.228986738994905 ], [ -118.359712935409291, 36.228981660624818 ], [ -118.359721292900772, 36.228840507597667 ], [ -118.359851957826265, 36.22884558594167 ] ] ] ] } },
{ "type": "Feature", "properties": { "id": null }, "geometry": { "type": "MultiPolygon", "coordinates": [ [ [ [ -118.359980185324858, 36.228891833792254 ], [ -118.359975310390809, 36.228974173088275 ], [ -118.359859163578264, 36.228969659117745 ], [ -118.359864038633248, 36.228887319835231 ], [ -118.359980185324858, 36.228891833792254 ] ] ] ] } },
{ "type": "Feature", "properties": { "id": null }, "geometry": { "type": "MultiPolygon", "coordinates": [ [ [ [ -118.360497005458413, 36.228826442029529 ], [ -118.360493175589625, 36.228891137239046 ], [ -118.360413324678873, 36.228888034248065 ], [ -118.360417154613003, 36.22882333904586 ], [ -118.360497005458413, 36.228826442029529 ] ] ] ] } },
{ "type": "Feature", "properties": { "id": null }, "geometry": { "type": "MultiPolygon", "coordinates": [ [ [ [ -118.360408529004744, 36.228784686924577 ], [ -118.360403654538842, 36.228867026272184 ], [ -118.36028750781405, 36.228862512728881 ], [ -118.360292382400914, 36.22878017339481 ], [ -118.360408529004744, 36.228784686924577 ] ] ] ] } },
{ "type": "Feature", "properties": { "id": null }, "geometry": { "type": "MultiPolygon", "coordinates": [ [ [ [ -118.36025971617326, 36.228778903944317 ], [ -118.360256234303208, 36.22883771775183 ], [ -118.360169124307959, 36.228834332499908 ], [ -118.360172606242784, 36.228775518699642 ], [ -118.36025971617326, 36.228778903944317 ] ] ] ] } },
{ "type": "Feature", "properties": { "id": null }, "geometry": { "type": "MultiPolygon", "coordinates": [ [ [ [ -118.36030716986491, 36.228960542863966 ], [ -118.360304732565623, 36.229001712530838 ], [ -118.360239399926911, 36.22899917361444 ], [ -118.360241837260205, 36.228958003951369 ], [ -118.36030716986491, 36.228960542863966 ] ] ] ] } },
{ "type": "Feature", "properties": { "id": null }, "geometry": { "type": "MultiPolygon", "coordinates": [ [ [ [ -118.360829134703849, 36.228992615656651 ], [ -118.360826349527997, 36.229039666739098 ], [ -118.360746498428483, 36.229036563959561 ], [ -118.360749283651842, 36.228989512882421 ], [ -118.360829134703849, 36.228992615656651 ] ] ] ] } },
{ "type": "Feature", "properties": { "id": null }, "geometry": { "type": "MultiPolygon", "coordinates": [ [ [ [ -118.36069571015085, 36.228972693863525 ], [ -118.360691880425264, 36.229037389089711 ], [ -118.360590251777651, 36.229033439974366 ], [ -118.360594081586385, 36.228968744757474 ], [ -118.36069571015085, 36.228972693863525 ] ] ] ] } },
{ "type": "Feature", "properties": { "id": null }, "geometry": { "type": "MultiPolygon", "coordinates": [ [ [ [ -118.360707817470455, 36.2289525321317 ], [ -118.360705032225994, 36.228999583206352 ], [ -118.360639699551911, 36.228997044508674 ], [ -118.360642484835239, 36.228949993438349 ], [ -118.360707817470455, 36.2289525321317 ] ] ] ] } },
{ "type": "Feature", "properties": { "id": null }, "geometry": { "type": "MultiPolygon", "coordinates": [ [ [ [ -118.361111623973869, 36.228829691959135 ], [ -118.361105357737202, 36.228935556939234 ], [ -118.360902100605855, 36.228927659343995 ], [ -118.360908367114703, 36.228821794394314 ], [ -118.361111623973869, 36.228829691959135 ] ] ] ] } },
{ "type": "Feature", "properties": { "id": null }, "geometry": { "type": "MultiPolygon", "coordinates": [ [ [ [ -118.361156172032395, 36.228937531284309 ], [ -118.36114920958444, 36.229055159045124 ], [ -118.360996766486863, 36.229049235920051 ], [ -118.361003729161638, 36.228931608184581 ], [ -118.361156172032395, 36.228937531284309 ] ] ] ] } },
{ "type": "Feature", "properties": { "id": null }, "geometry": { "type": "MultiPolygon", "coordinates": [ [ [ [ -118.36104502141923, 36.228971529535293 ], [ -118.361041191981528, 36.229036224793596 ], [ -118.360946822476933, 36.229032558036359 ], [ -118.360950651991828, 36.228967862786696 ], [ -118.36104502141923, 36.228971529535293 ] ] ] ] } },
{ "type": "Feature", "properties": { "id": null }, "geometry": { "type": "MultiPolygon", "coordinates": [ [ [ [ -118.360843530863605, 36.228872329321831 ], [ -118.360841093853338, 36.228913499020678 ], [ -118.360739465344452, 36.228909550043639 ], [ -118.360741902407653, 36.228868380350711 ], [ -118.360843530863605, 36.228872329321831 ] ] ] ] } },
{ "type": "Feature", "properties": { "id": null }, "geometry": { "type": "MultiPolygon", "coordinates": [ [ [ [ -118.360837986480703, 36.228904535909017 ], [ -118.360835897610116, 36.228939824221868 ], [ -118.360792342518181, 36.228938131810729 ], [ -118.360794431408195, 36.228902843500023 ], [ -118.360837986480703, 36.228904535909017 ] ] ] ] } },
{ "type": "Feature", "properties": { "id": null }, "geometry": { "type": "MultiPolygon", "coordinates": [ [ [ [ -118.360676247736095, 36.228809827492846 ], [ -118.360672418017273, 36.228874522719003 ], [ -118.360592567103097, 36.228871419848865 ], [ -118.360596396887246, 36.228806724629997 ], [ -118.360676247736095, 36.228809827492846 ] ] ] ] } },
{ "type": "Feature", "properties": { "id": null }, "geometry": { "type": "MultiPolygon", "coordinates": [ [ [ [ -118.360570641637977, 36.228811618727704 ], [ -118.360568204490065, 36.228852788411018 ], [ -118.360517390292145, 36.228850813820188 ], [ -118.36051982746649, 36.228809644139837 ], [ -118.360570641637977, 36.228811618727704 ] ] ] ] } },
{ "type": "Feature", "properties": { "id": null }, "geometry": { "type": "MultiPolygon", "coordinates": [ [ [ [ -118.36090164889049, 36.229181123065146 ], [ -118.360895034144875, 36.22929286939307 ], [ -118.360742590640953, 36.229286945910836 ], [ -118.360749205602048, 36.229175199607013 ], [ -118.36090164889049, 36.229181123065146 ] ] ] ] } },
{ "type": "Feature", "properties": { "id": null }, "geometry": { "type": "MultiPolygon", "coordinates": [ [ [ [ -118.361148165213763, 36.229072803208958 ], [ -118.361142943346763, 36.229161024026894 ], [ -118.361041314474051, 36.229157075283119 ], [ -118.361046536454438, 36.229068854477852 ], [ -118.361148165213763, 36.229072803208958 ] ] ] ] } },
{ "type": "Feature", "properties": { "id": null }, "geometry": { "type": "MultiPolygon", "coordinates": [ [ [ [ -118.361187891071125, 36.229139190766631 ], [ -118.361185106095263, 36.229186241871922 ], [ -118.361134291637057, 36.229184267527494 ], [ -118.361137076643161, 36.229137216425606 ], [ -118.361187891071125, 36.229139190766631 ] ] ] ] } },
{ "type": "Feature", "properties": { "id": null }, "geometry": { "type": "MultiPolygon", "coordinates": [ [ [ [ -118.361030348241314, 36.229342338967818 ], [ -118.361026518739621, 36.229407034220756 ], [ -118.360968444923344, 36.229404777736633 ], [ -118.360972274472545, 36.229340082488996 ], [ -118.361030348241314, 36.229342338967818 ] ] ] ] } },
{ "type": "Feature", "properties": { "id": null }, "geometry": { "type": "MultiPolygon", "coordinates": [ [ [ [ -118.361070248172979, 36.229405785871961 ], [ -118.361067463099488, 36.229452836967283 ], [ -118.361009389245964, 36.229450580500576 ], [ -118.361012174354002, 36.229403529409126 ], [ -118.361070248172979, 36.229405785871961 ] ] ] ] } },
{ "type": "Feature", "properties": { "id": null }, "geometry": { "type": "MultiPolygon", "coordinates": [ [ [ [ -118.360771749528936, 36.229408924664419 ], [ -118.360769312433249, 36.229450094355371 ], [ -118.360718497834341, 36.229448119822045 ], [ -118.360720934956504, 36.229406950134049 ], [ -118.360771749528936, 36.229408924664419 ] ] ] ] } },
{ "type": "Feature", "properties": { "id": null }, "geometry": { "type": "MultiPolygon", "coordinates": [ [ [ [ -118.36059442080105, 36.229393191639652 ], [ -118.360589546421608, 36.229475531000624 ], [ -118.360451621083826, 36.229470171292597 ], [ -118.360456495606897, 36.229387831947676 ], [ -118.36059442080105, 36.229393191639652 ] ] ] ] } },
{ "type": "Feature", "properties": { "id": null }, "geometry": { "type": "MultiPolygon", "coordinates": [ [ [ [ -118.359396943434618, 36.229244920165549 ], [ -118.359392764150982, 36.229315499883825 ], [ -118.359312909266322, 36.22931239598477 ], [ -118.359317088621253, 36.229241816274467 ], [ -118.359396943434618, 36.229244920165549 ] ] ] ] } },
{ "type": "Feature", "properties": { "id": null }, "geometry": { "type": "MultiPolygon", "coordinates": [ [ [ [ -118.35941956561453, 36.229292960903472 ], [ -118.359416431162913, 36.229345895693569 ], [ -118.359372873933268, 36.229344202671683 ], [ -118.35937600841406, 36.229291267884854 ], [ -118.35941956561453, 36.229292960903472 ] ] ] ] } },
{ "type": "Feature", "properties": { "id": null }, "geometry": { "type": "MultiPolygon", "coordinates": [ [ [ [ -118.358629322031121, 36.229244557026306 ], [ -118.358625490389414, 36.22930925503087 ], [ -118.358567414176377, 36.229306997282912 ], [ -118.358571245865619, 36.229242299283662 ], [ -118.358629322031121, 36.229244557026306 ] ] ] ] } },
{ "type": "Feature", "properties": { "id": null }, "geometry": { "type": "MultiPolygon", "coordinates": [ [ [ [ -118.358669304744481, 36.229122312613228 ], [ -118.358665821479846, 36.229181128985601 ], [ -118.358600485843468, 36.229178589046889 ], [ -118.358603969156732, 36.229119772679951 ], [ -118.358669304744481, 36.229122312613228 ] ] ] ] } },
{ "type": "Feature", "properties": { "id": null }, "geometry": { "type": "MultiPolygon", "coordinates": [ [ [ [ -118.359082144197416, 36.229338797096233 ], [ -118.359077268018325, 36.229421140062648 ], [ -118.358953855818328, 36.229416342767962 ], [ -118.35895873212597, 36.229333999815928 ], [ -118.359082144197416, 36.229338797096233 ] ] ] ] } },
{ "type": "Feature", "properties": { "id": null }, "geometry": { "type": "MultiPolygon", "coordinates": [ [ [ [ -118.359003334235098, 36.229318048068563 ], [ -118.359001244412639, 36.229353337907682 ], [ -118.358964946738979, 36.229351926931017 ], [ -118.358967036577624, 36.229316637093703 ], [ -118.359003334235098, 36.229318048068563 ] ] ] ] } },
{ "type": "Feature", "properties": { "id": null }, "geometry": { "type": "MultiPolygon", "coordinates": [ [ [ [ -118.359226812476464, 36.229353263255732 ], [ -118.359224374463949, 36.229394434747512 ], [ -118.359188076759793, 36.229393023837162 ], [ -118.359190514791209, 36.229351852347492 ], [ -118.359226812476464, 36.229353263255732 ] ] ] ] } },
{ "type": "Feature", "properties": { "id": null }, "geometry": { "type": "MultiPolygon", "coordinates": [ [ [ [ -118.359977050439326, 36.229585806648565 ], [ -118.359972871624933, 36.229656386420992 ], [ -118.359856718469601, 36.229651872167921 ], [ -118.359860897387691, 36.229581292407104 ], [ -118.359977050439326, 36.229585806648565 ] ] ] ] } },
{ "type": "Feature", "properties": { "id": null }, "geometry": { "type": "MultiPolygon", "coordinates": [ [ [ [ -118.360119160898435, 36.229520587377053 ], [ -118.360116723338777, 36.229561758919886 ], [ -118.360044127686308, 36.229558937618471 ], [ -118.360046565283767, 36.229517766079866 ], [ -118.360119160898435, 36.229520587377053 ] ] ] ] } },
{ "type": "Feature", "properties": { "id": null }, "geometry": { "type": "MultiPolygon", "coordinates": [ [ [ [ -118.360293042205299, 36.229533239961825 ], [ -118.360288863682882, 36.229603819766545 ], [ -118.360201748833177, 36.229600434321547 ], [ -118.360205927433341, 36.229529854525516 ], [ -118.360293042205299, 36.229533239961825 ] ] ] ] } },
{ "type": "Feature", "properties": { "id": null }, "geometry": { "type": "MultiPolygon", "coordinates": [ [ [ [ -118.360215571541175, 36.229612761866214 ], [ -118.360211392937003, 36.229683341662231 ], [ -118.360102499278852, 36.229679109767652 ], [ -118.360106677980241, 36.229608529982514 ], [ -118.360215571541175, 36.229612761866214 ] ] ] ] } },
{ "type": "Feature", "properties": { "id": null }, "geometry": { "type": "MultiPolygon", "coordinates": [ [ [ [ -118.36033689502581, 36.229652847786113 ], [ -118.360334109359925, 36.229699900991399 ], [ -118.360276032717053, 36.229697644051917 ], [ -118.360278818417527, 36.229650590850497 ], [ -118.36033689502581, 36.229652847786113 ] ] ] ] } },
{ "type": "Feature", "properties": { "id": null }, "geometry": { "type": "MultiPolygon", "coordinates": [ [ [ [ -118.360455938993354, 36.229362714768072 ], [ -118.360447234081164, 36.229509756064701 ], [ -118.360316561939172, 36.229504678057786 ], [ -118.360325267094353, 36.229357636788315 ], [ -118.360455938993354, 36.229362714768072 ] ] ] ] } },
{ "type": "Feature", "properties": { "id": null }, "geometry": { "type": "MultiPolygon", "coordinates": [ [ [ [ -118.360362408996551, 36.229406241617795 ], [ -118.360357185943442, 36.229494466384068 ], [ -118.360219254283422, 36.229489106159619 ], [ -118.360224477490448, 36.229400881410555 ], [ -118.360362408996551, 36.229406241617795 ] ] ] ] } },
{ "type": "Feature", "properties": { "id": null }, "geometry": { "type": "MultiPolygon", "coordinates": [ [ [ [ -118.36048248731862, 36.229528811553102 ], [ -118.360480398144688, 36.22956410146513 ], [ -118.36045135986663, 36.229562973038036 ], [ -118.360453449053509, 36.229527683127444 ], [ -118.36048248731862, 36.229528811553102 ] ] ] ] } },
{ "type": "Feature", "properties": { "id": null }, "geometry": { "type": "MultiPolygon", "coordinates": [ [ [ [ -118.360476715797859, 36.229687757208346 ], [ -118.360473930212194, 36.229734810422698 ], [ -118.360415853531975, 36.229732553549219 ], [ -118.360418639152215, 36.229685500338732 ], [ -118.360476715797859, 36.229687757208346 ] ] ] ] } },
{ "type": "Feature", "properties": { "id": null }, "geometry": { "type": "MultiPolygon", "coordinates": [ [ [ [ -118.360353102443284, 36.229747800542633 ], [ -118.360350316777414, 36.229794853748253 ], [ -118.360284980474162, 36.229792314692503 ], [ -118.360287766178914, 36.229745261491239 ], [ -118.360353102443284, 36.229747800542633 ] ] ] ] } },
{ "type": "Feature", "properties": { "id": null }, "geometry": { "type": "MultiPolygon", "coordinates": [ [ [ [ -118.359633989377528, 36.229481098091036 ], [ -118.359630158530265, 36.229545796185398 ], [ -118.359550303384523, 36.229542692427863 ], [ -118.359554134297127, 36.229477994340805 ], [ -118.359633989377528, 36.229481098091036 ] ] ] ] } },
{ "type": "Feature", "properties": { "id": null }, "geometry": { "type": "MultiPolygon", "coordinates": [ [ [ [ -118.359327025717221, 36.229442638644244 ], [ -118.359323891186094, 36.22949557342605 ], [ -118.359287593430054, 36.229494162542515 ], [ -118.359290727985481, 36.229441227763424 ], [ -118.359327025717221, 36.229442638644244 ] ] ] ] } },
{ "type": "Feature", "properties": { "id": null }, "geometry": { "type": "MultiPolygon", "coordinates": [ [ [ [ -118.359133374064911, 36.229579543237442 ], [ -118.359130587685442, 36.229626596362849 ], [ -118.359057992074753, 36.229623774458773 ], [ -118.359060778497408, 36.229576721338212 ], [ -118.359133374064911, 36.229579543237442 ] ] ] ] } },
{ "type": "Feature", "properties": { "id": null }, "geometry": { "type": "MultiPolygon", "coordinates": [ [ [ [ -118.358669926349393, 36.22966469318461 ], [ -118.358665746348308, 36.229735272825017 ], [ -118.358607669816934, 36.229733015073847 ], [ -118.358611849869874, 36.229662435439245 ], [ -118.358669926349393, 36.22966469318461 ] ] ] ] } },
{ "type": "Feature", "properties": { "id": null }, "geometry": { "type": "MultiPolygon", "coordinates": [ [ [ [ -118.358874559794785, 36.229710966824292 ], [ -118.358871076608906, 36.229769783208035 ], [ -118.358820259606475, 36.229767807762883 ], [ -118.35882374283014, 36.229708991383376 ], [ -118.358874559794785, 36.229710966824292 ] ] ] ] } },
{ "type": "Feature", "properties": { "id": null }, "geometry": { "type": "MultiPolygon", "coordinates": [ [ [ [ -118.359174189235986, 36.229136043704543 ], [ -118.359170706347669, 36.229194860118966 ], [ -118.359083592089945, 36.22919147389262 ], [ -118.359087075043064, 36.229132657485437 ], [ -118.359174189235986, 36.229136043704543 ] ] ] ] } },
{ "type": "Feature", "properties": { "id": null }, "geometry": { "type": "MultiPolygon", "coordinates": [ [ [ [ -118.35958569122387, 36.229252256424445 ], [ -118.359581163848475, 36.229328717806261 ], [ -118.35948678985406, 36.229325049703675 ], [ -118.359491317320717, 36.229248588332055 ], [ -118.35958569122387, 36.229252256424445 ] ] ] ] } },
{ "type": "Feature", "properties": { "id": null }, "geometry": { "type": "MultiPolygon", "coordinates": [ [ [ [ -118.360258612362614, 36.230837654666544 ], [ -118.360255468110665, 36.230890761597919 ], [ -118.360178993556843, 36.230887789594775 ], [ -118.360182137860178, 36.230834682669133 ], [ -118.360258612362614, 36.230837654666544 ] ] ] ] } },
{ "type": "Feature", "properties": { "id": null }, "geometry": { "type": "MultiPolygon", "coordinates": [ [ [ [ -118.360445646251478, 36.230822744277823 ], [ -118.360443550169862, 36.230858148908311 ], [ -118.360410775364585, 36.230856875251142 ], [ -118.360412871460852, 36.230821470622288 ], [ -118.360445646251478, 36.230822744277823 ] ] ] ] } },
{ "type": "Feature", "properties": { "id": null }, "geometry": { "type": "MultiPolygon", "coordinates": [ [ [ [ -118.360592608831183, 36.230837326776602 ], [ -118.36058998881002, 36.230881582573787 ], [ -118.360524439168287, 36.230879035329316 ], [ -118.360527059226143, 36.230834779536231 ], [ -118.360592608831183, 36.230837326776602 ] ] ] ] } },
{ "type": "Feature", "properties": { "id": null }, "geometry": { "type": "MultiPolygon", "coordinates": [ [ [ [ -118.36085780688407, 36.230519385581218 ], [ -118.360854139104703, 36.230581343723777 ], [ -118.360777664787136, 36.230578372125017 ], [ -118.360781332626459, 36.230516413989157 ], [ -118.36085780688407, 36.230519385581218 ] ] ] ] } },
{ "type": "Feature", "properties": { "id": null }, "geometry": { "type": "MultiPolygon", "coordinates": [ [ [ [ -118.360971247479256, 36.230452821310408 ], [ -118.360967055842949, 36.230523630628312 ], [ -118.36090150646487, 36.230521083611976 ], [ -118.360905698159868, 36.230450274300644 ], [ -118.360971247479256, 36.230452821310408 ] ] ] ] } },
{ "type": "Feature", "properties": { "id": null }, "geometry": { "type": "MultiPolygon", "coordinates": [ [ [ [ -118.360784476479793, 36.230463307014809 ], [ -118.360783428529601, 36.230481009339655 ], [ -118.360728804091181, 36.230478886746852 ], [ -118.360729852053623, 36.230461184423348 ], [ -118.360784476479793, 36.230463307014809 ] ] ] ] } },
{ "type": "Feature", "properties": { "id": null }, "geometry": { "type": "MultiPolygon", "coordinates": [ [ [ [ -118.360804007642884, 36.230410836811096 ], [ -118.360801911754365, 36.230446241462047 ], [ -118.360790986870782, 36.230445816947501 ], [ -118.360793082764189, 36.230410412297097 ], [ -118.360804007642884, 36.230410836811096 ] ] ] ] } },
{ "type": "Feature", "properties": { "id": null }, "geometry": { "type": "MultiPolygon", "coordinates": [ [ [ [ -118.360981464531434, 36.230280223592779 ], [ -118.360980416632657, 36.230297925923132 ], [ -118.360936717171114, 36.230296227930154 ], [ -118.360937765079683, 36.230278525600902 ], [ -118.360981464531434, 36.230280223592779 ] ] ] ] } },
{ "type": "Feature", "properties": { "id": null }, "geometry": { "type": "MultiPolygon", "coordinates": [ [ [ [ -118.361140399006047, 36.230277527512911 ], [ -118.361137779347175, 36.230321783348685 ], [ -118.361083154992016, 36.230319660925623 ], [ -118.361085774681456, 36.230275405093288 ], [ -118.361140399006047, 36.230277527512911 ] ] ] ] } },
{ "type": "Feature", "properties": { "id": null }, "geometry": { "type": "MultiPolygon", "coordinates": [ [ [ [ -118.360975728511264, 36.230932057695405 ], [ -118.360974156623328, 36.230958611187802 ], [ -118.360941381751417, 36.230957337672947 ], [ -118.360942953650337, 36.230930784181773 ], [ -118.360975728511264, 36.230932057695405 ] ] ] ] } },
{ "type": "Feature", "properties": { "id": null }, "geometry": { "type": "MultiPolygon", "coordinates": [ [ [ [ -118.359732605696607, 36.23088362269646 ], [ -118.35972946355281, 36.230936687888637 ], [ -118.359688527215241, 36.230935096818584 ], [ -118.359691669386521, 36.230882031629491 ], [ -118.359732605696607, 36.23088362269646 ] ] ] ] } },
{ "type": "Feature", "properties": { "id": null }, "geometry": { "type": "MultiPolygon", "coordinates": [ [ [ [ -118.359986274908152, 36.230757189200048 ], [ -118.359983525695441, 36.230803621260954 ], [ -118.359909840388354, 36.2308007574903 ], [ -118.359912589644352, 36.230754325434233 ], [ -118.359986274908152, 36.230757189200048 ] ] ] ] } },
{ "type": "Feature", "properties": { "id": null }, "geometry": { "type": "MultiPolygon", "coordinates": [ [ [ [ -118.360353386600551, 36.230655108968712 ], [ -118.360351423040214, 36.230688274744416 ], [ -118.360310486795953, 36.230686683896508 ], [ -118.360312450373485, 36.230653518122722 ], [ -118.360353386600551, 36.230655108968712 ] ] ] ] } },
{ "type": "Feature", "properties": { "id": null }, "geometry": { "type": "MultiPolygon", "coordinates": [ [ [ [ -118.360683625319567, 36.230621403126584 ], [ -118.360681661901069, 36.230654568918034 ], [ -118.360616163909185, 36.230652023737505 ], [ -118.360618127355153, 36.230618857949125 ], [ -118.360683625319567, 36.230621403126584 ] ] ] ] } },
{ "type": "Feature", "properties": { "id": null }, "geometry": { "type": "MultiPolygon", "coordinates": [ [ [ [ -118.36070333760432, 36.230565657567958 ], [ -118.360700588834803, 36.230612089677656 ], [ -118.360626903632379, 36.23060922636158 ], [ -118.360629652445184, 36.23056279425672 ], [ -118.36070333760432, 36.230565657567958 ] ] ] ] } },
{ "type": "Feature", "properties": { "id": null }, "geometry": { "type": "MultiPolygon", "coordinates": [ [ [ [ -118.360316240902861, 36.230450888728114 ], [ -118.36031192106357, 36.230523853432942 ], [ -118.360238235984596, 36.23052098988348 ], [ -118.360242555891901, 36.230448025186263 ], [ -118.360316240902861, 36.230450888728114 ] ] ] ] } },
{ "type": "Feature", "properties": { "id": null }, "geometry": { "type": "MultiPolygon", "coordinates": [ [ [ [ -118.360018555392685, 36.230489182931365 ], [ -118.360016198964487, 36.230528981844351 ], [ -118.359950701139255, 36.230526436307088 ], [ -118.359953057600435, 36.230486637397789 ], [ -118.360018555392685, 36.230489182931365 ] ] ] ] } },
{ "type": "Feature", "properties": { "id": null }, "geometry": { "type": "MultiPolygon", "coordinates": [ [ [ [ -118.359857756559236, 36.230433070400224 ], [ -118.359857363808743, 36.230439703550942 ], [ -118.359832802156788, 36.230438748948082 ], [ -118.359833194909342, 36.230432115797569 ], [ -118.359857756559236, 36.230433070400224 ] ] ] ] } },
{ "type": "Feature", "properties": { "id": null }, "geometry": { "type": "MultiPolygon", "coordinates": [ [ [ [ -118.359770974921204, 36.230512802745707 ], [ -118.359769403884584, 36.230539335344972 ], [ -118.359736654978107, 36.230538062512942 ], [ -118.359738226025712, 36.230511529914907 ], [ -118.359770974921204, 36.230512802745707 ] ] ] ] } },
{ "type": "Feature", "properties": { "id": null }, "geometry": { "type": "MultiPolygon", "coordinates": [ [ [ [ -118.359999875460204, 36.230069234345521 ], [ -118.359998391551372, 36.230094297129746 ], [ -118.359946833966049, 36.230092293377098 ], [ -118.35994831789121, 36.230067230594706 ], [ -118.359999875460204, 36.230069234345521 ] ] ] ] } },
{ "type": "Feature", "properties": { "id": null }, "geometry": { "type": "MultiPolygon", "coordinates": [ [ [ [ -118.359865540389492, 36.230156121785015 ], [ -118.359864056433082, 36.230181184564103 ], [ -118.359833121852972, 36.230179982277974 ], [ -118.359834605819174, 36.230154919499974 ], [ -118.359865540389492, 36.230156121785015 ] ] ] ] } },
{ "type": "Feature", "properties": { "id": null }, "geometry": { "type": "MultiPolygon", "coordinates": [ [ [ [ -118.359877792444749, 36.230211025613542 ], [ -118.35987581383705, 36.230244442652562 ], [ -118.359834567696723, 36.230242839604273 ], [ -118.359836546321873, 36.230209422567199 ], [ -118.359877792444749, 36.230211025613542 ] ] ] ] } },
{ "type": "Feature", "properties": { "id": null }, "geometry": { "type": "MultiPolygon", "coordinates": [ [ [ [ -118.359920275188188, 36.230191742994968 ], [ -118.359918791247324, 36.230216805775861 ], [ -118.359898168182738, 36.230216004261415 ], [ -118.359899652130139, 36.230190941481261 ], [ -118.359920275188188, 36.230191742994968 ] ] ] ] } },
{ "type": "Feature", "properties": { "id": null }, "geometry": { "type": "MultiPolygon", "coordinates": [ [ [ [ -118.360624501517478, 36.229993026403513 ], [ -118.360621039535445, 36.230051506285761 ], [ -118.360569481932629, 36.23004950280346 ], [ -118.360572943952789, 36.229991022925468 ], [ -118.360624501517478, 36.229993026403513 ] ] ] ] } },
{ "type": "Feature", "properties": { "id": null }, "geometry": { "type": "MultiPolygon", "coordinates": [ [ [ [ -118.360362509676762, 36.230054020051703 ], [ -118.360358552893274, 36.23012085417723 ], [ -118.360265749164512, 36.230117247683644 ], [ -118.360269706026429, 36.230050413566886 ], [ -118.360362509676762, 36.230054020051703 ] ] ] ] } },
{ "type": "Feature", "properties": { "id": null }, "geometry": { "type": "MultiPolygon", "coordinates": [ [ [ [ -118.360250072213077, 36.230032903587201 ], [ -118.360248588386057, 36.230057966380492 ], [ -118.360197030806276, 36.230055962737396 ], [ -118.360198514649639, 36.23003089994593 ], [ -118.360250072213077, 36.230032903587201 ] ] ] ] } },
{ "type": "Feature", "properties": { "id": null }, "geometry": { "type": "MultiPolygon", "coordinates": [ [ [ [ -118.3602029661687, 36.229955711570604 ], [ -118.360199998491154, 36.230005837154302 ], [ -118.36016906396533, 36.230004634960018 ], [ -118.360172031662501, 36.229954509378508 ], [ -118.3602029661687, 36.229955711570604 ] ] ] ] } },
{ "type": "Feature", "properties": { "id": null }, "geometry": { "type": "MultiPolygon", "coordinates": [ [ [ [ -118.360217481859237, 36.229885101053817 ], [ -118.360215998029844, 36.229910163846561 ], [ -118.360195375037065, 36.229909362389165 ], [ -118.360196858873024, 36.229884299597138 ], [ -118.360217481859237, 36.229885101053817 ] ] ] ] } },
{ "type": "Feature", "properties": { "id": null }, "geometry": { "type": "MultiPolygon", "coordinates": [ [ [ [ -118.360135237228306, 36.229877718074242 ], [ -118.360132269515987, 36.22992784365379 ], [ -118.360080712030111, 36.229925839966739 ], [ -118.36008367977513, 36.229875714390836 ], [ -118.360135237228306, 36.229877718074242 ] ] ] ] } },
{ "type": "Feature", "properties": { "id": null }, "geometry": { "type": "MultiPolygon", "coordinates": [ [ [ [ -118.360416367798109, 36.229842589115798 ], [ -118.360411916501732, 36.229917777515347 ], [ -118.360329424504599, 36.229914571799 ], [ -118.360333875879419, 36.229839383408226 ], [ -118.360416367798109, 36.229842589115798 ] ] ] ] } },
{ "type": "Feature", "properties": { "id": null }, "geometry": { "type": "MultiPolygon", "coordinates": [ [ [ [ -118.360743331213399, 36.229993457183866 ], [ -118.360741352989677, 36.230026874265178 ], [ -118.360689795394222, 36.230024870835884 ], [ -118.360691773639729, 36.229991453757009 ], [ -118.360743331213399, 36.229993457183866 ] ] ] ] } },
{ "type": "Feature", "properties": { "id": null }, "geometry": { "type": "MultiPolygon", "coordinates": [ [ [ [ -118.360744530524741, 36.230060491688178 ], [ -118.360741563181477, 36.230110617309577 ], [ -118.360679694001519, 36.230108213187115 ], [ -118.360682661384018, 36.230058087570114 ], [ -118.360744530524741, 36.230060491688178 ] ] ] ] } },
{ "type": "Feature", "properties": { "id": null }, "geometry": { "type": "MultiPolygon", "coordinates": [ [ [ [ -118.3604751571131, 36.230158879438221 ], [ -118.360472189587213, 36.230209005039605 ], [ -118.360410320353438, 36.23020660077227 ], [ -118.360413287918533, 36.230156475175257 ], [ -118.3604751571131, 36.230158879438221 ] ] ] ] } },
{ "type": "Feature", "properties": { "id": null }, "geometry": { "type": "MultiPolygon", "coordinates": [ [ [ [ -118.360593492469192, 36.230167664654026 ], [ -118.360591019593627, 36.230209435995526 ], [ -118.360539461889317, 36.230207432492797 ], [ -118.36054193479211, 36.230165661154345 ], [ -118.360593492469192, 36.230167664654026 ] ] ] ] } },
{ "type": "Feature", "properties": { "id": null }, "geometry": { "type": "MultiPolygon", "coordinates": [ [ [ [ -118.361113099003433, 36.229945023817791 ], [ -118.361109142874426, 36.2300118580158 ], [ -118.361047273739999, 36.230009454089021 ], [ -118.361051229921301, 36.229942619896867 ], [ -118.361113099003433, 36.229945023817791 ] ] ] ] } },
{ "type": "Feature", "properties": { "id": null }, "geometry": { "type": "MultiPolygon", "coordinates": [ [ [ [ -118.360864139093536, 36.229960470758563 ], [ -118.360863644551387, 36.229968825030397 ], [ -118.360832710010968, 36.229967623008747 ], [ -118.360833204556414, 36.229959268737282 ], [ -118.360864139093536, 36.229960470758563 ] ] ] ] } },
{ "type": "Feature", "properties": { "id": null }, "geometry": { "type": "MultiPolygon", "coordinates": [ [ [ [ -118.361197321896199, 36.229918989030757 ], [ -118.361195343871046, 36.229952406134039 ], [ -118.361133474775869, 36.229950002255229 ], [ -118.361135452827142, 36.229916585154868 ], [ -118.361197321896199, 36.229918989030757 ] ] ] ] } },
{ "type": "Feature", "properties": { "id": null }, "geometry": { "type": "MultiPolygon", "coordinates": [ [ [ [ -118.360221954615625, 36.230333256365405 ], [ -118.360218986909231, 36.230383381947306 ], [ -118.360188052233866, 36.230382179747188 ], [ -118.360191019959871, 36.230332054167484 ], [ -118.360221954615625, 36.230333256365405 ] ] ] ] } },
{ "type": "Feature", "properties": { "id": null }, "geometry": { "type": "MultiPolygon", "coordinates": [ [ [ [ -118.360619938677019, 36.230331975328305 ], [ -118.360617960376331, 36.230365392401886 ], [ -118.36057671412901, 36.230363789604844 ], [ -118.36057869244712, 36.230330372533217 ], [ -118.360619938677019, 36.230331975328305 ] ] ] ] } },
{ "type": "Feature", "properties": { "id": null }, "geometry": { "type": "MultiPolygon", "coordinates": [ [ [ [ -118.359035827740641, 36.229855920461091 ], [ -118.35903236459302, 36.229914400212699 ], [ -118.358960184239407, 36.229911594381996 ], [ -118.35896364744039, 36.229853114636349 ], [ -118.359035827740641, 36.229855920461091 ] ] ] ] } },
{ "type": "Feature", "properties": { "id": null }, "geometry": { "type": "MultiPolygon", "coordinates": [ [ [ [ -118.359666768320579, 36.229934872447018 ], [ -118.359665284312754, 36.229959935219952 ], [ -118.359634349828482, 36.229958732888726 ], [ -118.359635833846141, 36.229933670116885 ], [ -118.359666768320579, 36.229934872447018 ] ] ] ] } },
{ "type": "Feature", "properties": { "id": null }, "geometry": { "type": "MultiPolygon", "coordinates": [ [ [ [ -118.359821935372779, 36.229932529718702 ], [ -118.359818967454572, 36.229982655275478 ], [ -118.359767409955666, 36.22998065145083 ], [ -118.359770377906585, 36.229930525897707 ], [ -118.359821935372779, 36.229932529718702 ] ] ] ] } },
{ "type": "Feature", "properties": { "id": null }, "geometry": { "type": "MultiPolygon", "coordinates": [ [ [ [ -118.359836375216673, 36.230037759486528 ], [ -118.359833407296279, 36.230087885043453 ], [ -118.359771538214048, 36.230085480452694 ], [ -118.359774506173693, 36.230035354900146 ], [ -118.359836375216673, 36.230037759486528 ] ] ] ] } },
{ "type": "Feature", "properties": { "id": null }, "geometry": { "type": "MultiPolygon", "coordinates": [ [ [ [ -118.359183197913211, 36.228810060052609 ], [ -118.359178957835766, 36.228881664285538 ], [ -118.359082544979898, 36.228877916628271 ], [ -118.359086785144669, 36.228806312405098 ], [ -118.359183197913211, 36.228810060052609 ] ] ] ] } },
{ "type": "Feature", "properties": { "id": null }, "geometry": { "type": "MultiPolygon", "coordinates": [ [ [ [ -118.359080485359627, 36.228776707460888 ], [ -118.359077016134066, 36.228835292734239 ], [ -118.359020775340667, 36.228833106564707 ], [ -118.359024244607909, 36.228774521296025 ], [ -118.359080485359627, 36.228776707460888 ] ] ] ] } },
{ "type": "Feature", "properties": { "id": null }, "geometry": { "type": "MultiPolygon", "coordinates": [ [ [ [ -118.358988252269768, 36.228838366787123 ], [ -118.358983626531327, 36.2289164804737 ], [ -118.358927385687238, 36.228914294256079 ], [ -118.358932011481258, 36.228836180575719 ], [ -118.358988252269768, 36.228838366787123 ] ] ] ] } },
{ "type": "Feature", "properties": { "id": null }, "geometry": { "type": "MultiPolygon", "coordinates": [ [ [ [ -118.359085953740447, 36.22895634263341 ], [ -118.35908171355166, 36.229027946854693 ], [ -118.359009403783418, 36.229025136050502 ], [ -118.359013644037702, 36.228953531836552 ], [ -118.359085953740447, 36.22895634263341 ] ] ] ] } },
{ "type": "Feature", "properties": { "id": null }, "geometry": { "type": "MultiPolygon", "coordinates": [ [ [ [ -118.359259849996334, 36.228943528709699 ], [ -118.359256766340906, 36.228995604520108 ], [ -118.359176422167678, 36.228992481521587 ], [ -118.359179505876028, 36.228940405717097 ], [ -118.359259849996334, 36.228943528709699 ] ] ] ] } },
{ "type": "Feature", "properties": { "id": null }, "geometry": { "type": "MultiPolygon", "coordinates": [ [ [ [ -118.359162087927416, 36.228962564276173 ], [ -118.359159004204997, 36.229014640079164 ], [ -118.359094728858778, 36.229012141631003 ], [ -118.359097812623503, 36.228960065832737 ], [ -118.359162087927416, 36.228962564276173 ] ] ] ] } },
{ "type": "Feature", "properties": { "id": null }, "geometry": { "type": "MultiPolygon", "coordinates": [ [ [ [ -118.358766636551863, 36.229045059011582 ], [ -118.358765865554105, 36.229058077954903 ], [ -118.358749796716921, 36.22905745329264 ], [ -118.358750567717294, 36.229044434349625 ], [ -118.358766636551863, 36.229045059011582 ] ] ] ] } },
{ "type": "Feature", "properties": { "id": null }, "geometry": { "type": "MultiPolygon", "coordinates": [ [ [ [ -118.358809446119551, 36.229138065593126 ], [ -118.358805591148325, 36.229203160312252 ], [ -118.358725246814288, 36.229200036995444 ], [ -118.358729101851665, 36.229134942283714 ], [ -118.358809446119551, 36.229138065593126 ] ] ] ] } },
{ "type": "Feature", "properties": { "id": null }, "geometry": { "type": "MultiPolygon", "coordinates": [ [ [ [ -118.358580811157239, 36.228783381251525 ], [ -118.358578498092285, 36.228822438072747 ], [ -118.358538326131409, 36.228820876358867 ], [ -118.358540639216216, 36.228781819539869 ], [ -118.358580811157239, 36.228783381251525 ] ] ] ] } },
{ "type": "Feature", "properties": { "id": null }, "geometry": { "type": "MultiPolygon", "coordinates": [ [ [ [ -118.358351029205437, 36.228856003844534 ], [ -118.358348716020075, 36.22889506065254 ], [ -118.358300509638553, 36.228893186498482 ], [ -118.358302822847762, 36.22885412969314 ], [ -118.358351029205437, 36.228856003844534 ] ] ] ] } },
{ "type": "Feature", "properties": { "id": null }, "geometry": { "type": "MultiPolygon", "coordinates": [ [ [ [ -118.358821457377658, 36.22879926071186 ], [ -118.358819144431024, 36.228838317546334 ], [ -118.358754869260125, 36.228835818926022 ], [ -118.35875718223852, 36.228796762095108 ], [ -118.358821457377658, 36.22879926071186 ] ] ] ] } },
{ "type": "Feature", "properties": { "id": null }, "geometry": { "type": "MultiPolygon", "coordinates": [ [ [ [ -118.359627980677331, 36.228778414681386 ], [ -118.359625668133532, 36.228817471560767 ], [ -118.359593530518794, 36.228816222472155 ], [ -118.359595843078495, 36.228777165594558 ], [ -118.359627980677331, 36.228778414681386 ] ] ] ] } },
{ "type": "Feature", "properties": { "id": null }, "geometry": { "type": "MultiPolygon", "coordinates": [ [ [ [ -118.360080575619918, 36.228818840309145 ], [ -118.360078648685089, 36.228851387729357 ], [ -118.360046511035819, 36.228850138761409 ], [ -118.360048437983878, 36.228817591342668 ], [ -118.360080575619918, 36.228818840309145 ] ] ] ] } },
{ "type": "Feature", "properties": { "id": null }, "geometry": { "type": "MultiPolygon", "coordinates": [ [ [ [ -118.3600360009805, 36.228823632461683 ], [ -118.360033303244535, 36.228869198846994 ], [ -118.359993131176722, 36.228867637619828 ], [ -118.359995828935823, 36.228822071237119 ], [ -118.3600360009805, 36.228823632461683 ] ] ] ] } },
{ "type": "Feature", "properties": { "id": null }, "geometry": { "type": "MultiPolygon", "coordinates": [ [ [ [ -118.360303495576673, 36.229134153127404 ], [ -118.360299641844236, 36.229199247984752 ], [ -118.360211262894282, 36.229195813437194 ], [ -118.360215116699464, 36.229130718587989 ], [ -118.360303495576673, 36.229134153127404 ] ] ] ] } },
{ "type": "Feature", "properties": { "id": null }, "geometry": { "type": "MultiPolygon", "coordinates": [ [ [ [ -118.360178190942577, 36.229142332499656 ], [ -118.360173180951506, 36.229226955798808 ], [ -118.360100870887905, 36.22922414564102 ], [ -118.360105880956368, 36.229139522350508 ], [ -118.360178190942577, 36.229142332499656 ] ] ] ] } },
{ "type": "Feature", "properties": { "id": null }, "geometry": { "type": "MultiPolygon", "coordinates": [ [ [ [ -118.360561204838447, 36.22906587418165 ], [ -118.360556195274071, 36.229150497527932 ], [ -118.360459781899564, 36.229146750956595 ], [ -118.360464791567153, 36.229062127621866 ], [ -118.360561204838447, 36.22906587418165 ] ] ] ] } },
{ "type": "Feature", "properties": { "id": null }, "geometry": { "type": "MultiPolygon", "coordinates": [ [ [ [ -118.360413694718119, 36.229109075464507 ], [ -118.360412153264591, 36.229135113411743 ], [ -118.360380015483969, 36.229133864524989 ], [ -118.360381556948099, 36.229107826578932 ], [ -118.360413694718119, 36.229109075464507 ] ] ] ] } },
{ "type": "Feature", "properties": { "id": null }, "geometry": { "type": "MultiPolygon", "coordinates": [ [ [ [ -118.360396691525992, 36.229056219018496 ], [ -118.360392837881804, 36.229121313885301 ], [ -118.360304459007821, 36.229117879412904 ], [ -118.360308312724797, 36.229052784554241 ], [ -118.360396691525992, 36.229056219018496 ] ] ] ] } },
{ "type": "Feature", "properties": { "id": null }, "geometry": { "type": "MultiPolygon", "coordinates": [ [ [ [ -118.360697298819417, 36.228875428687076 ], [ -118.360694601462015, 36.228920995114784 ], [ -118.360630326052203, 36.228918497497069 ], [ -118.360633023446667, 36.228872931073504 ], [ -118.360697298819417, 36.228875428687076 ] ] ] ] } },
{ "type": "Feature", "properties": { "id": null }, "geometry": { "type": "MultiPolygon", "coordinates": [ [ [ [ -118.360811350763342, 36.228785255715643 ], [ -118.360808268154457, 36.228837331642204 ], [ -118.360760061639937, 36.228835458481633 ], [ -118.360763144280568, 36.228783382558639 ], [ -118.360811350763342, 36.228785255715643 ] ] ] ] } },
{ "type": "Feature", "properties": { "id": null }, "geometry": { "type": "MultiPolygon", "coordinates": [ [ [ [ -118.360699716155992, 36.229333441298401 ], [ -118.360696171226508, 36.229393324754106 ], [ -118.360603780703443, 36.229389734609434 ], [ -118.360607325702887, 36.229329851161559 ], [ -118.360699716155992, 36.229333441298401 ] ] ] ] } },
{ "type": "Feature", "properties": { "id": null }, "geometry": { "type": "MultiPolygon", "coordinates": [ [ [ [ -118.360045471870819, 36.229383043412739 ], [ -118.360042517342592, 36.229432946245765 ], [ -118.359993242415811, 36.229431031239805 ], [ -118.359996196975132, 36.229381128410246 ], [ -118.360045471870819, 36.229383043412739 ] ] ] ] } },
{ "type": "Feature", "properties": { "id": null }, "geometry": { "type": "MultiPolygon", "coordinates": [ [ [ [ -118.359890771853713, 36.229337017013847 ], [ -118.359886635381542, 36.229406880965087 ], [ -118.359818882395928, 36.229404247740028 ], [ -118.359823018927969, 36.229334383795475 ], [ -118.359890771853713, 36.229337017013847 ] ] ] ] } },
{ "type": "Feature", "properties": { "id": null }, "geometry": { "type": "MultiPolygon", "coordinates": [ [ [ [ -118.359802472586424, 36.229368597609891 ], [ -118.359800404310448, 36.22940352958112 ], [ -118.359763448141493, 36.229402093254748 ], [ -118.359765516433797, 36.22936716128536 ], [ -118.359802472586424, 36.229368597609891 ] ] ] ] } },
{ "type": "Feature", "properties": { "id": null }, "geometry": { "type": "MultiPolygon", "coordinates": [ [ [ [ -118.359665114569466, 36.229238214923519 ], [ -118.359663341717777, 36.229268156607958 ], [ -118.35962638561972, 36.229266720243864 ], [ -118.359628158485378, 36.229236778560988 ], [ -118.359665114569466, 36.229238214923519 ] ] ] ] } },
{ "type": "Feature", "properties": { "id": null }, "geometry": { "type": "MultiPolygon", "coordinates": [ [ [ [ -118.359607293755587, 36.229328500259378 ], [ -118.359603747993845, 36.229388383622201 ], [ -118.359554473125741, 36.229386468437554 ], [ -118.359558018924801, 36.229326585078901 ], [ -118.359607293755587, 36.229328500259378 ] ] ] ] } },
{ "type": "Feature", "properties": { "id": null }, "geometry": { "type": "MultiPolygon", "coordinates": [ [ [ [ -118.359692195085699, 36.229354308040477 ], [ -118.359690126761748, 36.229389240006306 ], [ -118.359653170605327, 36.229387803646361 ], [ -118.359655238945578, 36.229352871682373 ], [ -118.359692195085699, 36.229354308040477 ] ] ] ] } },
{ "type": "Feature", "properties": { "id": null }, "geometry": { "type": "MultiPolygon", "coordinates": [ [ [ [ -118.359366819802759, 36.228906507937111 ], [ -118.359365046858855, 36.228936449610536 ], [ -118.35932809093255, 36.228935013165568 ], [ -118.359329863890437, 36.228905071493713 ], [ -118.359366819802759, 36.228906507937111 ] ] ] ] } },
{ "type": "Feature", "properties": { "id": null }, "geometry": { "type": "MultiPolygon", "coordinates": [ [ [ [ -118.359324738797554, 36.228887366110186 ], [ -118.359320897383725, 36.228952239731946 ], [ -118.359246985523484, 36.228949366802318 ], [ -118.359250826997936, 36.228884493187344 ], [ -118.359324738797554, 36.228887366110186 ] ] ] ] } },
{ "type": "Feature", "properties": { "id": null }, "geometry": { "type": "MultiPolygon", "coordinates": [ [ [ [ -118.360051243270789, 36.228920604380548 ], [ -118.360047697900384, 36.228980487785208 ], [ -118.359986104597027, 36.22897809405287 ], [ -118.359989650014086, 36.228918210653426 ], [ -118.360051243270789, 36.228920604380548 ] ] ] ] } },
{ "type": "Feature", "properties": { "id": null }, "geometry": { "type": "MultiPolygon", "coordinates": [ [ [ [ -118.360063073697376, 36.229033603878477 ], [ -118.360060710114496, 36.229073526148284 ], [ -118.359999116737058, 36.229071132417374 ], [ -118.360001480351002, 36.229031210151042 ], [ -118.360063073697376, 36.229033603878477 ] ] ] ] } },
{ "type": "Feature", "properties": { "id": null }, "geometry": { "type": "MultiPolygon", "coordinates": [ [ [ [ -118.360183180743675, 36.229038271556163 ], [ -118.360181408102463, 36.229068213263631 ], [ -118.360156770748034, 36.22906725580004 ], [ -118.360158543398583, 36.229037314093603 ], [ -118.360183180743675, 36.229038271556163 ] ] ] ] } },
{ "type": "Feature", "properties": { "id": null }, "geometry": { "type": "MultiPolygon", "coordinates": [ [ [ [ -118.360146269671347, 36.228931800021826 ], [ -118.360142133487713, 36.22900166400315 ], [ -118.360074380827044, 36.228999030948017 ], [ -118.360078517070576, 36.228929166973373 ], [ -118.360146269671347, 36.228931800021826 ] ] ] ] } },
{ "type": "Feature", "properties": { "id": null }, "geometry": { "type": "MultiPolygon", "coordinates": [ [ [ [ -118.360609991927348, 36.228919809880544 ], [ -118.360604969919862, 36.229004644770924 ], [ -118.360494101857171, 36.229000336543891 ], [ -118.360499123983615, 36.228915501666812 ], [ -118.360609991927348, 36.228919809880544 ] ] ] ] } },
{ "type": "Feature", "properties": { "id": null }, "geometry": { "type": "MultiPolygon", "coordinates": [ [ [ [ -118.360913669260185, 36.229369264600471 ], [ -118.360911306080681, 36.229409186916286 ], [ -118.360862031108027, 36.229407272269171 ], [ -118.360864394312387, 36.229367349956149 ], [ -118.360913669260185, 36.229369264600471 ] ] ] ] } },
{ "type": "Feature", "properties": { "id": null }, "geometry": { "type": "MultiPolygon", "coordinates": [ [ [ [ -118.360804133802006, 36.229565064883246 ], [ -118.360802466444298, 36.229593231488217 ], [ -118.360776392455548, 36.229592218324001 ], [ -118.360778059822536, 36.229564051720075 ], [ -118.360804133802006, 36.229565064883246 ] ] ] ] } },
{ "type": "Feature", "properties": { "id": null }, "geometry": { "type": "MultiPolygon", "coordinates": [ [ [ [ -118.361084579682725, 36.229463036289452 ], [ -118.361082495618703, 36.229498244560268 ], [ -118.361039039006755, 36.229496556055608 ], [ -118.361041123090118, 36.229461347786952 ], [ -118.361084579682725, 36.229463036289452 ] ] ] ] } },
{ "type": "Feature", "properties": { "id": null }, "geometry": { "type": "MultiPolygon", "coordinates": [ [ [ [ -118.361022906818079, 36.229474755688713 ], [ -118.361021656362979, 36.229495880649331 ], [ -118.360986891077189, 36.22949452982926 ], [ -118.360988141541583, 36.229473404869672 ], [ -118.361022906818079, 36.229474755688713 ] ] ] ] } },
{ "type": "Feature", "properties": { "id": null }, "geometry": { "type": "MultiPolygon", "coordinates": [ [ [ [ -118.360631797590798, 36.229459558394652 ], [ -118.360628879616371, 36.229508849942029 ], [ -118.360576731709003, 36.229506823536347 ], [ -118.360579649715945, 36.229457531992594 ], [ -118.360631797590798, 36.229459558394652 ] ] ] ] } },
{ "type": "Feature", "properties": { "id": null }, "geometry": { "type": "MultiPolygon", "coordinates": [ [ [ [ -118.360599470806861, 36.229564169936197 ], [ -118.360596969659397, 36.229606419831313 ], [ -118.360544821689643, 36.229604393407037 ], [ -118.36054732286496, 36.229562143515039 ], [ -118.360599470806861, 36.229564169936197 ] ] ] ] } },
{ "type": "Feature", "properties": { "id": null }, "geometry": { "type": "MultiPolygon", "coordinates": [ [ [ [ -118.360788595767715, 36.22960680820897 ], [ -118.360788178926455, 36.22961384986003 ], [ -118.360779487594627, 36.229613512138052 ], [ -118.36077990443664, 36.22960647048707 ], [ -118.360788595767715, 36.22960680820897 ] ] ] ] } },
{ "type": "Feature", "properties": { "id": null }, "geometry": { "type": "MultiPolygon", "coordinates": [ [ [ [ -118.360839076409903, 36.229637001133355 ], [ -118.360837409060309, 36.229665167739384 ], [ -118.360820026384204, 36.22966449230114 ], [ -118.360821693739965, 36.229636325695793 ], [ -118.360839076409903, 36.229637001133355 ] ] ] ] } },
{ "type": "Feature", "properties": { "id": null }, "geometry": { "type": "MultiPolygon", "coordinates": [ [ [ [ -118.360929532812492, 36.229580524237598 ], [ -118.36092828232745, 36.229601649195033 ], [ -118.360902208331211, 36.229600636058045 ], [ -118.36090345882323, 36.22957951110137 ], [ -118.360929532812492, 36.229580524237598 ] ] ] ] } },
{ "type": "Feature", "properties": { "id": null }, "geometry": { "type": "MultiPolygon", "coordinates": [ [ [ [ -118.360772818102717, 36.229726178551914 ], [ -118.360771150723949, 36.229754345154873 ], [ -118.36071900264308, 36.229752318799413 ], [ -118.360720670040422, 36.229724152198528 ], [ -118.360772818102717, 36.229726178551914 ] ] ] ] } },
{ "type": "Feature", "properties": { "id": null }, "geometry": { "type": "MultiPolygon", "coordinates": [ [ [ [ -118.360613247489823, 36.229772911792608 ], [ -118.360610329470333, 36.22982220333612 ], [ -118.360558181356311, 36.229820176907324 ], [ -118.360561099408301, 36.229770885367451 ], [ -118.360613247489823, 36.229772911792608 ] ] ] ] } },
{ "type": "Feature", "properties": { "id": null }, "geometry": { "type": "MultiPolygon", "coordinates": [ [ [ [ -118.36064280216506, 36.229862283347444 ], [ -118.360641968448505, 36.229876366646032 ], [ -118.360624585730477, 36.229875691176012 ], [ -118.360625419450116, 36.229861607877766 ], [ -118.36064280216506, 36.229862283347444 ] ] ] ] } },
{ "type": "Feature", "properties": { "id": null }, "geometry": { "type": "MultiPolygon", "coordinates": [ [ [ [ -118.360987361385483, 36.229854498400002 ], [ -118.360986110903497, 36.229875623358225 ], [ -118.360960036814177, 36.229874610227256 ], [ -118.360961287303141, 36.229853485269821 ], [ -118.360987361385483, 36.229854498400002 ] ] ] ] } },
{ "type": "Feature", "properties": { "id": null }, "geometry": { "type": "MultiPolygon", "coordinates": [ [ [ [ -118.36071948197052, 36.229597064765869 ], [ -118.360716980884618, 36.229639314667942 ], [ -118.360682215550383, 36.229637963754769 ], [ -118.360684716654845, 36.229595713854764 ], [ -118.36071948197052, 36.229597064765869 ] ] ] ] } },
{ "type": "Feature", "properties": { "id": null }, "geometry": { "type": "MultiPolygon", "coordinates": [ [ [ [ -118.359915053721735, 36.229721076289081 ], [ -118.359912969113793, 36.229756284499885 ], [ -118.35986951243126, 36.229754595560145 ], [ -118.359871597058543, 36.229719387351501 ], [ -118.359915053721735, 36.229721076289081 ] ] ] ] } },
{ "type": "Feature", "properties": { "id": null }, "geometry": { "type": "MultiPolygon", "coordinates": [ [ [ [ -118.359886029212163, 36.229843460554932 ], [ -118.359883527655384, 36.229885710405263 ], [ -118.359822688203124, 36.229883345863023 ], [ -118.359825189792431, 36.229841096016322 ], [ -118.359886029212163, 36.229843460554932 ] ] ] ] } },
{ "type": "Feature", "properties": { "id": null }, "geometry": { "type": "MultiPolygon", "coordinates": [ [ [ [ -118.35981176795616, 36.229773524838343 ], [ -118.359809683297897, 36.229808733043676 ], [ -118.359757535252101, 36.229806706266565 ], [ -118.359759619933598, 36.229771498063826 ], [ -118.35981176795616, 36.229773524838343 ] ] ] ] } },
{ "type": "Feature", "properties": { "id": null }, "geometry": { "type": "MultiPolygon", "coordinates": [ [ [ [ -118.359971691926717, 36.229867963341611 ], [ -118.359970441170901, 36.22988908826931 ], [ -118.359935675762969, 36.229887737131236 ], [ -118.359936926528064, 36.229866612204574 ], [ -118.359971691926717, 36.229867963341611 ] ] ] ] } },
{ "type": "Feature", "properties": { "id": null }, "geometry": { "type": "MultiPolygon", "coordinates": [ [ [ [ -118.360185495603574, 36.229788049393356 ], [ -118.360184244908922, 36.229809174327748 ], [ -118.360166862217085, 36.229808498792309 ], [ -118.360168112916369, 36.229787373858414 ], [ -118.360185495603574, 36.229788049393356 ] ] ] ] } },
{ "type": "Feature", "properties": { "id": null }, "geometry": { "type": "MultiPolygon", "coordinates": [ [ [ [ -118.360474185950679, 36.229767507941894 ], [ -118.360472101589835, 36.229802716180394 ], [ -118.360419953498962, 36.22980068969229 ], [ -118.360422037883026, 36.229765481456383 ], [ -118.360474185950679, 36.229767507941894 ] ] ] ] } },
{ "type": "Feature", "properties": { "id": null }, "geometry": { "type": "MultiPolygon", "coordinates": [ [ [ [ -118.360658580076915, 36.229742913039871 ], [ -118.360656912656154, 36.229771079638176 ], [ -118.36063083861373, 36.229770066437986 ], [ -118.360632506043771, 36.229741899840711 ], [ -118.360658580076915, 36.229742913039871 ] ] ] ] } },
{ "type": "Feature", "properties": { "id": null }, "geometry": { "type": "MultiPolygon", "coordinates": [ [ [ [ -118.360687123947571, 36.22977578252285 ], [ -118.360686290241603, 36.229789865822525 ], [ -118.360634142143397, 36.22978783942839 ], [ -118.360634975858659, 36.229773756129752 ], [ -118.360687123947571, 36.22977578252285 ] ] ] ] } },
{ "type": "Feature", "properties": { "id": null }, "geometry": { "type": "MultiPolygon", "coordinates": [ [ [ [ -118.359243306208583, 36.23025532922739 ], [ -118.359241019402191, 36.230293946114365 ], [ -118.359209243226189, 36.230292710951062 ], [ -118.359211530048114, 36.230254094065806 ], [ -118.359243306208583, 36.23025532922739 ] ] ] ] } },
{ "type": "Feature", "properties": { "id": null }, "geometry": { "type": "MultiPolygon", "coordinates": [ [ [ [ -118.359435292954174, 36.229801882637972 ], [ -118.359432746737582, 36.229844882636073 ], [ -118.35939736409297, 36.229843507349955 ], [ -118.359399910328804, 36.229800507354 ], [ -118.359435292954174, 36.229801882637972 ] ] ] ] } },
{ "type": "Feature", "properties": { "id": null }, "geometry": { "type": "MultiPolygon", "coordinates": [ [ [ [ -118.359360953629448, 36.2297846268158 ], [ -118.359358831750086, 36.229820460143905 ], [ -118.359296912149375, 36.229818053349504 ], [ -118.359299034056789, 36.229782220024525 ], [ -118.359360953629448, 36.2297846268158 ] ] ] ] } },
{ "type": "Feature", "properties": { "id": null }, "geometry": { "type": "MultiPolygon", "coordinates": [ [ [ [ -118.359074530964818, 36.22975553550107 ], [ -118.359072833358894, 36.229784202152054 ], [ -118.358993222514158, 36.2297811075086 ], [ -118.35899492014893, 36.22975244086085 ], [ -118.359074530964818, 36.22975553550107 ] ] ] ] } },
{ "type": "Feature", "properties": { "id": null }, "geometry": { "type": "MultiPolygon", "coordinates": [ [ [ [ -118.358619906096308, 36.230021597321233 ], [ -118.358618632755267, 36.230043097294647 ], [ -118.358600941408483, 36.230042409529283 ], [ -118.358602214754342, 36.230020909556416 ], [ -118.358619906096308, 36.230021597321233 ] ] ] ] } },
{ "type": "Feature", "properties": { "id": null }, "geometry": { "type": "MultiPolygon", "coordinates": [ [ [ [ -118.360077501994013, 36.230186000922778 ], [ -118.360074956093285, 36.230229000957365 ], [ -118.360030727531253, 36.230227282069862 ], [ -118.36003327345604, 36.230184282037968 ], [ -118.360077501994013, 36.230186000922778 ] ] ] ] } },
{ "type": "Feature", "properties": { "id": null }, "geometry": { "type": "MultiPolygon", "coordinates": [ [ [ [ -118.360363650304549, 36.230369517238692 ], [ -118.360361953131061, 36.230398183939229 ], [ -118.36032657019048, 36.230396808909902 ], [ -118.360328267376801, 36.230368142210786 ], [ -118.360363650304549, 36.230369517238692 ] ] ] ] } },
{ "type": "Feature", "properties": { "id": null }, "geometry": { "type": "MultiPolygon", "coordinates": [ [ [ [ -118.358886609856839, 36.229066567762963 ], [ -118.358885126955556, 36.22909160841732 ], [ -118.358854220118033, 36.229090406969185 ], [ -118.358855703029079, 36.229065366315929 ], [ -118.358886609856839, 36.229066567762963 ] ] ] ] } },
{ "type": "Feature", "properties": { "id": null }, "geometry": { "type": "MultiPolygon", "coordinates": [ [ [ [ -118.35845562489682, 36.22906445394996 ], [ -118.358452411644308, 36.229118708667663 ], [ -118.358375144574765, 36.229115704751045 ], [ -118.35837835788027, 36.229061450039275 ], [ -118.35845562489682, 36.22906445394996 ] ] ] ] } },
{ "type": "Feature", "properties": { "id": null }, "geometry": { "type": "MultiPolygon", "coordinates": [ [ [ [ -118.35853786035608, 36.229201508539674 ], [ -118.358536871676449, 36.229218202300622 ], [ -118.358505964804394, 36.229217000758915 ], [ -118.358506953490561, 36.229200306998713 ], [ -118.35853786035608, 36.229201508539674 ] ] ] ] } },
{ "type": "Feature", "properties": { "id": null }, "geometry": { "type": "MultiPolygon", "coordinates": [ [ [ [ -118.358575876020993, 36.229213444055873 ], [ -118.358573651507868, 36.22925100501984 ], [ -118.358532442326165, 36.229249402973892 ], [ -118.358534666858873, 36.229211842012127 ], [ -118.358575876020993, 36.229213444055873 ] ] ] ] } },
{ "type": "Feature", "properties": { "id": null }, "geometry": { "type": "MultiPolygon", "coordinates": [ [ [ [ -118.358485691496426, 36.229297782063341 ], [ -118.358482231063135, 36.229356210221042 ], [ -118.358441021831609, 36.229354608139637 ], [ -118.35844448229534, 36.229296179985333 ], [ -118.358485691496426, 36.229297782063341 ] ] ] ] } },
{ "type": "Feature", "properties": { "id": null }, "geometry": { "type": "MultiPolygon", "coordinates": [ [ [ [ -118.359074321073834, 36.229209813656418 ], [ -118.359072838224662, 36.22923485431685 ], [ -118.359041931322508, 36.229233652913116 ], [ -118.359043414181471, 36.229208612253785 ], [ -118.359074321073834, 36.229209813656418 ] ] ] ] } },
{ "type": "Feature", "properties": { "id": null }, "geometry": { "type": "MultiPolygon", "coordinates": [ [ [ [ -118.35903113473438, 36.229241599329747 ], [ -118.359029651869704, 36.229266639988523 ], [ -118.358998744956949, 36.229265438572739 ], [ -118.359000227831402, 36.229240397915056 ], [ -118.35903113473438, 36.229241599329747 ] ] ] ] } },
{ "type": "Feature", "properties": { "id": null }, "geometry": { "type": "MultiPolygon", "coordinates": [ [ [ [ -118.358652311653955, 36.22888177156532 ], [ -118.358650581526831, 36.228910985653229 ], [ -118.358619674770679, 36.228909784149643 ], [ -118.358621404909229, 36.228880570063005 ], [ -118.358652311653955, 36.22888177156532 ] ] ] ] } },
{ "type": "Feature", "properties": { "id": null }, "geometry": { "type": "MultiPolygon", "coordinates": [ [ [ [ -118.358973144872692, 36.228913067235403 ], [ -118.358969437705881, 36.228975668880295 ], [ -118.358897321852297, 36.228972865547448 ], [ -118.358901029076193, 36.228910263908944 ], [ -118.358973144872692, 36.228913067235403 ] ] ] ] } },
{ "type": "Feature", "properties": { "id": null }, "geometry": { "type": "MultiPolygon", "coordinates": [ [ [ [ -118.35947068491744, 36.229011884674641 ], [ -118.359467719491434, 36.22906196602522 ], [ -118.359441963781777, 36.229060964945099 ], [ -118.359444929224097, 36.229010883596345 ], [ -118.35947068491744, 36.229011884674641 ] ] ] ] } },
{ "type": "Feature", "properties": { "id": null }, "geometry": { "type": "MultiPolygon", "coordinates": [ [ [ [ -118.359320209103345, 36.228980937562746 ], [ -118.35931823209178, 36.229014325122904 ], [ -118.359256418441333, 36.229011922446809 ], [ -118.359258395479003, 36.228978534889585 ], [ -118.359320209103345, 36.228980937562746 ] ] ] ] } },
{ "type": "Feature", "properties": { "id": null }, "geometry": { "type": "MultiPolygon", "coordinates": [ [ [ [ -118.359665629690738, 36.229163776921759 ], [ -118.359662911482729, 36.229209684838025 ], [ -118.359601097648238, 36.229207282328908 ], [ -118.359603815892143, 36.229161374416648 ], [ -118.359665629690738, 36.229163776921759 ] ] ] ] } },
{ "type": "Feature", "properties": { "id": null }, "geometry": { "type": "MultiPolygon", "coordinates": [ [ [ [ -118.359729248563696, 36.228849276786875 ], [ -118.359726447215635, 36.228896590054944 ], [ -118.359660750560721, 36.228894036675598 ], [ -118.359663551948117, 36.22884672341192 ], [ -118.359729248563696, 36.228849276786875 ] ] ] ] } },
{ "type": "Feature", "properties": { "id": null }, "geometry": { "type": "MultiPolygon", "coordinates": [ [ [ [ -118.359318773312452, 36.228738478323422 ], [ -118.359314570933989, 36.228809448185245 ], [ -118.359197777084461, 36.22880490842666 ], [ -118.359201979567743, 36.228733938576568 ], [ -118.359318773312452, 36.228738478323422 ] ] ] ] } },
{ "type": "Feature", "properties": { "id": null }, "geometry": { "type": "MultiPolygon", "coordinates": [ [ [ [ -118.360000453265769, 36.229088036185701 ], [ -118.359996251449587, 36.229159006112113 ], [ -118.359901355930617, 36.229155318077055 ], [ -118.359905557831965, 36.229084348160171 ], [ -118.360000453265769, 36.229088036185701 ] ] ] ] } },
{ "type": "Feature", "properties": { "id": null }, "geometry": { "type": "MultiPolygon", "coordinates": [ [ [ [ -118.359160476016442, 36.229628075887156 ], [ -118.359157787559141, 36.229673475604692 ], [ -118.359139108970581, 36.229672749547106 ], [ -118.359141797438625, 36.22962734983075 ], [ -118.359160476016442, 36.229628075887156 ] ] ] ] } },
{ "type": "Feature", "properties": { "id": null }, "geometry": { "type": "MultiPolygon", "coordinates": [ [ [ [ -118.359745491409896, 36.229707694871557 ], [ -118.359743699325932, 36.229737961374738 ], [ -118.359715681397034, 36.229736872422791 ], [ -118.359717473491713, 36.229706605920803 ], [ -118.359745491409896, 36.229707694871557 ] ] ] ] } },
{ "type": "Feature", "properties": { "id": null }, "geometry": { "type": "MultiPolygon", "coordinates": [ [ [ [ -118.359544850831398, 36.229855369362319 ], [ -118.359543506703417, 36.22987806923269 ], [ -118.359515488732484, 36.229876980230259 ], [ -118.359516832868508, 36.229854280360783 ], [ -118.359544850831398, 36.229855369362319 ] ] ] ] } },
{ "type": "Feature", "properties": { "id": null }, "geometry": { "type": "MultiPolygon", "coordinates": [ [ [ [ -118.350527086825565, 36.224474988275908 ], [ -118.350525175333019, 36.224507213369542 ], [ -118.350485403335853, 36.224505664582985 ], [ -118.350487314844614, 36.224473439491163 ], [ -118.350527086825565, 36.224474988275908 ] ] ] ] } },
{ "type": "Feature", "properties": { "id": null }, "geometry": { "type": "MultiPolygon", "coordinates": [ [ [ [ -118.350492350586393, 36.224500551866328 ], [ -118.350489801907599, 36.22454351865548 ], [ -118.35043677255689, 36.224541453586355 ], [ -118.350439321264489, 36.224498486800442 ], [ -118.350492350586393, 36.224500551866328 ] ] ] ] } },
{ "type": "Feature", "properties": { "id": null }, "geometry": { "type": "MultiPolygon", "coordinates": [ [ [ [ -118.352321287545863, 36.224469477888739 ], [ -118.352319376789723, 36.224501703064682 ], [ -118.352253089964861, 36.224499122740731 ], [ -118.352255000748016, 36.224466897567801 ], [ -118.352321287545863, 36.224469477888739 ] ] ] ] } },
{ "type": "Feature", "properties": { "id": null }, "geometry": { "type": "MultiPolygon", "coordinates": [ [ [ [ -118.352230715287007, 36.22442826939519 ], [ -118.352228167565784, 36.224471236291173 ], [ -118.352188395490444, 36.224469688071977 ], [ -118.352190943233254, 36.224426721178418 ], [ -118.352230715287007, 36.22442826939519 ] ] ] ] } },
{ "type": "Feature", "properties": { "id": null }, "geometry": { "type": "MultiPolygon", "coordinates": [ [ [ [ -118.352130648215052, 36.224435140551115 ], [ -118.352128100438463, 36.224478107440916 ], [ -118.352075071008244, 36.224476043101049 ], [ -118.352077618813667, 36.224433076214481 ], [ -118.352130648215052, 36.224435140551115 ] ] ] ] } },
{ "type": "Feature", "properties": { "id": null }, "geometry": { "type": "MultiPolygon", "coordinates": [ [ [ [ -118.352599893474633, 36.22470103632125 ], [ -118.352595435267887, 36.224776228424957 ], [ -118.352515890769837, 36.224773132195217 ], [ -118.352520349052241, 36.224697940099979 ], [ -118.352599893474633, 36.22470103632125 ] ] ] ] } },
{ "type": "Feature", "properties": { "id": null }, "geometry": { "type": "MultiPolygon", "coordinates": [ [ [ [ -118.352451891677546, 36.224619909762005 ], [ -118.352447433342348, 36.224695101850898 ], [ -118.352341374146164, 36.224690973409622 ], [ -118.352345832582216, 36.224615781332034 ], [ -118.352451891677546, 36.224619909762005 ] ] ] ] } },
{ "type": "Feature", "properties": { "id": null }, "geometry": { "type": "MultiPolygon", "coordinates": [ [ [ [ -118.352355008941771, 36.224573072459116 ], [ -118.352351187439652, 36.224637522812728 ], [ -118.352284900497182, 36.224634942498099 ], [ -118.352288722053316, 36.224570492150534 ], [ -118.352355008941771, 36.224573072459116 ] ] ] ] } },
{ "type": "Feature", "properties": { "id": null }, "geometry": { "type": "MultiPolygon", "coordinates": [ [ [ [ -118.352577258602963, 36.22452250770796 ], [ -118.352575347948147, 36.224554732895363 ], [ -118.352522318432463, 36.224552668749972 ], [ -118.352524229108909, 36.224520443564984 ], [ -118.352577258602963, 36.22452250770796 ] ] ] ] } },
{ "type": "Feature", "properties": { "id": null }, "geometry": { "type": "MultiPolygon", "coordinates": [ [ [ [ -118.351477216223444, 36.22447430109014 ], [ -118.351475305120701, 36.224506526227366 ], [ -118.351435533070116, 36.224504977756638 ], [ -118.351437444189031, 36.224472752621232 ], [ -118.351477216223444, 36.22447430109014 ] ] ] ] } },
{ "type": "Feature", "properties": { "id": null }, "geometry": { "type": "MultiPolygon", "coordinates": [ [ [ [ -118.351432726635551, 36.224440269406436 ], [ -118.351430178476747, 36.224483236253526 ], [ -118.351390406440473, 36.224481687768666 ], [ -118.35139295462092, 36.224438720923992 ], [ -118.351432726635551, 36.224440269406436 ] ] ] ] } },
{ "type": "Feature", "properties": { "id": null }, "geometry": { "type": "MultiPolygon", "coordinates": [ [ [ [ -118.351361722422979, 36.224405205379611 ], [ -118.351361085374862, 36.224415947090407 ], [ -118.35130805604453, 36.22441388241365 ], [ -118.351308693099838, 36.224403140703664 ], [ -118.351361722422979, 36.224405205379611 ] ] ] ] } },
{ "type": "Feature", "properties": { "id": null }, "geometry": { "type": "MultiPolygon", "coordinates": [ [ [ [ -118.352379664682118, 36.224385145317619 ], [ -118.352378696401715, 36.22440147576836 ], [ -118.352346448550733, 36.224400220489656 ], [ -118.352347416837802, 36.224383890039661 ], [ -118.352379664682118, 36.224385145317619 ] ] ] ] } },
{ "type": "Feature", "properties": { "id": null }, "geometry": { "type": "MultiPolygon", "coordinates": [ [ [ [ -118.352287242624797, 36.224376637235601 ], [ -118.352284918705109, 36.224415830312161 ], [ -118.35224460888972, 36.224414261180307 ], [ -118.352246932829374, 36.224375068105985 ], [ -118.352287242624797, 36.224376637235601 ] ] ] ] } },
{ "type": "Feature", "properties": { "id": null }, "geometry": { "type": "MultiPolygon", "coordinates": [ [ [ [ -118.352279919421434, 36.224432003847937 ], [ -118.352277982815039, 36.224464664744467 ], [ -118.352257827894633, 36.224463880178163 ], [ -118.352259764509341, 36.224431219282572 ], [ -118.352279919421434, 36.224432003847937 ] ] ] ] } },
{ "type": "Feature", "properties": { "id": null }, "geometry": { "type": "MultiPolygon", "coordinates": [ [ [ [ -118.352585331508791, 36.224596115864351 ], [ -118.35258339501776, 36.224628776774168 ], [ -118.352535023087995, 36.22462689392551 ], [ -118.352536959598993, 36.224594233017918 ], [ -118.352585331508791, 36.224596115864351 ] ] ] ] } },
{ "type": "Feature", "properties": { "id": null }, "geometry": { "type": "MultiPolygon", "coordinates": [ [ [ [ -118.350871830075562, 36.226266409144458 ], [ -118.350868582455277, 36.22632115993089 ], [ -118.350787492891982, 36.226318002328412 ], [ -118.350790740568428, 36.226263251548282 ], [ -118.350871830075562, 36.226266409144458 ] ] ] ] } },
{ "type": "Feature", "properties": { "id": null }, "geometry": { "type": "MultiPolygon", "coordinates": [ [ [ [ -118.350579897297337, 36.226392234228044 ], [ -118.350577299027051, 36.226436034838116 ], [ -118.350536754201343, 36.226434455940726 ], [ -118.350539352494096, 36.226390655333162 ], [ -118.350579897297337, 36.226392234228044 ] ] ] ] } },
{ "type": "Feature", "properties": { "id": null }, "geometry": { "type": "MultiPolygon", "coordinates": [ [ [ [ -118.350890091369678, 36.226415288791628 ], [ -118.350886843744419, 36.226470039578111 ], [ -118.350792239073385, 36.226466355704709 ], [ -118.350795486764127, 36.226411604925566 ], [ -118.350890091369678, 36.226415288791628 ] ] ] ] } },
{ "type": "Feature", "properties": { "id": null }, "geometry": { "type": "MultiPolygon", "coordinates": [ [ [ [ -118.350926739088194, 36.22648256851604 ], [ -118.35092414100275, 36.226526369147074 ], [ -118.350883596110393, 36.22652479036384 ], [ -118.350886194218319, 36.226480989735322 ], [ -118.350926739088194, 36.22648256851604 ] ] ] ] } },
{ "type": "Feature", "properties": { "id": null }, "geometry": { "type": "MultiPolygon", "coordinates": [ [ [ [ -118.351975630824768, 36.226155728893595 ], [ -118.351972383986947, 36.22621047976704 ], [ -118.351945354126741, 36.226209427491064 ], [ -118.351948600983263, 36.226154676619707 ], [ -118.351975630824768, 36.226155728893595 ] ] ] ] } },
{ "type": "Feature", "properties": { "id": null }, "geometry": { "type": "MultiPolygon", "coordinates": [ [ [ [ -118.352289924502472, 36.226338083489097 ], [ -118.352288625847365, 36.226359983847701 ], [ -118.352234566001144, 36.226357879425109 ], [ -118.352235864671215, 36.226335979068182 ], [ -118.352289924502472, 36.226338083489097 ] ] ] ] } },
{ "type": "Feature", "properties": { "id": null }, "geometry": { "type": "MultiPolygon", "coordinates": [ [ [ [ -118.35231468178597, 36.226377461319359 ], [ -118.352310785831563, 36.226443162396663 ], [ -118.352256725926395, 36.226441057979947 ], [ -118.352260621925709, 36.22637535690766 ], [ -118.35231468178597, 36.226377461319359 ] ] ] ] } },
{ "type": "Feature", "properties": { "id": null }, "geometry": { "type": "MultiPolygon", "coordinates": [ [ [ [ -118.352775291624923, 36.22613589606992 ], [ -118.352772301848901, 36.22618632091055 ], [ -118.352747407707739, 36.226185351946398 ], [ -118.352750397499648, 36.226134927107545 ], [ -118.352775291624923, 36.22613589606992 ] ] ] ] } },
{ "type": "Feature", "properties": { "id": null }, "geometry": { "type": "MultiPolygon", "coordinates": [ [ [ [ -118.352880493729543, 36.226150099072143 ], [ -118.352878101962091, 36.226190438950653 ], [ -118.352803419527021, 36.226187532108483 ], [ -118.352805811332573, 36.226147192234244 ], [ -118.352880493729543, 36.226150099072143 ] ] ] ] } },
{ "type": "Feature", "properties": { "id": null }, "geometry": { "type": "MultiPolygon", "coordinates": [ [ [ [ -118.352917670461892, 36.226469955727438 ], [ -118.352917072518252, 36.226480040697098 ], [ -118.352904625398423, 36.22647955622736 ], [ -118.35290522334364, 36.226469471257872 ], [ -118.352917670461892, 36.226469955727438 ] ] ] ] } },
{ "type": "Feature", "properties": { "id": null }, "geometry": { "type": "MultiPolygon", "coordinates": [ [ [ [ -118.352898157733605, 36.226378222062159 ], [ -118.352895765955282, 36.226418561940136 ], [ -118.352833530409669, 36.226416139570993 ], [ -118.352835922219739, 36.226375799696569 ], [ -118.352898157733605, 36.226378222062159 ] ] ] ] } },
{ "type": "Feature", "properties": { "id": null }, "geometry": { "type": "MultiPolygon", "coordinates": [ [ [ [ -118.352732458636694, 36.226437476131096 ], [ -118.352730066768103, 36.226477815999168 ], [ -118.352705172536062, 36.226476847019548 ], [ -118.352707564417344, 36.226436507152904 ], [ -118.352732458636694, 36.226437476131096 ] ] ] ] } },
{ "type": "Feature", "properties": { "id": null }, "geometry": { "type": "MultiPolygon", "coordinates": [ [ [ [ -118.351834174204512, 36.226437887006902 ], [ -118.351833576122473, 36.226447971961065 ], [ -118.351808681931644, 36.226447002795616 ], [ -118.351809280016866, 36.226436917841802 ], [ -118.351834174204512, 36.226437887006902 ] ] ] ] } },
{ "type": "Feature", "properties": { "id": null }, "geometry": { "type": "MultiPolygon", "coordinates": [ [ [ [ -118.351774630138848, 36.226390081794442 ], [ -118.351772237782484, 36.226430421607859 ], [ -118.351722449417494, 36.226428483247076 ], [ -118.351724841799282, 36.226388143436509 ], [ -118.351774630138848, 36.226390081794442 ] ] ] ] } },
{ "type": "Feature", "properties": { "id": null }, "geometry": { "type": "MultiPolygon", "coordinates": [ [ [ [ -118.350734103093799, 36.226369784170558 ], [ -118.350732308427524, 36.226400038985943 ], [ -118.350682520155488, 36.226398100193848 ], [ -118.350684314840819, 36.226367845380594 ], [ -118.350734103093799, 36.226369784170558 ] ] ] ] } },
{ "type": "Feature", "properties": { "id": null }, "geometry": { "type": "MultiPolygon", "coordinates": [ [ [ [ -118.35083152820394, 36.226515093188411 ], [ -118.35083033177871, 36.226535263067674 ], [ -118.350792990504743, 36.226533809001481 ], [ -118.350794186939495, 36.226513639123276 ], [ -118.35083152820394, 36.226515093188411 ] ] ] ] } },
{ "type": "Feature", "properties": { "id": null }, "geometry": { "type": "MultiPolygon", "coordinates": [ [ [ [ -118.350708253788639, 36.226490076383719 ], [ -118.350707057332841, 36.226510246259515 ], [ -118.35066971607732, 36.226508792155705 ], [ -118.350670912542626, 36.226488622280982 ], [ -118.350708253788639, 36.226490076383719 ] ] ] ] } },
{ "type": "Feature", "properties": { "id": null }, "geometry": { "type": "MultiPolygon", "coordinates": [ [ [ [ -118.351373373708867, 36.225038456777519 ], [ -118.351372607360759, 36.225051378437534 ], [ -118.351356659421185, 36.22505075751031 ], [ -118.351357425771937, 36.225037835850578 ], [ -118.351373373708867, 36.225038456777519 ] ] ] ] } },
{ "type": "Feature", "properties": { "id": null }, "geometry": { "type": "MultiPolygon", "coordinates": [ [ [ [ -118.351333120690157, 36.225043365285849 ], [ -118.351329672089321, 36.225101512752232 ], [ -118.351297776192283, 36.225100270882756 ], [ -118.351301224816581, 36.225042123419001 ], [ -118.351333120690157, 36.225043365285849 ] ] ] ] } },
{ "type": "Feature", "properties": { "id": null }, "geometry": { "type": "MultiPolygon", "coordinates": [ [ [ [ -118.351293634029034, 36.225035352121672 ], [ -118.351291718125211, 36.22506765626801 ], [ -118.351275770184188, 36.225067035329758 ], [ -118.351277686094519, 36.225034731184167 ], [ -118.351293634029034, 36.225035352121672 ] ] ] ] } },
{ "type": "Feature", "properties": { "id": null }, "geometry": { "type": "MultiPolygon", "coordinates": [ [ [ [ -118.352290323456799, 36.225546884115438 ], [ -118.352284959965814, 36.225637335845029 ], [ -118.352213193613153, 36.225634542164315 ], [ -118.352218557186248, 36.225544090443925 ], [ -118.352290323456799, 36.225546884115438 ] ] ] ] } },
{ "type": "Feature", "properties": { "id": null }, "geometry": { "type": "MultiPolygon", "coordinates": [ [ [ [ -118.351041068393542, 36.224525314358758 ], [ -118.351040006019758, 36.224543226458714 ], [ -118.351006845511321, 36.224541935278374 ], [ -118.351007907892637, 36.224524023179242 ], [ -118.351041068393542, 36.224525314358758 ] ] ] ] } },
{ "type": "Feature", "properties": { "id": null }, "geometry": { "type": "MultiPolygon", "coordinates": [ [ [ [ -118.351767297248102, 36.224329171022269 ], [ -118.351765172846001, 36.224364995260323 ], [ -118.351720958889928, 36.224363273959717 ], [ -118.351723083312038, 36.224327449723894 ], [ -118.351767297248102, 36.224329171022269 ] ] ] ] } },
{ "type": "Feature", "properties": { "id": null }, "geometry": { "type": "MultiPolygon", "coordinates": [ [ [ [ -118.350319514566479, 36.224829355946433 ], [ -118.350317920740935, 36.224856224067409 ], [ -118.35020738539427, 36.224851919398425 ], [ -118.35020897925736, 36.22482505128167 ], [ -118.350319514566479, 36.224829355946433 ] ] ] ] } },
{ "type": "Feature", "properties": { "id": null }, "geometry": { "type": "MultiPolygon", "coordinates": [ [ [ [ -118.352446523026842, 36.225017408147089 ], [ -118.352445076861102, 36.225041798113992 ], [ -118.352404940670169, 36.225040235784206 ], [ -118.352406386848315, 36.225015845818682 ], [ -118.352446523026842, 36.225017408147089 ] ] ] ] } },
{ "type": "Feature", "properties": { "id": null }, "geometry": { "type": "MultiPolygon", "coordinates": [ [ [ [ -118.352512993918225, 36.224914061747242 ], [ -118.352510101637165, 36.224962841686342 ], [ -118.352449897406871, 36.224960498223737 ], [ -118.352452789725078, 36.224911718288794 ], [ -118.352512993918225, 36.224914061747242 ] ] ] ] } },
{ "type": "Feature", "properties": { "id": null }, "geometry": { "type": "MultiPolygon", "coordinates": [ [ [ [ -118.352497764842838, 36.225255716597701 ], [ -118.352495836625835, 36.225288236554626 ], [ -118.352435632147376, 36.22528589306679 ], [ -118.352437560389134, 36.22525337311265 ], [ -118.352497764842838, 36.225255716597701 ] ] ] ] } },
{ "type": "Feature", "properties": { "id": null }, "geometry": { "type": "MultiPolygon", "coordinates": [ [ [ [ -118.352454298705482, 36.225225504026049 ], [ -118.35245285253113, 36.225249893992377 ], [ -118.352412716233445, 36.225248331657511 ], [ -118.352414162420189, 36.225223941692562 ], [ -118.352454298705482, 36.225225504026049 ] ] ] ] } },
{ "type": "Feature", "properties": { "id": null }, "geometry": { "type": "MultiPolygon", "coordinates": [ [ [ [ -118.35240340525462, 36.225235746089417 ], [ -118.352400030806962, 36.225292656006388 ], [ -118.352379962648314, 36.22529187483098 ], [ -118.352383337110425, 36.225234964915629 ], [ -118.35240340525462, 36.225235746089417 ] ] ] ] } },
{ "type": "Feature", "properties": { "id": null }, "geometry": { "type": "MultiPolygon", "coordinates": [ [ [ [ -118.352786064457746, 36.22586931763356 ], [ -118.352784709370084, 36.225892172507145 ], [ -118.352756501532255, 36.225891074568793 ], [ -118.35275785662806, 36.225868219696117 ], [ -118.352786064457746, 36.22586931763356 ] ] ] ] } },
{ "type": "Feature", "properties": { "id": null }, "geometry": { "type": "MultiPolygon", "coordinates": [ [ [ [ -118.352744347407835, 36.225090888704656 ], [ -118.352743665829294, 36.225102384419117 ], [ -118.352715289741795, 36.225101279931678 ], [ -118.352715971324471, 36.225089784217673 ], [ -118.352744347407835, 36.225090888704656 ] ] ] ] } },
{ "type": "Feature", "properties": { "id": null }, "geometry": { "type": "MultiPolygon", "coordinates": [ ] } },
{ "type": "Feature", "properties": { "id": null }, "geometry": { "type": "MultiPolygon", "coordinates": [ [ [ [ -118.482842013562163, 36.224638640970831 ], [ -118.482840206965605, 36.224669993509366 ], [ -118.482816989859202, 36.224669115235947 ], [ -118.482818796464997, 36.224637762698428 ], [ -118.482842013562163, 36.224638640970831 ] ] ] ] } },
{ "type": "Feature", "properties": { "id": null }, "geometry": { "type": "MultiPolygon", "coordinates": [ [ [ [ -118.483028805273662, 36.224761964155341 ], [ -118.483023746982141, 36.224849751283465 ], [ -118.482946356434738, 36.22484682379423 ], [ -118.482951414812192, 36.224759036675458 ], [ -118.483028805273662, 36.224761964155341 ] ] ] ] } },
{ "type": "Feature", "properties": { "id": null }, "geometry": { "type": "MultiPolygon", "coordinates": [ [ [ [ -118.482925412094929, 36.224739200520723 ], [ -118.482923244210653, 36.224776823570636 ], [ -118.482907766116824, 36.224776238064791 ], [ -118.482909934008433, 36.224738615015674 ], [ -118.482925412094929, 36.224739200520723 ] ] ] ] } },
{ "type": "Feature", "properties": { "id": null }, "geometry": { "type": "MultiPolygon", "coordinates": [ [ [ [ -118.482837572718154, 36.224783009025103 ], [ -118.482835043466324, 36.224826902577632 ], [ -118.482773131061663, 36.224824560493865 ], [ -118.482775660347841, 36.22478066694508 ], [ -118.482837572718154, 36.224783009025103 ] ] ] ] } },
{ "type": "Feature", "properties": { "id": null }, "geometry": { "type": "MultiPolygon", "coordinates": [ [ [ [ -118.482719167938924, 36.224684267234984 ], [ -118.48271808395009, 36.224703078754793 ], [ -118.482687127800659, 36.224701907690061 ], [ -118.482688211796869, 36.224683096171056 ], [ -118.482719167938924, 36.224684267234984 ] ] ] ] } },
{ "type": "Feature", "properties": { "id": null }, "geometry": { "type": "MultiPolygon", "coordinates": [ [ [ [ -118.482666440025582, 36.224657135843216 ], [ -118.482664272023797, 36.224694758880162 ], [ -118.482625576844256, 36.224693295030882 ], [ -118.482627744864473, 36.224655671995947 ], [ -118.482666440025582, 36.224657135843216 ] ] ] ] } },
{ "type": "Feature", "properties": { "id": null }, "geometry": { "type": "MultiPolygon", "coordinates": [ [ [ [ -118.482598565673527, 36.224758257023545 ], [ -118.482597120312434, 36.224783339045452 ], [ -118.482589381268298, 36.224783046271639 ], [ -118.482590826631849, 36.22475796425001 ], [ -118.482598565673527, 36.224758257023545 ] ] ] ] } },
{ "type": "Feature", "properties": { "id": null }, "geometry": { "type": "MultiPolygon", "coordinates": [ [ [ [ -118.482531624391086, 36.224708593256743 ], [ -118.482530540356379, 36.224727404771585 ], [ -118.482507323242956, 36.224726526436889 ], [ -118.482508407283206, 36.224707714922651 ], [ -118.482531624391086, 36.224708593256743 ] ] ] ] } },
{ "type": "Feature", "properties": { "id": null }, "geometry": { "type": "MultiPolygon", "coordinates": [ [ [ [ -118.482476005743877, 36.224731625821462 ], [ -118.4824734762948, 36.22477551935242 ], [ -118.482427042044193, 36.224773762654401 ], [ -118.482429571519077, 36.22472986912625 ], [ -118.482476005743877, 36.224731625821462 ] ] ] ] } },
{ "type": "Feature", "properties": { "id": null }, "geometry": { "type": "MultiPolygon", "coordinates": [ ] } },
{ "type": "Feature", "properties": { "id": null }, "geometry": { "type": "MultiPolygon", "coordinates": [ [ [ [ -118.482384221368349, 36.224709300902077 ], [ -118.482381691870017, 36.224753194427642 ], [ -118.482342996676834, 36.224751730484961 ], [ -118.482345526196639, 36.224707836961741 ], [ -118.482384221368349, 36.224709300902077 ] ] ] ] } },
{ "type": "Feature", "properties": { "id": null }, "geometry": { "type": "MultiPolygon", "coordinates": [ [ [ [ -118.482329897660222, 36.224575278023245 ], [ -118.482327368143928, 36.224619171546493 ], [ -118.48228093399517, 36.224617414798281 ], [ -118.482283463537215, 36.22457352127784 ], [ -118.482329897660222, 36.224575278023245 ] ] ] ] } },
{ "type": "Feature", "properties": { "id": null }, "geometry": { "type": "MultiPolygon", "coordinates": [ [ [ [ -118.482364437164307, 36.224648852755827 ], [ -118.482362269018552, 36.224686475777119 ], [ -118.48234679095448, 36.224685890199964 ], [ -118.482348959107611, 36.224648267179475 ], [ -118.482364437164307, 36.224648852755827 ] ] ] ] } },
{ "type": "Feature", "properties": { "id": null }, "geometry": { "type": "MultiPolygon", "coordinates": [ [ [ [ -118.482485069364799, 36.224439754575513 ], [ -118.482482178602041, 36.224489918613926 ], [ -118.482435744519705, 36.224488161931163 ], [ -118.482438635311965, 36.224437997895947 ], [ -118.482485069364799, 36.224439754575513 ] ] ] ] } },
{ "type": "Feature", "properties": { "id": null }, "geometry": { "type": "MultiPolygon", "coordinates": [ [ [ [ -118.482406053198133, 36.224465044034957 ], [ -118.482403885086867, 36.224502667059568 ], [ -118.482357451002031, 36.224500910345888 ], [ -118.482359619135394, 36.22446328732368 ], [ -118.482406053198133, 36.224465044034957 ] ] ] ] } },
{ "type": "Feature", "properties": { "id": null }, "geometry": { "type": "MultiPolygon", "coordinates": [ [ [ [ -118.482318319335874, 36.224439730227417 ], [ -118.482317235260723, 36.224458541737555 ], [ -118.482301757242567, 36.224457956157728 ], [ -118.482302841321371, 36.224439144647995 ], [ -118.482318319335874, 36.224439730227417 ] ] ] ] } },
{ "type": "Feature", "properties": { "id": null }, "geometry": { "type": "MultiPolygon", "coordinates": [ [ [ [ -118.482394881336873, 36.224524321039148 ], [ -118.482391629153383, 36.224580755574507 ], [ -118.482329716980672, 36.224578413274941 ], [ -118.482332969208358, 36.224521978744392 ], [ -118.482394881336873, 36.224524321039148 ] ] ] ] } },
{ "type": "Feature", "properties": { "id": null }, "geometry": { "type": "MultiPolygon", "coordinates": [ [ [ [ -118.482725671850872, 36.224571398114335 ], [ -118.482722419899432, 36.224627832675054 ], [ -118.482675985720149, 36.22462607607978 ], [ -118.482679237704744, 36.224569641522663 ], [ -118.482725671850872, 36.224571398114335 ] ] ] ] } },
{ "type": "Feature", "properties": { "id": null }, "geometry": { "type": "MultiPolygon", "coordinates": [ [ [ [ -118.482687880054712, 36.224554258023026 ], [ -118.482685712071373, 36.224591881061727 ], [ -118.482639277915709, 36.224590124453705 ], [ -118.482641445921161, 36.224552501417406 ], [ -118.482687880054712, 36.224554258023026 ] ] ] ] } },
{ "type": "Feature", "properties": { "id": null }, "geometry": { "type": "MultiPolygon", "coordinates": [ [ [ [ -118.482622745544049, 36.22447324178362 ], [ -118.482621661540477, 36.224492053301574 ], [ -118.482606183509176, 36.224491467760664 ], [ -118.482607267516443, 36.224472656243101 ], [ -118.482622745544049, 36.22447324178362 ] ] ] ] } },
{ "type": "Feature", "properties": { "id": null }, "geometry": { "type": "MultiPolygon", "coordinates": [ [ [ [ -118.483236552360225, 36.224521597449275 ], [ -118.483232578207506, 36.224590573072682 ], [ -118.48316292692401, 36.224587938472325 ], [ -118.483166901137508, 36.224518962855527 ], [ -118.483236552360225, 36.224521597449275 ] ] ] ] } },
{ "type": "Feature", "properties": { "id": null }, "geometry": { "type": "MultiPolygon", "coordinates": [ [ [ [ -118.483242560966133, 36.224619229469418 ], [ -118.483240393243264, 36.224656852536562 ], [ -118.483209437089712, 36.22465568160824 ], [ -118.483211604827289, 36.224618058542696 ], [ -118.483242560966133, 36.224619229469418 ] ] ] ] } },
{ "type": "Feature", "properties": { "id": null }, "geometry": { "type": "MultiPolygon", "coordinates": [ [ [ [ -118.483358209119444, 36.224563904145654 ], [ -118.483356402733833, 36.224595256706941 ], [ -118.483325446599565, 36.224594085810352 ], [ -118.483327252997455, 36.224562733250387 ], [ -118.483358209119444, 36.224563904145654 ] ] ] ] } },
{ "type": "Feature", "properties": { "id": null }, "geometry": { "type": "MultiPolygon", "coordinates": [ [ [ [ -118.483284792923897, 36.224492001264188 ], [ -118.483283709078137, 36.224510812799302 ], [ -118.483245013956065, 36.224509349156719 ], [ -118.483246097811062, 36.2244905376226 ], [ -118.483284792923897, 36.224492001264188 ] ] ] ] } },
{ "type": "Feature", "properties": { "id": null }, "geometry": { "type": "MultiPolygon", "coordinates": [ [ [ [ -118.483242950869951, 36.224477850235033 ], [ -118.483241505729438, 36.224502932280451 ], [ -118.483210549636468, 36.224501761356684 ], [ -118.483211994786828, 36.224476679312339 ], [ -118.483242950869951, 36.224477850235033 ] ] ] ] } },
{ "type": "Feature", "properties": { "id": null }, "geometry": { "type": "MultiPolygon", "coordinates": [ [ [ [ -118.483283195685246, 36.224385109837343 ], [ -118.48327849902968, 36.224466626490177 ], [ -118.483170152756671, 36.224462528259103 ], [ -118.483174849523948, 36.224381011618419 ], [ -118.483283195685246, 36.224385109837343 ] ] ] ] } },
{ "type": "Feature", "properties": { "id": null }, "geometry": { "type": "MultiPolygon", "coordinates": [ [ [ [ -118.483187361260207, 36.224365774440479 ], [ -118.483185193531014, 36.224403397506357 ], [ -118.483154237479681, 36.224402226570781 ], [ -118.483156405223625, 36.224364603506501 ], [ -118.483187361260207, 36.224365774440479 ] ] ] ] } },
{ "type": "Feature", "properties": { "id": null }, "geometry": { "type": "MultiPolygon", "coordinates": [ [ [ [ -118.483131125154003, 36.224332226380064 ], [ -118.483128596107889, 36.224376119953725 ], [ -118.483097640069744, 36.224374949004265 ], [ -118.483100169133039, 36.224331055432465 ], [ -118.483131125154003, 36.224332226380064 ] ] ] ] } },
{ "type": "Feature", "properties": { "id": null }, "geometry": { "type": "MultiPolygon", "coordinates": [ [ [ [ -118.483105379079106, 36.224375241742379 ], [ -118.483103933900068, 36.224400323783456 ], [ -118.483034282797661, 36.224397689120067 ], [ -118.483035727998782, 36.224372607081399 ], [ -118.483105379079106, 36.224375241742379 ] ] ] ] } },
{ "type": "Feature", "properties": { "id": null }, "geometry": { "type": "MultiPolygon", "coordinates": [ [ [ [ -118.483048239759043, 36.224357369919872 ], [ -118.48304643326334, 36.224388722468802 ], [ -118.483023216233477, 36.224387844241257 ], [ -118.483025022738374, 36.224356491693314 ], [ -118.483048239759043, 36.224357369919872 ] ] ] ] } },
{ "type": "Feature", "properties": { "id": null }, "geometry": { "type": "MultiPolygon", "coordinates": [ [ [ [ -118.483144872653767, 36.224430151133319 ], [ -118.483143788776943, 36.224448962664994 ], [ -118.48312831074297, 36.224448377192211 ], [ -118.483129394623461, 36.224429565660941 ], [ -118.483144872653767, 36.224430151133319 ] ] ] ] } },
{ "type": "Feature", "properties": { "id": null }, "geometry": { "type": "MultiPolygon", "coordinates": [ [ [ [ -118.483609651354072, 36.224507430618701 ], [ -118.483603148727468, 36.224620299878517 ], [ -118.483487063156602, 36.224615909211913 ], [ -118.483493565948947, 36.224503039970124 ], [ -118.483609651354072, 36.224507430618701 ] ] ] ] } },
{ "type": "Feature", "properties": { "id": null }, "geometry": { "type": "MultiPolygon", "coordinates": [ [ [ [ -118.483520756918537, 36.224434942457307 ], [ -118.483515699237273, 36.224522729649941 ], [ -118.483484743124762, 36.224521558796553 ], [ -118.483489800840431, 36.224433771607671 ], [ -118.483520756918537, 36.224434942457307 ] ] ] ] } },
{ "type": "Feature", "properties": { "id": null }, "geometry": { "type": "MultiPolygon", "coordinates": [ [ [ [ -118.483475482816885, 36.22448036138767 ], [ -118.483473315216585, 36.224517984467809 ], [ -118.48341914202733, 36.224515935450199 ], [ -118.483421309653409, 36.22447831237286 ], [ -118.483475482816885, 36.22448036138767 ] ] ] ] } },
{ "type": "Feature", "properties": { "id": null }, "geometry": { "type": "MultiPolygon", "coordinates": [ [ [ [ -118.483413570630503, 36.224478019654484 ], [ -118.483411403000744, 36.224515642731411 ], [ -118.483372707869478, 36.224514179129947 ], [ -118.48337487551764, 36.224476556055016 ], [ -118.483413570630503, 36.224478019654484 ] ] ] ] } },
{ "type": "Feature", "properties": { "id": null }, "geometry": { "type": "MultiPolygon", "coordinates": [ [ [ [ -118.484152143746456, 36.224997256281327 ], [ -118.484147523352732, 36.225077463004588 ], [ -118.484093528080194, 36.225075421010104 ], [ -118.48409814852873, 36.224995214292804 ], [ -118.484152143746456, 36.224997256281327 ] ] ] ] } },
{ "type": "Feature", "properties": { "id": null }, "geometry": { "type": "MultiPolygon", "coordinates": [ [ [ [ -118.484027478570781, 36.224656401040299 ], [ -118.484022438064315, 36.224743899273683 ], [ -118.48393244634417, 36.224740495868843 ], [ -118.483937486950254, 36.224652997646288 ], [ -118.484027478570781, 36.224656401040299 ] ] ] ] } },
{ "type": "Feature", "properties": { "id": null }, "geometry": { "type": "MultiPolygon", "coordinates": [ [ [ [ -118.483966374645306, 36.224621206836417 ], [ -118.483964274411264, 36.224657664431014 ], [ -118.483928277763809, 36.224656303062446 ], [ -118.483930378014449, 36.224619845469647 ], [ -118.483966374645306, 36.224621206836417 ] ] ] ] } },
{ "type": "Feature", "properties": { "id": null }, "geometry": { "type": "MultiPolygon", "coordinates": [ [ [ [ -118.484112219782133, 36.224750948371259 ], [ -118.484107179352634, 36.224838446613511 ], [ -118.484035185880231, 36.224835723939911 ], [ -118.484040226389411, 36.224748225706335 ], [ -118.484112219782133, 36.224750948371259 ] ] ] ] } },
{ "type": "Feature", "properties": { "id": null }, "geometry": { "type": "MultiPolygon", "coordinates": [ [ [ [ -118.484144856224759, 36.224810641852137 ], [ -118.484141495957729, 36.224868974015891 ], [ -118.484096500016733, 36.224867272361642 ], [ -118.484099860316945, 36.224808940201491 ], [ -118.484144856224759, 36.224810641852137 ] ] ] ] } },
{ "type": "Feature", "properties": { "id": null }, "geometry": { "type": "MultiPolygon", "coordinates": [ [ [ [ -118.484239347643424, 36.224814215263649 ], [ -118.484238927619302, 36.224821506785112 ], [ -118.48421193006692, 36.224820485817702 ], [ -118.484212350093543, 36.224813194296523 ], [ -118.484239347643424, 36.224814215263649 ] ] ] ] } },
{ "type": "Feature", "properties": { "id": null }, "geometry": { "type": "MultiPolygon", "coordinates": [ [ [ [ -118.484256505965689, 36.224829478948308 ], [ -118.484253985826768, 36.224873228077826 ], [ -118.484190991497201, 36.22487084581612 ], [ -118.484193511670995, 36.224827096690404 ], [ -118.484256505965689, 36.224829478948308 ] ] ] ] } },
{ "type": "Feature", "properties": { "id": null }, "geometry": { "type": "MultiPolygon", "coordinates": [ [ [ [ -118.484600695373345, 36.224725576079983 ], [ -118.484598175435707, 36.22476932523108 ], [ -118.484535181159487, 36.224766943156425 ], [ -118.484537701132012, 36.224723194009137 ], [ -118.484600695373345, 36.224725576079983 ] ] ] ] } },
{ "type": "Feature", "properties": { "id": null }, "geometry": { "type": "MultiPolygon", "coordinates": [ [ [ [ -118.484539801104944, 36.224686736386019 ], [ -118.484538121126889, 36.224715902484533 ], [ -118.484511123599646, 36.224714881587182 ], [ -118.484512803587663, 36.224685715489755 ], [ -118.484539801104944, 36.224686736386019 ] ] ] ] } },
{ "type": "Feature", "properties": { "id": null }, "geometry": { "type": "MultiPolygon", "coordinates": [ [ [ [ -118.484444380237832, 36.224621015118466 ], [ -118.484441020216508, 36.224679347308218 ], [ -118.48433303018038, 36.224675263598328 ], [ -118.484336390281385, 36.224616931417231 ], [ -118.484444380237832, 36.224621015118466 ] ] ] ] } },
{ "type": "Feature", "properties": { "id": null }, "geometry": { "type": "MultiPolygon", "coordinates": [ [ [ [ -118.484346439471096, 36.224599042922385 ], [ -118.484344339415145, 36.224635500536294 ], [ -118.484326341086742, 36.224634819910875 ], [ -118.484328441150993, 36.224598362297876 ], [ -118.484346439471096, 36.224599042922385 ] ] ] ] } },
{ "type": "Feature", "properties": { "id": null }, "geometry": { "type": "MultiPolygon", "coordinates": [ [ [ [ -118.484317042478011, 36.224561394215094 ], [ -118.484314522397526, 36.224605143350239 ], [ -118.484287524916667, 36.224604122405104 ], [ -118.484290045012131, 36.224560373271594 ], [ -118.484317042478011, 36.224561394215094 ] ] ] ] } },
{ "type": "Feature", "properties": { "id": null }, "geometry": { "type": "MultiPolygon", "coordinates": [ [ [ [ -118.484233109937634, 36.224609372018321 ], [ -118.484231849872472, 36.224631246583229 ], [ -118.484204852385744, 36.224630225618824 ], [ -118.484206112458381, 36.224608351054712 ], [ -118.484233109937634, 36.224609372018321 ] ] ] ] } },
{ "type": "Feature", "properties": { "id": null }, "geometry": { "type": "MultiPolygon", "coordinates": [ ] } },
{ "type": "Feature", "properties": { "id": null }, "geometry": { "type": "MultiPolygon", "coordinates": [ [ [ [ -118.482765848048771, 36.22495212906712 ], [ -118.482764587559231, 36.224974003586418 ], [ -118.482710592461089, 36.22497196097288 ], [ -118.482711852965551, 36.224950086455209 ], [ -118.482765848048771, 36.22495212906712 ] ] ] ] } },
{ "type": "Feature", "properties": { "id": null }, "geometry": { "type": "MultiPolygon", "coordinates": [ [ [ [ -118.482693644520879, 36.224953051332044 ], [ -118.482690283158703, 36.225011383377371 ], [ -118.482636288040425, 36.225009340728491 ], [ -118.482639649442405, 36.224951008687498 ], [ -118.482693644520879, 36.224953051332044 ] ] ] ] } },
{ "type": "Feature", "properties": { "id": null }, "geometry": { "type": "MultiPolygon", "coordinates": [ [ [ [ -118.482631490613841, 36.224936085234198 ], [ -118.482629809911941, 36.224965251254524 ], [ -118.482575814829858, 36.224963208580583 ], [ -118.482577495551681, 36.224934042562431 ], [ -118.482631490613841, 36.224936085234198 ] ] ] ] } },
{ "type": "Feature", "properties": { "id": null }, "geometry": { "type": "MultiPolygon", "coordinates": [ [ [ [ -118.482544527792967, 36.224958371257486 ], [ -118.482542006688718, 36.225002120282497 ], [ -118.482479012404895, 36.224999737112242 ], [ -118.482481533544018, 36.224955988091018 ], [ -118.482544527792967, 36.224958371257486 ] ] ] ] } },
{ "type": "Feature", "properties": { "id": null }, "geometry": { "type": "MultiPolygon", "coordinates": [ [ [ [ -118.482628339295786, 36.224990771522158 ], [ -118.482625398057948, 36.225041812056936 ], [ -118.482526406982402, 36.225038067125752 ], [ -118.482529348284174, 36.22498702659793 ], [ -118.482628339295786, 36.224990771522158 ] ] ] ] } },
{ "type": "Feature", "properties": { "id": null }, "geometry": { "type": "MultiPolygon", "coordinates": [ [ [ [ -118.482648316207403, 36.225035371661122 ], [ -118.482645795153871, 36.225079120691866 ], [ -118.482618797572428, 36.22507809935879 ], [ -118.482621318640909, 36.225034350329679 ], [ -118.482648316207403, 36.225035371661122 ] ] ] ] } },
{ "type": "Feature", "properties": { "id": null }, "geometry": { "type": "MultiPolygon", "coordinates": [ [ [ [ -118.482567533603245, 36.225028661896395 ], [ -118.482565432688716, 36.225065119418012 ], [ -118.482520436733381, 36.225063417163177 ], [ -118.4825225376687, 36.225026959643827 ], [ -118.482567533603245, 36.225028661896395 ] ] ] ] } },
{ "type": "Feature", "properties": { "id": null }, "geometry": { "type": "MultiPolygon", "coordinates": [ [ [ [ -118.482558832172586, 36.225101406714337 ], [ -118.482557151433554, 36.225130572730954 ], [ -118.482476158650172, 36.225127508649777 ], [ -118.482477839419076, 36.225098342636421 ], [ -118.482558832172586, 36.225101406714337 ] ] ] ] } },
{ "type": "Feature", "properties": { "id": null }, "geometry": { "type": "MultiPolygon", "coordinates": [ [ [ [ -118.484171633448597, 36.226237432153148 ], [ -118.4841701605814, 36.226262999052715 ], [ -118.484122827762604, 36.226261209006211 ], [ -118.484124300645092, 36.226235642108307 ], [ -118.484171633448597, 36.226237432153148 ] ] ] ] } },
{ "type": "Feature", "properties": { "id": null }, "geometry": { "type": "MultiPolygon", "coordinates": [ [ [ [ -118.484116517872664, 36.226164885625266 ], [ -118.484113572108384, 36.22621601942096 ], [ -118.484034684132709, 36.226213035965756 ], [ -118.484037629948034, 36.226161902175619 ], [ -118.484116517872664, 36.226164885625266 ] ] ] ] } },
{ "type": "Feature", "properties": { "id": null }, "geometry": { "type": "MultiPolygon", "coordinates": [ [ [ [ -118.48393242009017, 36.226135503406304 ], [ -118.483928737737799, 36.22619942063487 ], [ -118.483834072212559, 36.226195840337589 ], [ -118.483837754641499, 36.226131923117336 ], [ -118.48393242009017, 36.226135503406304 ] ] ] ] } },
{ "type": "Feature", "properties": { "id": null }, "geometry": { "type": "MultiPolygon", "coordinates": [ [ [ [ -118.483802148795135, 36.226201038610277 ], [ -118.483799202822311, 36.22625217238344 ], [ -118.483728203641846, 36.226249487087259 ], [ -118.483731149660599, 36.226198353319077 ], [ -118.483802148795135, 36.226201038610277 ] ] ] ] } },
{ "type": "Feature", "properties": { "id": null }, "geometry": { "type": "MultiPolygon", "coordinates": [ [ [ [ -118.483646766633768, 36.226153525057391 ], [ -118.483644925341608, 36.226185483659087 ], [ -118.483589703814673, 36.226183395031107 ], [ -118.483591545129144, 36.226151436431849 ], [ -118.483646766633768, 36.226153525057391 ] ] ] ] } },
{ "type": "Feature", "properties": { "id": null }, "geometry": { "type": "MultiPolygon", "coordinates": [ [ [ [ -118.483345025810991, 36.225901900295739 ], [ -118.483340606450952, 36.225978600910608 ], [ -118.483206497447867, 36.225973528168097 ], [ -118.483210916938035, 36.225896827567382 ], [ -118.483345025810991, 36.225901900295739 ] ] ] ] } },
{ "type": "Feature", "properties": { "id": null }, "geometry": { "type": "MultiPolygon", "coordinates": [ [ [ [ -118.483283311486744, 36.225806684047264 ], [ -118.483281470070025, 36.225838642634763 ], [ -118.483210471314194, 36.225835957057633 ], [ -118.483212312759576, 36.225803998473268 ], [ -118.483283311486744, 36.225806684047264 ] ] ] ] } },
{ "type": "Feature", "properties": { "id": null }, "geometry": { "type": "MultiPolygon", "coordinates": [ [ [ [ -118.483211867127423, 36.225743127962829 ], [ -118.48320671108398, 36.225832611999266 ], [ -118.483151489838548, 36.225830523186488 ], [ -118.483156645944518, 36.225741039156851 ], [ -118.483211867127423, 36.225743127962829 ] ] ] ] } },
{ "type": "Feature", "properties": { "id": null }, "geometry": { "type": "MultiPolygon", "coordinates": [ [ [ [ -118.483144444541139, 36.22574698326865 ], [ -118.48314297136605, 36.225772550133996 ], [ -118.483087750167712, 36.225770461294765 ], [ -118.483089223360665, 36.225744894431358 ], [ -118.483144444541139, 36.22574698326865 ] ] ] ] } },
{ "type": "Feature", "properties": { "id": null }, "geometry": { "type": "MultiPolygon", "coordinates": [ [ [ [ -118.483083698877493, 36.225840770168311 ], [ -118.483078174368174, 36.225936645903012 ], [ -118.482991398028432, 36.225933363370231 ], [ -118.482996922642982, 36.225837487646992 ], [ -118.483083698877493, 36.225840770168311 ] ] ] ] } },
{ "type": "Feature", "properties": { "id": null }, "geometry": { "type": "MultiPolygon", "coordinates": [ [ [ [ -118.483126320771206, 36.225992915137823 ], [ -118.48312116458321, 36.226082399159935 ], [ -118.482994944215605, 36.226077624574984 ], [ -118.483000100546477, 36.225988140568411 ], [ -118.483126320771206, 36.225992915137823 ] ] ] ] } },
{ "type": "Feature", "properties": { "id": null }, "geometry": { "type": "MultiPolygon", "coordinates": [ [ [ [ -118.483169756665788, 36.226199538890583 ], [ -118.483166073684217, 36.226263456051072 ], [ -118.483102963347307, 36.226261068788624 ], [ -118.483106646379909, 36.226197151633691 ], [ -118.483169756665788, 36.226199538890583 ] ] ] ] } },
{ "type": "Feature", "properties": { "id": null }, "geometry": { "type": "MultiPolygon", "coordinates": [ [ [ [ -118.483206545235632, 36.2261785107005 ], [ -118.483203598877509, 36.226229644431768 ], [ -118.483148377353203, 36.226227555597923 ], [ -118.483151323747052, 36.226176421870562 ], [ -118.483206545235632, 36.2261785107005 ] ] ] ] } },
{ "type": "Feature", "properties": { "id": null }, "geometry": { "type": "MultiPolygon", "coordinates": [ [ [ [ -118.483115087618188, 36.226187862469182 ], [ -118.483113614409788, 36.226213429331608 ], [ -118.48308205926277, 36.22621223569211 ], [ -118.483083532481373, 36.226186668830799 ], [ -118.483115087618188, 36.226187862469182 ] ] ] ] } },
{ "type": "Feature", "properties": { "id": null }, "geometry": { "type": "MultiPolygon", "coordinates": [ [ [ [ -118.48310317722617, 36.226120152637826 ], [ -118.483100599109832, 36.226164894646743 ], [ -118.483061155201469, 36.2261634025935 ], [ -118.483063733340117, 36.226118660587012 ], [ -118.48310317722617, 36.226120152637826 ] ] ] ] } },
{ "type": "Feature", "properties": { "id": null }, "geometry": { "type": "MultiPolygon", "coordinates": [ [ [ [ -118.483315253548824, 36.226144188782101 ], [ -118.483310097547559, 36.22623367282533 ], [ -118.483199654482718, 36.226229495230186 ], [ -118.483204810609024, 36.226140011200556 ], [ -118.483315253548824, 36.226144188782101 ] ] ] ] } },
{ "type": "Feature", "properties": { "id": null }, "geometry": { "type": "MultiPolygon", "coordinates": [ [ [ [ -118.48330231551725, 36.226162916340911 ], [ -118.483301210657842, 36.226182091492802 ], [ -118.483261766729882, 36.226180599505078 ], [ -118.483262871598882, 36.226161424354238 ], [ -118.48330231551725, 36.226162916340911 ] ] ] ] } },
{ "type": "Feature", "properties": { "id": null }, "geometry": { "type": "MultiPolygon", "coordinates": [ [ [ [ -118.483251929679938, 36.226282717774673 ], [ -118.48324971992578, 36.226321068074903 ], [ -118.483186609535281, 36.226318680853332 ], [ -118.483188819320063, 36.22628033055642 ], [ -118.483251929679938, 36.226282717774673 ] ] ] ] } },
{ "type": "Feature", "properties": { "id": null }, "geometry": { "type": "MultiPolygon", "coordinates": [ [ [ [ -118.483238991607479, 36.226301445323614 ], [ -118.483236781845477, 36.226339795623055 ], [ -118.483165782641024, 36.22633710998759 ], [ -118.483167992437473, 36.2262987596919 ], [ -118.483238991607479, 36.226301445323614 ] ] ] ] } },
{ "type": "Feature", "properties": { "id": null }, "geometry": { "type": "MultiPolygon", "coordinates": [ [ [ [ -118.483213406441777, 36.226265246476146 ], [ -118.483211564965771, 36.226297205058088 ], [ -118.483116899416572, 36.226293624185132 ], [ -118.483118740930848, 36.226261665607346 ], [ -118.483213406441777, 36.226265246476146 ] ] ] ] } },
{ "type": "Feature", "properties": { "id": null }, "geometry": { "type": "MultiPolygon", "coordinates": [ [ [ [ -118.483130098891024, 36.226338963011919 ], [ -118.483128625679356, 36.226364529874232 ], [ -118.483089181669214, 36.226363037823177 ], [ -118.48309065489363, 36.226337470962257 ], [ -118.483130098891024, 36.226338963011919 ] ] ] ] } },
{ "type": "Feature", "properties": { "id": null }, "geometry": { "type": "MultiPolygon", "coordinates": [ [ [ [ -118.482986657207618, 36.226221438152827 ], [ -118.482981869131791, 36.226304530439918 ], [ -118.482926647571773, 36.226302441500067 ], [ -118.482931435705652, 36.226219349219278 ], [ -118.482986657207618, 36.226221438152827 ] ] ] ] } },
{ "type": "Feature", "properties": { "id": null }, "geometry": { "type": "MultiPolygon", "coordinates": [ [ [ [ -118.482890043035098, 36.226320273737286 ], [ -118.482887096455684, 36.226371407444951 ], [ -118.48285554125512, 36.226370213741262 ], [ -118.482858487854941, 36.226319080035822 ], [ -118.482890043035098, 36.226320273737286 ] ] ] ] } },
{ "type": "Feature", "properties": { "id": null }, "geometry": { "type": "MultiPolygon", "coordinates": [ [ [ [ -118.483296470863323, 36.226470166358652 ], [ -118.483294997698763, 36.226495733226287 ], [ -118.483255553613631, 36.226494241225446 ], [ -118.483257026790966, 36.226468674359204 ], [ -118.483296470863323, 36.226470166358652 ] ] ] ] } },
{ "type": "Feature", "properties": { "id": null }, "geometry": { "type": "MultiPolygon", "coordinates": [ [ [ [ -118.483237673051505, 36.22646153663819 ], [ -118.483233990089943, 36.226525453801891 ], [ -118.48313143544452, 36.226521574517761 ], [ -118.483135118489031, 36.226457657363085 ], [ -118.483237673051505, 36.22646153663819 ] ] ] ] } },
{ "type": "Feature", "properties": { "id": null }, "geometry": { "type": "MultiPolygon", "coordinates": [ [ [ [ -118.483507472460644, 36.226375657045999 ], [ -118.483503053182659, 36.226452357672017 ], [ -118.483447831478927, 36.22645026896538 ], [ -118.483452250810473, 36.226373568345196 ], [ -118.483507472460644, 36.226375657045999 ] ] ] ] } },
{ "type": "Feature", "properties": { "id": null }, "geometry": { "type": "MultiPolygon", "coordinates": [ [ [ [ -118.483503789730165, 36.226439574234448 ], [ -118.483501580086283, 36.226477924547041 ], [ -118.483462135998877, 36.22647643261493 ], [ -118.483464345661858, 36.226438082304419 ], [ -118.483503789730165, 36.226439574234448 ] ] ] ] } },
{ "type": "Feature", "properties": { "id": null }, "geometry": { "type": "MultiPolygon", "coordinates": [ [ [ [ -118.483456272709802, 36.226440979776065 ], [ -118.483455536154551, 36.226453763212774 ], [ -118.483408203267544, 36.226451972875502 ], [ -118.483408939830468, 36.22643918943961 ], [ -118.483456272709802, 36.226440979776065 ] ] ] ] } },
{ "type": "Feature", "properties": { "id": null }, "geometry": { "type": "MultiPolygon", "coordinates": [ [ [ [ -118.483529142400215, 36.226273986307156 ], [ -118.483528405861307, 36.226286769745514 ], [ -118.483488961868417, 36.226285277829007 ], [ -118.483489698413692, 36.226272494391331 ], [ -118.483529142400215, 36.226273986307156 ] ] ] ] } },
{ "type": "Feature", "properties": { "id": null }, "geometry": { "type": "MultiPolygon", "coordinates": [ [ [ [ -118.48358399572129, 36.226282466687231 ], [ -118.483581417863562, 36.226327208724683 ], [ -118.483526196241826, 36.226325120060395 ], [ -118.483528774130846, 36.226280378026345 ], [ -118.48358399572129, 36.226282466687231 ] ] ] ] } },
{ "type": "Feature", "properties": { "id": null }, "geometry": { "type": "MultiPolygon", "coordinates": [ [ [ [ -118.483601401629954, 36.226392021056341 ], [ -118.483599192037602, 36.226430371374398 ], [ -118.483567636782283, 36.226429177856836 ], [ -118.483569846389955, 36.226390827540449 ], [ -118.483601401629954, 36.226392021056341 ] ] ] ] } },
{ "type": "Feature", "properties": { "id": null }, "geometry": { "type": "MultiPolygon", "coordinates": [ [ [ [ -118.483580468269878, 36.226480908372416 ], [ -118.483579363465509, 36.226500083530645 ], [ -118.483539919362698, 36.226498591623397 ], [ -118.483541024176631, 36.226479416466205 ], [ -118.483580468269878, 36.226480908372416 ] ] ] ] } },
{ "type": "Feature", "properties": { "id": null }, "geometry": { "type": "MultiPolygon", "coordinates": [ [ [ [ -118.484149858332017, 36.226409561209834 ], [ -118.484145071453739, 36.22649265362795 ], [ -118.484050405546796, 36.226489073476976 ], [ -118.484055192524579, 36.226405981069689 ], [ -118.484149858332017, 36.226409561209834 ] ] ] ] } },
{ "type": "Feature", "properties": { "id": null }, "geometry": { "type": "MultiPolygon", "coordinates": [ [ [ [ -118.484164241188793, 36.226502987070205 ], [ -118.484161663640791, 36.226547729141899 ], [ -118.484122219482316, 36.226546237424927 ], [ -118.484124797052658, 36.226501495355656 ], [ -118.484164241188793, 36.226502987070205 ] ] ] ] } },
{ "type": "Feature", "properties": { "id": null }, "geometry": { "type": "MultiPolygon", "coordinates": [ [ [ [ -118.484049222857109, 36.2264409863756 ], [ -118.484046277019289, 36.226492120164181 ], [ -118.483983166421865, 36.226489733353084 ], [ -118.483986112300514, 36.22643859956893 ], [ -118.484049222857109, 36.2264409863756 ] ] ] ] } },
{ "type": "Feature", "properties": { "id": null }, "geometry": { "type": "MultiPolygon", "coordinates": [ [ [ [ -118.483971439368929, 36.22641882769328 ], [ -118.483969229955065, 36.226457178030806 ], [ -118.483921897032388, 36.226455387896593 ], [ -118.483924106469217, 36.226417037561568 ], [ -118.483971439368929, 36.22641882769328 ] ] ] ] } },
{ "type": "Feature", "properties": { "id": null }, "geometry": { "type": "MultiPolygon", "coordinates": [ [ [ [ -118.483945195255259, 36.226462674688712 ], [ -118.483942617586266, 36.226507416747147 ], [ -118.483895284635054, 36.226505626600286 ], [ -118.483897862330835, 36.226460884544757 ], [ -118.483945195255259, 36.226462674688712 ] ] ] ] } },
{ "type": "Feature", "properties": { "id": null }, "geometry": { "type": "MultiPolygon", "coordinates": [ [ [ [ -118.483868884758166, 36.226414949050998 ], [ -118.48386520231648, 36.226478866270973 ], [ -118.483802091745488, 36.226476479365104 ], [ -118.48380577423822, 36.226412562150685 ], [ -118.483868884758166, 36.226414949050998 ] ] ] ] } },
{ "type": "Feature", "properties": { "id": null }, "geometry": { "type": "MultiPolygon", "coordinates": [ [ [ [ -118.483793282298066, 36.226492160302811 ], [ -118.483790704539757, 36.226536902351661 ], [ -118.483774926886298, 36.226536305617657 ], [ -118.483777504653531, 36.226491563569788 ], [ -118.483793282298066, 36.226492160302811 ] ] ] ] } },
{ "type": "Feature", "properties": { "id": null }, "geometry": { "type": "MultiPolygon", "coordinates": [ [ [ [ -118.483851110225501, 36.226311786416552 ], [ -118.483848164272601, 36.22636292019223 ], [ -118.483800831414669, 36.226361130014119 ], [ -118.483803777398151, 36.22630999624176 ], [ -118.483851110225501, 36.226311786416552 ] ] ] ] } },
{ "type": "Feature", "properties": { "id": null }, "geometry": { "type": "MultiPolygon", "coordinates": [ [ [ [ -118.483894604889457, 36.226242969268192 ], [ -118.483892395452287, 36.226281319602755 ], [ -118.483860840244034, 36.226280126166721 ], [ -118.48386304969651, 36.226241775833813 ], [ -118.483894604889457, 36.226242969268192 ] ] ] ] } },
{ "type": "Feature", "properties": { "id": null }, "geometry": { "type": "MultiPolygon", "coordinates": [ [ [ [ -118.484720089479552, 36.226254969615354 ], [ -118.484719353134992, 36.226267753074808 ], [ -118.48467990908668, 36.226266261551551 ], [ -118.484680645437635, 36.226253478092787 ], [ -118.484720089479552, 36.226254969615354 ] ] ] ] } },
{ "type": "Feature", "properties": { "id": null }, "geometry": { "type": "MultiPolygon", "coordinates": [ [ [ [ -118.484428466079891, 36.226307998474418 ], [ -118.484425888700741, 36.226352740563918 ], [ -118.484394333440548, 36.226351547266567 ], [ -118.484396910837546, 36.226306805179007 ], [ -118.484428466079891, 36.226307998474418 ] ] ] ] } },
{ "type": "Feature", "properties": { "id": null }, "geometry": { "type": "MultiPolygon", "coordinates": [ [ [ [ -118.484406613177512, 36.226412865321336 ], [ -118.484403299374577, 36.226470390862147 ], [ -118.484308633460685, 36.226466810917373 ], [ -118.484311947332515, 36.226409285384044 ], [ -118.484406613177512, 36.226412865321336 ] ] ] ] } },
{ "type": "Feature", "properties": { "id": null }, "geometry": { "type": "MultiPolygon", "coordinates": [ [ [ [ -118.484387337620021, 36.226472990073141 ], [ -118.484384391998873, 36.226524123885362 ], [ -118.484305503684226, 36.226521140586975 ], [ -118.484308449356419, 36.226470006780296 ], [ -118.484387337620021, 36.226472990073141 ] ] ] ] } },
{ "type": "Feature", "properties": { "id": null }, "geometry": { "type": "MultiPolygon", "coordinates": [ [ [ [ -118.48431176322876, 36.226412481247038 ], [ -118.484309922189738, 36.226444439876722 ], [ -118.48427836689774, 36.226443246546189 ], [ -118.484280207949539, 36.226411287917891 ], [ -118.48431176322876, 36.226412481247038 ] ] ] ] } },
{ "type": "Feature", "properties": { "id": null }, "geometry": { "type": "MultiPolygon", "coordinates": [ [ [ [ -118.484448239054728, 36.226513727032668 ], [ -118.484446766262693, 36.226539293940839 ], [ -118.484407322092892, 36.226537802318134 ], [ -118.484408794897689, 36.226512235411363 ], [ -118.484448239054728, 36.226513727032668 ] ] ] ] } },
{ "type": "Feature", "properties": { "id": null }, "geometry": { "type": "MultiPolygon", "coordinates": [ [ [ [ -118.484253595791756, 36.226461526719099 ], [ -118.484251386512227, 36.226499877071298 ], [ -118.484227720028244, 36.226498982061422 ], [ -118.484229929319284, 36.226460631710474 ], [ -118.484253595791756, 36.226461526719099 ] ] ] ] } },
{ "type": "Feature", "properties": { "id": null }, "geometry": { "type": "MultiPolygon", "coordinates": [ [ [ [ -118.484205526414158, 36.226472520147126 ], [ -118.484204053545341, 36.226498087046892 ], [ -118.484148831755959, 36.226495998661512 ], [ -118.484150304642611, 36.226470431763687 ], [ -118.484205526414158, 36.226472520147126 ] ] ] ] } },
{ "type": "Feature", "properties": { "id": null }, "geometry": { "type": "MultiPolygon", "coordinates": [ [ [ [ -118.484278946903927, 36.226295938521588 ], [ -118.484277105859391, 36.226327897150433 ], [ -118.484245550615668, 36.226326703814543 ], [ -118.484247391672952, 36.226294745187076 ], [ -118.484278946903927, 36.226295938521588 ] ] ] ] } },
{ "type": "Feature", "properties": { "id": null }, "geometry": { "type": "MultiPolygon", "coordinates": [ [ [ [ -118.48418562559425, 36.225994546599203 ], [ -118.484184889169697, 36.226007330049782 ], [ -118.48416122283632, 36.226006435037185 ], [ -118.484161959264711, 36.225993651587025 ], [ -118.48418562559425, 36.225994546599203 ] ] ] ] } },
{ "type": "Feature", "properties": { "id": null }, "geometry": { "type": "MultiPolygon", "coordinates": [ [ [ [ -118.484109025237771, 36.226020475138746 ], [ -118.484106447703766, 36.226065217210618 ], [ -118.484035448662127, 36.226062532108621 ], [ -118.484038026236334, 36.226017790041112 ], [ -118.484109025237771, 36.226020475138746 ] ] ] ] } },
{ "type": "Feature", "properties": { "id": null }, "geometry": { "type": "MultiPolygon", "coordinates": [ [ [ [ -118.484283604758701, 36.225940601065751 ], [ -118.484283236555171, 36.225946992791968 ], [ -118.484251681464187, 36.225945799468441 ], [ -118.48425204967026, 36.225939407742501 ], [ -118.484283604758701, 36.225940601065751 ] ] ] ] } },
{ "type": "Feature", "properties": { "id": null }, "geometry": { "type": "MultiPolygon", "coordinates": [ [ [ [ -118.484322390499926, 36.226022138453402 ], [ -118.484322022298457, 36.226028530179875 ], [ -118.484298355954195, 36.226027635193958 ], [ -118.484298724157568, 36.226021243467677 ], [ -118.484322390499926, 36.226022138453402 ] ] ] ] } },
{ "type": "Feature", "properties": { "id": null }, "geometry": { "type": "MultiPolygon", "coordinates": [ [ [ [ -118.484408798902976, 36.226031811755036 ], [ -118.484408062513765, 36.226044595209473 ], [ -118.484352841027601, 36.226042506940651 ], [ -118.48435357742575, 36.22602972348718 ], [ -118.484408798902976, 36.226031811755036 ] ] ] ] } },
{ "type": "Feature", "properties": { "id": null }, "geometry": { "type": "MultiPolygon", "coordinates": [ [ [ [ -118.484381293932969, 36.225960309465165 ], [ -118.484378348363066, 36.226011443281344 ], [ -118.484331015682201, 36.226009653327829 ], [ -118.484333961282715, 36.22595851951499 ], [ -118.484381293932969, 36.225960309465165 ] ] ] ] } },
{ "type": "Feature", "properties": { "id": null }, "geometry": { "type": "MultiPolygon", "coordinates": [ [ [ [ -118.484685301446333, 36.225898140491019 ], [ -118.484683460593914, 36.22593009913998 ], [ -118.484628239167222, 36.225928011003909 ], [ -118.484630080041981, 36.225896052357392 ], [ -118.484685301446333, 36.225898140491019 ] ] ] ] } },
{ "type": "Feature", "properties": { "id": null }, "geometry": { "type": "MultiPolygon", "coordinates": [ [ [ [ -118.484695846012102, 36.225920958999595 ], [ -118.484692900651211, 36.225972092838312 ], [ -118.484621901636189, 36.225969408090215 ], [ -118.484624847043023, 36.225918274256493 ], [ -118.484695846012102, 36.225920958999595 ] ] ] ] } },
{ "type": "Feature", "properties": { "id": null }, "geometry": { "type": "MultiPolygon", "coordinates": [ [ [ [ -118.484646856583197, 36.225947931958004 ], [ -118.484644279362371, 36.225992674063704 ], [ -118.484596946675424, 36.225990884216195 ], [ -118.484599523923052, 36.225946142113401 ], [ -118.484646856583197, 36.225947931958004 ] ] ] ] } },
{ "type": "Feature", "properties": { "id": null }, "geometry": { "type": "MultiPolygon", "coordinates": [ [ [ [ -118.484627213182591, 36.22601444850212 ], [ -118.48462353141187, 36.226078365793363 ], [ -118.484544643518845, 36.226075382684094 ], [ -118.484548325353344, 36.226011465399779 ], [ -118.484627213182591, 36.22601444850212 ] ] ] ] } },
{ "type": "Feature", "properties": { "id": null }, "geometry": { "type": "MultiPolygon", "coordinates": [ [ [ [ -118.484629027048783, 36.226120210340675 ], [ -118.48462424072801, 36.226203302817844 ], [ -118.484545352709432, 36.226200319700212 ], [ -118.484550139113125, 36.226117227232059 ], [ -118.484629027048783, 36.226120210340675 ] ] ] ] } },
{ "type": "Feature", "properties": { "id": null }, "geometry": { "type": "MultiPolygon", "coordinates": [ [ [ [ -118.484862220030664, 36.22605216028888 ], [ -118.484859274763949, 36.226103294138248 ], [ -118.484796164407996, 36.226100907777898 ], [ -118.484799109715524, 36.226049773932978 ], [ -118.484862220030664, 36.22605216028888 ] ] ] ] } },
{ "type": "Feature", "properties": { "id": null }, "geometry": { "type": "MultiPolygon", "coordinates": [ [ [ [ -118.484765476035165, 36.226359176257084 ], [ -118.484764003354712, 36.226384743177121 ], [ -118.484724559245237, 36.226383251664444 ], [ -118.484726031938436, 36.226357684745793 ], [ -118.484765476035165, 36.226359176257084 ] ] ] ] } },
{ "type": "Feature", "properties": { "id": null }, "geometry": { "type": "MultiPolygon", "coordinates": [ [ [ [ -118.484570884147772, 36.226511959248292 ], [ -118.484568675019077, 36.226550309616982 ], [ -118.484513453165121, 36.226548221397302 ], [ -118.484515662320618, 36.226509871031517 ], [ -118.484570884147772, 36.226511959248292 ] ] ] ] } },
{ "type": "Feature", "properties": { "id": null }, "geometry": { "type": "MultiPolygon", "coordinates": [ [ [ [ -118.484509720148921, 36.226407155911005 ], [ -118.48450898376602, 36.226419939366409 ], [ -118.484477428475188, 36.226418746089067 ], [ -118.484478164863191, 36.226405962634217 ], [ -118.484509720148921, 36.226407155911005 ] ] ] ] } },
{ "type": "Feature", "properties": { "id": null }, "geometry": { "type": "MultiPolygon", "coordinates": [ [ [ [ -118.484497440330415, 36.226345837861174 ], [ -118.4844955993714, 36.226377796499428 ], [ -118.48447193291625, 36.226376901540441 ], [ -118.484473773884815, 36.226344942903239 ], [ -118.484497440330415, 36.226345837861174 ] ] ] ] } },
{ "type": "Feature", "properties": { "id": null }, "geometry": { "type": "MultiPolygon", "coordinates": [ [ [ [ -118.483966715312278, 36.225746055814732 ], [ -118.483964137723063, 36.225790797879853 ], [ -118.483908916449209, 36.225788709418701 ], [ -118.483911494069687, 36.225743967356962 ], [ -118.483966715312278, 36.225746055814732 ] ] ] ] } },
{ "type": "Feature", "properties": { "id": null }, "geometry": { "type": "MultiPolygon", "coordinates": [ [ [ [ -118.483714316366502, 36.226421914364785 ], [ -118.483712106826871, 36.226460264688647 ], [ -118.48365688510161, 36.226458176078097 ], [ -118.483659094668042, 36.226419825757148 ], [ -118.483714316366502, 36.226421914364785 ] ] ] ] } },
{ "type": "Feature", "properties": { "id": null }, "geometry": { "type": "MultiPolygon", "coordinates": [ [ [ [ -118.483683207055648, 36.226481591407783 ], [ -118.483680997495995, 36.22651994172962 ], [ -118.483617886908092, 36.226517554724289 ], [ -118.483620096498356, 36.226479204405784 ], [ -118.483683207055648, 36.226481591407783 ] ] ] ] } },
{ "type": "Feature", "properties": { "id": null }, "geometry": { "type": "MultiPolygon", "coordinates": [ [ [ [ -118.483889375693451, 36.225040625848031 ], [ -118.483887962402648, 36.2250651581246 ], [ -118.483857684611152, 36.225064013015441 ], [ -118.483859097911363, 36.225039480739902 ], [ -118.483889375693451, 36.225040625848031 ] ] ] ] } },
{ "type": "Feature", "properties": { "id": null }, "geometry": { "type": "MultiPolygon", "coordinates": [ [ [ [ -118.483509634894801, 36.225106850001211 ], [ -118.483508692619779, 36.225123204843506 ], [ -118.483478414821803, 36.225122059636803 ], [ -118.483479357103079, 36.225105704795205 ], [ -118.483509634894801, 36.225106850001211 ] ] ] ] } },
{ "type": "Feature", "properties": { "id": null }, "geometry": { "type": "MultiPolygon", "coordinates": [ [ [ [ -118.483527806678211, 36.224820703872112 ], [ -118.483525608067154, 36.224858865173459 ], [ -118.483478509428423, 36.224857083755317 ], [ -118.483480708062231, 36.224818922456443 ], [ -118.483527806678211, 36.224820703872112 ] ] ] ] } },
{ "type": "Feature", "properties": { "id": null }, "geometry": { "type": "MultiPolygon", "coordinates": [ [ [ [ -118.483545726913434, 36.224802259436252 ], [ -118.483544784656402, 36.224818614280181 ], [ -118.483511142787535, 36.224817341847142 ], [ -118.483512085051487, 36.224800987003967 ], [ -118.483545726913434, 36.224802259436252 ] ] ] ] } },
{ "type": "Feature", "properties": { "id": null }, "geometry": { "type": "MultiPolygon", "coordinates": [ [ [ [ -118.483783059134424, 36.224808504008301 ], [ -118.483780703613448, 36.224849391131407 ], [ -118.483726876585607, 36.22484735533866 ], [ -118.483729232134408, 36.224806468218596 ], [ -118.483783059134424, 36.224808504008301 ] ] ] ] } },
{ "type": "Feature", "properties": { "id": null }, "geometry": { "type": "MultiPolygon", "coordinates": [ [ [ [ -118.483897710345559, 36.224837425875641 ], [ -118.483896454098797, 36.224859232344691 ], [ -118.483856083815894, 36.224857705541091 ], [ -118.483857340073797, 36.224835899073248 ], [ -118.483897710345559, 36.224837425875641 ] ] ] ] } },
{ "type": "Feature", "properties": { "id": null }, "geometry": { "type": "MultiPolygon", "coordinates": [ [ [ [ -118.482183072241838, 36.224640168548348 ], [ -118.482179215314133, 36.22470709364439 ], [ -118.482114971864377, 36.224704663027758 ], [ -118.482118828846481, 36.224637737937648 ], [ -118.482183072241838, 36.224640168548348 ] ] ] ] } },
{ "type": "Feature", "properties": { "id": null }, "geometry": { "type": "MultiPolygon", "coordinates": [ [ [ [ -118.482150218675301, 36.224571854538411 ], [ -118.482147218829482, 36.224623907389187 ], [ -118.482055442576282, 36.224620435051506 ], [ -118.482058442482554, 36.224568382207302 ], [ -118.482150218675301, 36.224571854538411 ] ] ] ] } },
{ "type": "Feature", "properties": { "id": null }, "geometry": { "type": "MultiPolygon", "coordinates": [ [ [ [ -118.483065624920357, 36.22464747271377 ], [ -118.483065196456891, 36.22465490884467 ], [ -118.48304684117447, 36.224654214523042 ], [ -118.483047269639655, 36.224646778392341 ], [ -118.483065624920357, 36.22464747271377 ] ] ] ] } },
{ "type": "Feature", "properties": { "id": null }, "geometry": { "type": "MultiPolygon", "coordinates": [ [ [ [ -118.483189184702638, 36.224737848404935 ], [ -118.483188756249461, 36.224745284537008 ], [ -118.483161223289656, 36.224744243079726 ], [ -118.483161651745405, 36.224736806947945 ], [ -118.483189184702638, 36.224737848404935 ] ] ] ] } },
{ "type": "Feature", "properties": { "id": null }, "geometry": { "type": "MultiPolygon", "coordinates": [ [ [ [ -118.483124512678771, 36.224742854460217 ], [ -118.483121513459793, 36.224794907379646 ], [ -118.483093980485165, 36.224793865905674 ], [ -118.483096979722276, 36.224741812988221 ], [ -118.483124512678771, 36.224742854460217 ] ] ] ] } },
{ "type": "Feature", "properties": { "id": null }, "geometry": { "type": "MultiPolygon", "coordinates": [ [ [ [ -118.483426123595251, 36.224616394613498 ], [ -118.483425266737413, 36.224631266882788 ], [ -118.48340691145134, 36.224630572616789 ], [ -118.483407768312674, 36.224615700347883 ], [ -118.483426123595251, 36.224616394613498 ] ] ] ] } },
{ "type": "Feature", "properties": { "id": null }, "geometry": { "type": "MultiPolygon", "coordinates": [ [ [ [ -118.483394430282829, 36.224607743512493 ], [ -118.483393573419235, 36.224622615781144 ], [ -118.483366040494658, 36.224621574374019 ], [ -118.48336689736341, 36.224606702105923 ], [ -118.483394430282829, 36.224607743512493 ] ] ] ] } },
{ "type": "Feature", "properties": { "id": null }, "geometry": { "type": "MultiPolygon", "coordinates": [ [ [ [ -118.483392716555031, 36.224637488049744 ], [ -118.483391002824717, 36.224667232586768 ], [ -118.483345114591927, 36.224665496901906 ], [ -118.483346828339492, 36.224635752366751 ], [ -118.483392716555031, 36.224637488049744 ] ] ] ] } },
{ "type": "Feature", "properties": { "id": null }, "geometry": { "type": "MultiPolygon", "coordinates": [ [ [ [ -118.483403055567678, 36.224697497826192 ], [ -118.483400484971483, 36.224742114631844 ], [ -118.483345419039409, 36.224740031808572 ], [ -118.48334798966664, 36.224695415006302 ], [ -118.483403055567678, 36.224697497826192 ] ] ] ] } },
{ "type": "Feature", "properties": { "id": null }, "geometry": { "type": "MultiPolygon", "coordinates": [ [ [ [ -118.483806048364983, 36.224567419262961 ], [ -118.483804763188147, 36.224589727678755 ], [ -118.483749697332101, 36.224587645049048 ], [ -118.483750982524455, 36.224565336634932 ], [ -118.483806048364983, 36.224567419262961 ] ] ] ] } },
{ "type": "Feature", "properties": { "id": null }, "geometry": { "type": "MultiPolygon", "coordinates": [ [ [ [ -118.483729661387073, 36.22445647131228 ], [ -118.483726662600489, 36.224508524277759 ], [ -118.48370830733549, 36.224507830060013 ], [ -118.48371130613414, 36.224455777095841 ], [ -118.483729661387073, 36.22445647131228 ] ] ] ] } },
{ "type": "Feature", "properties": { "id": null }, "geometry": { "type": "MultiPolygon", "coordinates": [ [ [ [ -118.484595004199889, 36.224487465903664 ], [ -118.484594150355008, 36.224502289800263 ], [ -118.484553900136405, 36.22450076777961 ], [ -118.484554753988832, 36.224485943883835 ], [ -118.484595004199889, 36.224487465903664 ] ] ] ] } },
{ "type": "Feature", "properties": { "id": null }, "geometry": { "type": "MultiPolygon", "coordinates": [ [ [ [ -118.48454522821028, 36.224460328162607 ], [ -118.484544374356844, 36.224475152058254 ], [ -118.48452241970088, 36.224474321858246 ], [ -118.484523273558437, 36.224459497963046 ], [ -118.48454522821028, 36.224460328162607 ] ] ] ] } },
{ "type": "Feature", "properties": { "id": null }, "geometry": { "type": "MultiPolygon", "coordinates": [ [ [ [ -118.484513455183546, 36.224407130045385 ], [ -118.48451140592384, 36.224442707393607 ], [ -118.484456519310754, 36.224440631872532 ], [ -118.484458568595173, 36.224405054526997 ], [ -118.484513455183546, 36.224407130045385 ] ] ] ] } },
{ "type": "Feature", "properties": { "id": null }, "geometry": { "type": "MultiPolygon", "coordinates": [ [ [ [ -118.484440870776638, 36.224393985956382 ], [ -118.484439333808268, 36.22442066896496 ], [ -118.48438078811013, 36.224418455040812 ], [ -118.484382325098238, 36.224391772034387 ], [ -118.484440870776638, 36.224393985956382 ] ] ] ] } },
{ "type": "Feature", "properties": { "id": null }, "geometry": { "type": "MultiPolygon", "coordinates": [ [ [ [ -118.484342331114803, 36.224385802778954 ], [ -118.484339427888301, 36.224436204010431 ], [ -118.484269904868313, 36.224433574913313 ], [ -118.484272808139153, 36.224383173686661 ], [ -118.484342331114803, 36.224385802778954 ] ] ] ] } },
{ "type": "Feature", "properties": { "id": null }, "geometry": { "type": "MultiPolygon", "coordinates": [ [ [ [ -118.484230606715471, 36.224351865407705 ], [ -118.484226166379656, 36.224428949632355 ], [ -118.484174938903124, 36.224427012358653 ], [ -118.484179379288904, 36.224349928139425 ], [ -118.484230606715471, 36.224351865407705 ] ] ] ] } },
{ "type": "Feature", "properties": { "id": null }, "geometry": { "type": "MultiPolygon", "coordinates": [ [ [ [ -118.484130553581039, 36.224465445505871 ], [ -118.484129699649174, 36.224480269393013 ], [ -118.484111404111786, 36.22447957749646 ], [ -118.484112258047062, 36.224464753609695 ], [ -118.484130553581039, 36.224465445505871 ] ] ] ] } },
{ "type": "Feature", "properties": { "id": null }, "geometry": { "type": "MultiPolygon", "coordinates": [ [ [ [ -118.48411131871822, 36.224481059885129 ], [ -118.484110635569508, 36.2244929189945 ], [ -118.484063067167128, 36.224491120049564 ], [ -118.484063750322989, 36.224479260940967 ], [ -118.48411131871822, 36.224481059885129 ] ] ] ] } },
{ "type": "Feature", "properties": { "id": null }, "geometry": { "type": "MultiPolygon", "coordinates": [ [ [ [ -118.484054260976578, 36.224484844542225 ], [ -118.484050845185422, 36.224544140084014 ], [ -118.484021572305267, 36.224543033027231 ], [ -118.484024988118378, 36.224483737487837 ], [ -118.484054260976578, 36.224484844542225 ] ] ] ] } },
{ "type": "Feature", "properties": { "id": null }, "geometry": { "type": "MultiPolygon", "coordinates": [ [ [ [ -118.484021486909825, 36.224544515415708 ], [ -118.484020462163855, 36.224562304077345 ], [ -118.48399850749945, 36.224561473779495 ], [ -118.483999532250323, 36.224543685118398 ], [ -118.484021486909825, 36.224544515415708 ] ] ] ] } },
{ "type": "Feature", "properties": { "id": null }, "geometry": { "type": "MultiPolygon", "coordinates": [ [ [ [ -118.48416504614589, 36.224535088362778 ], [ -118.484163850647192, 36.22455584180549 ], [ -118.484130918647068, 36.224554596396871 ], [ -118.48413211415442, 36.22453384295509 ], [ -118.48416504614589, 36.224535088362778 ] ] ] ] } },
{ "type": "Feature", "properties": { "id": null }, "geometry": { "type": "MultiPolygon", "coordinates": [ [ [ [ -118.484025987080841, 36.224593711000416 ], [ -118.484024620751597, 36.224617429215868 ], [ -118.483991688732004, 36.224616183767111 ], [ -118.483993055071124, 36.224592465552718 ], [ -118.484025987080841, 36.224593711000416 ] ] ] ] } },
{ "type": "Feature", "properties": { "id": null }, "geometry": { "type": "MultiPolygon", "coordinates": [ [ [ [ -118.483942195007643, 36.224456836453463 ], [ -118.483940828659925, 36.224480554666727 ], [ -118.483911555807907, 36.224479447584692 ], [ -118.483912922164407, 36.224455729372394 ], [ -118.483942195007643, 36.224456836453463 ] ] ] ] } },
{ "type": "Feature", "properties": { "id": null }, "geometry": { "type": "MultiPolygon", "coordinates": [ [ [ [ -118.483844558561771, 36.224401147247605 ], [ -118.483839947041787, 36.224481196206717 ], [ -118.48377042402997, 36.224478566816593 ], [ -118.483775035620383, 36.22439851786514 ], [ -118.483844558561771, 36.224401147247605 ] ] ] ] } },
{ "type": "Feature", "properties": { "id": null }, "geometry": { "type": "MultiPolygon", "coordinates": [ [ [ [ -118.483827054771567, 36.224482194236487 ], [ -118.483825005195385, 36.224517771550509 ], [ -118.483762800367245, 36.224515418930395 ], [ -118.483764849971436, 36.224479841619413 ], [ -118.483827054771567, 36.224482194236487 ] ] ] ] } },
{ "type": "Feature", "properties": { "id": null }, "geometry": { "type": "MultiPolygon", "coordinates": [ [ [ [ -118.483934853528709, 36.224361479253645 ], [ -118.483932462423653, 36.224402986126982 ], [ -118.483870257677154, 36.224400633569111 ], [ -118.483872648814881, 36.224359126699333 ], [ -118.483934853528709, 36.224361479253645 ] ] ] ] } },
{ "type": "Feature", "properties": { "id": null }, "geometry": { "type": "MultiPolygon", "coordinates": [ [ [ [ -118.484284368826223, 36.224659935851392 ], [ -118.484283002571686, 36.224683654075065 ], [ -118.484253729630169, 36.22468254707141 ], [ -118.484255095893459, 36.22465882884871 ], [ -118.484284368826223, 36.224659935851392 ] ] ] ] } },
{ "type": "Feature", "properties": { "id": null }, "geometry": { "type": "MultiPolygon", "coordinates": [ [ [ [ -118.48425155850515, 36.224688407439089 ], [ -118.48425087537241, 36.224700266550364 ], [ -118.484236238899001, 36.224699713045283 ], [ -118.484236922033915, 36.224687853934249 ], [ -118.48425155850515, 36.224688407439089 ] ] ] ] } },
{ "type": "Feature", "properties": { "id": null }, "geometry": { "type": "MultiPolygon", "coordinates": [ [ [ [ -118.484195111121437, 36.22461793433542 ], [ -118.484193403271959, 36.224647582111523 ], [ -118.48416413034748, 36.224646475086907 ], [ -118.484165838207943, 36.224616827311991 ], [ -118.484195111121437, 36.22461793433542 ] ] ] ] } },
{ "type": "Feature", "properties": { "id": null }, "geometry": { "type": "MultiPolygon", "coordinates": [ [ [ [ -118.484625488470968, 36.225437468192098 ], [ -118.484624393689913, 36.225456474528556 ], [ -118.484580829238084, 36.225454827176883 ], [ -118.484581924029612, 36.225435820841568 ], [ -118.484625488470968, 36.225437468192098 ] ] ] ] } },
{ "type": "Feature", "properties": { "id": null }, "geometry": { "type": "MultiPolygon", "coordinates": [ [ [ [ -118.484538036413667, 36.225294024355357 ], [ -118.48453490842104, 36.225348328168302 ], [ -118.484471237395866, 36.225345920453677 ], [ -118.484474365432234, 36.225291616645492 ], [ -118.484538036413667, 36.225294024355357 ] ] ] ] } },
{ "type": "Feature", "properties": { "id": null }, "geometry": { "type": "MultiPolygon", "coordinates": [ [ [ [ -118.484591341292926, 36.225301482256057 ], [ -118.484589933713465, 36.225325918973752 ], [ -118.484556422653668, 36.225324651775814 ], [ -118.48455783024346, 36.225300215059249 ], [ -118.484591341292926, 36.225301482256057 ] ] ] ] } },
{ "type": "Feature", "properties": { "id": null }, "geometry": { "type": "MultiPolygon", "coordinates": [ [ [ [ -118.48465170598493, 36.225273832725975 ], [ -118.484649360051918, 36.225314560592281 ], [ -118.484599093466116, 36.225312659817348 ], [ -118.484601439425035, 36.225271931953863 ], [ -118.48465170598493, 36.225273832725975 ] ] ] ] } },
{ "type": "Feature", "properties": { "id": null }, "geometry": { "type": "MultiPolygon", "coordinates": [ [ [ [ -118.484625344360126, 36.2251775972206 ], [ -118.48462284202563, 36.225221040277098 ], [ -118.484559171095867, 36.22521863261651 ], [ -118.484561673465379, 36.225175189563821 ], [ -118.484625344360126, 36.2251775972206 ] ] ] ] } },
{ "type": "Feature", "properties": { "id": null }, "geometry": { "type": "MultiPolygon", "coordinates": [ [ [ [ -118.484624204784438, 36.225226534018169 ], [ -118.484622328030241, 36.225259116310269 ], [ -118.484578763687992, 36.225257468965523 ], [ -118.484580640460123, 36.225224886675392 ], [ -118.484624204784438, 36.225226534018169 ] ] ] ] } },
{ "type": "Feature", "properties": { "id": null }, "geometry": { "type": "MultiPolygon", "coordinates": [ [ [ [ -118.484368838960052, 36.225316197699648 ], [ -118.48436727490504, 36.225343349599754 ], [ -118.484330412742523, 36.225341955612336 ], [ -118.484331976810211, 36.225314803713616 ], [ -118.484368838960052, 36.225316197699648 ] ] ] ] } },
{ "type": "Feature", "properties": { "id": null }, "geometry": { "type": "MultiPolygon", "coordinates": [ [ [ [ -118.484488573671044, 36.225365623760339 ], [ -118.484485758439916, 36.225414497188098 ], [ -118.484422087365417, 36.225412089443552 ], [ -118.484424902635922, 36.225363216020078 ], [ -118.484488573671044, 36.225365623760339 ] ] ] ] } },
{ "type": "Feature", "properties": { "id": null }, "geometry": { "type": "MultiPolygon", "coordinates": [ [ [ [ -118.484432095805005, 36.225442400070293 ], [ -118.484431470189108, 36.225453260831074 ], [ -118.484414714635449, 36.225452627209179 ], [ -118.484415340253634, 36.225441766448647 ], [ -118.484432095805005, 36.225442400070293 ] ] ] ] } },
{ "type": "Feature", "properties": { "id": null }, "geometry": { "type": "MultiPolygon", "coordinates": [ [ [ [ -118.484782052360316, 36.225459715015162 ], [ -118.484779862871179, 36.225497727696066 ], [ -118.484686031679104, 36.22549417965282 ], [ -118.484688221213347, 36.225456166976812 ], [ -118.484782052360316, 36.225459715015162 ] ] ] ] } },
{ "type": "Feature", "properties": { "id": null }, "geometry": { "type": "MultiPolygon", "coordinates": [ [ [ [ -118.484823484377401, 36.225420802410923 ], [ -118.484821468104272, 36.225455808187789 ], [ -118.484774940260536, 36.225454048854587 ], [ -118.484776956554271, 36.225419043079967 ], [ -118.484823484377401, 36.225420802410923 ] ] ] ] } },
{ "type": "Feature", "properties": { "id": null }, "geometry": { "type": "MultiPolygon", "coordinates": [ [ [ [ -118.484353686549241, 36.225394941521223 ], [ -118.484349963813131, 36.225459567528894 ], [ -118.484270201845931, 36.225456551203514 ], [ -118.484273924647226, 36.225391925202921 ], [ -118.484353686549241, 36.225394941521223 ] ] ] ] } },
{ "type": "Feature", "properties": { "id": null }, "geometry": { "type": "MultiPolygon", "coordinates": [ [ [ [ -118.484104009917019, 36.225363910512513 ], [ -118.484101372837685, 36.225409687252501 ], [ -118.484028257772181, 36.225406922140955 ], [ -118.484030894893877, 36.225361145405579 ], [ -118.484104009917019, 36.225363910512513 ] ] ] ] } },
{ "type": "Feature", "properties": { "id": null }, "geometry": { "type": "MultiPolygon", "coordinates": [ [ [ [ -118.484119188411896, 36.225216060661189 ], [ -118.484118257686845, 36.22523221715845 ], [ -118.484081700234597, 36.225230834619197 ], [ -118.484082630967109, 36.225214678122747 ], [ -118.484119188411896, 36.225216060661189 ] ] ] ] } },
{ "type": "Feature", "properties": { "id": null }, "geometry": { "type": "MultiPolygon", "coordinates": [ [ [ [ -118.484191760394793, 36.225228250329053 ], [ -118.484188968260952, 36.225276719825395 ], [ -118.484119176716973, 36.225274080461098 ], [ -118.484121968893632, 36.225225610969403 ], [ -118.484191760394793, 36.225228250329053 ] ] ] ] } },
{ "type": "Feature", "properties": { "id": null }, "geometry": { "type": "MultiPolygon", "coordinates": [ [ [ [ -118.484236393689358, 36.225233986163815 ], [ -118.484235307870776, 36.225252835413613 ], [ -118.484218690839683, 36.225252207003997 ], [ -118.484219776662187, 36.225233357754639 ], [ -118.484236393689358, 36.225233986163815 ] ] ] ] } },
{ "type": "Feature", "properties": { "id": null }, "geometry": { "type": "MultiPolygon", "coordinates": [ [ [ [ -118.484452394249175, 36.225164307473982 ], [ -118.484451453887104, 36.225180632500525 ], [ -118.48441115705775, 36.225179108657677 ], [ -118.484412097428091, 36.225162783632037 ], [ -118.484452394249175, 36.225164307473982 ] ] ] ] } },
{ "type": "Feature", "properties": { "id": null }, "geometry": { "type": "MultiPolygon", "coordinates": [ [ [ [ -118.484725002590693, 36.225076452388869 ], [ -118.484720771224104, 36.225149915036553 ], [ -118.484640177569872, 36.225146867520941 ], [ -118.484644409011338, 36.225073404881421 ], [ -118.484725002590693, 36.225076452388869 ] ] ] ] } },
{ "type": "Feature", "properties": { "id": null }, "geometry": { "type": "MultiPolygon", "coordinates": [ [ [ [ -118.484489387896303, 36.225605462012858 ], [ -118.484486022573378, 36.225663884714848 ], [ -118.484429940139563, 36.225661763933608 ], [ -118.484433305503941, 36.22560334123613 ], [ -118.484489387896303, 36.225605462012858 ] ] ] ] } },
{ "type": "Feature", "properties": { "id": null }, "geometry": { "type": "MultiPolygon", "coordinates": [ [ [ [ -118.484320939814054, 36.22567227945364 ], [ -118.484317948297701, 36.225724210731677 ], [ -118.48426987761404, 36.225722392850663 ], [ -118.484272869161956, 36.22567046157608 ], [ -118.484320939814054, 36.22567227945364 ] ] ] ] } },
{ "type": "Feature", "properties": { "id": null }, "geometry": { "type": "MultiPolygon", "coordinates": [ [ [ [ -118.484200055003697, 36.225714873183229 ], [ -118.484196315501336, 36.225779787269346 ], [ -118.484144238899489, 36.225777817841866 ], [ -118.484147978444611, 36.225712903760403 ], [ -118.484200055003697, 36.225714873183229 ] ] ] ] } },
{ "type": "Feature", "properties": { "id": null }, "geometry": { "type": "MultiPolygon", "coordinates": [ [ [ [ -118.484107494537, 36.225509700670273 ], [ -118.484106372673025, 36.225529174894383 ], [ -118.484078331518191, 36.225528114421451 ], [ -118.484079453389086, 36.225508640198086 ], [ -118.484107494537, 36.225509700670273 ] ] ] ] } },
{ "type": "Feature", "properties": { "id": null }, "geometry": { "type": "MultiPolygon", "coordinates": [ [ [ [ -118.484526856830911, 36.225512548403294 ], [ -118.484524613309546, 36.225551496873997 ], [ -118.484468530953009, 36.225549376116483 ], [ -118.484470774501986, 36.225510427648793 ], [ -118.484526856830911, 36.225512548403294 ] ] ] ] } },
{ "type": "Feature", "properties": { "id": null }, "geometry": { "type": "MultiPolygon", "coordinates": [ [ [ [ -118.484549022525556, 36.225545914350079 ], [ -118.484544909414936, 36.225617319881209 ], [ -118.484488827009812, 36.225615199129912 ], [ -118.484492940171108, 36.225543793604302 ], [ -118.484549022525556, 36.225545914350079 ] ] ] ] } },
{ "type": "Feature", "properties": { "id": null }, "geometry": { "type": "MultiPolygon", "coordinates": [ [ [ [ -118.484662269059172, 36.225496525867243 ], [ -118.484658716923434, 36.22555819429072 ], [ -118.484554563952017, 36.225554255836329 ], [ -118.484558116169012, 36.225492587421684 ], [ -118.484662269059172, 36.225496525867243 ] ] ] ] } },
{ "type": "Feature", "properties": { "id": null }, "geometry": { "type": "MultiPolygon", "coordinates": [ [ [ [ -118.48473048888151, 36.225601567932387 ], [ -118.484727871548827, 36.225647007826964 ], [ -118.484695824439228, 36.22564579602043 ], [ -118.484698441790371, 36.225600356127863 ], [ -118.48473048888151, 36.225601567932387 ] ] ] ] } },
{ "type": "Feature", "properties": { "id": null }, "geometry": { "type": "MultiPolygon", "coordinates": [ [ [ [ -118.484821409114375, 36.225626148919432 ], [ -118.484819913525129, 36.225652114576683 ], [ -118.484791872298743, 36.225651054267878 ], [ -118.484793367897225, 36.225625088611629 ], [ -118.484821409114375, 36.225626148919432 ] ] ] ] } },
{ "type": "Feature", "properties": { "id": null }, "geometry": { "type": "MultiPolygon", "coordinates": [ [ [ [ -118.483743712799864, 36.22560009735458 ], [ -118.483739877684982, 36.225666664702736 ], [ -118.483678259029816, 36.225664334178767 ], [ -118.483682094196595, 36.225597766836259 ], [ -118.483743712799864, 36.22560009735458 ] ] ] ] } },
{ "type": "Feature", "properties": { "id": null }, "geometry": { "type": "MultiPolygon", "coordinates": [ [ [ [ -118.483819108921978, 36.225675915605578 ], [ -118.483815513552102, 36.225738322500199 ], [ -118.483738490155943, 36.225735409384058 ], [ -118.483742085586641, 36.225673002496052 ], [ -118.483819108921978, 36.225675915605578 ] ] ] ] } },
{ "type": "Feature", "properties": { "id": null }, "geometry": { "type": "MultiPolygon", "coordinates": [ [ [ [ -118.483767690843237, 36.225719835695017 ], [ -118.483765054205534, 36.225765600747586 ], [ -118.483713705259277, 36.225763658652738 ], [ -118.483716341926723, 36.225717893603409 ], [ -118.483767690843237, 36.225719835695017 ] ] ] ] } },
{ "type": "Feature", "properties": { "id": null }, "geometry": { "type": "MultiPolygon", "coordinates": [ [ [ [ -118.483847401518489, 36.225720765663745 ], [ -118.48384548399811, 36.225754049342051 ], [ -118.483809539736498, 36.225752689902492 ], [ -118.483811457272026, 36.225719406225828 ], [ -118.483847401518489, 36.225720765663745 ] ] ] ] } },
{ "type": "Feature", "properties": { "id": null }, "geometry": { "type": "MultiPolygon", "coordinates": [ [ [ [ -118.483859418259399, 36.225646168692499 ], [ -118.483857980127155, 36.225671131451989 ], [ -118.483791226569679, 36.22566860678188 ], [ -118.483792664723012, 36.2256436440247 ], [ -118.483859418259399, 36.225646168692499 ] ] ] ] } },
{ "type": "Feature", "properties": { "id": null }, "geometry": { "type": "MultiPolygon", "coordinates": [ [ [ [ -118.483557815836122, 36.225432539628585 ], [ -118.483556137916253, 36.225461662836857 ], [ -118.483525328676023, 36.225460497537171 ], [ -118.483527006607247, 36.225431374330135 ], [ -118.483557815836122, 36.225432539628585 ] ] ] ] } },
{ "type": "Feature", "properties": { "id": null }, "geometry": { "type": "MultiPolygon", "coordinates": [ [ [ [ -118.483541692110805, 36.225444438355083 ], [ -118.483539534776199, 36.225481882479059 ], [ -118.483498455779994, 36.22548032873793 ], [ -118.483500613134055, 36.225442884616086 ], [ -118.483541692110805, 36.225444438355083 ] ] ] ] } },
{ "type": "Feature", "properties": { "id": null }, "geometry": { "type": "MultiPolygon", "coordinates": [ [ [ [ -118.482325838353617, 36.226274145713617 ], [ -118.482325170483975, 36.226285734221619 ], [ -118.482291797311888, 36.226284471588976 ], [ -118.482292465186418, 36.226272883081506 ], [ -118.482325838353617, 36.226274145713617 ] ] ] ] } },
{ "type": "Feature", "properties": { "id": null }, "geometry": { "type": "MultiPolygon", "coordinates": [ [ [ [ -118.482272346762784, 36.226248894370201 ], [ -118.482271011008592, 36.226272071384535 ], [ -118.482251940629027, 36.22627134987291 ], [ -118.482253276388818, 36.226248172859172 ], [ -118.482272346762784, 36.226248894370201 ] ] ] ] } },
{ "type": "Feature", "properties": { "id": null }, "geometry": { "type": "MultiPolygon", "coordinates": [ [ [ [ -118.482216767511829, 36.226384221244253 ], [ -118.482213428065918, 36.226442163774109 ], [ -118.482165752018844, 36.226440359959163 ], [ -118.482169091499685, 36.226382417433115 ], [ -118.482216767511829, 36.226384221244253 ] ] ] ] } },
{ "type": "Feature", "properties": { "id": null }, "geometry": { "type": "MultiPolygon", "coordinates": [ [ [ [ -118.482313102528252, 36.226453677395575 ], [ -118.482311098899416, 36.226488442917812 ], [ -118.482272958033761, 36.226486999896927 ], [ -118.48227496167938, 36.226452234376502 ], [ -118.482313102528252, 36.226453677395575 ] ] ] ] } },
{ "type": "Feature", "properties": { "id": null }, "geometry": { "type": "MultiPolygon", "coordinates": [ [ [ [ -118.482315551403275, 36.226411186201325 ], [ -118.482313993028853, 36.226438226052259 ], [ -118.482228176139486, 36.226434979244154 ], [ -118.482229734543267, 36.22640793939641 ], [ -118.482315551403275, 36.226411186201325 ] ] ] ] } },
{ "type": "Feature", "properties": { "id": null }, "geometry": { "type": "MultiPolygon", "coordinates": [ [ [ [ -118.482371668307351, 36.226349433532882 ], [ -118.482369887333931, 36.22638033622237 ], [ -118.482355584527511, 36.226379795099362 ], [ -118.48235736550653, 36.226348892410485 ], [ -118.482371668307351, 36.226349433532882 ] ] ] ] } },
{ "type": "Feature", "properties": { "id": null }, "geometry": { "type": "MultiPolygon", "coordinates": [ [ [ [ -118.4824292597458, 36.226386453719712 ], [ -118.482427924031171, 36.226409630738559 ], [ -118.482413621218257, 36.226409089622116 ], [ -118.482414956937092, 36.226385912603725 ], [ -118.4824292597458, 36.226386453719712 ] ] ] ] } },
{ "type": "Feature", "properties": { "id": null }, "geometry": { "type": "MultiPolygon", "coordinates": [ [ [ [ -118.482656611365655, 36.226379569811783 ], [ -118.482656166150093, 36.226387295487193 ], [ -118.482637095732386, 36.226386574034983 ], [ -118.48263754094981, 36.226378848359786 ], [ -118.482656611365655, 36.226379569811783 ] ] ] ] } },
{ "type": "Feature", "properties": { "id": null }, "geometry": { "type": "MultiPolygon", "coordinates": [ [ [ [ -118.482627004000591, 36.226395870401589 ], [ -118.482625890953415, 36.226415184589214 ], [ -118.482597285318164, 36.226414102401819 ], [ -118.482598398372332, 36.226394788214954 ], [ -118.482627004000591, 36.226395870401589 ] ] ] ] } },
{ "type": "Feature", "properties": { "id": null }, "geometry": { "type": "MultiPolygon", "coordinates": [ [ [ [ -118.482581758136462, 36.226434806910589 ], [ -118.48258042246448, 36.226457983934139 ], [ -118.482547049207412, 36.226456721367548 ], [ -118.482548384889185, 36.226433544345063 ], [ -118.482581758136462, 36.226434806910589 ] ] ] ] } },
{ "type": "Feature", "properties": { "id": null }, "geometry": { "type": "MultiPolygon", "coordinates": [ [ [ [ -118.482526485430682, 36.226440458364856 ], [ -118.482525594971804, 36.226455909712698 ], [ -118.482511292148558, 36.226455368607347 ], [ -118.482512182610236, 36.226439917259796 ], [ -118.482526485430682, 36.226440458364856 ] ] ] ] } },
{ "type": "Feature", "properties": { "id": null }, "geometry": { "type": "MultiPolygon", "coordinates": [ [ [ [ -118.482732391632481, 36.226142418544754 ], [ -118.482731056019205, 36.226165595574265 ], [ -118.482697682879405, 36.226164333058421 ], [ -118.482699018502444, 36.226141156029975 ], [ -118.482732391632481, 36.226142418544754 ] ] ] ] } },
{ "type": "Feature", "properties": { "id": null }, "geometry": { "type": "MultiPolygon", "coordinates": [ [ [ [ -118.482624851839034, 36.226101573288979 ], [ -118.482623293588702, 36.226128613152881 ], [ -118.482585152881327, 36.226127170243785 ], [ -118.482586711144677, 36.226100130381305 ], [ -118.482624851839034, 36.226101573288979 ] ] ] ] } },
{ "type": "Feature", "properties": { "id": null }, "geometry": { "type": "MultiPolygon", "coordinates": [ [ [ [ -118.482579606159803, 36.226140509810378 ], [ -118.482576934841774, 36.226186863859489 ], [ -118.482538794108549, 36.226185420933625 ], [ -118.482541465448946, 36.226139066886958 ], [ -118.482579606159803, 36.226140509810378 ] ] ] ] } },
{ "type": "Feature", "properties": { "id": null }, "geometry": { "type": "MultiPolygon", "coordinates": [ [ [ [ -118.482507489439172, 36.226106811438704 ], [ -118.482504595468498, 36.226157028320472 ], [ -118.482461687164374, 36.226155405003233 ], [ -118.482464581162333, 36.226105188124428 ], [ -118.482507489439172, 36.226106811438704 ] ] ] ] } },
{ "type": "Feature", "properties": { "id": null }, "geometry": { "type": "MultiPolygon", "coordinates": [ [ [ [ -118.482114543798815, 36.226126786190619 ], [ -118.482111872207668, 36.226173140210022 ], [ -118.482078499093262, 36.226171877521246 ], [ -118.48208117070395, 36.226125523503988 ], [ -118.482114543798815, 36.226126786190619 ] ] ] ] } },
{ "type": "Feature", "properties": { "id": null }, "geometry": { "type": "MultiPolygon", "coordinates": [ [ [ [ -118.482790177502991, 36.226051694351781 ], [ -118.482788396713602, 36.226082597060689 ], [ -118.482750256019855, 36.226081154205801 ], [ -118.482752036824152, 36.226050251498506 ], [ -118.482790177502991, 36.226051694351781 ] ] ] ] } },
{ "type": "Feature", "properties": { "id": null }, "geometry": { "type": "MultiPolygon", "coordinates": [ [ [ [ -118.48281894083452, 36.226091495048905 ], [ -118.482817160053855, 36.226122397758843 ], [ -118.482793322106915, 36.226121495980834 ], [ -118.482795102896915, 36.226090593271913 ], [ -118.48281894083452, 36.226091495048905 ] ] ] ] } },
{ "type": "Feature", "properties": { "id": null }, "geometry": { "type": "MultiPolygon", "coordinates": [ [ [ [ -118.482889025972995, 36.226036077412253 ], [ -118.482886800035729, 36.226074705803732 ], [ -118.482829588994065, 36.226072541564307 ], [ -118.482831814959312, 36.226033913175861 ], [ -118.482889025972995, 36.226036077412253 ] ] ] ] } },
{ "type": "Feature", "properties": { "id": null }, "geometry": { "type": "MultiPolygon", "coordinates": [ [ [ [ -118.483003088437641, 36.22641977565597 ], [ -118.483001307708065, 36.226450678372089 ], [ -118.482972702045032, 36.226449596273532 ], [ -118.482974482785792, 36.226418693558628 ], [ -118.483003088437641, 36.22641977565597 ] ] ] ] } },
{ "type": "Feature", "properties": { "id": null }, "geometry": { "type": "MultiPolygon", "coordinates": [ [ [ [ -118.483052703154797, 36.226429394989516 ], [ -118.483050922444122, 36.226460297707703 ], [ -118.483012781553128, 36.2264588549236 ], [ -118.483014562278726, 36.226427952207032 ], [ -118.483052703154797, 36.226429394989516 ] ] ] ] } },
{ "type": "Feature", "properties": { "id": null }, "geometry": { "type": "MultiPolygon", "coordinates": [ [ [ [ -118.483072376696498, 36.226461109268442 ], [ -118.483068815283744, 36.226522914705924 ], [ -118.483011603901261, 36.226520750530582 ], [ -118.483015165358736, 36.226458945097953 ], [ -118.483072376696498, 36.226461109268442 ] ] ] ] } },
{ "type": "Feature", "properties": { "id": null }, "geometry": { "type": "MultiPolygon", "coordinates": [ [ [ [ -118.482973258526812, 36.226439939175144 ], [ -118.482971255191174, 36.226474704729206 ], [ -118.482928346685839, 36.226473081567107 ], [ -118.482930350040363, 36.226438316015106 ], [ -118.482973258526812, 36.226439939175144 ] ] ] ] } },
{ "type": "Feature", "properties": { "id": null }, "geometry": { "type": "MultiPolygon", "coordinates": [ [ [ [ -118.483168601342143, 36.226532496207753 ], [ -118.483166598086171, 36.226567261770654 ], [ -118.483128457137141, 36.226565819019768 ], [ -118.483130460409882, 36.226531053458686 ], [ -118.483168601342143, 36.226532496207753 ] ] ] ] } },
{ "type": "Feature", "properties": { "id": null }, "geometry": { "type": "MultiPolygon", "coordinates": [ [ [ [ -118.483327713323945, 36.226507544690094 ], [ -118.483325710140235, 36.226542310260804 ], [ -118.483306639667234, 36.22654158891266 ], [ -118.483308642859342, 36.226506823342866 ], [ -118.483327713323945, 36.226507544690094 ] ] ] ] } },
{ "type": "Feature", "properties": { "id": null }, "geometry": { "type": "MultiPolygon", "coordinates": [ [ [ [ -118.48340067429119, 36.226485141244872 ], [ -118.483397558278952, 36.226539221027046 ], [ -118.483359417331343, 36.226537778350739 ], [ -118.4833625333697, 36.226483698571407 ], [ -118.48340067429119, 36.226485141244872 ] ] ] ] } },
{ "type": "Feature", "properties": { "id": null }, "geometry": { "type": "MultiPolygon", "coordinates": [ [ [ [ -118.483383050553343, 36.226459311439761 ], [ -118.483381492543643, 36.226486351330387 ], [ -118.483343351622551, 36.226484908650775 ], [ -118.483344909645297, 36.226457868761557 ], [ -118.483383050553343, 36.226459311439761 ] ] ] ] } },
{ "type": "Feature", "properties": { "id": null }, "geometry": { "type": "MultiPolygon", "coordinates": [ [ [ [ -118.483461171177638, 36.225873294924163 ], [ -118.483458982338504, 36.225911284582843 ], [ -118.483431631334881, 36.225910250057204 ], [ -118.483433820187159, 36.225872260399946 ], [ -118.483461171177638, 36.225873294924163 ] ] ] ] } },
{ "type": "Feature", "properties": { "id": null }, "geometry": { "type": "MultiPolygon", "coordinates": [ [ [ [ -118.483401049849078, 36.225931302262296 ], [ -118.483398131351038, 36.225981955135744 ], [ -118.483362965746522, 36.225980625010102 ], [ -118.483365884267101, 36.225929972139106 ], [ -118.483401049849078, 36.225931302262296 ] ] ] ] } },
{ "type": "Feature", "properties": { "id": null }, "geometry": { "type": "MultiPolygon", "coordinates": [ [ [ [ -118.483593941930295, 36.225811689967649 ], [ -118.483592117955595, 36.225843348022707 ], [ -118.483553045120303, 36.225841870172879 ], [ -118.483554869110648, 36.225810212119534 ], [ -118.483593941930295, 36.225811689967649 ] ] ] ] } },
{ "type": "Feature", "properties": { "id": null }, "geometry": { "type": "MultiPolygon", "coordinates": [ [ [ [ -118.482472653704733, 36.225449338108952 ], [ -118.48247091592107, 36.225479493062473 ], [ -118.482443623079561, 36.225478460514864 ], [ -118.482445360873655, 36.225448305562466 ], [ -118.482472653704733, 36.225449338108952 ] ] ] ] } },
{ "type": "Feature", "properties": { "id": null }, "geometry": { "type": "MultiPolygon", "coordinates": [ [ [ [ -118.48246424477577, 36.225379512377621 ], [ -118.482462159436494, 36.225415698321846 ], [ -118.482397649139301, 36.225413257743725 ], [ -118.482399734508093, 36.225377071802718 ], [ -118.48246424477577, 36.225379512377621 ] ] ] ] } },
{ "type": "Feature", "properties": { "id": null }, "geometry": { "type": "MultiPolygon", "coordinates": [ [ [ [ -118.482405855371454, 36.22535715623966 ], [ -118.48240481268968, 36.225375249210408 ], [ -118.482377519886896, 36.225374216650259 ], [ -118.482378562574908, 36.225356123680186 ], [ -118.482405855371454, 36.22535715623966 ] ] ] ] } },
{ "type": "Feature", "properties": { "id": null }, "geometry": { "type": "MultiPolygon", "coordinates": [ [ [ [ -118.482362874323073, 36.225326316809067 ], [ -118.482361484068875, 36.225350440768743 ], [ -118.482334191276351, 36.225349408199321 ], [ -118.482335581538877, 36.225325284240554 ], [ -118.482362874323073, 36.225326316809067 ] ] ] ] } },
{ "type": "Feature", "properties": { "id": null }, "geometry": { "type": "MultiPolygon", "coordinates": [ [ [ [ -118.482328615844565, 36.225381432671888 ], [ -118.482326993865655, 36.225409577289902 ], [ -118.482304663383189, 36.225408732453211 ], [ -118.482306285370072, 36.225380587836071 ], [ -118.482328615844565, 36.225381432671888 ] ] ] ] } },
{ "type": "Feature", "properties": { "id": null }, "geometry": { "type": "MultiPolygon", "coordinates": [ [ [ [ -118.482357197441388, 36.225424822976848 ], [ -118.482355807180454, 36.22544894693592 ], [ -118.482301221528758, 36.225446881783483 ], [ -118.482302611806361, 36.225422757826202 ], [ -118.482357197441388, 36.225424822976848 ] ] ] ] } },
{ "type": "Feature", "properties": { "id": null }, "geometry": { "type": "MultiPolygon", "coordinates": [ [ [ [ -118.482369139849439, 36.22543333364564 ], [ -118.482368560575594, 36.225443385295435 ], [ -118.482353673579937, 36.225442822076161 ], [ -118.482354252855657, 36.225432770426579 ], [ -118.482369139849439, 36.22543333364564 ] ] ] ] } },
{ "type": "Feature", "properties": { "id": null }, "geometry": { "type": "MultiPolygon", "coordinates": [ [ [ [ -118.482397093985128, 36.225444464793895 ], [ -118.482396167152189, 36.225460547434125 ], [ -118.482368874320088, 36.225459514869925 ], [ -118.482369801158583, 36.2254434322303 ], [ -118.482397093985128, 36.225444464793895 ] ] ] ] } },
{ "type": "Feature", "properties": { "id": null }, "geometry": { "type": "MultiPolygon", "coordinates": [ [ [ [ -118.482333838617109, 36.225506542475181 ], [ -118.482331058070912, 36.225554790390994 ], [ -118.48230872754705, 36.225553945552164 ], [ -118.482311508106875, 36.225505697637836 ], [ -118.482333838617109, 36.225506542475181 ] ] ] ] } },
{ "type": "Feature", "properties": { "id": null }, "geometry": { "type": "MultiPolygon", "coordinates": [ [ [ [ -118.48255093591645, 36.225406968610898 ], [ -118.482549082315387, 36.225439133898355 ], [ -118.482516827152281, 36.225437913636384 ], [ -118.482518680766503, 36.225405748350347 ], [ -118.48255093591645, 36.225406968610898 ] ] ] ] } },
{ "type": "Feature", "properties": { "id": null }, "geometry": { "type": "MultiPolygon", "coordinates": [ [ [ [ -118.482598401437215, 36.225381565657379 ], [ -118.482596779554939, 36.225409710285895 ], [ -118.482542193912323, 36.225407645245284 ], [ -118.48254381581404, 36.225379500618885 ], [ -118.482598401437215, 36.225381565657379 ] ] ] ] } },
{ "type": "Feature", "properties": { "id": null }, "geometry": { "type": "MultiPolygon", "coordinates": [ [ [ [ -118.482131527302371, 36.225414270272665 ], [ -118.482130600416085, 36.225430352907075 ], [ -118.482105788769118, 36.225429414158214 ], [ -118.482106715660464, 36.225413331524337 ], [ -118.482131527302371, 36.225414270272665 ] ] ] ] } },
{ "type": "Feature", "properties": { "id": null }, "geometry": { "type": "MultiPolygon", "coordinates": [ [ [ [ -118.482200048970981, 36.225411825980387 ], [ -118.482197268352252, 36.225460073888037 ], [ -118.482157569699012, 36.22545857190844 ], [ -118.482160350341971, 36.225410324003427 ], [ -118.482200048970981, 36.225411825980387 ] ] ] ] } },
{ "type": "Feature", "properties": { "id": null }, "geometry": { "type": "MultiPolygon", "coordinates": [ [ [ [ -118.482253903498531, 36.225527133932523 ], [ -118.482248875184055, 36.225614383324533 ], [ -118.482180348902986, 36.225611790682478 ], [ -118.482185377293064, 36.225524541298704 ], [ -118.482253903498531, 36.225527133932523 ] ] ] ] } },
{ "type": "Feature", "properties": { "id": null }, "geometry": { "type": "MultiPolygon", "coordinates": [ [ [ [ -118.482806890697304, 36.225314518873702 ], [ -118.482804879525347, 36.225349420568804 ], [ -118.482777957081979, 36.225348402111251 ], [ -118.482779968265802, 36.225313500417464 ], [ -118.482806890697304, 36.225314518873702 ] ] ] ] } },
{ "type": "Feature", "properties": { "id": null }, "geometry": { "type": "MultiPolygon", "coordinates": [ [ [ [ -118.482801705026418, 36.225264042150812 ], [ -118.482800070950631, 36.225292399778127 ], [ -118.482762379557911, 36.225290973936282 ], [ -118.482764013647227, 36.225262616310438 ], [ -118.482801705026418, 36.225264042150812 ] ] ] ] } },
{ "type": "Feature", "properties": { "id": null }, "geometry": { "type": "MultiPolygon", "coordinates": [ [ [ [ -118.4827494211453, 36.225281739281037 ], [ -118.482747661349819, 36.225312278261995 ], [ -118.482693816494134, 36.225310241316912 ], [ -118.482695576310434, 36.225279702338206 ], [ -118.4827494211453, 36.225281739281037 ] ] ] ] } },
{ "type": "Feature", "properties": { "id": null }, "geometry": { "type": "MultiPolygon", "coordinates": [ [ [ [ -118.482690631781423, 36.225271863897937 ], [ -118.482688243456749, 36.225313309654467 ], [ -118.482639783089752, 36.225311476380867 ], [ -118.482642171439835, 36.225270030627101 ], [ -118.482690631781423, 36.225271863897937 ] ] ] ] } },
{ "type": "Feature", "properties": { "id": null }, "geometry": { "type": "MultiPolygon", "coordinates": [ [ [ [ -118.482673393958763, 36.225219838181566 ], [ -118.482671759839278, 36.225248195804063 ], [ -118.482650221916202, 36.225247381016501 ], [ -118.482651856043404, 36.22521902339485 ], [ -118.482673393958763, 36.225219838181566 ] ] ] ] } },
{ "type": "Feature", "properties": { "id": null }, "geometry": { "type": "MultiPolygon", "coordinates": [ [ [ [ -118.482759608478361, 36.225222006611936 ], [ -118.482757471592976, 36.225259089661115 ], [ -118.482709011254769, 36.225257256417891 ], [ -118.48271114816292, 36.225220173371191 ], [ -118.482759608478361, 36.225222006611936 ] ] ] ] } },
{ "type": "Feature", "properties": { "id": null }, "geometry": { "type": "MultiPolygon", "coordinates": [ [ [ [ -118.482894315545039, 36.225365920494831 ], [ -118.482892681496608, 36.225394278125293 ], [ -118.482836144327919, 36.225392139396696 ], [ -118.482837778396672, 36.225363781768436 ], [ -118.482894315545039, 36.225365920494831 ] ] ] ] } },
{ "type": "Feature", "properties": { "id": null }, "geometry": { "type": "MultiPolygon", "coordinates": [ [ [ [ -118.482882614065829, 36.225334872290354 ], [ -118.4828811057113, 36.225361048564366 ], [ -118.482835337546788, 36.22535931721162 ], [ -118.482836845916452, 36.22533314093927 ], [ -118.482882614065829, 36.225334872290354 ] ] ] ] } },
{ "type": "Feature", "properties": { "id": null }, "geometry": { "type": "MultiPolygon", "coordinates": [ [ [ [ -118.482942885512827, 36.225295616144493 ], [ -118.48294187995819, 36.225313066995412 ], [ -118.482928418740002, 36.225312557783248 ], [ -118.482929424297609, 36.225295106932641 ], [ -118.482942885512827, 36.225295616144493 ] ] ] ] } },
{ "type": "Feature", "properties": { "id": null }, "geometry": { "type": "MultiPolygon", "coordinates": [ [ [ [ -118.483184956771126, 36.2254226799839 ], [ -118.483183259520004, 36.225452136288503 ], [ -118.483150943769417, 36.22545091390657 ], [ -118.483152641032575, 36.225421457603282 ], [ -118.483184956771126, 36.2254226799839 ] ] ] ] } },
{ "type": "Feature", "properties": { "id": null }, "geometry": { "type": "MultiPolygon", "coordinates": [ [ [ [ -118.482948200704811, 36.225526886129622 ], [ -118.482946126170035, 36.225562888267234 ], [ -118.482913810384474, 36.225561665818056 ], [ -118.482915884933973, 36.225525663682049 ], [ -118.482948200704811, 36.225526886129622 ] ] ] ] } },
{ "type": "Feature", "properties": { "id": null }, "geometry": { "type": "MultiPolygon", "coordinates": [ [ [ [ -118.482854648155765, 36.225464306179184 ], [ -118.482852762180528, 36.225497035391307 ], [ -118.482820446426231, 36.225495812918822 ], [ -118.482822332414855, 36.225463083708142 ], [ -118.482854648155765, 36.225464306179184 ] ] ] ] } },
{ "type": "Feature", "properties": { "id": null }, "geometry": { "type": "MultiPolygon", "coordinates": [ [ [ [ -118.48302666320447, 36.225429812484393 ], [ -118.483025908844368, 36.225442904172468 ], [ -118.483005711506777, 36.225442140158385 ], [ -118.483006465870233, 36.225429048470673 ], [ -118.48302666320447, 36.225429812484393 ] ] ] ] } },
{ "type": "Feature", "properties": { "id": null }, "geometry": { "type": "MultiPolygon", "coordinates": [ [ [ [ -118.48321430032351, 36.225264707206783 ], [ -118.483212791674447, 36.225290890590415 ], [ -118.483180475988874, 36.225289668221116 ], [ -118.483181984648652, 36.225263484838663 ], [ -118.48321430032351, 36.225264707206783 ] ] ] ] } },
{ "type": "Feature", "properties": { "id": null }, "geometry": { "type": "MultiPolygon", "coordinates": [ [ [ [ -118.483312616830943, 36.225455389267651 ], [ -118.483311673939426, 36.225471753884129 ], [ -118.483291476586444, 36.225470989917767 ], [ -118.483292419482154, 36.22545462530173 ], [ -118.483312616830943, 36.225455389267651 ] ] ] ] } },
{ "type": "Feature", "properties": { "id": null }, "geometry": { "type": "MultiPolygon", "coordinates": [ [ [ [ -118.483327643244621, 36.225475637978136 ], [ -118.483325568887622, 36.22551164013494 ], [ -118.483297292578783, 36.225510570583353 ], [ -118.483299366948657, 36.225474568427956 ], [ -118.483327643244621, 36.225475637978136 ] ] ] ] } },
{ "type": "Feature", "properties": { "id": null }, "geometry": { "type": "MultiPolygon", "coordinates": [ [ [ [ -118.483256803563961, 36.22551067910247 ], [ -118.483255672077803, 36.225530316640544 ], [ -118.483239514184561, 36.225529705459323 ], [ -118.483240645674726, 36.225510067921689 ], [ -118.483256803563961, 36.22551067910247 ] ] ] ] } },
{ "type": "Feature", "properties": { "id": null }, "geometry": { "type": "MultiPolygon", "coordinates": [ [ [ [ -118.48328606241887, 36.225529826137915 ], [ -118.483285496679173, 36.22553964490735 ], [ -118.48326529930948, 36.225538880935339 ], [ -118.483265865051649, 36.225529062166196 ], [ -118.48328606241887, 36.225529826137915 ] ] ] ] } },
{ "type": "Feature", "properties": { "id": null }, "geometry": { "type": "MultiPolygon", "coordinates": [ [ [ [ -118.483248049554518, 36.225592349381721 ], [ -118.483247295226846, 36.225605441073441 ], [ -118.483227097841279, 36.225604677093806 ], [ -118.48322785217232, 36.225591585402441 ], [ -118.483248049554518, 36.225592349381721 ] ] ] ] } },
{ "type": "Feature", "properties": { "id": null }, "geometry": { "type": "MultiPolygon", "coordinates": [ [ [ [ -118.483464419558558, 36.225490651613448 ], [ -118.483462345263106, 36.225526653776974 ], [ -118.483409832099312, 36.225524667520908 ], [ -118.483411906418681, 36.225488665359983 ], [ -118.483464419558558, 36.225490651613448 ] ] ] ] } },
{ "type": "Feature", "properties": { "id": null }, "geometry": { "type": "MultiPolygon", "coordinates": [ [ [ [ -118.483445973915551, 36.225424352800303 ], [ -118.483444842480253, 36.225443990343798 ], [ -118.483416566191082, 36.225442920822104 ], [ -118.483417697633399, 36.225423283279369 ], [ -118.483445973915551, 36.225424352800303 ] ] ] ] } },
{ "type": "Feature", "properties": { "id": null }, "geometry": { "type": "MultiPolygon", "coordinates": [ [ [ [ -118.483378756955659, 36.225431650546902 ], [ -118.483377059776643, 36.225461106859328 ], [ -118.483356862424571, 36.225460342904192 ], [ -118.483358559611119, 36.225430886592584 ], [ -118.483378756955659, 36.225431650546902 ] ] ] ] } },
{ "type": "Feature", "properties": { "id": null }, "geometry": { "type": "MultiPolygon", "coordinates": [ [ [ [ -118.483249980426876, 36.22534805823252 ], [ -118.483248471785117, 36.225374241617068 ], [ -118.483220195528745, 36.225373172050745 ], [ -118.483221704179869, 36.225346988667212 ], [ -118.483249980426876, 36.22534805823252 ] ] ] ] } },
{ "type": "Feature", "properties": { "id": null }, "geometry": { "type": "MultiPolygon", "coordinates": [ [ [ [ -118.483302548085078, 36.225313965997493 ], [ -118.483301039462731, 36.22534014938411 ], [ -118.483256605362286, 36.22533846865489 ], [ -118.483258113999341, 36.225312285269894 ], [ -118.483302548085078, 36.225313965997493 ] ] ] ] } },
{ "type": "Feature", "properties": { "id": null }, "geometry": { "type": "MultiPolygon", "coordinates": [ [ [ [ -118.482586366980243, 36.225766070338722 ], [ -118.482583978642566, 36.225807514607851 ], [ -118.482528892842993, 36.225805430630608 ], [ -118.482531281209546, 36.225763986364612 ], [ -118.482586366980243, 36.225766070338722 ] ] ] ] } },
{ "type": "Feature", "properties": { "id": null }, "geometry": { "type": "MultiPolygon", "coordinates": [ [ [ [ -118.482562605584135, 36.225630982632836 ], [ -118.482559482371371, 36.225685178984151 ], [ -118.482488657885668, 36.225682499573452 ], [ -118.482491781146962, 36.225628303227417 ], [ -118.482562605584135, 36.225630982632836 ] ] ] ] } },
{ "type": "Feature", "properties": { "id": null }, "geometry": { "type": "MultiPolygon", "coordinates": [ [ [ [ -118.482452839944273, 36.225653987251661 ], [ -118.48244916548326, 36.225717747654947 ], [ -118.482374406284592, 36.22571491931577 ], [ -118.482378080805887, 36.225651158919042 ], [ -118.482452839944273, 36.225653987251661 ] ] ] ] } },
{ "type": "Feature", "properties": { "id": null }, "geometry": { "type": "MultiPolygon", "coordinates": [ [ [ [ -118.482377307677737, 36.225630362359496 ], [ -118.482374919241607, 36.225671806617612 ], [ -118.482304094786031, 36.225669127098506 ], [ -118.482306483259293, 36.22562768284444 ], [ -118.482377307677737, 36.225630362359496 ] ] ] ] } },
{ "type": "Feature", "properties": { "id": null }, "geometry": { "type": "MultiPolygon", "coordinates": [ [ [ [ -118.482322665875813, 36.225688999531179 ], [ -118.482319542490899, 36.225743195863977 ], [ -118.482217240417356, 36.225739325380218 ], [ -118.482220363872429, 36.225685129055051 ], [ -118.482322665875813, 36.225688999531179 ] ] ] ] } },
{ "type": "Feature", "properties": { "id": null }, "geometry": { "type": "MultiPolygon", "coordinates": [ [ [ [ -118.482127645485292, 36.225788652596101 ], [ -118.482125440640871, 36.225826908820139 ], [ -118.482078224259155, 36.225825122373706 ], [ -118.482080429126455, 36.225786866152156 ], [ -118.482127645485292, 36.225788652596101 ] ] ] ] } },
{ "type": "Feature", "properties": { "id": null }, "geometry": { "type": "MultiPolygon", "coordinates": [ [ [ [ -118.482170882079075, 36.225585810338607 ], [ -118.482168309803797, 36.225630442604142 ], [ -118.482125028226108, 36.225628805052075 ], [ -118.482127600525814, 36.225584172789205 ], [ -118.482170882079075, 36.225585810338607 ] ] ] ] } },
{ "type": "Feature", "properties": { "id": null }, "geometry": { "type": "MultiPolygon", "coordinates": [ [ [ [ -118.482096329218066, 36.22568203371695 ], [ -118.48209302193986, 36.225739418051418 ], [ -118.482030066838135, 36.225737036106601 ], [ -118.482033374162029, 36.225679651777099 ], [ -118.482096329218066, 36.22568203371695 ] ] ] ] } },
{ "type": "Feature", "properties": { "id": null }, "geometry": { "type": "MultiPolygon", "coordinates": [ [ [ [ -118.482051685273049, 36.22563561500737 ], [ -118.482049296664684, 36.22567705924677 ], [ -118.481994210997314, 36.225674975029797 ], [ -118.48199659963457, 36.225633530793552 ], [ -118.482051685273049, 36.22563561500737 ] ] ] ] } },
{ "type": "Feature", "properties": { "id": null }, "geometry": { "type": "MultiPolygon", "coordinates": [ [ [ [ -118.48258023050299, 36.225470400244035 ], [ -118.482579024491315, 36.225491328093831 ], [ -118.482553195149478, 36.225490350937108 ], [ -118.482554401167974, 36.22546942308805 ], [ -118.48258023050299, 36.225470400244035 ] ] ] ] } },
{ "type": "Feature", "properties": { "id": null }, "geometry": { "type": "MultiPolygon", "coordinates": [ [ [ [ -118.482590984429635, 36.225525660779844 ], [ -118.482588943486803, 36.22556107714118 ], [ -118.482553179750781, 36.225559724154195 ], [ -118.482555220709614, 36.225524307794615 ], [ -118.482590984429635, 36.225525660779844 ] ] ] ] } },
{ "type": "Feature", "properties": { "id": null }, "geometry": { "type": "MultiPolygon", "coordinates": [ [ [ [ -118.482597764617736, 36.225580770984401 ], [ -118.482596465835655, 36.22560330866893 ], [ -118.482568649581083, 36.225602256347337 ], [ -118.482569948371065, 36.225579718663688 ], [ -118.482597764617736, 36.225580770984401 ] ] ] ] } },
{ "type": "Feature", "properties": { "id": null }, "geometry": { "type": "MultiPolygon", "coordinates": [ [ [ [ -118.482670819518162, 36.225622710081005 ], [ -118.482668916695417, 36.225655730122796 ], [ -118.482635572741998, 36.225654468700689 ], [ -118.482637475578642, 36.225621448660405 ], [ -118.482670819518162, 36.225622710081005 ] ] ] ] } },
{ "type": "Feature", "properties": { "id": null }, "geometry": { "type": "MultiPolygon", "coordinates": [ [ [ [ -118.482647480110856, 36.225576701648365 ], [ -118.482646615188827, 36.225591710757925 ], [ -118.482628090785667, 36.225591009966628 ], [ -118.482628955711206, 36.22557600085743 ], [ -118.482647480110856, 36.225576701648365 ] ] ] ] } },
{ "type": "Feature", "properties": { "id": null }, "geometry": { "type": "MultiPolygon", "coordinates": [ [ [ [ -118.482422520436018, 36.225550140877964 ], [ -118.482421136493002, 36.225574155445877 ], [ -118.482391497464121, 36.22557303412303 ], [ -118.482392881416132, 36.225549019556098 ], [ -118.482422520436018, 36.225550140877964 ] ] ] ] } },
{ "type": "Feature", "properties": { "id": null }, "geometry": { "type": "MultiPolygon", "coordinates": [ [ [ [ -118.482478302629914, 36.22558083071992 ], [ -118.482477091693411, 36.225601843468382 ], [ -118.482451157531912, 36.225600862322771 ], [ -118.482452368475279, 36.225579849575077 ], [ -118.482478302629914, 36.22558083071992 ] ] ] ] } },
{ "type": "Feature", "properties": { "id": null }, "geometry": { "type": "MultiPolygon", "coordinates": [ [ [ [ -118.482481632672901, 36.225329758154594 ], [ -118.482479556801607, 36.225365780010698 ], [ -118.482457327586957, 36.225364939034243 ], [ -118.482459403468383, 36.22532891717924 ], [ -118.482481632672901, 36.225329758154594 ] ] ] ] } },
{ "type": "Feature", "properties": { "id": null }, "geometry": { "type": "MultiPolygon", "coordinates": [ [ [ [ -118.482441571094455, 36.225316209078557 ], [ -118.48243966819669, 36.225349229111565 ], [ -118.482402619515966, 36.225347827470046 ], [ -118.482404522429206, 36.225314807438728 ], [ -118.482441571094455, 36.225316209078557 ] ] ] ] } },
{ "type": "Feature", "properties": { "id": null }, "geometry": { "type": "MultiPolygon", "coordinates": [ [ [ [ -118.482356460162734, 36.225246805065026 ], [ -118.482354384240338, 36.225282826915389 ], [ -118.482306221002304, 36.225281004747721 ], [ -118.482308296946655, 36.225244982899753 ], [ -118.482356460162734, 36.225246805065026 ] ] ] ] } },
{ "type": "Feature", "properties": { "id": null }, "geometry": { "type": "MultiPolygon", "coordinates": [ [ [ [ -118.482132856234159, 36.225325587861292 ], [ -118.482129915189276, 36.22537661879943 ], [ -118.48207063730608, 36.225374376012617 ], [ -118.482073578389247, 36.22532334507865 ], [ -118.482132856234159, 36.225325587861292 ] ] ] ] } },
{ "type": "Feature", "properties": { "id": null }, "geometry": { "type": "MultiPolygon", "coordinates": [ [ [ [ -118.48368682313928, 36.224765036437667 ], [ -118.48368479088964, 36.224800311524497 ], [ -118.483641254446638, 36.224798664899744 ], [ -118.48364328671569, 36.224763389815031 ], [ -118.48368682313928, 36.224765036437667 ] ] ] ] } },
{ "type": "Feature", "properties": { "id": null }, "geometry": { "type": "MultiPolygon", "coordinates": [ [ [ [ -118.483702471885294, 36.224777412279657 ], [ -118.483701455763978, 36.224795049823456 ], [ -118.483686943616561, 36.224794500952385 ], [ -118.483687959741104, 36.224776863408934 ], [ -118.483702471885294, 36.224777412279657 ] ] ] ] } },
{ "type": "Feature", "properties": { "id": null }, "geometry": { "type": "MultiPolygon", "coordinates": [ [ [ [ -118.48376563682902, 36.224722354330254 ], [ -118.483764112671054, 36.224748810648485 ], [ -118.483742344460993, 36.22474798735351 ], [ -118.48374386862622, 36.224721531036089 ], [ -118.48376563682902, 36.224722354330254 ] ] ] ] } },
{ "type": "Feature", "properties": { "id": null }, "geometry": { "type": "MultiPolygon", "coordinates": [ [ [ [ -118.483819210595769, 36.224739110504125 ], [ -118.483818025153042, 36.224759687642006 ], [ -118.483803513009818, 36.224759138785522 ], [ -118.483804698456311, 36.224738561648053 ], [ -118.483819210595769, 36.224739110504125 ] ] ] ] } },
{ "type": "Feature", "properties": { "id": null }, "geometry": { "type": "MultiPolygon", "coordinates": [ [ [ [ -118.483834435988854, 36.22475883530786 ], [ -118.4838325731547, 36.224791170810754 ], [ -118.48380717689362, 36.224790210313145 ], [ -118.483809039738162, 36.224757874811388 ], [ -118.483834435988854, 36.22475883530786 ] ] ] ] } },
{ "type": "Feature", "properties": { "id": null }, "geometry": { "type": "MultiPolygon", "coordinates": [ [ [ [ -118.484076849849572, 36.2247164482906 ], [ -118.484073124383613, 36.224781119318273 ], [ -118.484000563625983, 36.22477837517166 ], [ -118.484004289151315, 36.224713704150453 ], [ -118.484076849849572, 36.2247164482906 ] ] ] ] } },
{ "type": "Feature", "properties": { "id": null }, "geometry": { "type": "MultiPolygon", "coordinates": [ [ [ [ -118.483578092811285, 36.22493186663656 ], [ -118.48357673267914, 36.224955474631855 ], [ -118.483553423078789, 36.224954593001137 ], [ -118.483554783217883, 36.224930985006587 ], [ -118.483578092811285, 36.22493186663656 ] ] ] ] } },
{ "type": "Feature", "properties": { "id": null }, "geometry": { "type": "MultiPolygon", "coordinates": [ [ [ [ -118.483620642200478, 36.224953586477788 ], [ -118.483619418092147, 36.224974833674743 ], [ -118.483590281082968, 36.22497373164552 ], [ -118.483591505199129, 36.224952484449418 ], [ -118.483620642200478, 36.224953586477788 ] ] ] ] } },
{ "type": "Feature", "properties": { "id": null }, "geometry": { "type": "MultiPolygon", "coordinates": [ [ [ [ -118.483674749672645, 36.224952084011882 ], [ -118.483672981537012, 36.224982774409753 ], [ -118.483646758224083, 36.224981782595322 ], [ -118.483648526369919, 36.224951092198552 ], [ -118.483674749672645, 36.224952084011882 ] ] ] ] } },
{ "type": "Feature", "properties": { "id": null }, "geometry": { "type": "MultiPolygon", "coordinates": [ [ [ [ -118.483731383160489, 36.225028647551852 ], [ -118.483730628406917, 36.225041748313743 ], [ -118.483710866313629, 36.225041000884282 ], [ -118.483711621070469, 36.22502790012274 ], [ -118.483731383160489, 36.225028647551852 ] ] ] ] } },
{ "type": "Feature", "properties": { "id": null }, "geometry": { "type": "MultiPolygon", "coordinates": [ [ [ [ -118.482953162440808, 36.225569120933748 ], [ -118.48295134649787, 36.225600635375365 ], [ -118.482907589101345, 36.225598980109368 ], [ -118.482909405061733, 36.225567465669656 ], [ -118.482953162440808, 36.225569120933748 ] ] ] ] } },
{ "type": "Feature", "properties": { "id": null }, "geometry": { "type": "MultiPolygon", "coordinates": [ [ [ [ -118.483121060215666, 36.225614950981651 ], [ -118.483119698306965, 36.225638586818199 ], [ -118.483095388624406, 36.225637667261317 ], [ -118.483096750540355, 36.225614031425565 ], [ -118.483121060215666, 36.225614950981651 ] ] ] ] } },
{ "type": "Feature", "properties": { "id": null }, "geometry": { "type": "MultiPolygon", "coordinates": [ [ [ [ -118.483286234487181, 36.225708052490162 ], [ -118.48328509960092, 36.225727749024827 ], [ -118.483251065999212, 36.225726461688147 ], [ -118.483252200893958, 36.225706765154399 ], [ -118.483286234487181, 36.225708052490162 ] ] ] ] } },
{ "type": "Feature", "properties": { "id": null }, "geometry": { "type": "MultiPolygon", "coordinates": [ [ [ [ -118.484379791622089, 36.224850080285634 ], [ -118.484378418365978, 36.224873920396291 ], [ -118.484345316989106, 36.224872668637602 ], [ -118.484346690255194, 36.224848828528025 ], [ -118.484379791622089, 36.224850080285634 ] ] ] ] } },
{ "type": "Feature", "properties": { "id": null }, "geometry": { "type": "MultiPolygon", "coordinates": [ [ [ [ -118.484477465028803, 36.224882145638993 ], [ -118.484476778414958, 36.224894065695885 ], [ -118.484451032889325, 36.224893092127289 ], [ -118.484451719507035, 36.224881172070809 ], [ -118.484477465028803, 36.224882145638993 ] ] ] ] } },
{ "type": "Feature", "properties": { "id": null }, "geometry": { "type": "MultiPolygon", "coordinates": [ [ [ [ -118.484561812535873, 36.224825605097159 ], [ -118.484560439336249, 36.224849445213913 ], [ -118.48453101589179, 36.224848332585367 ], [ -118.484532389100295, 36.224824492469594 ], [ -118.484561812535873, 36.224825605097159 ] ] ] ] } },
{ "type": "Feature", "properties": { "id": null }, "geometry": { "type": "MultiPolygon", "coordinates": [ [ [ [ -118.484639073248687, 36.224924094800642 ], [ -118.484638215010662, 36.224938994874982 ], [ -118.48460879152951, 36.224937882263205 ], [ -118.484609649773091, 36.224922982189483 ], [ -118.484639073248687, 36.224924094800642 ] ] ] ] } },
{ "type": "Feature", "properties": { "id": null }, "geometry": { "type": "MultiPolygon", "coordinates": [ [ [ [ -118.484687536294132, 36.224882623022523 ], [ -118.484685304901234, 36.224921363218563 ], [ -118.484663237293759, 36.224920528769445 ], [ -118.484665468697429, 36.224881788574578 ], [ -118.484687536294132, 36.224882623022523 ] ] ] ] } },
{ "type": "Feature", "properties": { "id": null }, "geometry": { "type": "MultiPolygon", "coordinates": [ [ [ [ -118.484336771925172, 36.224969212117763 ], [ -118.484335833206302, 36.224985508316237 ], [ -118.484306781406374, 36.224984409684737 ], [ -118.484307720131227, 36.224968113486923 ], [ -118.484336771925172, 36.224969212117763 ] ] ] ] } },
{ "type": "Feature", "properties": { "id": null }, "geometry": { "type": "MultiPolygon", "coordinates": [ [ [ [ -118.48438069245644, 36.224945468152704 ], [ -118.48437923224219, 36.224970817796375 ], [ -118.484341241432062, 36.224969381137271 ], [ -118.484342701658505, 36.224944031494935 ], [ -118.48438069245644, 36.224945468152704 ] ] ] ] } },
{ "type": "Feature", "properties": { "id": null }, "geometry": { "type": "MultiPolygon", "coordinates": [ [ [ [ -118.484394785721832, 36.225031288853849 ], [ -118.484393534109699, 36.225053017119976 ], [ -118.484366717038384, 36.225052003010148 ], [ -118.484367968657878, 36.225030274744825 ], [ -118.484394785721832, 36.225031288853849 ] ] ] ] } },
{ "type": "Feature", "properties": { "id": null }, "geometry": { "type": "MultiPolygon", "coordinates": [ [ [ [ -118.484458104334536, 36.224942951618878 ], [ -118.484456226948197, 36.224975544021348 ], [ -118.484424940393254, 36.224974360911204 ], [ -118.48442681779251, 36.224941768510128 ], [ -118.484458104334536, 36.224942951618878 ] ] ] ] } },
{ "type": "Feature", "properties": { "id": null }, "geometry": { "type": "MultiPolygon", "coordinates": [ [ [ [ -118.484490046574422, 36.22491331075107 ], [ -118.484488169203345, 36.224945903155131 ], [ -118.484436769881185, 36.224943959484953 ], [ -118.484438647273436, 36.224911367083195 ], [ -118.484490046574422, 36.22491331075107 ] ] ] ] } },
{ "type": "Feature", "properties": { "id": null }, "geometry": { "type": "MultiPolygon", "coordinates": [ [ [ [ -118.48458272142085, 36.224995751745034 ], [ -118.484581782752088, 36.225012047948965 ], [ -118.484554965687778, 36.225011033882303 ], [ -118.484555904362082, 36.224994737678983 ], [ -118.48458272142085, 36.224995751745034 ] ] ] ] } },
{ "type": "Feature", "properties": { "id": null }, "geometry": { "type": "MultiPolygon", "coordinates": [ [ [ [ -118.483029676327732, 36.224963707685198 ], [ -118.48302882494697, 36.224978483398864 ], [ -118.482996911598747, 36.224977276203134 ], [ -118.482997762985477, 36.224962500490129 ], [ -118.483029676327732, 36.224963707685198 ] ] ] ] } },
{ "type": "Feature", "properties": { "id": null }, "geometry": { "type": "MultiPolygon", "coordinates": [ [ [ [ -118.482852096234055, 36.225151344125059 ], [ -118.482851031958958, 36.225169813762022 ], [ -118.48283279571983, 36.225169123906717 ], [ -118.482833859999175, 36.225150654270209 ], [ -118.482852096234055, 36.225151344125059 ] ] ] ] } },
{ "type": "Feature", "properties": { "id": null }, "geometry": { "type": "MultiPolygon", "coordinates": [ [ [ [ -118.482860407488488, 36.225205337230712 ], [ -118.482859981778489, 36.225212725085512 ], [ -118.482846304591433, 36.225212207694781 ], [ -118.482846730302697, 36.22520481984013 ], [ -118.482860407488488, 36.225205337230712 ] ] ] ] } },
{ "type": "Feature", "properties": { "id": null }, "geometry": { "type": "MultiPolygon", "coordinates": [ [ [ [ -118.48274109981584, 36.225095317511084 ], [ -118.482738758356746, 36.225135950706395 ], [ -118.482702285900473, 36.225134570959895 ], [ -118.482704627378311, 36.225093937766616 ], [ -118.48274109981584, 36.225095317511084 ] ] ] ] } },
{ "type": "Feature", "properties": { "id": null }, "geometry": { "type": "MultiPolygon", "coordinates": [ [ [ [ -118.482687012260342, 36.225161758001313 ], [ -118.482684670767597, 36.22520239119315 ], [ -118.48263452110217, 36.225200494013201 ], [ -118.482636862620694, 36.225159860824171 ], [ -118.482687012260342, 36.225161758001313 ] ] ] ] } },
{ "type": "Feature", "properties": { "id": null }, "geometry": { "type": "MultiPolygon", "coordinates": [ [ [ [ -118.483314609693636, 36.224891517034493 ], [ -118.483313858127573, 36.22490456132558 ], [ -118.483297758866982, 36.224903952374206 ], [ -118.483298510435716, 36.224890908083417 ], [ -118.483314609693636, 36.224891517034493 ] ] ] ] } },
{ "type": "Feature", "properties": { "id": null }, "geometry": { "type": "MultiPolygon", "coordinates": [ [ [ [ -118.483567876619148, 36.224976264658181 ], [ -118.483567125092804, 36.224989308953646 ], [ -118.483551025809234, 36.224988700035126 ], [ -118.483551777338221, 36.224975655739954 ], [ -118.483567876619148, 36.224976264658181 ] ] ] ] } },
{ "type": "Feature", "properties": { "id": null }, "geometry": { "type": "MultiPolygon", "coordinates": [ [ [ [ -118.483496072755401, 36.22503237606454 ], [ -118.483494945445528, 36.225051942505594 ], [ -118.483470796503468, 36.225051029111086 ], [ -118.483471923819323, 36.225031462670692 ], [ -118.483496072755401, 36.22503237606454 ] ] ] ] } },
{ "type": "Feature", "properties": { "id": null }, "geometry": { "type": "MultiPolygon", "coordinates": [ [ [ [ -118.482662604054838, 36.224376626483448 ], [ -118.482661100733992, 36.224402715044285 ], [ -118.482645001590797, 36.224402106012313 ], [ -118.482646504916957, 36.224376017452052 ], [ -118.482662604054838, 36.224376626483448 ] ] ] ] } },
{ "type": "Feature", "properties": { "id": null }, "geometry": { "type": "MultiPolygon", "coordinates": [ [ [ [ -118.483366941810544, 36.224403269494971 ], [ -118.483365062949744, 36.224435880227617 ], [ -118.483324815036468, 36.22443435787924 ], [ -118.483326693913881, 36.224401747148399 ], [ -118.483366941810544, 36.224403269494971 ] ] ] ] } },
{ "type": "Feature", "properties": { "id": null }, "geometry": { "type": "MultiPolygon", "coordinates": [ [ [ [ -118.483761855432007, 36.224339769755517 ], [ -118.483760728216865, 36.224359336206014 ], [ -118.483744629058066, 36.224358727322617 ], [ -118.483745756277216, 36.224339160872553 ], [ -118.483761855432007, 36.224339769755517 ] ] ] ] } },
{ "type": "Feature", "properties": { "id": null }, "geometry": { "type": "MultiPolygon", "coordinates": [ [ [ [ -118.483838326423935, 36.224342661920126 ], [ -118.483836823495409, 36.224368750523517 ], [ -118.483820724333, 36.224368141650224 ], [ -118.483822227266813, 36.224342053047401 ], [ -118.483838326423935, 36.224342661920126 ] ] ] ] } },
{ "type": "Feature", "properties": { "id": null }, "geometry": { "type": "MultiPolygon", "coordinates": [ [ [ [ -118.484060065596623, 36.22434451154831 ], [ -118.484057059884719, 36.224396688770923 ], [ -118.483992663195465, 36.224394253381725 ], [ -118.483995668949859, 36.22434207616373 ], [ -118.484060065596623, 36.22434451154831 ] ] ] ] } },
{ "type": "Feature", "properties": { "id": null }, "geometry": { "type": "MultiPolygon", "coordinates": [ [ [ [ -118.483943534541609, 36.224336836312446 ], [ -118.48394278309523, 36.224349880616074 ], [ -118.483934733514701, 36.22434957618696 ], [ -118.483935484962416, 36.22433653188348 ], [ -118.483943534541609, 36.224336836312446 ] ] ] ] } },
{ "type": "Feature", "properties": { "id": null }, "geometry": { "type": "MultiPolygon", "coordinates": [ [ [ [ -118.482285229358098, 36.224695703999203 ], [ -118.482282974161805, 36.224734836817895 ], [ -118.482258825357704, 36.224733923185646 ], [ -118.482261080565962, 36.224694790368247 ], [ -118.482285229358098, 36.224695703999203 ] ] ] ] } },
{ "type": "Feature", "properties": { "id": null }, "geometry": { "type": "MultiPolygon", "coordinates": [ [ [ [ -118.482180402541005, 36.224807783564245 ], [ -118.482178339342326, 36.224843583806091 ], [ -118.48213415472938, 36.224841912105759 ], [ -118.482136217948053, 36.22480611186608 ], [ -118.482180402541005, 36.224807783564245 ] ] ] ] } },
{ "type": "Feature", "properties": { "id": null }, "geometry": { "type": "MultiPolygon", "coordinates": [ [ [ [ -118.482108334437541, 36.224824884383153 ], [ -118.482107139934755, 36.224845610836894 ], [ -118.48208853588811, 36.22484490695394 ], [ -118.482089730395757, 36.22482418050074 ], [ -118.482108334437541, 36.224824884383153 ] ] ] ] } },
{ "type": "Feature", "properties": { "id": null }, "geometry": { "type": "MultiPolygon", "coordinates": [ [ [ [ -118.482369899550903, 36.224835724536455 ], [ -118.482367619266313, 36.224875293234987 ], [ -118.48232343462395, 36.224873621603294 ], [ -118.482325714930639, 36.224834052907163 ], [ -118.482369899550903, 36.224835724536455 ] ] ] ] } },
{ "type": "Feature", "properties": { "id": null }, "geometry": { "type": "MultiPolygon", "coordinates": [ [ [ [ -118.482385648726051, 36.224906188645363 ], [ -118.482384345708013, 36.224928799330506 ], [ -118.482370392652854, 36.224928271449855 ], [ -118.482371695674885, 36.224905660765138 ], [ -118.482385648726051, 36.224906188645363 ] ] ] ] } },
{ "type": "Feature", "properties": { "id": null }, "geometry": { "type": "MultiPolygon", "coordinates": [ [ [ [ -118.482439940765204, 36.224934679284743 ], [ -118.482437769091447, 36.224972363762575 ], [ -118.482395909900731, 36.2249707801328 ], [ -118.482398081594425, 36.224933095657136 ], [ -118.482439940765204, 36.224934679284743 ] ] ] ] } },
{ "type": "Feature", "properties": { "id": null }, "geometry": { "type": "MultiPolygon", "coordinates": [ [ [ [ -118.482469240411433, 36.224992437704167 ], [ -118.48246641724711, 36.225041427526811 ], [ -118.482410604942231, 36.225039316027107 ], [ -118.482413428141157, 36.224990326208228 ], [ -118.482469240411433, 36.224992437704167 ] ] ] ] } },
{ "type": "Feature", "properties": { "id": null }, "geometry": { "type": "MultiPolygon", "coordinates": [ [ [ [ -118.482497250521874, 36.224622560101139 ], [ -118.482496366829096, 36.224637894966925 ], [ -118.482473234779917, 36.22463701984455 ], [ -118.482474118477185, 36.224621684979262 ], [ -118.482497250521874, 36.224622560101139 ] ] ] ] } },
{ "type": "Feature", "properties": { "id": null }, "geometry": { "type": "MultiPolygon", "coordinates": [ [ [ [ -118.482527734647576, 36.224660426511917 ], [ -118.482525181769148, 36.224704727236698 ], [ -118.482476814715284, 36.224702897439037 ], [ -118.48247936762084, 36.224658596717198 ], [ -118.482527734647576, 36.224660426511917 ] ] ] ] } },
{ "type": "Feature", "properties": { "id": null }, "geometry": { "type": "MultiPolygon", "coordinates": [ [ [ [ -118.482425821038262, 36.224636933681431 ], [ -118.482423857243603, 36.224671011157412 ], [ -118.482394416444464, 36.224669897345805 ], [ -118.482396380251814, 36.224635819871196 ], [ -118.482425821038262, 36.224636933681431 ] ] ] ] } }
]
}
