{
"type": "FeatureCollection",
"name": "alee8558_mortalitree_postfire_labels",
"crs": { "type": "name", "properties": { "name": "urn:ogc:def:crs:OGC:1.3:CRS84" } },
"features": [
{ "type": "Feature", "properties": { "id": null }, "geometry": { "type": "MultiPolygon", "coordinates": [ [ [ [ -118.372840006773615, 36.303255045544027 ], [ -118.372834235406089, 36.303352531534237 ], [ -118.372686002625457, 36.303346781931573 ], [ -118.372691774176261, 36.303249295961741 ], [ -118.372840006773615, 36.303255045544027 ] ] ] ] } },
{ "type": "Feature", "properties": { "id": null }, "geometry": { "type": "MultiPolygon", "coordinates": [ [ [ [ -118.374533089211269, 36.303046363623658 ], [ -118.374525988633351, 36.303166346672384 ], [ -118.374322168566877, 36.30315844384041 ], [ -118.374329269454975, 36.303038460826137 ], [ -118.374533089211269, 36.303046363623658 ] ] ] ] } },
{ "type": "Feature", "properties": { "id": null }, "geometry": { "type": "MultiPolygon", "coordinates": [ [ [ [ -118.374688394814626, 36.30301104631198 ], [ -118.374681738255646, 36.303123530445681 ], [ -118.374524240975958, 36.303117423953623 ], [ -118.374530897759612, 36.303004939844882 ], [ -118.374688394814626, 36.30301104631198 ] ] ] ] } },
{ "type": "Feature", "properties": { "id": null }, "geometry": { "type": "MultiPolygon", "coordinates": [ [ [ [ -118.374466896018291, 36.302926607861401 ], [ -118.374461932965431, 36.303010471007383 ], [ -118.37433948676167, 36.303005723314541 ], [ -118.374344449944772, 36.302921860183027 ], [ -118.374466896018291, 36.302926607861401 ] ] ] ] } },
{ "type": "Feature", "properties": { "id": null }, "geometry": { "type": "MultiPolygon", "coordinates": [ [ [ [ -118.374061402561651, 36.30299876119966 ], [ -118.374057792745475, 36.303059752542964 ], [ -118.373954184411431, 36.303055734917628 ], [ -118.373957794307799, 36.302994743583234 ], [ -118.374061402561651, 36.30299876119966 ] ] ] ] } },
{ "type": "Feature", "properties": { "id": null }, "geometry": { "type": "MultiPolygon", "coordinates": [ [ [ [ -118.374029266576116, 36.303069853799762 ], [ -118.374027431570084, 36.303100857730961 ], [ -118.373979551935562, 36.303099001098218 ], [ -118.373981386960438, 36.303067997169123 ], [ -118.374029266576116, 36.303069853799762 ] ] ] ] } },
{ "type": "Feature", "properties": { "id": null }, "geometry": { "type": "MultiPolygon", "coordinates": [ [ [ [ -118.373976140242675, 36.303075562487258 ], [ -118.373973846457943, 36.30311431739824 ], [ -118.373887663110679, 36.303110975405879 ], [ -118.373889956937788, 36.303072220499601 ], [ -118.373976140242675, 36.303075562487258 ] ] ] ] } },
{ "type": "Feature", "properties": { "id": null }, "geometry": { "type": "MultiPolygon", "coordinates": [ [ [ [ -118.374217631404321, 36.302968395033197 ], [ -118.374213961552172, 36.303030402912917 ], [ -118.374089474590633, 36.30302557583034 ], [ -118.37409314454068, 36.302963567961498 ], [ -118.374217631404321, 36.302968395033197 ] ] ] ] } },
{ "type": "Feature", "properties": { "id": null }, "geometry": { "type": "MultiPolygon", "coordinates": [ [ [ [ -118.373895232723498, 36.302983084213722 ], [ -118.373890645085069, 36.303060594027649 ], [ -118.373794885888188, 36.303056880637044 ], [ -118.373799473620778, 36.302979370833583 ], [ -118.373895232723498, 36.302983084213722 ] ] ] ] } },
{ "type": "Feature", "properties": { "id": null }, "geometry": { "type": "MultiPolygon", "coordinates": [ [ [ [ -118.373729230802198, 36.303031028279499 ], [ -118.373727395680007, 36.303062032197715 ], [ -118.373641212420353, 36.303058690031826 ], [ -118.373643047576437, 36.303027686117375 ], [ -118.373729230802198, 36.303031028279499 ] ] ] ] } },
{ "type": "Feature", "properties": { "id": null }, "geometry": { "type": "MultiPolygon", "coordinates": [ [ [ [ -118.373675216205669, 36.302970667835702 ], [ -118.373671545923841, 36.303032675667758 ], [ -118.373575786790809, 36.303028962104122 ], [ -118.373579457147969, 36.302966954280429 ], [ -118.373675216205669, 36.302970667835702 ] ] ] ] } },
{ "type": "Feature", "properties": { "id": null }, "geometry": { "type": "MultiPolygon", "coordinates": [ [ [ [ -118.373784909536184, 36.302901118345524 ], [ -118.373783533217861, 36.302924371286551 ], [ -118.373687774202054, 36.302920657822099 ], [ -118.3736891505486, 36.302897404884206 ], [ -118.373784909536184, 36.302901118345524 ] ] ] ] } },
{ "type": "Feature", "properties": { "id": null }, "geometry": { "type": "MultiPolygon", "coordinates": [ [ [ [ -118.373899161241638, 36.302835629896911 ], [ -118.373896408677837, 36.302882135786859 ], [ -118.373819801492829, 36.302879165096684 ], [ -118.373822554101821, 36.302832659211774 ], [ -118.373899161241638, 36.302835629896911 ] ] ] ] } },
{ "type": "Feature", "properties": { "id": null }, "geometry": { "type": "MultiPolygon", "coordinates": [ [ [ [ -118.374462590660272, 36.302721523614146 ], [ -118.374458462331191, 36.302791282505858 ], [ -118.374324399813602, 36.302786084407366 ], [ -118.374328528261287, 36.302716325528849 ], [ -118.374462590660272, 36.302721523614146 ] ] ] ] } },
{ "type": "Feature", "properties": { "id": null }, "geometry": { "type": "MultiPolygon", "coordinates": [ [ [ [ -118.374449345140818, 36.302783160230256 ], [ -118.374444758084195, 36.302860670107599 ], [ -118.374320271351721, 36.302855843284661 ], [ -118.374324858530699, 36.302778333420932 ], [ -118.374449345140818, 36.302783160230256 ] ] ] ] } },
{ "type": "Feature", "properties": { "id": null }, "geometry": { "type": "MultiPolygon", "coordinates": [ [ [ [ -118.374623747086574, 36.302836534866891 ], [ -118.374620077573582, 36.302898542783645 ], [ -118.374495590749987, 36.302893716138954 ], [ -118.374499260360892, 36.302831708233072 ], [ -118.374623747086574, 36.302836534866891 ] ] ] ] } },
{ "type": "Feature", "properties": { "id": null }, "geometry": { "type": "MultiPolygon", "coordinates": [ [ [ [ -118.374645449911171, 36.302713075938968 ], [ -118.374641780431901, 36.302775083858904 ], [ -118.374526869694378, 36.30277062853299 ], [ -118.374530539264001, 36.3027086206231 ], [ -118.374645449911171, 36.302713075938968 ] ] ] ] } },
{ "type": "Feature", "properties": { "id": null }, "geometry": { "type": "MultiPolygon", "coordinates": [ [ [ [ -118.374714287673314, 36.302766241895668 ], [ -118.374710618241423, 36.302828249821097 ], [ -118.374595707414684, 36.302823794555756 ], [ -118.374599376936956, 36.302761786640374 ], [ -118.374714287673314, 36.302766241895668 ] ] ] ] } },
{ "type": "Feature", "properties": { "id": null }, "geometry": { "type": "MultiPolygon", "coordinates": [ [ [ [ -118.373893110146113, 36.303181105572733 ], [ -118.373888981240555, 36.303250864402806 ], [ -118.373793221811269, 36.30324715099421 ], [ -118.373797350801553, 36.303177392173552 ], [ -118.373893110146113, 36.303181105572733 ] ] ] ] } },
{ "type": "Feature", "properties": { "id": null }, "geometry": { "type": "MultiPolygon", "coordinates": [ [ [ [ -118.373962435495045, 36.30314494999692 ], [ -118.373959224177554, 36.303199206870516 ], [ -118.373853888865298, 36.303195122183723 ], [ -118.373857100255279, 36.303140865318177 ], [ -118.373962435495045, 36.30314494999692 ] ] ] ] } },
{ "type": "Feature", "properties": { "id": null }, "geometry": { "type": "MultiPolygon", "coordinates": [ [ [ [ -118.37421734458529, 36.303135412517875 ], [ -118.374214592180266, 36.303181918426439 ], [ -118.374109256853174, 36.303177833966309 ], [ -118.374112009320342, 36.303131328064659 ], [ -118.37421734458529, 36.303135412517875 ] ] ] ] } },
{ "type": "Feature", "properties": { "id": null }, "geometry": { "type": "MultiPolygon", "coordinates": [ [ [ [ -118.374286411733607, 36.303184703232638 ], [ -118.374282283177791, 36.303254462101535 ], [ -118.374157795848106, 36.303249635064589 ], [ -118.37416192451407, 36.303179876207928 ], [ -118.374286411733607, 36.303184703232638 ] ] ] ] } },
{ "type": "Feature", "properties": { "id": null }, "geometry": { "type": "MultiPolygon", "coordinates": [ [ [ [ -118.374258515238978, 36.303412800335906 ], [ -118.374253927888034, 36.303490310184145 ], [ -118.374091136286921, 36.303483997805344 ], [ -118.374095723797907, 36.303406487974911 ], [ -118.374258515238978, 36.303412800335906 ] ] ] ] } },
{ "type": "Feature", "properties": { "id": null }, "geometry": { "type": "MultiPolygon", "coordinates": [ [ [ [ -118.374381196552534, 36.303367060226343 ], [ -118.374377526776442, 36.303429068116294 ], [ -118.374300919004355, 36.303426097696082 ], [ -118.374304588840673, 36.303364089812831 ], [ -118.374381196552534, 36.303367060226343 ] ] ] ] } },
{ "type": "Feature", "properties": { "id": null }, "geometry": { "type": "MultiPolygon", "coordinates": [ [ [ [ -118.37424919736759, 36.303326982538685 ], [ -118.374245068757162, 36.303396741402253 ], [ -118.374111005243805, 36.303391542990234 ], [ -118.37411513397285, 36.303321784139861 ], [ -118.37424919736759, 36.303326982538685 ] ] ] ] } },
{ "type": "Feature", "properties": { "id": null }, "geometry": { "type": "MultiPolygon", "coordinates": [ [ [ [ -118.373238076648789, 36.303140165310012 ], [ -118.373235782493452, 36.303178920180059 ], [ -118.373178326939708, 36.30317669183394 ], [ -118.373180621123296, 36.303137936967026 ], [ -118.373238076648789, 36.303140165310012 ] ] ] ] } },
{ "type": "Feature", "properties": { "id": null }, "geometry": { "type": "MultiPolygon", "coordinates": [ [ [ [ -118.373081879427474, 36.303184604321061 ], [ -118.373080502886211, 36.303207857237837 ], [ -118.373013471397428, 36.303205257409175 ], [ -118.373014847958473, 36.303182004494609 ], [ -118.373081879427474, 36.303184604321061 ] ] ] ] } },
{ "type": "Feature", "properties": { "id": null }, "geometry": { "type": "MultiPolygon", "coordinates": [ [ [ [ -118.373475828219966, 36.303184021687713 ], [ -118.373473495944538, 36.303223422485246 ], [ -118.373424818278167, 36.303221534677476 ], [ -118.373427150577925, 36.30318213388265 ], [ -118.373475828219966, 36.303184021687713 ] ] ] ] } },
{ "type": "Feature", "properties": { "id": null }, "geometry": { "type": "MultiPolygon", "coordinates": [ [ [ [ -118.373362703484929, 36.303199380102257 ], [ -118.373360371151279, 36.303238780893395 ], [ -118.37331169348316, 36.303236893038871 ], [ -118.373314025841125, 36.303197492250447 ], [ -118.373362703484929, 36.303199380102257 ] ] ] ] } },
{ "type": "Feature", "properties": { "id": null }, "geometry": { "type": "MultiPolygon", "coordinates": [ [ [ [ -118.373440181346879, 36.303044419878113 ], [ -118.373435516779438, 36.303123221470663 ], [ -118.373270012952887, 36.303116802806308 ], [ -118.373274677685757, 36.303038001232146 ], [ -118.373440181346879, 36.303044419878113 ] ] ] ] } },
{ "type": "Feature", "properties": { "id": null }, "geometry": { "type": "MultiPolygon", "coordinates": [ [ [ [ -118.37365963721011, 36.303210895570949 ], [ -118.373655439273364, 36.303281817024384 ], [ -118.373489935060164, 36.303275398640466 ], [ -118.373494133145769, 36.303204477203579 ], [ -118.37365963721011, 36.303210895570949 ] ] ] ] } },
{ "type": "Feature", "properties": { "id": null }, "geometry": { "type": "MultiPolygon", "coordinates": [ [ [ [ -118.373559249966831, 36.303258341131162 ], [ -118.373555051931945, 36.303329262573939 ], [ -118.373467432007217, 36.303325864557024 ], [ -118.373471630120932, 36.303254943123008 ], [ -118.373559249966831, 36.303258341131162 ] ] ] ] } },
{ "type": "Feature", "properties": { "id": null }, "geometry": { "type": "MultiPolygon", "coordinates": [ [ [ [ -118.373155225244034, 36.303242672005659 ], [ -118.37315102684569, 36.303313593408028 ], [ -118.372995258221096, 36.303307551920696 ], [ -118.37299945675953, 36.303236630533895 ], [ -118.373155225244034, 36.303242672005659 ] ] ] ] } },
{ "type": "Feature", "properties": { "id": null }, "geometry": { "type": "MultiPolygon", "coordinates": [ [ [ [ -118.372966254293445, 36.303385409456745 ], [ -118.372961589191078, 36.303464210991905 ], [ -118.372854498079491, 36.303460057306623 ], [ -118.372859163288908, 36.303381255783364 ], [ -118.372966254293445, 36.303385409456745 ] ] ] ] } },
{ "type": "Feature", "properties": { "id": null }, "geometry": { "type": "MultiPolygon", "coordinates": [ [ [ [ -118.373064745546813, 36.303452415475036 ], [ -118.373062413041751, 36.303491816247856 ], [ -118.37296505743663, 36.303488040253924 ], [ -118.372967389990364, 36.303448639486511 ], [ -118.373064745546813, 36.303452415475036 ] ] ] ] } },
{ "type": "Feature", "properties": { "id": null }, "geometry": { "type": "MultiPolygon", "coordinates": [ [ [ [ -118.372939116353024, 36.303431746368126 ], [ -118.372934917730035, 36.303502667746557 ], [ -118.37275967766125, 36.303495870712005 ], [ -118.372763876441866, 36.303424949351097 ], [ -118.372939116353024, 36.303431746368126 ] ] ] ] } },
{ "type": "Feature", "properties": { "id": null }, "geometry": { "type": "MultiPolygon", "coordinates": [ [ [ [ -118.373438232358339, 36.302665228320969 ], [ -118.373434034304807, 36.30273614975863 ], [ -118.373346415058577, 36.30273275170056 ], [ -118.373350613190922, 36.30266183027166 ], [ -118.373438232358339, 36.302665228320969 ] ] ] ] } },
{ "type": "Feature", "properties": { "id": null }, "geometry": { "type": "MultiPolygon", "coordinates": [ [ [ [ -118.373274128896412, 36.30263516925573 ], [ -118.37326993069891, 36.302706090677269 ], [ -118.373162840577038, 36.302701937342462 ], [ -118.373167038870875, 36.302631015931631 ], [ -118.373274128896412, 36.30263516925573 ] ] ] ] } },
{ "type": "Feature", "properties": { "id": null }, "geometry": { "type": "MultiPolygon", "coordinates": [ [ [ [ -118.37331301047314, 36.302802540425056 ], [ -118.373309745217114, 36.30285770153229 ], [ -118.373153977464085, 36.302851660316712 ], [ -118.373157242829095, 36.302796499221593 ], [ -118.37331301047314, 36.302802540425056 ] ] ] ] } },
{ "type": "Feature", "properties": { "id": null }, "geometry": { "type": "MultiPolygon", "coordinates": [ [ [ [ -118.372826003482928, 36.302787601069653 ], [ -118.372822271371106, 36.302850642291673 ], [ -118.37268597469108, 36.302845355684241 ], [ -118.372689706911899, 36.302782314474335 ], [ -118.372826003482928, 36.302787601069653 ] ] ] ] } },
{ "type": "Feature", "properties": { "id": null }, "geometry": { "type": "MultiPolygon", "coordinates": [ [ [ [ -118.372526769966569, 36.30273255400688 ], [ -118.372522104533289, 36.302811355501575 ], [ -118.372424749848463, 36.302807579128263 ], [ -118.372429415379017, 36.30272877764439 ], [ -118.372526769966569, 36.30273255400688 ] ] ] ] } },
{ "type": "Feature", "properties": { "id": null }, "geometry": { "type": "MultiPolygon", "coordinates": [ [ [ [ -118.372793623494559, 36.302592838087016 ], [ -118.37279035789777, 36.30264799915561 ], [ -118.37269300337897, 36.302644223015299 ], [ -118.372696269043871, 36.302589061954272 ], [ -118.372793623494559, 36.302592838087016 ] ] ] ] } },
{ "type": "Feature", "properties": { "id": null }, "geometry": { "type": "MultiPolygon", "coordinates": [ [ [ [ -118.372765786007889, 36.302650995204097 ], [ -118.372759721271777, 36.302753437182972 ], [ -118.372603953847488, 36.302747395265634 ], [ -118.372610018785991, 36.302644953309262 ], [ -118.372765786007889, 36.302650995204097 ] ] ] ] } },
{ "type": "Feature", "properties": { "id": null }, "geometry": { "type": "MultiPolygon", "coordinates": [ [ [ [ -118.373013806867604, 36.302664564133835 ], [ -118.373009141935896, 36.302743365683796 ], [ -118.372833903547445, 36.302736568879794 ], [ -118.372838568654288, 36.302657767349302 ], [ -118.373013806867604, 36.302664564133835 ] ] ] ] } },
{ "type": "Feature", "properties": { "id": null }, "geometry": { "type": "MultiPolygon", "coordinates": [ [ [ [ -118.373023339505309, 36.302585951377701 ], [ -118.37301867459658, 36.302664752929765 ], [ -118.372843436381629, 36.302657956152323 ], [ -118.372848101465479, 36.302579154619735 ], [ -118.373023339505309, 36.302585951377701 ] ] ] ] } },
{ "type": "Feature", "properties": { "id": null }, "geometry": { "type": "MultiPolygon", "coordinates": [ [ [ [ -118.373024069653567, 36.30249120071845 ], [ -118.373021270720642, 36.302538481650672 ], [ -118.372943387187576, 36.302535460902959 ], [ -118.372946186167184, 36.302488179975938 ], [ -118.373024069653567, 36.30249120071845 ] ] ] ] } },
{ "type": "Feature", "properties": { "id": null }, "geometry": { "type": "MultiPolygon", "coordinates": [ [ [ [ -118.373330269536154, 36.302510974559809 ], [ -118.373328403703468, 36.302542495194906 ], [ -118.373240784686956, 36.302539097074956 ], [ -118.373242650554687, 36.302507576443752 ], [ -118.373330269536154, 36.302510974559809 ] ] ] ] } },
{ "type": "Feature", "properties": { "id": null }, "geometry": { "type": "MultiPolygon", "coordinates": [ [ [ [ -118.3732857603501, 36.302521095747238 ], [ -118.373282495108441, 36.302576256854941 ], [ -118.373126727921118, 36.302570215643968 ], [ -118.373129993271746, 36.302515054548394 ], [ -118.3732857603501, 36.302521095747238 ] ] ] ] } },
{ "type": "Feature", "properties": { "id": null }, "geometry": { "type": "MultiPolygon", "coordinates": [ [ [ [ -118.373496704978947, 36.302501632727697 ], [ -118.373492507003419, 36.302572554173175 ], [ -118.373346475227422, 36.302566890800833 ], [ -118.373350673334301, 36.30249596936995 ], [ -118.373496704978947, 36.302501632727697 ] ] ] ] } },
{ "type": "Feature", "properties": { "id": null }, "geometry": { "type": "MultiPolygon", "coordinates": [ [ [ [ -118.374080161677384, 36.302453174125837 ], [ -118.374075964237591, 36.302524095630496 ], [ -118.373949403336397, 36.30251918800797 ], [ -118.373953600890061, 36.302448266515967 ], [ -118.374080161677384, 36.302453174125837 ] ] ] ] } },
{ "type": "Feature", "properties": { "id": null }, "geometry": { "type": "MultiPolygon", "coordinates": [ [ [ [ -118.374211796199774, 36.302465781675195 ], [ -118.374208951349431, 36.302513850703996 ], [ -118.374129769649272, 36.302510780398464 ], [ -118.374132614547889, 36.302462711375 ], [ -118.374211796199774, 36.302465781675195 ] ] ] ] } },
{ "type": "Feature", "properties": { "id": null }, "geometry": { "type": "MultiPolygon", "coordinates": [ [ [ [ -118.373916020545195, 36.30251855169643 ], [ -118.373915072200148, 36.302534574699251 ], [ -118.373855685932909, 36.302532271827886 ], [ -118.373856634289993, 36.302516248826407 ], [ -118.373916020545195, 36.30251855169643 ] ] ] ] } },
{ "type": "Feature", "properties": { "id": null }, "geometry": { "type": "MultiPolygon", "coordinates": [ [ [ [ -118.373929062149088, 36.302562405359112 ], [ -118.373927069036711, 36.302596080518683 ], [ -118.373895866338799, 36.302594870551395 ], [ -118.373897859464478, 36.302561195393295 ], [ -118.373929062149088, 36.302562405359112 ] ] ] ] } },
{ "type": "Feature", "properties": { "id": null }, "geometry": { "type": "MultiPolygon", "coordinates": [ [ [ [ -118.373813904879583, 36.302570596960997 ], [ -118.373811413425969, 36.302612690903523 ], [ -118.373697003537188, 36.302608254204735 ], [ -118.373699495051866, 36.302566160269009 ], [ -118.373813904879583, 36.302570596960997 ] ] ] ] } },
{ "type": "Feature", "properties": { "id": null }, "geometry": { "type": "MultiPolygon", "coordinates": [ [ [ [ -118.372871517174573, 36.303521307508674 ], [ -118.372866533076248, 36.303605495267497 ], [ -118.372731319859355, 36.303600250693044 ], [ -118.372736304102062, 36.303516062950273 ], [ -118.372871517174573, 36.303521307508674 ] ] ] ] } },
{ "type": "Feature", "properties": { "id": null }, "geometry": { "type": "MultiPolygon", "coordinates": [ [ [ [ -118.372488740271208, 36.303295507545542 ], [ -118.372484752697943, 36.30336285771876 ], [ -118.372328738018467, 36.303356805809607 ], [ -118.372332725725002, 36.30328945565121 ], [ -118.372488740271208, 36.303295507545542 ] ] ] ] } },
{ "type": "Feature", "properties": { "id": null }, "geometry": { "type": "MultiPolygon", "coordinates": [ [ [ [ -118.372684115849864, 36.303341057470455 ], [ -118.37268262057195, 36.303366313792345 ], [ -118.372599412710116, 36.303363086270146 ], [ -118.372600908014661, 36.303337829951225 ], [ -118.372684115849864, 36.303341057470455 ] ] ] ] } },
{ "type": "Feature", "properties": { "id": null }, "geometry": { "type": "MultiPolygon", "coordinates": [ [ [ [ -118.373406518284312, 36.303288913995651 ], [ -118.373403029849769, 36.303347845473958 ], [ -118.373309420932671, 36.303344215073082 ], [ -118.373312909437146, 36.303285283602541 ], [ -118.373406518284312, 36.303288913995651 ] ] ] ] } },
{ "type": "Feature", "properties": { "id": null }, "geometry": { "type": "MultiPolygon", "coordinates": [ [ [ [ -118.373360927531493, 36.303354650753526 ], [ -118.37335843576308, 36.303396744663509 ], [ -118.373316831774503, 36.303395131143631 ], [ -118.373319323565113, 36.303353037236114 ], [ -118.373360927531493, 36.303354650753526 ] ] ] ] } },
{ "type": "Feature", "properties": { "id": null }, "geometry": { "type": "MultiPolygon", "coordinates": [ [ [ [ -118.373264328429158, 36.303401533004362 ], [ -118.373261836604556, 36.303443626908248 ], [ -118.373178628592314, 36.303440399783298 ], [ -118.373181120461311, 36.303398305884336 ], [ -118.373264328429158, 36.303401533004362 ] ] ] ] } },
{ "type": "Feature", "properties": { "id": null }, "geometry": { "type": "MultiPolygon", "coordinates": [ [ [ [ -118.373758517155281, 36.302643341936147 ], [ -118.373752920138458, 36.302737903895995 ], [ -118.37360688800031, 36.302732240819644 ], [ -118.373612485192297, 36.302637678879265 ], [ -118.373758517155281, 36.302643341936147 ] ] ] ] } },
{ "type": "Feature", "properties": { "id": null }, "geometry": { "type": "MultiPolygon", "coordinates": [ [ [ [ -118.373758487504873, 36.302726272417218 ], [ -118.373753356891541, 36.302812954212627 ], [ -118.373587853646072, 36.302806536035234 ], [ -118.373592984441359, 36.302719854260062 ], [ -118.373758487504873, 36.302726272417218 ] ] ] ] } },
{ "type": "Feature", "properties": { "id": null }, "geometry": { "type": "MultiPolygon", "coordinates": [ [ [ [ -118.372493297659716, 36.303411739798641 ], [ -118.372485832718752, 36.303537822169119 ], [ -118.372271650460561, 36.303529513836281 ], [ -118.372279115744035, 36.303403431503888 ], [ -118.372493297659716, 36.303411739798641 ] ] ] ] } },
{ "type": "Feature", "properties": { "id": null }, "geometry": { "type": "MultiPolygon", "coordinates": [ [ [ [ -118.372665271690764, 36.303473698261357 ], [ -118.372662005898533, 36.303528859311797 ], [ -118.372593856979478, 36.303526215893775 ], [ -118.372597122819386, 36.303471054848636 ], [ -118.372665271690764, 36.303473698261357 ] ] ] ] } },
{ "type": "Feature", "properties": { "id": null }, "geometry": { "type": "MultiPolygon", "coordinates": [ [ [ [ -118.372506392230733, 36.303108165259808 ], [ -118.372504059474124, 36.30314756600373 ], [ -118.372426175392491, 36.303144544875693 ], [ -118.372428508188037, 36.30310514413609 ], [ -118.372506392230733, 36.303108165259808 ] ] ] ] } },
{ "type": "Feature", "properties": { "id": null }, "geometry": { "type": "MultiPolygon", "coordinates": [ [ [ [ -118.372642020411377, 36.303042341938323 ], [ -118.372636888503266, 36.303129023592057 ], [ -118.372549268916529, 36.303125624918295 ], [ -118.372554400920961, 36.303038943275261 ], [ -118.372642020411377, 36.303042341938323 ] ] ] ] } },
{ "type": "Feature", "properties": { "id": null }, "geometry": { "type": "MultiPolygon", "coordinates": [ [ [ [ -118.372880804086975, 36.302964723043019 ], [ -118.372875672457639, 36.303051404727199 ], [ -118.372739375417979, 36.303046118155613 ], [ -118.372744507197126, 36.302959436488095 ], [ -118.372880804086975, 36.302964723043019 ] ] ] ] } },
{ "type": "Feature", "properties": { "id": null }, "geometry": { "type": "MultiPolygon", "coordinates": [ [ [ [ -118.373063882092765, 36.303086348451231 ], [ -118.373062016113636, 36.303117869071414 ], [ -118.372974396486597, 36.303114470710106 ], [ -118.372976262500714, 36.303082950093824 ], [ -118.373063882092765, 36.303086348451231 ] ] ] ] } },
{ "type": "Feature", "properties": { "id": null }, "geometry": { "type": "MultiPolygon", "coordinates": [ [ [ [ -118.372716453697592, 36.30359810634792 ], [ -118.372712254847485, 36.303669027702 ], [ -118.372634370224375, 36.303666006672429 ], [ -118.372638569144542, 36.303595085326116 ], [ -118.372716453697592, 36.30359810634792 ] ] ] ] } },
{ "type": "Feature", "properties": { "id": null }, "geometry": { "type": "MultiPolygon", "coordinates": [ [ [ [ -118.373476528390739, 36.303615738424142 ], [ -118.373472796689583, 36.303678779695531 ], [ -118.373394911972866, 36.303675759160711 ], [ -118.373398643736266, 36.303612717896257 ], [ -118.373476528390739, 36.303615738424142 ] ] ] ] } },
{ "type": "Feature", "properties": { "id": null }, "geometry": { "type": "MultiPolygon", "coordinates": [ [ [ [ -118.373328892217813, 36.303554725003941 ], [ -118.373327492789812, 36.303578365476113 ], [ -118.373259343763436, 36.303575722434346 ], [ -118.373260743211901, 36.303552081964447 ], [ -118.373328892217813, 36.303554725003941 ] ] ] ] } },
{ "type": "Feature", "properties": { "id": null }, "geometry": { "type": "MultiPolygon", "coordinates": [ [ [ [ -118.373366698496923, 36.303493005246295 ], [ -118.373363899668419, 36.303540286193545 ], [ -118.373256808391773, 36.303536132861183 ], [ -118.373259607284524, 36.303488851921067 ], [ -118.373366698496923, 36.303493005246295 ] ] ] ] } },
{ "type": "Feature", "properties": { "id": null }, "geometry": { "type": "MultiPolygon", "coordinates": [ [ [ [ -118.373524070168457, 36.303554396172601 ], [ -118.373522670799389, 36.303578036651309 ], [ -118.373473992909226, 36.303576148847768 ], [ -118.373475392292917, 36.303552508370686 ], [ -118.373524070168457, 36.303554396172601 ] ] ] ] } },
{ "type": "Feature", "properties": { "id": null }, "geometry": { "type": "MultiPolygon", "coordinates": [ [ [ [ -118.373634396741124, 36.303586318604957 ], [ -118.373632530957551, 36.303617839247984 ], [ -118.373564381867382, 36.303615196377635 ], [ -118.373566247678212, 36.303583675737642 ], [ -118.373634396741124, 36.303586318604957 ] ] ] ] } },
{ "type": "Feature", "properties": { "id": null }, "geometry": { "type": "MultiPolygon", "coordinates": [ [ [ [ -118.373131351393212, 36.303677384715321 ], [ -118.373129018902461, 36.303716785490387 ], [ -118.37304139859711, 36.303713387130166 ], [ -118.373043731131645, 36.303673986359982 ], [ -118.373131351393212, 36.303677384715321 ] ] ] ] } },
{ "type": "Feature", "properties": { "id": null }, "geometry": { "type": "MultiPolygon", "coordinates": [ [ [ [ -118.37396339633051, 36.303385824111814 ], [ -118.373960597873136, 36.303433105099863 ], [ -118.373843771088119, 36.303428574781634 ], [ -118.373846569615566, 36.303381293801372 ], [ -118.37396339633051, 36.303385824111814 ] ] ] ] } },
{ "type": "Feature", "properties": { "id": null }, "geometry": { "type": "MultiPolygon", "coordinates": [ [ [ [ -118.373904779334396, 36.303304568566801 ], [ -118.373902447264456, 36.30334396938747 ], [ -118.373853769493607, 36.303342081748987 ], [ -118.373856101587847, 36.303302680931012 ], [ -118.373904779334396, 36.303304568566801 ] ] ] ] } },
{ "type": "Feature", "properties": { "id": null }, "geometry": { "type": "MultiPolygon", "coordinates": [ [ [ [ -118.374399951587307, 36.303181600784171 ], [ -118.374392956142628, 36.303299803330376 ], [ -118.374315071701233, 36.303296783422006 ], [ -118.37432206726271, 36.30317858088879 ], [ -118.374399951587307, 36.303181600784171 ] ] ] ] } },
{ "type": "Feature", "properties": { "id": null }, "geometry": { "type": "MultiPolygon", "coordinates": [ [ [ [ -118.37446512504863, 36.302410099007496 ], [ -118.374459528932519, 36.302504661065662 ], [ -118.374352438905603, 36.302500508816152 ], [ -118.374358035150166, 36.302405946772261 ], [ -118.37446512504863, 36.302410099007496 ] ] ] ] } },
{ "type": "Feature", "properties": { "id": null }, "geometry": { "type": "MultiPolygon", "coordinates": [ [ [ [ -118.374460286192843, 36.30232697973392 ], [ -118.374456555459091, 36.302390021106724 ], [ -118.374329994706315, 36.302385113902609 ], [ -118.374333725541263, 36.30232207254106 ], [ -118.374460286192843, 36.30232697973392 ] ] ] ] } },
{ "type": "Feature", "properties": { "id": null }, "geometry": { "type": "MultiPolygon", "coordinates": [ [ [ [ -118.374291315165351, 36.302296733356926 ], [ -118.374285252502816, 36.302399175563224 ], [ -118.374139220886079, 36.302393513182331 ], [ -118.374145283738343, 36.302291070997114 ], [ -118.374291315165351, 36.302296733356926 ] ] ] ] } },
{ "type": "Feature", "properties": { "id": null }, "geometry": { "type": "MultiPolygon", "coordinates": [ [ [ [ -118.374424026858136, 36.302609910951816 ], [ -118.374422161458838, 36.30264143163523 ], [ -118.374295600306027, 36.30263652436561 ], [ -118.374297465755902, 36.302605003687823 ], [ -118.374424026858136, 36.302609910951816 ] ] ] ] } },
{ "type": "Feature", "properties": { "id": null }, "geometry": { "type": "MultiPolygon", "coordinates": [ [ [ [ -118.374526511299067, 36.302527003786921 ], [ -118.374521847912618, 36.302605805507518 ], [ -118.374336873988398, 36.302598633459482 ], [ -118.374341537559701, 36.30251983175944 ], [ -118.374526511299067, 36.302527003786921 ] ] ] ] } },
{ "type": "Feature", "properties": { "id": null }, "geometry": { "type": "MultiPolygon", "coordinates": [ [ [ [ -118.374730109161206, 36.302301899108578 ], [ -118.374724513387093, 36.302396461203926 ], [ -118.374529804459456, 36.302388912039149 ], [ -118.37453540046711, 36.302294349969756 ], [ -118.374730109161206, 36.302301899108578 ] ] ] ] } },
{ "type": "Feature", "properties": { "id": null }, "geometry": { "type": "MultiPolygon", "coordinates": [ [ [ [ -118.37382031304297, 36.302258724007473 ], [ -118.373817981019613, 36.302298124830322 ], [ -118.373740097637651, 36.30229510461875 ], [ -118.373742429699917, 36.302255703800228 ], [ -118.37382031304297, 36.302258724007473 ] ] ] ] } },
{ "type": "Feature", "properties": { "id": null }, "geometry": { "type": "MultiPolygon", "coordinates": [ [ [ [ -118.373299265260783, 36.302159535039685 ], [ -118.373294134245441, 36.302246216786912 ], [ -118.373148103118893, 36.302240553215867 ], [ -118.373153234294762, 36.302153871486475 ], [ -118.373299265260783, 36.302159535039685 ] ] ] ] } },
{ "type": "Feature", "properties": { "id": null }, "geometry": { "type": "MultiPolygon", "coordinates": [ [ [ [ -118.37315900470189, 36.302221230399638 ], [ -118.373153873519769, 36.302307912128768 ], [ -118.373007842307189, 36.30230224837814 ], [ -118.373012973649836, 36.302215566666867 ], [ -118.37315900470189, 36.302221230399638 ] ] ] ] } },
{ "type": "Feature", "properties": { "id": null }, "geometry": { "type": "MultiPolygon", "coordinates": [ [ [ [ -118.373061387080412, 36.302304325107329 ], [ -118.373056722257957, 36.302383126667344 ], [ -118.372969103453414, 36.302379728361053 ], [ -118.372973768363451, 36.30230092681078 ], [ -118.373061387080412, 36.302304325107329 ] ] ] ] } },
{ "type": "Feature", "properties": { "id": null }, "geometry": { "type": "MultiPolygon", "coordinates": [ [ [ [ -118.37334091543508, 36.302362555694046 ], [ -118.373333918601503, 36.302480758079142 ], [ -118.373275505967797, 36.302478492678937 ], [ -118.373282502888912, 36.302360290303582 ], [ -118.37334091543508, 36.302362555694046 ] ] ] ] } },
{ "type": "Feature", "properties": { "id": null }, "geometry": { "type": "MultiPolygon", "coordinates": [ [ [ [ -118.37339224797914, 36.302072311246484 ], [ -118.373388982865976, 36.302127472366642 ], [ -118.373145598013934, 36.302118033202412 ], [ -118.373148863297345, 36.302062872101182 ], [ -118.37339224797914, 36.302072311246484 ] ] ] ] } },
{ "type": "Feature", "properties": { "id": null }, "geometry": { "type": "MultiPolygon", "coordinates": [ [ [ [ -118.373623361787196, 36.302041782779931 ], [ -118.373621029683264, 36.302081183593216 ], [ -118.3735139403625, 36.302077030634116 ], [ -118.373516272519922, 36.302037629826785 ], [ -118.373623361787196, 36.302041782779931 ] ] ] ] } },
{ "type": "Feature", "properties": { "id": null }, "geometry": { "type": "MultiPolygon", "coordinates": [ [ [ [ -118.37347056764817, 36.302150381972275 ], [ -118.373467769019584, 36.30219766293709 ], [ -118.373389885776106, 36.302194642504539 ], [ -118.373392684451389, 36.302147361544904 ], [ -118.37347056764817, 36.302150381972275 ] ] ] ] } },
{ "type": "Feature", "properties": { "id": null }, "geometry": { "type": "MultiPolygon", "coordinates": [ [ [ [ -118.373597098102593, 36.302238220532281 ], [ -118.373594299541409, 36.302285501504869 ], [ -118.373477474528627, 36.302280970951344 ], [ -118.373480273159856, 36.302233689986544 ], [ -118.373597098102593, 36.302238220532281 ] ] ] ] } },
{ "type": "Feature", "properties": { "id": null }, "geometry": { "type": "MultiPolygon", "coordinates": [ [ [ [ -118.373679878796878, 36.302158499120473 ], [ -118.373678013128895, 36.302190019773036 ], [ -118.373541717433184, 36.302184734223559 ], [ -118.373543583155652, 36.302153213577029 ], [ -118.373679878796878, 36.302158499120473 ] ] ] ] } },
{ "type": "Feature", "properties": { "id": null }, "geometry": { "type": "MultiPolygon", "coordinates": [ [ [ [ -118.373809063328338, 36.301954205099136 ], [ -118.373805798522781, 36.302009366252946 ], [ -118.373708444657666, 36.30200559099638 ], [ -118.373711709531321, 36.301950429850137 ], [ -118.373809063328338, 36.301954205099136 ] ] ] ] } },
{ "type": "Feature", "properties": { "id": null }, "geometry": { "type": "MultiPolygon", "coordinates": [ [ [ [ -118.374175887746716, 36.303587570981051 ], [ -118.374173555789056, 36.303626971814992 ], [ -118.374085935454573, 36.303623574227522 ], [ -118.374088267455988, 36.303584173398448 ], [ -118.374175887746716, 36.303587570981051 ] ] ] ] } },
{ "type": "Feature", "properties": { "id": null }, "geometry": { "type": "MultiPolygon", "coordinates": [ [ [ [ -118.374679369336107, 36.30357155069801 ], [ -118.37467423958347, 36.303658232594202 ], [ -118.374537941140645, 36.303652947997406 ], [ -118.374543071043121, 36.303566266117862 ], [ -118.374679369336107, 36.30357155069801 ] ] ] ] } },
{ "type": "Feature", "properties": { "id": null }, "geometry": { "type": "MultiPolygon", "coordinates": [ [ [ [ -118.372274853868404, 36.303640213535132 ], [ -118.372272054365752, 36.303687494408081 ], [ -118.372194169772825, 36.303684473090421 ], [ -118.372196969322204, 36.303637192222666 ], [ -118.372274853868404, 36.303640213535132 ] ] ] ] } },
{ "type": "Feature", "properties": { "id": null }, "geometry": { "type": "MultiPolygon", "coordinates": [ [ [ [ -118.372322863133064, 36.303570991686342 ], [ -118.372320530244679, 36.303610392416971 ], [ -118.372232910158701, 36.303606993472748 ], [ -118.372235243090884, 36.303567592746994 ], [ -118.372322863133064, 36.303570991686342 ] ] ] ] } },
{ "type": "Feature", "properties": { "id": null }, "geometry": { "type": "MultiPolygon", "coordinates": [ [ [ [ -118.372441758266831, 36.303622993214184 ], [ -118.372440358567559, 36.303646633656392 ], [ -118.372391680709441, 36.303644745409116 ], [ -118.372393080423294, 36.303621104968535 ], [ -118.372441758266831, 36.303622993214184 ] ] ] ] } },
{ "type": "Feature", "properties": { "id": null }, "geometry": { "type": "MultiPolygon", "coordinates": [ [ [ [ -118.372393049206934, 36.303704035335983 ], [ -118.372390716342537, 36.303743436069659 ], [ -118.372283624935804, 36.303739281845651 ], [ -118.37228595785372, 36.303699881117922 ], [ -118.372393049206934, 36.303704035335983 ] ] ] ] } },
{ "type": "Feature", "properties": { "id": null }, "geometry": { "type": "MultiPolygon", "coordinates": [ [ [ [ -118.372544883810747, 36.303694128547811 ], [ -118.37254021823189, 36.303772930031855 ], [ -118.372442862349359, 36.303769153587645 ], [ -118.37244752802556, 36.303690352114415 ], [ -118.372544883810747, 36.303694128547811 ] ] ] ] } },
{ "type": "Feature", "properties": { "id": null }, "geometry": { "type": "MultiPolygon", "coordinates": [ [ [ [ -118.372658709167865, 36.30366695074958 ], [ -118.372654510254918, 36.303737872097059 ], [ -118.372557154400226, 36.303734095749043 ], [ -118.372561353400727, 36.303663174411305 ], [ -118.372658709167865, 36.30366695074958 ] ] ] ] } },
{ "type": "Feature", "properties": { "id": null }, "geometry": { "type": "MultiPolygon", "coordinates": [ [ [ [ -118.373245094765849, 36.303239494244885 ], [ -118.373241362929718, 36.303302535499562 ], [ -118.373153743073843, 36.303299137254896 ], [ -118.373157474980019, 36.303236096008 ], [ -118.373245094765849, 36.303239494244885 ] ] ] ] } },
{ "type": "Feature", "properties": { "id": null }, "geometry": { "type": "MultiPolygon", "coordinates": [ [ [ [ -118.372975784703925, 36.303750333485425 ], [ -118.37297158606529, 36.30382125486377 ], [ -118.372883965662623, 36.303817856379801 ], [ -118.372888164380086, 36.303746935010217 ], [ -118.372975784703925, 36.303750333485425 ] ] ] ] } },
{ "type": "Feature", "properties": { "id": null }, "geometry": { "type": "MultiPolygon", "coordinates": [ [ [ [ -118.372736998611288, 36.303827952398684 ], [ -118.372731866661056, 36.303914634052703 ], [ -118.37267345300782, 36.303912368281708 ], [ -118.372678585022285, 36.303825686634831 ], [ -118.372736998611288, 36.303827952398684 ] ] ] ] } },
{ "type": "Feature", "properties": { "id": null }, "geometry": { "type": "MultiPolygon", "coordinates": [ [ [ [ -118.372676283225204, 36.30378215699605 ], [ -118.372674417042703, 36.303813677595258 ], [ -118.372606267874644, 36.303811034166557 ], [ -118.372608134084402, 36.303779513570376 ], [ -118.372676283225204, 36.30378215699605 ] ] ] ] } },
{ "type": "Feature", "properties": { "id": null }, "geometry": { "type": "MultiPolygon", "coordinates": [ [ [ [ -118.372767169313249, 36.303730394573336 ], [ -118.372762970488779, 36.303801315930947 ], [ -118.372694821322938, 36.303798672553498 ], [ -118.372699020208714, 36.303727751202693 ], [ -118.372767169313249, 36.303730394573336 ] ] ] ] } },
{ "type": "Feature", "properties": { "id": null }, "geometry": { "type": "MultiPolygon", "coordinates": [ [ [ [ -118.372531649041662, 36.303752852020395 ], [ -118.372526516878224, 36.303839533650276 ], [ -118.372477838894255, 36.303837645429489 ], [ -118.372482971111211, 36.303750963805562 ], [ -118.372531649041662, 36.303752852020395 ] ] ] ] } },
{ "type": "Feature", "properties": { "id": null }, "geometry": { "type": "MultiPolygon", "coordinates": [ [ [ [ -118.372430793912358, 36.303808176674366 ], [ -118.372427994486671, 36.303855457556438 ], [ -118.372408523291313, 36.303854702254164 ], [ -118.372411322728681, 36.303807421373385 ], [ -118.372430793912358, 36.303808176674366 ] ] ] ] } },
{ "type": "Feature", "properties": { "id": null }, "geometry": { "type": "MultiPolygon", "coordinates": [ [ [ [ -118.372452131369158, 36.303777411382967 ], [ -118.372450265096774, 36.303808931972185 ], [ -118.372401587137105, 36.303807043721719 ], [ -118.37240345342893, 36.303775523134668 ], [ -118.372452131369158, 36.303777411382967 ] ] ] ] } },
{ "type": "Feature", "properties": { "id": null }, "geometry": { "type": "MultiPolygon", "coordinates": [ [ [ [ -118.372389549908632, 36.303763136436359 ], [ -118.37238395101015, 36.30385769819511 ], [ -118.372325537428196, 36.30385543225718 ], [ -118.372331136396738, 36.303760870506203 ], [ -118.372389549908632, 36.303763136436359 ] ] ] ] } },
{ "type": "Feature", "properties": { "id": null }, "geometry": { "type": "MultiPolygon", "coordinates": [ [ [ [ -118.372396454819565, 36.303893725334852 ], [ -118.372395055092795, 36.303917365774467 ], [ -118.372326905861513, 36.303914722180046 ], [ -118.37232830560869, 36.303891081742705 ], [ -118.372396454819565, 36.303893725334852 ] ] ] ] } },
{ "type": "Feature", "properties": { "id": null }, "geometry": { "type": "MultiPolygon", "coordinates": [ [ [ [ -118.372515520936901, 36.302871571970911 ], [ -118.372511788563742, 36.302934613164318 ], [ -118.372404698244452, 36.302930459128028 ], [ -118.37240843070326, 36.302867417944142 ], [ -118.372515520936901, 36.302871571970911 ] ] ] ] } },
{ "type": "Feature", "properties": { "id": null }, "geometry": { "type": "MultiPolygon", "coordinates": [ [ [ [ -118.372403267441825, 36.303037029946211 ], [ -118.372397202146075, 36.303139471865869 ], [ -118.372299847070664, 36.303135695361625 ], [ -118.372305912492891, 36.303033253456036 ], [ -118.372403267441825, 36.303037029946211 ] ] ] ] } },
{ "type": "Feature", "properties": { "id": null }, "geometry": { "type": "MultiPolygon", "coordinates": [ [ [ [ -118.372371790459695, 36.302909437000267 ], [ -118.37236619171432, 36.303003998770151 ], [ -118.37224936583317, 36.30299946693976 ], [ -118.372254964718664, 36.302904905185464 ], [ -118.372371790459695, 36.302909437000267 ] ] ] ] } },
{ "type": "Feature", "properties": { "id": null }, "geometry": { "type": "MultiPolygon", "coordinates": [ [ [ [ -118.372652966382319, 36.302280585691499 ], [ -118.372648767676765, 36.30235150705483 ], [ -118.372541678133913, 36.302347353198371 ], [ -118.372545876935789, 36.302276431845748 ], [ -118.372652966382319, 36.302280585691499 ] ] ] ] } },
{ "type": "Feature", "properties": { "id": null }, "geometry": { "type": "MultiPolygon", "coordinates": [ [ [ [ -118.372471866372521, 36.302455220693645 ], [ -118.372468134020991, 36.302518261887535 ], [ -118.372331837987701, 36.302512974917825 ], [ -118.372335570448215, 36.302449933736057 ], [ -118.372471866372521, 36.302455220693645 ] ] ] ] } },
{ "type": "Feature", "properties": { "id": null }, "geometry": { "type": "MultiPolygon", "coordinates": [ [ [ [ -118.372481632773443, 36.302372667941619 ], [ -118.372478366983202, 36.302427828987867 ], [ -118.372371277361879, 36.302423674971294 ], [ -118.372374543227025, 36.302368513933388 ], [ -118.372481632773443, 36.302372667941619 ] ] ] ] } },
{ "type": "Feature", "properties": { "id": null }, "geometry": { "type": "MultiPolygon", "coordinates": [ [ [ [ -118.372255120970664, 36.302490253355792 ], [ -118.372248122465976, 36.302608455556538 ], [ -118.372189709826898, 36.302606189618999 ], [ -118.372196708419139, 36.302487987428002 ], [ -118.372255120970664, 36.302490253355792 ] ] ] ] } },
{ "type": "Feature", "properties": { "id": null }, "geometry": { "type": "MultiPolygon", "coordinates": [ [ [ [ -118.373187398727097, 36.30190640166758 ], [ -118.37318366702624, 36.30196944293116 ], [ -118.373047371809719, 36.301964156845621 ], [ -118.373051103619559, 36.301901115594148 ], [ -118.373187398727097, 36.30190640166758 ] ] ] ] } },
{ "type": "Feature", "properties": { "id": null }, "geometry": { "type": "MultiPolygon", "coordinates": [ [ [ [ -118.373123622143027, 36.301994758035107 ], [ -118.373120356849952, 36.302049919134994 ], [ -118.373023003028962, 36.302046143316673 ], [ -118.373026268390163, 36.301990982224346 ], [ -118.373123622143027, 36.301994758035107 ] ] ] ] } },
{ "type": "Feature", "properties": { "id": null }, "geometry": { "type": "MultiPolygon", "coordinates": [ [ [ [ -118.374382926927666, 36.30215021870184 ], [ -118.37437826346094, 36.30222902041136 ], [ -118.374251702982335, 36.302224113143026 ], [ -118.374256366575537, 36.302145311447546 ], [ -118.374382926927666, 36.30215021870184 ] ] ] ] } },
{ "type": "Feature", "properties": { "id": null }, "geometry": { "type": "MultiPolygon", "coordinates": [ [ [ [ -118.374170817034482, 36.302848887827061 ], [ -118.374166619616119, 36.302919809336139 ], [ -118.374108206586087, 36.302917544319314 ], [ -118.374112404057016, 36.302846622816098 ], [ -118.374170817034482, 36.302848887827061 ] ] ] ] } },
{ "type": "Feature", "properties": { "id": null }, "geometry": { "type": "MultiPolygon", "coordinates": [ [ [ [ -118.373714906375483, 36.303380137147208 ], [ -118.373711174898304, 36.303443178442372 ], [ -118.373652761515658, 36.303440913175066 ], [ -118.373656493039533, 36.303377871885097 ], [ -118.373714906375483, 36.303380137147208 ] ] ] ] } },
{ "type": "Feature", "properties": { "id": null }, "geometry": { "type": "MultiPolygon", "coordinates": [ [ [ [ -118.373674882043517, 36.303809039628987 ], [ -118.373673482706934, 36.303832680111761 ], [ -118.373624804648145, 36.303830792358283 ], [ -118.373626203999322, 36.303807151877145 ], [ -118.373674882043517, 36.303809039628987 ] ] ] ] } },
{ "type": "Feature", "properties": { "id": null }, "geometry": { "type": "MultiPolygon", "coordinates": [ [ [ [ -118.373813279531873, 36.303778864497964 ], [ -118.373810480943703, 36.303826145472861 ], [ -118.373742331655137, 36.303823502690967 ], [ -118.373745130284163, 36.303776221720618 ], [ -118.373813279531873, 36.303778864497964 ] ] ] ] } },
{ "type": "Feature", "properties": { "id": null }, "geometry": { "type": "MultiPolygon", "coordinates": [ [ [ [ -118.373913404525553, 36.303818289327793 ], [ -118.373911072416206, 36.30385769014557 ], [ -118.373852658707889, 36.303855424953788 ], [ -118.373854990846425, 36.303816024139245 ], [ -118.373913404525553, 36.303818289327793 ] ] ] ] } },
{ "type": "Feature", "properties": { "id": null }, "geometry": { "type": "MultiPolygon", "coordinates": [ [ [ [ -118.373931972509439, 36.303751874227991 ], [ -118.373929173995677, 36.303799155211046 ], [ -118.373880495940085, 36.303797267563176 ], [ -118.373883294483022, 36.303749986583362 ], [ -118.373931972509439, 36.303751874227991 ] ] ] ] } },
{ "type": "Feature", "properties": { "id": null }, "geometry": { "type": "MultiPolygon", "coordinates": [ [ [ [ -118.373935703850975, 36.303688832916379 ], [ -118.373933838181642, 36.303720353572309 ], [ -118.373846217772439, 36.303716955801669 ], [ -118.373848083476773, 36.30368543514961 ], [ -118.373935703850975, 36.303688832916379 ] ] ] ] } },
{ "type": "Feature", "properties": { "id": null }, "geometry": { "type": "MultiPolygon", "coordinates": [ [ [ [ -118.374019622461248, 36.303672341447232 ], [ -118.374017756826817, 36.303703862106993 ], [ -118.373959343224385, 36.303701596975543 ], [ -118.373961208882164, 36.303670076318376 ], [ -118.374019622461248, 36.303672341447232 ] ] ] ] } },
{ "type": "Feature", "properties": { "id": null }, "geometry": { "type": "MultiPolygon", "coordinates": [ [ [ [ -118.37406946645666, 36.303654528619056 ], [ -118.37406713443977, 36.303693929446617 ], [ -118.373989249642406, 36.303690909297913 ], [ -118.373991581698235, 36.30365150847468 ], [ -118.37406946645666, 36.303654528619056 ] ] ] ] } },
{ "type": "Feature", "properties": { "id": null }, "geometry": { "type": "MultiPolygon", "coordinates": [ [ [ [ -118.373659931654927, 36.303484631608448 ], [ -118.373658532330424, 36.303508272091996 ], [ -118.373619590045124, 36.303506761897481 ], [ -118.373620989381337, 36.303483121415233 ], [ -118.373659931654927, 36.303484631608448 ] ] ] ] } },
{ "type": "Feature", "properties": { "id": null }, "geometry": { "type": "MultiPolygon", "coordinates": [ [ [ [ -118.373792994346985, 36.303462147847888 ], [ -118.373791595063778, 36.303485788335969 ], [ -118.373723446073157, 36.303483145564527 ], [ -118.373724845376785, 36.303459505078706 ], [ -118.373792994346985, 36.303462147847888 ] ] ] ] } },
{ "type": "Feature", "properties": { "id": null }, "geometry": { "type": "MultiPolygon", "coordinates": [ [ [ [ -118.373799961050466, 36.303426875882998 ], [ -118.37379809534437, 36.303458396534246 ], [ -118.373749417509615, 36.303456508848164 ], [ -118.373751283235151, 36.303424988199083 ], [ -118.373799961050466, 36.303426875882998 ] ] ] ] } },
{ "type": "Feature", "properties": { "id": null }, "geometry": { "type": "MultiPolygon", "coordinates": [ [ [ [ -118.373909354757799, 36.303474558383336 ], [ -118.373907489092488, 36.303506079039224 ], [ -118.373868546794569, 36.303504568925867 ], [ -118.373870412475455, 36.303473048271726 ], [ -118.373909354757799, 36.303474558383336 ] ] ] ] } },
{ "type": "Feature", "properties": { "id": null }, "geometry": { "type": "MultiPolygon", "coordinates": [ [ [ [ -118.373307464411482, 36.303834281793272 ], [ -118.373305131995977, 36.303873682577134 ], [ -118.373198040272428, 36.303869529159456 ], [ -118.373200372741465, 36.303830128381556 ], [ -118.373307464411482, 36.303834281793272 ] ] ] ] } },
{ "type": "Feature", "properties": { "id": null }, "geometry": { "type": "MultiPolygon", "coordinates": [ [ [ [ -118.373383746794829, 36.303781952506412 ], [ -118.373380947947069, 36.303829233452511 ], [ -118.373234913851221, 36.303823569775993 ], [ -118.373237712786548, 36.303776288839629 ], [ -118.373383746794829, 36.303781952506412 ] ] ] ] } },
{ "type": "Feature", "properties": { "id": null }, "geometry": { "type": "MultiPolygon", "coordinates": [ [ [ [ -118.373420153753742, 36.303743873212341 ], [ -118.373417821402612, 36.303783274003088 ], [ -118.37326205178509, 36.303777232796421 ], [ -118.373264384214082, 36.303737832014342 ], [ -118.373420153753742, 36.303743873212341 ] ] ] ] } },
{ "type": "Feature", "properties": { "id": null }, "geometry": { "type": "MultiPolygon", "coordinates": [ [ [ [ -118.373394445501617, 36.303683639318706 ], [ -118.37339164667037, 36.303730920266304 ], [ -118.373313761910737, 36.303727899674904 ], [ -118.373316560788709, 36.303680618732507 ], [ -118.373394445501617, 36.303683639318706 ] ] ] ] } },
{ "type": "Feature", "properties": { "id": null }, "geometry": { "type": "MultiPolygon", "coordinates": [ [ [ [ -118.37292197501948, 36.303835127130057 ], [ -118.372919642409968, 36.30387452789239 ], [ -118.372861228771114, 36.303872262215286 ], [ -118.372863561409815, 36.303832861456193 ], [ -118.37292197501948, 36.303835127130057 ] ] ] ] } },
{ "type": "Feature", "properties": { "id": null }, "geometry": { "type": "MultiPolygon", "coordinates": [ [ [ [ -118.372934945601813, 36.303863274078324 ], [ -118.372931679953055, 36.303918435146244 ], [ -118.372873266280465, 36.303916169472679 ], [ -118.372876531970121, 36.303861008409299 ], [ -118.372934945601813, 36.303863274078324 ] ] ] ] } },
{ "type": "Feature", "properties": { "id": null }, "geometry": { "type": "MultiPolygon", "coordinates": [ [ [ [ -118.373727231974797, 36.303913747004572 ], [ -118.373723966877961, 36.303968908133918 ], [ -118.373597403705347, 36.303963999971508 ], [ -118.373600668890745, 36.303908838851996 ], [ -118.373727231974797, 36.303913747004572 ] ] ] ] } },
{ "type": "Feature", "properties": { "id": null }, "geometry": { "type": "MultiPolygon", "coordinates": [ [ [ [ -118.374358677874469, 36.303878995756044 ], [ -118.374353547709333, 36.303965677608424 ], [ -118.37425619133721, 36.303961902623691 ], [ -118.374261321609367, 36.303875220783205 ], [ -118.374358677874469, 36.303878995756044 ] ] ] ] } },
{ "type": "Feature", "properties": { "id": null }, "geometry": { "type": "MultiPolygon", "coordinates": [ [ [ [ -118.374384416068409, 36.303856298980598 ], [ -118.374383016943568, 36.303879939486919 ], [ -118.374285660673934, 36.303876164533825 ], [ -118.374287059827978, 36.303852524030738 ], [ -118.374384416068409, 36.303856298980598 ] ] ] ] } },
{ "type": "Feature", "properties": { "id": null }, "geometry": { "type": "MultiPolygon", "coordinates": [ [ [ [ -118.374412486103509, 36.303794201352652 ], [ -118.37440968787547, 36.303841482367545 ], [ -118.374283124785862, 36.303836574945798 ], [ -118.374285923089772, 36.303789293939353 ], [ -118.374412486103509, 36.303794201352652 ] ] ] ] } },
{ "type": "Feature", "properties": { "id": null }, "geometry": { "type": "MultiPolygon", "coordinates": [ [ [ [ -118.374464253596756, 36.303579006628446 ], [ -118.374458190876467, 36.303681448837871 ], [ -118.374351099240855, 36.303677296471903 ], [ -118.374357162100296, 36.30357485427794 ], [ -118.374464253596756, 36.303579006628446 ] ] ] ] } },
{ "type": "Feature", "properties": { "id": null }, "geometry": { "type": "MultiPolygon", "coordinates": [ [ [ [ -118.374593789827301, 36.303698553786191 ], [ -118.374590525366386, 36.30375371498522 ], [ -118.374512640451854, 36.303750695173228 ], [ -118.374515904967268, 36.303695533980253 ], [ -118.374593789827301, 36.303698553786191 ] ] ] ] } },
{ "type": "Feature", "properties": { "id": null }, "geometry": { "type": "MultiPolygon", "coordinates": [ [ [ [ -118.374673306898814, 36.303673992938776 ], [ -118.374669576152954, 36.303737034316384 ], [ -118.37456248440931, 36.303732882134312 ], [ -118.37456621524079, 36.303669840766212 ], [ -118.374673306898814, 36.303673992938776 ] ] ] ] } },
{ "type": "Feature", "properties": { "id": null }, "geometry": { "type": "MultiPolygon", "coordinates": [ [ [ [ -118.372990885190987, 36.303660089325547 ], [ -118.372988552631071, 36.303699490092882 ], [ -118.372920403532021, 36.303696846850372 ], [ -118.372922736126014, 36.303657446086817 ], [ -118.372990885190987, 36.303660089325547 ] ] ] ] } },
{ "type": "Feature", "properties": { "id": null }, "geometry": { "type": "MultiPolygon", "coordinates": [ [ [ [ -118.372884027068238, 36.303651995571158 ], [ -118.372881227932112, 36.303699276484821 ], [ -118.37281307884362, 36.303696633181133 ], [ -118.372815878020617, 36.303649352272018 ], [ -118.372884027068238, 36.303651995571158 ] ] ] ] } },
{ "type": "Feature", "properties": { "id": null }, "geometry": { "type": "MultiPolygon", "coordinates": [ [ [ [ -118.373367247285628, 36.303895837218029 ], [ -118.373363048979115, 36.303966758633976 ], [ -118.373265692742237, 36.303962982842556 ], [ -118.373269891136303, 36.303892061436336 ], [ -118.373367247285628, 36.303895837218029 ] ] ] ] } },
{ "type": "Feature", "properties": { "id": null }, "geometry": { "type": "MultiPolygon", "coordinates": [ [ [ [ -118.373453001958353, 36.303930755987416 ], [ -118.373449270195337, 36.303993797253376 ], [ -118.373371385167985, 36.303990776680806 ], [ -118.373375116993273, 36.303927735421759 ], [ -118.373453001958353, 36.303930755987416 ] ] ] ] } },
{ "type": "Feature", "properties": { "id": null }, "geometry": { "type": "MultiPolygon", "coordinates": [ [ [ [ -118.374090452343168, 36.303959425051161 ], [ -118.374089985937061, 36.303967305216531 ], [ -118.374041307765907, 36.30396541762665 ], [ -118.374041774176874, 36.30395753746182 ], [ -118.374090452343168, 36.303959425051161 ] ] ] ] } },
{ "type": "Feature", "properties": { "id": null }, "geometry": { "type": "MultiPolygon", "coordinates": [ [ [ [ -118.373940249673794, 36.303941753214374 ], [ -118.373938850410511, 36.303965393705496 ], [ -118.373851229726583, 36.303961995918876 ], [ -118.373852629016113, 36.303938355430674 ], [ -118.373940249673794, 36.303941753214374 ] ] ] ] } },
{ "type": "Feature", "properties": { "id": null }, "geometry": { "type": "MultiPolygon", "coordinates": [ [ [ [ -118.37447809944193, 36.303757254159578 ], [ -118.37447576762186, 36.303796655009272 ], [ -118.374329733360298, 36.303790992674436 ], [ -118.37433206525337, 36.303751591832849 ], [ -118.37447809944193, 36.303757254159578 ] ] ] ] } },
{ "type": "Feature", "properties": { "id": null }, "geometry": { "type": "MultiPolygon", "coordinates": [ [ [ [ -118.372626154375411, 36.302074191278841 ], [ -118.372625221332655, 36.302089951581863 ], [ -118.372566809049005, 36.302087685856279 ], [ -118.372567742103442, 36.302071925554571 ], [ -118.372626154375411, 36.302074191278841 ] ] ] ] } },
{ "type": "Feature", "properties": { "id": null }, "geometry": { "type": "MultiPolygon", "coordinates": [ [ [ [ -118.372609482753006, 36.302026155132438 ], [ -118.372608549708517, 36.302041915435211 ], [ -118.372579343584491, 36.302040782573179 ], [ -118.372580276634807, 36.302025022271074 ], [ -118.372609482753006, 36.302026155132438 ] ] ] ] } },
{ "type": "Feature", "properties": { "id": null }, "geometry": { "type": "MultiPolygon", "coordinates": [ [ [ [ -118.372754660272193, 36.302458291604026 ], [ -118.372753260726924, 36.302481932061319 ], [ -118.372704583571021, 36.302480043993313 ], [ -118.372705983130899, 36.302456403537654 ], [ -118.372754660272193, 36.302458291604026 ] ] ] ] } },
{ "type": "Feature", "properties": { "id": null }, "geometry": { "type": "MultiPolygon", "coordinates": [ [ [ [ -118.372791533339054, 36.302412332321481 ], [ -118.372789667296303, 36.302443852933052 ], [ -118.372760461014892, 36.302442720104537 ], [ -118.372762327069339, 36.302411199494259 ], [ -118.372791533339054, 36.302412332321481 ] ] ] ] } },
{ "type": "Feature", "properties": { "id": null }, "geometry": { "type": "MultiPolygon", "coordinates": [ [ [ [ -118.372397186687778, 36.30256289931225 ], [ -118.372394387369113, 36.302610180201917 ], [ -118.372267826630306, 36.302605270789321 ], [ -118.372270626024843, 36.302557989908095 ], [ -118.372397186687778, 36.30256289931225 ] ] ] ] } },
{ "type": "Feature", "properties": { "id": null }, "geometry": { "type": "MultiPolygon", "coordinates": [ [ [ [ -118.372538817078592, 36.302560494878833 ], [ -118.372536950924029, 36.302592015478339 ], [ -118.372449331950378, 36.302588616774379 ], [ -118.37245119813997, 36.302557096178774 ], [ -118.372538817078592, 36.302560494878833 ] ] ] ] } },
{ "type": "Feature", "properties": { "id": null }, "geometry": { "type": "MultiPolygon", "coordinates": [ [ [ [ -118.37229700175196, 36.302689334112131 ], [ -118.372295135491299, 36.302720854700176 ], [ -118.372217251857037, 36.302717833466438 ], [ -118.372219118148806, 36.30268631288186 ], [ -118.37229700175196, 36.302689334112131 ] ] ] ] } },
{ "type": "Feature", "properties": { "id": null }, "geometry": { "type": "MultiPolygon", "coordinates": [ [ [ [ -118.37224669150369, 36.302715026361774 ], [ -118.372242958935502, 36.302778067532834 ], [ -118.372204017091363, 36.302776556903247 ], [ -118.372207749690673, 36.302713515735661 ], [ -118.37224669150369, 36.302715026361774 ] ] ] ] } },
{ "type": "Feature", "properties": { "id": null }, "geometry": { "type": "MultiPolygon", "coordinates": [ [ [ [ -118.372245166651965, 36.303070388254007 ], [ -118.372244233498591, 36.303086148545901 ], [ -118.372195556002296, 36.303084260243743 ], [ -118.372196489165418, 36.303068499952936 ], [ -118.372245166651965, 36.303070388254007 ] ] ] ] } },
{ "type": "Feature", "properties": { "id": null }, "geometry": { "type": "MultiPolygon", "coordinates": [ [ [ [ -118.373873040250317, 36.302604342586967 ], [ -118.373869309006153, 36.302667383904421 ], [ -118.373742747910484, 36.302662476046535 ], [ -118.373746479255843, 36.302599434740344 ], [ -118.373873040250317, 36.302604342586967 ] ] ] ] } },
{ "type": "Feature", "properties": { "id": null }, "geometry": { "type": "MultiPolygon", "coordinates": [ [ [ [ -118.373767497442159, 36.30216189688813 ], [ -118.373762366944547, 36.302248578692812 ], [ -118.373616335716719, 36.302242915693363 ], [ -118.373621466374871, 36.302156233906516 ], [ -118.373767497442159, 36.30216189688813 ] ] ] ] } },
{ "type": "Feature", "properties": { "id": null }, "geometry": { "type": "MultiPolygon", "coordinates": [ [ [ [ -118.374016437443174, 36.301893924030182 ], [ -118.374013819508065, 36.301938157960663 ], [ -118.373937312525712, 36.301935191262146 ], [ -118.373939930503724, 36.30189095733644 ], [ -118.374016437443174, 36.301893924030182 ] ] ] ] } },
{ "type": "Feature", "properties": { "id": null }, "geometry": { "type": "MultiPolygon", "coordinates": [ [ [ [ -118.374196219037415, 36.302002866720919 ], [ -118.374190459773061, 36.30210018139033 ], [ -118.374092093426867, 36.30209636718547 ], [ -118.374097852812611, 36.301999052529538 ], [ -118.374196219037415, 36.302002866720919 ] ] ] ] } },
{ "type": "Feature", "properties": { "id": null }, "geometry": { "type": "MultiPolygon", "coordinates": [ [ [ [ -118.374282346800427, 36.302028374018853 ], [ -118.374281299681982, 36.302046067597367 ], [ -118.374237581328202, 36.302044372440548 ], [ -118.374238628456467, 36.302026678863115 ], [ -118.374282346800427, 36.302028374018853 ] ] ] ] } },
{ "type": "Feature", "properties": { "id": null }, "geometry": { "type": "MultiPolygon", "coordinates": [ [ [ [ -118.374285979137966, 36.302059549674794 ], [ -118.374284408459403, 36.302086090042543 ], [ -118.374273478864993, 36.302085666254712 ], [ -118.374275049547236, 36.302059125887368 ], [ -118.374285979137966, 36.302059549674794 ] ] ] ] } },
{ "type": "Feature", "properties": { "id": null }, "geometry": { "type": "MultiPolygon", "coordinates": [ [ [ [ -118.374579737122716, 36.302186211746722 ], [ -118.374578690065405, 36.302203905332213 ], [ -118.374534971605115, 36.302202210277812 ], [ -118.374536018672231, 36.302184516693409 ], [ -118.374579737122716, 36.302186211746722 ] ] ] ] } },
{ "type": "Feature", "properties": { "id": null }, "geometry": { "type": "MultiPolygon", "coordinates": [ ] } },
{ "type": "Feature", "properties": { "id": null }, "geometry": { "type": "MultiPolygon", "coordinates": [ [ [ [ -118.374102433812922, 36.302291844104225 ], [ -118.374100339473699, 36.302327231250615 ], [ -118.374045691349878, 36.302325112205317 ], [ -118.374047785713628, 36.302289725061648 ], [ -118.374102433812922, 36.302291844104225 ] ] ] ] } },
{ "type": "Feature", "properties": { "id": null }, "geometry": { "type": "MultiPolygon", "coordinates": [ [ [ [ -118.37376646238441, 36.302323151469764 ], [ -118.373762797018586, 36.302385078945939 ], [ -118.37370814888051, 36.302382959743461 ], [ -118.37371181428928, 36.302321032272069 ], [ -118.37376646238441, 36.302323151469764 ] ] ] ] } },
{ "type": "Feature", "properties": { "id": null }, "geometry": { "type": "MultiPolygon", "coordinates": [ [ [ [ -118.373808610009633, 36.302351387158708 ], [ -118.373808086390838, 36.302360233941577 ], [ -118.373764367891027, 36.302358538599137 ], [ -118.37376489151471, 36.302349691816822 ], [ -118.373808610009633, 36.302351387158708 ] ] ] ] } },
{ "type": "Feature", "properties": { "id": null }, "geometry": { "type": "MultiPolygon", "coordinates": [ [ [ [ -118.373811456728617, 36.30239583298976 ], [ -118.373809885869989, 36.302422373338175 ], [ -118.373755237702269, 36.302420254155351 ], [ -118.373756808579287, 36.302393713808982 ], [ -118.373811456728617, 36.30239583298976 ] ] ] ] } },
{ "type": "Feature", "properties": { "id": null }, "geometry": { "type": "MultiPolygon", "coordinates": [ [ [ [ -118.372908135337724, 36.301833208654678 ], [ -118.372902898221682, 36.301921676377169 ], [ -118.372771743635624, 36.30191658936171 ], [ -118.372776980898792, 36.301828121655589 ], [ -118.372908135337724, 36.301833208654678 ] ] ] ] } },
{ "type": "Feature", "properties": { "id": null }, "geometry": { "type": "MultiPolygon", "coordinates": [ [ [ [ -118.372652042368088, 36.301903079369332 ], [ -118.372651518627265, 36.301911926138359 ], [ -118.37261872999342, 36.301910654329276 ], [ -118.372619253737923, 36.301901807560661 ], [ -118.372652042368088, 36.301903079369332 ] ] ] ] } },
{ "type": "Feature", "properties": { "id": null }, "geometry": { "type": "MultiPolygon", "coordinates": [ [ [ [ -118.372427166339747, 36.302000761670001 ], [ -118.372423499958259, 36.30206268903202 ], [ -118.372303274784969, 36.302058025442399 ], [ -118.372306941260902, 36.301996098090868 ], [ -118.372427166339747, 36.302000761670001 ] ] ] ] } },
{ "type": "Feature", "properties": { "id": null }, "geometry": { "type": "MultiPolygon", "coordinates": [ [ [ [ -118.374543648041978, 36.30344393934844 ], [ -118.374540506698594, 36.303497020090816 ], [ -118.374463998136562, 36.303494053620263 ], [ -118.374467139531433, 36.3034409728836 ], [ -118.374543648041978, 36.30344393934844 ] ] ] ] } },
{ "type": "Feature", "properties": { "id": null }, "geometry": { "type": "MultiPolygon", "coordinates": [ [ [ [ -118.374547051154693, 36.303386435210044 ], [ -118.374545480488479, 36.303412975581708 ], [ -118.374425252881323, 36.303408313977464 ], [ -118.374426823587996, 36.303381773610298 ], [ -118.374547051154693, 36.303386435210044 ] ] ] ] } },
{ "type": "Feature", "properties": { "id": null }, "geometry": { "type": "MultiPolygon", "coordinates": [ [ [ [ -118.374807795363637, 36.303423145936719 ], [ -118.374804130673823, 36.303485073492816 ], [ -118.37467297311683, 36.303479988375514 ], [ -118.37467663790963, 36.30341806083085 ], [ -118.374807795363637, 36.303423145936719 ] ] ] ] } },
{ "type": "Feature", "properties": { "id": null }, "geometry": { "type": "MultiPolygon", "coordinates": [ [ [ [ -118.374869939153456, 36.303576295816036 ], [ -118.374867321539497, 36.30362052978753 ], [ -118.374779883005445, 36.303617139760625 ], [ -118.374782500668488, 36.303572905794574 ], [ -118.374869939153456, 36.303576295816036 ] ] ] ] } },
{ "type": "Feature", "properties": { "id": null }, "geometry": { "type": "MultiPolygon", "coordinates": [ [ [ [ -118.374914737451562, 36.303467193993519 ], [ -118.374911072840391, 36.303529121558547 ], [ -118.374889213229679, 36.303528274067624 ], [ -118.374892877858002, 36.303466346504493 ], [ -118.374914737451562, 36.303467193993519 ] ] ] ] } },
{ "type": "Feature", "properties": { "id": null }, "geometry": { "type": "MultiPolygon", "coordinates": [ [ [ [ -118.374729587229226, 36.303819132830391 ], [ -118.374724875335531, 36.303898753959686 ], [ -118.374539067845632, 36.30389154980773 ], [ -118.374543779926981, 36.303811928699282 ], [ -118.374729587229226, 36.303819132830391 ] ] ] ] } },
{ "type": "Feature", "properties": { "id": null }, "geometry": { "type": "MultiPolygon", "coordinates": [ [ [ [ -118.374684788423792, 36.303928234545836 ], [ -118.374682170671591, 36.303972468503154 ], [ -118.374583801905644, 36.303968654534401 ], [ -118.374586419712998, 36.303924420583222 ], [ -118.374684788423792, 36.303928234545836 ] ] ] ] } },
{ "type": "Feature", "properties": { "id": null }, "geometry": { "type": "MultiPolygon", "coordinates": [ [ [ [ -118.374795657624787, 36.303905931808856 ], [ -118.374793563475293, 36.303941318980414 ], [ -118.374695194732922, 36.303937505106127 ], [ -118.374697288926555, 36.303902117939465 ], [ -118.374795657624787, 36.303905931808856 ] ] ] ] } },
{ "type": "Feature", "properties": { "id": null }, "geometry": { "type": "MultiPolygon", "coordinates": [ [ [ [ -118.373027290208441, 36.303336367460858 ], [ -118.373025195303583, 36.303371754547179 ], [ -118.372948687028128, 36.303368787115673 ], [ -118.372950781967305, 36.303333400033154 ], [ -118.373027290208441, 36.303336367460858 ] ] ] ] } },
{ "type": "Feature", "properties": { "id": null }, "geometry": { "type": "MultiPolygon", "coordinates": [ [ [ [ -118.372432159929645, 36.303951713519027 ], [ -118.372430588514376, 36.30397825380868 ], [ -118.372375939367913, 36.303976133917601 ], [ -118.372377510801584, 36.303949593629987 ], [ -118.372432159929645, 36.303951713519027 ] ] ] ] } },
{ "type": "Feature", "properties": { "id": null }, "geometry": { "type": "MultiPolygon", "coordinates": [ [ [ [ -118.372595583561633, 36.303966919802207 ], [ -118.372592964625909, 36.304011153628309 ], [ -118.372494596102442, 36.304007337937087 ], [ -118.372497215093375, 36.303963104117109 ], [ -118.372595583561633, 36.303966919802207 ] ] ] ] } },
{ "type": "Feature", "properties": { "id": null }, "geometry": { "type": "MultiPolygon", "coordinates": [ [ [ [ -118.373431444292535, 36.301875672165544 ], [ -118.373427778721748, 36.301937599616956 ], [ -118.373329412685976, 36.301933784799218 ], [ -118.373333078334028, 36.301871857356389 ], [ -118.373431444292535, 36.301875672165544 ] ] ] ] } },
{ "type": "Feature", "properties": { "id": null }, "geometry": { "type": "MultiPolygon", "coordinates": [ [ [ [ -118.374785925242193, 36.301941493747847 ], [ -118.374783307737076, 36.301985727726176 ], [ -118.374674011865935, 36.301981490269199 ], [ -118.374676629432386, 36.301937256297691 ], [ -118.374785925242193, 36.301941493747847 ] ] ] ] } },
{ "type": "Feature", "properties": { "id": null }, "geometry": { "type": "MultiPolygon", "coordinates": [ [ [ [ -118.374184307676501, 36.301833930154942 ], [ -118.374180642706492, 36.301895857672818 ], [ -118.374049487926285, 36.301890772062151 ], [ -118.374053152999295, 36.301828844555729 ], [ -118.374184307676501, 36.301833930154942 ] ] ] ] } },
{ "type": "Feature", "properties": { "id": null }, "geometry": { "type": "MultiPolygon", "coordinates": [ [ [ [ -118.374533791879543, 36.301851914448754 ], [ -118.374531174240602, 36.301896148411942 ], [ -118.374410948964012, 36.301891486960102 ], [ -118.374413566670398, 36.301847253004411 ], [ -118.374533791879543, 36.301851914448754 ] ] ] ] } },
{ "type": "Feature", "properties": { "id": null }, "geometry": { "type": "MultiPolygon", "coordinates": [ [ [ [ -118.374331594952736, 36.301844074677881 ], [ -118.374330024301997, 36.301870615048287 ], [ -118.374198869536301, 36.301865529604534 ], [ -118.374200440231192, 36.30183898923903 ], [ -118.374331594952736, 36.301844074677881 ] ] ] ] } },
{ "type": "Feature", "properties": { "id": null }, "geometry": { "type": "MultiPolygon", "coordinates": [ [ [ [ -118.374906259464993, 36.303147650008526 ], [ -118.374901547866429, 36.303227271166683 ], [ -118.374835969290601, 36.303224728694836 ], [ -118.374840680955373, 36.30314510754404 ], [ -118.374906259464993, 36.303147650008526 ] ] ] ] } },
{ "type": "Feature", "properties": { "id": null }, "geometry": { "type": "MultiPolygon", "coordinates": [ [ [ [ -118.373727218000937, 36.303633958540885 ], [ -118.373725647042747, 36.303660498880639 ], [ -118.373649138409306, 36.303657531877164 ], [ -118.373650709393274, 36.303630991540281 ], [ -118.373727218000937, 36.303633958540885 ] ] ] ] } },
{ "type": "Feature", "properties": { "id": null }, "geometry": { "type": "MultiPolygon", "coordinates": [ [ [ [ -118.373741289705833, 36.303581301713265 ], [ -118.373739718755431, 36.3036078420538 ], [ -118.373695999563466, 36.303606146636461 ], [ -118.373697570528606, 36.303579606297575 ], [ -118.373741289705833, 36.303581301713265 ] ] ] ] } },
{ "type": "Feature", "properties": { "id": null }, "geometry": { "type": "MultiPolygon", "coordinates": [ [ [ [ -118.373048682302411, 36.303900257023642 ], [ -118.373046587364101, 36.303935644107689 ], [ -118.372937289040948, 36.303931404868052 ], [ -118.372939384028342, 36.303896017789462 ], [ -118.373048682302411, 36.303900257023642 ] ] ] ] } },
{ "type": "Feature", "properties": { "id": null }, "geometry": { "type": "MultiPolygon", "coordinates": [ [ [ [ -118.372836825534478, 36.303962976540703 ], [ -118.372836301775109, 36.303971823308984 ], [ -118.372781652601702, 36.303969703603677 ], [ -118.372782176367195, 36.303960856836063 ], [ -118.372836825534478, 36.303962976540703 ] ] ] ] } },
{ "type": "Feature", "properties": { "id": null }, "geometry": { "type": "MultiPolygon", "coordinates": [ [ [ [ -118.37279647606077, 36.30399687982122 ], [ -118.37279542853139, 36.304014573356667 ], [ -118.372718919652925, 36.304011605733116 ], [ -118.372719967199487, 36.303993912199573 ], [ -118.37279647606077, 36.30399687982122 ] ] ] ] } },
{ "type": "Feature", "properties": { "id": null }, "geometry": { "type": "MultiPolygon", "coordinates": [ [ [ [ -118.372924787963285, 36.30395752124695 ], [ -118.372922692964593, 36.303992908324453 ], [ -118.372911763125188, 36.303992484393063 ], [ -118.372913858128769, 36.303957097316108 ], [ -118.372924787963285, 36.30395752124695 ] ] ] ] } },
{ "type": "Feature", "properties": { "id": null }, "geometry": { "type": "MultiPolygon", "coordinates": [ [ [ [ -118.37305699346372, 36.303944914797277 ], [ -118.373054374790669, 36.303989148652491 ], [ -118.372999725588329, 36.303987029045999 ], [ -118.373002344292047, 36.303942795194189 ], [ -118.37305699346372, 36.303944914797277 ] ] ] ] } },
{ "type": "Feature", "properties": { "id": null }, "geometry": { "type": "MultiPolygon", "coordinates": [ [ [ [ -118.374796796463997, 36.302868526300671 ], [ -118.374793655358189, 36.302921607067198 ], [ -118.374739006766035, 36.302919488309094 ], [ -118.374742147908648, 36.302866407546659 ], [ -118.374796796463997, 36.302868526300671 ] ] ] ] } },
{ "type": "Feature", "properties": { "id": null }, "geometry": { "type": "MultiPolygon", "coordinates": [ [ [ [ -118.374912081952814, 36.30286412880718 ], [ -118.374906846902903, 36.302952596765522 ], [ -118.374830338832965, 36.302949630567483 ], [ -118.374835573968696, 36.302861162618683 ], [ -118.374912081952814, 36.30286412880718 ] ] ] ] } },
{ "type": "Feature", "properties": { "id": null }, "geometry": { "type": "MultiPolygon", "coordinates": [ [ [ [ -118.373168203923441, 36.302991582909563 ], [ -118.373164014290182, 36.303062357100067 ], [ -118.373087506301871, 36.303059389779058 ], [ -118.373091696003826, 36.302988615596178 ], [ -118.373168203923441, 36.302991582909563 ] ] ] ] } },
{ "type": "Feature", "properties": { "id": null }, "geometry": { "type": "MultiPolygon", "coordinates": [ [ [ [ -118.372802926769566, 36.302037504495942 ], [ -118.372798213224058, 36.3021171254317 ], [ -118.372754494922432, 36.30211542972971 ], [ -118.372759208512107, 36.302035808798863 ], [ -118.372802926769566, 36.302037504495942 ] ] ] ] } },
{ "type": "Feature", "properties": { "id": null }, "geometry": { "type": "MultiPolygon", "coordinates": [ [ [ [ -118.372870826631953, 36.302093340599093 ], [ -118.372868731751524, 36.302128727684916 ], [ -118.372835943016838, 36.302127455928904 ], [ -118.372838037912004, 36.302092068844722 ], [ -118.372870826631953, 36.302093340599093 ] ] ] ] } },
{ "type": "Feature", "properties": { "id": null }, "geometry": { "type": "MultiPolygon", "coordinates": [ [ [ [ -118.372664701484268, 36.302151848737864 ], [ -118.372662606506239, 36.302187235813001 ], [ -118.372586099427053, 36.302184268232374 ], [ -118.372588194439416, 36.302148881161045 ], [ -118.372664701484268, 36.302151848737864 ] ] ] ] } },
{ "type": "Feature", "properties": { "id": null }, "geometry": { "type": "MultiPolygon", "coordinates": [ [ [ [ -118.372666761936443, 36.302209564703155 ], [ -118.372665714446157, 36.30222725824067 ], [ -118.372643855268265, 36.302226410365229 ], [ -118.372644902763454, 36.302208716828268 ], [ -118.372666761936443, 36.302209564703155 ] ] ] ] } },
{ "type": "Feature", "properties": { "id": null }, "geometry": { "type": "MultiPolygon", "coordinates": [ [ [ [ -118.372364138158105, 36.302140190119943 ], [ -118.372362566823739, 36.302166730415088 ], [ -118.372329778096656, 36.30216545851912 ], [ -118.372331349442035, 36.302138918225204 ], [ -118.372364138158105, 36.302140190119943 ] ] ] ] } },
{ "type": "Feature", "properties": { "id": null }, "geometry": { "type": "MultiPolygon", "coordinates": [ [ [ [ -118.373971603885622, 36.302836530467225 ], [ -118.373971080275965, 36.302845377251387 ], [ -118.373916431800652, 36.302843258121101 ], [ -118.373916955416448, 36.302834411337614 ], [ -118.373971603885622, 36.302836530467225 ] ] ] ] } },
{ "type": "Feature", "properties": { "id": null }, "geometry": { "type": "MultiPolygon", "coordinates": [ [ [ [ -118.374033549816687, 36.302807897733629 ], [ -118.374031979009672, 36.302834438088567 ], [ -118.3739664008435, 36.302831895163308 ], [ -118.373967971672585, 36.302805354810829 ], [ -118.374033549816687, 36.302807897733629 ] ] ] ] } },
{ "type": "Feature", "properties": { "id": null }, "geometry": { "type": "MultiPolygon", "coordinates": [ [ [ [ -118.374965906332321, 36.302232218438746 ], [ -118.374958054021334, 36.30236492039964 ], [ -118.374826898311369, 36.302359835585548 ], [ -118.374834750843078, 36.302227133649197 ], [ -118.374965906332321, 36.302232218438746 ] ] ] ] } },
{ "type": "Feature", "properties": { "id": null }, "geometry": { "type": "MultiPolygon", "coordinates": [ [ [ [ -118.384751447652761, 36.290698985855371 ], [ -118.384748751136854, 36.290744672728813 ], [ -118.384658455646402, 36.290741179934578 ], [ -118.384661152214619, 36.290695493066949 ], [ -118.384751447652761, 36.290698985855371 ] ] ] ] } },
{ "type": "Feature", "properties": { "id": null }, "geometry": { "type": "MultiPolygon", "coordinates": [ [ [ [ -118.385195236400193, 36.290175815382483 ], [ -118.385193618677519, 36.290203227526192 ], [ -118.385114610618771, 36.290200171667955 ], [ -118.385116228368872, 36.290172759527294 ], [ -118.385195236400193, 36.290175815382483 ] ] ] ] } },
{ "type": "Feature", "properties": { "id": null }, "geometry": { "type": "MultiPolygon", "coordinates": [ [ [ [ -118.385227516368616, 36.290012215602964 ], [ -118.38522428096303, 36.290067039894197 ], [ -118.385133986192713, 36.290063547514933 ], [ -118.38513722166104, 36.290008723230663 ], [ -118.385227516368616, 36.290012215602964 ] ] ] ] } },
{ "type": "Feature", "properties": { "id": null }, "geometry": { "type": "MultiPolygon", "coordinates": [ [ [ [ -118.383612131739213, 36.290068783249041 ], [ -118.383607816347393, 36.290141882136297 ], [ -118.383517521697101, 36.290138388530188 ], [ -118.383521837172566, 36.290065289652212 ], [ -118.383612131739213, 36.290068783249041 ] ] ] ] } },
{ "type": "Feature", "properties": { "id": null }, "geometry": { "type": "MultiPolygon", "coordinates": [ [ [ [ -118.383775001900673, 36.28999266061205 ], [ -118.383771765481228, 36.290047484790946 ], [ -118.383704044557916, 36.290044864691417 ], [ -118.383707281024442, 36.28999004051775 ], [ -118.383775001900673, 36.28999266061205 ] ] ] ] } },
{ "type": "Feature", "properties": { "id": null }, "geometry": { "type": "MultiPolygon", "coordinates": [ [ [ [ -118.383685287644994, 36.289787708489285 ], [ -118.383684208826622, 36.289805983213974 ], [ -118.383605201336891, 36.28980292638704 ], [ -118.383606280173538, 36.289784651664391 ], [ -118.383685287644994, 36.289787708489285 ] ] ] ] } },
{ "type": "Feature", "properties": { "id": null }, "geometry": { "type": "MultiPolygon", "coordinates": [ [ [ [ -118.383601176201793, 36.289775295956467 ], [ -118.383598479106283, 36.289820982762699 ], [ -118.383564618749702, 36.289819672675648 ], [ -118.383567315864823, 36.289773985871584 ], [ -118.383601176201793, 36.289775295956467 ] ] ] ] } },
{ "type": "Feature", "properties": { "id": null }, "geometry": { "type": "MultiPolygon", "coordinates": [ [ [ [ -118.383712176453244, 36.28971548295636 ], [ -118.383709479428305, 36.289761169770216 ], [ -118.383664332314069, 36.289759423029722 ], [ -118.383667029365128, 36.289713736218772 ], [ -118.383712176453244, 36.28971548295636 ] ] ] ] } },
{ "type": "Feature", "properties": { "id": null }, "geometry": { "type": "MultiPolygon", "coordinates": [ [ [ [ -118.383925377069374, 36.289265819782472 ], [ -118.383923219584787, 36.289302369247359 ], [ -118.383844212576079, 36.289299312614688 ], [ -118.38384637009726, 36.289262763153864 ], [ -118.383925377069374, 36.289265819782472 ] ] ] ] } },
{ "type": "Feature", "properties": { "id": null }, "geometry": { "type": "MultiPolygon", "coordinates": [ [ [ [ -118.383688585209356, 36.289444402364474 ], [ -118.383688045807432, 36.289453539727404 ], [ -118.383642898871784, 36.2894517929915 ], [ -118.383643438278924, 36.289442655629152 ], [ -118.383688585209356, 36.289444402364474 ] ] ] ] } },
{ "type": "Feature", "properties": { "id": null }, "geometry": { "type": "MultiPolygon", "coordinates": [ [ [ [ -118.383736408829591, 36.289496622920829 ], [ -118.383734251238707, 36.289533172374554 ], [ -118.38371167774595, 36.289532299015804 ], [ -118.383713835347308, 36.289495749563251 ], [ -118.383736408829591, 36.289496622920829 ] ] ] ] } },
{ "type": "Feature", "properties": { "id": null }, "geometry": { "type": "MultiPolygon", "coordinates": [ [ [ [ -118.383689913359092, 36.289517719608575 ], [ -118.383688295148772, 36.289545131696997 ], [ -118.383665721654069, 36.289544258329329 ], [ -118.383667339872218, 36.289516846241774 ], [ -118.383689913359092, 36.289517719608575 ] ] ] ] } },
{ "type": "Feature", "properties": { "id": null }, "geometry": { "type": "MultiPolygon", "coordinates": [ [ [ [ -118.383698233389495, 36.289568411786469 ], [ -118.38369769398625, 36.289577549149328 ], [ -118.383618686725313, 36.289574492347789 ], [ -118.383619226137697, 36.289565354985939 ], [ -118.383698233389495, 36.289568411786469 ] ] ] ] } },
{ "type": "Feature", "properties": { "id": null }, "geometry": { "type": "MultiPolygon", "coordinates": [ [ [ [ -118.383645824783912, 36.289593858792948 ], [ -118.383644206553669, 36.289621270879309 ], [ -118.3836329197959, 36.289620834191062 ], [ -118.383634538030094, 36.289593422105128 ], [ -118.383645824783912, 36.289593858792948 ] ] ] ] } },
{ "type": "Feature", "properties": { "id": null }, "geometry": { "type": "MultiPolygon", "coordinates": [ [ [ [ -118.383313468347723, 36.28953201436093 ], [ -118.38331091284654, 36.289575300342804 ], [ -118.38328035960285, 36.289574118140472 ], [ -118.383282915120787, 36.289530832160466 ], [ -118.383313468347723, 36.28953201436093 ] ] ] ] } },
{ "type": "Feature", "properties": { "id": null }, "geometry": { "type": "MultiPolygon", "coordinates": [ [ [ [ -118.383284122220729, 36.28983457289501 ], [ -118.383283026987527, 36.289853124028447 ], [ -118.383260111974252, 36.289852237366269 ], [ -118.383261207212811, 36.289833686233436 ], [ -118.383284122220729, 36.28983457289501 ] ] ] ] } },
{ "type": "Feature", "properties": { "id": null }, "geometry": { "type": "MultiPolygon", "coordinates": [ [ [ [ -118.383252108556377, 36.289858125522102 ], [ -118.383248457746859, 36.289919962630179 ], [ -118.383225542715167, 36.289919075959986 ], [ -118.383229193542633, 36.289857238853891 ], [ -118.383252108556377, 36.289858125522102 ] ] ] ] } },
{ "type": "Feature", "properties": { "id": null }, "geometry": { "type": "MultiPolygon", "coordinates": [ [ [ [ -118.383527467801144, 36.289797504727922 ], [ -118.38352600756879, 36.289822239581142 ], [ -118.38344962419896, 36.289819284180908 ], [ -118.383451084455245, 36.28979454933036 ], [ -118.383527467801144, 36.289797504727922 ] ] ] ] } },
{ "type": "Feature", "properties": { "id": null }, "geometry": { "type": "MultiPolygon", "coordinates": [ [ [ [ -118.383438910836276, 36.289741396688179 ], [ -118.383437815643461, 36.289759947825956 ], [ -118.38338434733258, 36.289757879014495 ], [ -118.383385442537971, 36.289739327878117 ], [ -118.383438910836276, 36.289741396688179 ] ] ] ] } },
{ "type": "Feature", "properties": { "id": null }, "geometry": { "type": "MultiPolygon", "coordinates": [ [ [ [ -118.383586370268006, 36.289902048055538 ], [ -118.383585640158572, 36.289914415482976 ], [ -118.383555086770798, 36.28991323334138 ], [ -118.383555816885007, 36.289900865914468 ], [ -118.383586370268006, 36.289902048055538 ] ] ] ] } },
{ "type": "Feature", "properties": { "id": null }, "geometry": { "type": "MultiPolygon", "coordinates": [ [ [ [ -118.384629057620202, 36.289682076662693 ], [ -118.384627962711519, 36.289700627831863 ], [ -118.384597409362073, 36.289699445962569 ], [ -118.38459850427796, 36.289680894794195 ], [ -118.384629057620202, 36.289682076662693 ] ] ] ] } },
{ "type": "Feature", "properties": { "id": null }, "geometry": { "type": "MultiPolygon", "coordinates": [ [ [ [ -118.384568537552553, 36.289475206866598 ], [ -118.384566712694095, 36.289506125480251 ], [ -118.38455907437617, 36.289505830011109 ], [ -118.384560899237641, 36.289474911397775 ], [ -118.384568537552553, 36.289475206866598 ] ] ] ] } },
{ "type": "Feature", "properties": { "id": null }, "geometry": { "type": "MultiPolygon", "coordinates": [ [ [ [ -118.384578222272381, 36.289246261384946 ], [ -118.384574572590836, 36.289308098615244 ], [ -118.384544019396742, 36.289306916743257 ], [ -118.384547669102247, 36.289245079515631 ], [ -118.384578222272381, 36.289246261384946 ] ] ] ] } },
{ "type": "Feature", "properties": { "id": null }, "geometry": { "type": "MultiPolygon", "coordinates": [ ] } },
{ "type": "Feature", "properties": { "id": null }, "geometry": { "type": "MultiPolygon", "coordinates": [ [ [ [ -118.384616752728562, 36.289371708641966 ], [ -118.384614927896024, 36.289402627258262 ], [ -118.38456145973997, 36.289400558990621 ], [ -118.384563284593483, 36.289369640376641 ], [ -118.384616752728562, 36.289371708641966 ] ] ] ] } },
{ "type": "Feature", "properties": { "id": null }, "geometry": { "type": "MultiPolygon", "coordinates": [ [ [ [ -118.384701881890521, 36.289291330720694 ], [ -118.384700057096907, 36.289322249341119 ], [ -118.384654227290042, 36.289320476577728 ], [ -118.384656052101604, 36.289289557959286 ], [ -118.384701881890521, 36.289291330720694 ] ] ] ] } },
{ "type": "Feature", "properties": { "id": null }, "geometry": { "type": "MultiPolygon", "coordinates": [ [ [ [ -118.384769557429678, 36.289182387330236 ], [ -118.384768097622171, 36.289207122229413 ], [ -118.384722267878232, 36.28920534949691 ], [ -118.384723727700077, 36.289180614599331 ], [ -118.384769557429678, 36.289182387330236 ] ] ] ] } },
{ "type": "Feature", "properties": { "id": null }, "geometry": { "type": "MultiPolygon", "coordinates": [ [ [ [ -118.385008729135151, 36.289086275084202 ], [ -118.385006174611959, 36.289129561172992 ], [ -118.384952706612665, 36.289127493093631 ], [ -118.384955261165203, 36.289084207008081 ], [ -118.385008729135151, 36.289086275084202 ] ] ] ] } },
{ "type": "Feature", "properties": { "id": null }, "geometry": { "type": "MultiPolygon", "coordinates": [ [ [ [ -118.385174071964968, 36.288943921972333 ], [ -118.385170787711488, 36.288999575529303 ], [ -118.385117319788435, 36.288997507529871 ], [ -118.385120604079646, 36.288941853977107 ], [ -118.385174071964968, 36.288943921972333 ] ] ] ] } },
{ "type": "Feature", "properties": { "id": null }, "geometry": { "type": "MultiPolygon", "coordinates": [ [ [ [ -118.385185151970703, 36.289015625703492 ], [ -118.385182962468889, 36.289052728075021 ], [ -118.38515240934808, 36.289051546365606 ], [ -118.385154598864261, 36.289014443995661 ], [ -118.385185151970703, 36.289015625703492 ] ] ] ] } },
{ "type": "Feature", "properties": { "id": null }, "geometry": { "type": "MultiPolygon", "coordinates": [ [ [ [ -118.384365992547274, 36.28921016139082 ], [ -118.384364532610917, 36.289234896275772 ], [ -118.384295788011329, 36.289232236936705 ], [ -118.384297247969229, 36.289207502054147 ], [ -118.384365992547274, 36.28921016139082 ] ] ] ] } },
{ "type": "Feature", "properties": { "id": null }, "geometry": { "type": "MultiPolygon", "coordinates": [ [ [ [ -118.384232803475754, 36.289521098862132 ], [ -118.384231708479703, 36.28953965002141 ], [ -118.384170601942358, 36.289537286081533 ], [ -118.384171696952777, 36.289518734923838 ], [ -118.384232803475754, 36.289521098862132 ] ] ] ] } },
{ "type": "Feature", "properties": { "id": null }, "geometry": { "type": "MultiPolygon", "coordinates": [ [ [ [ -118.384531962210559, 36.289576056408187 ], [ -118.384529407378295, 36.289619342464277 ], [ -118.384468300753099, 36.289616978672079 ], [ -118.384470855618886, 36.289573692619719 ], [ -118.384531962210559, 36.289576056408187 ] ] ] ] } },
{ "type": "Feature", "properties": { "id": null }, "geometry": { "type": "MultiPolygon", "coordinates": [ [ [ [ -118.383678519644619, 36.28931371979639 ], [ -118.383677424525658, 36.289332270941784 ], [ -118.383646871360867, 36.28933108883988 ], [ -118.383647966487018, 36.289312537695295 ], [ -118.383678519644619, 36.28931371979639 ] ] ] ] } },
{ "type": "Feature", "properties": { "id": null }, "geometry": { "type": "MultiPolygon", "coordinates": [ [ [ [ -118.384011008308846, 36.289128252409775 ], [ -118.384007358195475, 36.28919008959172 ], [ -118.383953890230359, 36.289188021062763 ], [ -118.383957540385637, 36.289126183885479 ], [ -118.384011008308846, 36.289128252409775 ] ] ] ] } },
{ "type": "Feature", "properties": { "id": null }, "geometry": { "type": "MultiPolygon", "coordinates": [ [ [ [ -118.38389588666459, 36.289133095404409 ], [ -118.383892236459715, 36.28919493257623 ], [ -118.383831130220486, 36.2891925684821 ], [ -118.383834780473236, 36.289130731315581 ], [ -118.38389588666459, 36.289133095404409 ] ] ] ] } },
{ "type": "Feature", "properties": { "id": null }, "geometry": { "type": "MultiPolygon", "coordinates": [ [ [ [ -118.383653638401654, 36.289151613342852 ], [ -118.383651813203784, 36.289182531918222 ], [ -118.38359070699498, 36.289180167701907 ], [ -118.383592532216781, 36.289149249129203 ], [ -118.383653638401654, 36.289151613342852 ] ] ] ] } },
{ "type": "Feature", "properties": { "id": null }, "geometry": { "type": "MultiPolygon", "coordinates": [ [ [ [ -118.383586550470099, 36.289056050117651 ], [ -118.383584360208218, 36.289093152405123 ], [ -118.383507977542706, 36.289090197093024 ], [ -118.383510167840512, 36.289053094809532 ], [ -118.383586550470099, 36.289056050117651 ] ] ] ] } },
{ "type": "Feature", "properties": { "id": null }, "geometry": { "type": "MultiPolygon", "coordinates": [ [ [ [ -118.384010305229936, 36.289010466260677 ], [ -118.384008845191985, 36.289035201134034 ], [ -118.383970653863145, 36.289033723621657 ], [ -118.383972113913089, 36.289008988749622 ], [ -118.384010305229936, 36.289010466260677 ] ] ] ] } },
{ "type": "Feature", "properties": { "id": null }, "geometry": { "type": "MultiPolygon", "coordinates": [ [ [ [ -118.384526448765726, 36.288956059062386 ], [ -118.38452425895683, 36.288993161399773 ], [ -118.384486067620699, 36.288991684053485 ], [ -118.384488257447558, 36.288954581718095 ], [ -118.384526448765726, 36.288956059062386 ] ] ] ] } },
{ "type": "Feature", "properties": { "id": null }, "geometry": { "type": "MultiPolygon", "coordinates": [ [ [ [ -118.384455332066821, 36.288993594028845 ], [ -118.384453142221261, 36.289030696362246 ], [ -118.384369121253627, 36.289027446131534 ], [ -118.384371311138693, 36.288990343802496 ], [ -118.384455332066821, 36.288993594028845 ] ] ] ] } },
{ "type": "Feature", "properties": { "id": null }, "geometry": { "type": "MultiPolygon", "coordinates": [ [ [ [ -118.384133064961929, 36.289005918635262 ], [ -118.384131969962851, 36.289024469793517 ], [ -118.384101416898446, 36.289023287816349 ], [ -118.3841025119047, 36.289004736658896 ], [ -118.384133064961929, 36.289005918635262 ] ] ] ] } },
{ "type": "Feature", "properties": { "id": null }, "geometry": { "type": "MultiPolygon", "coordinates": [ [ [ [ -118.384163813853391, 36.288938931941281 ], [ -118.384162718864289, 36.288957483100553 ], [ -118.384116889305531, 36.288955710146482 ], [ -118.384117984305405, 36.288937158988389 ], [ -118.384163813853391, 36.288938931941281 ] ] ] ] } },
{ "type": "Feature", "properties": { "id": null }, "geometry": { "type": "MultiPolygon", "coordinates": [ [ [ [ -118.384068518134768, 36.288932146410218 ], [ -118.38406596310665, 36.288975432442626 ], [ -118.384020133543629, 36.288973659450711 ], [ -118.384022688596914, 36.288930373421096 ], [ -118.384068518134768, 36.288932146410218 ] ] ] ] } },
{ "type": "Feature", "properties": { "id": null }, "geometry": { "type": "MultiPolygon", "coordinates": [ [ [ [ -118.384102356168839, 36.288877674919945 ], [ -118.384100896166998, 36.288902409797068 ], [ -118.384047428391085, 36.288900341323995 ], [ -118.384048888409666, 36.288875606448727 ], [ -118.384102356168839, 36.288877674919945 ] ] ] ] } },
{ "type": "Feature", "properties": { "id": null }, "geometry": { "type": "MultiPolygon", "coordinates": [ [ [ [ -118.384135659998918, 36.288767402193486 ], [ -118.384130915039762, 36.288847790548857 ], [ -118.384069809050558, 36.288845426596055 ], [ -118.384074554072001, 36.288765038247611 ], [ -118.384135659998918, 36.288767402193486 ] ] ] ] } },
{ "type": "Feature", "properties": { "id": null }, "geometry": { "type": "MultiPolygon", "coordinates": [ [ [ [ -118.383774431679569, 36.288985846205613 ], [ -118.383772606540418, 36.2890167647871 ], [ -118.383696223929036, 36.289013809600583 ], [ -118.383698049098129, 36.288982891022407 ], [ -118.383774431679569, 36.288985846205613 ] ] ] ] } },
{ "type": "Feature", "properties": { "id": null }, "geometry": { "type": "MultiPolygon", "coordinates": [ [ [ [ -118.383650056851167, 36.288888066636289 ], [ -118.383647501596002, 36.288931352643409 ], [ -118.383586395583421, 36.288928988438911 ], [ -118.383588950872095, 36.288885702435515 ], [ -118.383650056851167, 36.288888066636289 ] ] ] ] } },
{ "type": "Feature", "properties": { "id": null }, "geometry": { "type": "MultiPolygon", "coordinates": [ [ [ [ -118.383890127740287, 36.288841574163641 ], [ -118.383886842587287, 36.288897227620595 ], [ -118.383825736580633, 36.288894863540314 ], [ -118.383829021776734, 36.288839210088142 ], [ -118.383890127740287, 36.288841574163641 ] ] ] ] } },
{ "type": "Feature", "properties": { "id": null }, "geometry": { "type": "MultiPolygon", "coordinates": [ [ [ [ -118.383682083700023, 36.28879943708759 ], [ -118.383680258536899, 36.288830355666008 ], [ -118.383611514358634, 36.288827695958936 ], [ -118.383613339548717, 36.28879677738351 ], [ -118.383682083700023, 36.28879943708759 ] ] ] ] } },
{ "type": "Feature", "properties": { "id": null }, "geometry": { "type": "MultiPolygon", "coordinates": [ [ [ [ -118.383633881528851, 36.288837858105218 ], [ -118.38363096123193, 36.288887327826885 ], [ -118.383546940515629, 36.288884077029451 ], [ -118.383549860865216, 36.288834607313618 ], [ -118.383633881528851, 36.288837858105218 ] ] ] ] } },
{ "type": "Feature", "properties": { "id": null }, "geometry": { "type": "MultiPolygon", "coordinates": [ [ [ [ -118.383312499763662, 36.288964874748878 ], [ -118.383310674443663, 36.288995793310306 ], [ -118.383257206663757, 36.288993724479305 ], [ -118.383259032004702, 36.288962805920207 ], [ -118.383312499763662, 36.288964874748878 ] ] ] ] } },
{ "type": "Feature", "properties": { "id": null }, "geometry": { "type": "MultiPolygon", "coordinates": [ [ [ [ -118.383442336119757, 36.289034975707303 ], [ -118.383440510846313, 36.289065894274025 ], [ -118.383356489961173, 36.289062643329054 ], [ -118.383358315267557, 36.289031724765991 ], [ -118.383442336119757, 36.289034975707303 ] ] ] ] } },
{ "type": "Feature", "properties": { "id": null }, "geometry": { "type": "MultiPolygon", "coordinates": [ [ [ [ -118.38334812157504, 36.289074715210724 ], [ -118.383346661324651, 36.289099450060661 ], [ -118.383285555206967, 36.289097085693044 ], [ -118.383287015476512, 36.289072350845231 ], [ -118.38334812157504, 36.289074715210724 ] ] ] ] } },
{ "type": "Feature", "properties": { "id": null }, "geometry": { "type": "MultiPolygon", "coordinates": [ [ [ [ -118.383350662988477, 36.289096505976353 ], [ -118.383347742485213, 36.289145975676078 ], [ -118.383278998062409, 36.289143315758025 ], [ -118.383281918608773, 36.289093846063089 ], [ -118.383350662988477, 36.289096505976353 ] ] ] ] } },
{ "type": "Feature", "properties": { "id": null }, "geometry": { "type": "MultiPolygon", "coordinates": [ [ [ [ -118.384993338458429, 36.289671375851825 ], [ -118.384991513754471, 36.289702294483021 ], [ -118.384945683706462, 36.28970052181544 ], [ -118.384947508428397, 36.28966960318624 ], [ -118.384993338458429, 36.289671375851825 ] ] ] ] } },
{ "type": "Feature", "properties": { "id": null }, "geometry": { "type": "MultiPolygon", "coordinates": [ [ [ [ -118.385073553657094, 36.28960940112232 ], [ -118.385070999120856, 36.289652687211294 ], [ -118.3850098924229, 36.289650323694012 ], [ -118.385012446992647, 36.289607037608768 ], [ -118.385073553657094, 36.28960940112232 ] ] ] ] } },
{ "type": "Feature", "properties": { "id": null }, "geometry": { "type": "MultiPolygon", "coordinates": [ [ [ [ -118.384183737043557, 36.290222655496727 ], [ -118.384182276995688, 36.290247390371135 ], [ -118.384113531525642, 36.290244730863741 ], [ -118.384114991595069, 36.290219995991727 ], [ -118.384183737043557, 36.290222655496727 ] ] ] ] } },
{ "type": "Feature", "properties": { "id": null }, "geometry": { "type": "MultiPolygon", "coordinates": [ [ [ [ -118.384691448214824, 36.288697042912375 ], [ -118.384689498730879, 36.288730074882942 ], [ -118.384632376407637, 36.288727865315046 ], [ -118.384634325915499, 36.28869483334713 ], [ -118.384691448214824, 36.288697042912375 ] ] ] ] } },
{ "type": "Feature", "properties": { "id": null }, "geometry": { "type": "MultiPolygon", "coordinates": [ [ [ [ -118.384698647544283, 36.288644349583635 ], [ -118.3846978677538, 36.288657562372158 ], [ -118.384632585158784, 36.288655037158371 ], [ -118.384633364960209, 36.288641824371069 ], [ -118.384698647544283, 36.288644349583635 ] ] ] ] } },
{ "type": "Feature", "properties": { "id": null }, "geometry": { "type": "MultiPolygon", "coordinates": [ ] } },
{ "type": "Feature", "properties": { "id": null }, "geometry": { "type": "MultiPolygon", "coordinates": [ [ [ [ -118.385088380508336, 36.288762057091887 ], [ -118.385086821051587, 36.288788482682904 ], [ -118.385062340023154, 36.288787535808602 ], [ -118.385063899488117, 36.288761110218502 ], [ -118.385088380508336, 36.288762057091887 ] ] ] ] } },
{ "type": "Feature", "properties": { "id": null }, "geometry": { "type": "MultiPolygon", "coordinates": [ [ [ [ -118.385621479878154, 36.289014426723817 ], [ -118.385619530763606, 36.28904745873605 ], [ -118.385578728884653, 36.289045880781565 ], [ -118.385580678016282, 36.289012848771229 ], [ -118.385621479878154, 36.289014426723817 ] ] ] ] } },
{ "type": "Feature", "properties": { "id": null }, "geometry": { "type": "MultiPolygon", "coordinates": [ [ [ [ -118.385681890139765, 36.289099531456749 ], [ -118.385681110502091, 36.289112744262603 ], [ -118.385615827437235, 36.289110219558495 ], [ -118.385616607085836, 36.289097006753863 ], [ -118.385681890139765, 36.289099531456749 ] ] ] ] } },
{ "type": "Feature", "properties": { "id": null }, "geometry": { "type": "MultiPolygon", "coordinates": [ [ [ [ -118.385292907646289, 36.289107662910745 ], [ -118.385290568534288, 36.28914730130635 ], [ -118.385233445858418, 36.289145092003828 ], [ -118.385235784999111, 36.289105453611398 ], [ -118.385292907646289, 36.289107662910745 ] ] ] ] } },
{ "type": "Feature", "properties": { "id": null }, "geometry": { "type": "MultiPolygon", "coordinates": [ [ [ [ -118.385209039393516, 36.289766566868799 ], [ -118.385207869788744, 36.289786386062126 ], [ -118.3851589071012, 36.289784492313487 ], [ -118.385160076718265, 36.289764673121525 ], [ -118.385209039393516, 36.289766566868799 ] ] ] ] } },
{ "type": "Feature", "properties": { "id": null }, "geometry": { "type": "MultiPolygon", "coordinates": [ [ [ [ -118.385151337427288, 36.288734695460896 ], [ -118.385150557710546, 36.288747908257655 ], [ -118.385109756014572, 36.288746330154304 ], [ -118.385110535738136, 36.288733117358312 ], [ -118.385151337427288, 36.288734695460896 ] ] ] ] } },
{ "type": "Feature", "properties": { "id": null }, "geometry": { "type": "MultiPolygon", "coordinates": [ [ [ [ -118.38523547484651, 36.28869491002979 ], [ -118.385233915443166, 36.28872133562659 ], [ -118.385184953419227, 36.288719441936223 ], [ -118.385186512838956, 36.288693016341249 ], [ -118.38523547484651, 36.28869491002979 ] ] ] ] } },
{ "type": "Feature", "properties": { "id": null }, "geometry": { "type": "MultiPolygon", "coordinates": [ [ [ [ -118.385590241674763, 36.288781466896616 ], [ -118.385586733272476, 36.288840924518098 ], [ -118.385554091856577, 36.288839662152817 ], [ -118.385557600283491, 36.288780204534064 ], [ -118.385590241674763, 36.288781466896616 ] ] ] ] } },
{ "type": "Feature", "properties": { "id": null }, "geometry": { "type": "MultiPolygon", "coordinates": [ [ [ [ -118.385654744830262, 36.288797204401156 ], [ -118.385652405927829, 36.288836842819087 ], [ -118.385611604156622, 36.288835264883659 ], [ -118.385613943079591, 36.288795626468001 ], [ -118.385654744830262, 36.288797204401156 ] ] ] ] } },
{ "type": "Feature", "properties": { "id": null }, "geometry": { "type": "MultiPolygon", "coordinates": [ [ [ [ -118.385745093406584, 36.288790766199476 ], [ -118.385741974930639, 36.288843617430111 ], [ -118.38570117315075, 36.288842039524994 ], [ -118.385704291654037, 36.288789188297407 ], [ -118.385745093406584, 36.288790766199476 ] ] ] ] } },
{ "type": "Feature", "properties": { "id": null }, "geometry": { "type": "MultiPolygon", "coordinates": [ [ [ [ -118.385768769233536, 36.288943975804308 ], [ -118.38576604056621, 36.28899022063149 ], [ -118.385692597224846, 36.288987380397266 ], [ -118.385695325935188, 36.288941135574859 ], [ -118.385768769233536, 36.288943975804308 ] ] ] ] } },
{ "type": "Feature", "properties": { "id": null }, "geometry": { "type": "MultiPolygon", "coordinates": [ [ [ [ -118.38576118075926, 36.289003275649485 ], [ -118.385759231704384, 36.289036307668276 ], [ -118.385726590199184, 36.289035045344278 ], [ -118.385728539267717, 36.289002013327 ], [ -118.38576118075926, 36.289003275649485 ] ] ] ] } },
{ "type": "Feature", "properties": { "id": null }, "geometry": { "type": "MultiPolygon", "coordinates": [ [ [ [ -118.385589098112817, 36.288662236062542 ], [ -118.385587538830592, 36.28868866167268 ], [ -118.385522256127615, 36.288686136942758 ], [ -118.385523815431725, 36.288659711335036 ], [ -118.385589098112817, 36.288662236062542 ] ] ] ] } },
{ "type": "Feature", "properties": { "id": null }, "geometry": { "type": "MultiPolygon", "coordinates": [ [ [ [ -118.385883272754313, 36.288597465451502 ], [ -118.38588171357496, 36.288623891072902 ], [ -118.385800110231045, 36.28862073536056 ], [ -118.385801669437726, 36.288594309742173 ], [ -118.385883272754313, 36.288597465451502 ] ] ] ] } },
{ "type": "Feature", "properties": { "id": null }, "geometry": { "type": "MultiPolygon", "coordinates": [ [ [ [ -118.385738882102572, 36.288757418601051 ], [ -118.385737322865438, 36.288783844216375 ], [ -118.385655719371613, 36.288780688393572 ], [ -118.385657278636103, 36.288754262781289 ], [ -118.385738882102572, 36.288757418601051 ] ] ] ] } },
{ "type": "Feature", "properties": { "id": null }, "geometry": { "type": "MultiPolygon", "coordinates": [ [ [ [ -118.384539730088264, 36.288565366164732 ], [ -118.384536220916658, 36.288624823700133 ], [ -118.384430136772451, 36.28862072006946 ], [ -118.384433646024021, 36.288561262542949 ], [ -118.384539730088264, 36.288565366164732 ] ] ] ] } },
{ "type": "Feature", "properties": { "id": null }, "geometry": { "type": "MultiPolygon", "coordinates": [ [ [ [ -118.384375938962748, 36.288568962448643 ], [ -118.384373599433005, 36.288608600796465 ], [ -118.384259355020802, 36.28860418134434 ], [ -118.384261694607972, 36.288564543002877 ], [ -118.384375938962748, 36.288568962448643 ] ] ] ] } },
{ "type": "Feature", "properties": { "id": null }, "geometry": { "type": "MultiPolygon", "coordinates": [ [ [ [ -118.383971808699457, 36.288556639257678 ], [ -118.383968689054328, 36.288609490357942 ], [ -118.383870765325824, 36.288605701931097 ], [ -118.383873885036579, 36.288552850838101 ], [ -118.383971808699457, 36.288556639257678 ] ] ] ] } },
{ "type": "Feature", "properties": { "id": null }, "geometry": { "type": "MultiPolygon", "coordinates": [ [ [ [ -118.384067378398342, 36.288669590852322 ], [ -118.384064648754403, 36.288715835570478 ], [ -118.384032007460846, 36.288714572793431 ], [ -118.384034737123883, 36.288668328077392 ], [ -118.384067378398342, 36.288669590852322 ] ] ] ] } },
{ "type": "Feature", "properties": { "id": null }, "geometry": { "type": "MultiPolygon", "coordinates": [ [ [ [ -118.383998015692569, 36.288666907444998 ], [ -118.383995286007973, 36.288713152158643 ], [ -118.383938163753115, 36.288710942259989 ], [ -118.383940893471191, 36.288664697550054 ], [ -118.383998015692569, 36.288666907444998 ] ] ] ] } },
{ "type": "Feature", "properties": { "id": null }, "geometry": { "type": "MultiPolygon", "coordinates": [ [ [ [ -118.384013542067663, 36.288750276534387 ], [ -118.384010032473157, 36.288809734023729 ], [ -118.383961070478648, 36.288807839828273 ], [ -118.383964580110089, 36.288748382343023 ], [ -118.384013542067663, 36.288750276534387 ] ] ] ] } },
{ "type": "Feature", "properties": { "id": null }, "geometry": { "type": "MultiPolygon", "coordinates": [ [ [ [ -118.385896386209936, 36.28913762310372 ], [ -118.385892877994266, 36.289197080747378 ], [ -118.385835755233501, 36.289194871730018 ], [ -118.38583926349223, 36.289135414091113 ], [ -118.385896386209936, 36.28913762310372 ] ] ] ] } },
{ "type": "Feature", "properties": { "id": null }, "geometry": { "type": "MultiPolygon", "coordinates": [ [ [ [ -118.383314874546826, 36.288670273500202 ], [ -118.383309804378399, 36.288756156456429 ], [ -118.383277163102832, 36.28875489347211 ], [ -118.383282233306829, 36.288669010519826 ], [ -118.383314874546826, 36.288670273500202 ] ] ] ] } },
{ "type": "Feature", "properties": { "id": null }, "geometry": { "type": "MultiPolygon", "coordinates": [ [ [ [ -118.383449909684174, 36.288668876817852 ], [ -118.383446399672465, 36.288728334260647 ], [ -118.383372956817226, 36.288725492619228 ], [ -118.383376466884286, 36.28866603518258 ], [ -118.383449909684174, 36.288668876817852 ] ] ] ] } },
{ "type": "Feature", "properties": { "id": null }, "geometry": { "type": "MultiPolygon", "coordinates": [ [ [ [ -118.383340540452025, 36.288581876707063 ], [ -118.383337030368494, 36.288641334141516 ], [ -118.383239106687626, 36.28863754519454 ], [ -118.383242616844981, 36.288578087768258 ], [ -118.383340540452025, 36.288581876707063 ] ] ] ] } },
{ "type": "Feature", "properties": { "id": null }, "geometry": { "type": "MultiPolygon", "coordinates": [ [ [ [ -118.383518521918802, 36.288545723531101 ], [ -118.383515401969206, 36.288598574597628 ], [ -118.383450119532441, 36.288596048741766 ], [ -118.383453239525764, 36.288543197680099 ], [ -118.383518521918802, 36.288545723531101 ] ] ] ] } },
{ "type": "Feature", "properties": { "id": null }, "geometry": { "type": "MultiPolygon", "coordinates": [ [ [ [ -118.383547653199102, 36.288606443895794 ], [ -118.38354336328382, 36.288679114114331 ], [ -118.383478080777394, 36.288676588268942 ], [ -118.383482370752816, 36.288603918057085 ], [ -118.383547653199102, 36.288606443895794 ] ] ] ] } },
{ "type": "Feature", "properties": { "id": null }, "geometry": { "type": "MultiPolygon", "coordinates": [ [ [ [ -118.383651216968943, 36.288583964909613 ], [ -118.38364575720081, 36.288676454292307 ], [ -118.383588635000905, 36.288674244228588 ], [ -118.383594094835999, 36.288581754853325 ], [ -118.383651216968943, 36.288583964909613 ] ] ] ] } },
{ "type": "Feature", "properties": { "id": null }, "geometry": { "type": "MultiPolygon", "coordinates": [ [ [ [ -118.383862034544308, 36.288545770893464 ], [ -118.38385618506652, 36.288644866690717 ], [ -118.383758261309396, 36.288641078168574 ], [ -118.383764110910207, 36.28854198238497 ], [ -118.383862034544308, 36.288545770893464 ] ] ] ] } },
{ "type": "Feature", "properties": { "id": null }, "geometry": { "type": "MultiPolygon", "coordinates": [ [ [ [ -118.383849570124795, 36.288687650348358 ], [ -118.383845280476763, 36.288760320596907 ], [ -118.383771837550128, 36.288757479198338 ], [ -118.383776127265833, 36.288684808957299 ], [ -118.383849570124795, 36.288687650348358 ] ] ] ] } },
{ "type": "Feature", "properties": { "id": null }, "geometry": { "type": "MultiPolygon", "coordinates": [ [ [ [ -118.383893462504091, 36.288775427610886 ], [ -118.383890732746977, 36.288821672316864 ], [ -118.383841770753293, 36.288819778072011 ], [ -118.383844500539084, 36.288773533369223 ], [ -118.383893462504091, 36.288775427610886 ] ] ] ] } },
{ "type": "Feature", "properties": { "id": null }, "geometry": { "type": "MultiPolygon", "coordinates": [ [ [ [ -118.383546019333693, 36.288980493877702 ], [ -118.383544459344421, 36.289006919410149 ], [ -118.383495497258949, 36.289005025015221 ], [ -118.383497057264634, 36.288978599484594 ], [ -118.383546019333693, 36.288980493877702 ] ] ] ] } },
{ "type": "Feature", "properties": { "id": null }, "geometry": { "type": "MultiPolygon", "coordinates": [ [ [ [ -118.383301629063524, 36.288825365585225 ], [ -118.383299678984642, 36.288858397490216 ], [ -118.383258877337894, 36.288856818751171 ], [ -118.383260827433844, 36.288823786848077 ], [ -118.383301629063524, 36.288825365585225 ] ] ] ] } },
{ "type": "Feature", "properties": { "id": null }, "geometry": { "type": "MultiPolygon", "coordinates": [ [ [ [ -118.384547081502376, 36.29065803663201 ], [ -118.384545911692072, 36.290677855803857 ], [ -118.384537751158632, 36.290677540128641 ], [ -118.384538920970968, 36.290657720957029 ], [ -118.384547081502376, 36.29065803663201 ] ] ] ] } },
{ "type": "Feature", "properties": { "id": null }, "geometry": { "type": "MultiPolygon", "coordinates": [ [ [ [ -118.384585377656521, 36.29056350665671 ], [ -118.38458342799494, 36.290596538612022 ], [ -118.384542625369164, 36.290594960246281 ], [ -118.38454457504784, 36.290561928292874 ], [ -118.384585377656521, 36.29056350665671 ] ] ] ] } },
{ "type": "Feature", "properties": { "id": null }, "geometry": { "type": "MultiPolygon", "coordinates": [ [ [ [ -118.383969663154105, 36.290463540598097 ], [ -118.383968883188899, 36.290476753368964 ], [ -118.38391175965063, 36.290474543365711 ], [ -118.383912539625413, 36.290461330595896 ], [ -118.383969663154105, 36.290463540598097 ] ] ] ] } },
{ "type": "Feature", "properties": { "id": null }, "geometry": { "type": "MultiPolygon", "coordinates": [ [ [ [ -118.384053398580704, 36.290499887481531 ], [ -118.384052618628573, 36.290513100253911 ], [ -118.384019976586956, 36.290511837420006 ], [ -118.384020756544558, 36.290498624648237 ], [ -118.384053398580704, 36.290499887481531 ] ] ] ] } },
{ "type": "Feature", "properties": { "id": null }, "geometry": { "type": "MultiPolygon", "coordinates": [ [ [ [ -118.383424049613723, 36.290561617201035 ], [ -118.383419369246084, 36.290640893763239 ], [ -118.383337764085766, 36.290637736220148 ], [ -118.383342444535444, 36.290558459667054 ], [ -118.383424049613723, 36.290561617201035 ] ] ] ] } },
{ "type": "Feature", "properties": { "id": null }, "geometry": { "type": "MultiPolygon", "coordinates": [ [ [ [ -118.383625542160686, 36.290542927396416 ], [ -118.38362320208266, 36.290582565689121 ], [ -118.383574239007302, 36.290580671256002 ], [ -118.383576579109928, 36.290541032966011 ], [ -118.383625542160686, 36.290542927396416 ] ] ] ] } },
{ "type": "Feature", "properties": { "id": null }, "geometry": { "type": "MultiPolygon", "coordinates": [ [ [ [ -118.383534636417963, 36.29042022365153 ], [ -118.3835319062851, 36.290466468321327 ], [ -118.383482943288598, 36.290464573856013 ], [ -118.383485673450167, 36.2904183291894 ], [ -118.383534636417963, 36.29042022365153 ] ] ] ] } },
{ "type": "Feature", "properties": { "id": null }, "geometry": { "type": "MultiPolygon", "coordinates": [ [ [ [ -118.385492887644162, 36.28987686713765 ], [ -118.385491328260315, 36.289903292738821 ], [ -118.385450525943142, 36.289901714708726 ], [ -118.385452085340688, 36.289875289109048 ], [ -118.385492887644162, 36.28987686713765 ] ] ] ] } },
{ "type": "Feature", "properties": { "id": null }, "geometry": { "type": "MultiPolygon", "coordinates": [ [ [ [ -118.384995524761337, 36.288672386408209 ], [ -118.384992795664814, 36.288718631186988 ], [ -118.384927512991752, 36.288716106130565 ], [ -118.384930242126529, 36.288669861356034 ], [ -118.384995524761337, 36.288672386408209 ] ] ] ] } },
{ "type": "Feature", "properties": { "id": null }, "geometry": { "type": "MultiPolygon", "coordinates": [ [ [ [ -118.38489858906469, 36.288582557848919 ], [ -118.384896249798132, 36.28862219622593 ], [ -118.38478200528175, 36.288617777271732 ], [ -118.38478434460572, 36.288578138901094 ], [ -118.38489858906469, 36.288582557848919 ] ] ] ] } },
{ "type": "Feature", "properties": { "id": null }, "geometry": { "type": "MultiPolygon", "coordinates": [ [ [ [ -118.384912946775401, 36.288685746078045 ], [ -118.384911387263841, 36.288712171662844 ], [ -118.384886906265308, 36.28871122475433 ], [ -118.384888465785082, 36.28868479917044 ], [ -118.384912946775401, 36.288685746078045 ] ] ] ] } },
{ "type": "Feature", "properties": { "id": null }, "geometry": { "type": "MultiPolygon", "coordinates": [ [ [ [ -118.385239931601788, 36.288757986435435 ], [ -118.385239151899313, 36.288771199233807 ], [ -118.38519835018613, 36.288769621159815 ], [ -118.385199129895412, 36.288756408362204 ], [ -118.385239931601788, 36.288757986435435 ] ] ] ] } },
{ "type": "Feature", "properties": { "id": null }, "geometry": { "type": "MultiPolygon", "coordinates": [ [ [ [ -118.384347140750563, 36.288779735618242 ], [ -118.384346750823823, 36.288786342009068 ], [ -118.384305949154196, 36.288784763629998 ], [ -118.384306339084347, 36.288778157239548 ], [ -118.384347140750563, 36.288779735618242 ] ] ] ] } },
{ "type": "Feature", "properties": { "id": null }, "geometry": { "type": "MultiPolygon", "coordinates": [ ] } },
{ "type": "Feature", "properties": { "id": null }, "geometry": { "type": "MultiPolygon", "coordinates": [ [ [ [ -118.426554452741783, 36.166297607705914 ], [ -118.426551587367825, 36.166346825518097 ], [ -118.426473546057579, 36.166343838263948 ], [ -118.426476411480039, 36.166294620457116 ], [ -118.426554452741783, 36.166297607705914 ] ] ] ] } },
{ "type": "Feature", "properties": { "id": null }, "geometry": { "type": "MultiPolygon", "coordinates": [ [ [ [ -118.426691108458698, 36.166264081147638 ], [ -118.426689880480282, 36.166285174499947 ], [ -118.426655195472534, 36.166283846879686 ], [ -118.426656423460216, 36.1662627535284 ], [ -118.426691108458698, 36.166264081147638 ] ] ] ] } },
{ "type": "Feature", "properties": { "id": null }, "geometry": { "type": "MultiPolygon", "coordinates": [ [ [ [ -118.42671647049427, 36.166201630845066 ], [ -118.426716061171462, 36.166208661962848 ], [ -118.426681376196157, 36.166207334352578 ], [ -118.426681785522035, 36.166200303235144 ], [ -118.42671647049427, 36.166201630845066 ] ] ] ] } },
{ "type": "Feature", "properties": { "id": null }, "geometry": { "type": "MultiPolygon", "coordinates": [ [ [ [ -118.426974485399256, 36.166098757792376 ], [ -118.426968345911078, 36.166204224597571 ], [ -118.42690764718779, 36.166201901401173 ], [ -118.426913786756757, 36.166096434604903 ], [ -118.426974485399256, 36.166098757792376 ] ] ] ] } },
{ "type": "Feature", "properties": { "id": null }, "geometry": { "type": "MultiPolygon", "coordinates": [ [ [ [ -118.426420696886737, 36.165534958482013 ], [ -118.426418240849173, 36.165577145175682 ], [ -118.426340200316517, 36.165574157889118 ], [ -118.426342656395619, 36.165531971200032 ], [ -118.426420696886737, 36.165534958482013 ] ] ] ] } },
{ "type": "Feature", "properties": { "id": null }, "geometry": { "type": "MultiPolygon", "coordinates": [ [ [ [ -118.426657274336776, 36.165501733316134 ], [ -118.426651134557716, 36.165607200084985 ], [ -118.426564422794101, 36.165603881040866 ], [ -118.426570562688582, 36.165498414284762 ], [ -118.426657274336776, 36.165501733316134 ] ] ] ] } },
{ "type": "Feature", "properties": { "id": null }, "geometry": { "type": "MultiPolygon", "coordinates": [ [ [ [ -118.426611667241133, 36.16553874495483 ], [ -118.426607574012365, 36.165609056129441 ], [ -118.42652953342737, 36.165606068964024 ], [ -118.426533626725387, 36.165535757797059 ], [ -118.426611667241133, 36.16553874495483 ] ] ] ] } },
{ "type": "Feature", "properties": { "id": null }, "geometry": { "type": "MultiPolygon", "coordinates": [ [ [ [ -118.426345856230014, 36.165327736942366 ], [ -118.426344628201136, 36.165348830287776 ], [ -118.42630127247844, 36.165347170672717 ], [ -118.426302500518872, 36.165326077328579 ], [ -118.426345856230014, 36.165327736942366 ] ] ] ] } },
{ "type": "Feature", "properties": { "id": null }, "geometry": { "type": "MultiPolygon", "coordinates": [ [ [ [ -118.426259182198436, 36.165398410362776 ], [ -118.426257954143168, 36.165419503705373 ], [ -118.426214598386807, 36.165417844056144 ], [ -118.426215826453628, 36.16539675071482 ], [ -118.426259182198436, 36.165398410362776 ] ] ] ] } },
{ "type": "Feature", "properties": { "id": null }, "geometry": { "type": "MultiPolygon", "coordinates": [ [ [ [ -118.426249487667945, 36.165415656219736 ], [ -118.426247440902827, 36.165450811790102 ], [ -118.426186742821699, 36.165448488269753 ], [ -118.426188789613747, 36.165413332702364 ], [ -118.426249487667945, 36.165415656219736 ] ] ] ] } },
{ "type": "Feature", "properties": { "id": null }, "geometry": { "type": "MultiPolygon", "coordinates": [ [ [ [ -118.426209444098674, 36.165431740317771 ], [ -118.426207806671584, 36.16545986477243 ], [ -118.426164450896053, 36.165458205103448 ], [ -118.426166088338547, 36.165430080650495 ], [ -118.426209444098674, 36.165431740317771 ] ] ] ] } },
{ "type": "Feature", "properties": { "id": null }, "geometry": { "type": "MultiPolygon", "coordinates": [ [ [ [ -118.426403893535735, 36.165375762627519 ], [ -118.426402665520229, 36.165396855974478 ], [ -118.426376652068214, 36.165395860218787 ], [ -118.426377880090641, 36.165374766872603 ], [ -118.426403893535735, 36.165375762627519 ] ] ] ] } },
{ "type": "Feature", "properties": { "id": null }, "geometry": { "type": "MultiPolygon", "coordinates": [ [ [ [ -118.42678603816691, 36.165379819707297 ], [ -118.426782763728667, 36.165436068662316 ], [ -118.42672206561339, 36.165433745414155 ], [ -118.426725340094734, 36.165377496463883 ], [ -118.42678603816691, 36.165379819707297 ] ] ] ] } },
{ "type": "Feature", "properties": { "id": null }, "geometry": { "type": "MultiPolygon", "coordinates": [ [ [ [ -118.426687994949788, 36.165421871152418 ], [ -118.426685948380012, 36.165457026744321 ], [ -118.426633921416851, 36.165455035347577 ], [ -118.426635968009691, 36.165419879758211 ], [ -118.426687994949788, 36.165421871152418 ] ] ] ] } },
{ "type": "Feature", "properties": { "id": null }, "geometry": { "type": "MultiPolygon", "coordinates": [ [ [ [ -118.426449725897015, 36.165782707116264 ], [ -118.426448497875541, 36.165803800463131 ], [ -118.426422484287372, 36.165802804707802 ], [ -118.426423712315795, 36.165781711361696 ], [ -118.426449725897015, 36.165782707116264 ] ] ] ] } },
{ "type": "Feature", "properties": { "id": null }, "geometry": { "type": "MultiPolygon", "coordinates": [ [ [ [ -118.42550509210308, 36.165140521309262 ], [ -118.4255026356103, 36.165182707951629 ], [ -118.42547662226184, 36.165181712005449 ], [ -118.425479078768447, 36.165139525364616 ], [ -118.42550509210308, 36.165140521309262 ] ] ] ] } },
{ "type": "Feature", "properties": { "id": null }, "geometry": { "type": "MultiPolygon", "coordinates": [ [ [ [ -118.426370044739144, 36.16498689380137 ], [ -118.426368407396083, 36.165015018264441 ], [ -118.426316380748148, 36.165013026750593 ], [ -118.426318018109683, 36.164984902289554 ], [ -118.426370044739144, 36.16498689380137 ] ] ] ] } },
{ "type": "Feature", "properties": { "id": null }, "geometry": { "type": "MultiPolygon", "coordinates": [ [ [ [ -118.426110172457584, 36.165494884599745 ], [ -118.42610812562431, 36.165530040162785 ], [ -118.426012742851128, 36.165526388784926 ], [ -118.426014789726707, 36.165491233226554 ], [ -118.426110172457584, 36.165494884599745 ] ] ] ] } },
{ "type": "Feature", "properties": { "id": null }, "geometry": { "type": "MultiPolygon", "coordinates": [ [ [ [ -118.42670692101909, 36.165693896798921 ], [ -118.426705693070502, 36.165714990153688 ], [ -118.426679679502342, 36.165713994456333 ], [ -118.426680907457836, 36.165692901102311 ], [ -118.42670692101909, 36.165693896798921 ] ] ] ] } },
{ "type": "Feature", "properties": { "id": null }, "geometry": { "type": "MultiPolygon", "coordinates": [ [ [ [ -118.425955894988363, 36.166204227089779 ], [ -118.425954666815628, 36.16622532042058 ], [ -118.425919981869953, 36.166223992589231 ], [ -118.425921210051939, 36.166202899259439 ], [ -118.425955894988363, 36.166204227089779 ] ] ] ] } },
{ "type": "Feature", "properties": { "id": null }, "geometry": { "type": "MultiPolygon", "coordinates": [ [ [ [ -118.426293124480125, 36.166382736011045 ], [ -118.426292715116816, 36.166389767124443 ], [ -118.42627537259925, 36.166389103256385 ], [ -118.426275781964108, 36.166382072143172 ], [ -118.426293124480125, 36.166382736011045 ] ] ] ] } },
{ "type": "Feature", "properties": { "id": null }, "geometry": { "type": "MultiPolygon", "coordinates": [ [ [ [ -118.426381232408275, 36.166287453749263 ], [ -118.426380413700059, 36.166301515977985 ], [ -118.426371742449874, 36.166301184051314 ], [ -118.42637256115961, 36.166287121822762 ], [ -118.426381232408275, 36.166287453749263 ] ] ] ] } },
{ "type": "Feature", "properties": { "id": null }, "geometry": { "type": "MultiPolygon", "coordinates": [ ] } },
{ "type": "Feature", "properties": { "id": null }, "geometry": { "type": "MultiPolygon", "coordinates": [ ] } },
{ "type": "Feature", "properties": { "id": null }, "geometry": { "type": "MultiPolygon", "coordinates": [ [ [ [ -118.426902735509628, 36.166286274836196 ], [ -118.426900688971031, 36.166321430433598 ], [ -118.426866003937079, 36.166320102873271 ], [ -118.426868050491066, 36.166284947277568 ], [ -118.426902735509628, 36.166286274836196 ] ] ] ] } },
{ "type": "Feature", "properties": { "id": null }, "geometry": { "type": "MultiPolygon", "coordinates": [ [ [ [ -118.426406704289334, 36.165626031065578 ], [ -118.426404657578658, 36.165661186642453 ], [ -118.426369972859703, 36.165659858959202 ], [ -118.426372019585742, 36.16562470338404 ], [ -118.426406704289334, 36.165626031065578 ] ] ] ] } },
{ "type": "Feature", "properties": { "id": null }, "geometry": { "type": "MultiPolygon", "coordinates": [ [ [ [ -118.426553742609158, 36.165712697398128 ], [ -118.426552923948989, 36.165726759631589 ], [ -118.426526910382492, 36.16572576390076 ], [ -118.426527729047265, 36.165711701667796 ], [ -118.426553742609158, 36.165712697398128 ] ] ] ] } },
{ "type": "Feature", "properties": { "id": null }, "geometry": { "type": "MultiPolygon", "coordinates": [ [ [ [ -118.426324567533143, 36.164872404443472 ], [ -118.426322930180689, 36.164900528905278 ], [ -118.426244890329173, 36.164897541604518 ], [ -118.426246527709338, 36.164869417145759 ], [ -118.426324567533143, 36.164872404443472 ] ] ] ] } },
{ "type": "Feature", "properties": { "id": null }, "geometry": { "type": "MultiPolygon", "coordinates": [ [ [ [ -118.687578123418731, 36.281081677310112 ], [ -118.687574790181429, 36.281142155980994 ], [ -118.687512542706344, 36.281139906988649 ], [ -118.687515875991409, 36.281079428322705 ], [ -118.687578123418731, 36.281081677310112 ] ] ] ] } },
{ "type": "Feature", "properties": { "id": null }, "geometry": { "type": "MultiPolygon", "coordinates": [ [ [ [ -118.687339916523428, 36.281103370312394 ], [ -118.687337138671012, 36.281153769188819 ], [ -118.687299790191332, 36.281152419722694 ], [ -118.687302568067608, 36.281102020848742 ], [ -118.687339916523428, 36.281103370312394 ] ] ] ] } },
{ "type": "Feature", "properties": { "id": null }, "geometry": { "type": "MultiPolygon", "coordinates": [ [ [ [ -118.687383274693389, 36.281448331768352 ], [ -118.687381052406323, 36.281488650869541 ], [ -118.687293905580205, 36.281485502104267 ], [ -118.687296127911878, 36.281445183007705 ], [ -118.687383274693389, 36.281448331768352 ] ] ] ] } },
{ "type": "Feature", "properties": { "id": null }, "geometry": { "type": "MultiPolygon", "coordinates": [ [ [ [ -118.687437403786745, 36.281258390378099 ], [ -118.687434625981282, 36.281308789259711 ], [ -118.68737237838539, 36.281306540185554 ], [ -118.687375156230644, 36.28125614130807 ], [ -118.687437403786745, 36.281258390378099 ] ] ] ] } },
{ "type": "Feature", "properties": { "id": null }, "geometry": { "type": "MultiPolygon", "coordinates": [ [ [ [ -118.687137061936724, 36.281388936280969 ], [ -118.687136506334909, 36.281399016053115 ], [ -118.687124056805743, 36.281398566208871 ], [ -118.687124612409164, 36.281388486436889 ], [ -118.687137061936724, 36.281388936280969 ] ] ] ] } },
{ "type": "Feature", "properties": { "id": null }, "geometry": { "type": "MultiPolygon", "coordinates": [ [ [ [ -118.687089764061483, 36.281341777924879 ], [ -118.687089208454552, 36.281351857696464 ], [ -118.687064309413046, 36.281350957997851 ], [ -118.68706486502316, 36.281340878226587 ], [ -118.687089764061483, 36.281341777924879 ] ] ] ] } },
{ "type": "Feature", "properties": { "id": null }, "geometry": { "type": "MultiPolygon", "coordinates": [ [ [ [ -118.687076254969767, 36.281134242910092 ], [ -118.687075699365309, 36.281144322681875 ], [ -118.687050800390153, 36.281143422984847 ], [ -118.687051355997795, 36.281133343213384 ], [ -118.687076254969767, 36.281134242910092 ] ] ] ] } },
{ "type": "Feature", "properties": { "id": null }, "geometry": { "type": "MultiPolygon", "coordinates": [ [ [ [ -118.686653918574947, 36.281214930087451 ], [ -118.686651695931687, 36.281255249151378 ], [ -118.686576998945682, 36.28125254977288 ], [ -118.686579221627142, 36.281212230712917 ], [ -118.686653918574947, 36.281214930087451 ] ] ] ] } },
{ "type": "Feature", "properties": { "id": null }, "geometry": { "type": "MultiPolygon", "coordinates": [ [ [ [ -118.686663086931745, 36.281048613944648 ], [ -118.686660864306688, 36.281088933010174 ], [ -118.686573718007807, 36.281085783749788 ], [ -118.6865759406774, 36.281045464688873 ], [ -118.686663086931745, 36.281048613944648 ] ] ] ] } },
{ "type": "Feature", "properties": { "id": null }, "geometry": { "type": "MultiPolygon", "coordinates": [ [ [ [ -118.686683315528342, 36.280907947098406 ], [ -118.686681648576339, 36.280938186399105 ], [ -118.686631850784011, 36.280936386844552 ], [ -118.686633517755112, 36.280906147545821 ], [ -118.686683315528342, 36.280907947098406 ] ] ] ] } },
{ "type": "Feature", "properties": { "id": null }, "geometry": { "type": "MultiPolygon", "coordinates": [ [ [ [ -118.687154511854104, 36.281298668171786 ], [ -118.687152289461523, 36.28133898726179 ], [ -118.68712739042202, 36.281338087576572 ], [ -118.687129612827363, 36.281297768487882 ], [ -118.687154511854104, 36.281298668171786 ] ] ] ] } },
{ "type": "Feature", "properties": { "id": null }, "geometry": { "type": "MultiPolygon", "coordinates": [ [ [ [ -118.687216481630998, 36.281305957245607 ], [ -118.687215370450886, 36.281326116792286 ], [ -118.687165572377026, 36.281324317443506 ], [ -118.687166683569885, 36.281304157898148 ], [ -118.687216481630998, 36.281305957245607 ] ] ] ] } },
{ "type": "Feature", "properties": { "id": null }, "geometry": { "type": "MultiPolygon", "coordinates": [ [ [ [ -118.687245660869465, 36.28134236103535 ], [ -118.687243994107916, 36.281372600356299 ], [ -118.687194196002665, 36.281370801017474 ], [ -118.687195862783284, 36.281340561698485 ], [ -118.687245660869465, 36.28134236103535 ] ] ] ] } },
{ "type": "Feature", "properties": { "id": null }, "geometry": { "type": "MultiPolygon", "coordinates": [ [ [ [ -118.687541056787694, 36.279924398637597 ], [ -118.687539076831953, 36.279960324437489 ], [ -118.687503579921113, 36.279959041948956 ], [ -118.687505559893012, 36.279923116150748 ], [ -118.687541056787694, 36.279924398637597 ] ] ] ] } },
{ "type": "Feature", "properties": { "id": null }, "geometry": { "type": "MultiPolygon", "coordinates": [ [ [ [ -118.687652380578626, 36.279921221180288 ], [ -118.68765040067413, 36.27995714698546 ], [ -118.687641526445262, 36.279956826372597 ], [ -118.687643506353808, 36.279920900567845 ], [ -118.687652380578626, 36.279921221180288 ] ] ] ] } },
{ "type": "Feature", "properties": { "id": null }, "geometry": { "type": "MultiPolygon", "coordinates": [ [ [ [ -118.687678327930968, 36.279853763675845 ], [ -118.687676348043226, 36.279889689482658 ], [ -118.687578731614067, 36.279886162731884 ], [ -118.687580711546275, 36.27985023692969 ], [ -118.687678327930968, 36.279853763675845 ] ] ] ] } },
{ "type": "Feature", "properties": { "id": null }, "geometry": { "type": "MultiPolygon", "coordinates": [ [ [ [ -118.686230097458733, 36.280881352329068 ], [ -118.686228909083709, 36.280902907768279 ], [ -118.686166788851736, 36.280900662675947 ], [ -118.686167977243727, 36.280879107238484 ], [ -118.686230097458733, 36.280881352329068 ] ] ] ] } },
{ "type": "Feature", "properties": { "id": null }, "geometry": { "type": "MultiPolygon", "coordinates": [ [ [ [ -118.686196606331592, 36.281350642479609 ], [ -118.686192166073866, 36.281431180331666 ], [ -118.686102640954076, 36.281427944740535 ], [ -118.686107081303263, 36.281347406897957 ], [ -118.686196606331592, 36.281350642479609 ] ] ] ] } },
{ "type": "Feature", "properties": { "id": null }, "geometry": { "type": "MultiPolygon", "coordinates": [ [ [ [ -118.687223979868094, 36.279709242607417 ], [ -118.687221760402252, 36.279749511599299 ], [ -118.687102395977391, 36.279745198661928 ], [ -118.687104615504197, 36.279704929676356 ], [ -118.687223979868094, 36.279709242607417 ] ] ] ] } },
{ "type": "Feature", "properties": { "id": null }, "geometry": { "type": "MultiPolygon", "coordinates": [ [ [ [ -118.686780227300645, 36.279713382709588 ], [ -118.686778895484721, 36.279737544090594 ], [ -118.686669478174949, 36.279733590165108 ], [ -118.68667081002441, 36.279709428787577 ], [ -118.686780227300645, 36.279713382709588 ] ] ] ] } },
{ "type": "Feature", "properties": { "id": null }, "geometry": { "type": "MultiPolygon", "coordinates": [ [ [ [ -118.426735278875, 36.165928950726965 ], [ -118.426730695519552, 36.166007682012953 ], [ -118.426612792725948, 36.166003169121232 ], [ -118.42661737619855, 36.165924437848176 ], [ -118.426735278875, 36.165928950726965 ] ] ] ] } }
]
}
