{
"type": "FeatureCollection",
"name": "enrique9_mortalitree_postfire_labels",
"crs": { "type": "name", "properties": { "name": "urn:ogc:def:crs:OGC:1.3:CRS84" } },
"features": [
{ "type": "Feature", "properties": { "id": null }, "geometry": { "type": "MultiPolygon", "coordinates": [ [ [ [ -119.448037134303988, 37.368697639974954 ], [ -119.448034891791735, 37.368745146523061 ], [ -119.447997013901997, 37.368744007543235 ], [ -119.447999256438024, 37.368696500997082 ], [ -119.448037134303988, 37.368697639974954 ] ] ] ] } },
{ "type": "Feature", "properties": { "id": null }, "geometry": { "type": "MultiPolygon", "coordinates": [ [ [ [ -119.447962610383541, 37.368784059644113 ], [ -119.447959348467293, 37.368853160070962 ], [ -119.447910648257889, 37.368851695631406 ], [ -119.447913910218631, 37.368782595208202 ], [ -119.447962610383541, 37.368784059644113 ] ] ] ] } },
{ "type": "Feature", "properties": { "id": null }, "geometry": { "type": "MultiPolygon", "coordinates": [ [ [ [ -119.447689356560019, 37.368890452547284 ], [ -119.447687113812876, 37.368937959075893 ], [ -119.447633002424425, 37.368936331791936 ], [ -119.447635245205561, 37.368888825266104 ], [ -119.447689356560019, 37.368890452547284 ] ] ] ] } },
{ "type": "Feature", "properties": { "id": null }, "geometry": { "type": "MultiPolygon", "coordinates": [ [ [ [ -119.447740260872621, 37.369017405657104 ], [ -119.447738018147291, 37.369064912187312 ], [ -119.447683906664665, 37.36906328492195 ], [ -119.447686149423973, 37.369015778394512 ], [ -119.447740260872621, 37.369017405657104 ] ] ] ] } },
{ "type": "Feature", "properties": { "id": null }, "geometry": { "type": "MultiPolygon", "coordinates": [ [ [ [ -119.447380004331734, 37.36890061119626 ], [ -119.447377149676043, 37.368961074030331 ], [ -119.447323038289213, 37.368959446603711 ], [ -119.447325892988133, 37.368898983773164 ], [ -119.447380004331734, 37.36890061119626 ] ] ] ] } },
{ "type": "Feature", "properties": { "id": null }, "geometry": { "type": "MultiPolygon", "coordinates": [ [ [ [ -119.448301176451068, 37.368958586407189 ], [ -119.448298526380569, 37.36901473052307 ], [ -119.448217359162882, 37.369012290003191 ], [ -119.448220009293664, 37.368956145892234 ], [ -119.448301176451068, 37.368958586407189 ] ] ] ] } },
{ "type": "Feature", "properties": { "id": null }, "geometry": { "type": "MultiPolygon", "coordinates": [ [ [ [ -119.448772695776256, 37.368784629333064 ], [ -119.448765358120582, 37.36894010542877 ], [ -119.448662546362883, 37.368937014505235 ], [ -119.448669884229901, 37.368781538426816 ], [ -119.448772695776256, 37.368784629333064 ] ] ] ] } },
{ "type": "Feature", "properties": { "id": null }, "geometry": { "type": "MultiPolygon", "coordinates": [ [ [ [ -119.448260501161826, 37.368442699404234 ], [ -119.44825825881108, 37.368490205965912 ], [ -119.448166269942888, 37.368487440040781 ], [ -119.448168512351415, 37.368439933483828 ], [ -119.448260501161826, 37.368442699404234 ] ] ] ] } },
{ "type": "Feature", "properties": { "id": null }, "geometry": { "type": "MultiPolygon", "coordinates": [ [ [ [ -119.448405739387056, 37.368522752168921 ], [ -119.448404312491348, 37.36855298362169 ], [ -119.448328556876803, 37.368550705896482 ], [ -119.448329983802793, 37.368520474446193 ], [ -119.448405739387056, 37.368522752168921 ] ] ] ] } },
{ "type": "Feature", "properties": { "id": null }, "geometry": { "type": "MultiPolygon", "coordinates": [ [ [ [ -119.448346578473817, 37.368570709836369 ], [ -119.448345151551891, 37.368600941286942 ], [ -119.448274807012126, 37.368598826220513 ], [ -119.448276233962162, 37.368568594772242 ], [ -119.448346578473817, 37.368570709836369 ] ] ] ] } },
{ "type": "Feature", "properties": { "id": null }, "geometry": { "type": "MultiPolygon", "coordinates": [ [ [ [ -119.447015651491242, 37.36938701680571 ], [ -119.447013204350426, 37.369438842067332 ], [ -119.446948270300652, 37.369436888931432 ], [ -119.446950717485961, 37.369385063673448 ], [ -119.447015651491242, 37.36938701680571 ] ] ] ] } },
{ "type": "Feature", "properties": { "id": null }, "geometry": { "type": "MultiPolygon", "coordinates": [ [ [ [ -119.447235306180076, 37.369268201201223 ], [ -119.447231227877879, 37.369354576659291 ], [ -119.447133826891431, 37.369351647127246 ], [ -119.447137905304871, 37.369265271678287 ], [ -119.447235306180076, 37.369268201201223 ] ] ] ] } },
{ "type": "Feature", "properties": { "id": null }, "geometry": { "type": "MultiPolygon", "coordinates": [ [ [ [ -119.447571668712854, 37.369317241505158 ], [ -119.447569018064385, 37.369373385573134 ], [ -119.447509495200933, 37.369371595482299 ], [ -119.447512145893597, 37.369315451417933 ], [ -119.447571668712854, 37.369317241505158 ] ] ] ] } },
{ "type": "Feature", "properties": { "id": null }, "geometry": { "type": "MultiPolygon", "coordinates": [ [ [ [ -119.44775869841537, 37.36914338240819 ], [ -119.447752989653239, 37.369264308120336 ], [ -119.447633944080209, 37.369260728102802 ], [ -119.447639653032681, 37.369139802406224 ], [ -119.44775869841537, 37.36914338240819 ] ] ] ] } },
{ "type": "Feature", "properties": { "id": null }, "geometry": { "type": "MultiPolygon", "coordinates": [ [ [ [ -119.447889279696525, 37.369132172012186 ], [ -119.447886017672005, 37.369201272429457 ], [ -119.447794027972833, 37.369198506170186 ], [ -119.447797290081411, 37.369129405759793 ], [ -119.447889279696525, 37.369132172012186 ] ] ] ] } },
{ "type": "Feature", "properties": { "id": null }, "geometry": { "type": "MultiPolygon", "coordinates": [ [ [ [ -119.447971632104668, 37.369281695235571 ], [ -119.447968777884498, 37.369342158104615 ], [ -119.44786596566712, 37.369339066460448 ], [ -119.447868819969486, 37.369278603598126 ], [ -119.447971632104668, 37.369281695235571 ] ] ] ] } },
{ "type": "Feature", "properties": { "id": null }, "geometry": { "type": "MultiPolygon", "coordinates": [ [ [ [ -119.44823810433499, 37.369261595939712 ], [ -119.448235861903797, 37.369309102493659 ], [ -119.448165516711171, 37.369306987328251 ], [ -119.448167759186546, 37.369259480777913 ], [ -119.44823810433499, 37.369261595939712 ] ] ] ] } },
{ "type": "Feature", "properties": { "id": null }, "geometry": { "type": "MultiPolygon", "coordinates": [ [ [ [ -119.448349329885644, 37.369143842814445 ], [ -119.448345660580415, 37.369221580822476 ], [ -119.448226614998219, 37.36921800140496 ], [ -119.448230284425833, 37.369140263406919 ], [ -119.448349329885644, 37.369143842814445 ] ] ] ] } },
{ "type": "Feature", "properties": { "id": null }, "geometry": { "type": "MultiPolygon", "coordinates": [ [ [ [ -119.448258915583665, 37.369050301233059 ], [ -119.448255450052685, 37.369123720456862 ], [ -119.448179693876497, 37.369121442606826 ], [ -119.448183159481019, 37.36904802338902 ], [ -119.448258915583665, 37.369050301233059 ] ] ] ] } },
{ "type": "Feature", "properties": { "id": null }, "geometry": { "type": "MultiPolygon", "coordinates": [ [ [ [ -119.44810417937471, 37.368941850780764 ], [ -119.448100509843286, 37.369019588770769 ], [ -119.448030164931353, 37.369017473538747 ], [ -119.448033834535067, 37.368939735554655 ], [ -119.44810417937471, 37.368941850780764 ] ] ] ] } },
{ "type": "Feature", "properties": { "id": null }, "geometry": { "type": "MultiPolygon", "coordinates": [ [ [ [ -119.448570659897655, 37.369563526026852 ], [ -119.448568009970032, 37.369619670153419 ], [ -119.448486842076875, 37.369617229784993 ], [ -119.448489492064738, 37.369561085663349 ], [ -119.448570659897655, 37.369563526026852 ] ] ] ] } },
{ "type": "Feature", "properties": { "id": null }, "geometry": { "type": "MultiPolygon", "coordinates": [ [ [ [ -119.448590887221343, 37.369709018567214 ], [ -119.448587625772333, 37.3697781190304 ], [ -119.44843070085436, 37.369773400943707 ], [ -119.448433962446728, 37.369704300492238 ], [ -119.448590887221343, 37.369709018567214 ] ] ] ] } },
{ "type": "Feature", "properties": { "id": null }, "geometry": { "type": "MultiPolygon", "coordinates": [ [ [ [ -119.448119947015101, 37.369526187357465 ], [ -119.448116685155711, 37.36959528778744 ], [ -119.448067984458277, 37.36959382338803 ], [ -119.448071246362161, 37.369524722961685 ], [ -119.448119947015101, 37.369526187357465 ] ] ] ] } },
{ "type": "Feature", "properties": { "id": null }, "geometry": { "type": "MultiPolygon", "coordinates": [ [ [ [ -119.448316537908724, 37.36955156059102 ], [ -119.44831307237115, 37.369624979813203 ], [ -119.448221082111957, 37.369622213859493 ], [ -119.448224547738846, 37.369548794644629 ], [ -119.448316537908724, 37.36955156059102 ] ] ] ] } },
{ "type": "Feature", "properties": { "id": null }, "geometry": { "type": "MultiPolygon", "coordinates": [ [ [ [ -119.448630515868743, 37.369271231879182 ], [ -119.448625929576551, 37.369368404416612 ], [ -119.448571817823762, 37.369366777546283 ], [ -119.448576404185488, 37.36926960501453 ], [ -119.448630515868743, 37.369271231879182 ] ] ] ] } },
{ "type": "Feature", "properties": { "id": null }, "geometry": { "type": "MultiPolygon", "coordinates": [ [ [ [ -119.448430955908407, 37.369136565999085 ], [ -119.448427388611321, 37.369212144624832 ], [ -119.448386804889267, 37.369210924410581 ], [ -119.448390372226868, 37.369135345788152 ], [ -119.448430955908407, 37.369136565999085 ] ] ] ] } },
{ "type": "Feature", "properties": { "id": null }, "geometry": { "type": "MultiPolygon", "coordinates": [ [ [ [ -119.44823883859948, 37.368212827954487 ], [ -119.44823629047886, 37.368266812684467 ], [ -119.448187590633822, 37.368265348378415 ], [ -119.448190138789201, 37.368211363651284 ], [ -119.44823883859948, 37.368212827954487 ] ] ] ] } },
{ "type": "Feature", "properties": { "id": null }, "geometry": { "type": "MultiPolygon", "coordinates": [ [ [ [ -119.448319861271727, 37.368333117832321 ], [ -119.448317618967295, 37.368380624397965 ], [ -119.448255391288654, 37.368378753374635 ], [ -119.448257633632167, 37.368331246812211 ], [ -119.448319861271727, 37.368333117832321 ] ] ] ] } },
{ "type": "Feature", "properties": { "id": null }, "geometry": { "type": "MultiPolygon", "coordinates": [ [ [ [ -119.448138121872233, 37.368222774310063 ], [ -119.448131904267683, 37.36835449703544 ], [ -119.448056148875125, 37.368352219146004 ], [ -119.448062366611595, 37.368220496431405 ], [ -119.448138121872233, 37.368222774310063 ] ] ] ] } },
{ "type": "Feature", "properties": { "id": null }, "geometry": { "type": "MultiPolygon", "coordinates": [ [ [ [ -119.448689906632609, 37.368615631423438 ], [ -119.448684199473917, 37.368736557268697 ], [ -119.448562449049604, 37.368732896888147 ], [ -119.448568156402942, 37.368611971058797 ], [ -119.448689906632609, 37.368615631423438 ] ] ] ] } },
{ "type": "Feature", "properties": { "id": null }, "geometry": { "type": "MultiPolygon", "coordinates": [ [ [ [ -119.44880037109823, 37.368571378387415 ], [ -119.448796804244537, 37.368646957050721 ], [ -119.44871022625513, 37.368644354214005 ], [ -119.448713793195324, 37.368568775557769 ], [ -119.44880037109823, 37.368571378387415 ] ] ] ] } },
{ "type": "Feature", "properties": { "id": null }, "geometry": { "type": "MultiPolygon", "coordinates": [ [ [ [ -119.448494490444332, 37.368881144228403 ], [ -119.448488171394473, 37.3690150263796 ], [ -119.448412415308411, 37.369012748684234 ], [ -119.448418734492392, 37.368878866544009 ], [ -119.448494490444332, 37.368881144228403 ] ] ] ] } },
{ "type": "Feature", "properties": { "id": null }, "geometry": { "type": "MultiPolygon", "coordinates": [ [ [ [ -119.448797580052513, 37.369061090325978 ], [ -119.448791159587685, 37.369197131907328 ], [ -119.448682936313034, 37.369193878305772 ], [ -119.448689356972537, 37.369057836740339 ], [ -119.448797580052513, 37.369061090325978 ] ] ] ] } },
{ "type": "Feature", "properties": { "id": null }, "geometry": { "type": "MultiPolygon", "coordinates": [ [ [ [ -119.448782784571208, 37.369460699506995 ], [ -119.448777077387348, 37.369581625347159 ], [ -119.44867426475291, 37.369578534388836 ], [ -119.448679972101132, 37.369457608562094 ], [ -119.448782784571208, 37.369460699506995 ] ] ] ] } },
{ "type": "Feature", "properties": { "id": null }, "geometry": { "type": "MultiPolygon", "coordinates": [ [ [ [ -119.446901359505631, 37.369698756509578 ], [ -119.446898300445881, 37.369763538075055 ], [ -119.44682795493118, 37.369761422092296 ], [ -119.446831014051199, 37.36969664053175 ], [ -119.446901359505631, 37.369698756509578 ] ] ] ] } },
{ "type": "Feature", "properties": { "id": null }, "geometry": { "type": "MultiPolygon", "coordinates": [ [ [ [ -119.44682857349062, 37.369863075971942 ], [ -119.446825922236116, 37.369919219989413 ], [ -119.446758282183552, 37.3699171853428 ], [ -119.446760933488278, 37.369861041329436 ], [ -119.44682857349062, 37.369863075971942 ] ] ] ] } },
{ "type": "Feature", "properties": { "id": null }, "geometry": { "type": "MultiPolygon", "coordinates": [ [ [ [ -119.451051375615521, 37.237794507495977 ], [ -119.45104914202912, 37.237842090926875 ], [ -119.450965281169275, 37.237839574508691 ], [ -119.45096751480817, 37.237791991082105 ], [ -119.451051375615521, 37.237794507495977 ] ] ] ] } },
{ "type": "Feature", "properties": { "id": null }, "geometry": { "type": "MultiPolygon", "coordinates": [ [ [ [ -119.451199889180984, 37.237833618677797 ], [ -119.451198569388396, 37.237861736164106 ], [ -119.451090361783628, 37.237858489296897 ], [ -119.451091681616234, 37.237830371813871 ], [ -119.451199889180984, 37.237833618677797 ] ] ] ] } },
{ "type": "Feature", "properties": { "id": null }, "geometry": { "type": "MultiPolygon", "coordinates": [ [ [ [ -119.450984365132399, 37.237519589573211 ], [ -119.450978374994591, 37.237647199678896 ], [ -119.450848526269965, 37.237643303204017 ], [ -119.45085451662581, 37.237515693116229 ], [ -119.450984365132399, 37.237519589573211 ] ] ] ] } },
{ "type": "Feature", "properties": { "id": null }, "geometry": { "type": "MultiPolygon", "coordinates": [ [ [ [ -119.451429925305774, 37.23752104611534 ], [ -119.451426473799202, 37.237594584178311 ], [ -119.451342613179193, 37.237592068041536 ], [ -119.451346064766909, 37.237518529985216 ], [ -119.451429925305774, 37.23752104611534 ] ] ] ] } },
{ "type": "Feature", "properties": { "id": null }, "geometry": { "type": "MultiPolygon", "coordinates": [ [ [ [ -119.451591479987485, 37.237368863258538 ], [ -119.451584780334201, 37.237511613643711 ], [ -119.451425174794537, 37.237506825038757 ], [ -119.451431874747598, 37.23736407467819 ], [ -119.451591479987485, 37.237368863258538 ] ] ] ] } },
{ "type": "Feature", "properties": { "id": null }, "geometry": { "type": "MultiPolygon", "coordinates": [ [ [ [ -119.451185435360514, 37.237304698101987 ], [ -119.451181171472925, 37.237395539217665 ], [ -119.45093770589051, 37.237388233669584 ], [ -119.450941970069152, 37.237297392577808 ], [ -119.451185435360514, 37.237304698101987 ] ] ] ] } },
{ "type": "Feature", "properties": { "id": null }, "geometry": { "type": "MultiPolygon", "coordinates": [ [ [ [ -119.449753381398011, 37.237370016518163 ], [ -119.449743834516411, 37.237573327265757 ], [ -119.44953824119014, 37.237567155648705 ], [ -119.449547788621757, 37.23736384494628 ], [ -119.449753381398011, 37.237370016518163 ] ] ] ] } },
{ "type": "Feature", "properties": { "id": null }, "geometry": { "type": "MultiPolygon", "coordinates": [ [ [ [ -119.451499514921494, 37.237019555268837 ], [ -119.451494439363685, 37.237127699496035 ], [ -119.451356475964076, 37.237123560136993 ], [ -119.451361551718207, 37.237015415925917 ], [ -119.451499514921494, 37.237019555268837 ] ] ] ] } },
{ "type": "Feature", "properties": { "id": null }, "geometry": { "type": "MultiPolygon", "coordinates": [ [ [ [ -119.451102412381189, 37.237976894060232 ], [ -119.451098351342665, 37.238063409390911 ], [ -119.450990143461382, 37.238060162417185 ], [ -119.450994204623086, 37.237973647096631 ], [ -119.451102412381189, 37.237976894060232 ] ] ] ] } },
{ "type": "Feature", "properties": { "id": null }, "geometry": { "type": "MultiPolygon", "coordinates": [ [ [ [ -119.450799793408294, 37.238190903934985 ], [ -119.450793904349709, 37.238316351118193 ], [ -119.450674875322889, 37.238312779115077 ], [ -119.450680764577953, 37.238187331948005 ], [ -119.450799793408294, 37.238190903934985 ] ] ] ] } },
{ "type": "Feature", "properties": { "id": null }, "geometry": { "type": "MultiPolygon", "coordinates": [ [ [ [ -119.451381908879625, 37.238010188577647 ], [ -119.451376934490369, 37.238116169889068 ], [ -119.451259258302713, 37.238112639073037 ], [ -119.451264232856076, 37.238006657775095 ], [ -119.451381908879625, 37.238010188577647 ] ] ] ] } },
{ "type": "Feature", "properties": { "id": null }, "geometry": { "type": "MultiPolygon", "coordinates": [ [ [ [ -119.451519764846154, 37.237987792076858 ], [ -119.451513775509426, 37.238115402246592 ], [ -119.451440735104541, 37.238113210803782 ], [ -119.451446724563937, 37.237985600644102 ], [ -119.451519764846154, 37.237987792076858 ] ] ] ] } },
{ "type": "Feature", "properties": { "id": null }, "geometry": { "type": "MultiPolygon", "coordinates": [ [ [ [ -119.451307484243571, 37.238672354471781 ], [ -119.451298448703383, 37.238864851100516 ], [ -119.45107391494318, 37.238858113776367 ], [ -119.451082951052129, 37.238665617194329 ], [ -119.451307484243571, 37.238672354471781 ] ] ] ] } },
{ "type": "Feature", "properties": { "id": null }, "geometry": { "type": "MultiPolygon", "coordinates": [ [ [ [ -119.451237106269971, 37.238901997244071 ], [ -119.451231014732741, 37.239031770238157 ], [ -119.451079521744106, 37.239027224516718 ], [ -119.45108561354003, 37.238897451543863 ], [ -119.451237106269971, 37.238901997244071 ] ] ] ] } },
{ "type": "Feature", "properties": { "id": null }, "geometry": { "type": "MultiPolygon", "coordinates": [ [ [ [ -119.449476989422735, 37.237068777706121 ], [ -119.449471707827854, 37.23718124745448 ], [ -119.449309398190522, 37.237176374825381 ], [ -119.449314680025594, 37.237063905096747 ], [ -119.449476989422735, 37.237068777706121 ] ] ] ] } },
{ "type": "Feature", "properties": { "id": null }, "geometry": { "type": "MultiPolygon", "coordinates": [ [ [ [ -119.449787902560118, 37.236966565503209 ], [ -119.449783941727773, 37.237050917844677 ], [ -119.449691966388968, 37.237048156966132 ], [ -119.449695927323404, 37.236963804633056 ], [ -119.449787902560118, 37.236966565503209 ] ] ] ] } },
{ "type": "Feature", "properties": { "id": null }, "geometry": { "type": "MultiPolygon", "coordinates": [ [ [ [ -119.449634497929878, 37.237060510403204 ], [ -119.449632466641333, 37.237103768006506 ], [ -119.449559427361677, 37.237101575453899 ], [ -119.449561458691832, 37.237058317854014 ], [ -119.449634497929878, 37.237060510403204 ] ] ] ] } },
{ "type": "Feature", "properties": { "id": null }, "geometry": { "type": "MultiPolygon", "coordinates": [ [ [ [ -119.449434829243856, 37.236957049685657 ], [ -119.449432594709066, 37.23700463303981 ], [ -119.449359555540909, 37.237002440368876 ], [ -119.449361790121444, 37.236954857018503 ], [ -119.449434829243856, 37.236957049685657 ] ] ] ] } },
{ "type": "Feature", "properties": { "id": null }, "geometry": { "type": "MultiPolygon", "coordinates": [ [ [ [ -119.449629516408422, 37.237253128542577 ], [ -119.449626266317438, 37.237322340705063 ], [ -119.449534290664616, 37.237319579686982 ], [ -119.449537540839358, 37.237250367531381 ], [ -119.449629516408422, 37.237253128542577 ] ] ] ] } },
{ "type": "Feature", "properties": { "id": null }, "geometry": { "type": "MultiPolygon", "coordinates": [ [ [ [ -119.449376062265813, 37.23719895246996 ], [ -119.449368647465406, 37.237356842672035 ], [ -119.449260440797289, 37.237353594170131 ], [ -119.449267855822512, 37.237195703986508 ], [ -119.449376062265813, 37.23719895246996 ] ] ] ] } },
{ "type": "Feature", "properties": { "id": null }, "geometry": { "type": "MultiPolygon", "coordinates": [ [ [ [ -119.44955842533416, 37.237180601779336 ], [ -119.449555784590217, 37.237236836657765 ], [ -119.449477334862507, 37.237234481634125 ], [ -119.449479975664516, 37.237178246760458 ], [ -119.44955842533416, 37.237180601779336 ] ] ] ] } },
{ "type": "Feature", "properties": { "id": null }, "geometry": { "type": "MultiPolygon", "coordinates": [ [ [ [ -119.449011911299323, 37.236963846230537 ], [ -119.449006019539453, 37.237089293196242 ], [ -119.448911339075792, 37.237086450489876 ], [ -119.448917230991967, 37.236961003537019 ], [ -119.449011911299323, 37.236963846230537 ] ] ] ] } },
{ "type": "Feature", "properties": { "id": null }, "geometry": { "type": "MultiPolygon", "coordinates": [ [ [ [ -119.449398023014169, 37.237798491040003 ], [ -119.449391623844051, 37.237934752437056 ], [ -119.449259069662773, 37.237930772981919 ], [ -119.449265469070582, 37.237794511604399 ], [ -119.449398023014169, 37.237798491040003 ] ] ] ] } },
{ "type": "Feature", "properties": { "id": null }, "geometry": { "type": "MultiPolygon", "coordinates": [ [ [ [ -119.449826823591764, 37.238250640603589 ], [ -119.44982499545246, 37.238289572446909 ], [ -119.449678914582336, 37.23828518741572 ], [ -119.44968074279646, 37.238246255578559 ], [ -119.449826823591764, 37.238250640603589 ] ] ] ] } },
{ "type": "Feature", "properties": { "id": null }, "geometry": { "type": "MultiPolygon", "coordinates": [ [ [ [ -119.451580518570807, 37.238432141403074 ], [ -119.451578488293492, 37.238475399087733 ], [ -119.45152708924121, 37.238473856981429 ], [ -119.451529119547772, 37.238430599299171 ], [ -119.451580518570807, 37.238432141403074 ] ] ] ] } },
{ "type": "Feature", "properties": { "id": null }, "geometry": { "type": "MultiPolygon", "coordinates": [ [ [ [ -119.439556420943816, 37.298495431284046 ], [ -119.43955152428282, 37.298599180938908 ], [ -119.439402716365038, 37.298594698507387 ], [ -119.439407613229619, 37.298490948869272 ], [ -119.439556420943816, 37.298495431284046 ] ] ] ] } },
{ "type": "Feature", "properties": { "id": null }, "geometry": { "type": "MultiPolygon", "coordinates": [ [ [ [ -119.440102390387992, 37.298523780357996 ], [ -119.440098922450019, 37.298597269740426 ], [ -119.440001520844532, 37.298594336256976 ], [ -119.440004988876879, 37.298520846882305 ], [ -119.440102390387992, 37.298523780357996 ] ] ] ] } },
{ "type": "Feature", "properties": { "id": null }, "geometry": { "type": "MultiPolygon", "coordinates": [ [ [ [ -119.440285645923865, 37.298315011391502 ], [ -119.440283198113292, 37.298366886261995 ], [ -119.44022367507786, 37.298365093689235 ], [ -119.440226122929147, 37.298313218822095 ], [ -119.440285645923865, 37.298315011391502 ] ] ] ] } },
{ "type": "Feature", "properties": { "id": null }, "geometry": { "type": "MultiPolygon", "coordinates": [ [ [ [ -119.44048014252958, 37.298327362133747 ], [ -119.440475043193118, 37.298435434802592 ], [ -119.440377641756413, 37.298432501639468 ], [ -119.440382741231687, 37.298324428982028 ], [ -119.44048014252958, 37.298327362133747 ] ] ] ] } },
{ "type": "Feature", "properties": { "id": null }, "geometry": { "type": "MultiPolygon", "coordinates": [ [ [ [ -119.439946164491502, 37.298159764182579 ], [ -119.439941676431744, 37.2982548680787 ], [ -119.439844275284429, 37.298251934488675 ], [ -119.439848763466358, 37.298156830602593 ], [ -119.439946164491502, 37.298159764182579 ] ] ] ] } },
{ "type": "Feature", "properties": { "id": null }, "geometry": { "type": "MultiPolygon", "coordinates": [ [ [ [ -119.440059036691792, 37.298236757459804 ], [ -119.440055568747638, 37.298310246842334 ], [ -119.439979812233588, 37.298307965238138 ], [ -119.439983280251141, 37.298234475861655 ], [ -119.440059036691792, 37.298236757459804 ] ] ] ] } },
{ "type": "Feature", "properties": { "id": null }, "geometry": { "type": "MultiPolygon", "coordinates": [ [ [ [ -119.439069657799351, 37.298131197633985 ], [ -119.439061495676924, 37.29830411364307 ], [ -119.438974916905153, 37.298301505364655 ], [ -119.438983079224997, 37.2981285893718 ], [ -119.439069657799351, 37.298131197633985 ] ] ] ] } },
{ "type": "Feature", "properties": { "id": null }, "geometry": { "type": "MultiPolygon", "coordinates": [ [ [ [ -119.439282276481805, 37.298161412467891 ], [ -119.439278807791368, 37.298234901789208 ], [ -119.439148939726167, 37.298230989592497 ], [ -119.439152408542455, 37.298157500281533 ], [ -119.439282276481805, 37.298161412467891 ] ] ] ] } },
{ "type": "Feature", "properties": { "id": null }, "geometry": { "type": "MultiPolygon", "coordinates": [ [ [ [ -119.439505362867493, 37.298256877949363 ], [ -119.439502302439877, 37.298321721482921 ], [ -119.43939949007634, 37.298318624526956 ], [ -119.439402550591851, 37.298253781000604 ], [ -119.439505362867493, 37.298256877949363 ] ] ] ] } },
{ "type": "Feature", "properties": { "id": null }, "geometry": { "type": "MultiPolygon", "coordinates": [ [ [ [ -119.439546257185441, 37.298366335958391 ], [ -119.43954380886251, 37.298418210786679 ], [ -119.439451818730618, 37.298415439856441 ], [ -119.439454267116446, 37.298363565033334 ], [ -119.439546257185441, 37.298366335958391 ] ] ] ] } },
{ "type": "Feature", "properties": { "id": null }, "geometry": { "type": "MultiPolygon", "coordinates": [ [ [ [ -119.439278687389759, 37.298438363402788 ], [ -119.439272974182899, 37.298559404631121 ], [ -119.439148516752695, 37.29855565541164 ], [ -119.439154230158238, 37.298434614199643 ], [ -119.439278687389759, 37.298438363402788 ] ] ] ] } },
{ "type": "Feature", "properties": { "id": null }, "geometry": { "type": "MultiPolygon", "coordinates": [ [ [ [ -119.440507039520654, 37.29821669908015 ], [ -119.440504693856354, 37.298266412510522 ], [ -119.440439759706862, 37.298264457101112 ], [ -119.440442105413723, 37.298214743674251 ], [ -119.440507039520654, 37.29821669908015 ] ] ] ] } },
{ "type": "Feature", "properties": { "id": null }, "geometry": { "type": "MultiPolygon", "coordinates": [ [ [ [ -119.440602065022077, 37.298183845927291 ], [ -119.440600127353761, 37.298224913548204 ], [ -119.440532487644973, 37.298222876719088 ], [ -119.440534425349924, 37.298181809101187 ], [ -119.440602065022077, 37.298183845927291 ] ] ] ] } },
{ "type": "Feature", "properties": { "id": null }, "geometry": { "type": "MultiPolygon", "coordinates": [ [ [ [ -119.440573251454069, 37.298248996274729 ], [ -119.440570803846839, 37.298300871162056 ], [ -119.440505869663042, 37.29829891578737 ], [ -119.440508317314681, 37.298247040903703 ], [ -119.440573251454069, 37.298248996274729 ] ] ] ] } },
{ "type": "Feature", "properties": { "id": null }, "geometry": { "type": "MultiPolygon", "coordinates": [ [ [ [ -119.440299909089916, 37.298213708279427 ], [ -119.440295829433396, 37.298300166399422 ], [ -119.440195722600222, 37.29829715161609 ], [ -119.44019980237087, 37.298210693505489 ], [ -119.440299909089916, 37.298213708279427 ] ] ] ] } },
{ "type": "Feature", "properties": { "id": null }, "geometry": { "type": "MultiPolygon", "coordinates": [ [ [ [ -119.440073528303884, 37.298101911132868 ], [ -119.440069754397769, 37.298181884875724 ], [ -119.439985881256092, 37.298179358828492 ], [ -119.439989655250656, 37.298099385092918 ], [ -119.440073528303884, 37.298101911132868 ] ] ] ] } },
{ "type": "Feature", "properties": { "id": null }, "geometry": { "type": "MultiPolygon", "coordinates": [ [ [ [ -119.440363123652361, 37.298539208393798 ], [ -119.440360675875141, 37.2985910832667 ], [ -119.440274096651976, 37.298588475921655 ], [ -119.440276544488412, 37.29853660105362 ], [ -119.440363123652361, 37.298539208393798 ] ] ] ] } },
{ "type": "Feature", "properties": { "id": null }, "geometry": { "type": "MultiPolygon", "coordinates": [ [ [ [ -119.440349652322325, 37.298652440241042 ], [ -119.440344858714994, 37.298754028529807 ], [ -119.440206872788039, 37.298749873009903 ], [ -119.44021166658024, 37.298648284736331 ], [ -119.440349652322325, 37.298652440241042 ] ] ] ] } },
{ "type": "Feature", "properties": { "id": null }, "geometry": { "type": "MultiPolygon", "coordinates": [ [ [ [ -119.439824114002363, 37.298471026451693 ], [ -119.439819829750888, 37.298561807426644 ], [ -119.439635849094628, 37.298556265905844 ], [ -119.439640133566357, 37.298465484948977 ], [ -119.439824114002363, 37.298471026451693 ] ] ] ] } },
{ "type": "Feature", "properties": { "id": null }, "geometry": { "type": "MultiPolygon", "coordinates": [ [ [ [ -119.440011422400303, 37.298693120322042 ], [ -119.440005302307625, 37.298822807450151 ], [ -119.439799676119534, 37.298816614252431 ], [ -119.439805796563874, 37.298686927153234 ], [ -119.440011422400303, 37.298693120322042 ] ] ] ] } },
{ "type": "Feature", "properties": { "id": null }, "geometry": { "type": "MultiPolygon", "coordinates": [ [ [ [ -119.439981413385397, 37.298869707496308 ], [ -119.43997529320211, 37.298999394616317 ], [ -119.439802133903513, 37.298994179250769 ], [ -119.439808254382953, 37.298864492155097 ], [ -119.439981413385397, 37.298869707496308 ] ] ] ] } },
{ "type": "Feature", "properties": { "id": null }, "geometry": { "type": "MultiPolygon", "coordinates": [ [ [ [ -119.440313431071118, 37.29926932113684 ], [ -119.440309759254831, 37.299347133432157 ], [ -119.440142010350314, 37.299342081484703 ], [ -119.440145682338709, 37.29926426920354 ], [ -119.440313431071118, 37.29926932113684 ] ] ] ] } },
{ "type": "Feature", "properties": { "id": null }, "geometry": { "type": "MultiPolygon", "coordinates": [ [ [ [ -119.439857812714891, 37.299220966760906 ], [ -119.439849448058368, 37.299398205789601 ], [ -119.439638409083798, 37.299391849247101 ], [ -119.439646774233623, 37.299214610258943 ], [ -119.439857812714891, 37.299220966760906 ] ] ] ] } },
{ "type": "Feature", "properties": { "id": null }, "geometry": { "type": "MultiPolygon", "coordinates": [ [ [ [ -119.438574522306368, 37.298295935791792 ], [ -119.438572481486773, 37.298339164770162 ], [ -119.438399323966266, 37.298333947430542 ], [ -119.438401364884569, 37.298290718460272 ], [ -119.438574522306368, 37.298295935791792 ] ] ] ] } },
{ "type": "Feature", "properties": { "id": null }, "geometry": { "type": "MultiPolygon", "coordinates": [ [ [ [ -119.438740227877304, 37.298344218826941 ], [ -119.43873675863658, 37.298417708102576 ], [ -119.438677235661331, 37.298415914750009 ], [ -119.438680704959737, 37.298342425479099 ], [ -119.438740227877304, 37.298344218826941 ] ] ] ] } },
{ "type": "Feature", "properties": { "id": null }, "geometry": { "type": "MultiPolygon", "coordinates": [ [ [ [ -119.438865451868665, 37.29838911751218 ], [ -119.438862186810624, 37.298458283898221 ], [ -119.438781019063725, 37.298455838493787 ], [ -119.438784284195791, 37.298386672113836 ], [ -119.438865451868665, 37.29838911751218 ] ] ] ] } },
{ "type": "Feature", "properties": { "id": null }, "geometry": { "type": "MultiPolygon", "coordinates": [ [ [ [ -119.438510605777921, 37.298157645007151 ], [ -119.438506932252039, 37.298235457164331 ], [ -119.43843117594075, 37.298233174572779 ], [ -119.438434849544365, 37.29815536242198 ], [ -119.438510605777921, 37.298157645007151 ] ] ] ] } },
{ "type": "Feature", "properties": { "id": null }, "geometry": { "type": "MultiPolygon", "coordinates": [ [ [ [ -119.438775140454638, 37.29817860237101 ], [ -119.438772487548832, 37.298234800056214 ], [ -119.438696731216268, 37.298232517634652 ], [ -119.438699384178221, 37.298176319954074 ], [ -119.438775140454638, 37.29817860237101 ] ] ] ] } },
{ "type": "Feature", "properties": { "id": null }, "geometry": { "type": "MultiPolygon", "coordinates": [ [ [ [ -119.438079758739391, 37.298330811641335 ], [ -119.438074451856508, 37.298443206923018 ], [ -119.43795540595697, 37.298439619519741 ], [ -119.437960713016309, 37.298327224252574 ], [ -119.438079758739391, 37.298330811641335 ] ] ] ] } },
{ "type": "Feature", "properties": { "id": null }, "geometry": { "type": "MultiPolygon", "coordinates": [ [ [ [ -119.438240356496891, 37.298257728156528 ], [ -119.438239335993416, 37.298279342638033 ], [ -119.438049945176374, 37.298273635634523 ], [ -119.438050965733822, 37.298252021157445 ], [ -119.438240356496891, 37.298257728156528 ] ] ] ] } },
{ "type": "Feature", "properties": { "id": null }, "geometry": { "type": "MultiPolygon", "coordinates": [ [ [ [ -119.438560191317237, 37.298829059002564 ], [ -119.438551211469303, 37.29901926648423 ], [ -119.438345585072014, 37.299013070732506 ], [ -119.438354565435731, 37.298822863293246 ], [ -119.438560191317237, 37.298829059002564 ] ] ] ] } },
{ "type": "Feature", "properties": { "id": null }, "geometry": { "type": "MultiPolygon", "coordinates": [ [ [ [ -119.439007742071766, 37.298933452895632 ], [ -119.439004477079777, 37.299002619286014 ], [ -119.43876097207594, 37.298995283108077 ], [ -119.438764237290016, 37.298926116735956 ], [ -119.439007742071766, 37.298933452895632 ] ] ] ] } },
{ "type": "Feature", "properties": { "id": null }, "geometry": { "type": "MultiPolygon", "coordinates": [ [ [ [ -119.438662354688361, 37.299362445355001 ], [ -119.43865664030298, 37.299483486483162 ], [ -119.438407722587428, 37.299475986459797 ], [ -119.438413437370173, 37.2993549453643 ], [ -119.438662354688361, 37.299362445355001 ] ] ] ] } },
{ "type": "Feature", "properties": { "id": null }, "geometry": { "type": "MultiPolygon", "coordinates": [ [ [ [ -119.438575515303654, 37.299193160619801 ], [ -119.43856959672452, 37.299318524637073 ], [ -119.438423493169779, 37.299314122421798 ], [ -119.438429411990455, 37.299188758424414 ], [ -119.438575515303654, 37.299193160619801 ] ] ] ] } },
{ "type": "Feature", "properties": { "id": null }, "geometry": { "type": "MultiPolygon", "coordinates": [ [ [ [ -119.438967375980937, 37.29938678673166 ], [ -119.438962070216277, 37.299499182101947 ], [ -119.438783498705803, 37.299493802162246 ], [ -119.438788804735154, 37.29938140681373 ], [ -119.438967375980937, 37.29938678673166 ] ] ] ] } },
{ "type": "Feature", "properties": { "id": null }, "geometry": { "type": "MultiPolygon", "coordinates": [ [ [ [ -119.439394411972529, 37.299581471179685 ], [ -119.439385842073463, 37.299763033008745 ], [ -119.439223503692688, 37.299758142717501 ], [ -119.439232073980449, 37.299576580920387 ], [ -119.439394411972529, 37.299581471179685 ] ] ] ] } },
{ "type": "Feature", "properties": { "id": null }, "geometry": { "type": "MultiPolygon", "coordinates": [ [ [ [ -119.439980670146909, 37.299674888063421 ], [ -119.439975569847391, 37.299782960648876 ], [ -119.439769941052063, 37.299776767264255 ], [ -119.439775041644651, 37.299668694702895 ], [ -119.439980670146909, 37.299674888063421 ] ] ] ] } },
{ "type": "Feature", "properties": { "id": null }, "geometry": { "type": "MultiPolygon", "coordinates": [ [ [ [ -119.440313200552836, 37.299518234482917 ], [ -119.440305652846789, 37.299678181970613 ], [ -119.440056734042642, 37.299670685382253 ], [ -119.440064282273738, 37.299510737937688 ], [ -119.440313200552836, 37.299518234482917 ] ] ] ] } },
{ "type": "Feature", "properties": { "id": null }, "geometry": { "type": "MultiPolygon", "coordinates": [ [ [ [ -119.43963191336789, 37.300060491425533 ], [ -119.439624976178521, 37.300207470075712 ], [ -119.439365233192092, 37.300199645948858 ], [ -119.439372170884951, 37.300052667340047 ], [ -119.43963191336789, 37.300060491425533 ] ] ] ] } },
{ "type": "Feature", "properties": { "id": null }, "geometry": { "type": "MultiPolygon", "coordinates": [ [ [ [ -119.439276294021624, 37.29990259155192 ], [ -119.439272621052837, 37.299980403751022 ], [ -119.439126516105915, 37.299976002337381 ], [ -119.439130189224656, 37.2998981901506 ], [ -119.439276294021624, 37.29990259155192 ] ] ] ] } },
{ "type": "Feature", "properties": { "id": null }, "geometry": { "type": "MultiPolygon", "coordinates": [ [ [ [ -119.439914214418792, 37.29993479390329 ], [ -119.439909930048884, 37.300025574864677 ], [ -119.439785470116476, 37.300021826190012 ], [ -119.439789754635399, 37.299931045240875 ], [ -119.439914214418792, 37.29993479390329 ] ] ] ] } },
{ "type": "Feature", "properties": { "id": null }, "geometry": { "type": "MultiPolygon", "coordinates": [ [ [ [ -119.440345636498236, 37.299921812800854 ], [ -119.440340536675421, 37.300029885424749 ], [ -119.440156552338877, 37.300024344528389 ], [ -119.440161652423953, 37.29991627192603 ], [ -119.440345636498236, 37.299921812800854 ] ] ] ] } },
{ "type": "Feature", "properties": { "id": null }, "geometry": { "type": "MultiPolygon", "coordinates": [ [ [ [ -119.440584039578454, 37.299922498562026 ], [ -119.440578736116748, 37.300034894119968 ], [ -119.440410985635637, 37.300029842474757 ], [ -119.440416289345961, 37.299917446937229 ], [ -119.440584039578454, 37.299922498562026 ] ] ] ] } },
{ "type": "Feature", "properties": { "id": null }, "geometry": { "type": "MultiPolygon", "coordinates": [ [ [ [ -119.438420745689754, 37.299716640920423 ], [ -119.438413602127227, 37.299867942281246 ], [ -119.43815386065107, 37.29986011555625 ], [ -119.438161004731882, 37.299708814238045 ], [ -119.438420745689754, 37.299716640920423 ] ] ] ] } },
{ "type": "Feature", "properties": { "id": null }, "geometry": { "type": "MultiPolygon", "coordinates": [ [ [ [ -119.439002914985323, 37.299667080921218 ], [ -119.438999445834256, 37.299740570201465 ], [ -119.438788406098482, 37.299734212093782 ], [ -119.438791875454058, 37.299660722830353 ], [ -119.439002914985323, 37.299667080921218 ] ] ] ] } },
{ "type": "Feature", "properties": { "id": null }, "geometry": { "type": "MultiPolygon", "coordinates": [ [ [ [ -119.43863296605673, 37.29998494255112 ], [ -119.438627455587678, 37.300101660765883 ], [ -119.438443471419546, 37.300096117197405 ], [ -119.438448982171792, 37.299979399005913 ], [ -119.43863296605673, 37.29998494255112 ] ] ] ] } },
{ "type": "Feature", "properties": { "id": null }, "geometry": { "type": "MultiPolygon", "coordinates": [ [ [ [ -119.43876018703898, 37.300159772954601 ], [ -119.43875651350433, 37.300237585106593 ], [ -119.438664521235495, 37.300234813449762 ], [ -119.438668194864547, 37.300157001305536 ], [ -119.43876018703898, 37.300159772954601 ] ] ] ] } },
{ "type": "Feature", "properties": { "id": null }, "geometry": { "type": "MultiPolygon", "coordinates": [ [ [ [ -119.438078715104297, 37.299844863971195 ], [ -119.438074836787052, 37.299926998963876 ], [ -119.437982844964793, 37.299924226796769 ], [ -119.43798672338167, 37.29984209181228 ], [ -119.438078715104297, 37.299844863971195 ] ] ] ] } },
{ "type": "Feature", "properties": { "id": null }, "geometry": { "type": "MultiPolygon", "coordinates": [ [ [ [ -119.439551187872539, 37.299646800339019 ], [ -119.439546699074199, 37.299741904170318 ], [ -119.439433062215414, 37.299738481145873 ], [ -119.439437551156303, 37.299643377326284 ], [ -119.439551187872539, 37.299646800339019 ] ] ] ] } },
{ "type": "Feature", "properties": { "id": null }, "geometry": { "type": "MultiPolygon", "coordinates": [ [ [ [ -119.439151513440606, 37.299446447150927 ], [ -119.439150085039103, 37.29947670744896 ], [ -119.43905268240016, 37.29947377312596 ], [ -119.439054110840544, 37.299443512831125 ], [ -119.439151513440606, 37.299446447150927 ] ] ] ] } },
{ "type": "Feature", "properties": { "id": null }, "geometry": { "type": "MultiPolygon", "coordinates": [ [ [ [ -119.439678445743439, 37.299419029475658 ], [ -119.439671304777136, 37.299570331051328 ], [ -119.439498144226988, 37.299565115173294 ], [ -119.4395052855388, 37.299413813626025 ], [ -119.439678445743439, 37.299419029475658 ] ] ] ] } },
{ "type": "Feature", "properties": { "id": null }, "geometry": { "type": "MultiPolygon", "coordinates": [ [ [ [ -119.439836482299228, 37.299113180365723 ], [ -119.439833626077302, 37.29917370101014 ], [ -119.439476484303768, 37.299162943571645 ], [ -119.439479340810735, 37.299102422950661 ], [ -119.439836482299228, 37.299113180365723 ] ] ] ] } },
{ "type": "Feature", "properties": { "id": null }, "geometry": { "type": "MultiPolygon", "coordinates": [ [ [ [ -119.440154059673205, 37.299101099925025 ], [ -119.440147735736559, 37.299235109968912 ], [ -119.439925874659281, 37.299228428023689 ], [ -119.439932198988032, 37.299094418012032 ], [ -119.440154059673205, 37.299101099925025 ] ] ] ] } },
{ "type": "Feature", "properties": { "id": null }, "geometry": { "type": "MultiPolygon", "coordinates": [ [ [ [ -119.439227159320822, 37.299164091127828 ], [ -119.439222058037345, 37.299272163633937 ], [ -119.439048898255464, 37.299266947133994 ], [ -119.439053999785727, 37.299158874648164 ], [ -119.439227159320822, 37.299164091127828 ] ] ] ] } },
{ "type": "Feature", "properties": { "id": null }, "geometry": { "type": "MultiPolygon", "coordinates": [ [ [ [ -119.439585884455141, 37.299198706777162 ], [ -119.439580579646929, 37.299311102226717 ], [ -119.439385774718957, 37.299305234231426 ], [ -119.43939107981592, 37.299192838805595 ], [ -119.439585884455141, 37.299198706777162 ] ] ] ] } },
{ "type": "Feature", "properties": { "id": null }, "geometry": { "type": "MultiPolygon", "coordinates": [ [ [ [ -119.439385011612032, 37.299378805049152 ], [ -119.439381746912957, 37.299447971462726 ], [ -119.439305989313382, 37.299445689368184 ], [ -119.439309254081579, 37.299376522960287 ], [ -119.439385011612032, 37.299378805049152 ] ] ] ] } },
{ "type": "Feature", "properties": { "id": null }, "geometry": { "type": "MultiPolygon", "coordinates": [ [ [ [ -119.439238956880985, 37.299315963175914 ], [ -119.439237528521232, 37.299346223477492 ], [ -119.439140126041295, 37.299343289235154 ], [ -119.4391415544399, 37.29931302893678 ], [ -119.439238956880985, 37.299315963175914 ] ] ] ] } },
{ "type": "Feature", "properties": { "id": null }, "geometry": { "type": "MultiPolygon", "coordinates": [ [ [ [ -119.439331254157239, 37.299312249977319 ], [ -119.439329009649356, 37.299359801884513 ], [ -119.439280308394018, 37.299358334810549 ], [ -119.439282552932411, 37.299310782905856 ], [ -119.439331254157239, 37.299312249977319 ] ] ] ] } },
{ "type": "Feature", "properties": { "id": null }, "geometry": { "type": "MultiPolygon", "coordinates": [ [ [ [ -119.43862767381826, 37.298662259418222 ], [ -119.43862644932905, 37.298688196805195 ], [ -119.438599393336943, 37.2986873816184 ], [ -119.438600617835377, 37.298661444232195 ], [ -119.43862767381826, 37.298662259418222 ] ] ] ] } },
{ "type": "Feature", "properties": { "id": null }, "geometry": { "type": "MultiPolygon", "coordinates": [ [ [ [ -119.438670097606348, 37.298739295935654 ], [ -119.438668056808723, 37.298782524915289 ], [ -119.438646411986923, 37.298781872772565 ], [ -119.438648452796869, 37.298738643793953 ], [ -119.438670097606348, 37.298739295935654 ] ] ] ] } },
{ "type": "Feature", "properties": { "id": null }, "geometry": { "type": "MultiPolygon", "coordinates": [ [ [ [ -119.4386279334649, 37.298828935538104 ], [ -119.4386252803872, 37.29888513320811 ], [ -119.438603635537007, 37.298884481056035 ], [ -119.438606288630737, 37.298828283387344 ], [ -119.4386279334649, 37.298828935538104 ] ] ] ] } },
{ "type": "Feature", "properties": { "id": null }, "geometry": { "type": "MultiPolygon", "coordinates": [ [ [ [ -119.439479179193242, 37.298876225343768 ], [ -119.43947326218175, 37.299001589491134 ], [ -119.439273046850403, 37.29899555835231 ], [ -119.439278964192937, 37.298870194232144 ], [ -119.439479179193242, 37.298876225343768 ] ] ] ] } },
{ "type": "Feature", "properties": { "id": null }, "geometry": { "type": "MultiPolygon", "coordinates": [ [ [ [ -119.439412208405628, 37.299032218244747 ], [ -119.439406087209093, 37.299161905280783 ], [ -119.439200460232058, 37.299155710994228 ], [ -119.439206581780255, 37.299026023987096 ], [ -119.439412208405628, 37.299032218244747 ] ] ] ] } },
{ "type": "Feature", "properties": { "id": null }, "geometry": { "type": "MultiPolygon", "coordinates": [ [ [ [ -119.439726569745162, 37.299030864694053 ], [ -119.439724937573942, 37.299065447915865 ], [ -119.439665414024205, 37.299063655033869 ], [ -119.439667046222567, 37.299029071814275 ], [ -119.439726569745162, 37.299030864694053 ] ] ] ] } },
{ "type": "Feature", "properties": { "id": null }, "geometry": { "type": "MultiPolygon", "coordinates": [ [ [ [ -119.439797367592291, 37.298851177105291 ], [ -119.439795327431568, 37.29889440613718 ], [ -119.439708747914011, 37.298891798360565 ], [ -119.439710788124074, 37.298848569332741 ], [ -119.439797367592291, 37.298851177105291 ] ] ] ] } },
{ "type": "Feature", "properties": { "id": null }, "geometry": { "type": "MultiPolygon", "coordinates": [ [ [ [ -119.440169469387357, 37.298946800530189 ], [ -119.440166817445288, 37.29900299829341 ], [ -119.440134350065094, 37.299002020484089 ], [ -119.440137002031236, 37.298945822722843 ], [ -119.440169469387357, 37.298946800530189 ] ] ] ] } },
{ "type": "Feature", "properties": { "id": null }, "geometry": { "type": "MultiPolygon", "coordinates": [ [ [ [ -119.440300106556052, 37.29899186075351 ], [ -119.440297658695528, 37.299043735618881 ], [ -119.440194845260166, 37.299040639302987 ], [ -119.440197293191048, 37.298988764443394 ], [ -119.440300106556052, 37.29899186075351 ] ] ] ] } },
{ "type": "Feature", "properties": { "id": null }, "geometry": { "type": "MultiPolygon", "coordinates": [ [ [ [ -119.438292802543799, 37.298538531976973 ], [ -119.43829116974517, 37.298573115147668 ], [ -119.438242469052085, 37.29857164767288 ], [ -119.438244101872939, 37.298537064503996 ], [ -119.438292802543799, 37.298538531976973 ] ] ] ] } },
{ "type": "Feature", "properties": { "id": null }, "geometry": { "type": "MultiPolygon", "coordinates": [ [ [ [ -119.438042919579388, 37.298608924993879 ], [ -119.43804149077701, 37.29863918525966 ], [ -119.437987378863426, 37.298637554614274 ], [ -119.437988807687418, 37.298607294350276 ], [ -119.438042919579388, 37.298608924993879 ] ] ] ] } },
{ "type": "Feature", "properties": { "id": null }, "geometry": { "type": "MultiPolygon", "coordinates": [ [ [ [ -119.438484494319297, 37.298667685760968 ], [ -119.438483473870562, 37.298689300246714 ], [ -119.438402305908895, 37.298686854569723 ], [ -119.438403326380751, 37.298665240085867 ], [ -119.438484494319297, 37.298667685760968 ] ] ] ] } },
{ "type": "Feature", "properties": { "id": null }, "geometry": { "type": "MultiPolygon", "coordinates": [ [ [ [ -119.438287433416363, 37.298135768874836 ], [ -119.438286004736398, 37.298166029151098 ], [ -119.438215659671485, 37.298163909475427 ], [ -119.438217088379545, 37.298133649201475 ], [ -119.438287433416363, 37.298135768874836 ] ] ] ] } },
{ "type": "Feature", "properties": { "id": null }, "geometry": { "type": "MultiPolygon", "coordinates": [ [ [ [ -119.438338789716497, 37.298195758471891 ], [ -119.438337361053982, 37.298226018749546 ], [ -119.438304894072431, 37.298225040455627 ], [ -119.438306322747891, 37.298194780179053 ], [ -119.438338789716497, 37.298195758471891 ] ] ] ] } },
{ "type": "Feature", "properties": { "id": null }, "geometry": { "type": "MultiPolygon", "coordinates": [ [ [ [ -119.438106363789899, 37.298125983659112 ], [ -119.43810493503787, 37.298156243929455 ], [ -119.438018356525802, 37.298153634960066 ], [ -119.438019785312392, 37.298123374692565 ], [ -119.438106363789899, 37.298125983659112 ] ] ] ] } },
{ "type": "Feature", "properties": { "id": null }, "geometry": { "type": "MultiPolygon", "coordinates": [ [ [ [ -119.43807584816993, 37.298714896639623 ], [ -119.438071765893781, 37.298801354542853 ], [ -119.437958130632566, 37.298797930175489 ], [ -119.43796221303829, 37.298711472282896 ], [ -119.43807584816993, 37.298714896639623 ] ] ] ] } },
{ "type": "Feature", "properties": { "id": null }, "geometry": { "type": "MultiPolygon", "coordinates": [ [ [ [ -119.438135774963342, 37.298478604932761 ], [ -119.438134346204876, 37.298508865202287 ], [ -119.437982833103916, 37.298504299465414 ], [ -119.437984261922836, 37.298474039200876 ], [ -119.438135774963342, 37.298478604932761 ] ] ] ] } },
{ "type": "Feature", "properties": { "id": null }, "geometry": { "type": "MultiPolygon", "coordinates": [ [ [ [ -119.438256366454453, 37.299138089223725 ], [ -119.438253304857099, 37.299202932659426 ], [ -119.438080145416649, 37.299197714750321 ], [ -119.438083207162066, 37.299132871326798 ], [ -119.438256366454453, 37.299138089223725 ] ] ] ] } },
{ "type": "Feature", "properties": { "id": null }, "geometry": { "type": "MultiPolygon", "coordinates": [ [ [ [ -119.438109342586245, 37.299038419885996 ], [ -119.438106893217025, 37.299090294627185 ], [ -119.438025724857724, 37.299087848669629 ], [ -119.438028174282508, 37.299035973932988 ], [ -119.438109342586245, 37.299038419885996 ] ] ] ] } },
{ "type": "Feature", "properties": { "id": null }, "geometry": { "type": "MultiPolygon", "coordinates": [ ] } },
{ "type": "Feature", "properties": { "id": null }, "geometry": { "type": "MultiPolygon", "coordinates": [ [ [ [ -119.438344992209522, 37.299326908712516 ], [ -119.438340910151112, 37.299413366632159 ], [ -119.438275975168622, 37.299411409984558 ], [ -119.438280057301043, 37.299324952071004 ], [ -119.438344992209522, 37.299326908712516 ] ] ] ] } },
{ "type": "Feature", "properties": { "id": null }, "geometry": { "type": "MultiPolygon", "coordinates": [ [ [ [ -119.438438060164017, 37.29953642495898 ], [ -119.438436019174802, 37.299579653921874 ], [ -119.438306148916695, 37.299575740680702 ], [ -119.438308189979949, 37.29953251172391 ], [ -119.438438060164017, 37.29953642495898 ] ] ] ] } },
{ "type": "Feature", "properties": { "id": null }, "geometry": { "type": "MultiPolygon", "coordinates": [ [ [ [ -119.438556040584047, 37.299734786887115 ], [ -119.438553795553844, 37.299782338750781 ], [ -119.438494271515069, 37.29978054525052 ], [ -119.438496516582589, 37.299732993389931 ], [ -119.438556040584047, 37.299734786887115 ] ] ] ] } },
{ "type": "Feature", "properties": { "id": null }, "geometry": { "type": "MultiPolygon", "coordinates": [ [ [ [ -119.440238980798512, 37.299382881061796 ], [ -119.440237246843708, 37.299419625753288 ], [ -119.440180428611626, 37.299417914598727 ], [ -119.440182162593985, 37.299381169909502 ], [ -119.440238980798512, 37.299382881061796 ] ] ] ] } },
{ "type": "Feature", "properties": { "id": null }, "geometry": { "type": "MultiPolygon", "coordinates": [ [ [ [ -119.440342916641512, 37.299362201383801 ], [ -119.440342100687559, 37.299379493005368 ], [ -119.440285282479195, 37.299377781902706 ], [ -119.440286098446094, 37.299360490282204 ], [ -119.440342916641512, 37.299362201383801 ] ] ] ] } },
{ "type": "Feature", "properties": { "id": null }, "geometry": { "type": "MultiPolygon", "coordinates": [ [ [ [ -119.440388915142378, 37.299420946519902 ], [ -119.440386161324724, 37.299479305744804 ], [ -119.440296875448595, 37.299476616884114 ], [ -119.440299629334959, 37.299418257664868 ], [ -119.440388915142378, 37.299420946519902 ] ] ] ] } },
{ "type": "Feature", "properties": { "id": null }, "geometry": { "type": "MultiPolygon", "coordinates": [ [ [ [ -119.44008894461868, 37.299346976873053 ], [ -119.44008598657318, 37.299409658983798 ], [ -119.439993995179506, 37.299406888412499 ], [ -119.439996953301048, 37.299344206308007 ], [ -119.44008894461868, 37.299346976873053 ] ] ] ] } },
{ "type": "Feature", "properties": { "id": null }, "geometry": { "type": "MultiPolygon", "coordinates": [ [ [ [ -119.440044943120157, 37.299418163215627 ], [ -119.440041985030547, 37.299480845322627 ], [ -119.43995540481751, 37.299478237691687 ], [ -119.4399583629787, 37.299415555590564 ], [ -119.440044943120157, 37.299418163215627 ] ] ] ] } },
{ "type": "Feature", "properties": { "id": null }, "geometry": { "type": "MultiPolygon", "coordinates": [ [ [ [ -119.439871299520163, 37.299451894776162 ], [ -119.439866199105268, 37.299559967352828 ], [ -119.439763385015539, 37.29955687062575 ], [ -119.439768485576963, 37.299448798061135 ], [ -119.439871299520163, 37.299451894776162 ] ] ] ] } },
{ "type": "Feature", "properties": { "id": null }, "geometry": { "type": "MultiPolygon", "coordinates": [ [ [ [ -119.44060011935602, 37.299409449370081 ], [ -119.440591552408506, 37.299591011442779 ], [ -119.440510383291524, 37.299588567161393 ], [ -119.440518950433386, 37.299407005104662 ], [ -119.44060011935602, 37.299409449370081 ] ] ] ] } },
{ "type": "Feature", "properties": { "id": null }, "geometry": { "type": "MultiPolygon", "coordinates": [ [ [ [ -119.43903819469385, 37.299809378923221 ], [ -119.439033297088429, 37.29991312849647 ], [ -119.438838490723896, 37.299907259520019 ], [ -119.438843388595842, 37.299803509968669 ], [ -119.43903819469385, 37.299809378923221 ] ] ] ] } },
{ "type": "Feature", "properties": { "id": null }, "geometry": { "type": "MultiPolygon", "coordinates": [ [ [ [ -119.439596271018047, 37.299811038732066 ], [ -119.439593414531601, 37.299871559353512 ], [ -119.4394635436079, 37.299867647356407 ], [ -119.439466400198, 37.299807126743474 ], [ -119.439596271018047, 37.299811038732066 ] ] ] ] } },
{ "type": "Feature", "properties": { "id": null }, "geometry": { "type": "MultiPolygon", "coordinates": [ [ [ [ -119.439003719335901, 37.298444690506173 ], [ -119.438998413806019, 37.298557085898793 ], [ -119.43889560117853, 37.298553988488528 ], [ -119.438900906860795, 37.298441593108429 ], [ -119.439003719335901, 37.298444690506173 ] ] ] ] } },
{ "type": "Feature", "properties": { "id": null }, "geometry": { "type": "MultiPolygon", "coordinates": [ [ [ [ -119.439080915499304, 37.298760872040283 ], [ -119.43907561002365, 37.298873267436356 ], [ -119.438918684823193, 37.298868539842715 ], [ -119.438923990531435, 37.298756144465763 ], [ -119.439080915499304, 37.298760872040283 ] ] ] ] } },
{ "type": "Feature", "properties": { "id": null }, "geometry": { "type": "MultiPolygon", "coordinates": [ [ [ [ -119.438897800066641, 37.298679597099785 ], [ -119.438893514669545, 37.298770377979956 ], [ -119.43879611296866, 37.298767443492942 ], [ -119.438800398482371, 37.298676662622348 ], [ -119.438897800066641, 37.298679597099785 ] ] ] ] } },
{ "type": "Feature", "properties": { "id": null }, "geometry": { "type": "MultiPolygon", "coordinates": [ [ [ [ -119.439702689806225, 37.29867570461883 ], [ -119.439695753101859, 37.298822683314754 ], [ -119.439457659707287, 37.29881551158843 ], [ -119.439464596873165, 37.298668532930428 ], [ -119.439702689806225, 37.29867570461883 ] ] ] ] } },
{ "type": "Feature", "properties": { "id": null }, "geometry": { "type": "MultiPolygon", "coordinates": [ [ [ [ -119.439266173826795, 37.298796756258746 ], [ -119.439262705041045, 37.298870245570882 ], [ -119.439181536816051, 37.298867800418222 ], [ -119.439185005680471, 37.298794311112559 ], [ -119.439266173826795, 37.298796756258746 ] ] ] ] } },
{ "type": "Feature", "properties": { "id": null }, "geometry": { "type": "MultiPolygon", "coordinates": [ [ [ [ -119.439714868064854, 37.298130611360271 ], [ -119.439706299385549, 37.298312173297226 ], [ -119.43955478641972, 37.298307609593152 ], [ -119.439563355461814, 37.298126047686004 ], [ -119.439714868064854, 37.298130611360271 ] ] ] ] } },
{ "type": "Feature", "properties": { "id": null }, "geometry": { "type": "MultiPolygon", "coordinates": [ [ [ [ -119.440141341064049, 37.298394540834778 ], [ -119.440140321099534, 37.298416155360549 ], [ -119.440113265160235, 37.298415340524869 ], [ -119.440114285132495, 37.298393725999745 ], [ -119.440141341064049, 37.298394540834778 ] ] ] ] } },
{ "type": "Feature", "properties": { "id": null }, "geometry": { "type": "MultiPolygon", "coordinates": [ [ [ [ -119.440203006003728, 37.298350942942804 ], [ -119.440201170101432, 37.29838984909199 ], [ -119.440163291797404, 37.298388708340475 ], [ -119.440165127719126, 37.298349802192888 ], [ -119.440203006003728, 37.298350942942804 ] ] ] ] } },
{ "type": "Feature", "properties": { "id": null }, "geometry": { "type": "MultiPolygon", "coordinates": [ [ [ [ -119.440504253269822, 37.29976154450722 ], [ -119.440500173618915, 37.299848002623797 ], [ -119.440435238110084, 37.299846047141571 ], [ -119.440439317835001, 37.299759589031069 ], [ -119.440504253269822, 37.29976154450722 ] ] ] ] } },
{ "type": "Feature", "properties": { "id": null }, "geometry": { "type": "MultiPolygon", "coordinates": [ [ [ [ -119.440408578386553, 37.299607146629107 ], [ -119.440405518584953, 37.299671990211642 ], [ -119.440345994513123, 37.299670197647195 ], [ -119.440349054365612, 37.299605354068845 ], [ -119.440408578386553, 37.299607146629107 ] ] ] ] } },
{ "type": "Feature", "properties": { "id": null }, "geometry": { "type": "MultiPolygon", "coordinates": [ [ [ [ -119.440116280535662, 37.299887307778491 ], [ -119.440114240481066, 37.299930536817811 ], [ -119.440016837154616, 37.29992760325802 ], [ -119.440018877264734, 37.299884374223261 ], [ -119.440116280535662, 37.299887307778491 ] ] ] ] } },
{ "type": "Feature", "properties": { "id": null }, "geometry": { "type": "MultiPolygon", "coordinates": [ [ [ [ -119.439765271673551, 37.2998182937053 ], [ -119.439759967013444, 37.299930689165038 ], [ -119.43972208795492, 37.299929548232342 ], [ -119.439727392671173, 37.299817152777216 ], [ -119.439765271673551, 37.2998182937053 ] ] ] ] } },
{ "type": "Feature", "properties": { "id": null }, "geometry": { "type": "MultiPolygon", "coordinates": [ [ [ [ -119.439155285261961, 37.300055332995449 ], [ -119.439152224334833, 37.300120176484576 ], [ -119.439060232169325, 37.300117405142728 ], [ -119.43906329317511, 37.300052561660067 ], [ -119.439155285261961, 37.300055332995449 ] ] ] ] } },
{ "type": "Feature", "properties": { "id": null }, "geometry": { "type": "MultiPolygon", "coordinates": [ [ [ [ -119.425741097092796, 37.311516576990549 ], [ -119.42573863816213, 37.31156845004265 ], [ -119.425662870814719, 37.311566158622668 ], [ -119.425665329797241, 37.311514285574837 ], [ -119.425741097092796, 37.311516576990549 ] ] ] ] } },
{ "type": "Feature", "properties": { "id": null }, "geometry": { "type": "MultiPolygon", "coordinates": [ [ [ [ -119.425973726355338, 37.311411059304575 ], [ -119.425971267593908, 37.311462932370802 ], [ -119.425873852545891, 37.311459986449066 ], [ -119.425876311374012, 37.311408113388339 ], [ -119.425973726355338, 37.311411059304575 ] ] ] ] } },
{ "type": "Feature", "properties": { "id": null }, "geometry": { "type": "MultiPolygon", "coordinates": [ [ [ [ -119.426859679874397, 37.311243044761774 ], [ -119.426855173283599, 37.311338145477535 ], [ -119.426714462759875, 37.311333891294645 ], [ -119.426718969527229, 37.31123879059345 ], [ -119.426859679874397, 37.311243044761774 ] ] ] ] } },
{ "type": "Feature", "properties": { "id": null }, "geometry": { "type": "MultiPolygon", "coordinates": [ [ [ [ -119.426591388366475, 37.311529301991669 ], [ -119.426586881391074, 37.31162440267493 ], [ -119.426478642145412, 37.311621129974682 ], [ -119.426483149256597, 37.311526029302613 ], [ -119.426591388366475, 37.311529301991669 ] ] ] ] } },
{ "type": "Feature", "properties": { "id": null }, "geometry": { "type": "MultiPolygon", "coordinates": [ [ [ [ -119.426790606512213, 37.311556970002584 ], [ -119.426786919190093, 37.311634779669248 ], [ -119.426711151689304, 37.311632488916985 ], [ -119.426714839089215, 37.31155467925673 ], [ -119.426790606512213, 37.311556970002584 ] ] ] ] } },
{ "type": "Feature", "properties": { "id": null }, "geometry": { "type": "MultiPolygon", "coordinates": [ [ [ [ -119.424466665490385, 37.311304870135167 ], [ -119.42446502563277, 37.311339452123043 ], [ -119.424367610904525, 37.311336504969667 ], [ -119.424369250806578, 37.311301922985471 ], [ -119.424466665490385, 37.311304870135167 ] ] ] ] } },
{ "type": "Feature", "properties": { "id": null }, "geometry": { "type": "MultiPolygon", "coordinates": [ [ [ [ -119.425468282634355, 37.311326510142514 ], [ -119.425467462934634, 37.311343801155346 ], [ -119.425413343576977, 37.311342164316066 ], [ -119.42541416328902, 37.311324873304265 ], [ -119.425468282634355, 37.311326510142514 ] ] ] ] } },
{ "type": "Feature", "properties": { "id": null }, "geometry": { "type": "MultiPolygon", "coordinates": [ [ [ [ -119.425317037069064, 37.311430159434515 ], [ -119.42531170876336, 37.311542550996208 ], [ -119.425268413170272, 37.311541241463857 ], [ -119.425273741540181, 37.311428849907458 ], [ -119.425317037069064, 37.311430159434515 ] ] ] ] } },
{ "type": "Feature", "properties": { "id": null }, "geometry": { "type": "MultiPolygon", "coordinates": [ [ [ [ -119.425515108705653, 37.311596321344965 ], [ -119.425513469311014, 37.311630903370769 ], [ -119.425426878007244, 37.311628284432665 ], [ -119.425428517441404, 37.3115937024101 ], [ -119.425515108705653, 37.311596321344965 ] ] ] ] } },
{ "type": "Feature", "properties": { "id": null }, "geometry": { "type": "MultiPolygon", "coordinates": [ [ [ [ -119.426016576590257, 37.311650447452799 ], [ -119.426014937422096, 37.311685029497241 ], [ -119.425917522082869, 37.31168208359658 ], [ -119.425919161295496, 37.311647501555811 ], [ -119.426016576590257, 37.311650447452799 ] ] ] ] } },
{ "type": "Feature", "properties": { "id": null }, "geometry": { "type": "MultiPolygon", "coordinates": [ [ [ [ -119.426125550540959, 37.311523874240443 ], [ -119.42612432120815, 37.311549810777443 ], [ -119.426037729939537, 37.311547192291115 ], [ -119.426038959301962, 37.311521255756567 ], [ -119.426125550540959, 37.311523874240443 ] ] ] ] } },
{ "type": "Feature", "properties": { "id": null }, "geometry": { "type": "MultiPolygon", "coordinates": [ [ [ [ -119.42639643835308, 37.311640289171613 ], [ -119.426391111613782, 37.311752680861929 ], [ -119.426272048267677, 37.311749080678752 ], [ -119.426277375183531, 37.311636689003002 ], [ -119.42639643835308, 37.311640289171613 ] ] ] ] } },
{ "type": "Feature", "properties": { "id": null }, "geometry": { "type": "MultiPolygon", "coordinates": [ [ [ [ -119.426523662201632, 37.311700412345431 ], [ -119.42651997458529, 37.311778221987517 ], [ -119.426422559072051, 37.311775276496363 ], [ -119.426426246788381, 37.311697466862526 ], [ -119.426523662201632, 37.311700412345431 ] ] ] ] } },
{ "type": "Feature", "properties": { "id": null }, "geometry": { "type": "MultiPolygon", "coordinates": [ [ [ [ -119.42678770536773, 37.311846922115052 ], [ -119.426782788879592, 37.311950668331562 ], [ -119.426631253253248, 37.311946086740456 ], [ -119.426636169948821, 37.311842340541041 ], [ -119.42678770536773, 37.311846922115052 ] ] ] ] } },
{ "type": "Feature", "properties": { "id": null }, "geometry": { "type": "MultiPolygon", "coordinates": [ [ [ [ -119.426389233249822, 37.312021019091105 ], [ -119.426385955208175, 37.312090183203537 ], [ -119.426299363295044, 37.312087564876499 ], [ -119.426302641415703, 37.312018400770576 ], [ -119.426389233249822, 37.312021019091105 ] ] ] ] } },
{ "type": "Feature", "properties": { "id": null }, "geometry": { "type": "MultiPolygon", "coordinates": [ [ [ [ -119.426506879738298, 37.311254022818972 ], [ -119.426504421357109, 37.311305895916803 ], [ -119.426385358700855, 37.311302295884204 ], [ -119.426387817163516, 37.311250422793087 ], [ -119.426506879738298, 37.311254022818972 ] ] ] ] } },
{ "type": "Feature", "properties": { "id": null }, "geometry": { "type": "MultiPolygon", "coordinates": [ [ [ [ -119.426703137962406, 37.312316221102876 ], [ -119.42669945044895, 37.312394030752117 ], [ -119.426607446139812, 37.312391249002061 ], [ -119.426611133747727, 37.312313439360608 ], [ -119.426703137962406, 37.312316221102876 ] ] ] ] } },
{ "type": "Feature", "properties": { "id": null }, "geometry": { "type": "MultiPolygon", "coordinates": [ [ [ [ -119.426734149950718, 37.312176467782919 ], [ -119.426731486784533, 37.312232663644075 ], [ -119.426655718688295, 37.312230372825184 ], [ -119.426658381910698, 37.312174176968661 ], [ -119.426734149950718, 37.312176467782919 ] ] ] ] } },
{ "type": "Feature", "properties": { "id": null }, "geometry": { "type": "MultiPolygon", "coordinates": [ [ [ [ -119.426054954827748, 37.31175550285208 ], [ -119.426052496091501, 37.311807375919898 ], [ -119.425992964394709, 37.311805575670668 ], [ -119.425995423171699, 37.311753702606218 ], [ -119.426054954827748, 37.31175550285208 ] ] ] ] } },
{ "type": "Feature", "properties": { "id": null }, "geometry": { "type": "MultiPolygon", "coordinates": [ [ [ [ -119.425882591459896, 37.311732974670754 ], [ -119.425880132607219, 37.311784847728994 ], [ -119.425826012908985, 37.311783211062036 ], [ -119.42582847179871, 37.311731338006844 ], [ -119.425882591459896, 37.311732974670754 ] ] ] ] } },
{ "type": "Feature", "properties": { "id": null }, "geometry": { "type": "MultiPolygon", "coordinates": [ [ [ [ -119.426040629896477, 37.311943379061489 ], [ -119.426038171133698, 37.311995252126842 ], [ -119.425956991347732, 37.311992797213811 ], [ -119.425959450166062, 37.311940924153042 ], [ -119.426040629896477, 37.311943379061489 ] ] ] ] } },
{ "type": "Feature", "properties": { "id": null }, "geometry": { "type": "MultiPolygon", "coordinates": [ [ [ [ -119.425602338350117, 37.311756966239436 ], [ -119.425599879302766, 37.311808839281575 ], [ -119.425529523695133, 37.311806711441918 ], [ -119.425531982790616, 37.311754838403765 ], [ -119.425602338350117, 37.311756966239436 ] ] ] ] } },
{ "type": "Feature", "properties": { "id": null }, "geometry": { "type": "MultiPolygon", "coordinates": [ [ [ [ -119.425401112829491, 37.311828801371945 ], [ -119.425396809239359, 37.311919579174223 ], [ -119.425315629591665, 37.311917123825438 ], [ -119.425319933279027, 37.311826346031182 ], [ -119.425401112829491, 37.311828801371945 ] ] ] ] } },
{ "type": "Feature", "properties": { "id": null }, "geometry": { "type": "MultiPolygon", "coordinates": [ [ [ [ -119.425333653345646, 37.312222859992637 ], [ -119.425330784192766, 37.312283378519197 ], [ -119.425282076171754, 37.312281905277231 ], [ -119.425284945363543, 37.31222138675389 ], [ -119.425333653345646, 37.312222859992637 ] ] ] ] } },
{ "type": "Feature", "properties": { "id": null }, "geometry": { "type": "MultiPolygon", "coordinates": [ [ [ [ -119.425141604050921, 37.311758182341997 ], [ -119.42513791500248, 37.31183599186577 ], [ -119.425067559405079, 37.311833863750167 ], [ -119.425071248525725, 37.311756054232355 ], [ -119.425141604050921, 37.311758182341997 ] ] ] ] } },
{ "type": "Feature", "properties": { "id": null }, "geometry": { "type": "MultiPolygon", "coordinates": [ [ [ [ -119.425226882345697, 37.311674182765671 ], [ -119.425223808222242, 37.311739024042545 ], [ -119.425131804859731, 37.311736241186644 ], [ -119.425134879061872, 37.311671399916278 ], [ -119.425226882345697, 37.311674182765671 ] ] ] ] } },
{ "type": "Feature", "properties": { "id": null }, "geometry": { "type": "MultiPolygon", "coordinates": [ [ [ [ -119.426222938254895, 37.312041964400642 ], [ -119.426220479608602, 37.312093837475459 ], [ -119.426166359668755, 37.312092200952655 ], [ -119.426168818352096, 37.312040327880887 ], [ -119.426222938254895, 37.312041964400642 ] ] ] ] } },
{ "type": "Feature", "properties": { "id": null }, "geometry": { "type": "MultiPolygon", "coordinates": [ [ [ [ -119.426071897028436, 37.31214129187321 ], [ -119.426066774606966, 37.312249360758763 ], [ -119.425969358534047, 37.31224641486299 ], [ -119.425974481094428, 37.312138345988899 ], [ -119.426071897028436, 37.31214129187321 ] ] ] ] } },
{ "type": "Feature", "properties": { "id": null }, "geometry": { "type": "MultiPolygon", "coordinates": [ [ [ [ -119.426215792077627, 37.312364255209246 ], [ -119.426214152958408, 37.312398837257035 ], [ -119.426176268847271, 37.312397691683692 ], [ -119.426177907983757, 37.312363109637324 ], [ -119.426215792077627, 37.312364255209246 ] ] ] ] } },
{ "type": "Feature", "properties": { "id": null }, "geometry": { "type": "MultiPolygon", "coordinates": [ [ [ [ -119.42630267616461, 37.311788967370312 ], [ -119.426300832238439, 37.311827872181546 ], [ -119.426214240634195, 37.311825253807825 ], [ -119.426216084604818, 37.311786349000258 ], [ -119.42630267616461, 37.311788967370312 ] ] ] ] } },
{ "type": "Feature", "properties": { "id": null }, "geometry": { "type": "MultiPolygon", "coordinates": [ [ [ [ -119.425041806297344, 37.311348242308 ], [ -119.425039756800984, 37.311391469819661 ], [ -119.424985637434446, 37.311389832783 ], [ -119.424987686961671, 37.31134660527389 ], [ -119.425041806297344, 37.311348242308 ] ] ] ] } },
{ "type": "Feature", "properties": { "id": null }, "geometry": { "type": "MultiPolygon", "coordinates": [ [ [ [ -119.425557495534861, 37.311216655597725 ], [ -119.425553806987281, 37.311294465163996 ], [ -119.425478039930113, 37.311292173639949 ], [ -119.425481728555511, 37.311214364080087 ], [ -119.425557495534861, 37.311216655597725 ] ] ] ] } },
{ "type": "Feature", "properties": { "id": null }, "geometry": { "type": "MultiPolygon", "coordinates": [ [ [ [ -119.426085158664634, 37.311232613039245 ], [ -119.426081060879426, 37.311319068162426 ], [ -119.426005293753917, 37.311316776974678 ], [ -119.426009391625556, 37.311230321858616 ], [ -119.426085158664634, 37.311232613039245 ] ] ] ] } },
{ "type": "Feature", "properties": { "id": null }, "geometry": { "type": "MultiPolygon", "coordinates": [ [ [ [ -119.425857182655164, 37.311297146643682 ], [ -119.425852879696066, 37.311387924499371 ], [ -119.425782524461212, 37.311385796830493 ], [ -119.425786827504552, 37.31129501898176 ], [ -119.425857182655164, 37.311297146643682 ] ] ] ] } },
{ "type": "Feature", "properties": { "id": null }, "geometry": { "type": "MultiPolygon", "coordinates": [ [ [ [ -119.424815366421157, 37.31138035320609 ], [ -119.424812906866535, 37.311432226206897 ], [ -119.424731727794736, 37.311429770484771 ], [ -119.424734187404866, 37.311377897488548 ], [ -119.424815366421157, 37.31138035320609 ] ] ] ] } },
{ "type": "Feature", "properties": { "id": null }, "geometry": { "type": "MultiPolygon", "coordinates": [ [ [ [ -119.424869817612105, 37.311832211183336 ], [ -119.424865103454991, 37.311931634432668 ], [ -119.424746040025312, 37.311928032699505 ], [ -119.424750754338589, 37.311828609463042 ], [ -119.424869817612105, 37.311832211183336 ] ] ] ] } },
{ "type": "Feature", "properties": { "id": null }, "geometry": { "type": "MultiPolygon", "coordinates": [ [ [ [ -119.424588580360293, 37.311934091649292 ], [ -119.424585915620412, 37.311990287380951 ], [ -119.424499323992237, 37.311987667742713 ], [ -119.424501988796351, 37.311931472016362 ], [ -119.424588580360293, 37.311934091649292 ] ] ] ] } },
{ "type": "Feature", "properties": { "id": null }, "geometry": { "type": "MultiPolygon", "coordinates": [ [ [ [ -119.425338099295175, 37.312043343015823 ], [ -119.425333385718758, 37.312142766312526 ], [ -119.425244087849052, 37.312140065364247 ], [ -119.425248801542622, 37.312040642077221 ], [ -119.425338099295175, 37.312043343015823 ] ] ] ] } },
{ "type": "Feature", "properties": { "id": null }, "geometry": { "type": "MultiPolygon", "coordinates": [ [ [ [ -119.425748415911883, 37.312048177097282 ], [ -119.425745547109571, 37.312108695653066 ], [ -119.42568872119115, 37.312106977074826 ], [ -119.425691590038852, 37.312046458522786 ], [ -119.425748415911883, 37.312048177097282 ] ] ] ] } },
{ "type": "Feature", "properties": { "id": null }, "geometry": { "type": "MultiPolygon", "coordinates": [ [ [ [ -119.425909995059925, 37.311983800334623 ], [ -119.425906716583668, 37.312052964411272 ], [ -119.425798476804047, 37.31204969105702 ], [ -119.425801755379069, 37.311980526988513 ], [ -119.425909995059925, 37.311983800334623 ] ] ] ] } },
{ "type": "Feature", "properties": { "id": null }, "geometry": { "type": "MultiPolygon", "coordinates": [ [ [ [ -119.425652452940923, 37.311900255030316 ], [ -119.425648559480678, 37.311982387349268 ], [ -119.425607969610681, 37.311981159766418 ], [ -119.425611863114881, 37.311899027451098 ], [ -119.425652452940923, 37.311900255030316 ] ] ] ] } },
{ "type": "Feature", "properties": { "id": null }, "geometry": { "type": "MultiPolygon", "coordinates": [ [ [ [ -119.425562820173212, 37.31207611342753 ], [ -119.425560053682005, 37.312134470594209 ], [ -119.425505933752092, 37.312132833767862 ], [ -119.425508700284965, 37.312074476604622 ], [ -119.425562820173212, 37.31207611342753 ] ] ] ] } },
{ "type": "Feature", "properties": { "id": null }, "geometry": { "type": "MultiPolygon", "coordinates": [ [ [ [ -119.42479511835073, 37.312150293807498 ], [ -119.424792658713784, 37.312202166800404 ], [ -119.424716890808753, 37.312199874741729 ], [ -119.424719350497568, 37.312148001753108 ], [ -119.42479511835073, 37.312150293807498 ] ] ] ] } },
{ "type": "Feature", "properties": { "id": null }, "geometry": { "type": "MultiPolygon", "coordinates": [ [ [ [ -119.425091464912285, 37.312072679118423 ], [ -119.425088390628261, 37.31213752038132 ], [ -119.424996386793751, 37.312134737394942 ], [ -119.424999461156474, 37.312069896138532 ], [ -119.425091464912285, 37.312072679118423 ] ] ] ] } },
{ "type": "Feature", "properties": { "id": null }, "geometry": { "type": "MultiPolygon", "coordinates": [ [ [ [ -119.424953993734832, 37.312228691942423 ], [ -119.424947025036658, 37.312375665444357 ], [ -119.424811724878509, 37.312371572608853 ], [ -119.424818693839057, 37.312224599128555 ], [ -119.424953993734832, 37.312228691942423 ] ] ] ] } },
{ "type": "Feature", "properties": { "id": null }, "geometry": { "type": "MultiPolygon", "coordinates": [ [ [ [ -119.424477369394708, 37.312279207636813 ], [ -119.424473064623754, 37.312369985340482 ], [ -119.424359412556527, 37.312366546914276 ], [ -119.424363717463592, 37.312275769221841 ], [ -119.424477369394708, 37.312279207636813 ] ] ] ] } },
{ "type": "Feature", "properties": { "id": null }, "geometry": { "type": "MultiPolygon", "coordinates": [ [ [ [ -119.424419457070812, 37.312357541139505 ], [ -119.424416382177952, 37.312422382351627 ], [ -119.424264845996817, 37.312417797681107 ], [ -119.424267921019307, 37.312352956479678 ], [ -119.424419457070812, 37.312357541139505 ] ] ] ] } },
{ "type": "Feature", "properties": { "id": null }, "geometry": { "type": "MultiPolygon", "coordinates": [ [ [ [ -119.424525358955933, 37.312010100127793 ], [ -119.424521259269369, 37.312096555092189 ], [ -119.424385959674396, 37.312092461795864 ], [ -119.424390059515304, 37.3120060068442 ], [ -119.424525358955933, 37.312010100127793 ] ] ] ] } },
{ "type": "Feature", "properties": { "id": null }, "geometry": { "type": "MultiPolygon", "coordinates": [ [ [ [ -119.426451192946956, 37.312686304435516 ], [ -119.426445046568347, 37.312815987139679 ], [ -119.426347629724006, 37.312813041517359 ], [ -119.426353776269309, 37.312683358826938 ], [ -119.426451192946956, 37.312686304435516 ] ] ] ] } },
{ "type": "Feature", "properties": { "id": null }, "geometry": { "type": "MultiPolygon", "coordinates": [ [ [ [ -119.42605929024937, 37.312607355157503 ], [ -119.426052221156553, 37.312756490205068 ], [ -119.425930450251599, 37.312752807765435 ], [ -119.425937519584025, 37.312603672737623 ], [ -119.42605929024937, 37.312607355157503 ] ] ] ] } },
{ "type": "Feature", "properties": { "id": null }, "geometry": { "type": "MultiPolygon", "coordinates": [ [ [ [ -119.426847914176633, 37.312463453686576 ], [ -119.426841973384541, 37.312588813693083 ], [ -119.426739144758557, 37.3125857047837 ], [ -119.426745085720711, 37.312460344791226 ], [ -119.426847914176633, 37.312463453686576 ] ] ] ] } },
{ "type": "Feature", "properties": { "id": null }, "geometry": { "type": "MultiPolygon", "coordinates": [ [ [ [ -119.426796013961308, 37.312643700550666 ], [ -119.426790687623665, 37.312756092270995 ], [ -119.426720331041679, 37.312753965093528 ], [ -119.426725657483658, 37.312641573381789 ], [ -119.426796013961308, 37.312643700550666 ] ] ] ] } },
{ "type": "Feature", "properties": { "id": null }, "geometry": { "type": "MultiPolygon", "coordinates": [ [ [ [ -119.426598431927502, 37.312581450342208 ], [ -119.42659453940054, 37.312663582736612 ], [ -119.426518770883192, 37.312661291807601 ], [ -119.426522663492264, 37.312579159419961 ], [ -119.426598431927502, 37.312581450342208 ] ] ] ] } },
{ "type": "Feature", "properties": { "id": null }, "geometry": { "type": "MultiPolygon", "coordinates": [ [ [ [ -119.426457249948228, 37.312301210866366 ], [ -119.426448030509462, 37.312495734935169 ], [ -119.426258609683643, 37.312490007309243 ], [ -119.426267829608548, 37.312295483280522 ], [ -119.426457249948228, 37.312301210866366 ] ] ] ] } },
{ "type": "Feature", "properties": { "id": null }, "geometry": { "type": "MultiPolygon", "coordinates": [ [ [ [ -119.425102860183145, 37.312775395968245 ], [ -119.425099990787928, 37.312835914473879 ], [ -119.425040458342082, 37.312834113703389 ], [ -119.42504332778482, 37.312773595201669 ], [ -119.425102860183145, 37.312775395968245 ] ] ] ] } },
{ "type": "Feature", "properties": { "id": null }, "geometry": { "type": "MultiPolygon", "coordinates": [ [ [ [ -119.425070282603244, 37.312490864321518 ], [ -119.425066593383619, 37.312568673829574 ], [ -119.424985413067304, 37.312566218218045 ], [ -119.424989102370262, 37.31248840871686 ], [ -119.425070282603244, 37.312490864321518 ] ] ] ] } },
{ "type": "Feature", "properties": { "id": null }, "geometry": { "type": "MultiPolygon", "coordinates": [ [ [ [ -119.425247975942838, 37.312401002229528 ], [ -119.425245106702775, 37.312461520748592 ], [ -119.42507192225186, 37.312456282317505 ], [ -119.425074791630195, 37.312395763809846 ], [ -119.425247975942838, 37.312401002229528 ] ] ] ] } },
{ "type": "Feature", "properties": { "id": null }, "geometry": { "type": "MultiPolygon", "coordinates": [ [ [ [ -119.425487087208339, 37.312330313255217 ], [ -119.42548360337166, 37.312403800048358 ], [ -119.425337479061852, 37.312399380439082 ], [ -119.425340963040199, 37.312325893657636 ], [ -119.425487087208339, 37.312330313255217 ] ] ] ] } },
{ "type": "Feature", "properties": { "id": null }, "geometry": { "type": "MultiPolygon", "coordinates": [ [ [ [ -119.425679562898239, 37.312385917436863 ], [ -119.425677103848017, 37.312437790477851 ], [ -119.42560133563326, 37.312435498973194 ], [ -119.425603794735338, 37.312383625936469 ], [ -119.425679562898239, 37.312385917436863 ] ] ] ] } },
{ "type": "Feature", "properties": { "id": null }, "geometry": { "type": "MultiPolygon", "coordinates": [ [ [ [ -119.425722877305887, 37.312272510196543 ], [ -119.425720828130991, 37.312315737733627 ], [ -119.425639648028579, 37.312313282585016 ], [ -119.425641697249759, 37.312270055051755 ], [ -119.425722877305887, 37.312272510196543 ] ] ] ] } },
{ "type": "Feature", "properties": { "id": null }, "geometry": { "type": "MultiPolygon", "coordinates": [ [ [ [ -119.425920825295435, 37.31226983864083 ], [ -119.425918366421314, 37.312321711696519 ], [ -119.425815538262924, 37.312318602003465 ], [ -119.425817997207417, 37.312266728953574 ], [ -119.425920825295435, 37.31226983864083 ] ] ] ] } },
{ "type": "Feature", "properties": { "id": null }, "geometry": { "type": "MultiPolygon", "coordinates": [ [ [ [ -119.424570123470687, 37.312809063323549 ], [ -119.424566433693144, 37.312886872784865 ], [ -119.42442030859489, 37.312882451994518 ], [ -119.424423998522457, 37.312804642545579 ], [ -119.424570123470687, 37.312809063323549 ] ] ] ] } },
{ "type": "Feature", "properties": { "id": null }, "geometry": { "type": "MultiPolygon", "coordinates": [ [ [ [ -119.424732362185523, 37.312930853022394 ], [ -119.424729902436027, 37.312982726004904 ], [ -119.424643309655934, 37.312980106412937 ], [ -119.424645769464675, 37.312928233435308 ], [ -119.424732362185523, 37.312930853022394 ] ] ] ] } },
{ "type": "Feature", "properties": { "id": null }, "geometry": { "type": "MultiPolygon", "coordinates": [ [ [ [ -119.424834390898084, 37.312836538128224 ], [ -119.424832546145453, 37.312875442870109 ], [ -119.424762189602859, 37.312873314522676 ], [ -119.424764034391629, 37.312834409783754 ], [ -119.424834390898084, 37.312836538128224 ] ] ] ] } },
{ "type": "Feature", "properties": { "id": null }, "geometry": { "type": "MultiPolygon", "coordinates": [ [ [ [ -119.424707247800214, 37.312603257584726 ], [ -119.42470212333977, 37.312711326300615 ], [ -119.424615530873581, 37.31270870670447 ], [ -119.424620655457517, 37.312600637998777 ], [ -119.424707247800214, 37.312603257584726 ] ] ] ] } },
{ "type": "Feature", "properties": { "id": null }, "geometry": { "type": "MultiPolygon", "coordinates": [ [ [ [ -119.424328201384085, 37.312596119176447 ], [ -119.424321846377907, 37.312730124328375 ], [ -119.424154073512867, 37.312725048262145 ], [ -119.424160428815682, 37.312591043134695 ], [ -119.424328201384085, 37.312596119176447 ] ] ] ] } },
{ "type": "Feature", "properties": { "id": null }, "geometry": { "type": "MultiPolygon", "coordinates": [ [ [ [ -119.424464342092136, 37.312468205051239 ], [ -119.424461472216962, 37.312528723517758 ], [ -119.424342407898166, 37.312525121329593 ], [ -119.424345277868426, 37.312464602870918 ], [ -119.424464342092136, 37.312468205051239 ] ] ] ] } },
{ "type": "Feature", "properties": { "id": null }, "geometry": { "type": "MultiPolygon", "coordinates": [ [ [ [ -119.424874383792229, 37.312450306923388 ], [ -119.424868439725969, 37.312575666659733 ], [ -119.424700667103878, 37.312570591386255 ], [ -119.424706611447647, 37.312445231672797 ], [ -119.424874383792229, 37.312450306923388 ] ] ] ] } },
{ "type": "Feature", "properties": { "id": null }, "geometry": { "type": "MultiPolygon", "coordinates": [ [ [ [ -119.424672133498618, 37.313115175824322 ], [ -119.424666598923466, 37.313231890022777 ], [ -119.424536709337815, 37.313227960519384 ], [ -119.424542244113013, 37.313111246337428 ], [ -119.424672133498618, 37.313115175824322 ] ] ] ] } },
{ "type": "Feature", "properties": { "id": null }, "geometry": { "type": "MultiPolygon", "coordinates": [ [ [ [ -119.426033900183882, 37.313028660094609 ], [ -119.426027753012391, 37.313158342732123 ], [ -119.42588974525755, 37.313154169224433 ], [ -119.425895892665196, 37.313024486606395 ], [ -119.426033900183882, 37.313028660094609 ] ] ] ] } },
{ "type": "Feature", "properties": { "id": null }, "geometry": { "type": "MultiPolygon", "coordinates": [ [ [ [ -119.425640962389934, 37.313028681444287 ], [ -119.425637683543385, 37.313097845488386 ], [ -119.425507794050461, 37.313093917062837 ], [ -119.425511073015542, 37.313024753028522 ], [ -119.425640962389934, 37.313028681444287 ] ] ] ] } },
{ "type": "Feature", "properties": { "id": null }, "geometry": { "type": "MultiPolygon", "coordinates": [ [ [ [ -119.426395356274583, 37.312892405778157 ], [ -119.426389824408062, 37.313009120200888 ], [ -119.426286995260384, 37.313006010868904 ], [ -119.426292527285256, 37.312889296459232 ], [ -119.426395356274583, 37.312892405778157 ] ] ] ] } },
{ "type": "Feature", "properties": { "id": null }, "geometry": { "type": "MultiPolygon", "coordinates": [ [ [ [ -119.426296406380445, 37.313064736288403 ], [ -119.426292718348009, 37.3131425458932 ], [ -119.42618988902953, 37.313139436467409 ], [ -119.426193577167538, 37.313061626871317 ], [ -119.426296406380445, 37.313064736288403 ] ] ] ] } },
{ "type": "Feature", "properties": { "id": null }, "geometry": { "type": "MultiPolygon", "coordinates": [ [ [ [ -119.426614254270021, 37.313133870101154 ], [ -119.426609337314815, 37.313237616275416 ], [ -119.426403678363457, 37.313231397871512 ], [ -119.426408595600208, 37.313127651720457 ], [ -119.426614254270021, 37.313133870101154 ] ] ] ] } },
{ "type": "Feature", "properties": { "id": null }, "geometry": { "type": "MultiPolygon", "coordinates": [ [ [ [ -119.426224465164779, 37.313238965655593 ], [ -119.426219547655236, 37.313342711783804 ], [ -119.426051773080744, 37.313337638337394 ], [ -119.426056690819934, 37.313233892228119 ], [ -119.426224465164779, 37.313238965655593 ] ] ] ] } },
{ "type": "Feature", "properties": { "id": null }, "geometry": { "type": "MultiPolygon", "coordinates": [ [ [ [ -119.426412043896832, 37.313283598240055 ], [ -119.426408765726492, 37.313352762339463 ], [ -119.426305936108605, 37.313349652999662 ], [ -119.426309214372807, 37.313280488907985 ], [ -119.426412043896832, 37.313283598240055 ] ] ] ] } },
{ "type": "Feature", "properties": { "id": null }, "geometry": { "type": "MultiPolygon", "coordinates": [ [ [ [ -119.42570234446967, 37.313277288037497 ], [ -119.425699270576445, 37.313342129330493 ], [ -119.425574792734054, 37.313338364636067 ], [ -119.425577866733761, 37.313273523351853 ], [ -119.42570234446967, 37.313277288037497 ] ] ] ] } },
{ "type": "Feature", "properties": { "id": null }, "geometry": { "type": "MultiPolygon", "coordinates": [ [ [ [ -119.425809230224701, 37.313137665196031 ], [ -119.42580574659992, 37.31321115200501 ], [ -119.425719153455987, 37.313208533186696 ], [ -119.425722637164696, 37.313135046384637 ], [ -119.425809230224701, 37.313137665196031 ] ] ] ] } },
{ "type": "Feature", "properties": { "id": null }, "geometry": { "type": "MultiPolygon", "coordinates": [ [ [ [ -119.425987147260273, 37.312928762620665 ], [ -119.425983868742733, 37.31299792669212 ], [ -119.425761974417256, 37.312991216210136 ], [ -119.425765253137314, 37.312922052155415 ], [ -119.425987147260273, 37.312928762620665 ] ] ] ] } },
{ "type": "Feature", "properties": { "id": null }, "geometry": { "type": "MultiPolygon", "coordinates": [ [ [ [ -119.424850709889085, 37.311606527765143 ], [ -119.424847225524132, 37.311680014516135 ], [ -119.424684866851351, 37.311675103035753 ], [ -119.424688351373732, 37.31160161629775 ], [ -119.424850709889085, 37.311606527765143 ] ] ] ] } },
{ "type": "Feature", "properties": { "id": null }, "geometry": { "type": "MultiPolygon", "coordinates": [ [ [ [ -119.424615003957143, 37.311776884355098 ], [ -119.424610699429891, 37.311867662080147 ], [ -119.424540343843518, 37.311865533649566 ], [ -119.424544648455054, 37.311774755931474 ], [ -119.424615003957143, 37.311776884355098 ] ] ] ] } },
{ "type": "Feature", "properties": { "id": null }, "geometry": { "type": "MultiPolygon", "coordinates": [ [ [ [ -119.425200433660919, 37.3113746851744 ], [ -119.425199204016934, 37.311400621685813 ], [ -119.425139672696417, 37.311398821023971 ], [ -119.425140902360766, 37.311372884514228 ], [ -119.425200433660919, 37.3113746851744 ] ] ] ] } },
{ "type": "Feature", "properties": { "id": null }, "geometry": { "type": "MultiPolygon", "coordinates": [ [ [ [ -119.425587820694915, 37.311548737516645 ], [ -119.425586181336371, 37.311583319545477 ], [ -119.425537473753451, 37.311581846432084 ], [ -119.425539113134207, 37.311547264405093 ], [ -119.425587820694915, 37.311548737516645 ] ] ] ] } },
{ "type": "Feature", "properties": { "id": null }, "geometry": { "type": "MultiPolygon", "coordinates": [ [ [ [ -119.425720148265754, 37.311615509324568 ], [ -119.42571809913801, 37.311658736866313 ], [ -119.425642331701667, 37.31165644542849 ], [ -119.425644380872669, 37.311613217890297 ], [ -119.425720148265754, 37.311615509324568 ] ] ] ] } },
{ "type": "Feature", "properties": { "id": null }, "geometry": { "type": "MultiPolygon", "coordinates": [ [ [ [ -119.425727633241536, 37.311743439753023 ], [ -119.42572701850213, 37.31175640801542 ], [ -119.425694546700328, 37.311755425976827 ], [ -119.425695161445304, 37.311742457714892 ], [ -119.425727633241536, 37.311743439753023 ] ] ] ] } },
{ "type": "Feature", "properties": { "id": null }, "geometry": { "type": "MultiPolygon", "coordinates": [ [ [ [ -119.426222785845411, 37.31170213707415 ], [ -119.426221761422767, 37.31172375085665 ], [ -119.426097286177651, 37.311719986850292 ], [ -119.42609831063578, 37.311698373070726 ], [ -119.426222785845411, 37.31170213707415 ] ] ] ] } },
{ "type": "Feature", "properties": { "id": null }, "geometry": { "type": "MultiPolygon", "coordinates": [ [ [ [ -119.426599175916081, 37.311779534450615 ], [ -119.426598356461966, 37.311796825483484 ], [ -119.42655776664958, 37.311795598231605 ], [ -119.426558586112947, 37.311778307199489 ], [ -119.426599175916081, 37.311779534450615 ] ] ] ] } },
{ "type": "Feature", "properties": { "id": null }, "geometry": { "type": "MultiPolygon", "coordinates": [ [ [ [ -119.426194489788202, 37.311856041469532 ], [ -119.426192953133111, 37.31188846214139 ], [ -119.426133421363247, 37.311886661959512 ], [ -119.426134958043818, 37.311854241289758 ], [ -119.426194489788202, 37.311856041469532 ] ] ] ] } },
{ "type": "Feature", "properties": { "id": null }, "geometry": { "type": "MultiPolygon", "coordinates": [ [ [ [ -119.426244846432525, 37.311422504509046 ], [ -119.426242182974718, 37.311478700347308 ], [ -119.426193475424341, 37.311477227507417 ], [ -119.426196138918272, 37.31142103167214 ], [ -119.426244846432525, 37.311422504509046 ] ] ] ] } },
{ "type": "Feature", "properties": { "id": null }, "geometry": { "type": "MultiPolygon", "coordinates": [ [ [ [ -119.425009458728709, 37.311444665228805 ], [ -119.425007614159085, 37.311483569987303 ], [ -119.424942670842825, 37.311481605518601 ], [ -119.424944515445787, 37.311442700762861 ], [ -119.425009458728709, 37.311444665228805 ] ] ] ] } },
{ "type": "Feature", "properties": { "id": null }, "geometry": { "type": "MultiPolygon", "coordinates": [ [ [ [ -119.425233526779294, 37.311862693091108 ], [ -119.425230657583484, 37.311923211614719 ], [ -119.425176537824498, 37.311921574645581 ], [ -119.42517940706351, 37.31186105612553 ], [ -119.425233526779294, 37.311862693091108 ] ] ] ] } },
{ "type": "Feature", "properties": { "id": null }, "geometry": { "type": "MultiPolygon", "coordinates": [ [ [ [ -119.425970633408653, 37.312419611468016 ], [ -119.425968584364753, 37.31246283901573 ], [ -119.425892816100699, 37.312460547696382 ], [ -119.425894865187814, 37.312417320152242 ], [ -119.425970633408653, 37.312419611468016 ] ] ] ] } },
{ "type": "Feature", "properties": { "id": null }, "geometry": { "type": "MultiPolygon", "coordinates": [ [ [ [ -119.426123314503158, 37.31228570212005 ], [ -119.426119626396172, 37.312363511720392 ], [ -119.42604385821933, 37.312361220502922 ], [ -119.426047546404064, 37.312283410909004 ], [ -119.426123314503158, 37.31228570212005 ] ] ] ] } },
{ "type": "Feature", "properties": { "id": null }, "geometry": { "type": "MultiPolygon", "coordinates": [ [ [ [ -119.426524289741351, 37.312116010729106 ], [ -119.426521421553929, 37.312176529335531 ], [ -119.426418593525511, 37.312173420176741 ], [ -119.426421461795002, 37.312112901577095 ], [ -119.426524289741351, 37.312116010729106 ] ] ] ] } },
{ "type": "Feature", "properties": { "id": null }, "geometry": { "type": "MultiPolygon", "coordinates": [ [ [ [ -119.425317371937524, 37.312652015871826 ], [ -119.425314297783146, 37.312716857144387 ], [ -119.425265589483374, 37.312715383881127 ], [ -119.425268663679418, 37.312650542611991 ], [ -119.425317371937524, 37.312652015871826 ] ] ] ] } },
{ "type": "Feature", "properties": { "id": null }, "geometry": { "type": "MultiPolygon", "coordinates": [ [ [ [ -119.424525254853023, 37.311583695430777 ], [ -119.424524024967809, 37.311609631922146 ], [ -119.424491553271864, 37.311608649556725 ], [ -119.424492783168176, 37.311582713066286 ], [ -119.424525254853023, 37.311583695430777 ] ] ] ] } },
{ "type": "Feature", "properties": { "id": null }, "geometry": { "type": "MultiPolygon", "coordinates": [ [ [ [ -119.424600160208044, 37.311404145607263 ], [ -119.424599135331903, 37.311425759352495 ], [ -119.42455313387137, 37.311424367700546 ], [ -119.424554158760614, 37.311402753956393 ], [ -119.424600160208044, 37.311404145607263 ] ] ] ] } },
{ "type": "Feature", "properties": { "id": null }, "geometry": { "type": "MultiPolygon", "coordinates": [ [ [ [ -119.425078513028438, 37.311517099456047 ], [ -119.425075233845774, 37.311586263475284 ], [ -119.425015702386929, 37.311584462743483 ], [ -119.425018981623921, 37.311515298728729 ], [ -119.425078513028438, 37.311517099456047 ] ] ] ] } },
{ "type": "Feature", "properties": { "id": null }, "geometry": { "type": "MultiPolygon", "coordinates": [ [ [ [ -119.426305761316215, 37.312738724448202 ], [ -119.426302892889055, 37.312799243033787 ], [ -119.426221712215082, 37.312796788257486 ], [ -119.426224580707057, 37.312736269677245 ], [ -119.426305761316215, 37.312738724448202 ] ] ] ] } },
{ "type": "Feature", "properties": { "id": null }, "geometry": { "type": "MultiPolygon", "coordinates": [ [ [ [ -119.425661197982365, 37.312844771922251 ], [ -119.425659968431361, 37.312870708440293 ], [ -119.425611260013909, 37.31286923531416 ], [ -119.425612489581582, 37.312843298797496 ], [ -119.425661197982365, 37.312844771922251 ] ] ] ] } },
{ "type": "Feature", "properties": { "id": null }, "geometry": { "type": "MultiPolygon", "coordinates": [ [ [ [ -119.424361673058343, 37.312933166522456 ], [ -119.42435675304327, 37.313036912444751 ], [ -119.424232275886851, 37.313033146364269 ], [ -119.424237196072298, 37.312929400456021 ], [ -119.424361673058343, 37.312933166522456 ] ] ] ] } },
{ "type": "Feature", "properties": { "id": null }, "geometry": { "type": "MultiPolygon", "coordinates": [ [ [ [ -119.424857040741429, 37.313173258008902 ], [ -119.424853146236686, 37.313255390238737 ], [ -119.424782789338408, 37.313253261885158 ], [ -119.424786683919379, 37.313171129661612 ], [ -119.424857040741429, 37.313173258008902 ] ] ] ] } },
{ "type": "Feature", "properties": { "id": null }, "geometry": { "type": "MultiPolygon", "coordinates": [ [ [ [ -119.424854579130539, 37.31293942026717 ], [ -119.424852324436728, 37.312986970507431 ], [ -119.424836088286511, 37.312986479355509 ], [ -119.424838342990526, 37.312938929116079 ], [ -119.424854579130539, 37.31293942026717 ] ] ] ] } },
{ "type": "Feature", "properties": { "id": null }, "geometry": { "type": "MultiPolygon", "coordinates": [ [ [ [ -119.426371563437726, 37.311879252747282 ], [ -119.426369104908019, 37.311931125831947 ], [ -119.426317691067496, 37.3119295712062 ], [ -119.426320149632403, 37.311877698124427 ], [ -119.426371563437726, 37.311879252747282 ] ] ] ] } },
{ "type": "Feature", "properties": { "id": null }, "geometry": { "type": "MultiPolygon", "coordinates": [ [ [ [ -119.424651122001819, 37.312243880217316 ], [ -119.424646919934986, 37.31233249656448 ], [ -119.424530561902031, 37.312328976443602 ], [ -119.424534764104919, 37.312240360107666 ], [ -119.424651122001819, 37.312243880217316 ] ] ] ] } },
{ "type": "Feature", "properties": { "id": null }, "geometry": { "type": "MultiPolygon", "coordinates": [ [ [ [ -119.425812071683595, 37.311477057259395 ], [ -119.425810329978731, 37.311513800674454 ], [ -119.425739974629835, 37.311511672974213 ], [ -119.425741716368805, 37.311474929561946 ], [ -119.425812071683595, 37.311477057259395 ] ] ] ] } },
{ "type": "Feature", "properties": { "id": null }, "geometry": { "type": "MultiPolygon", "coordinates": [ [ [ [ -119.425630855211224, 37.31269883439785 ], [ -119.425627781320898, 37.312763675692118 ], [ -119.425557424821278, 37.312761547822873 ], [ -119.425560498771816, 37.312696706533572 ], [ -119.425630855211224, 37.31269883439785 ] ] ] ] } },
{ "type": "Feature", "properties": { "id": null }, "geometry": { "type": "MultiPolygon", "coordinates": [ [ [ [ -119.42551155257479, 37.313214700230127 ], [ -119.425508683461629, 37.313275218758307 ], [ -119.42542209027232, 37.313272599718793 ], [ -119.425424959454617, 37.313212081196319 ], [ -119.42551155257479, 37.313214700230127 ] ] ] ] } },
{ "type": "Feature", "properties": { "id": null }, "geometry": { "type": "MultiPolygon", "coordinates": [ [ [ [ -119.426553767651001, 37.312937779531786 ], [ -119.426549362836553, 37.313030718809941 ], [ -119.426465475860482, 37.313028182368178 ], [ -119.426469880777788, 37.312935243098515 ], [ -119.426553767651001, 37.312937779531786 ] ] ] ] } },
{ "type": "Feature", "properties": { "id": null }, "geometry": { "type": "MultiPolygon", "coordinates": [ [ [ [ -119.451237928353081, 37.238379491386731 ], [ -119.451235999407402, 37.238420586172246 ], [ -119.451176484780845, 37.238418800403551 ], [ -119.451178413758711, 37.238377705620671 ], [ -119.451237928353081, 37.238379491386731 ] ] ] ] } },
{ "type": "Feature", "properties": { "id": null }, "geometry": { "type": "MultiPolygon", "coordinates": [ [ [ [ -119.450947391088874, 37.238740064357017 ], [ -119.450944852761026, 37.238794136422818 ], [ -119.450890748304985, 37.238792512851127 ], [ -119.450893286671331, 37.238738440788481 ], [ -119.450947391088874, 37.238740064357017 ] ] ] ] } },
{ "type": "Feature", "properties": { "id": null }, "geometry": { "type": "MultiPolygon", "coordinates": [ [ [ [ -119.449187931529622, 37.237931344668596 ], [ -119.449182243017049, 37.238052465880266 ], [ -119.449111908048707, 37.238050354221052 ], [ -119.449117596673403, 37.237929233018583 ], [ -119.449187931529622, 37.237931344668596 ] ] ] ] } },
{ "type": "Feature", "properties": { "id": null }, "geometry": { "type": "MultiPolygon", "coordinates": [ [ [ [ -119.44920846645114, 37.237782512107927 ], [ -119.449205825389726, 37.23783874695927 ], [ -119.449108438784904, 37.237835823145979 ], [ -119.449111079918396, 37.237779588300555 ], [ -119.44920846645114, 37.237782512107927 ] ] ] ] } },
{ "type": "Feature", "properties": { "id": null }, "geometry": { "type": "MultiPolygon", "coordinates": [ [ [ [ -119.449269172607927, 37.237643549271219 ], [ -119.449265109523253, 37.237730064434572 ], [ -119.44917854377033, 37.237727465543138 ], [ -119.449182606953542, 37.23764095038787 ], [ -119.449269172607927, 37.237643549271219 ] ] ] ] } },
{ "type": "Feature", "properties": { "id": null }, "geometry": { "type": "MultiPolygon", "coordinates": [ [ [ [ -119.450654059559994, 37.23875616993648 ], [ -119.450649185559399, 37.238859988268892 ], [ -119.450540976592237, 37.238856740825788 ], [ -119.450545850740639, 37.238752922505519 ], [ -119.450654059559994, 37.23875616993648 ] ] ] ] } },
{ "type": "Feature", "properties": { "id": null }, "geometry": { "type": "MultiPolygon", "coordinates": [ [ [ [ -119.450716490209743, 37.238580437281229 ], [ -119.45070836705591, 37.23875346785082 ], [ -119.450481128550024, 37.238746648236507 ], [ -119.45048925222126, 37.238573617709406 ], [ -119.450716490209743, 37.238580437281229 ] ] ] ] } },
{ "type": "Feature", "properties": { "id": null }, "geometry": { "type": "MultiPolygon", "coordinates": [ [ [ [ -119.450152587145908, 37.238589504497483 ], [ -119.450141212902835, 37.238831747144395 ], [ -119.449827407235958, 37.238822327947638 ], [ -119.449838782479347, 37.238580085382878 ], [ -119.450152587145908, 37.238589504497483 ] ] ] ] } },
{ "type": "Feature", "properties": { "id": null }, "geometry": { "type": "MultiPolygon", "coordinates": [ [ [ [ -119.450490121599472, 37.238785904858048 ], [ -119.45048159167942, 37.238967586904984 ], [ -119.450221889865446, 37.238959792489183 ], [ -119.450230420406399, 37.238778110493229 ], [ -119.450490121599472, 37.238785904858048 ] ] ] ] } },
{ "type": "Feature", "properties": { "id": null }, "geometry": { "type": "MultiPolygon", "coordinates": [ [ [ [ -119.450771348878646, 37.238335167613421 ], [ -119.450765256667879, 37.238464940554323 ], [ -119.450602944050218, 37.238460069555636 ], [ -119.450609036538168, 37.238330296637493 ], [ -119.450771348878646, 37.238335167613421 ] ] ] ] } },
{ "type": "Feature", "properties": { "id": null }, "geometry": { "type": "MultiPolygon", "coordinates": [ [ [ [ -119.450595039218896, 37.238282226124277 ], [ -119.450587728212582, 37.238437953624512 ], [ -119.450392953183055, 37.23843210811107 ], [ -119.450400264588509, 37.238276380643597 ], [ -119.450595039218896, 37.238282226124277 ] ] ] ] } },
{ "type": "Feature", "properties": { "id": null }, "geometry": { "type": "MultiPolygon", "coordinates": [ [ [ [ -119.450465335483329, 37.238044413195439 ], [ -119.450455993371364, 37.238243398313649 ], [ -119.450239577262508, 37.238236903067026 ], [ -119.45024891994116, 37.238037917995349 ], [ -119.450465335483329, 37.238044413195439 ] ] ] ] } },
{ "type": "Feature", "properties": { "id": null }, "geometry": { "type": "MultiPolygon", "coordinates": [ [ [ [ -119.450986357536991, 37.238025393938102 ], [ -119.450982296358703, 37.238111909257171 ], [ -119.450787522084653, 37.238106064436124 ], [ -119.450791583484659, 37.238019549135252 ], [ -119.450986357536991, 37.238025393938102 ] ] ] ] } },
{ "type": "Feature", "properties": { "id": null }, "geometry": { "type": "MultiPolygon", "coordinates": [ [ [ [ -119.450171441344395, 37.238880304873931 ], [ -119.450162910630368, 37.239061986855106 ], [ -119.449675969372393, 37.239047370517575 ], [ -119.449684501250601, 37.238865688631996 ], [ -119.450171441344395, 37.238880304873931 ] ] ] ] } },
{ "type": "Feature", "properties": { "id": null }, "geometry": { "type": "MultiPolygon", "coordinates": [ [ [ [ -119.449283722224166, 37.238862320851531 ], [ -119.44927600203971, 37.239026699629257 ], [ -119.448983837660322, 37.239017927885314 ], [ -119.448991558476749, 37.238853549159508 ], [ -119.449283722224166, 37.238862320851531 ] ] ] ] } },
{ "type": "Feature", "properties": { "id": null }, "geometry": { "type": "MultiPolygon", "coordinates": [ [ [ [ -119.449496984672493, 37.238474524224628 ], [ -119.449489265059455, 37.238638903051196 ], [ -119.449207922956859, 37.238630456780811 ], [ -119.449215643178476, 37.23846607800423 ], [ -119.449496984672493, 37.238474524224628 ] ] ] ] } },
{ "type": "Feature", "properties": { "id": null }, "geometry": { "type": "MultiPolygon", "coordinates": [ [ [ [ -119.449651265671093, 37.238188921200461 ], [ -119.449641108818199, 37.238405209175589 ], [ -119.449338125905669, 37.238396113601432 ], [ -119.449348283620893, 37.238179825697124 ], [ -119.449651265671093, 37.238188921200461 ] ] ] ] } },
{ "type": "Feature", "properties": { "id": null }, "geometry": { "type": "MultiPolygon", "coordinates": [ [ [ [ -119.450156463661926, 37.238160766904542 ], [ -119.450148339351315, 37.238333797381188 ], [ -119.449910281430647, 37.23832665195502 ], [ -119.449918406283274, 37.238153621522891 ], [ -119.450156463661926, 37.238160766904542 ] ] ] ] } },
{ "type": "Feature", "properties": { "id": null }, "geometry": { "type": "MultiPolygon", "coordinates": [ [ [ [ -119.449918553969525, 37.237919705630361 ], [ -119.449910835426806, 37.238084084547573 ], [ -119.4497160614509, 37.238078237967947 ], [ -119.449723780414942, 37.237913859085339 ], [ -119.449918553969525, 37.237919705630361 ] ] ] ] } },
{ "type": "Feature", "properties": { "id": null }, "geometry": { "type": "MultiPolygon", "coordinates": [ [ [ [ -119.450352676002737, 37.237789784245408 ], [ -119.450343739870505, 37.237980117821849 ], [ -119.449932550803226, 37.237967776200236 ], [ -119.449941487965305, 37.237777442708364 ], [ -119.450352676002737, 37.237789784245408 ] ] ] ] } },
{ "type": "Feature", "properties": { "id": null }, "geometry": { "type": "MultiPolygon", "coordinates": [ [ [ [ -119.449870617711596, 37.237671350848835 ], [ -119.449863305376596, 37.237827078242674 ], [ -119.449614428386255, 37.237819607500306 ], [ -119.449621741231269, 37.237663880148361 ], [ -119.449870617711596, 37.237671350848835 ] ] ] ] } },
{ "type": "Feature", "properties": { "id": null }, "geometry": { "type": "MultiPolygon", "coordinates": [ [ [ [ -119.450908929094012, 37.237828136831666 ], [ -119.450901618853493, 37.237983864396917 ], [ -119.450609457983248, 37.237975096872049 ], [ -119.450616768822471, 37.237819369355961 ], [ -119.450908929094012, 37.237828136831666 ] ] ] ] } },
{ "type": "Feature", "properties": { "id": null }, "geometry": { "type": "MultiPolygon", "coordinates": [ [ [ [ -119.450530681864947, 37.237691161918768 ], [ -119.45052580788294, 37.237794980255948 ], [ -119.450374317485341, 37.23779043376053 ], [ -119.450379191674287, 37.237686615440325 ], [ -119.450530681864947, 37.237691161918768 ] ] ] ] } },
{ "type": "Feature", "properties": { "id": null }, "geometry": { "type": "MultiPolygon", "coordinates": [ [ [ [ -119.451525306252066, 37.237855295123055 ], [ -119.45151962149491, 37.23797641664364 ], [ -119.451281564343731, 37.237969274032295 ], [ -119.451287249480288, 37.23784815254286 ], [ -119.451525306252066, 37.237855295123055 ] ] ] ] } },
{ "type": "Feature", "properties": { "id": null }, "geometry": { "type": "MultiPolygon", "coordinates": [ [ [ [ -119.450252332852884, 37.23738824166184 ], [ -119.450240959423212, 37.237630484384148 ], [ -119.449927158701982, 37.237621065709611 ], [ -119.449938533131913, 37.237378823069434 ], [ -119.450252332852884, 37.23738824166184 ] ] ] ] } },
{ "type": "Feature", "properties": { "id": null }, "geometry": { "type": "MultiPolygon", "coordinates": [ [ [ [ -119.450173355431303, 37.237108632312072 ], [ -119.450160357057484, 37.237385481125855 ], [ -119.449857378055427, 37.237376387091565 ], [ -119.449870377532974, 37.237099538368412 ], [ -119.450173355431303, 37.237108632312072 ] ] ] ] } },
{ "type": "Feature", "properties": { "id": null }, "geometry": { "type": "MultiPolygon", "coordinates": [ [ [ [ -119.450414934963263, 37.236925281019694 ], [ -119.450405999267019, 37.237115614636807 ], [ -119.450124662545605, 37.237107170837554 ], [ -119.450133598946479, 37.236916837278301 ], [ -119.450414934963263, 37.236925281019694 ] ] ] ] } },
{ "type": "Feature", "properties": { "id": null }, "geometry": { "type": "MultiPolygon", "coordinates": [ [ [ [ -119.450674223715495, 37.236941726181378 ], [ -119.450664882525203, 37.237140711381819 ], [ -119.45050257276452, 37.237135840392583 ], [ -119.450511914379788, 37.236936855227043 ], [ -119.450674223715495, 37.236941726181378 ] ] ] ] } },
{ "type": "Feature", "properties": { "id": null }, "geometry": { "type": "MultiPolygon", "coordinates": [ [ [ [ -119.451200445436513, 37.236927193707118 ], [ -119.451189481311502, 37.237160785162466 ], [ -119.450799937626272, 37.237149096135745 ], [ -119.450810902948632, 37.2369155047787 ], [ -119.451200445436513, 37.236927193707118 ] ] ] ] } },
{ "type": "Feature", "properties": { "id": null }, "geometry": { "type": "MultiPolygon", "coordinates": [ [ [ [ -119.450755770304298, 37.237282058365523 ], [ -119.450749678298862, 37.237411831327329 ], [ -119.450619830010197, 37.237407934622588 ], [ -119.45062592223735, 37.237278161678987 ], [ -119.450755770304298, 37.237282058365523 ] ] ] ] } },
{ "type": "Feature", "properties": { "id": null }, "geometry": { "type": "MultiPolygon", "coordinates": [ [ [ [ -119.450491070023347, 37.237265450951043 ], [ -119.450471574028242, 37.237680724297633 ], [ -119.450244338800928, 37.237673904395685 ], [ -119.450263836037749, 37.237258631151057 ], [ -119.450491070023347, 37.237265450951043 ] ] ] ] } },
{ "type": "Feature", "properties": { "id": null }, "geometry": { "type": "MultiPolygon", "coordinates": [ [ [ [ -119.449064978170171, 37.237174993077893 ], [ -119.449042223751306, 37.237659477902469 ], [ -119.448858271755668, 37.237653954845385 ], [ -119.448881027347255, 37.237169470117152 ], [ -119.449064978170171, 37.237174993077893 ] ] ] ] } },
{ "type": "Feature", "properties": { "id": null }, "geometry": { "type": "MultiPolygon", "coordinates": [ [ [ [ -119.449318856918708, 37.237191278807131 ], [ -119.449300167152472, 37.237589248596862 ], [ -119.449051291096211, 37.237581776711522 ], [ -119.449069982165724, 37.237183807028842 ], [ -119.449318856918708, 37.237191278807131 ] ] ] ] } },
{ "type": "Feature", "properties": { "id": null }, "geometry": { "type": "MultiPolygon", "coordinates": [ [ [ [ -119.449477638794733, 37.237386647258234 ], [ -119.449468294308872, 37.237585632185194 ], [ -119.449327625203352, 37.237581409209817 ], [ -119.449336970057544, 37.237382424313111 ], [ -119.449477638794733, 37.237386647258234 ] ] ] ] } },
{ "type": "Feature", "properties": { "id": null }, "geometry": { "type": "MultiPolygon", "coordinates": [ [ [ [ -119.449720096643631, 37.237876927715561 ], [ -119.449714815255533, 37.237989397478252 ], [ -119.449433475497955, 37.237980951868749 ], [ -119.449438757302431, 37.237868482140264 ], [ -119.449720096643631, 37.237876927715561 ] ] ] ] } },
{ "type": "Feature", "properties": { "id": null }, "geometry": { "type": "MultiPolygon", "coordinates": [ [ [ [ -119.449415009733102, 37.238028047946706 ], [ -119.449408915264854, 37.238157820703258 ], [ -119.449289886666264, 37.238154247320963 ], [ -119.449295981337784, 37.23802447458111 ], [ -119.449415009733102, 37.238028047946706 ] ] ] ] } },
{ "type": "Feature", "properties": { "id": null }, "geometry": { "type": "MultiPolygon", "coordinates": [ [ [ [ -119.449710612046502, 37.238771171578072 ], [ -119.449704924197405, 37.2388922928413 ], [ -119.44933701399998, 37.238881248190566 ], [ -119.449342702435473, 37.2387601269755 ], [ -119.449710612046502, 37.238771171578072 ] ] ] ] } },
{ "type": "Feature", "properties": { "id": null }, "geometry": { "type": "MultiPolygon", "coordinates": [ [ [ [ -119.450387339670669, 37.238436271494002 ], [ -119.450380840585154, 37.238574695904106 ], [ -119.45008867759978, 37.238565926976342 ], [ -119.450095177217491, 37.23842750260993 ], [ -119.450387339670669, 37.238436271494002 ] ] ] ] } },
{ "type": "Feature", "properties": { "id": null }, "geometry": { "type": "MultiPolygon", "coordinates": [ [ [ [ -119.451152036363737, 37.238420232736459 ], [ -119.451147975316815, 37.238506748065312 ], [ -119.451050587647273, 37.238503825804692 ], [ -119.451054648805084, 37.238417310484948 ], [ -119.451152036363737, 37.238420232736459 ] ] ] ] } },
{ "type": "Feature", "properties": { "id": null }, "geometry": { "type": "MultiPolygon", "coordinates": [ [ [ [ -119.450416479526794, 37.238623415956269 ], [ -119.450414042378426, 37.238675325110549 ], [ -119.450338296303684, 37.238673051769901 ], [ -119.450340733503808, 37.23862114261987 ], [ -119.450416479526794, 37.238623415956269 ] ] ] ] } },
{ "type": "Feature", "properties": { "id": null }, "geometry": { "type": "MultiPolygon", "coordinates": [ [ [ [ -119.447820620986789, 37.368512733611226 ], [ -119.447819228047166, 37.368542240778012 ], [ -119.447745287398291, 37.368540017256528 ], [ -119.447746680366762, 37.368510510092108 ], [ -119.447820620986789, 37.368512733611226 ] ] ] ] } },
{ "type": "Feature", "properties": { "id": null }, "geometry": { "type": "MultiPolygon", "coordinates": [ [ [ [ -119.447623563948795, 37.368530446913198 ], [ -119.447620220702944, 37.368601264097748 ], [ -119.447479733397344, 37.368597039125483 ], [ -119.447483076774745, 37.368526221951669 ], [ -119.447623563948795, 37.368530446913198 ] ] ] ] } },
{ "type": "Feature", "properties": { "id": null }, "geometry": { "type": "MultiPolygon", "coordinates": [ [ [ [ -119.447480419154829, 37.368425675249995 ], [ -119.447476518558005, 37.368508295287178 ], [ -119.447321243332524, 37.368503625392492 ], [ -119.447325144098954, 37.368421005369186 ], [ -119.447480419154829, 37.368425675249995 ] ] ] ] } },
{ "type": "Feature", "properties": { "id": null }, "geometry": { "type": "MultiPolygon", "coordinates": [ [ [ [ -119.447409211134769, 37.368600828007573 ], [ -119.4474036387019, 37.368718856619033 ], [ -119.447218786745069, 37.368713297057077 ], [ -119.447224359466404, 37.368595268469228 ], [ -119.447409211134769, 37.368600828007573 ] ] ] ] } },
{ "type": "Feature", "properties": { "id": null }, "geometry": { "type": "MultiPolygon", "coordinates": [ [ [ [ -119.447209421803763, 37.36844116414013 ], [ -119.447200784083662, 37.368624108451797 ], [ -119.446882839219313, 37.368614545302016 ], [ -119.446891477708448, 37.368431601053267 ], [ -119.447209421803763, 37.36844116414013 ] ] ] ] } },
{ "type": "Feature", "properties": { "id": null }, "geometry": { "type": "MultiPolygon", "coordinates": [ [ [ [ -119.446752662852816, 37.368391966671901 ], [ -119.446748761462715, 37.368474586644219 ], [ -119.44655651618875, 37.368468803661386 ], [ -119.446560417788874, 37.368386183706249 ], [ -119.446752662852816, 37.368391966671901 ] ] ] ] } },
{ "type": "Feature", "properties": { "id": null }, "geometry": { "type": "MultiPolygon", "coordinates": [ [ [ [ -119.447354002629211, 37.368123427884292 ], [ -119.447349266071541, 37.368223752206312 ], [ -119.447149627284048, 37.368217747842614 ], [ -119.447154364106552, 37.368117423542252 ], [ -119.447354002629211, 37.368123427884292 ] ] ] ] } },
{ "type": "Feature", "properties": { "id": null }, "geometry": { "type": "MultiPolygon", "coordinates": [ [ [ [ -119.447965617310956, 37.368186144331439 ], [ -119.447960324407845, 37.368298271588046 ], [ -119.447731109129876, 37.368291378832957 ], [ -119.447736402372769, 37.36817925160414 ], [ -119.447965617310956, 37.368186144331439 ] ] ] ] } },
{ "type": "Feature", "properties": { "id": null }, "geometry": { "type": "MultiPolygon", "coordinates": [ [ [ [ -119.447562717865296, 37.368250855975255 ], [ -119.447556309922263, 37.368386588908827 ], [ -119.447393640887995, 37.36838169675638 ], [ -119.447400049122919, 37.368245963846675 ], [ -119.447562717865296, 37.368250855975255 ] ] ] ] } },
{ "type": "Feature", "properties": { "id": null }, "geometry": { "type": "MultiPolygon", "coordinates": [ [ [ [ -119.4488074726127, 37.367998702696319 ], [ -119.448796053829227, 37.368240661738653 ], [ -119.448441139832752, 37.368229991419227 ], [ -119.448452559751573, 37.367988032469725 ], [ -119.4488074726127, 37.367998702696319 ] ] ] ] } },
{ "type": "Feature", "properties": { "id": null }, "geometry": { "type": "MultiPolygon", "coordinates": [ [ [ [ -119.448285358774186, 37.36800073474592 ], [ -119.448278116546447, 37.368154172101832 ], [ -119.447960173293026, 37.368144611950044 ], [ -119.447967416165781, 37.367991174646868 ], [ -119.448285358774186, 37.36800073474592 ] ] ] ] } },
{ "type": "Feature", "properties": { "id": null }, "geometry": { "type": "MultiPolygon", "coordinates": [ [ [ [ -119.448823819711592, 37.368279910244389 ], [ -119.448811565333827, 37.368539573598653 ], [ -119.448567560968982, 37.368532237850438 ], [ -119.448579816184434, 37.368272574564671 ], [ -119.448823819711592, 37.368279910244389 ] ] ] ] } },
{ "type": "Feature", "properties": { "id": null }, "geometry": { "type": "MultiPolygon", "coordinates": [ [ [ [ -119.446886081757029, 37.369173119792983 ], [ -119.446868804211675, 37.369539008235087 ], [ -119.44638079012681, 37.369524327887753 ], [ -119.446398070032998, 37.369158439638788 ], [ -119.446886081757029, 37.369173119792983 ] ] ] ] } },
{ "type": "Feature", "properties": { "id": null }, "geometry": { "type": "MultiPolygon", "coordinates": [ [ [ [ -119.447137730543361, 37.368704949329725 ], [ -119.447122683695156, 37.369023626473975 ], [ -119.446294544227314, 37.368998715250413 ], [ -119.446309594564752, 37.368680038391602 ], [ -119.447137730543361, 37.368704949329725 ] ] ] ] } },
{ "type": "Feature", "properties": { "id": null }, "geometry": { "type": "MultiPolygon", "coordinates": [ [ [ [ -119.447854741572002, 37.368652640215373 ], [ -119.44784499099633, 37.368859190381571 ], [ -119.447490074452816, 37.368848517058503 ], [ -119.44749982599771, 37.368641966971573 ], [ -119.447854741572002, 37.368652640215373 ] ] ] ] } },
{ "type": "Feature", "properties": { "id": null }, "geometry": { "type": "MultiPolygon", "coordinates": [ [ [ [ -119.448331841906139, 37.369643582519963 ], [ -119.448312621137944, 37.370050781552791 ], [ -119.448061217796379, 37.370043222181678 ], [ -119.448080439918158, 37.369636023259524 ], [ -119.448331841906139, 37.369643582519963 ] ] ] ] } },
{ "type": "Feature", "properties": { "id": null }, "geometry": { "type": "MultiPolygon", "coordinates": [ [ [ [ -119.447978314412524, 37.369603403301539 ], [ -119.447952962718929, 37.370140433699774 ], [ -119.4476867707357, 37.370132428817428 ], [ -119.447712124319423, 37.369595398573757 ], [ -119.447978314412524, 37.369603403301539 ] ] ] ] } },
{ "type": "Feature", "properties": { "id": null }, "geometry": { "type": "MultiPolygon", "coordinates": [ [ [ [ -119.447442526383895, 37.369737990898074 ], [ -119.44743193839787, 37.369962245222176 ], [ -119.44711398780656, 37.369952682403515 ], [ -119.447124576735291, 37.36972842815652 ], [ -119.447442526383895, 37.369737990898074 ] ] ] ] } },
{ "type": "Feature", "properties": { "id": null }, "geometry": { "type": "MultiPolygon", "coordinates": [ [ [ [ -119.44774922329141, 37.369436949356434 ], [ -119.447742815409796, 37.369572682290261 ], [ -119.447439654679926, 37.369563565150202 ], [ -119.447446063105588, 37.369427832260854 ], [ -119.44774922329141, 37.369436949356434 ] ] ] ] } },
{ "type": "Feature", "properties": { "id": null }, "geometry": { "type": "MultiPolygon", "coordinates": [ [ [ [ -119.448289617246303, 37.369361596902664 ], [ -119.44828432460065, 37.369473724176437 ], [ -119.447944193306057, 37.369463496717209 ], [ -119.447949486455968, 37.369351369484669 ], [ -119.448289617246303, 37.369361596902664 ] ] ] ] } },
{ "type": "Feature", "properties": { "id": null }, "geometry": { "type": "MultiPolygon", "coordinates": [ [ [ [ -119.448799296734109, 37.369858570323593 ], [ -119.448786763044737, 37.370124135039539 ], [ -119.44849099397706, 37.370115242777324 ], [ -119.44850352870499, 37.369849678146288 ], [ -119.448799296734109, 37.369858570323593 ] ] ] ] } },
{ "type": "Feature", "properties": { "id": null }, "geometry": { "type": "MultiPolygon", "coordinates": [ [ [ [ -119.448595360376828, 37.36939442872503 ], [ -119.448588396953767, 37.369541964659156 ], [ -119.448440513578305, 37.36953751843096 ], [ -119.448447477289847, 37.369389982520431 ], [ -119.448595360376828, 37.36939442872503 ] ] ] ] } },
{ "type": "Feature", "properties": { "id": null }, "geometry": { "type": "MultiPolygon", "coordinates": [ [ [ [ -119.446635159000692, 37.369586645742245 ], [ -119.446624568669364, 37.36981089987534 ], [ -119.446254859760742, 37.369799777752498 ], [ -119.446265451188253, 37.369575523709088 ], [ -119.446635159000692, 37.369586645742245 ] ] ] ] } },
{ "type": "Feature", "properties": { "id": null }, "geometry": { "type": "MultiPolygon", "coordinates": [ [ [ [ -119.447508184384077, 37.369994087349085 ], [ -119.447501497310228, 37.37013572166429 ], [ -119.446399759561686, 37.370102582261559 ], [ -119.446406448698752, 37.369960948115121 ], [ -119.447508184384077, 37.369994087349085 ] ] ] ] } },
{ "type": "Feature", "properties": { "id": null }, "geometry": { "type": "MultiPolygon", "coordinates": [ [ [ [ -119.447273554500015, 37.369396049828666 ], [ -119.447265752563254, 37.36956128983725 ], [ -119.447103081044034, 37.36955639715481 ], [ -119.44711088333618, 37.369391157175301 ], [ -119.447273554500015, 37.369396049828666 ] ] ] ] } },
{ "type": "Feature", "properties": { "id": null }, "geometry": { "type": "MultiPolygon", "coordinates": [ [ [ [ -119.446541533980209, 37.368119674241449 ], [ -119.446538189766954, 37.368190491347697 ], [ -119.446397703392464, 37.368186265129566 ], [ -119.44640104773724, 37.368115448034089 ], [ -119.446541533980209, 37.368119674241449 ] ] ] ] } },
{ "type": "Feature", "properties": { "id": null }, "geometry": { "type": "MultiPolygon", "coordinates": [ [ [ [ -119.447152525751164, 37.36827397821402 ], [ -119.447147649579918, 37.368377253226114 ], [ -119.446752068357853, 37.368365354648013 ], [ -119.446756945069254, 37.3682620796801 ], [ -119.447152525751164, 37.36827397821402 ] ] ] ] } },
{ "type": "Feature", "properties": { "id": null }, "geometry": { "type": "MultiPolygon", "coordinates": [ [ [ [ -119.446926092458554, 37.368129764495492 ], [ -119.446923723897214, 37.368179926633417 ], [ -119.446805419546934, 37.368176368110433 ], [ -119.446807788186732, 37.368126205978925 ], [ -119.446926092458554, 37.368129764495492 ] ] ] ] } },
{ "type": "Feature", "properties": { "id": null }, "geometry": { "type": "MultiPolygon", "coordinates": [ ] } },
{ "type": "Feature", "properties": { "id": null }, "geometry": { "type": "MultiPolygon", "coordinates": [ [ [ [ -119.447586383630437, 37.36802403997202 ], [ -119.447582483206389, 37.368106660024353 ], [ -119.446894839637693, 37.368085978322824 ], [ -119.446898740812856, 37.368003358331961 ], [ -119.447586383630437, 37.36802403997202 ] ] ] ] } },
{ "type": "Feature", "properties": { "id": null }, "geometry": { "type": "MultiPolygon", "coordinates": [ [ [ [ -119.446408942357053, 37.368340258259877 ], [ -119.446397237030055, 37.368588118081917 ], [ -119.446145839092381, 37.368580554890386 ], [ -119.446157545243238, 37.36833269513577 ], [ -119.446408942357053, 37.368340258259877 ] ] ] ] } },
{ "type": "Feature", "properties": { "id": null }, "geometry": { "type": "MultiPolygon", "coordinates": [ ] } },
{ "type": "Feature", "properties": { "id": null }, "geometry": { "type": "MultiPolygon", "coordinates": [ [ [ [ -119.447598703741377, 37.369135454845853 ], [ -119.447590902591202, 37.369300694920085 ], [ -119.447287743005802, 37.369291577446894 ], [ -119.447295544818317, 37.36912633742682 ], [ -119.447598703741377, 37.369135454845853 ] ] ] ] } },
{ "type": "Feature", "properties": { "id": null }, "geometry": { "type": "MultiPolygon", "coordinates": [ [ [ [ -119.447120942146512, 37.369060510401262 ], [ -119.447115926468669, 37.369166736110181 ], [ -119.446609429375471, 37.369151500836544 ], [ -119.446614445764652, 37.369045275185819 ], [ -119.447120942146512, 37.369060510401262 ] ] ] ] } },
{ "type": "Feature", "properties": { "id": null }, "geometry": { "type": "MultiPolygon", "coordinates": [ [ [ [ -119.44818969745107, 37.368537128745523 ], [ -119.448182454888155, 37.368690566071557 ], [ -119.447916267961148, 37.368682561968967 ], [ -119.447923511064076, 37.368529124687079 ], [ -119.44818969745107, 37.368537128745523 ] ] ] ] } },
{ "type": "Feature", "properties": { "id": null }, "geometry": { "type": "MultiPolygon", "coordinates": [ [ [ [ -119.448284756488519, 37.368758649994696 ], [ -119.448280299616684, 37.36885307297139 ], [ -119.448095447154529, 37.368847514762649 ], [ -119.448099904257134, 37.36875309180482 ], [ -119.448284756488519, 37.368758649994696 ] ] ] ] } },
{ "type": "Feature", "properties": { "id": null }, "geometry": { "type": "MultiPolygon", "coordinates": [ [ [ [ -119.44849955847549, 37.368639524855126 ], [ -119.448496633844968, 37.368701489949515 ], [ -119.448418995942603, 37.368699155686983 ], [ -119.448421920636761, 37.368637190597795 ], [ -119.44849955847549, 37.368639524855126 ] ] ] ] } },
{ "type": "Feature", "properties": { "id": null }, "geometry": { "type": "MultiPolygon", "coordinates": [ [ [ [ -119.448514391129777, 37.368756689593518 ], [ -119.448511884303983, 37.368809802531416 ], [ -119.448430549240655, 37.368807357116737 ], [ -119.448433056123548, 37.368754244183506 ], [ -119.448514391129777, 37.368756689593518 ] ] ] ] } },
{ "type": "Feature", "properties": { "id": null }, "geometry": { "type": "MultiPolygon", "coordinates": [ [ [ [ -119.446300979075332, 37.368666482132298 ], [ -119.446257499592306, 37.369587104101242 ], [ -119.446109616502753, 37.36958265495408 ], [ -119.446153097785825, 37.368662033132395 ], [ -119.446300979075332, 37.368666482132298 ] ] ] ] } },
{ "type": "Feature", "properties": { "id": null }, "geometry": { "type": "MultiPolygon", "coordinates": [ [ [ [ -119.447100077104622, 37.36920836679019 ], [ -119.447093459116658, 37.369348525704467 ], [ -119.446936333689905, 37.369343799615613 ], [ -119.446942951969035, 37.369203640725154 ], [ -119.447100077104622, 37.36920836679019 ] ] ] ] } },
{ "type": "Feature", "properties": { "id": null }, "geometry": { "type": "MultiPolygon", "coordinates": [ [ [ [ -119.438668127866777, 37.299598359447238 ], [ -119.438664126964667, 37.299683105354838 ], [ -119.438537417534761, 37.299679287598636 ], [ -119.438541418578453, 37.299594541702675 ], [ -119.438668127866777, 37.299598359447238 ] ] ] ] } },
{ "type": "Feature", "properties": { "id": null }, "geometry": { "type": "MultiPolygon", "coordinates": [ [ [ [ -119.43850030406611, 37.299621591711478 ], [ -119.438496969822495, 37.299692213288054 ], [ -119.438379100591831, 37.299688661724112 ], [ -119.43838243494524, 37.299618040156552 ], [ -119.43850030406611, 37.299621591711478 ] ] ] ] } },
{ "type": "Feature", "properties": { "id": null }, "geometry": { "type": "MultiPolygon", "coordinates": [ [ [ [ -119.438270319716281, 37.299586373050495 ], [ -119.438266096072056, 37.299675827025446 ], [ -119.438148226896601, 37.299672275232894 ], [ -119.43815245067988, 37.299582821269382 ], [ -119.438270319716281, 37.299586373050495 ] ] ] ] } },
{ "type": "Feature", "properties": { "id": null }, "geometry": { "type": "MultiPolygon", "coordinates": [ [ [ [ -119.440315964742027, 37.299697501755645 ], [ -119.440309743963041, 37.299829328956669 ], [ -119.44009168507624, 37.299822761790765 ], [ -119.440097906234328, 37.299690934620891 ], [ -119.440315964742027, 37.299697501755645 ] ] ] ] } },
{ "type": "Feature", "properties": { "id": null }, "geometry": { "type": "MultiPolygon", "coordinates": [ [ [ [ -119.440011760646357, 37.299796780624071 ], [ -119.440005650409688, 37.299926253722916 ], [ -119.439849472942967, 37.299921549841272 ], [ -119.439855583446331, 37.299792076764355 ], [ -119.440011760646357, 37.299796780624071 ] ] ] ] } },
{ "type": "Feature", "properties": { "id": null }, "geometry": { "type": "MultiPolygon", "coordinates": [ [ [ [ -119.439772315940161, 37.29958683217852 ], [ -119.439762538960181, 37.299793989088236 ], [ -119.439594574854922, 37.299788929858522 ], [ -119.43960435229377, 37.299581772986528 ], [ -119.439772315940161, 37.29958683217852 ] ] ] ] } },
{ "type": "Feature", "properties": { "id": null }, "geometry": { "type": "MultiPolygon", "coordinates": [ [ [ [ -119.439435617673567, 37.299780605602336 ], [ -119.43943095092672, 37.299879475907296 ], [ -119.439233519286745, 37.2998735285042 ], [ -119.439238186291036, 37.2997746582204 ], [ -119.439435617673567, 37.299780605602336 ] ] ] ] } },
{ "type": "Feature", "properties": { "id": null }, "geometry": { "type": "MultiPolygon", "coordinates": [ [ [ [ -119.43918911450254, 37.29959519610447 ], [ -119.439178002469291, 37.29983060153311 ], [ -119.439012985127391, 37.299825630244719 ], [ -119.439024097672956, 37.299590224858179 ], [ -119.43918911450254, 37.29959519610447 ] ] ] ] } },
{ "type": "Feature", "properties": { "id": null }, "geometry": { "type": "MultiPolygon", "coordinates": [ [ [ [ -119.438358534469558, 37.299936747853558 ], [ -119.438351976777312, 37.300075636924269 ], [ -119.438181065558979, 37.300070486864051 ], [ -119.438187623564289, 37.299931597819082 ], [ -119.438358534469558, 37.299936747853558 ] ] ] ] } },
{ "type": "Feature", "properties": { "id": null }, "geometry": { "type": "MultiPolygon", "coordinates": [ [ [ [ -119.438085489212327, 37.299969774618027 ], [ -119.438080820666244, 37.300068644774434 ], [ -119.437918749745165, 37.300063760732137 ], [ -119.437923418502578, 37.299964890593117 ], [ -119.438085489212327, 37.299969774618027 ] ] ] ] } },
{ "type": "Feature", "properties": { "id": null }, "geometry": { "type": "MultiPolygon", "coordinates": [ [ [ [ -119.439364045858213, 37.298285806918685 ], [ -119.43935894493255, 37.298393879456967 ], [ -119.439164142417141, 37.298388011219274 ], [ -119.439169243620427, 37.298279938703821 ], [ -119.439364045858213, 37.298285806918685 ] ] ] ] } },
{ "type": "Feature", "properties": { "id": null }, "geometry": { "type": "MultiPolygon", "coordinates": [ [ [ [ -119.438860398729034, 37.298279292507935 ], [ -119.438856929613337, 37.298352781794009 ], [ -119.438791995506108, 37.298350825476717 ], [ -119.438795464684702, 37.298277336195817 ], [ -119.438860398729034, 37.298279292507935 ] ] ] ] } },
{ "type": "Feature", "properties": { "id": null }, "geometry": { "type": "MultiPolygon", "coordinates": [ [ [ [ -119.43834175213739, 37.298647868764199 ], [ -119.438337261978333, 37.298742972486302 ], [ -119.438126225182046, 37.298736613342129 ], [ -119.43813071560578, 37.29864150964179 ], [ -119.43834175213739, 37.298647868764199 ] ] ] ] } },
{ "type": "Feature", "properties": { "id": null }, "geometry": { "type": "MultiPolygon", "coordinates": [ [ [ [ -119.440383709004067, 37.299098993550793 ], [ -119.440379221342837, 37.299194097477113 ], [ -119.440292641426723, 37.29919149010987 ], [ -119.440297129196551, 37.299096386192474 ], [ -119.440383709004067, 37.299098993550793 ] ] ] ] } },
{ "type": "Feature", "properties": { "id": null }, "geometry": { "type": "MultiPolygon", "coordinates": [ [ [ [ -119.440526669329614, 37.298538357777574 ], [ -119.440524221664774, 37.298590232659727 ], [ -119.440426820023262, 37.298587299526744 ], [ -119.440429267754709, 37.298535424650069 ], [ -119.440526669329614, 37.298538357777574 ] ] ] ] } },
{ "type": "Feature", "properties": { "id": null }, "geometry": { "type": "MultiPolygon", "coordinates": [ [ [ [ -119.439182146600643, 37.298666694890976 ], [ -119.439178065597872, 37.298753152899117 ], [ -119.439075252683395, 37.298750055631089 ], [ -119.439079333803363, 37.298663597632583 ], [ -119.439182146600643, 37.298666694890976 ] ] ] ] } },
{ "type": "Feature", "properties": { "id": null }, "geometry": { "type": "MultiPolygon", "coordinates": [ [ [ [ -119.438866266510402, 37.299044628347438 ], [ -119.438863001375736, 37.299113794725862 ], [ -119.438808889073727, 37.299112164438483 ], [ -119.438812154257747, 37.299042998064117 ], [ -119.438866266510402, 37.299044628347438 ] ] ] ] } },
{ "type": "Feature", "properties": { "id": null }, "geometry": { "type": "MultiPolygon", "coordinates": [ [ [ [ -119.439157501594053, 37.299016605293481 ], [ -119.439151992128458, 37.299133323594035 ], [ -119.43903835623415, 37.299129900237993 ], [ -119.439043865874638, 37.299013181951807 ], [ -119.439157501594053, 37.299016605293481 ] ] ] ] } },
{ "type": "Feature", "properties": { "id": null }, "geometry": { "type": "MultiPolygon", "coordinates": [ [ [ [ -119.439024828152753, 37.299129492688344 ], [ -119.439018706269579, 37.299259179667565 ], [ -119.438910481443244, 37.29925591919973 ], [ -119.438916603511515, 37.299126232235722 ], [ -119.439024828152753, 37.299129492688344 ] ] ] ] } },
{ "type": "Feature", "properties": { "id": null }, "geometry": { "type": "MultiPolygon", "coordinates": [ [ [ [ -119.438820886595764, 37.299144993750737 ], [ -119.438815172509337, 37.29926603490425 ], [ -119.438642012818249, 37.299260817809717 ], [ -119.438647727181078, 37.299139776678928 ], [ -119.438820886595764, 37.299144993750737 ] ] ] ] } },
{ "type": "Feature", "properties": { "id": null }, "geometry": { "type": "MultiPolygon", "coordinates": [ [ [ [ -119.438003659845492, 37.298922315679683 ], [ -119.437995597109662, 37.299093070017584 ], [ -119.437911723145675, 37.29909054244812 ], [ -119.437919786070367, 37.29891978812573 ], [ -119.438003659845492, 37.298922315679683 ] ] ] ] } },
{ "type": "Feature", "properties": { "id": null }, "geometry": { "type": "MultiPolygon", "coordinates": [ [ [ [ -119.439730897971415, 37.299927825876111 ], [ -119.439726307339456, 37.300025091172522 ], [ -119.439563968335236, 37.30002020131915 ], [ -119.439568559175456, 37.299922936039842 ], [ -119.439730897971415, 37.299927825876111 ] ] ] ] } },
{ "type": "Feature", "properties": { "id": null }, "geometry": { "type": "MultiPolygon", "coordinates": [ [ [ [ -119.439708881964464, 37.29832757955905 ], [ -119.439703781524486, 37.298435652137144 ], [ -119.439600968983299, 37.298432555348171 ], [ -119.43960606956982, 37.298324482782107 ], [ -119.439708881964464, 37.29832757955905 ] ] ] ] } },
{ "type": "Feature", "properties": { "id": null }, "geometry": { "type": "MultiPolygon", "coordinates": [ [ [ [ -119.438642271395892, 37.298423155074502 ], [ -119.438636557172345, 37.29854419621924 ], [ -119.438468810356653, 37.298539141992549 ], [ -119.438474524847948, 37.298418100869824 ], [ -119.438642271395892, 37.298423155074502 ] ] ] ] } },
{ "type": "Feature", "properties": { "id": null }, "geometry": { "type": "MultiPolygon", "coordinates": [ [ [ [ -119.439362709916821, 37.299462185343401 ], [ -119.439358833049482, 37.299544320456263 ], [ -119.439218140195422, 37.29954008220566 ], [ -119.439222017215144, 37.299457947105331 ], [ -119.439362709916821, 37.299462185343401 ] ] ] ] } },
{ "type": "Feature", "properties": { "id": null }, "geometry": { "type": "MultiPolygon", "coordinates": [ [ [ [ -119.438928637684512, 37.299531360665149 ], [ -119.43892353590617, 37.299639433129407 ], [ -119.438734141537694, 37.299633727044267 ], [ -119.438739243585957, 37.299525654602199 ], [ -119.438928637684512, 37.299531360665149 ] ] ] ] } },
{ "type": "Feature", "properties": { "id": null }, "geometry": { "type": "MultiPolygon", "coordinates": [ [ [ [ -119.438751020051669, 37.299878826693451 ], [ -119.438748673090643, 37.299928540014783 ], [ -119.438670209417552, 37.299926175970441 ], [ -119.438672556430021, 37.299876462653337 ], [ -119.438751020051669, 37.299878826693451 ] ] ] ] } },
{ "type": "Feature", "properties": { "id": null }, "geometry": { "type": "MultiPolygon", "coordinates": [ [ [ [ -119.43952269177629, 37.299947528702681 ], [ -119.43951799885258, 37.300046955427227 ], [ -119.439355659838228, 37.300042065285687 ], [ -119.439360352974759, 37.299942638578642 ], [ -119.43952269177629, 37.299947528702681 ] ] ] ] } },
{ "type": "Feature", "properties": { "id": null }, "geometry": { "type": "MultiPolygon", "coordinates": [ [ [ [ -119.440587584368245, 37.298797770542535 ], [ -119.440583300983747, 37.298888551587957 ], [ -119.440437197940312, 37.298884151901582 ], [ -119.440441481499732, 37.298793370870548 ], [ -119.440587584368245, 37.298797770542535 ] ] ] ] } },
{ "type": "Feature", "properties": { "id": null }, "geometry": { "type": "MultiPolygon", "coordinates": [ [ [ [ -119.425198952567925, 37.312606226787601 ], [ -119.425196083267295, 37.312666745301314 ], [ -119.424968778078934, 37.31265986968242 ], [ -119.424971647561065, 37.312599351183671 ], [ -119.425198952567925, 37.312606226787601 ] ] ] ] } },
{ "type": "Feature", "properties": { "id": null }, "geometry": { "type": "MultiPolygon", "coordinates": [ [ [ [ -119.425795095233525, 37.312606941242308 ], [ -119.425781570707954, 37.312892242985811 ], [ -119.425662505644013, 37.312888642096091 ], [ -119.42567603061778, 37.312603340389551 ], [ -119.425795095233525, 37.312606941242308 ] ] ] ] } },
{ "type": "Feature", "properties": { "id": null }, "geometry": { "type": "MultiPolygon", "coordinates": [ [ [ [ -119.424352789761684, 37.311420471087615 ], [ -119.42434807499383, 37.311519894287677 ], [ -119.42422901228079, 37.311516292068021 ], [ -119.424233727204822, 37.311416868880855 ], [ -119.424352789761684, 37.311420471087615 ] ] ] ] } },
{ "type": "Feature", "properties": { "id": null }, "geometry": { "type": "MultiPolygon", "coordinates": [ [ [ [ -119.424408344727851, 37.311677559879058 ], [ -119.424406499832941, 37.311716464610434 ], [ -119.424357792226942, 37.31171499100703 ], [ -119.424359637146864, 37.311676086277707 ], [ -119.424408344727851, 37.311677559879058 ] ] ] ] } },
{ "type": "Feature", "properties": { "id": null }, "geometry": { "type": "MultiPolygon", "coordinates": [ [ [ [ -119.424415683841247, 37.311751374058723 ], [ -119.424414043933808, 37.311785956042058 ], [ -119.424370748243661, 37.311784646174047 ], [ -119.424372388170838, 37.311750064192346 ], [ -119.424415683841247, 37.311751374058723 ] ] ] ] } },
{ "type": "Feature", "properties": { "id": null }, "geometry": { "type": "MultiPolygon", "coordinates": [ [ [ [ -119.424408468106193, 37.311846392645762 ], [ -119.424406828189845, 37.311880974628259 ], [ -119.424379768349326, 37.311880155959187 ], [ -119.424381408278023, 37.311845573977699 ], [ -119.424408468106193, 37.311846392645762 ] ] ] ] } },
{ "type": "Feature", "properties": { "id": null }, "geometry": { "type": "MultiPolygon", "coordinates": [ [ [ [ -119.424833019705474, 37.311751012465031 ], [ -119.424831175024494, 37.311789917214 ], [ -119.424782467348493, 37.311788443782937 ], [ -119.424784312054456, 37.311749539036022 ], [ -119.424833019705474, 37.311751012465031 ] ] ] ] } },
{ "type": "Feature", "properties": { "id": null }, "geometry": { "type": "MultiPolygon", "coordinates": [ [ [ [ -119.425080144640162, 37.31168273116608 ], [ -119.425078300091087, 37.31172163592602 ], [ -119.425007944604815, 37.311719507780502 ], [ -119.425009789190028, 37.311680603023547 ], [ -119.425080144640162, 37.31168273116608 ] ] ] ] } },
{ "type": "Feature", "properties": { "id": null }, "geometry": { "type": "MultiPolygon", "coordinates": [ [ [ [ -119.425006839586899, 37.311914277119371 ], [ -119.425004380116405, 37.311966150126345 ], [ -119.424971908250043, 37.311965167884786 ], [ -119.424974367742777, 37.311913294879623 ], [ -119.425006839586899, 37.311914277119371 ] ] ] ] } },
{ "type": "Feature", "properties": { "id": null }, "geometry": { "type": "MultiPolygon", "coordinates": [ [ [ [ -119.425329406272937, 37.311969487925019 ], [ -119.425327151957205, 37.31201703819778 ], [ -119.425310916007163, 37.312016547121821 ], [ -119.425313170333069, 37.311968996849899 ], [ -119.425329406272937, 37.311969487925019 ] ] ] ] } },
{ "type": "Feature", "properties": { "id": null }, "geometry": { "type": "MultiPolygon", "coordinates": [ [ [ [ -119.425587224350281, 37.311446989127973 ], [ -119.425585584997506, 37.311481571157387 ], [ -119.425504405804034, 37.311479115962548 ], [ -119.425506045193842, 37.311444533936204 ], [ -119.425587224350281, 37.311446989127973 ] ] ] ] } },
{ "type": "Feature", "properties": { "id": null }, "geometry": { "type": "MultiPolygon", "coordinates": [ [ [ [ -119.42537166881192, 37.311420989439391 ], [ -119.425371258949681, 37.311429634944759 ], [ -119.425360435066651, 37.311429307569441 ], [ -119.425360844930097, 37.311420662064172 ], [ -119.42537166881192, 37.311420989439391 ] ] ] ] } },
{ "type": "Feature", "properties": { "id": null }, "geometry": { "type": "MultiPolygon", "coordinates": [ [ [ [ -119.425482553095605, 37.311482783987714 ], [ -119.425478454583285, 37.311569239050293 ], [ -119.425391863353525, 37.311566620090225 ], [ -119.425395961964625, 37.311480165035789 ], [ -119.425482553095605, 37.311482783987714 ] ] ] ] } },
{ "type": "Feature", "properties": { "id": null }, "geometry": { "type": "MultiPolygon", "coordinates": [ [ [ [ -119.425520152776969, 37.311661408165612 ], [ -119.425517898606472, 37.311708958450744 ], [ -119.425480014870331, 37.311707812672481 ], [ -119.425482269064588, 37.311660262389296 ], [ -119.425520152776969, 37.311661408165612 ] ] ] ] } },
{ "type": "Feature", "properties": { "id": null }, "geometry": { "type": "MultiPolygon", "coordinates": [ [ [ [ -119.425441167052952, 37.311669841640509 ], [ -119.425437273395289, 37.311751973943679 ], [ -119.425361505888674, 37.311749682321192 ], [ -119.425365399628419, 37.311667550024787 ], [ -119.425441167052952, 37.311669841640509 ] ] ] ] } },
{ "type": "Feature", "properties": { "id": null }, "geometry": { "type": "MultiPolygon", "coordinates": [ [ [ [ -119.425344632164794, 37.311591165256687 ], [ -119.425341148282541, 37.311664652047568 ], [ -119.425276204786854, 37.311662687753817 ], [ -119.425279688732076, 37.311589200968136 ], [ -119.425344632164794, 37.311591165256687 ] ] ] ] } },
{ "type": "Feature", "properties": { "id": null }, "geometry": { "type": "MultiPolygon", "coordinates": [ [ [ [ -119.426475044057284, 37.311954350499306 ], [ -119.426473302645022, 37.311991093938026 ], [ -119.426408358788137, 37.311989130251028 ], [ -119.426410100231877, 37.311952386814909 ], [ -119.426475044057284, 37.311954350499306 ] ] ] ] } },
{ "type": "Feature", "properties": { "id": null }, "geometry": { "type": "MultiPolygon", "coordinates": [ [ [ [ -119.426640416935399, 37.311952857233017 ], [ -119.426636217247719, 37.312041473777249 ], [ -119.426538801382435, 37.312038528364162 ], [ -119.426543001184001, 37.311949911829323 ], [ -119.426640416935399, 37.311952857233017 ] ] ] ] } },
{ "type": "Feature", "properties": { "id": null }, "geometry": { "type": "MultiPolygon", "coordinates": [ [ [ [ -119.425794647082128, 37.311244390280692 ], [ -119.425791368587809, 37.311313554357277 ], [ -119.425656070208177, 37.311309462585939 ], [ -119.425659348825917, 37.311240298519522 ], [ -119.425794647082128, 37.311244390280692 ] ] ] ] } },
{ "type": "Feature", "properties": { "id": null }, "geometry": { "type": "MultiPolygon", "coordinates": [ [ [ [ -119.425652760018835, 37.31133641842127 ], [ -119.425649635069917, 37.311402340420543 ], [ -119.425591456703927, 37.311400580904539 ], [ -119.425594581703436, 37.311334658909452 ], [ -119.425652760018835, 37.31133641842127 ] ] ] ] } },
{ "type": "Feature", "properties": { "id": null }, "geometry": { "type": "MultiPolygon", "coordinates": [ [ [ [ -119.425184462597642, 37.311240004622206 ], [ -119.425183130483788, 37.311268102509715 ], [ -119.425099245591468, 37.311265565201126 ], [ -119.425100577736416, 37.311237467316175 ], [ -119.425184462597642, 37.311240004622206 ] ] ] ] } },
{ "type": "Feature", "properties": { "id": null }, "geometry": { "type": "MultiPolygon", "coordinates": [ [ [ [ -119.424321528312632, 37.312008262424648 ], [ -119.424316915901755, 37.312105524237822 ], [ -119.424176204338266, 37.312101266962586 ], [ -119.424180816929763, 37.312004005164319 ], [ -119.424321528312632, 37.312008262424648 ] ] ] ] } },
{ "type": "Feature", "properties": { "id": null }, "geometry": { "type": "MultiPolygon", "coordinates": [ [ [ [ -119.424514599374831, 37.313022748774692 ], [ -119.424509782050507, 37.313124333339083 ], [ -119.424434013243427, 37.313122041051251 ], [ -119.424438830669303, 37.313020456495238 ], [ -119.424514599374831, 37.313022748774692 ] ] ] ] } },
{ "type": "Feature", "properties": { "id": null }, "geometry": { "type": "MultiPolygon", "coordinates": [ [ [ [ -119.424403806200232, 37.313159005465899 ], [ -119.424397656199631, 37.313288687869438 ], [ -119.424316475168453, 37.313286231758809 ], [ -119.424322625307951, 37.313156549366731 ], [ -119.424403806200232, 37.313159005465899 ] ] ] ] } },
{ "type": "Feature", "properties": { "id": null }, "geometry": { "type": "MultiPolygon", "coordinates": [ [ [ [ -119.426172693826729, 37.31248740932206 ], [ -119.426169825318965, 37.312547927901427 ], [ -119.426072408849862, 37.312544982070492 ], [ -119.426075277435388, 37.31248446349754 ], [ -119.426172693826729, 37.31248740932206 ] ] ] ] } },
{ "type": "Feature", "properties": { "id": null }, "geometry": { "type": "MultiPolygon", "coordinates": [ [ [ [ -119.424412107408344, 37.312126802228526 ], [ -119.424409647510302, 37.312178675199917 ], [ -119.424317643693911, 37.312175891683232 ], [ -119.424320103654921, 37.312124018717036 ], [ -119.424412107408344, 37.312126802228526 ] ] ] ] } },
{ "type": "Feature", "properties": { "id": null }, "geometry": { "type": "MultiPolygon", "coordinates": [ [ [ [ -119.424243515887909, 37.311567596034728 ], [ -119.424239825939338, 37.31164540548459 ], [ -119.424174882538395, 37.311643440587311 ], [ -119.424178572553643, 37.311565631142948 ], [ -119.424243515887909, 37.311567596034728 ] ] ] ] } },
{ "type": "Feature", "properties": { "id": null }, "geometry": { "type": "MultiPolygon", "coordinates": [ [ [ [ -119.424188330302741, 37.31181700543268 ], [ -119.424187715297279, 37.311829973673092 ], [ -119.424182303334021, 37.311829809929939 ], [ -119.424182918340435, 37.311816841689613 ], [ -119.424188330302741, 37.31181700543268 ] ] ] ] } }
]
}
