{
  "type": "FeatureCollection",
  "features": [
    {
      "id": "0",
      "type": "Feature",
      "properties": {
        "id": null,
        "SOURCE_FILE": "/Users/maples/GitHub/mortalitree_testing/labels/bashah_mortalitree_postfire_labels.geojson",
        "SUNETID": "bashah",
        "FIRENAME": "CASTLE",
        "FIRE_SLUG": "CASTLE",
        "PREFIRE": 0,
        "PREFIRE_STATUS": "postfire",
        "TILE_Z": 17,
        "TILE_X": 22312,
        "TILE_Y": 51341,
        "TILEXYZ": [
          17,
          22312,
          51341
        ],
        "OUTPUT_FILE": "/Users/maples/GitHub/mortalitree_testing/notebooks/single_tiles/postfire/17/22312/51341.geojson",
        "OUTPUT_STATUS_DIR": "postfire",
        "FEATURE_COUNT": 237
      },
      "geometry": {
        "type": "Polygon",
        "coordinates": [
          [
            [
              -118.71820054455809,
              36.28629790524148
            ],
            [
              -118.71815245003634,
              36.28629617988655
            ],
            [
              -118.71815474510042,
              36.28625424740426
            ],
            [
              -118.7182028395966,
              36.28625597275657
            ],
            [
              -118.71820054455809,
              36.28629790524148
            ]
          ]
        ]
      }
    },
    {
      "id": "1",
      "type": "Feature",
      "properties": {
        "id": null,
        "SOURCE_FILE": "/Users/maples/GitHub/mortalitree_testing/labels/bashah_mortalitree_postfire_labels.geojson",
        "SUNETID": "bashah",
        "FIRENAME": "CASTLE",
        "FIRE_SLUG": "CASTLE",
        "PREFIRE": 0,
        "PREFIRE_STATUS": "postfire",
        "TILE_Z": 17,
        "TILE_X": 22312,
        "TILE_Y": 51341,
        "TILEXYZ": [
          17,
          22312,
          51341
        ],
        "OUTPUT_FILE": "/Users/maples/GitHub/mortalitree_testing/notebooks/single_tiles/postfire/17/22312/51341.geojson",
        "OUTPUT_STATUS_DIR": "postfire",
        "FEATURE_COUNT": 237
      },
      "geometry": {
        "type": "Polygon",
        "coordinates": [
          [
            [
              -118.71824985738812,
              36.28620964252917
            ],
            [
              -118.71822026079028,
              36.28620858078898
            ],
            [
              -118.71822190009108,
              36.286178629012866
            ],
            [
              -118.71825149667768,
              36.28617969075191
            ],
            [
              -118.71824985738812,
              36.28620964252917
            ]
          ]
        ]
      }
    },
    {
      "id": "2",
      "type": "Feature",
      "properties": {
        "id": null,
        "SOURCE_FILE": "/Users/maples/GitHub/mortalitree_testing/labels/bashah_mortalitree_postfire_labels.geojson",
        "SUNETID": "bashah",
        "FIRENAME": "CASTLE",
        "FIRE_SLUG": "CASTLE",
        "PREFIRE": 0,
        "PREFIRE_STATUS": "postfire",
        "TILE_Z": 17,
        "TILE_X": 22312,
        "TILE_Y": 51341,
        "TILEXYZ": [
          17,
          22312,
          51341
        ],
        "OUTPUT_FILE": "/Users/maples/GitHub/mortalitree_testing/notebooks/single_tiles/postfire/17/22312/51341.geojson",
        "OUTPUT_STATUS_DIR": "postfire",
        "FEATURE_COUNT": 237
      },
      "geometry": {
        "type": "Polygon",
        "coordinates": [
          [
            [
              -118.71823535344576,
              36.286000548657476
            ],
            [
              -118.71816876128172,
              36.28599815973551
            ],
            [
              -118.71817138417317,
              36.28595023689517
            ],
            [
              -118.71823797629675,
              36.28595262581298
            ],
            [
              -118.71823535344576,
              36.286000548657476
            ]
          ]
        ]
      }
    },
    {
      "id": "3",
      "type": "Feature",
      "properties": {
        "id": null,
        "SOURCE_FILE": "/Users/maples/GitHub/mortalitree_testing/labels/bashah_mortalitree_postfire_labels.geojson",
        "SUNETID": "bashah",
        "FIRENAME": "CASTLE",
        "FIRE_SLUG": "CASTLE",
        "PREFIRE": 0,
        "PREFIRE_STATUS": "postfire",
        "TILE_Z": 17,
        "TILE_X": 22312,
        "TILE_Y": 51341,
        "TILEXYZ": [
          17,
          22312,
          51341
        ],
        "OUTPUT_FILE": "/Users/maples/GitHub/mortalitree_testing/notebooks/single_tiles/postfire/17/22312/51341.geojson",
        "OUTPUT_STATUS_DIR": "postfire",
        "FEATURE_COUNT": 237
      },
      "geometry": {
        "type": "Polygon",
        "coordinates": [
          [
            [
              -118.71812700051272,
              36.28601616847325
            ],
            [
              -118.7180382109573,
              36.28601298315412
            ],
            [
              -118.71804214541406,
              36.28594109890588
            ],
            [
              -118.7181309348885,
              36.28594428421669
            ],
            [
              -118.71812700051272,
              36.28601616847325
            ]
          ]
        ]
      }
    },
    {
      "id": "4",
      "type": "Feature",
      "properties": {
        "id": null,
        "SOURCE_FILE": "/Users/maples/GitHub/mortalitree_testing/labels/bashah_mortalitree_postfire_labels.geojson",
        "SUNETID": "bashah",
        "FIRENAME": "CASTLE",
        "FIRE_SLUG": "CASTLE",
        "PREFIRE": 0,
        "PREFIRE_STATUS": "postfire",
        "TILE_Z": 17,
        "TILE_X": 22312,
        "TILE_Y": 51341,
        "TILEXYZ": [
          17,
          22312,
          51341
        ],
        "OUTPUT_FILE": "/Users/maples/GitHub/mortalitree_testing/notebooks/single_tiles/postfire/17/22312/51341.geojson",
        "OUTPUT_STATUS_DIR": "postfire",
        "FEATURE_COUNT": 237
      },
      "geometry": {
        "type": "Polygon",
        "coordinates": [
          [
            [
              -118.71810954386545,
              36.286098071326045
            ],
            [
              -118.71802815335595,
              36.28609515143515
            ],
            [
              -118.71803028453313,
              36.28605621413522
            ],
            [
              -118.71811167500243,
              36.28605913402198
            ],
            [
              -118.71810954386545,
              36.286098071326045
            ]
          ]
        ]
      }
    },
    {
      "id": "5",
      "type": "Feature",
      "properties": {
        "id": null,
        "SOURCE_FILE": "/Users/maples/GitHub/mortalitree_testing/labels/bashah_mortalitree_postfire_labels.geojson",
        "SUNETID": "bashah",
        "FIRENAME": "CASTLE",
        "FIRE_SLUG": "CASTLE",
        "PREFIRE": 0,
        "PREFIRE_STATUS": "postfire",
        "TILE_Z": 17,
        "TILE_X": 22312,
        "TILE_Y": 51341,
        "TILEXYZ": [
          17,
          22312,
          51341
        ],
        "OUTPUT_FILE": "/Users/maples/GitHub/mortalitree_testing/notebooks/single_tiles/postfire/17/22312/51341.geojson",
        "OUTPUT_STATUS_DIR": "postfire",
        "FEATURE_COUNT": 237
      },
      "geometry": {
        "type": "Polygon",
        "coordinates": [
          [
            [
              -118.71807626660785,
              36.28612983995173
            ],
            [
              -118.71802453327587,
              36.28612798400572
            ],
            [
              -118.71802616727166,
              36.286098130439406
            ],
            [
              -118.71807790058408,
              36.2860999863834
            ],
            [
              -118.71807626660785,
              36.28612983995173
            ]
          ]
        ]
      }
    },
    {
      "id": "6",
      "type": "Feature",
      "properties": {
        "id": null,
        "SOURCE_FILE": "/Users/maples/GitHub/mortalitree_testing/labels/bashah_mortalitree_postfire_labels.geojson",
        "SUNETID": "bashah",
        "FIRENAME": "CASTLE",
        "FIRE_SLUG": "CASTLE",
        "PREFIRE": 0,
        "PREFIRE_STATUS": "postfire",
        "TILE_Z": 17,
        "TILE_X": 22312,
        "TILE_Y": 51341,
        "TILEXYZ": [
          17,
          22312,
          51341
        ],
        "OUTPUT_FILE": "/Users/maples/GitHub/mortalitree_testing/notebooks/single_tiles/postfire/17/22312/51341.geojson",
        "OUTPUT_STATUS_DIR": "postfire",
        "FEATURE_COUNT": 237
      },
      "geometry": {
        "type": "Polygon",
        "coordinates": [
          [
            [
              -118.71803928892452,
              36.28623920814022
            ],
            [
              -118.71797014932659,
              36.28623672771066
            ],
            [
              -118.71797353562161,
              36.28617486012787
            ],
            [
              -118.71804267516526,
              36.28617734055186
            ],
            [
              -118.71803928892452,
              36.28623920814022
            ]
          ]
        ]
      }
    },
    {
      "id": "7",
      "type": "Feature",
      "properties": {
        "id": null,
        "SOURCE_FILE": "/Users/maples/GitHub/mortalitree_testing/labels/bashah_mortalitree_postfire_labels.geojson",
        "SUNETID": "bashah",
        "FIRENAME": "CASTLE",
        "FIRE_SLUG": "CASTLE",
        "PREFIRE": 0,
        "PREFIRE_STATUS": "postfire",
        "TILE_Z": 17,
        "TILE_X": 22312,
        "TILE_Y": 51341,
        "TILEXYZ": [
          17,
          22312,
          51341
        ],
        "OUTPUT_FILE": "/Users/maples/GitHub/mortalitree_testing/notebooks/single_tiles/postfire/17/22312/51341.geojson",
        "OUTPUT_STATUS_DIR": "postfire",
        "FEATURE_COUNT": 237
      },
      "geometry": {
        "type": "Polygon",
        "coordinates": [
          [
            [
              -118.71803761990364,
              36.28616977954127
            ],
            [
              -118.7179721192899,
              36.28616742966455
            ],
            [
              -118.71797469931741,
              36.286120292458044
            ],
            [
              -118.71804019989199,
              36.286122642330724
            ],
            [
              -118.71803761990364,
              36.28616977954127
            ]
          ]
        ]
      }
    },
    {
      "id": "8",
      "type": "Feature",
      "properties": {
        "id": null,
        "SOURCE_FILE": "/Users/maples/GitHub/mortalitree_testing/labels/bashah_mortalitree_postfire_labels.geojson",
        "SUNETID": "bashah",
        "FIRENAME": "CASTLE",
        "FIRE_SLUG": "CASTLE",
        "PREFIRE": 0,
        "PREFIRE_STATUS": "postfire",
        "TILE_Z": 17,
        "TILE_X": 22312,
        "TILE_Y": 51341,
        "TILEXYZ": [
          17,
          22312,
          51341
        ],
        "OUTPUT_FILE": "/Users/maples/GitHub/mortalitree_testing/notebooks/single_tiles/postfire/17/22312/51341.geojson",
        "OUTPUT_STATUS_DIR": "postfire",
        "FEATURE_COUNT": 237
      },
      "geometry": {
        "type": "Polygon",
        "coordinates": [
          [
            [
              -118.71786147597996,
              36.28629039017605
            ],
            [
              -118.71780325313564,
              36.2862883013068
            ],
            [
              -118.7178056720175,
              36.286244110186374
            ],
            [
              -118.71786389482918,
              36.28624619905227
            ],
            [
              -118.71786147597996,
              36.28629039017605
            ]
          ]
        ]
      }
    },
    {
      "id": "9",
      "type": "Feature",
      "properties": {
        "id": null,
        "SOURCE_FILE": "/Users/maples/GitHub/mortalitree_testing/labels/bashah_mortalitree_postfire_labels.geojson",
        "SUNETID": "bashah",
        "FIRENAME": "CASTLE",
        "FIRE_SLUG": "CASTLE",
        "PREFIRE": 0,
        "PREFIRE_STATUS": "postfire",
        "TILE_Z": 17,
        "TILE_X": 22312,
        "TILE_Y": 51341,
        "TILEXYZ": [
          17,
          22312,
          51341
        ],
        "OUTPUT_FILE": "/Users/maples/GitHub/mortalitree_testing/notebooks/single_tiles/postfire/17/22312/51341.geojson",
        "OUTPUT_STATUS_DIR": "postfire",
        "FEATURE_COUNT": 237
      },
      "geometry": {
        "type": "Polygon",
        "coordinates": [
          [
            [
              -118.71794229299529,
              36.2862460598461
            ],
            [
              -118.71784768091985,
              36.286242665486725
            ],
            [
              -118.71785122856878,
              36.28617785183902
            ],
            [
              -118.71794584056644,
              36.28618124619039
            ],
            [
              -118.71794229299529,
              36.2862460598461
            ]
          ]
        ]
      }
    },
    {
      "id": "10",
      "type": "Feature",
      "properties": {
        "id": null,
        "SOURCE_FILE": "/Users/maples/GitHub/mortalitree_testing/labels/bashah_mortalitree_postfire_labels.geojson",
        "SUNETID": "bashah",
        "FIRENAME": "CASTLE",
        "FIRE_SLUG": "CASTLE",
        "PREFIRE": 0,
        "PREFIRE_STATUS": "postfire",
        "TILE_Z": 17,
        "TILE_X": 22312,
        "TILE_Y": 51341,
        "TILEXYZ": [
          17,
          22312,
          51341
        ],
        "OUTPUT_FILE": "/Users/maples/GitHub/mortalitree_testing/notebooks/single_tiles/postfire/17/22312/51341.geojson",
        "OUTPUT_STATUS_DIR": "postfire",
        "FEATURE_COUNT": 237
      },
      "geometry": {
        "type": "Polygon",
        "coordinates": [
          [
            [
              -118.71794286810362,
              36.28630216582629
            ],
            [
              -118.71787008953046,
              36.28629955478412
            ],
            [
              -118.71787283088793,
              36.28624947151
            ],
            [
              -118.71794560941484,
              36.2862520825474
            ],
            [
              -118.71794286810362,
              36.28630216582629
            ]
          ]
        ]
      }
    },
    {
      "id": "11",
      "type": "Feature",
      "properties": {
        "id": null,
        "SOURCE_FILE": "/Users/maples/GitHub/mortalitree_testing/labels/bashah_mortalitree_postfire_labels.geojson",
        "SUNETID": "bashah",
        "FIRENAME": "CASTLE",
        "FIRE_SLUG": "CASTLE",
        "PREFIRE": 0,
        "PREFIRE_STATUS": "postfire",
        "TILE_Z": 17,
        "TILE_X": 22312,
        "TILE_Y": 51341,
        "TILEXYZ": [
          17,
          22312,
          51341
        ],
        "OUTPUT_FILE": "/Users/maples/GitHub/mortalitree_testing/notebooks/single_tiles/postfire/17/22312/51341.geojson",
        "OUTPUT_STATUS_DIR": "postfire",
        "FEATURE_COUNT": 237
      },
      "geometry": {
        "type": "Polygon",
        "coordinates": [
          [
            [
              -118.71800255300093,
              36.2863441571958
            ],
            [
              -118.71794796903669,
              36.28634219894363
            ],
            [
              -118.71794974282756,
              36.28630979211618
            ],
            [
              -118.71800432676936,
              36.286311750366046
            ],
            [
              -118.71800255300093,
              36.2863441571958
            ]
          ]
        ]
      }
    },
    {
      "id": "12",
      "type": "Feature",
      "properties": {
        "id": null,
        "SOURCE_FILE": "/Users/maples/GitHub/mortalitree_testing/labels/bashah_mortalitree_postfire_labels.geojson",
        "SUNETID": "bashah",
        "FIRENAME": "CASTLE",
        "FIRE_SLUG": "CASTLE",
        "PREFIRE": 0,
        "PREFIRE_STATUS": "postfire",
        "TILE_Z": 17,
        "TILE_X": 22312,
        "TILE_Y": 51341,
        "TILEXYZ": [
          17,
          22312,
          51341
        ],
        "OUTPUT_FILE": "/Users/maples/GitHub/mortalitree_testing/notebooks/single_tiles/postfire/17/22312/51341.geojson",
        "OUTPUT_STATUS_DIR": "postfire",
        "FEATURE_COUNT": 237
      },
      "geometry": {
        "type": "Polygon",
        "coordinates": [
          [
            [
              -118.71806291786677,
              36.28634041909322
            ],
            [
              -118.71799013924665,
              36.28633780812177
            ],
            [
              -118.71799288053124,
              36.28628772484006
            ],
            [
              -118.71806565910512,
              36.28629033580676
            ],
            [
              -118.71806291786677,
              36.28634041909322
            ]
          ]
        ]
      }
    },
    {
      "id": "13",
      "type": "Feature",
      "properties": {
        "id": null,
        "SOURCE_FILE": "/Users/maples/GitHub/mortalitree_testing/labels/bashah_mortalitree_postfire_labels.geojson",
        "SUNETID": "bashah",
        "FIRENAME": "CASTLE",
        "FIRE_SLUG": "CASTLE",
        "PREFIRE": 0,
        "PREFIRE_STATUS": "postfire",
        "TILE_Z": 17,
        "TILE_X": 22312,
        "TILE_Y": 51341,
        "TILEXYZ": [
          17,
          22312,
          51341
        ],
        "OUTPUT_FILE": "/Users/maples/GitHub/mortalitree_testing/notebooks/single_tiles/postfire/17/22312/51341.geojson",
        "OUTPUT_STATUS_DIR": "postfire",
        "FEATURE_COUNT": 237
      },
      "geometry": {
        "type": "Polygon",
        "coordinates": [
          [
            [
              -118.7180997451874,
              36.28630041422795
            ],
            [
              -118.71804152231746,
              36.28629832547423
            ],
            [
              -118.71804345731663,
              36.286262972566945
            ],
            [
              -118.71810168016044,
              36.286265061317984
            ],
            [
              -118.7180997451874,
              36.28630041422795
            ]
          ]
        ]
      }
    },
    {
      "id": "14",
      "type": "Feature",
      "properties": {
        "id": null,
        "SOURCE_FILE": "/Users/maples/GitHub/mortalitree_testing/labels/bashah_mortalitree_postfire_labels.geojson",
        "SUNETID": "bashah",
        "FIRENAME": "CASTLE",
        "FIRE_SLUG": "CASTLE",
        "PREFIRE": 0,
        "PREFIRE_STATUS": "postfire",
        "TILE_Z": 17,
        "TILE_X": 22312,
        "TILE_Y": 51341,
        "TILEXYZ": [
          17,
          22312,
          51341
        ],
        "OUTPUT_FILE": "/Users/maples/GitHub/mortalitree_testing/notebooks/single_tiles/postfire/17/22312/51341.geojson",
        "OUTPUT_STATUS_DIR": "postfire",
        "FEATURE_COUNT": 237
      },
      "geometry": {
        "type": "Polygon",
        "coordinates": [
          [
            [
              -118.71814130525368,
              36.286273862507926
            ],
            [
              -118.71808672132846,
              36.28627190432234
            ],
            [
              -118.71808897880116,
              36.286230659261186
            ],
            [
              -118.71814356269783,
              36.286232617443844
            ],
            [
              -118.71814130525368,
              36.286273862507926
            ]
          ]
        ]
      }
    },
    {
      "id": "15",
      "type": "Feature",
      "properties": {
        "id": null,
        "SOURCE_FILE": "/Users/maples/GitHub/mortalitree_testing/labels/bashah_mortalitree_postfire_labels.geojson",
        "SUNETID": "bashah",
        "FIRENAME": "CASTLE",
        "FIRE_SLUG": "CASTLE",
        "PREFIRE": 0,
        "PREFIRE_STATUS": "postfire",
        "TILE_Z": 17,
        "TILE_X": 22312,
        "TILE_Y": 51341,
        "TILEXYZ": [
          17,
          22312,
          51341
        ],
        "OUTPUT_FILE": "/Users/maples/GitHub/mortalitree_testing/notebooks/single_tiles/postfire/17/22312/51341.geojson",
        "OUTPUT_STATUS_DIR": "postfire",
        "FEATURE_COUNT": 237
      },
      "geometry": {
        "type": "Polygon",
        "coordinates": [
          [
            [
              -118.7181844339654,
              36.28595218097515
            ],
            [
              -118.7181262113477,
              36.28595009227982
            ],
            [
              -118.71812846877307,
              36.285908847214316
            ],
            [
              -118.71818669136032,
              36.2859109359065
            ],
            [
              -118.7181844339654,
              36.28595218097515
            ]
          ]
        ]
      }
    },
    {
      "id": "16",
      "type": "Feature",
      "properties": {
        "id": null,
        "SOURCE_FILE": "/Users/maples/GitHub/mortalitree_testing/labels/bashah_mortalitree_postfire_labels.geojson",
        "SUNETID": "bashah",
        "FIRENAME": "CASTLE",
        "FIRE_SLUG": "CASTLE",
        "PREFIRE": 0,
        "PREFIRE_STATUS": "postfire",
        "TILE_Z": 17,
        "TILE_X": 22312,
        "TILE_Y": 51341,
        "TILEXYZ": [
          17,
          22312,
          51341
        ],
        "OUTPUT_FILE": "/Users/maples/GitHub/mortalitree_testing/notebooks/single_tiles/postfire/17/22312/51341.geojson",
        "OUTPUT_STATUS_DIR": "postfire",
        "FEATURE_COUNT": 237
      },
      "geometry": {
        "type": "Polygon",
        "coordinates": [
          [
            [
              -118.7181218816923,
              36.285929273930634
            ],
            [
              -118.71808185365694,
              36.285927837935475
            ],
            [
              -118.71808378861171,
              36.285892485024135
            ],
            [
              -118.71812381662909,
              36.28589392101745
            ],
            [
              -118.7181218816923,
              36.285929273930634
            ]
          ]
        ]
      }
    },
    {
      "id": "17",
      "type": "Feature",
      "properties": {
        "id": null,
        "SOURCE_FILE": "/Users/maples/GitHub/mortalitree_testing/labels/bashah_mortalitree_postfire_labels.geojson",
        "SUNETID": "bashah",
        "FIRENAME": "CASTLE",
        "FIRE_SLUG": "CASTLE",
        "PREFIRE": 0,
        "PREFIRE_STATUS": "postfire",
        "TILE_Z": 17,
        "TILE_X": 22312,
        "TILE_Y": 51341,
        "TILEXYZ": [
          17,
          22312,
          51341
        ],
        "OUTPUT_FILE": "/Users/maples/GitHub/mortalitree_testing/notebooks/single_tiles/postfire/17/22312/51341.geojson",
        "OUTPUT_STATUS_DIR": "postfire",
        "FEATURE_COUNT": 237
      },
      "geometry": {
        "type": "Polygon",
        "coordinates": [
          [
            [
              -118.71775929443587,
              36.285725870729785
            ],
            [
              -118.71769015531615,
              36.28572339016838
            ],
            [
              -118.71769257421185,
              36.28567919905032
            ],
            [
              -118.71776171329282,
              36.28568167960775
            ],
            [
              -118.71775929443587,
              36.285725870729785
            ]
          ]
        ]
      }
    },
    {
      "id": "18",
      "type": "Feature",
      "properties": {
        "id": null,
        "SOURCE_FILE": "/Users/maples/GitHub/mortalitree_testing/labels/bashah_mortalitree_postfire_labels.geojson",
        "SUNETID": "bashah",
        "FIRENAME": "CASTLE",
        "FIRE_SLUG": "CASTLE",
        "PREFIRE": 0,
        "PREFIRE_STATUS": "postfire",
        "TILE_Z": 17,
        "TILE_X": 22312,
        "TILE_Y": 51341,
        "TILEXYZ": [
          17,
          22312,
          51341
        ],
        "OUTPUT_FILE": "/Users/maples/GitHub/mortalitree_testing/notebooks/single_tiles/postfire/17/22312/51341.geojson",
        "OUTPUT_STATUS_DIR": "postfire",
        "FEATURE_COUNT": 237
      },
      "geometry": {
        "type": "Polygon",
        "coordinates": [
          [
            [
              -118.71780664579343,
              36.28576004003434
            ],
            [
              -118.71775570115271,
              36.285758212274814
            ],
            [
              -118.71775892630066,
              36.28569929077925
            ],
            [
              -118.71780987090328,
              36.28570111853487
            ],
            [
              -118.71780664579343,
              36.28576004003434
            ]
          ]
        ]
      }
    },
    {
      "id": "19",
      "type": "Feature",
      "properties": {
        "id": null,
        "SOURCE_FILE": "/Users/maples/GitHub/mortalitree_testing/labels/bashah_mortalitree_postfire_labels.geojson",
        "SUNETID": "bashah",
        "FIRENAME": "CASTLE",
        "FIRE_SLUG": "CASTLE",
        "PREFIRE": 0,
        "PREFIRE_STATUS": "postfire",
        "TILE_Z": 17,
        "TILE_X": 22312,
        "TILE_Y": 51341,
        "TILEXYZ": [
          17,
          22312,
          51341
        ],
        "OUTPUT_FILE": "/Users/maples/GitHub/mortalitree_testing/notebooks/single_tiles/postfire/17/22312/51341.geojson",
        "OUTPUT_STATUS_DIR": "postfire",
        "FEATURE_COUNT": 237
      },
      "geometry": {
        "type": "Polygon",
        "coordinates": [
          [
            [
              -118.71781478617017,
              36.28584446010753
            ],
            [
              -118.71775656366067,
              36.285842371237536
            ],
            [
              -118.71775849875613,
              36.28580701834077
            ],
            [
              -118.71781672123949,
              36.285809107208074
            ],
            [
              -118.71781478617017,
              36.28584446010753
            ]
          ]
        ]
      }
    },
    {
      "id": "20",
      "type": "Feature",
      "properties": {
        "id": null,
        "SOURCE_FILE": "/Users/maples/GitHub/mortalitree_testing/labels/bashah_mortalitree_postfire_labels.geojson",
        "SUNETID": "bashah",
        "FIRENAME": "CASTLE",
        "FIRE_SLUG": "CASTLE",
        "PREFIRE": 0,
        "PREFIRE_STATUS": "postfire",
        "TILE_Z": 17,
        "TILE_X": 22312,
        "TILE_Y": 51341,
        "TILEXYZ": [
          17,
          22312,
          51341
        ],
        "OUTPUT_FILE": "/Users/maples/GitHub/mortalitree_testing/notebooks/single_tiles/postfire/17/22312/51341.geojson",
        "OUTPUT_STATUS_DIR": "postfire",
        "FEATURE_COUNT": 237
      },
      "geometry": {
        "type": "Polygon",
        "coordinates": [
          [
            [
              -118.71770859544982,
              36.28625243473745
            ],
            [
              -118.71764309479522,
              36.28625008467592
            ],
            [
              -118.71764583629277,
              36.286200001416276
            ],
            [
              -118.71771133690575,
              36.28620235147353
            ],
            [
              -118.71770859544982,
              36.28625243473745
            ]
          ]
        ]
      }
    },
    {
      "id": "21",
      "type": "Feature",
      "properties": {
        "id": null,
        "SOURCE_FILE": "/Users/maples/GitHub/mortalitree_testing/labels/bashah_mortalitree_postfire_labels.geojson",
        "SUNETID": "bashah",
        "FIRENAME": "CASTLE",
        "FIRE_SLUG": "CASTLE",
        "PREFIRE": 0,
        "PREFIRE_STATUS": "postfire",
        "TILE_Z": 17,
        "TILE_X": 22312,
        "TILE_Y": 51341,
        "TILEXYZ": [
          17,
          22312,
          51341
        ],
        "OUTPUT_FILE": "/Users/maples/GitHub/mortalitree_testing/notebooks/single_tiles/postfire/17/22312/51341.geojson",
        "OUTPUT_STATUS_DIR": "postfire",
        "FEATURE_COUNT": 237
      },
      "geometry": {
        "type": "Polygon",
        "coordinates": [
          [
            [
              -118.71768385915732,
              36.28630468072371
            ],
            [
              -118.7176183584612,
              36.286302330645725
            ],
            [
              -118.7176202936515,
              36.286266977758075
            ],
            [
              -118.71768579431824,
              36.28626932783303
            ],
            [
              -118.71768385915732,
              36.28630468072371
            ]
          ]
        ]
      }
    },
    {
      "id": "22",
      "type": "Feature",
      "properties": {
        "id": null,
        "SOURCE_FILE": "/Users/maples/GitHub/mortalitree_testing/labels/bashah_mortalitree_postfire_labels.geojson",
        "SUNETID": "bashah",
        "FIRENAME": "CASTLE",
        "FIRE_SLUG": "CASTLE",
        "PREFIRE": 0,
        "PREFIRE_STATUS": "postfire",
        "TILE_Z": 17,
        "TILE_X": 22312,
        "TILE_Y": 51341,
        "TILEXYZ": [
          17,
          22312,
          51341
        ],
        "OUTPUT_FILE": "/Users/maples/GitHub/mortalitree_testing/notebooks/single_tiles/postfire/17/22312/51341.geojson",
        "OUTPUT_STATUS_DIR": "postfire",
        "FEATURE_COUNT": 237
      },
      "geometry": {
        "type": "Polygon",
        "coordinates": [
          [
            [
              -118.7177644799858,
              36.286297241731866
            ],
            [
              -118.71770261821639,
              36.28629502225681
            ],
            [
              -118.71770503715557,
              36.28625083114225
            ],
            [
              -118.71776689889032,
              36.28625305061374
            ],
            [
              -118.7177644799858,
              36.286297241731866
            ]
          ]
        ]
      }
    },
    {
      "id": "23",
      "type": "Feature",
      "properties": {
        "id": null,
        "SOURCE_FILE": "/Users/maples/GitHub/mortalitree_testing/labels/bashah_mortalitree_postfire_labels.geojson",
        "SUNETID": "bashah",
        "FIRENAME": "CASTLE",
        "FIRE_SLUG": "CASTLE",
        "PREFIRE": 0,
        "PREFIRE_STATUS": "postfire",
        "TILE_Z": 17,
        "TILE_X": 22312,
        "TILE_Y": 51341,
        "TILEXYZ": [
          17,
          22312,
          51341
        ],
        "OUTPUT_FILE": "/Users/maples/GitHub/mortalitree_testing/notebooks/single_tiles/postfire/17/22312/51341.geojson",
        "OUTPUT_STATUS_DIR": "postfire",
        "FEATURE_COUNT": 237
      },
      "geometry": {
        "type": "Polygon",
        "coordinates": [
          [
            [
              -118.71779889173538,
              36.28606823124257
            ],
            [
              -118.71774066906089,
              36.28606614235379
            ],
            [
              -118.7177430879584,
              36.286021951235355
            ],
            [
              -118.71780131060025,
              36.28602404012077
            ],
            [
              -118.71779889173538,
              36.28606823124257
            ]
          ]
        ]
      }
    },
    {
      "id": "24",
      "type": "Feature",
      "properties": {
        "id": null,
        "SOURCE_FILE": "/Users/maples/GitHub/mortalitree_testing/labels/bashah_mortalitree_postfire_labels.geojson",
        "SUNETID": "bashah",
        "FIRENAME": "CASTLE",
        "FIRE_SLUG": "CASTLE",
        "PREFIRE": 0,
        "PREFIRE_STATUS": "postfire",
        "TILE_Z": 17,
        "TILE_X": 22312,
        "TILE_Y": 51341,
        "TILEXYZ": [
          17,
          22312,
          51341
        ],
        "OUTPUT_FILE": "/Users/maples/GitHub/mortalitree_testing/notebooks/single_tiles/postfire/17/22312/51341.geojson",
        "OUTPUT_STATUS_DIR": "postfire",
        "FEATURE_COUNT": 237
      },
      "geometry": {
        "type": "Polygon",
        "coordinates": [
          [
            [
              -118.7178006517886,
              36.28620260403039
            ],
            [
              -118.71773515116776,
              36.286200254022056
            ],
            [
              -118.71773837638324,
              36.286141332532445
            ],
            [
              -118.71780387695512,
              36.286143682535744
            ],
            [
              -118.7178006517886,
              36.28620260403039
            ]
          ]
        ]
      }
    },
    {
      "id": "25",
      "type": "Feature",
      "properties": {
        "id": null,
        "SOURCE_FILE": "/Users/maples/GitHub/mortalitree_testing/labels/bashah_mortalitree_postfire_labels.geojson",
        "SUNETID": "bashah",
        "FIRENAME": "CASTLE",
        "FIRE_SLUG": "CASTLE",
        "PREFIRE": 0,
        "PREFIRE_STATUS": "postfire",
        "TILE_Z": 17,
        "TILE_X": 22312,
        "TILE_Y": 51341,
        "TILEXYZ": [
          17,
          22312,
          51341
        ],
        "OUTPUT_FILE": "/Users/maples/GitHub/mortalitree_testing/notebooks/single_tiles/postfire/17/22312/51341.geojson",
        "OUTPUT_STATUS_DIR": "postfire",
        "FEATURE_COUNT": 237
      },
      "geometry": {
        "type": "Polygon",
        "coordinates": [
          [
            [
              -118.71787343026512,
              36.28620521510884
            ],
            [
              -118.71778245717094,
              36.286201951253894
            ],
            [
              -118.71778600486856,
              36.286137137611284
            ],
            [
              -118.71787697788788,
              36.286140401458546
            ],
            [
              -118.71787343026512,
              36.28620521510884
            ]
          ]
        ]
      }
    },
    {
      "id": "26",
      "type": "Feature",
      "properties": {
        "id": null,
        "SOURCE_FILE": "/Users/maples/GitHub/mortalitree_testing/labels/bashah_mortalitree_postfire_labels.geojson",
        "SUNETID": "bashah",
        "FIRENAME": "CASTLE",
        "FIRE_SLUG": "CASTLE",
        "PREFIRE": 0,
        "PREFIRE_STATUS": "postfire",
        "TILE_Z": 17,
        "TILE_X": 22312,
        "TILE_Y": 51341,
        "TILEXYZ": [
          17,
          22312,
          51341
        ],
        "OUTPUT_FILE": "/Users/maples/GitHub/mortalitree_testing/notebooks/single_tiles/postfire/17/22312/51341.geojson",
        "OUTPUT_STATUS_DIR": "postfire",
        "FEATURE_COUNT": 237
      },
      "geometry": {
        "type": "Polygon",
        "coordinates": [
          [
            [
              -118.71788554576975,
              36.28611709396275
            ],
            [
              -118.71783096197201,
              36.286115135667664
            ],
            [
              -118.71783305830976,
              36.286076836694164
            ],
            [
              -118.717887642081,
              36.28607879498653
            ],
            [
              -118.71788554576975,
              36.28611709396275
            ]
          ]
        ]
      }
    },
    {
      "id": "27",
      "type": "Feature",
      "properties": {
        "id": null,
        "SOURCE_FILE": "/Users/maples/GitHub/mortalitree_testing/labels/bashah_mortalitree_postfire_labels.geojson",
        "SUNETID": "bashah",
        "FIRENAME": "CASTLE",
        "FIRE_SLUG": "CASTLE",
        "PREFIRE": 0,
        "PREFIRE_STATUS": "postfire",
        "TILE_Z": 17,
        "TILE_X": 22312,
        "TILE_Y": 51341,
        "TILEXYZ": [
          17,
          22312,
          51341
        ],
        "OUTPUT_FILE": "/Users/maples/GitHub/mortalitree_testing/notebooks/single_tiles/postfire/17/22312/51341.geojson",
        "OUTPUT_STATUS_DIR": "postfire",
        "FEATURE_COUNT": 237
      },
      "geometry": {
        "type": "Polygon",
        "coordinates": [
          [
            [
              -118.71801806797633,
              36.28602738880212
            ],
            [
              -118.71797076206391,
              36.28602569167048
            ],
            [
              -118.7179726970757,
              36.28599033876487
            ],
            [
              -118.7180200029669,
              36.28599203589432
            ],
            [
              -118.71801806797633,
              36.28602738880212
            ]
          ]
        ]
      }
    },
    {
      "id": "28",
      "type": "Feature",
      "properties": {
        "id": null,
        "SOURCE_FILE": "/Users/maples/GitHub/mortalitree_testing/labels/bashah_mortalitree_postfire_labels.geojson",
        "SUNETID": "bashah",
        "FIRENAME": "CASTLE",
        "FIRE_SLUG": "CASTLE",
        "PREFIRE": 0,
        "PREFIRE_STATUS": "postfire",
        "TILE_Z": 17,
        "TILE_X": 22312,
        "TILE_Y": 51341,
        "TILEXYZ": [
          17,
          22312,
          51341
        ],
        "OUTPUT_FILE": "/Users/maples/GitHub/mortalitree_testing/notebooks/single_tiles/postfire/17/22312/51341.geojson",
        "OUTPUT_STATUS_DIR": "postfire",
        "FEATURE_COUNT": 237
      },
      "geometry": {
        "type": "Polygon",
        "coordinates": [
          [
            [
              -118.71804817085415,
              36.28591039433015
            ],
            [
              -118.71797903154547,
              36.28590791392497
            ],
            [
              -118.71798161154436,
              36.28586077671597
            ],
            [
              -118.71805075081168,
              36.28586325711692
            ],
            [
              -118.71804817085415,
              36.28591039433015
            ]
          ]
        ]
      }
    },
    {
      "id": "29",
      "type": "Feature",
      "properties": {
        "id": null,
        "SOURCE_FILE": "/Users/maples/GitHub/mortalitree_testing/labels/bashah_mortalitree_postfire_labels.geojson",
        "SUNETID": "bashah",
        "FIRENAME": "CASTLE",
        "FIRE_SLUG": "CASTLE",
        "PREFIRE": 0,
        "PREFIRE_STATUS": "postfire",
        "TILE_Z": 17,
        "TILE_X": 22312,
        "TILE_Y": 51341,
        "TILEXYZ": [
          17,
          22312,
          51341
        ],
        "OUTPUT_FILE": "/Users/maples/GitHub/mortalitree_testing/notebooks/single_tiles/postfire/17/22312/51341.geojson",
        "OUTPUT_STATUS_DIR": "postfire",
        "FEATURE_COUNT": 237
      },
      "geometry": {
        "type": "Polygon",
        "coordinates": [
          [
            [
              -118.71804955229946,
              36.28595176993803
            ],
            [
              -118.71800224643073,
              36.2859500728219
            ],
            [
              -118.71800466517051,
              36.28590588168745
            ],
            [
              -118.71805197101273,
              36.285907578800874
            ],
            [
              -118.71804955229946,
              36.28595176993803
            ]
          ]
        ]
      }
    },
    {
      "id": "30",
      "type": "Feature",
      "properties": {
        "id": null,
        "SOURCE_FILE": "/Users/maples/GitHub/mortalitree_testing/labels/bashah_mortalitree_postfire_labels.geojson",
        "SUNETID": "bashah",
        "FIRENAME": "CASTLE",
        "FIRE_SLUG": "CASTLE",
        "PREFIRE": 0,
        "PREFIRE_STATUS": "postfire",
        "TILE_Z": 17,
        "TILE_X": 22312,
        "TILE_Y": 51341,
        "TILEXYZ": [
          17,
          22312,
          51341
        ],
        "OUTPUT_FILE": "/Users/maples/GitHub/mortalitree_testing/notebooks/single_tiles/postfire/17/22312/51341.geojson",
        "OUTPUT_STATUS_DIR": "postfire",
        "FEATURE_COUNT": 237
      },
      "geometry": {
        "type": "Polygon",
        "coordinates": [
          [
            [
              -118.71802891735793,
              36.28586247383671
            ],
            [
              -118.71799252827023,
              36.285861168360874
            ],
            [
              -118.71799397951331,
              36.285834653680205
            ],
            [
              -118.71803036858877,
              36.28583595915478
            ],
            [
              -118.71802891735793,
              36.28586247383671
            ]
          ]
        ]
      }
    },
    {
      "id": "31",
      "type": "Feature",
      "properties": {
        "id": null,
        "SOURCE_FILE": "/Users/maples/GitHub/mortalitree_testing/labels/bashah_mortalitree_postfire_labels.geojson",
        "SUNETID": "bashah",
        "FIRENAME": "CASTLE",
        "FIRE_SLUG": "CASTLE",
        "PREFIRE": 0,
        "PREFIRE_STATUS": "postfire",
        "TILE_Z": 17,
        "TILE_X": 22312,
        "TILE_Y": 51341,
        "TILEXYZ": [
          17,
          22312,
          51341
        ],
        "OUTPUT_FILE": "/Users/maples/GitHub/mortalitree_testing/notebooks/single_tiles/postfire/17/22312/51341.geojson",
        "OUTPUT_STATUS_DIR": "postfire",
        "FEATURE_COUNT": 237
      },
      "geometry": {
        "type": "Polygon",
        "coordinates": [
          [
            [
              -118.71797152262187,
              36.28597848918839
            ],
            [
              -118.71788054977917,
              36.28597522542552
            ],
            [
              -118.71788312984364,
              36.285928088223145
            ],
            [
              -118.71797410263194,
              36.285931351980416
            ],
            [
              -118.71797152262187,
              36.28597848918839
            ]
          ]
        ]
      }
    },
    {
      "id": "32",
      "type": "Feature",
      "properties": {
        "id": null,
        "SOURCE_FILE": "/Users/maples/GitHub/mortalitree_testing/labels/bashah_mortalitree_postfire_labels.geojson",
        "SUNETID": "bashah",
        "FIRENAME": "CASTLE",
        "FIRE_SLUG": "CASTLE",
        "PREFIRE": 0,
        "PREFIRE_STATUS": "postfire",
        "TILE_Z": 17,
        "TILE_X": 22312,
        "TILE_Y": 51341,
        "TILEXYZ": [
          17,
          22312,
          51341
        ],
        "OUTPUT_FILE": "/Users/maples/GitHub/mortalitree_testing/notebooks/single_tiles/postfire/17/22312/51341.geojson",
        "OUTPUT_STATUS_DIR": "postfire",
        "FEATURE_COUNT": 237
      },
      "geometry": {
        "type": "Polygon",
        "coordinates": [
          [
            [
              -118.7179906389852,
              36.28592899337382
            ],
            [
              -118.71791422184269,
              36.28592625183306
            ],
            [
              -118.71791712438684,
              36.285873222477576
            ],
            [
              -118.71799354147792,
              36.285875964013044
            ],
            [
              -118.7179906389852,
              36.28592899337382
            ]
          ]
        ]
      }
    },
    {
      "id": "33",
      "type": "Feature",
      "properties": {
        "id": null,
        "SOURCE_FILE": "/Users/maples/GitHub/mortalitree_testing/labels/bashah_mortalitree_postfire_labels.geojson",
        "SUNETID": "bashah",
        "FIRENAME": "CASTLE",
        "FIRE_SLUG": "CASTLE",
        "PREFIRE": 0,
        "PREFIRE_STATUS": "postfire",
        "TILE_Z": 17,
        "TILE_X": 22312,
        "TILE_Y": 51341,
        "TILEXYZ": [
          17,
          22312,
          51341
        ],
        "OUTPUT_FILE": "/Users/maples/GitHub/mortalitree_testing/notebooks/single_tiles/postfire/17/22312/51341.geojson",
        "OUTPUT_STATUS_DIR": "postfire",
        "FEATURE_COUNT": 237
      },
      "geometry": {
        "type": "Polygon",
        "coordinates": [
          [
            [
              -118.71819913989331,
              36.28588333980738
            ],
            [
              -118.7180535834853,
              36.28587811804249
            ],
            [
              -118.71805858213541,
              36.28578678969021
            ],
            [
              -118.71820413837477,
              36.28579201143776
            ],
            [
              -118.71819913989331,
              36.28588333980738
            ]
          ]
        ]
      }
    },
    {
      "id": "34",
      "type": "Feature",
      "properties": {
        "id": null,
        "SOURCE_FILE": "/Users/maples/GitHub/mortalitree_testing/labels/bashah_mortalitree_postfire_labels.geojson",
        "SUNETID": "bashah",
        "FIRENAME": "CASTLE",
        "FIRE_SLUG": "CASTLE",
        "PREFIRE": 0,
        "PREFIRE_STATUS": "postfire",
        "TILE_Z": 17,
        "TILE_X": 22312,
        "TILE_Y": 51341,
        "TILEXYZ": [
          17,
          22312,
          51341
        ],
        "OUTPUT_FILE": "/Users/maples/GitHub/mortalitree_testing/notebooks/single_tiles/postfire/17/22312/51341.geojson",
        "OUTPUT_STATUS_DIR": "postfire",
        "FEATURE_COUNT": 237
      },
      "geometry": {
        "type": "Polygon",
        "coordinates": [
          [
            [
              -118.71818294990345,
              36.28577944388132
            ],
            [
              -118.71809925507698,
              36.285776441384115
            ],
            [
              -118.71810199623565,
              36.28572635809054
            ],
            [
              -118.71818569100893,
              36.28572936058229
            ],
            [
              -118.71818294990345,
              36.28577944388132
            ]
          ]
        ]
      }
    },
    {
      "id": "35",
      "type": "Feature",
      "properties": {
        "id": null,
        "SOURCE_FILE": "/Users/maples/GitHub/mortalitree_testing/labels/bashah_mortalitree_postfire_labels.geojson",
        "SUNETID": "bashah",
        "FIRENAME": "CASTLE",
        "FIRE_SLUG": "CASTLE",
        "PREFIRE": 0,
        "PREFIRE_STATUS": "postfire",
        "TILE_Z": 17,
        "TILE_X": 22312,
        "TILE_Y": 51341,
        "TILEXYZ": [
          17,
          22312,
          51341
        ],
        "OUTPUT_FILE": "/Users/maples/GitHub/mortalitree_testing/notebooks/single_tiles/postfire/17/22312/51341.geojson",
        "OUTPUT_STATUS_DIR": "postfire",
        "FEATURE_COUNT": 237
      },
      "geometry": {
        "type": "Polygon",
        "coordinates": [
          [
            [
              -118.7180934284715,
              36.285749665610126
            ],
            [
              -118.71802428930052,
              36.285747185240524
            ],
            [
              -118.71802686925707,
              36.285700048027486
            ],
            [
              -118.71809600838668,
              36.28570252839283
            ],
            [
              -118.7180934284715,
              36.285749665610126
            ]
          ]
        ]
      }
    },
    {
      "id": "36",
      "type": "Feature",
      "properties": {
        "id": null,
        "SOURCE_FILE": "/Users/maples/GitHub/mortalitree_testing/labels/bashah_mortalitree_postfire_labels.geojson",
        "SUNETID": "bashah",
        "FIRENAME": "CASTLE",
        "FIRE_SLUG": "CASTLE",
        "PREFIRE": 0,
        "PREFIRE_STATUS": "postfire",
        "TILE_Z": 17,
        "TILE_X": 22312,
        "TILE_Y": 51341,
        "TILEXYZ": [
          17,
          22312,
          51341
        ],
        "OUTPUT_FILE": "/Users/maples/GitHub/mortalitree_testing/notebooks/single_tiles/postfire/17/22312/51341.geojson",
        "OUTPUT_STATUS_DIR": "postfire",
        "FEATURE_COUNT": 237
      },
      "geometry": {
        "type": "Polygon",
        "coordinates": [
          [
            [
              -118.71807370211806,
              36.28577700060701
            ],
            [
              -118.71804095197281,
              36.2857758256939
            ],
            [
              -118.71804240319499,
              36.28574931101116
            ],
            [
              -118.71807515332921,
              36.285750485923145
            ],
            [
              -118.71807370211806,
              36.28577700060701
            ]
          ]
        ]
      }
    },
    {
      "id": "37",
      "type": "Feature",
      "properties": {
        "id": null,
        "SOURCE_FILE": "/Users/maples/GitHub/mortalitree_testing/labels/bashah_mortalitree_postfire_labels.geojson",
        "SUNETID": "bashah",
        "FIRENAME": "CASTLE",
        "FIRE_SLUG": "CASTLE",
        "PREFIRE": 0,
        "PREFIRE_STATUS": "postfire",
        "TILE_Z": 17,
        "TILE_X": 22312,
        "TILE_Y": 51341,
        "TILEXYZ": [
          17,
          22312,
          51341
        ],
        "OUTPUT_FILE": "/Users/maples/GitHub/mortalitree_testing/notebooks/single_tiles/postfire/17/22312/51341.geojson",
        "OUTPUT_STATUS_DIR": "postfire",
        "FEATURE_COUNT": 237
      },
      "geometry": {
        "type": "Polygon",
        "coordinates": [
          [
            [
              -118.71803561997156,
              36.285806628943604
            ],
            [
              -118.71798103637929,
              36.28580467073136
            ],
            [
              -118.71798264887246,
              36.28577520997521
            ],
            [
              -118.71803723244435,
              36.285777168185355
            ],
            [
              -118.71803561997156,
              36.285806628943604
            ]
          ]
        ]
      }
    },
    {
      "id": "38",
      "type": "Feature",
      "properties": {
        "id": null,
        "SOURCE_FILE": "/Users/maples/GitHub/mortalitree_testing/labels/bashah_mortalitree_postfire_labels.geojson",
        "SUNETID": "bashah",
        "FIRENAME": "CASTLE",
        "FIRE_SLUG": "CASTLE",
        "PREFIRE": 0,
        "PREFIRE_STATUS": "postfire",
        "TILE_Z": 17,
        "TILE_X": 22312,
        "TILE_Y": 51341,
        "TILEXYZ": [
          17,
          22312,
          51341
        ],
        "OUTPUT_FILE": "/Users/maples/GitHub/mortalitree_testing/notebooks/single_tiles/postfire/17/22312/51341.geojson",
        "OUTPUT_STATUS_DIR": "postfire",
        "FEATURE_COUNT": 237
      },
      "geometry": {
        "type": "Polygon",
        "coordinates": [
          [
            [
              -118.71794366905215,
              36.28575462444806
            ],
            [
              -118.71786725208436,
              36.285751882888576
            ],
            [
              -118.71786950962965,
              36.285710637835706
            ],
            [
              -118.71794592655746,
              36.28571337939108
            ],
            [
              -118.71794366905215,
              36.28575462444806
            ]
          ]
        ]
      }
    },
    {
      "id": "39",
      "type": "Feature",
      "properties": {
        "id": null,
        "SOURCE_FILE": "/Users/maples/GitHub/mortalitree_testing/labels/bashah_mortalitree_postfire_labels.geojson",
        "SUNETID": "bashah",
        "FIRENAME": "CASTLE",
        "FIRE_SLUG": "CASTLE",
        "PREFIRE": 0,
        "PREFIRE_STATUS": "postfire",
        "TILE_Z": 17,
        "TILE_X": 22312,
        "TILE_Y": 51341,
        "TILEXYZ": [
          17,
          22312,
          51341
        ],
        "OUTPUT_FILE": "/Users/maples/GitHub/mortalitree_testing/notebooks/single_tiles/postfire/17/22312/51341.geojson",
        "OUTPUT_STATUS_DIR": "postfire",
        "FEATURE_COUNT": 237
      },
      "geometry": {
        "type": "Polygon",
        "coordinates": [
          [
            [
              -118.71752852208715,
              36.28581205048352
            ],
            [
              -118.71747393852736,
              36.285810092039554
            ],
            [
              -118.71747587374801,
              36.2857747391557
            ],
            [
              -118.7175304572833,
              36.28577669759714
            ],
            [
              -118.71752852208715,
              36.28581205048352
            ]
          ]
        ]
      }
    },
    {
      "id": "40",
      "type": "Feature",
      "properties": {
        "id": null,
        "SOURCE_FILE": "/Users/maples/GitHub/mortalitree_testing/labels/bashah_mortalitree_postfire_labels.geojson",
        "SUNETID": "bashah",
        "FIRENAME": "CASTLE",
        "FIRE_SLUG": "CASTLE",
        "PREFIRE": 0,
        "PREFIRE_STATUS": "postfire",
        "TILE_Z": 17,
        "TILE_X": 22312,
        "TILE_Y": 51341,
        "TILEXYZ": [
          17,
          22312,
          51341
        ],
        "OUTPUT_FILE": "/Users/maples/GitHub/mortalitree_testing/notebooks/single_tiles/postfire/17/22312/51341.geojson",
        "OUTPUT_STATUS_DIR": "postfire",
        "FEATURE_COUNT": 237
      },
      "geometry": {
        "type": "Polygon",
        "coordinates": [
          [
            [
              -118.71762540177323,
              36.28584061725099
            ],
            [
              -118.71758901271491,
              36.28583931165304
            ],
            [
              -118.71759094788572,
              36.285803958764006
            ],
            [
              -118.7176273369277,
              36.285805264360285
            ],
            [
              -118.71762540177323,
              36.28584061725099
            ]
          ]
        ]
      }
    },
    {
      "id": "41",
      "type": "Feature",
      "properties": {
        "id": null,
        "SOURCE_FILE": "/Users/maples/GitHub/mortalitree_testing/labels/bashah_mortalitree_postfire_labels.geojson",
        "SUNETID": "bashah",
        "FIRENAME": "CASTLE",
        "FIRE_SLUG": "CASTLE",
        "PREFIRE": 0,
        "PREFIRE_STATUS": "postfire",
        "TILE_Z": 17,
        "TILE_X": 22312,
        "TILE_Y": 51341,
        "TILEXYZ": [
          17,
          22312,
          51341
        ],
        "OUTPUT_FILE": "/Users/maples/GitHub/mortalitree_testing/notebooks/single_tiles/postfire/17/22312/51341.geojson",
        "OUTPUT_STATUS_DIR": "postfire",
        "FEATURE_COUNT": 237
      },
      "geometry": {
        "type": "Polygon",
        "coordinates": [
          [
            [
              -118.71767319133616,
              36.28583347628864
            ],
            [
              -118.71762952446772,
              36.28583190958749
            ],
            [
              -118.71763113709461,
              36.285802448845054
            ],
            [
              -118.71767480394678,
              36.28580401554453
            ],
            [
              -118.71767319133616,
              36.28583347628864
            ]
          ]
        ]
      }
    },
    {
      "id": "42",
      "type": "Feature",
      "properties": {
        "id": null,
        "SOURCE_FILE": "/Users/maples/GitHub/mortalitree_testing/labels/bashah_mortalitree_postfire_labels.geojson",
        "SUNETID": "bashah",
        "FIRENAME": "CASTLE",
        "FIRE_SLUG": "CASTLE",
        "PREFIRE": 0,
        "PREFIRE_STATUS": "postfire",
        "TILE_Z": 17,
        "TILE_X": 22312,
        "TILE_Y": 51341,
        "TILEXYZ": [
          17,
          22312,
          51341
        ],
        "OUTPUT_FILE": "/Users/maples/GitHub/mortalitree_testing/notebooks/single_tiles/postfire/17/22312/51341.geojson",
        "OUTPUT_STATUS_DIR": "postfire",
        "FEATURE_COUNT": 237
      },
      "geometry": {
        "type": "Polygon",
        "coordinates": [
          [
            [
              -118.71763509852366,
              36.28579668725542
            ],
            [
              -118.71757687606338,
              36.28579459830028
            ],
            [
              -118.71757945629345,
              36.28574746111524
            ],
            [
              -118.71763767871893,
              36.2857495500668
            ],
            [
              -118.71763509852366,
              36.28579668725542
            ]
          ]
        ]
      }
    },
    {
      "id": "43",
      "type": "Feature",
      "properties": {
        "id": null,
        "SOURCE_FILE": "/Users/maples/GitHub/mortalitree_testing/labels/bashah_mortalitree_postfire_labels.geojson",
        "SUNETID": "bashah",
        "FIRENAME": "CASTLE",
        "FIRE_SLUG": "CASTLE",
        "PREFIRE": 0,
        "PREFIRE_STATUS": "postfire",
        "TILE_Z": 17,
        "TILE_X": 22312,
        "TILE_Y": 51341,
        "TILEXYZ": [
          17,
          22312,
          51341
        ],
        "OUTPUT_FILE": "/Users/maples/GitHub/mortalitree_testing/notebooks/single_tiles/postfire/17/22312/51341.geojson",
        "OUTPUT_STATUS_DIR": "postfire",
        "FEATURE_COUNT": 237
      },
      "geometry": {
        "type": "Polygon",
        "coordinates": [
          [
            [
              -118.71749787881157,
              36.28583899368362
            ],
            [
              -118.71741782290141,
              36.28583612126829
            ],
            [
              -118.71742040323107,
              36.28578898409341
            ],
            [
              -118.71750045909336,
              36.2857918565038
            ],
            [
              -118.71749787881157,
              36.28583899368362
            ]
          ]
        ]
      }
    },
    {
      "id": "44",
      "type": "Feature",
      "properties": {
        "id": null,
        "SOURCE_FILE": "/Users/maples/GitHub/mortalitree_testing/labels/bashah_mortalitree_postfire_labels.geojson",
        "SUNETID": "bashah",
        "FIRENAME": "CASTLE",
        "FIRE_SLUG": "CASTLE",
        "PREFIRE": 0,
        "PREFIRE_STATUS": "postfire",
        "TILE_Z": 17,
        "TILE_X": 22312,
        "TILE_Y": 51341,
        "TILEXYZ": [
          17,
          22312,
          51341
        ],
        "OUTPUT_FILE": "/Users/maples/GitHub/mortalitree_testing/notebooks/single_tiles/postfire/17/22312/51341.geojson",
        "OUTPUT_STATUS_DIR": "postfire",
        "FEATURE_COUNT": 237
      },
      "geometry": {
        "type": "Polygon",
        "coordinates": [
          [
            [
              -118.71764260053125,
              36.286192505671224
            ],
            [
              -118.71758801669837,
              36.28619054726175
            ],
            [
              -118.71759075822516,
              36.286140464005214
            ],
            [
              -118.71764534202336,
              36.28614242241112
            ],
            [
              -118.71764260053125,
              36.286192505671224
            ]
          ]
        ]
      }
    },
    {
      "id": "45",
      "type": "Feature",
      "properties": {
        "id": null,
        "SOURCE_FILE": "/Users/maples/GitHub/mortalitree_testing/labels/bashah_mortalitree_postfire_labels.geojson",
        "SUNETID": "bashah",
        "FIRENAME": "CASTLE",
        "FIRE_SLUG": "CASTLE",
        "PREFIRE": 0,
        "PREFIRE_STATUS": "postfire",
        "TILE_Z": 17,
        "TILE_X": 22312,
        "TILE_Y": 51341,
        "TILEXYZ": [
          17,
          22312,
          51341
        ],
        "OUTPUT_FILE": "/Users/maples/GitHub/mortalitree_testing/notebooks/single_tiles/postfire/17/22312/51341.geojson",
        "OUTPUT_STATUS_DIR": "postfire",
        "FEATURE_COUNT": 237
      },
      "geometry": {
        "type": "Polygon",
        "coordinates": [
          [
            [
              -118.71789266800182,
              36.28565390739814
            ],
            [
              -118.71782716783164,
              36.285651557470636
            ],
            [
              -118.71783007040554,
              36.28559852811877
            ],
            [
              -118.71789557053168,
              36.28560087804174
            ],
            [
              -118.71789266800182,
              36.28565390739814
            ]
          ]
        ]
      }
    },
    {
      "id": "46",
      "type": "Feature",
      "properties": {
        "id": null,
        "SOURCE_FILE": "/Users/maples/GitHub/mortalitree_testing/labels/bashah_mortalitree_postfire_labels.geojson",
        "SUNETID": "bashah",
        "FIRENAME": "CASTLE",
        "FIRE_SLUG": "CASTLE",
        "PREFIRE": 0,
        "PREFIRE_STATUS": "postfire",
        "TILE_Z": 17,
        "TILE_X": 22312,
        "TILE_Y": 51341,
        "TILEXYZ": [
          17,
          22312,
          51341
        ],
        "OUTPUT_FILE": "/Users/maples/GitHub/mortalitree_testing/notebooks/single_tiles/postfire/17/22312/51341.geojson",
        "OUTPUT_STATUS_DIR": "postfire",
        "FEATURE_COUNT": 237
      },
      "geometry": {
        "type": "Polygon",
        "coordinates": [
          [
            [
              -118.7177821264627,
              36.28596652853399
            ],
            [
              -118.71764020889138,
              36.285961436810446
            ],
            [
              -118.71764706255492,
              36.28583622865462
            ],
            [
              -118.7177889799008,
              36.285841320354976
            ],
            [
              -118.7177821264627,
              36.28596652853399
            ]
          ]
        ]
      }
    },
    {
      "id": "47",
      "type": "Feature",
      "properties": {
        "id": null,
        "SOURCE_FILE": "/Users/maples/GitHub/mortalitree_testing/labels/bashah_mortalitree_postfire_labels.geojson",
        "SUNETID": "bashah",
        "FIRENAME": "CASTLE",
        "FIRE_SLUG": "CASTLE",
        "PREFIRE": 0,
        "PREFIRE_STATUS": "postfire",
        "TILE_Z": 17,
        "TILE_X": 22312,
        "TILE_Y": 51341,
        "TILEXYZ": [
          17,
          22312,
          51341
        ],
        "OUTPUT_FILE": "/Users/maples/GitHub/mortalitree_testing/notebooks/single_tiles/postfire/17/22312/51341.geojson",
        "OUTPUT_STATUS_DIR": "postfire",
        "FEATURE_COUNT": 237
      },
      "geometry": {
        "type": "Polygon",
        "coordinates": [
          [
            [
              -118.7178112727596,
              36.28593362783131
            ],
            [
              -118.717765786372,
              36.28593199589926
            ],
            [
              -118.71776764084062,
              36.28589811603997
            ],
            [
              -118.71781312720867,
              36.28589974796999
            ],
            [
              -118.7178112727596,
              36.28593362783131
            ]
          ]
        ]
      }
    },
    {
      "id": "48",
      "type": "Feature",
      "properties": {
        "id": null,
        "SOURCE_FILE": "/Users/maples/GitHub/mortalitree_testing/labels/bashah_mortalitree_postfire_labels.geojson",
        "SUNETID": "bashah",
        "FIRENAME": "CASTLE",
        "FIRE_SLUG": "CASTLE",
        "PREFIRE": 0,
        "PREFIRE_STATUS": "postfire",
        "TILE_Z": 17,
        "TILE_X": 22312,
        "TILE_Y": 51341,
        "TILEXYZ": [
          17,
          22312,
          51341
        ],
        "OUTPUT_FILE": "/Users/maples/GitHub/mortalitree_testing/notebooks/single_tiles/postfire/17/22312/51341.geojson",
        "OUTPUT_STATUS_DIR": "postfire",
        "FEATURE_COUNT": 237
      },
      "geometry": {
        "type": "Polygon",
        "coordinates": [
          [
            [
              -118.71753822441607,
              36.286126033722184
            ],
            [
              -118.71747636280013,
              36.286123814139046
            ],
            [
              -118.71747878185175,
              36.28607962303633
            ],
            [
              -118.71754064343301,
              36.2860818426159
            ],
            [
              -118.71753822441607,
              36.286126033722184
            ]
          ]
        ]
      }
    },
    {
      "id": "49",
      "type": "Feature",
      "properties": {
        "id": null,
        "SOURCE_FILE": "/Users/maples/GitHub/mortalitree_testing/labels/bashah_mortalitree_postfire_labels.geojson",
        "SUNETID": "bashah",
        "FIRENAME": "CASTLE",
        "FIRE_SLUG": "CASTLE",
        "PREFIRE": 0,
        "PREFIRE_STATUS": "postfire",
        "TILE_Z": 17,
        "TILE_X": 22312,
        "TILE_Y": 51341,
        "TILEXYZ": [
          17,
          22312,
          51341
        ],
        "OUTPUT_FILE": "/Users/maples/GitHub/mortalitree_testing/notebooks/single_tiles/postfire/17/22312/51341.geojson",
        "OUTPUT_STATUS_DIR": "postfire",
        "FEATURE_COUNT": 237
      },
      "geometry": {
        "type": "Polygon",
        "coordinates": [
          [
            [
              -118.71751969690902,
              36.286064855833246
            ],
            [
              -118.71745783534288,
              36.28606263624373
            ],
            [
              -118.71746025439954,
              36.28601844514163
            ],
            [
              -118.71752211593103,
              36.28602066472759
            ],
            [
              -118.71751969690902,
              36.286064855833246
            ]
          ]
        ]
      }
    },
    {
      "id": "50",
      "type": "Feature",
      "properties": {
        "id": null,
        "SOURCE_FILE": "/Users/maples/GitHub/mortalitree_testing/labels/bashah_mortalitree_postfire_labels.geojson",
        "SUNETID": "bashah",
        "FIRENAME": "CASTLE",
        "FIRE_SLUG": "CASTLE",
        "PREFIRE": 0,
        "PREFIRE_STATUS": "postfire",
        "TILE_Z": 17,
        "TILE_X": 22312,
        "TILE_Y": 51341,
        "TILEXYZ": [
          17,
          22312,
          51341
        ],
        "OUTPUT_FILE": "/Users/maples/GitHub/mortalitree_testing/notebooks/single_tiles/postfire/17/22312/51341.geojson",
        "OUTPUT_STATUS_DIR": "postfire",
        "FEATURE_COUNT": 237
      },
      "geometry": {
        "type": "Polygon",
        "coordinates": [
          [
            [
              -118.71733660176379,
              36.28594611562595
            ],
            [
              -118.7172419901255,
              36.28594272081137
            ],
            [
              -118.71724505440379,
              36.28588674543003
            ],
            [
              -118.71733966597488,
              36.285890140237704
            ],
            [
              -118.71733660176379,
              36.28594611562595
            ]
          ]
        ]
      }
    },
    {
      "id": "51",
      "type": "Feature",
      "properties": {
        "id": null,
        "SOURCE_FILE": "/Users/maples/GitHub/mortalitree_testing/labels/bashah_mortalitree_postfire_labels.geojson",
        "SUNETID": "bashah",
        "FIRENAME": "CASTLE",
        "FIRE_SLUG": "CASTLE",
        "PREFIRE": 0,
        "PREFIRE_STATUS": "postfire",
        "TILE_Z": 17,
        "TILE_X": 22312,
        "TILE_Y": 51341,
        "TILEXYZ": [
          17,
          22312,
          51341
        ],
        "OUTPUT_FILE": "/Users/maples/GitHub/mortalitree_testing/notebooks/single_tiles/postfire/17/22312/51341.geojson",
        "OUTPUT_STATUS_DIR": "postfire",
        "FEATURE_COUNT": 237
      },
      "geometry": {
        "type": "Polygon",
        "coordinates": [
          [
            [
              -118.7170141043601,
              36.2861426496884
            ],
            [
              -118.71693768710708,
              36.28613990750975
            ],
            [
              -118.71693994517358,
              36.28609866250981
            ],
            [
              -118.7170163623866,
              36.28610140468434
            ],
            [
              -118.7170141043601,
              36.2861426496884
            ]
          ]
        ]
      }
    },
    {
      "id": "52",
      "type": "Feature",
      "properties": {
        "id": null,
        "SOURCE_FILE": "/Users/maples/GitHub/mortalitree_testing/labels/bashah_mortalitree_postfire_labels.geojson",
        "SUNETID": "bashah",
        "FIRENAME": "CASTLE",
        "FIRE_SLUG": "CASTLE",
        "PREFIRE": 0,
        "PREFIRE_STATUS": "postfire",
        "TILE_Z": 17,
        "TILE_X": 22312,
        "TILE_Y": 51341,
        "TILEXYZ": [
          17,
          22312,
          51341
        ],
        "OUTPUT_FILE": "/Users/maples/GitHub/mortalitree_testing/notebooks/single_tiles/postfire/17/22312/51341.geojson",
        "OUTPUT_STATUS_DIR": "postfire",
        "FEATURE_COUNT": 237
      },
      "geometry": {
        "type": "Polygon",
        "coordinates": [
          [
            [
              -118.71683948158841,
              36.28616885385332
            ],
            [
              -118.71675942541042,
              36.28616598097485
            ],
            [
              -118.7167620061671,
              36.28611884384324
            ],
            [
              -118.71684206229725,
              36.28612171671679
            ],
            [
              -118.71683948158841,
              36.28616885385332
            ]
          ]
        ]
      }
    },
    {
      "id": "53",
      "type": "Feature",
      "properties": {
        "id": null,
        "SOURCE_FILE": "/Users/maples/GitHub/mortalitree_testing/labels/bashah_mortalitree_postfire_labels.geojson",
        "SUNETID": "bashah",
        "FIRENAME": "CASTLE",
        "FIRE_SLUG": "CASTLE",
        "PREFIRE": 0,
        "PREFIRE_STATUS": "postfire",
        "TILE_Z": 17,
        "TILE_X": 22312,
        "TILE_Y": 51341,
        "TILEXYZ": [
          17,
          22312,
          51341
        ],
        "OUTPUT_FILE": "/Users/maples/GitHub/mortalitree_testing/notebooks/single_tiles/postfire/17/22312/51341.geojson",
        "OUTPUT_STATUS_DIR": "postfire",
        "FEATURE_COUNT": 237
      },
      "geometry": {
        "type": "Polygon",
        "coordinates": [
          [
            [
              -118.71668167260307,
              36.28615433512623
            ],
            [
              -118.71660525537196,
              36.28615159273439
            ],
            [
              -118.7166076749172,
              36.28610740168235
            ],
            [
              -118.71668409210547,
              36.286110144069795
            ],
            [
              -118.71668167260307,
              36.28615433512623
            ]
          ]
        ]
      }
    },
    {
      "id": "54",
      "type": "Feature",
      "properties": {
        "id": null,
        "SOURCE_FILE": "/Users/maples/GitHub/mortalitree_testing/labels/bashah_mortalitree_postfire_labels.geojson",
        "SUNETID": "bashah",
        "FIRENAME": "CASTLE",
        "FIRE_SLUG": "CASTLE",
        "PREFIRE": 0,
        "PREFIRE_STATUS": "postfire",
        "TILE_Z": 17,
        "TILE_X": 22312,
        "TILE_Y": 51341,
        "TILEXYZ": [
          17,
          22312,
          51341
        ],
        "OUTPUT_FILE": "/Users/maples/GitHub/mortalitree_testing/notebooks/single_tiles/postfire/17/22312/51341.geojson",
        "OUTPUT_STATUS_DIR": "postfire",
        "FEATURE_COUNT": 237
      },
      "geometry": {
        "type": "Polygon",
        "coordinates": [
          [
            [
              -118.71661895939229,
              36.28613437338201
            ],
            [
              -118.71657529241655,
              36.28613280628475
            ],
            [
              -118.71657658284946,
              36.28610923772458
            ],
            [
              -118.71662024981215,
              36.2861108048205
            ],
            [
              -118.71661895939229,
              36.28613437338201
            ]
          ]
        ]
      }
    },
    {
      "id": "55",
      "type": "Feature",
      "properties": {
        "id": null,
        "SOURCE_FILE": "/Users/maples/GitHub/mortalitree_testing/labels/bashah_mortalitree_postfire_labels.geojson",
        "SUNETID": "bashah",
        "FIRENAME": "CASTLE",
        "FIRE_SLUG": "CASTLE",
        "PREFIRE": 0,
        "PREFIRE_STATUS": "postfire",
        "TILE_Z": 17,
        "TILE_X": 22312,
        "TILE_Y": 51341,
        "TILEXYZ": [
          17,
          22312,
          51341
        ],
        "OUTPUT_FILE": "/Users/maples/GitHub/mortalitree_testing/notebooks/single_tiles/postfire/17/22312/51341.geojson",
        "OUTPUT_STATUS_DIR": "postfire",
        "FEATURE_COUNT": 237
      },
      "geometry": {
        "type": "Polygon",
        "coordinates": [
          [
            [
              -118.71666606848298,
              36.28617296222691
            ],
            [
              -118.7166333182327,
              36.286171786917286
            ],
            [
              -118.71663460865001,
              36.286148218355486
            ],
            [
              -118.7166673588905,
              36.2861493936641
            ],
            [
              -118.71666606848298,
              36.28617296222691
            ]
          ]
        ]
      }
    },
    {
      "id": "56",
      "type": "Feature",
      "properties": {
        "id": null,
        "SOURCE_FILE": "/Users/maples/GitHub/mortalitree_testing/labels/bashah_mortalitree_postfire_labels.geojson",
        "SUNETID": "bashah",
        "FIRENAME": "CASTLE",
        "FIRE_SLUG": "CASTLE",
        "PREFIRE": 0,
        "PREFIRE_STATUS": "postfire",
        "TILE_Z": 17,
        "TILE_X": 22312,
        "TILE_Y": 51341,
        "TILEXYZ": [
          17,
          22312,
          51341
        ],
        "OUTPUT_FILE": "/Users/maples/GitHub/mortalitree_testing/notebooks/single_tiles/postfire/17/22312/51341.geojson",
        "OUTPUT_STATUS_DIR": "postfire",
        "FEATURE_COUNT": 237
      },
      "geometry": {
        "type": "Polygon",
        "coordinates": [
          [
            [
              -118.71677892010827,
              36.28620948251873
            ],
            [
              -118.7167061417322,
              36.28620687077386
            ],
            [
              -118.7167087225248,
              36.286159733645874
            ],
            [
              -118.71678150085735,
              36.286162345386266
            ],
            [
              -118.71677892010827,
              36.28620948251873
            ]
          ]
        ]
      }
    },
    {
      "id": "57",
      "type": "Feature",
      "properties": {
        "id": null,
        "SOURCE_FILE": "/Users/maples/GitHub/mortalitree_testing/labels/bashah_mortalitree_postfire_labels.geojson",
        "SUNETID": "bashah",
        "FIRENAME": "CASTLE",
        "FIRE_SLUG": "CASTLE",
        "PREFIRE": 0,
        "PREFIRE_STATUS": "postfire",
        "TILE_Z": 17,
        "TILE_X": 22312,
        "TILE_Y": 51341,
        "TILEXYZ": [
          17,
          22312,
          51341
        ],
        "OUTPUT_FILE": "/Users/maples/GitHub/mortalitree_testing/notebooks/single_tiles/postfire/17/22312/51341.geojson",
        "OUTPUT_STATUS_DIR": "postfire",
        "FEATURE_COUNT": 237
      },
      "geometry": {
        "type": "Polygon",
        "coordinates": [
          [
            [
              -118.71686408650655,
              36.28631880569645
            ],
            [
              -118.71678039124882,
              36.2863158022379
            ],
            [
              -118.71678393978983,
              36.286250988681665
            ],
            [
              -118.71686763497873,
              36.286253992133126
            ],
            [
              -118.71686408650655,
              36.28631880569645
            ]
          ]
        ]
      }
    },
    {
      "id": "58",
      "type": "Feature",
      "properties": {
        "id": null,
        "SOURCE_FILE": "/Users/maples/GitHub/mortalitree_testing/labels/bashah_mortalitree_postfire_labels.geojson",
        "SUNETID": "bashah",
        "FIRENAME": "CASTLE",
        "FIRE_SLUG": "CASTLE",
        "PREFIRE": 0,
        "PREFIRE_STATUS": "postfire",
        "TILE_Z": 17,
        "TILE_X": 22312,
        "TILE_Y": 51341,
        "TILEXYZ": [
          17,
          22312,
          51341
        ],
        "OUTPUT_FILE": "/Users/maples/GitHub/mortalitree_testing/notebooks/single_tiles/postfire/17/22312/51341.geojson",
        "OUTPUT_STATUS_DIR": "postfire",
        "FEATURE_COUNT": 237
      },
      "geometry": {
        "type": "Polygon",
        "coordinates": [
          [
            [
              -118.7167621502166,
              36.28634929429455
            ],
            [
              -118.71672660347706,
              36.28634929429455
            ],
            [
              -118.71665291275653,
              36.2863466497833
            ],
            [
              -118.7166563001049,
              36.28628478230846
            ],
            [
              -118.7167654677739,
              36.286288699961915
            ],
            [
              -118.7167621502166,
              36.28634929429455
            ]
          ]
        ]
      }
    },
    {
      "id": "59",
      "type": "Feature",
      "properties": {
        "id": null,
        "SOURCE_FILE": "/Users/maples/GitHub/mortalitree_testing/labels/bashah_mortalitree_postfire_labels.geojson",
        "SUNETID": "bashah",
        "FIRENAME": "CASTLE",
        "FIRE_SLUG": "CASTLE",
        "PREFIRE": 0,
        "PREFIRE_STATUS": "postfire",
        "TILE_Z": 17,
        "TILE_X": 22312,
        "TILE_Y": 51341,
        "TILEXYZ": [
          17,
          22312,
          51341
        ],
        "OUTPUT_FILE": "/Users/maples/GitHub/mortalitree_testing/notebooks/single_tiles/postfire/17/22312/51341.geojson",
        "OUTPUT_STATUS_DIR": "postfire",
        "FEATURE_COUNT": 237
      },
      "geometry": {
        "type": "Polygon",
        "coordinates": [
          [
            [
              -118.71714023159159,
              36.28626967773536
            ],
            [
              -118.7170128692815,
              36.28626510753123
            ],
            [
              -118.71701867565373,
              36.28615904895089
            ],
            [
              -118.71714603779242,
              36.286163619137405
            ],
            [
              -118.71714023159159,
              36.28626967773536
            ]
          ]
        ]
      }
    },
    {
      "id": "60",
      "type": "Feature",
      "properties": {
        "id": null,
        "SOURCE_FILE": "/Users/maples/GitHub/mortalitree_testing/labels/bashah_mortalitree_postfire_labels.geojson",
        "SUNETID": "bashah",
        "FIRENAME": "CASTLE",
        "FIRE_SLUG": "CASTLE",
        "PREFIRE": 0,
        "PREFIRE_STATUS": "postfire",
        "TILE_Z": 17,
        "TILE_X": 22312,
        "TILE_Y": 51341,
        "TILEXYZ": [
          17,
          22312,
          51341
        ],
        "OUTPUT_FILE": "/Users/maples/GitHub/mortalitree_testing/notebooks/single_tiles/postfire/17/22312/51341.geojson",
        "OUTPUT_STATUS_DIR": "postfire",
        "FEATURE_COUNT": 237
      },
      "geometry": {
        "type": "Polygon",
        "coordinates": [
          [
            [
              -118.7172041194049,
              36.286301488797136
            ],
            [
              -118.71712770197799,
              36.286298746729635
            ],
            [
              -118.71713076637775,
              36.28624277136001
            ],
            [
              -118.71720718375038,
              36.28624551342193
            ],
            [
              -118.7172041194049,
              36.286301488797136
            ]
          ]
        ]
      }
    },
    {
      "id": "61",
      "type": "Feature",
      "properties": {
        "id": null,
        "SOURCE_FILE": "/Users/maples/GitHub/mortalitree_testing/labels/bashah_mortalitree_postfire_labels.geojson",
        "SUNETID": "bashah",
        "FIRENAME": "CASTLE",
        "FIRE_SLUG": "CASTLE",
        "PREFIRE": 0,
        "PREFIRE_STATUS": "postfire",
        "TILE_Z": 17,
        "TILE_X": 22312,
        "TILE_Y": 51341,
        "TILEXYZ": [
          17,
          22312,
          51341
        ],
        "OUTPUT_FILE": "/Users/maples/GitHub/mortalitree_testing/notebooks/single_tiles/postfire/17/22312/51341.geojson",
        "OUTPUT_STATUS_DIR": "postfire",
        "FEATURE_COUNT": 237
      },
      "geometry": {
        "type": "Polygon",
        "coordinates": [
          [
            [
              -118.71746735646616,
              36.28618843190794
            ],
            [
              -118.71739093912309,
              36.286185690015984
            ],
            [
              -118.71739351950187,
              36.286138552845514
            ],
            [
              -118.7174699367992,
              36.286141294732765
            ],
            [
              -118.71746735646616,
              36.28618843190794
            ]
          ]
        ]
      }
    },
    {
      "id": "62",
      "type": "Feature",
      "properties": {
        "id": null,
        "SOURCE_FILE": "/Users/maples/GitHub/mortalitree_testing/labels/bashah_mortalitree_postfire_labels.geojson",
        "SUNETID": "bashah",
        "FIRENAME": "CASTLE",
        "FIRE_SLUG": "CASTLE",
        "PREFIRE": 0,
        "PREFIRE_STATUS": "postfire",
        "TILE_Z": 17,
        "TILE_X": 22312,
        "TILE_Y": 51341,
        "TILEXYZ": [
          17,
          22312,
          51341
        ],
        "OUTPUT_FILE": "/Users/maples/GitHub/mortalitree_testing/notebooks/single_tiles/postfire/17/22312/51341.geojson",
        "OUTPUT_STATUS_DIR": "postfire",
        "FEATURE_COUNT": 237
      },
      "geometry": {
        "type": "Polygon",
        "coordinates": [
          [
            [
              -118.71746337015796,
              36.286294555832924
            ],
            [
              -118.71739423056341,
              36.286292075067124
            ],
            [
              -118.71739664967623,
              36.28624788397041
            ],
            [
              -118.71746578923202,
              36.28625036473223
            ],
            [
              -118.71746337015796,
              36.286294555832924
            ]
          ]
        ]
      }
    },
    {
      "id": "63",
      "type": "Feature",
      "properties": {
        "id": null,
        "SOURCE_FILE": "/Users/maples/GitHub/mortalitree_testing/labels/bashah_mortalitree_postfire_labels.geojson",
        "SUNETID": "bashah",
        "FIRENAME": "CASTLE",
        "FIRE_SLUG": "CASTLE",
        "PREFIRE": 0,
        "PREFIRE_STATUS": "postfire",
        "TILE_Z": 17,
        "TILE_X": 22312,
        "TILE_Y": 51341,
        "TILEXYZ": [
          17,
          22312,
          51341
        ],
        "OUTPUT_FILE": "/Users/maples/GitHub/mortalitree_testing/notebooks/single_tiles/postfire/17/22312/51341.geojson",
        "OUTPUT_STATUS_DIR": "postfire",
        "FEATURE_COUNT": 237
      },
      "geometry": {
        "type": "Polygon",
        "coordinates": [
          [
            [
              -118.71753344224378,
              36.2863133052456
            ],
            [
              -118.71746066369933,
              36.28631069395355
            ],
            [
              -118.71746340531952,
              36.286260610706385
            ],
            [
              -118.71753618381774,
              36.286263221993664
            ],
            [
              -118.71753344224378,
              36.2863133052456
            ]
          ]
        ]
      }
    },
    {
      "id": "64",
      "type": "Feature",
      "properties": {
        "id": null,
        "SOURCE_FILE": "/Users/maples/GitHub/mortalitree_testing/labels/bashah_mortalitree_postfire_labels.geojson",
        "SUNETID": "bashah",
        "FIRENAME": "CASTLE",
        "FIRE_SLUG": "CASTLE",
        "PREFIRE": 0,
        "PREFIRE_STATUS": "postfire",
        "TILE_Z": 17,
        "TILE_X": 22312,
        "TILE_Y": 51341,
        "TILEXYZ": [
          17,
          22312,
          51341
        ],
        "OUTPUT_FILE": "/Users/maples/GitHub/mortalitree_testing/notebooks/single_tiles/postfire/17/22312/51341.geojson",
        "OUTPUT_STATUS_DIR": "postfire",
        "FEATURE_COUNT": 237
      },
      "geometry": {
        "type": "Polygon",
        "coordinates": [
          [
            [
              -118.71729673038232,
              36.28617493004326
            ],
            [
              -118.71723486874734,
              36.28617271033262
            ],
            [
              -118.71723793305647,
              36.28611673495397
            ],
            [
              -118.71729979464749,
              36.28611895466007
            ],
            [
              -118.71729673038232,
              36.28617493004326
            ]
          ]
        ]
      }
    },
    {
      "id": "65",
      "type": "Feature",
      "properties": {
        "id": null,
        "SOURCE_FILE": "/Users/maples/GitHub/mortalitree_testing/labels/bashah_mortalitree_postfire_labels.geojson",
        "SUNETID": "bashah",
        "FIRENAME": "CASTLE",
        "FIRE_SLUG": "CASTLE",
        "PREFIRE": 0,
        "PREFIRE_STATUS": "postfire",
        "TILE_Z": 17,
        "TILE_X": 22312,
        "TILE_Y": 51341,
        "TILEXYZ": [
          17,
          22312,
          51341
        ],
        "OUTPUT_FILE": "/Users/maples/GitHub/mortalitree_testing/notebooks/single_tiles/postfire/17/22312/51341.geojson",
        "OUTPUT_STATUS_DIR": "postfire",
        "FEATURE_COUNT": 237
      },
      "geometry": {
        "type": "Polygon",
        "coordinates": [
          [
            [
              -118.71735564363765,
              36.286197706948805
            ],
            [
              -118.7172901430591,
              36.28619535669697
            ],
            [
              -118.71729240094469,
              36.28615411167836
            ],
            [
              -118.71735790148897,
              36.286156461926666
            ],
            [
              -118.71735564363765,
              36.286197706948805
            ]
          ]
        ]
      }
    },
    {
      "id": "66",
      "type": "Feature",
      "properties": {
        "id": null,
        "SOURCE_FILE": "/Users/maples/GitHub/mortalitree_testing/labels/bashah_mortalitree_postfire_labels.geojson",
        "SUNETID": "bashah",
        "FIRENAME": "CASTLE",
        "FIRE_SLUG": "CASTLE",
        "PREFIRE": 0,
        "PREFIRE_STATUS": "postfire",
        "TILE_Z": 17,
        "TILE_X": 22312,
        "TILE_Y": 51341,
        "TILEXYZ": [
          17,
          22312,
          51341
        ],
        "OUTPUT_FILE": "/Users/maples/GitHub/mortalitree_testing/notebooks/single_tiles/postfire/17/22312/51341.geojson",
        "OUTPUT_STATUS_DIR": "postfire",
        "FEATURE_COUNT": 237
      },
      "geometry": {
        "type": "Polygon",
        "coordinates": [
          [
            [
              -118.71731178008284,
              36.28623303131343
            ],
            [
              -118.71724627947854,
              36.28623068103561
            ],
            [
              -118.71724869866934,
              36.286186489947006
            ],
            [
              -118.71731419923692,
              36.28618884022105
            ],
            [
              -118.71731178008284,
              36.28623303131343
            ]
          ]
        ]
      }
    },
    {
      "id": "67",
      "type": "Feature",
      "properties": {
        "id": null,
        "SOURCE_FILE": "/Users/maples/GitHub/mortalitree_testing/labels/bashah_mortalitree_postfire_labels.geojson",
        "SUNETID": "bashah",
        "FIRENAME": "CASTLE",
        "FIRE_SLUG": "CASTLE",
        "PREFIRE": 0,
        "PREFIRE_STATUS": "postfire",
        "TILE_Z": 17,
        "TILE_X": 22312,
        "TILE_Y": 51341,
        "TILEXYZ": [
          17,
          22312,
          51341
        ],
        "OUTPUT_FILE": "/Users/maples/GitHub/mortalitree_testing/notebooks/single_tiles/postfire/17/22312/51341.geojson",
        "OUTPUT_STATUS_DIR": "postfire",
        "FEATURE_COUNT": 237
      },
      "geometry": {
        "type": "Polygon",
        "coordinates": [
          [
            [
              -118.71734243379927,
              36.2862725053869
            ],
            [
              -118.71727693315935,
              36.28627015512369
            ],
            [
              -118.71727902977973,
              36.286231856178986
            ],
            [
              -118.71734453038782,
              36.28623420643893
            ],
            [
              -118.71734243379927,
              36.2862725053869
            ]
          ]
        ]
      }
    },
    {
      "id": "68",
      "type": "Feature",
      "properties": {
        "id": null,
        "SOURCE_FILE": "/Users/maples/GitHub/mortalitree_testing/labels/bashah_mortalitree_postfire_labels.geojson",
        "SUNETID": "bashah",
        "FIRENAME": "CASTLE",
        "FIRE_SLUG": "CASTLE",
        "PREFIRE": 0,
        "PREFIRE_STATUS": "postfire",
        "TILE_Z": 17,
        "TILE_X": 22312,
        "TILE_Y": 51341,
        "TILEXYZ": [
          17,
          22312,
          51341
        ],
        "OUTPUT_FILE": "/Users/maples/GitHub/mortalitree_testing/notebooks/single_tiles/postfire/17/22312/51341.geojson",
        "OUTPUT_STATUS_DIR": "postfire",
        "FEATURE_COUNT": 237
      },
      "geometry": {
        "type": "Polygon",
        "coordinates": [
          [
            [
              -118.71730892249997,
              36.28631853270918
            ],
            [
              -118.71723250504597,
              36.28631579070756
            ],
            [
              -118.71723524681246,
              36.28626570747543
            ],
            [
              -118.71731166421793,
              36.286268449472054
            ],
            [
              -118.71730892249997,
              36.28631853270918
            ]
          ]
        ]
      }
    },
    {
      "id": "69",
      "type": "Feature",
      "properties": {
        "id": null,
        "SOURCE_FILE": "/Users/maples/GitHub/mortalitree_testing/labels/bashah_mortalitree_postfire_labels.geojson",
        "SUNETID": "bashah",
        "FIRENAME": "CASTLE",
        "FIRE_SLUG": "CASTLE",
        "PREFIRE": 0,
        "PREFIRE_STATUS": "postfire",
        "TILE_Z": 17,
        "TILE_X": 22312,
        "TILE_Y": 51341,
        "TILEXYZ": [
          17,
          22312,
          51341
        ],
        "OUTPUT_FILE": "/Users/maples/GitHub/mortalitree_testing/notebooks/single_tiles/postfire/17/22312/51341.geojson",
        "OUTPUT_STATUS_DIR": "postfire",
        "FEATURE_COUNT": 237
      },
      "geometry": {
        "type": "Polygon",
        "coordinates": [
          [
            [
              -118.71718347530992,
              36.286145775409885
            ],
            [
              -118.71703791860831,
              36.28614055237633
            ],
            [
              -118.71704356363422,
              36.28603743986217
            ],
            [
              -118.7171891201454,
              36.28604266287614
            ],
            [
              -118.71718347530992,
              36.286145775409885
            ]
          ]
        ]
      }
    },
    {
      "id": "70",
      "type": "Feature",
      "properties": {
        "id": null,
        "SOURCE_FILE": "/Users/maples/GitHub/mortalitree_testing/labels/bashah_mortalitree_postfire_labels.geojson",
        "SUNETID": "bashah",
        "FIRENAME": "CASTLE",
        "FIRE_SLUG": "CASTLE",
        "PREFIRE": 0,
        "PREFIRE_STATUS": "postfire",
        "TILE_Z": 17,
        "TILE_X": 22312,
        "TILE_Y": 51341,
        "TILEXYZ": [
          17,
          22312,
          51341
        ],
        "OUTPUT_FILE": "/Users/maples/GitHub/mortalitree_testing/notebooks/single_tiles/postfire/17/22312/51341.geojson",
        "OUTPUT_STATUS_DIR": "postfire",
        "FEATURE_COUNT": 237
      },
      "geometry": {
        "type": "Polygon",
        "coordinates": [
          [
            [
              -118.71720256704471,
              36.28619664208087
            ],
            [
              -118.71712614972019,
              36.28619390001917
            ],
            [
              -118.71712921410933,
              36.28613792464869
            ],
            [
              -118.71720563137957,
              36.286140666704796
            ],
            [
              -118.71720256704471,
              36.28619664208087
            ]
          ]
        ]
      }
    },
    {
      "id": "71",
      "type": "Feature",
      "properties": {
        "id": null,
        "SOURCE_FILE": "/Users/maples/GitHub/mortalitree_testing/labels/bashah_mortalitree_postfire_labels.geojson",
        "SUNETID": "bashah",
        "FIRENAME": "CASTLE",
        "FIRE_SLUG": "CASTLE",
        "PREFIRE": 0,
        "PREFIRE_STATUS": "postfire",
        "TILE_Z": 17,
        "TILE_X": 22312,
        "TILE_Y": 51341,
        "TILEXYZ": [
          17,
          22312,
          51341
        ],
        "OUTPUT_FILE": "/Users/maples/GitHub/mortalitree_testing/notebooks/single_tiles/postfire/17/22312/51341.geojson",
        "OUTPUT_STATUS_DIR": "postfire",
        "FEATURE_COUNT": 237
      },
      "geometry": {
        "type": "Polygon",
        "coordinates": [
          [
            [
              -118.71699750714504,
              36.28627931557147
            ],
            [
              -118.71685922807573,
              36.28627435346308
            ],
            [
              -118.71686519595134,
              36.286165348833144
            ],
            [
              -118.71700347482941,
              36.286170310921875
            ],
            [
              -118.71699750714504,
              36.28627931557147
            ]
          ]
        ]
      }
    },
    {
      "id": "72",
      "type": "Feature",
      "properties": {
        "id": null,
        "SOURCE_FILE": "/Users/maples/GitHub/mortalitree_testing/labels/bashah_mortalitree_postfire_labels.geojson",
        "SUNETID": "bashah",
        "FIRENAME": "CASTLE",
        "FIRE_SLUG": "CASTLE",
        "PREFIRE": 0,
        "PREFIRE_STATUS": "postfire",
        "TILE_Z": 17,
        "TILE_X": 22312,
        "TILE_Y": 51341,
        "TILEXYZ": [
          17,
          22312,
          51341
        ],
        "OUTPUT_FILE": "/Users/maples/GitHub/mortalitree_testing/notebooks/single_tiles/postfire/17/22312/51341.geojson",
        "OUTPUT_STATUS_DIR": "postfire",
        "FEATURE_COUNT": 237
      },
      "geometry": {
        "type": "Polygon",
        "coordinates": [
          [
            [
              -118.7169923006036,
              36.28634111778401
            ],
            [
              -118.71689768853118,
              36.286337722665365
            ],
            [
              -118.71690123697802,
              36.28627290909938
            ],
            [
              -118.71699584897263,
              36.28627630421003
            ],
            [
              -118.7169923006036,
              36.28634111778401
            ]
          ]
        ]
      }
    },
    {
      "id": "73",
      "type": "Feature",
      "properties": {
        "id": null,
        "SOURCE_FILE": "/Users/maples/GitHub/mortalitree_testing/labels/bashah_mortalitree_postfire_labels.geojson",
        "SUNETID": "bashah",
        "FIRENAME": "CASTLE",
        "FIRE_SLUG": "CASTLE",
        "PREFIRE": 0,
        "PREFIRE_STATUS": "postfire",
        "TILE_Z": 17,
        "TILE_X": 22312,
        "TILE_Y": 51341,
        "TILEXYZ": [
          17,
          22312,
          51341
        ],
        "OUTPUT_FILE": "/Users/maples/GitHub/mortalitree_testing/notebooks/single_tiles/postfire/17/22312/51341.geojson",
        "OUTPUT_STATUS_DIR": "postfire",
        "FEATURE_COUNT": 237
      },
      "geometry": {
        "type": "Polygon",
        "coordinates": [
          [
            [
              -118.71736423663559,
              36.28607403716513
            ],
            [
              -118.71721504111811,
              36.286068683788066
            ],
            [
              -118.71722036333819,
              36.285971463393906
            ],
            [
              -118.71736955867162,
              36.28597681675205
            ],
            [
              -118.71736423663559,
              36.28607403716513
            ]
          ]
        ]
      }
    },
    {
      "id": "74",
      "type": "Feature",
      "properties": {
        "id": null,
        "SOURCE_FILE": "/Users/maples/GitHub/mortalitree_testing/labels/bashah_mortalitree_postfire_labels.geojson",
        "SUNETID": "bashah",
        "FIRENAME": "CASTLE",
        "FIRE_SLUG": "CASTLE",
        "PREFIRE": 0,
        "PREFIRE_STATUS": "postfire",
        "TILE_Z": 17,
        "TILE_X": 22312,
        "TILE_Y": 51341,
        "TILEXYZ": [
          17,
          22312,
          51341
        ],
        "OUTPUT_FILE": "/Users/maples/GitHub/mortalitree_testing/notebooks/single_tiles/postfire/17/22312/51341.geojson",
        "OUTPUT_STATUS_DIR": "postfire",
        "FEATURE_COUNT": 237
      },
      "geometry": {
        "type": "Polygon",
        "coordinates": [
          [
            [
              -118.71741161288676,
              36.286007844286644
            ],
            [
              -118.71735339028666,
              36.28600575521228
            ],
            [
              -118.71735564812332,
              36.28596451018894
            ],
            [
              -118.71741387069297,
              36.28596659926018
            ],
            [
              -118.71741161288676,
              36.286007844286644
            ]
          ]
        ]
      }
    },
    {
      "id": "75",
      "type": "Feature",
      "properties": {
        "id": null,
        "SOURCE_FILE": "/Users/maples/GitHub/mortalitree_testing/labels/bashah_mortalitree_postfire_labels.geojson",
        "SUNETID": "bashah",
        "FIRENAME": "CASTLE",
        "FIRE_SLUG": "CASTLE",
        "PREFIRE": 0,
        "PREFIRE_STATUS": "postfire",
        "TILE_Z": 17,
        "TILE_X": 22312,
        "TILE_Y": 51341,
        "TILEXYZ": [
          17,
          22312,
          51341
        ],
        "OUTPUT_FILE": "/Users/maples/GitHub/mortalitree_testing/notebooks/single_tiles/postfire/17/22312/51341.geojson",
        "OUTPUT_STATUS_DIR": "postfire",
        "FEATURE_COUNT": 237
      },
      "geometry": {
        "type": "Polygon",
        "coordinates": [
          [
            [
              -118.7168791575962,
              36.2859769308598
            ],
            [
              -118.71677726816127,
              36.28597327451011
            ],
            [
              -118.71678146184092,
              36.28589667666674
            ],
            [
              -118.71688335117683,
              36.28590033300624
            ],
            [
              -118.7168791575962,
              36.2859769308598
            ]
          ]
        ]
      }
    },
    {
      "id": "76",
      "type": "Feature",
      "properties": {
        "id": null,
        "SOURCE_FILE": "/Users/maples/GitHub/mortalitree_testing/labels/bashah_mortalitree_postfire_labels.geojson",
        "SUNETID": "bashah",
        "FIRENAME": "CASTLE",
        "FIRE_SLUG": "CASTLE",
        "PREFIRE": 0,
        "PREFIRE_STATUS": "postfire",
        "TILE_Z": 17,
        "TILE_X": 22312,
        "TILE_Y": 51341,
        "TILEXYZ": [
          17,
          22312,
          51341
        ],
        "OUTPUT_FILE": "/Users/maples/GitHub/mortalitree_testing/notebooks/single_tiles/postfire/17/22312/51341.geojson",
        "OUTPUT_STATUS_DIR": "postfire",
        "FEATURE_COUNT": 237
      },
      "geometry": {
        "type": "Polygon",
        "coordinates": [
          [
            [
              -118.71604919098884,
              36.28585268512082
            ],
            [
              -118.71593274623315,
              36.285848505632444
            ],
            [
              -118.71593694071902,
              36.28577190787226
            ],
            [
              -118.71605338536156,
              36.285776087349014
            ],
            [
              -118.71604919098884,
              36.28585268512082
            ]
          ]
        ]
      }
    },
    {
      "id": "77",
      "type": "Feature",
      "properties": {
        "id": null,
        "SOURCE_FILE": "/Users/maples/GitHub/mortalitree_testing/labels/bashah_mortalitree_postfire_labels.geojson",
        "SUNETID": "bashah",
        "FIRENAME": "CASTLE",
        "FIRE_SLUG": "CASTLE",
        "PREFIRE": 0,
        "PREFIRE_STATUS": "postfire",
        "TILE_Z": 17,
        "TILE_X": 22312,
        "TILE_Y": 51341,
        "TILEXYZ": [
          17,
          22312,
          51341
        ],
        "OUTPUT_FILE": "/Users/maples/GitHub/mortalitree_testing/notebooks/single_tiles/postfire/17/22312/51341.geojson",
        "OUTPUT_STATUS_DIR": "postfire",
        "FEATURE_COUNT": 237
      },
      "geometry": {
        "type": "Polygon",
        "coordinates": [
          [
            [
              -118.71643098127865,
              36.286071541894344
            ],
            [
              -118.71627086921855,
              36.286065795550215
            ],
            [
              -118.71627780575285,
              36.28593911458684
            ],
            [
              -118.71643791755565,
              36.28594486090451
            ],
            [
              -118.71643098127865,
              36.286071541894344
            ]
          ]
        ]
      }
    },
    {
      "id": "78",
      "type": "Feature",
      "properties": {
        "id": null,
        "SOURCE_FILE": "/Users/maples/GitHub/mortalitree_testing/labels/bashah_mortalitree_postfire_labels.geojson",
        "SUNETID": "bashah",
        "FIRENAME": "CASTLE",
        "FIRE_SLUG": "CASTLE",
        "PREFIRE": 0,
        "PREFIRE_STATUS": "postfire",
        "TILE_Z": 17,
        "TILE_X": 22312,
        "TILE_Y": 51341,
        "TILEXYZ": [
          17,
          22312,
          51341
        ],
        "OUTPUT_FILE": "/Users/maples/GitHub/mortalitree_testing/notebooks/single_tiles/postfire/17/22312/51341.geojson",
        "OUTPUT_STATUS_DIR": "postfire",
        "FEATURE_COUNT": 237
      },
      "geometry": {
        "type": "Polygon",
        "coordinates": [
          [
            [
              -118.71622753421227,
              36.28612475333905
            ],
            [
              -118.71609289446681,
              36.28611992096518
            ],
            [
              -118.71609934733861,
              36.286002078237246
            ],
            [
              -118.7162339868828,
              36.286006910590416
            ],
            [
              -118.71622753421227,
              36.28612475333905
            ]
          ]
        ]
      }
    },
    {
      "id": "79",
      "type": "Feature",
      "properties": {
        "id": null,
        "SOURCE_FILE": "/Users/maples/GitHub/mortalitree_testing/labels/bashah_mortalitree_postfire_labels.geojson",
        "SUNETID": "bashah",
        "FIRENAME": "CASTLE",
        "FIRE_SLUG": "CASTLE",
        "PREFIRE": 0,
        "PREFIRE_STATUS": "postfire",
        "TILE_Z": 17,
        "TILE_X": 22312,
        "TILE_Y": 51341,
        "TILEXYZ": [
          17,
          22312,
          51341
        ],
        "OUTPUT_FILE": "/Users/maples/GitHub/mortalitree_testing/notebooks/single_tiles/postfire/17/22312/51341.geojson",
        "OUTPUT_STATUS_DIR": "postfire",
        "FEATURE_COUNT": 237
      },
      "geometry": {
        "type": "Polygon",
        "coordinates": [
          [
            [
              -118.71631390957769,
              36.286211981337395
            ],
            [
              -118.71617926966717,
              36.28620714905082
            ],
            [
              -118.71618378660484,
              36.28612465913346
            ],
            [
              -118.71631842637449,
              36.286129491405546
            ],
            [
              -118.71631390957769,
              36.286211981337395
            ]
          ]
        ]
      }
    },
    {
      "id": "80",
      "type": "Feature",
      "properties": {
        "id": null,
        "SOURCE_FILE": "/Users/maples/GitHub/mortalitree_testing/labels/bashah_mortalitree_postfire_labels.geojson",
        "SUNETID": "bashah",
        "FIRENAME": "CASTLE",
        "FIRE_SLUG": "CASTLE",
        "PREFIRE": 0,
        "PREFIRE_STATUS": "postfire",
        "TILE_Z": 17,
        "TILE_X": 22312,
        "TILE_Y": 51341,
        "TILEXYZ": [
          17,
          22312,
          51341
        ],
        "OUTPUT_FILE": "/Users/maples/GitHub/mortalitree_testing/notebooks/single_tiles/postfire/17/22312/51341.geojson",
        "OUTPUT_STATUS_DIR": "postfire",
        "FEATURE_COUNT": 237
      },
      "geometry": {
        "type": "Polygon",
        "coordinates": [
          [
            [
              -118.7160924379527,
              36.28632801058778
            ],
            [
              -118.71601965953208,
              36.28632539841779
            ],
            [
              -118.71602337002913,
              36.28625763885846
            ],
            [
              -118.71609614838718,
              36.286260251022014
            ],
            [
              -118.7160924379527,
              36.28632801058778
            ]
          ]
        ]
      }
    },
    {
      "id": "81",
      "type": "Feature",
      "properties": {
        "id": null,
        "SOURCE_FILE": "/Users/maples/GitHub/mortalitree_testing/labels/bashah_mortalitree_postfire_labels.geojson",
        "SUNETID": "bashah",
        "FIRENAME": "CASTLE",
        "FIRE_SLUG": "CASTLE",
        "PREFIRE": 0,
        "PREFIRE_STATUS": "postfire",
        "TILE_Z": 17,
        "TILE_X": 22312,
        "TILE_Y": 51341,
        "TILEXYZ": [
          17,
          22312,
          51341
        ],
        "OUTPUT_FILE": "/Users/maples/GitHub/mortalitree_testing/notebooks/single_tiles/postfire/17/22312/51341.geojson",
        "OUTPUT_STATUS_DIR": "postfire",
        "FEATURE_COUNT": 237
      },
      "geometry": {
        "type": "Polygon",
        "coordinates": [
          [
            [
              -118.71623649799714,
              36.286327277356634
            ],
            [
              -118.7161855530926,
              36.28632544890368
            ],
            [
              -118.71618813420946,
              36.2862783118088
            ],
            [
              -118.71623907908355,
              36.28628014025861
            ],
            [
              -118.71623649799714,
              36.286327277356634
            ]
          ]
        ]
      }
    },
    {
      "id": "82",
      "type": "Feature",
      "properties": {
        "id": null,
        "SOURCE_FILE": "/Users/maples/GitHub/mortalitree_testing/labels/bashah_mortalitree_postfire_labels.geojson",
        "SUNETID": "bashah",
        "FIRENAME": "CASTLE",
        "FIRE_SLUG": "CASTLE",
        "PREFIRE": 0,
        "PREFIRE_STATUS": "postfire",
        "TILE_Z": 17,
        "TILE_X": 22312,
        "TILE_Y": 51341,
        "TILEXYZ": [
          17,
          22312,
          51341
        ],
        "OUTPUT_FILE": "/Users/maples/GitHub/mortalitree_testing/notebooks/single_tiles/postfire/17/22312/51341.geojson",
        "OUTPUT_STATUS_DIR": "postfire",
        "FEATURE_COUNT": 237
      },
      "geometry": {
        "type": "Polygon",
        "coordinates": [
          [
            [
              -118.71648477739139,
              36.28622106549918
            ],
            [
              -118.71638288769175,
              36.286217408792375
            ],
            [
              -118.71638675917154,
              36.286146703130285
            ],
            [
              -118.71648864877974,
              36.28615035982768
            ],
            [
              -118.71648477739139,
              36.28622106549918
            ]
          ]
        ]
      }
    },
    {
      "id": "83",
      "type": "Feature",
      "properties": {
        "id": null,
        "SOURCE_FILE": "/Users/maples/GitHub/mortalitree_testing/labels/bashah_mortalitree_postfire_labels.geojson",
        "SUNETID": "bashah",
        "FIRENAME": "CASTLE",
        "FIRE_SLUG": "CASTLE",
        "PREFIRE": 0,
        "PREFIRE_STATUS": "postfire",
        "TILE_Z": 17,
        "TILE_X": 22312,
        "TILE_Y": 51341,
        "TILEXYZ": [
          17,
          22312,
          51341
        ],
        "OUTPUT_FILE": "/Users/maples/GitHub/mortalitree_testing/notebooks/single_tiles/postfire/17/22312/51341.geojson",
        "OUTPUT_STATUS_DIR": "postfire",
        "FEATURE_COUNT": 237
      },
      "geometry": {
        "type": "Polygon",
        "coordinates": [
          [
            [
              -118.71644144244067,
              36.28628002336975
            ],
            [
              -118.71635046943042,
              36.28627675841959
            ],
            [
              -118.71635369569587,
              36.28621783703767
            ],
            [
              -118.71644466863809,
              36.28622110198084
            ],
            [
              -118.71644144244067,
              36.28628002336975
            ]
          ]
        ]
      }
    },
    {
      "id": "84",
      "type": "Feature",
      "properties": {
        "id": null,
        "SOURCE_FILE": "/Users/maples/GitHub/mortalitree_testing/labels/bashah_mortalitree_postfire_labels.geojson",
        "SUNETID": "bashah",
        "FIRENAME": "CASTLE",
        "FIRE_SLUG": "CASTLE",
        "PREFIRE": 0,
        "PREFIRE_STATUS": "postfire",
        "TILE_Z": 17,
        "TILE_X": 22312,
        "TILE_Y": 51341,
        "TILEXYZ": [
          17,
          22312,
          51341
        ],
        "OUTPUT_FILE": "/Users/maples/GitHub/mortalitree_testing/notebooks/single_tiles/postfire/17/22312/51341.geojson",
        "OUTPUT_STATUS_DIR": "postfire",
        "FEATURE_COUNT": 237
      },
      "geometry": {
        "type": "Polygon",
        "coordinates": [
          [
            [
              -118.71654732932214,
              36.28624397338602
            ],
            [
              -118.71648546769346,
              36.286241753284074
            ],
            [
              -118.7164886938533,
              36.2861828318914
            ],
            [
              -118.71655055543572,
              36.28618505198858
            ],
            [
              -118.71654732932214,
              36.28624397338602
            ]
          ]
        ]
      }
    },
    {
      "id": "85",
      "type": "Feature",
      "properties": {
        "id": null,
        "SOURCE_FILE": "/Users/maples/GitHub/mortalitree_testing/labels/bashah_mortalitree_postfire_labels.geojson",
        "SUNETID": "bashah",
        "FIRENAME": "CASTLE",
        "FIRE_SLUG": "CASTLE",
        "PREFIRE": 0,
        "PREFIRE_STATUS": "postfire",
        "TILE_Z": 17,
        "TILE_X": 22312,
        "TILE_Y": 51341,
        "TILEXYZ": [
          17,
          22312,
          51341
        ],
        "OUTPUT_FILE": "/Users/maples/GitHub/mortalitree_testing/notebooks/single_tiles/postfire/17/22312/51341.geojson",
        "OUTPUT_STATUS_DIR": "postfire",
        "FEATURE_COUNT": 237
      },
      "geometry": {
        "type": "Polygon",
        "coordinates": [
          [
            [
              -118.71652461813098,
              36.286325810371224
            ],
            [
              -118.71642636721245,
              36.2863222842866
            ],
            [
              -118.71643136783975,
              36.286230956135896
            ],
            [
              -118.71652961864443,
              36.28623448220881
            ],
            [
              -118.71652461813098,
              36.286325810371224
            ]
          ]
        ]
      }
    },
    {
      "id": "86",
      "type": "Feature",
      "properties": {
        "id": null,
        "SOURCE_FILE": "/Users/maples/GitHub/mortalitree_testing/labels/bashah_mortalitree_postfire_labels.geojson",
        "SUNETID": "bashah",
        "FIRENAME": "CASTLE",
        "FIRE_SLUG": "CASTLE",
        "PREFIRE": 0,
        "PREFIRE_STATUS": "postfire",
        "TILE_Z": 17,
        "TILE_X": 22312,
        "TILE_Y": 51341,
        "TILEXYZ": [
          17,
          22312,
          51341
        ],
        "OUTPUT_FILE": "/Users/maples/GitHub/mortalitree_testing/notebooks/single_tiles/postfire/17/22312/51341.geojson",
        "OUTPUT_STATUS_DIR": "postfire",
        "FEATURE_COUNT": 237
      },
      "geometry": {
        "type": "Polygon",
        "coordinates": [
          [
            [
              -118.71601466696423,
              36.28618353003037
            ],
            [
              -118.71592369411691,
              36.286180264762955
            ],
            [
              -118.71592708202029,
              36.28611839734555
            ],
            [
              -118.71601805479622,
              36.286121662605616
            ],
            [
              -118.71601466696423,
              36.28618353003037
            ]
          ]
        ]
      }
    },
    {
      "id": "87",
      "type": "Feature",
      "properties": {
        "id": null,
        "SOURCE_FILE": "/Users/maples/GitHub/mortalitree_testing/labels/bashah_mortalitree_postfire_labels.geojson",
        "SUNETID": "bashah",
        "FIRENAME": "CASTLE",
        "FIRE_SLUG": "CASTLE",
        "PREFIRE": 0,
        "PREFIRE_STATUS": "postfire",
        "TILE_Z": 17,
        "TILE_X": 22312,
        "TILE_Y": 51341,
        "TILEXYZ": [
          17,
          22312,
          51341
        ],
        "OUTPUT_FILE": "/Users/maples/GitHub/mortalitree_testing/notebooks/single_tiles/postfire/17/22312/51341.geojson",
        "OUTPUT_STATUS_DIR": "postfire",
        "FEATURE_COUNT": 237
      },
      "geometry": {
        "type": "Polygon",
        "coordinates": [
          [
            [
              -118.71595948279509,
              36.28622582719774
            ],
            [
              -118.71589034339746,
              36.28622334556641
            ],
            [
              -118.71589227936164,
              36.28618799275838
            ],
            [
              -118.71596141872824,
              36.28619047438652
            ],
            [
              -118.71595948279509,
              36.28622582719774
            ]
          ]
        ]
      }
    },
    {
      "id": "88",
      "type": "Feature",
      "properties": {
        "id": null,
        "SOURCE_FILE": "/Users/maples/GitHub/mortalitree_testing/labels/bashah_mortalitree_postfire_labels.geojson",
        "SUNETID": "bashah",
        "FIRENAME": "CASTLE",
        "FIRE_SLUG": "CASTLE",
        "PREFIRE": 0,
        "PREFIRE_STATUS": "postfire",
        "TILE_Z": 17,
        "TILE_X": 22312,
        "TILE_Y": 51341,
        "TILEXYZ": [
          17,
          22312,
          51341
        ],
        "OUTPUT_FILE": "/Users/maples/GitHub/mortalitree_testing/notebooks/single_tiles/postfire/17/22312/51341.geojson",
        "OUTPUT_STATUS_DIR": "postfire",
        "FEATURE_COUNT": 237
      },
      "geometry": {
        "type": "Polygon",
        "coordinates": [
          [
            [
              -118.71590207578186,
              36.28627542419725
            ],
            [
              -118.71585476985094,
              36.286273726218575
            ],
            [
              -118.7158567058347,
              36.286238373412495
            ],
            [
              -118.7159040117444,
              36.28624007138899
            ],
            [
              -118.71590207578186,
              36.28627542419725
            ]
          ]
        ]
      }
    },
    {
      "id": "89",
      "type": "Feature",
      "properties": {
        "id": null,
        "SOURCE_FILE": "/Users/maples/GitHub/mortalitree_testing/labels/bashah_mortalitree_postfire_labels.geojson",
        "SUNETID": "bashah",
        "FIRENAME": "CASTLE",
        "FIRE_SLUG": "CASTLE",
        "PREFIRE": 0,
        "PREFIRE_STATUS": "postfire",
        "TILE_Z": 17,
        "TILE_X": 22312,
        "TILE_Y": 51341,
        "TILEXYZ": [
          17,
          22312,
          51341
        ],
        "OUTPUT_FILE": "/Users/maples/GitHub/mortalitree_testing/notebooks/single_tiles/postfire/17/22312/51341.geojson",
        "OUTPUT_STATUS_DIR": "postfire",
        "FEATURE_COUNT": 237
      },
      "geometry": {
        "type": "Polygon",
        "coordinates": [
          [
            [
              -118.7159077671609,
              36.28620478388675
            ],
            [
              -118.71578404407592,
              36.28620034299336
            ],
            [
              -118.715789206763,
              36.2861060688507
            ],
            [
              -118.71591292970001,
              36.28611050972888
            ],
            [
              -118.7159077671609,
              36.28620478388675
            ]
          ]
        ]
      }
    },
    {
      "id": "90",
      "type": "Feature",
      "properties": {
        "id": null,
        "SOURCE_FILE": "/Users/maples/GitHub/mortalitree_testing/labels/bashah_mortalitree_postfire_labels.geojson",
        "SUNETID": "bashah",
        "FIRENAME": "CASTLE",
        "FIRE_SLUG": "CASTLE",
        "PREFIRE": 0,
        "PREFIRE_STATUS": "postfire",
        "TILE_Z": 17,
        "TILE_X": 22312,
        "TILE_Y": 51341,
        "TILEXYZ": [
          17,
          22312,
          51341
        ],
        "OUTPUT_FILE": "/Users/maples/GitHub/mortalitree_testing/notebooks/single_tiles/postfire/17/22312/51341.geojson",
        "OUTPUT_STATUS_DIR": "postfire",
        "FEATURE_COUNT": 237
      },
      "geometry": {
        "type": "Polygon",
        "coordinates": [
          [
            [
              -118.71594923814047,
              36.28611328887906
            ],
            [
              -118.71581823737363,
              36.286108586808254
            ],
            [
              -118.71582356133405,
              36.28601136659276
            ],
            [
              -118.71595456193933,
              36.28601606864693
            ],
            [
              -118.71594923814047,
              36.28611328887906
            ]
          ]
        ]
      }
    },
    {
      "id": "91",
      "type": "Feature",
      "properties": {
        "id": null,
        "SOURCE_FILE": "/Users/maples/GitHub/mortalitree_testing/labels/bashah_mortalitree_postfire_labels.geojson",
        "SUNETID": "bashah",
        "FIRENAME": "CASTLE",
        "FIRE_SLUG": "CASTLE",
        "PREFIRE": 0,
        "PREFIRE_STATUS": "postfire",
        "TILE_Z": 17,
        "TILE_X": 22312,
        "TILE_Y": 51341,
        "TILEXYZ": [
          17,
          22312,
          51341
        ],
        "OUTPUT_FILE": "/Users/maples/GitHub/mortalitree_testing/notebooks/single_tiles/postfire/17/22312/51341.geojson",
        "OUTPUT_STATUS_DIR": "postfire",
        "FEATURE_COUNT": 237
      },
      "geometry": {
        "type": "Polygon",
        "coordinates": [
          [
            [
              -118.71582854463881,
              36.286086817841976
            ],
            [
              -118.71571937738511,
              36.28608289935184
            ],
            [
              -118.71572389478632,
              36.286000409482504
            ],
            [
              -118.71583306192576,
              36.2860043279609
            ],
            [
              -118.71582854463881,
              36.286086817841976
            ]
          ]
        ]
      }
    },
    {
      "id": "92",
      "type": "Feature",
      "properties": {
        "id": null,
        "SOURCE_FILE": "/Users/maples/GitHub/mortalitree_testing/labels/bashah_mortalitree_postfire_labels.geojson",
        "SUNETID": "bashah",
        "FIRENAME": "CASTLE",
        "FIRE_SLUG": "CASTLE",
        "PREFIRE": 0,
        "PREFIRE_STATUS": "postfire",
        "TILE_Z": 17,
        "TILE_X": 22312,
        "TILE_Y": 51341,
        "TILEXYZ": [
          17,
          22312,
          51341
        ],
        "OUTPUT_FILE": "/Users/maples/GitHub/mortalitree_testing/notebooks/single_tiles/postfire/17/22312/51341.geojson",
        "OUTPUT_STATUS_DIR": "postfire",
        "FEATURE_COUNT": 237
      },
      "geometry": {
        "type": "Polygon",
        "coordinates": [
          [
            [
              -118.71571346150944,
              36.286290792979656
            ],
            [
              -118.71559701615412,
              36.28628661312111
            ],
            [
              -118.71560379249264,
              36.286162878340605
            ],
            [
              -118.71572023766515,
              36.28616705818033
            ],
            [
              -118.71571346150944,
              36.286290792979656
            ]
          ]
        ]
      }
    },
    {
      "id": "93",
      "type": "Feature",
      "properties": {
        "id": null,
        "SOURCE_FILE": "/Users/maples/GitHub/mortalitree_testing/labels/bashah_mortalitree_postfire_labels.geojson",
        "SUNETID": "bashah",
        "FIRENAME": "CASTLE",
        "FIRE_SLUG": "CASTLE",
        "PREFIRE": 0,
        "PREFIRE_STATUS": "postfire",
        "TILE_Z": 17,
        "TILE_X": 22312,
        "TILE_Y": 51341,
        "TILEXYZ": [
          17,
          22312,
          51341
        ],
        "OUTPUT_FILE": "/Users/maples/GitHub/mortalitree_testing/notebooks/single_tiles/postfire/17/22312/51341.geojson",
        "OUTPUT_STATUS_DIR": "postfire",
        "FEATURE_COUNT": 237
      },
      "geometry": {
        "type": "Polygon",
        "coordinates": [
          [
            [
              -118.7158219478408,
              36.286340440840945
            ],
            [
              -118.71572005807452,
              36.28633678355906
            ],
            [
              -118.71572425284309,
              36.28626018582649
            ],
            [
              -118.7158261425103,
              36.286263843098205
            ],
            [
              -118.7158219478408,
              36.286340440840945
            ]
          ]
        ]
      }
    },
    {
      "id": "94",
      "type": "Feature",
      "properties": {
        "id": null,
        "SOURCE_FILE": "/Users/maples/GitHub/mortalitree_testing/labels/bashah_mortalitree_postfire_labels.geojson",
        "SUNETID": "bashah",
        "FIRENAME": "CASTLE",
        "FIRE_SLUG": "CASTLE",
        "PREFIRE": 0,
        "PREFIRE_STATUS": "postfire",
        "TILE_Z": 17,
        "TILE_X": 22312,
        "TILE_Y": 51341,
        "TILEXYZ": [
          17,
          22312,
          51341
        ],
        "OUTPUT_FILE": "/Users/maples/GitHub/mortalitree_testing/notebooks/single_tiles/postfire/17/22312/51341.geojson",
        "OUTPUT_STATUS_DIR": "postfire",
        "FEATURE_COUNT": 237
      },
      "geometry": {
        "type": "Polygon",
        "coordinates": [
          [
            [
              -118.71580495434428,
              36.2862512751365
            ],
            [
              -118.71569942578053,
              36.28624748722878
            ],
            [
              -118.71570378189276,
              36.286167943430506
            ],
            [
              -118.71580931034998,
              36.28617173132728
            ],
            [
              -118.71580495434428,
              36.2862512751365
            ]
          ]
        ]
      }
    },
    {
      "id": "95",
      "type": "Feature",
      "properties": {
        "id": null,
        "SOURCE_FILE": "/Users/maples/GitHub/mortalitree_testing/labels/bashah_mortalitree_postfire_labels.geojson",
        "SUNETID": "bashah",
        "FIRENAME": "CASTLE",
        "FIRE_SLUG": "CASTLE",
        "PREFIRE": 0,
        "PREFIRE_STATUS": "postfire",
        "TILE_Z": 17,
        "TILE_X": 22312,
        "TILE_Y": 51341,
        "TILEXYZ": [
          17,
          22312,
          51341
        ],
        "OUTPUT_FILE": "/Users/maples/GitHub/mortalitree_testing/notebooks/single_tiles/postfire/17/22312/51341.geojson",
        "OUTPUT_STATUS_DIR": "postfire",
        "FEATURE_COUNT": 237
      },
      "geometry": {
        "type": "Polygon",
        "coordinates": [
          [
            [
              -118.71562463945942,
              36.28634811776533
            ],
            [
              -118.71551513671875,
              36.28634418703083
            ],
            [
              -118.71551513671875,
              36.286270390593174
            ],
            [
              -118.71562867298232,
              36.28627446610878
            ],
            [
              -118.71562463945942,
              36.28634811776533
            ]
          ]
        ]
      }
    },
    {
      "id": "96",
      "type": "Feature",
      "properties": {
        "id": null,
        "SOURCE_FILE": "/Users/maples/GitHub/mortalitree_testing/labels/bashah_mortalitree_postfire_labels.geojson",
        "SUNETID": "bashah",
        "FIRENAME": "CASTLE",
        "FIRE_SLUG": "CASTLE",
        "PREFIRE": 0,
        "PREFIRE_STATUS": "postfire",
        "TILE_Z": 17,
        "TILE_X": 22312,
        "TILE_Y": 51341,
        "TILEXYZ": [
          17,
          22312,
          51341
        ],
        "OUTPUT_FILE": "/Users/maples/GitHub/mortalitree_testing/notebooks/single_tiles/postfire/17/22312/51341.geojson",
        "OUTPUT_STATUS_DIR": "postfire",
        "FEATURE_COUNT": 237
      },
      "geometry": {
        "type": "Polygon",
        "coordinates": [
          [
            [
              -118.71562340315451,
              36.28617096192439
            ],
            [
              -118.71551513671875,
              36.2861670755749
            ],
            [
              -118.71551513671875,
              36.28607851984847
            ],
            [
              -118.71562824335032,
              36.28608257993391
            ],
            [
              -118.71562340315451,
              36.28617096192439
            ]
          ]
        ]
      }
    },
    {
      "id": "97",
      "type": "Feature",
      "properties": {
        "id": null,
        "SOURCE_FILE": "/Users/maples/GitHub/mortalitree_testing/labels/bashah_mortalitree_postfire_labels.geojson",
        "SUNETID": "bashah",
        "FIRENAME": "CASTLE",
        "FIRE_SLUG": "CASTLE",
        "PREFIRE": 0,
        "PREFIRE_STATUS": "postfire",
        "TILE_Z": 17,
        "TILE_X": 22312,
        "TILE_Y": 51341,
        "TILEXYZ": [
          17,
          22312,
          51341
        ],
        "OUTPUT_FILE": "/Users/maples/GitHub/mortalitree_testing/notebooks/single_tiles/postfire/17/22312/51341.geojson",
        "OUTPUT_STATUS_DIR": "postfire",
        "FEATURE_COUNT": 237
      },
      "geometry": {
        "type": "Polygon",
        "coordinates": [
          [
            [
              -118.71574194570623,
              36.28613684287769
            ],
            [
              -118.71563641730528,
              36.28613305492459
            ],
            [
              -118.7156398054296,
              36.28607118752999
            ],
            [
              -118.71574533374772,
              36.28607497547458
            ],
            [
              -118.71574194570623,
              36.28613684287769
            ]
          ]
        ]
      }
    },
    {
      "id": "98",
      "type": "Feature",
      "properties": {
        "id": null,
        "SOURCE_FILE": "/Users/maples/GitHub/mortalitree_testing/labels/bashah_mortalitree_postfire_labels.geojson",
        "SUNETID": "bashah",
        "FIRENAME": "CASTLE",
        "FIRE_SLUG": "CASTLE",
        "PREFIRE": 0,
        "PREFIRE_STATUS": "postfire",
        "TILE_Z": 17,
        "TILE_X": 22312,
        "TILE_Y": 51341,
        "TILEXYZ": [
          17,
          22312,
          51341
        ],
        "OUTPUT_FILE": "/Users/maples/GitHub/mortalitree_testing/notebooks/single_tiles/postfire/17/22312/51341.geojson",
        "OUTPUT_STATUS_DIR": "postfire",
        "FEATURE_COUNT": 237
      },
      "geometry": {
        "type": "Polygon",
        "coordinates": [
          [
            [
              -118.71560573827169,
              36.28589432913121
            ],
            [
              -118.71551513671875,
              36.285891076887815
            ],
            [
              -118.71551513671875,
              36.28582613602026
            ],
            [
              -118.71560928772942,
              36.285829515670194
            ],
            [
              -118.71560573827169,
              36.28589432913121
            ]
          ]
        ]
      }
    },
    {
      "id": "99",
      "type": "Feature",
      "properties": {
        "id": null,
        "SOURCE_FILE": "/Users/maples/GitHub/mortalitree_testing/labels/bashah_mortalitree_postfire_labels.geojson",
        "SUNETID": "bashah",
        "FIRENAME": "CASTLE",
        "FIRE_SLUG": "CASTLE",
        "PREFIRE": 0,
        "PREFIRE_STATUS": "postfire",
        "TILE_Z": 17,
        "TILE_X": 22312,
        "TILE_Y": 51341,
        "TILEXYZ": [
          17,
          22312,
          51341
        ],
        "OUTPUT_FILE": "/Users/maples/GitHub/mortalitree_testing/notebooks/single_tiles/postfire/17/22312/51341.geojson",
        "OUTPUT_STATUS_DIR": "postfire",
        "FEATURE_COUNT": 237
      },
      "geometry": {
        "type": "Polygon",
        "coordinates": [
          [
            [
              -118.71587892457092,
              36.28579934407258
            ],
            [
              -118.71579159108084,
              36.28579620934648
            ],
            [
              -118.71579610835873,
              36.2857137194654
            ],
            [
              -118.71588344175741,
              36.28571685418211
            ],
            [
              -118.71587892457092,
              36.28579934407258
            ]
          ]
        ]
      }
    },
    {
      "id": "100",
      "type": "Feature",
      "properties": {
        "id": null,
        "SOURCE_FILE": "/Users/maples/GitHub/mortalitree_testing/labels/bashah_mortalitree_postfire_labels.geojson",
        "SUNETID": "bashah",
        "FIRENAME": "CASTLE",
        "FIRE_SLUG": "CASTLE",
        "PREFIRE": 0,
        "PREFIRE_STATUS": "postfire",
        "TILE_Z": 17,
        "TILE_X": 22312,
        "TILE_Y": 51341,
        "TILEXYZ": [
          17,
          22312,
          51341
        ],
        "OUTPUT_FILE": "/Users/maples/GitHub/mortalitree_testing/notebooks/single_tiles/postfire/17/22312/51341.geojson",
        "OUTPUT_STATUS_DIR": "postfire",
        "FEATURE_COUNT": 237
      },
      "geometry": {
        "type": "Polygon",
        "coordinates": [
          [
            [
              -118.71561927232983,
              36.285813638855664
            ],
            [
              -118.71552102216995,
              36.28581011206979
            ],
            [
              -118.7155244103454,
              36.28574824468122
            ],
            [
              -118.71562266042814,
              36.28575177145916
            ],
            [
              -118.71561927232983,
              36.285813638855664
            ]
          ]
        ]
      }
    },
    {
      "id": "101",
      "type": "Feature",
      "properties": {
        "id": null,
        "SOURCE_FILE": "/Users/maples/GitHub/mortalitree_testing/labels/bashah_mortalitree_postfire_labels.geojson",
        "SUNETID": "bashah",
        "FIRENAME": "CASTLE",
        "FIRE_SLUG": "CASTLE",
        "PREFIRE": 0,
        "PREFIRE_STATUS": "postfire",
        "TILE_Z": 17,
        "TILE_X": 22312,
        "TILE_Y": 51341,
        "TILEXYZ": [
          17,
          22312,
          51341
        ],
        "OUTPUT_FILE": "/Users/maples/GitHub/mortalitree_testing/notebooks/single_tiles/postfire/17/22312/51341.geojson",
        "OUTPUT_STATUS_DIR": "postfire",
        "FEATURE_COUNT": 237
      },
      "geometry": {
        "type": "Polygon",
        "coordinates": [
          [
            [
              -118.71576779474265,
              36.28593114066219
            ],
            [
              -118.71569865562238,
              36.285928658937294
            ],
            [
              -118.71570155966579,
              36.28587562973584
            ],
            [
              -118.71577069873953,
              36.28587811145595
            ],
            [
              -118.71576779474265,
              36.28593114066219
            ]
          ]
        ]
      }
    },
    {
      "id": "102",
      "type": "Feature",
      "properties": {
        "id": null,
        "SOURCE_FILE": "/Users/maples/GitHub/mortalitree_testing/labels/bashah_mortalitree_postfire_labels.geojson",
        "SUNETID": "bashah",
        "FIRENAME": "CASTLE",
        "FIRE_SLUG": "CASTLE",
        "PREFIRE": 0,
        "PREFIRE_STATUS": "postfire",
        "TILE_Z": 17,
        "TILE_X": 22312,
        "TILE_Y": 51341,
        "TILEXYZ": [
          17,
          22312,
          51341
        ],
        "OUTPUT_FILE": "/Users/maples/GitHub/mortalitree_testing/notebooks/single_tiles/postfire/17/22312/51341.geojson",
        "OUTPUT_STATUS_DIR": "postfire",
        "FEATURE_COUNT": 237
      },
      "geometry": {
        "type": "Polygon",
        "coordinates": [
          [
            [
              -118.71580689946494,
              36.28598272588082
            ],
            [
              -118.71572684358543,
              36.28597985232366
            ],
            [
              -118.7157294249456,
              36.28593271525441
            ],
            [
              -118.71580948077721,
              36.28593558880665
            ],
            [
              -118.71580689946494,
              36.28598272588082
            ]
          ]
        ]
      }
    },
    {
      "id": "103",
      "type": "Feature",
      "properties": {
        "id": null,
        "SOURCE_FILE": "/Users/maples/GitHub/mortalitree_testing/labels/bashah_mortalitree_postfire_labels.geojson",
        "SUNETID": "bashah",
        "FIRENAME": "CASTLE",
        "FIRE_SLUG": "CASTLE",
        "PREFIRE": 0,
        "PREFIRE_STATUS": "postfire",
        "TILE_Z": 17,
        "TILE_X": 22312,
        "TILE_Y": 51341,
        "TILEXYZ": [
          17,
          22312,
          51341
        ],
        "OUTPUT_FILE": "/Users/maples/GitHub/mortalitree_testing/notebooks/single_tiles/postfire/17/22312/51341.geojson",
        "OUTPUT_STATUS_DIR": "postfire",
        "FEATURE_COUNT": 237
      },
      "geometry": {
        "type": "Polygon",
        "coordinates": [
          [
            [
              -118.71567654428895,
              36.2859662394021
            ],
            [
              -118.71559648843999,
              36.28596336575878
            ],
            [
              -118.7155992312166,
              36.2859132826311
            ],
            [
              -118.71567928701471,
              36.28591615626919
            ],
            [
              -118.71567654428895,
              36.2859662394021
            ]
          ]
        ]
      }
    },
    {
      "id": "104",
      "type": "Feature",
      "properties": {
        "id": null,
        "SOURCE_FILE": "/Users/maples/GitHub/mortalitree_testing/labels/bashah_mortalitree_postfire_labels.geojson",
        "SUNETID": "bashah",
        "FIRENAME": "CASTLE",
        "FIRE_SLUG": "CASTLE",
        "PREFIRE": 0,
        "PREFIRE_STATUS": "postfire",
        "TILE_Z": 17,
        "TILE_X": 22312,
        "TILE_Y": 51341,
        "TILEXYZ": [
          17,
          22312,
          51341
        ],
        "OUTPUT_FILE": "/Users/maples/GitHub/mortalitree_testing/notebooks/single_tiles/postfire/17/22312/51341.geojson",
        "OUTPUT_STATUS_DIR": "postfire",
        "FEATURE_COUNT": 237
      },
      "geometry": {
        "type": "Polygon",
        "coordinates": [
          [
            [
              -118.71571184872212,
              36.286020640096396
            ],
            [
              -118.71564998733747,
              36.28601841957394
            ],
            [
              -118.71565192339553,
              36.285983066775835
            ],
            [
              -118.71571378475244,
              36.28598528729544
            ],
            [
              -118.71571184872212,
              36.286020640096396
            ]
          ]
        ]
      }
    },
    {
      "id": "105",
      "type": "Feature",
      "properties": {
        "id": null,
        "SOURCE_FILE": "/Users/maples/GitHub/mortalitree_testing/labels/bashah_mortalitree_postfire_labels.geojson",
        "SUNETID": "bashah",
        "FIRENAME": "CASTLE",
        "FIRE_SLUG": "CASTLE",
        "PREFIRE": 0,
        "PREFIRE_STATUS": "postfire",
        "TILE_Z": 17,
        "TILE_X": 22312,
        "TILE_Y": 51341,
        "TILEXYZ": [
          17,
          22312,
          51341
        ],
        "OUTPUT_FILE": "/Users/maples/GitHub/mortalitree_testing/notebooks/single_tiles/postfire/17/22312/51341.geojson",
        "OUTPUT_STATUS_DIR": "postfire",
        "FEATURE_COUNT": 237
      },
      "geometry": {
        "type": "Polygon",
        "coordinates": [
          [
            [
              -118.71628573641557,
              36.285694394956764
            ],
            [
              -118.71616201407492,
              36.28568995450794
            ],
            [
              -118.71616620831243,
              36.2856133567227
            ],
            [
              -118.71628993053285,
              36.28561779715917
            ],
            [
              -118.71628573641557,
              36.285694394956764
            ]
          ]
        ]
      }
    },
    {
      "id": "106",
      "type": "Feature",
      "properties": {
        "id": null,
        "SOURCE_FILE": "/Users/maples/GitHub/mortalitree_testing/labels/bashah_mortalitree_postfire_labels.geojson",
        "SUNETID": "bashah",
        "FIRENAME": "CASTLE",
        "FIRE_SLUG": "CASTLE",
        "PREFIRE": 0,
        "PREFIRE_STATUS": "postfire",
        "TILE_Z": 17,
        "TILE_X": 22312,
        "TILE_Y": 51341,
        "TILEXYZ": [
          17,
          22312,
          51341
        ],
        "OUTPUT_FILE": "/Users/maples/GitHub/mortalitree_testing/notebooks/single_tiles/postfire/17/22312/51341.geojson",
        "OUTPUT_STATUS_DIR": "postfire",
        "FEATURE_COUNT": 237
      },
      "geometry": {
        "type": "Polygon",
        "coordinates": [
          [
            [
              -118.71626013084567,
              36.28589567828307
            ],
            [
              -118.71615096379642,
              36.28589176020462
            ],
            [
              -118.71615419016646,
              36.28583283883433
            ],
            [
              -118.7162633571341,
              36.285836756904395
            ],
            [
              -118.71626013084567,
              36.28589567828307
            ]
          ]
        ]
      }
    },
    {
      "id": "107",
      "type": "Feature",
      "properties": {
        "id": null,
        "SOURCE_FILE": "/Users/maples/GitHub/mortalitree_testing/labels/bashah_mortalitree_postfire_labels.geojson",
        "SUNETID": "bashah",
        "FIRENAME": "CASTLE",
        "FIRE_SLUG": "CASTLE",
        "PREFIRE": 0,
        "PREFIRE_STATUS": "postfire",
        "TILE_Z": 17,
        "TILE_X": 22312,
        "TILE_Y": 51341,
        "TILEXYZ": [
          17,
          22312,
          51341
        ],
        "OUTPUT_FILE": "/Users/maples/GitHub/mortalitree_testing/notebooks/single_tiles/postfire/17/22312/51341.geojson",
        "OUTPUT_STATUS_DIR": "postfire",
        "FEATURE_COUNT": 237
      },
      "geometry": {
        "type": "Polygon",
        "coordinates": [
          [
            [
              -118.7164091005724,
              36.285738672515265
            ],
            [
              -118.71636907272426,
              36.28573723595322
            ],
            [
              -118.71637068581938,
              36.285707775258984
            ],
            [
              -118.71641071365255,
              36.2857092118195
            ],
            [
              -118.7164091005724,
              36.285738672515265
            ]
          ]
        ]
      }
    },
    {
      "id": "108",
      "type": "Feature",
      "properties": {
        "id": null,
        "SOURCE_FILE": "/Users/maples/GitHub/mortalitree_testing/labels/bashah_mortalitree_postfire_labels.geojson",
        "SUNETID": "bashah",
        "FIRENAME": "CASTLE",
        "FIRE_SLUG": "CASTLE",
        "PREFIRE": 0,
        "PREFIRE_STATUS": "postfire",
        "TILE_Z": 17,
        "TILE_X": 22312,
        "TILE_Y": 51341,
        "TILEXYZ": [
          17,
          22312,
          51341
        ],
        "OUTPUT_FILE": "/Users/maples/GitHub/mortalitree_testing/notebooks/single_tiles/postfire/17/22312/51341.geojson",
        "OUTPUT_STATUS_DIR": "postfire",
        "FEATURE_COUNT": 237
      },
      "geometry": {
        "type": "Polygon",
        "coordinates": [
          [
            [
              -118.71603419632092,
              36.28589347294756
            ],
            [
              -118.71595050160845,
              36.28589046893833
            ],
            [
              -118.71595292149976,
              36.2858462779223
            ],
            [
              -118.71603661616531,
              36.28584928192672
            ],
            [
              -118.71603419632092,
              36.28589347294756
            ]
          ]
        ]
      }
    },
    {
      "id": "109",
      "type": "Feature",
      "properties": {
        "id": null,
        "SOURCE_FILE": "/Users/maples/GitHub/mortalitree_testing/labels/bashah_mortalitree_postfire_labels.geojson",
        "SUNETID": "bashah",
        "FIRENAME": "CASTLE",
        "FIRE_SLUG": "CASTLE",
        "PREFIRE": 0,
        "PREFIRE_STATUS": "postfire",
        "TILE_Z": 17,
        "TILE_X": 22312,
        "TILE_Y": 51341,
        "TILEXYZ": [
          17,
          22312,
          51341
        ],
        "OUTPUT_FILE": "/Users/maples/GitHub/mortalitree_testing/notebooks/single_tiles/postfire/17/22312/51341.geojson",
        "OUTPUT_STATUS_DIR": "postfire",
        "FEATURE_COUNT": 237
      },
      "geometry": {
        "type": "Polygon",
        "coordinates": [
          [
            [
              -118.71604573168857,
              36.2859824427239
            ],
            [
              -118.71596931468876,
              36.28597969993678
            ],
            [
              -118.71597286385692,
              36.28591488644581
            ],
            [
              -118.71604928079387,
              36.285917629226454
            ],
            [
              -118.71604573168857,
              36.2859824427239
            ]
          ]
        ]
      }
    },
    {
      "id": "110",
      "type": "Feature",
      "properties": {
        "id": null,
        "SOURCE_FILE": "/Users/maples/GitHub/mortalitree_testing/labels/bashah_mortalitree_postfire_labels.geojson",
        "SUNETID": "bashah",
        "FIRENAME": "CASTLE",
        "FIRE_SLUG": "CASTLE",
        "PREFIRE": 0,
        "PREFIRE_STATUS": "postfire",
        "TILE_Z": 17,
        "TILE_X": 22312,
        "TILE_Y": 51341,
        "TILEXYZ": [
          17,
          22312,
          51341
        ],
        "OUTPUT_FILE": "/Users/maples/GitHub/mortalitree_testing/notebooks/single_tiles/postfire/17/22312/51341.geojson",
        "OUTPUT_STATUS_DIR": "postfire",
        "FEATURE_COUNT": 237
      },
      "geometry": {
        "type": "Polygon",
        "coordinates": [
          [
            [
              -118.71621898299423,
              36.28598128129587
            ],
            [
              -118.71610981583167,
              36.28597736317194
            ],
            [
              -118.71611336488333,
              36.28591254966899
            ],
            [
              -118.71622253195613,
              36.2859164677837
            ],
            [
              -118.71621898299423,
              36.28598128129587
            ]
          ]
        ]
      }
    },
    {
      "id": "111",
      "type": "Feature",
      "properties": {
        "id": null,
        "SOURCE_FILE": "/Users/maples/GitHub/mortalitree_testing/labels/bashah_mortalitree_postfire_labels.geojson",
        "SUNETID": "bashah",
        "FIRENAME": "CASTLE",
        "FIRE_SLUG": "CASTLE",
        "PREFIRE": 0,
        "PREFIRE_STATUS": "postfire",
        "TILE_Z": 17,
        "TILE_X": 22312,
        "TILE_Y": 51341,
        "TILEXYZ": [
          17,
          22312,
          51341
        ],
        "OUTPUT_FILE": "/Users/maples/GitHub/mortalitree_testing/notebooks/single_tiles/postfire/17/22312/51341.geojson",
        "OUTPUT_STATUS_DIR": "postfire",
        "FEATURE_COUNT": 237
      },
      "geometry": {
        "type": "Polygon",
        "coordinates": [
          [
            [
              -118.71642572196856,
              36.28633406856397
            ],
            [
              -118.71635294351053,
              36.28633145659645
            ],
            [
              -118.71635616978057,
              36.2862725352149
            ],
            [
              -118.7164289481842,
              36.286275147176816
            ],
            [
              -118.71642572196856,
              36.28633406856397
            ]
          ]
        ]
      }
    },
    {
      "id": "112",
      "type": "Feature",
      "properties": {
        "id": null,
        "SOURCE_FILE": "/Users/maples/GitHub/mortalitree_testing/labels/bashah_mortalitree_postfire_labels.geojson",
        "SUNETID": "bashah",
        "FIRENAME": "CASTLE",
        "FIRE_SLUG": "CASTLE",
        "PREFIRE": 0,
        "PREFIRE_STATUS": "postfire",
        "TILE_Z": 17,
        "TILE_X": 22312,
        "TILE_Y": 51341,
        "TILEXYZ": [
          17,
          22312,
          51341
        ],
        "OUTPUT_FILE": "/Users/maples/GitHub/mortalitree_testing/notebooks/single_tiles/postfire/17/22312/51341.geojson",
        "OUTPUT_STATUS_DIR": "postfire",
        "FEATURE_COUNT": 237
      },
      "geometry": {
        "type": "Polygon",
        "coordinates": [
          [
            [
              -118.71629346249328,
              36.285719763042984
            ],
            [
              -118.71620976793784,
              36.28571675922752
            ],
            [
              -118.71621202635248,
              36.28567551426402
            ],
            [
              -118.71629572086411,
              36.28567851807499
            ],
            [
              -118.71629346249328,
              36.285719763042984
            ]
          ]
        ]
      }
    },
    {
      "id": "113",
      "type": "Feature",
      "properties": {
        "id": null,
        "SOURCE_FILE": "/Users/maples/GitHub/mortalitree_testing/labels/bashah_mortalitree_postfire_labels.geojson",
        "SUNETID": "bashah",
        "FIRENAME": "CASTLE",
        "FIRE_SLUG": "CASTLE",
        "PREFIRE": 0,
        "PREFIRE_STATUS": "postfire",
        "TILE_Z": 17,
        "TILE_X": 22312,
        "TILE_Y": 51341,
        "TILEXYZ": [
          17,
          22312,
          51341
        ],
        "OUTPUT_FILE": "/Users/maples/GitHub/mortalitree_testing/notebooks/single_tiles/postfire/17/22312/51341.geojson",
        "OUTPUT_STATUS_DIR": "postfire",
        "FEATURE_COUNT": 237
      },
      "geometry": {
        "type": "Polygon",
        "coordinates": [
          [
            [
              -118.71619312550182,
              36.284389301462625
            ],
            [
              -118.71610215471567,
              36.28438603646926
            ],
            [
              -118.7161063488119,
              36.28430943867334
            ],
            [
              -118.71619731950963,
              36.28431270365761
            ],
            [
              -118.71619312550182,
              36.284389301462625
            ]
          ]
        ]
      }
    },
    {
      "id": "114",
      "type": "Feature",
      "properties": {
        "id": null,
        "SOURCE_FILE": "/Users/maples/GitHub/mortalitree_testing/labels/bashah_mortalitree_postfire_labels.geojson",
        "SUNETID": "bashah",
        "FIRENAME": "CASTLE",
        "FIRE_SLUG": "CASTLE",
        "PREFIRE": 0,
        "PREFIRE_STATUS": "postfire",
        "TILE_Z": 17,
        "TILE_X": 22312,
        "TILE_Y": 51341,
        "TILEXYZ": [
          17,
          22312,
          51341
        ],
        "OUTPUT_FILE": "/Users/maples/GitHub/mortalitree_testing/notebooks/single_tiles/postfire/17/22312/51341.geojson",
        "OUTPUT_STATUS_DIR": "postfire",
        "FEATURE_COUNT": 237
      },
      "geometry": {
        "type": "Polygon",
        "coordinates": [
          [
            [
              -118.71606645662926,
              36.28440541823606
            ],
            [
              -118.71597912467084,
              36.284402283750055
            ],
            [
              -118.71598251231045,
              36.28434041630977
            ],
            [
              -118.71606984420032,
              36.28434355078871
            ],
            [
              -118.71606645662926,
              36.28440541823606
            ]
          ]
        ]
      }
    },
    {
      "id": "115",
      "type": "Feature",
      "properties": {
        "id": null,
        "SOURCE_FILE": "/Users/maples/GitHub/mortalitree_testing/labels/bashah_mortalitree_postfire_labels.geojson",
        "SUNETID": "bashah",
        "FIRENAME": "CASTLE",
        "FIRE_SLUG": "CASTLE",
        "PREFIRE": 0,
        "PREFIRE_STATUS": "postfire",
        "TILE_Z": 17,
        "TILE_X": 22312,
        "TILE_Y": 51341,
        "TILEXYZ": [
          17,
          22312,
          51341
        ],
        "OUTPUT_FILE": "/Users/maples/GitHub/mortalitree_testing/notebooks/single_tiles/postfire/17/22312/51341.geojson",
        "OUTPUT_STATUS_DIR": "postfire",
        "FEATURE_COUNT": 237
      },
      "geometry": {
        "type": "Polygon",
        "coordinates": [
          [
            [
              -118.71607920183486,
              36.28447229249624
            ],
            [
              -118.71601006397319,
              36.28446981103685
            ],
            [
              -118.71601329028154,
              36.28441088966343
            ],
            [
              -118.71608242809154,
              36.28441337111751
            ],
            [
              -118.71607920183486,
              36.28447229249624
            ]
          ]
        ]
      }
    },
    {
      "id": "116",
      "type": "Feature",
      "properties": {
        "id": null,
        "SOURCE_FILE": "/Users/maples/GitHub/mortalitree_testing/labels/bashah_mortalitree_postfire_labels.geojson",
        "SUNETID": "bashah",
        "FIRENAME": "CASTLE",
        "FIRE_SLUG": "CASTLE",
        "PREFIRE": 0,
        "PREFIRE_STATUS": "postfire",
        "TILE_Z": 17,
        "TILE_X": 22312,
        "TILE_Y": 51341,
        "TILEXYZ": [
          17,
          22312,
          51341
        ],
        "OUTPUT_FILE": "/Users/maples/GitHub/mortalitree_testing/notebooks/single_tiles/postfire/17/22312/51341.geojson",
        "OUTPUT_STATUS_DIR": "postfire",
        "FEATURE_COUNT": 237
      },
      "geometry": {
        "type": "Polygon",
        "coordinates": [
          [
            [
              -118.71601298486321,
              36.2842500024085
            ],
            [
              -118.7159474860276,
              36.28424765152928
            ],
            [
              -118.71595006709173,
              36.28420051443275
            ],
            [
              -118.7160155658882,
              36.28420286530792
            ],
            [
              -118.71601298486321,
              36.2842500024085
            ]
          ]
        ]
      }
    },
    {
      "id": "117",
      "type": "Feature",
      "properties": {
        "id": null,
        "SOURCE_FILE": "/Users/maples/GitHub/mortalitree_testing/labels/bashah_mortalitree_postfire_labels.geojson",
        "SUNETID": "bashah",
        "FIRENAME": "CASTLE",
        "FIRE_SLUG": "CASTLE",
        "PREFIRE": 0,
        "PREFIRE_STATUS": "postfire",
        "TILE_Z": 17,
        "TILE_X": 22312,
        "TILE_Y": 51341,
        "TILEXYZ": [
          17,
          22312,
          51341
        ],
        "OUTPUT_FILE": "/Users/maples/GitHub/mortalitree_testing/notebooks/single_tiles/postfire/17/22312/51341.geojson",
        "OUTPUT_STATUS_DIR": "postfire",
        "FEATURE_COUNT": 237
      },
      "geometry": {
        "type": "Polygon",
        "coordinates": [
          [
            [
              -118.71602846307954,
              36.28420037634954
            ],
            [
              -118.71598115839315,
              36.28419867850402
            ],
            [
              -118.71598341680284,
              36.284157433542426
            ],
            [
              -118.71603072146448,
              36.284159131385394
            ],
            [
              -118.71602846307954,
              36.28420037634954
            ]
          ]
        ]
      }
    },
    {
      "id": "118",
      "type": "Feature",
      "properties": {
        "id": null,
        "SOURCE_FILE": "/Users/maples/GitHub/mortalitree_testing/labels/bashah_mortalitree_postfire_labels.geojson",
        "SUNETID": "bashah",
        "FIRENAME": "CASTLE",
        "FIRE_SLUG": "CASTLE",
        "PREFIRE": 0,
        "PREFIRE_STATUS": "postfire",
        "TILE_Z": 17,
        "TILE_X": 22312,
        "TILE_Y": 51341,
        "TILEXYZ": [
          17,
          22312,
          51341
        ],
        "OUTPUT_FILE": "/Users/maples/GitHub/mortalitree_testing/notebooks/single_tiles/postfire/17/22312/51341.geojson",
        "OUTPUT_STATUS_DIR": "postfire",
        "FEATURE_COUNT": 237
      },
      "geometry": {
        "type": "Polygon",
        "coordinates": [
          [
            [
              -118.71636982215999,
              36.28419196473637
            ],
            [
              -118.7163188786344,
              36.28419013643237
            ],
            [
              -118.71632065295935,
              36.284157729662454
            ],
            [
              -118.71637159646399,
              36.28415955796429
            ],
            [
              -118.71636982215999,
              36.28419196473637
            ]
          ]
        ]
      }
    },
    {
      "id": "119",
      "type": "Feature",
      "properties": {
        "id": null,
        "SOURCE_FILE": "/Users/maples/GitHub/mortalitree_testing/labels/bashah_mortalitree_postfire_labels.geojson",
        "SUNETID": "bashah",
        "FIRENAME": "CASTLE",
        "FIRE_SLUG": "CASTLE",
        "PREFIRE": 0,
        "PREFIRE_STATUS": "postfire",
        "TILE_Z": 17,
        "TILE_X": 22312,
        "TILE_Y": 51341,
        "TILEXYZ": [
          17,
          22312,
          51341
        ],
        "OUTPUT_FILE": "/Users/maples/GitHub/mortalitree_testing/notebooks/single_tiles/postfire/17/22312/51341.geojson",
        "OUTPUT_STATUS_DIR": "postfire",
        "FEATURE_COUNT": 237
      },
      "geometry": {
        "type": "Polygon",
        "coordinates": [
          [
            [
              -118.71570587183437,
              36.284565159552386
            ],
            [
              -118.71561490090224,
              36.28456189417479
            ],
            [
              -118.71561845017965,
              36.28449708069858
            ],
            [
              -118.71570942103696,
              36.28450034606847
            ],
            [
              -118.71570587183437,
              36.284565159552386
            ]
          ]
        ]
      }
    },
    {
      "id": "120",
      "type": "Feature",
      "properties": {
        "id": null,
        "SOURCE_FILE": "/Users/maples/GitHub/mortalitree_testing/labels/bashah_mortalitree_postfire_labels.geojson",
        "SUNETID": "bashah",
        "FIRENAME": "CASTLE",
        "FIRE_SLUG": "CASTLE",
        "PREFIRE": 0,
        "PREFIRE_STATUS": "postfire",
        "TILE_Z": 17,
        "TILE_X": 22312,
        "TILE_Y": 51341,
        "TILEXYZ": [
          17,
          22312,
          51341
        ],
        "OUTPUT_FILE": "/Users/maples/GitHub/mortalitree_testing/notebooks/single_tiles/postfire/17/22312/51341.geojson",
        "OUTPUT_STATUS_DIR": "postfire",
        "FEATURE_COUNT": 237
      },
      "geometry": {
        "type": "Polygon",
        "coordinates": [
          [
            [
              -118.71574141755637,
              36.284315527486754
            ],
            [
              -118.71569411281828,
              36.28431382952308
            ],
            [
              -118.71569717801964,
              36.28425785424008
            ],
            [
              -118.71574448272412,
              36.2842595522003
            ],
            [
              -118.71574141755637,
              36.284315527486754
            ]
          ]
        ]
      }
    },
    {
      "id": "121",
      "type": "Feature",
      "properties": {
        "id": null,
        "SOURCE_FILE": "/Users/maples/GitHub/mortalitree_testing/labels/bashah_mortalitree_postfire_labels.geojson",
        "SUNETID": "bashah",
        "FIRENAME": "CASTLE",
        "FIRE_SLUG": "CASTLE",
        "PREFIRE": 0,
        "PREFIRE_STATUS": "postfire",
        "TILE_Z": 17,
        "TILE_X": 22312,
        "TILE_Y": 51341,
        "TILEXYZ": [
          17,
          22312,
          51341
        ],
        "OUTPUT_FILE": "/Users/maples/GitHub/mortalitree_testing/notebooks/single_tiles/postfire/17/22312/51341.geojson",
        "OUTPUT_STATUS_DIR": "postfire",
        "FEATURE_COUNT": 237
      },
      "geometry": {
        "type": "Polygon",
        "coordinates": [
          [
            [
              -118.71591771274778,
              36.284425170334806
            ],
            [
              -118.71583765844748,
              36.284422296957494
            ],
            [
              -118.71584185280773,
              36.284345699188584
            ],
            [
              -118.71592190703025,
              36.28434857255792
            ],
            [
              -118.71591771274778,
              36.284425170334806
            ]
          ]
        ]
      }
    },
    {
      "id": "122",
      "type": "Feature",
      "properties": {
        "id": null,
        "SOURCE_FILE": "/Users/maples/GitHub/mortalitree_testing/labels/bashah_mortalitree_postfire_labels.geojson",
        "SUNETID": "bashah",
        "FIRENAME": "CASTLE",
        "FIRE_SLUG": "CASTLE",
        "PREFIRE": 0,
        "PREFIRE_STATUS": "postfire",
        "TILE_Z": 17,
        "TILE_X": 22312,
        "TILE_Y": 51341,
        "TILEXYZ": [
          17,
          22312,
          51341
        ],
        "OUTPUT_FILE": "/Users/maples/GitHub/mortalitree_testing/notebooks/single_tiles/postfire/17/22312/51341.geojson",
        "OUTPUT_STATUS_DIR": "postfire",
        "FEATURE_COUNT": 237
      },
      "geometry": {
        "type": "Polygon",
        "coordinates": [
          [
            [
              -118.71568061510557,
              36.28436057476182
            ],
            [
              -118.71561147737856,
              36.28435809307852
            ],
            [
              -118.71561341333658,
              36.28432274027238
            ],
            [
              -118.71568255103259,
              36.2843252219525
            ],
            [
              -118.71568061510557,
              36.28436057476182
            ]
          ]
        ]
      }
    },
    {
      "id": "123",
      "type": "Feature",
      "properties": {
        "id": null,
        "SOURCE_FILE": "/Users/maples/GitHub/mortalitree_testing/labels/bashah_mortalitree_postfire_labels.geojson",
        "SUNETID": "bashah",
        "FIRENAME": "CASTLE",
        "FIRE_SLUG": "CASTLE",
        "PREFIRE": 0,
        "PREFIRE_STATUS": "postfire",
        "TILE_Z": 17,
        "TILE_X": 22312,
        "TILE_Y": 51341,
        "TILEXYZ": [
          17,
          22312,
          51341
        ],
        "OUTPUT_FILE": "/Users/maples/GitHub/mortalitree_testing/notebooks/single_tiles/postfire/17/22312/51341.geojson",
        "OUTPUT_STATUS_DIR": "postfire",
        "FEATURE_COUNT": 237
      },
      "geometry": {
        "type": "Polygon",
        "coordinates": [
          [
            [
              -118.71564363523174,
              36.28446994206275
            ],
            [
              -118.71557449741162,
              36.284467460351664
            ],
            [
              -118.71557820804168,
              36.28439970081083
            ],
            [
              -118.71564734580235,
              36.284402182515805
            ],
            [
              -118.71564363523174,
              36.28446994206275
            ]
          ]
        ]
      }
    },
    {
      "id": "124",
      "type": "Feature",
      "properties": {
        "id": null,
        "SOURCE_FILE": "/Users/maples/GitHub/mortalitree_testing/labels/bashah_mortalitree_postfire_labels.geojson",
        "SUNETID": "bashah",
        "FIRENAME": "CASTLE",
        "FIRE_SLUG": "CASTLE",
        "PREFIRE": 0,
        "PREFIRE_STATUS": "postfire",
        "TILE_Z": 17,
        "TILE_X": 22312,
        "TILE_Y": 51341,
        "TILEXYZ": [
          17,
          22312,
          51341
        ],
        "OUTPUT_FILE": "/Users/maples/GitHub/mortalitree_testing/notebooks/single_tiles/postfire/17/22312/51341.geojson",
        "OUTPUT_STATUS_DIR": "postfire",
        "FEATURE_COUNT": 237
      },
      "geometry": {
        "type": "Polygon",
        "coordinates": [
          [
            [
              -118.7155649522392,
              36.28444202692995
            ],
            [
              -118.71551513671875,
              36.28444023876519
            ],
            [
              -118.71551513671875,
              36.284381201605946
            ],
            [
              -118.7155681788789,
              36.284383105590656
            ],
            [
              -118.7155649522392,
              36.28444202692995
            ]
          ]
        ]
      }
    },
    {
      "id": "125",
      "type": "Feature",
      "properties": {
        "id": null,
        "SOURCE_FILE": "/Users/maples/GitHub/mortalitree_testing/labels/bashah_mortalitree_postfire_labels.geojson",
        "SUNETID": "bashah",
        "FIRENAME": "CASTLE",
        "FIRE_SLUG": "CASTLE",
        "PREFIRE": 0,
        "PREFIRE_STATUS": "postfire",
        "TILE_Z": 17,
        "TILE_X": 22312,
        "TILE_Y": 51341,
        "TILEXYZ": [
          17,
          22312,
          51341
        ],
        "OUTPUT_FILE": "/Users/maples/GitHub/mortalitree_testing/notebooks/single_tiles/postfire/17/22312/51341.geojson",
        "OUTPUT_STATUS_DIR": "postfire",
        "FEATURE_COUNT": 237
      },
      "geometry": {
        "type": "Polygon",
        "coordinates": [
          [
            [
              -118.71559845470759,
              36.28432958297617
            ],
            [
              -118.71552567818968,
              36.28432697062876
            ],
            [
              -118.71552906617788,
              36.28426510322447
            ],
            [
              -118.71560184263865,
              36.284267715565996
            ],
            [
              -118.71559845470759,
              36.28432958297617
            ]
          ]
        ]
      }
    },
    {
      "id": "126",
      "type": "Feature",
      "properties": {
        "id": null,
        "SOURCE_FILE": "/Users/maples/GitHub/mortalitree_testing/labels/bashah_mortalitree_postfire_labels.geojson",
        "SUNETID": "bashah",
        "FIRENAME": "CASTLE",
        "FIRE_SLUG": "CASTLE",
        "PREFIRE": 0,
        "PREFIRE_STATUS": "postfire",
        "TILE_Z": 17,
        "TILE_X": 22312,
        "TILE_Y": 51341,
        "TILEXYZ": [
          17,
          22312,
          51341
        ],
        "OUTPUT_FILE": "/Users/maples/GitHub/mortalitree_testing/notebooks/single_tiles/postfire/17/22312/51341.geojson",
        "OUTPUT_STATUS_DIR": "postfire",
        "FEATURE_COUNT": 237
      },
      "geometry": {
        "type": "Polygon",
        "coordinates": [
          [
            [
              -118.71568226422656,
              36.28429716900479
            ],
            [
              -118.71560948773076,
              36.28429455671038
            ],
            [
              -118.71561384362347,
              36.28421501289553
            ],
            [
              -118.71568662004583,
              36.28421762518237
            ],
            [
              -118.71568226422656,
              36.28429716900479
            ]
          ]
        ]
      }
    },
    {
      "id": "127",
      "type": "Feature",
      "properties": {
        "id": null,
        "SOURCE_FILE": "/Users/maples/GitHub/mortalitree_testing/labels/bashah_mortalitree_postfire_labels.geojson",
        "SUNETID": "bashah",
        "FIRENAME": "CASTLE",
        "FIRE_SLUG": "CASTLE",
        "PREFIRE": 0,
        "PREFIRE_STATUS": "postfire",
        "TILE_Z": 17,
        "TILE_X": 22312,
        "TILE_Y": 51341,
        "TILEXYZ": [
          17,
          22312,
          51341
        ],
        "OUTPUT_FILE": "/Users/maples/GitHub/mortalitree_testing/notebooks/single_tiles/postfire/17/22312/51341.geojson",
        "OUTPUT_STATUS_DIR": "postfire",
        "FEATURE_COUNT": 237
      },
      "geometry": {
        "type": "Polygon",
        "coordinates": [
          [
            [
              -118.71561696258419,
              36.28425792679371
            ],
            [
              -118.71553690848629,
              36.28425505322638
            ],
            [
              -118.71553932846622,
              36.284210862222224
            ],
            [
              -118.71561938251925,
              36.28421373578493
            ],
            [
              -118.71561696258419,
              36.28425792679371
            ]
          ]
        ]
      }
    },
    {
      "id": "128",
      "type": "Feature",
      "properties": {
        "id": null,
        "SOURCE_FILE": "/Users/maples/GitHub/mortalitree_testing/labels/bashah_mortalitree_postfire_labels.geojson",
        "SUNETID": "bashah",
        "FIRENAME": "CASTLE",
        "FIRE_SLUG": "CASTLE",
        "PREFIRE": 0,
        "PREFIRE_STATUS": "postfire",
        "TILE_Z": 17,
        "TILE_X": 22312,
        "TILE_Y": 51341,
        "TILEXYZ": [
          17,
          22312,
          51341
        ],
        "OUTPUT_FILE": "/Users/maples/GitHub/mortalitree_testing/notebooks/single_tiles/postfire/17/22312/51341.geojson",
        "OUTPUT_STATUS_DIR": "postfire",
        "FEATURE_COUNT": 237
      },
      "geometry": {
        "type": "Polygon",
        "coordinates": [
          [
            [
              -118.71584763369187,
              36.28434000296566
            ],
            [
              -118.7157457465226,
              36.28433634587835
            ],
            [
              -118.71574913433827,
              36.284274478456304
            ],
            [
              -118.71585102142755,
              36.28427813553539
            ],
            [
              -118.71584763369187,
              36.28434000296566
            ]
          ]
        ]
      }
    },
    {
      "id": "129",
      "type": "Feature",
      "properties": {
        "id": null,
        "SOURCE_FILE": "/Users/maples/GitHub/mortalitree_testing/labels/bashah_mortalitree_postfire_labels.geojson",
        "SUNETID": "bashah",
        "FIRENAME": "CASTLE",
        "FIRE_SLUG": "CASTLE",
        "PREFIRE": 0,
        "PREFIRE_STATUS": "postfire",
        "TILE_Z": 17,
        "TILE_X": 22312,
        "TILE_Y": 51341,
        "TILEXYZ": [
          17,
          22312,
          51341
        ],
        "OUTPUT_FILE": "/Users/maples/GitHub/mortalitree_testing/notebooks/single_tiles/postfire/17/22312/51341.geojson",
        "OUTPUT_STATUS_DIR": "postfire",
        "FEATURE_COUNT": 237
      },
      "geometry": {
        "type": "Polygon",
        "coordinates": [
          [
            [
              -118.71576666541924,
              36.28445369514026
            ],
            [
              -118.71569024993784,
              36.28445095227378
            ],
            [
              -118.71569331515728,
              36.28439497699235
            ],
            [
              -118.71576973058441,
              36.28439771985325
            ],
            [
              -118.71576666541924,
              36.28445369514026
            ]
          ]
        ]
      }
    },
    {
      "id": "130",
      "type": "Feature",
      "properties": {
        "id": null,
        "SOURCE_FILE": "/Users/maples/GitHub/mortalitree_testing/labels/bashah_mortalitree_postfire_labels.geojson",
        "SUNETID": "bashah",
        "FIRENAME": "CASTLE",
        "FIRE_SLUG": "CASTLE",
        "PREFIRE": 0,
        "PREFIRE_STATUS": "postfire",
        "TILE_Z": 17,
        "TILE_X": 22312,
        "TILE_Y": 51341,
        "TILEXYZ": [
          17,
          22312,
          51341
        ],
        "OUTPUT_FILE": "/Users/maples/GitHub/mortalitree_testing/notebooks/single_tiles/postfire/17/22312/51341.geojson",
        "OUTPUT_STATUS_DIR": "postfire",
        "FEATURE_COUNT": 237
      },
      "geometry": {
        "type": "Polygon",
        "coordinates": [
          [
            [
              -118.71589532331988,
              36.28447949267582
            ],
            [
              -118.71581763420855,
              36.28447670417638
            ],
            [
              -118.7158210784477,
              36.284413805626166
            ],
            [
              -118.71589876749704,
              36.28441659411923
            ],
            [
              -118.71589532331988,
              36.28447949267582
            ]
          ]
        ]
      }
    },
    {
      "id": "131",
      "type": "Feature",
      "properties": {
        "id": null,
        "SOURCE_FILE": "/Users/maples/GitHub/mortalitree_testing/labels/bashah_mortalitree_postfire_labels.geojson",
        "SUNETID": "bashah",
        "FIRENAME": "CASTLE",
        "FIRE_SLUG": "CASTLE",
        "PREFIRE": 0,
        "PREFIRE_STATUS": "postfire",
        "TILE_Z": 17,
        "TILE_X": 22312,
        "TILE_Y": 51341,
        "TILEXYZ": [
          17,
          22312,
          51341
        ],
        "OUTPUT_FILE": "/Users/maples/GitHub/mortalitree_testing/notebooks/single_tiles/postfire/17/22312/51341.geojson",
        "OUTPUT_STATUS_DIR": "postfire",
        "FEATURE_COUNT": 237
      },
      "geometry": {
        "type": "Polygon",
        "coordinates": [
          [
            [
              -118.71580341953138,
              36.284533214025664
            ],
            [
              -118.71575162676004,
              36.28453135498946
            ],
            [
              -118.71575425098881,
              36.28448343228921
            ],
            [
              -118.71580604372866,
              36.28448529132218
            ],
            [
              -118.71580341953138,
              36.284533214025664
            ]
          ]
        ]
      }
    },
    {
      "id": "132",
      "type": "Feature",
      "properties": {
        "id": null,
        "SOURCE_FILE": "/Users/maples/GitHub/mortalitree_testing/labels/bashah_mortalitree_postfire_labels.geojson",
        "SUNETID": "bashah",
        "FIRENAME": "CASTLE",
        "FIRE_SLUG": "CASTLE",
        "PREFIRE": 0,
        "PREFIRE_STATUS": "postfire",
        "TILE_Z": 17,
        "TILE_X": 22312,
        "TILE_Y": 51341,
        "TILEXYZ": [
          17,
          22312,
          51341
        ],
        "OUTPUT_FILE": "/Users/maples/GitHub/mortalitree_testing/notebooks/single_tiles/postfire/17/22312/51341.geojson",
        "OUTPUT_STATUS_DIR": "postfire",
        "FEATURE_COUNT": 237
      },
      "geometry": {
        "type": "Polygon",
        "coordinates": [
          [
            [
              -118.71597519954692,
              36.284543881275646
            ],
            [
              -118.715904909333,
              36.28454135839288
            ],
            [
              -118.71590753346901,
              36.284493435683075
            ],
            [
              -118.71597782364019,
              36.284495958561465
            ],
            [
              -118.71597519954692,
              36.284543881275646
            ]
          ]
        ]
      }
    },
    {
      "id": "133",
      "type": "Feature",
      "properties": {
        "id": null,
        "SOURCE_FILE": "/Users/maples/GitHub/mortalitree_testing/labels/bashah_mortalitree_postfire_labels.geojson",
        "SUNETID": "bashah",
        "FIRENAME": "CASTLE",
        "FIRE_SLUG": "CASTLE",
        "PREFIRE": 0,
        "PREFIRE_STATUS": "postfire",
        "TILE_Z": 17,
        "TILE_X": 22312,
        "TILE_Y": 51341,
        "TILEXYZ": [
          17,
          22312,
          51341
        ],
        "OUTPUT_FILE": "/Users/maples/GitHub/mortalitree_testing/notebooks/single_tiles/postfire/17/22312/51341.geojson",
        "OUTPUT_STATUS_DIR": "postfire",
        "FEATURE_COUNT": 237
      },
      "geometry": {
        "type": "Polygon",
        "coordinates": [
          [
            [
              -118.71589949703292,
              36.28464019898009
            ],
            [
              -118.71583290622853,
              36.284637808834056
            ],
            [
              -118.71583585844101,
              36.28458389579145
            ],
            [
              -118.71590244919989,
              36.28458628593281
            ],
            [
              -118.71589949703292,
              36.28464019898009
            ]
          ]
        ]
      }
    },
    {
      "id": "134",
      "type": "Feature",
      "properties": {
        "id": null,
        "SOURCE_FILE": "/Users/maples/GitHub/mortalitree_testing/labels/bashah_mortalitree_postfire_labels.geojson",
        "SUNETID": "bashah",
        "FIRENAME": "CASTLE",
        "FIRE_SLUG": "CASTLE",
        "PREFIRE": 0,
        "PREFIRE_STATUS": "postfire",
        "TILE_Z": 17,
        "TILE_X": 22312,
        "TILE_Y": 51341,
        "TILEXYZ": [
          17,
          22312,
          51341
        ],
        "OUTPUT_FILE": "/Users/maples/GitHub/mortalitree_testing/notebooks/single_tiles/postfire/17/22312/51341.geojson",
        "OUTPUT_STATUS_DIR": "postfire",
        "FEATURE_COUNT": 237
      },
      "geometry": {
        "type": "Polygon",
        "coordinates": [
          [
            [
              -118.71601611296205,
              36.2846428840619
            ],
            [
              -118.71595692112444,
              36.284640759547045
            ],
            [
              -118.7159600372588,
              36.28458385132617
            ],
            [
              -118.71601922905367,
              36.28458597583662
            ],
            [
              -118.71601611296205,
              36.2846428840619
            ]
          ]
        ]
      }
    },
    {
      "id": "135",
      "type": "Feature",
      "properties": {
        "id": null,
        "SOURCE_FILE": "/Users/maples/GitHub/mortalitree_testing/labels/bashah_mortalitree_postfire_labels.geojson",
        "SUNETID": "bashah",
        "FIRENAME": "CASTLE",
        "FIRE_SLUG": "CASTLE",
        "PREFIRE": 0,
        "PREFIRE_STATUS": "postfire",
        "TILE_Z": 17,
        "TILE_X": 22312,
        "TILE_Y": 51341,
        "TILEXYZ": [
          17,
          22312,
          51341
        ],
        "OUTPUT_FILE": "/Users/maples/GitHub/mortalitree_testing/notebooks/single_tiles/postfire/17/22312/51341.geojson",
        "OUTPUT_STATUS_DIR": "postfire",
        "FEATURE_COUNT": 237
      },
      "geometry": {
        "type": "Polygon",
        "coordinates": [
          [
            [
              -118.71637270388523,
              36.284663184850885
            ],
            [
              -118.71630981251226,
              36.284660927739345
            ],
            [
              -118.71631210842503,
              36.28461899534689
            ],
            [
              -118.71637499976453,
              36.284621252454976
            ],
            [
              -118.71637270388523,
              36.284663184850885
            ]
          ]
        ]
      }
    },
    {
      "id": "136",
      "type": "Feature",
      "properties": {
        "id": null,
        "SOURCE_FILE": "/Users/maples/GitHub/mortalitree_testing/labels/bashah_mortalitree_postfire_labels.geojson",
        "SUNETID": "bashah",
        "FIRENAME": "CASTLE",
        "FIRE_SLUG": "CASTLE",
        "PREFIRE": 0,
        "PREFIRE_STATUS": "postfire",
        "TILE_Z": 17,
        "TILE_X": 22312,
        "TILE_Y": 51341,
        "TILEXYZ": [
          17,
          22312,
          51341
        ],
        "OUTPUT_FILE": "/Users/maples/GitHub/mortalitree_testing/notebooks/single_tiles/postfire/17/22312/51341.geojson",
        "OUTPUT_STATUS_DIR": "postfire",
        "FEATURE_COUNT": 237
      },
      "geometry": {
        "type": "Polygon",
        "coordinates": [
          [
            [
              -118.71609705546531,
              36.2846878039921
            ],
            [
              -118.71601936612696,
              36.28468501561
            ],
            [
              -118.71602281023044,
              36.284622117045345
            ],
            [
              -118.7161004995068,
              36.28462490542107
            ],
            [
              -118.71609705546531,
              36.2846878039921
            ]
          ]
        ]
      }
    },
    {
      "id": "137",
      "type": "Feature",
      "properties": {
        "id": null,
        "SOURCE_FILE": "/Users/maples/GitHub/mortalitree_testing/labels/bashah_mortalitree_postfire_labels.geojson",
        "SUNETID": "bashah",
        "FIRENAME": "CASTLE",
        "FIRE_SLUG": "CASTLE",
        "PREFIRE": 0,
        "PREFIRE_STATUS": "postfire",
        "TILE_Z": 17,
        "TILE_X": 22312,
        "TILE_Y": 51341,
        "TILEXYZ": [
          17,
          22312,
          51341
        ],
        "OUTPUT_FILE": "/Users/maples/GitHub/mortalitree_testing/notebooks/single_tiles/postfire/17/22312/51341.geojson",
        "OUTPUT_STATUS_DIR": "postfire",
        "FEATURE_COUNT": 237
      },
      "geometry": {
        "type": "Polygon",
        "coordinates": [
          [
            [
              -118.71636800107554,
              36.28454597486581
            ],
            [
              -118.71630510979703,
              36.284543717758055
            ],
            [
              -118.7163080616746,
              36.28448980468123
            ],
            [
              -118.7163709529101,
              36.28449206178457
            ],
            [
              -118.71636800107554,
              36.28454597486581
            ]
          ]
        ]
      }
    },
    {
      "id": "138",
      "type": "Feature",
      "properties": {
        "id": null,
        "SOURCE_FILE": "/Users/maples/GitHub/mortalitree_testing/labels/bashah_mortalitree_postfire_labels.geojson",
        "SUNETID": "bashah",
        "FIRENAME": "CASTLE",
        "FIRE_SLUG": "CASTLE",
        "PREFIRE": 0,
        "PREFIRE_STATUS": "postfire",
        "TILE_Z": 17,
        "TILE_X": 22312,
        "TILE_Y": 51341,
        "TILEXYZ": [
          17,
          22312,
          51341
        ],
        "OUTPUT_FILE": "/Users/maples/GitHub/mortalitree_testing/notebooks/single_tiles/postfire/17/22312/51341.geojson",
        "OUTPUT_STATUS_DIR": "postfire",
        "FEATURE_COUNT": 237
      },
      "geometry": {
        "type": "Polygon",
        "coordinates": [
          [
            [
              -118.71624089697785,
              36.28449789786859
            ],
            [
              -118.71616690729688,
              36.28449524236864
            ],
            [
              -118.71616985926426,
              36.28444132930116
            ],
            [
              -118.71624384889465,
              36.28444398479589
            ],
            [
              -118.71624089697785,
              36.28449789786859
            ]
          ]
        ]
      }
    },
    {
      "id": "139",
      "type": "Feature",
      "properties": {
        "id": null,
        "SOURCE_FILE": "/Users/maples/GitHub/mortalitree_testing/labels/bashah_mortalitree_postfire_labels.geojson",
        "SUNETID": "bashah",
        "FIRENAME": "CASTLE",
        "FIRE_SLUG": "CASTLE",
        "PREFIRE": 0,
        "PREFIRE_STATUS": "postfire",
        "TILE_Z": 17,
        "TILE_X": 22312,
        "TILE_Y": 51341,
        "TILEXYZ": [
          17,
          22312,
          51341
        ],
        "OUTPUT_FILE": "/Users/maples/GitHub/mortalitree_testing/notebooks/single_tiles/postfire/17/22312/51341.geojson",
        "OUTPUT_STATUS_DIR": "postfire",
        "FEATURE_COUNT": 237
      },
      "geometry": {
        "type": "Polygon",
        "coordinates": [
          [
            [
              -118.7161712170111,
              36.2844503812004
            ],
            [
              -118.71610092686296,
              36.284447858438405
            ],
            [
              -118.71610387887064,
              36.28439394537514
            ],
            [
              -118.71617416897068,
              36.28439646813219
            ],
            [
              -118.7161712170111,
              36.2844503812004
            ]
          ]
        ]
      }
    },
    {
      "id": "140",
      "type": "Feature",
      "properties": {
        "id": null,
        "SOURCE_FILE": "/Users/maples/GitHub/mortalitree_testing/labels/bashah_mortalitree_postfire_labels.geojson",
        "SUNETID": "bashah",
        "FIRENAME": "CASTLE",
        "FIRE_SLUG": "CASTLE",
        "PREFIRE": 0,
        "PREFIRE_STATUS": "postfire",
        "TILE_Z": 17,
        "TILE_X": 22312,
        "TILE_Y": 51341,
        "TILEXYZ": [
          17,
          22312,
          51341
        ],
        "OUTPUT_FILE": "/Users/maples/GitHub/mortalitree_testing/notebooks/single_tiles/postfire/17/22312/51341.geojson",
        "OUTPUT_STATUS_DIR": "postfire",
        "FEATURE_COUNT": 237
      },
      "geometry": {
        "type": "Polygon",
        "coordinates": [
          [
            [
              -118.71612613097648,
              36.28449527940936
            ],
            [
              -118.71607803769159,
              36.28449355329352
            ],
            [
              -118.71608016971284,
              36.284454616082705
            ],
            [
              -118.71612826297398,
              36.284456342196094
            ],
            [
              -118.71612613097648,
              36.28449527940936
            ]
          ]
        ]
      }
    },
    {
      "id": "141",
      "type": "Feature",
      "properties": {
        "id": null,
        "SOURCE_FILE": "/Users/maples/GitHub/mortalitree_testing/labels/bashah_mortalitree_postfire_labels.geojson",
        "SUNETID": "bashah",
        "FIRENAME": "CASTLE",
        "FIRE_SLUG": "CASTLE",
        "PREFIRE": 0,
        "PREFIRE_STATUS": "postfire",
        "TILE_Z": 17,
        "TILE_X": 22312,
        "TILE_Y": 51341,
        "TILEXYZ": [
          17,
          22312,
          51341
        ],
        "OUTPUT_FILE": "/Users/maples/GitHub/mortalitree_testing/notebooks/single_tiles/postfire/17/22312/51341.geojson",
        "OUTPUT_STATUS_DIR": "postfire",
        "FEATURE_COUNT": 237
      },
      "geometry": {
        "type": "Polygon",
        "coordinates": [
          [
            [
              -118.71624138677235,
              36.284184305043446
            ],
            [
              -118.71617849579448,
              36.284182047888365
            ],
            [
              -118.71618029974998,
              36.28414910101164
            ],
            [
              -118.71624319070158,
              36.28415135816402
            ],
            [
              -118.71624138677235,
              36.284184305043446
            ]
          ]
        ]
      }
    },
    {
      "id": "142",
      "type": "Feature",
      "properties": {
        "id": null,
        "SOURCE_FILE": "/Users/maples/GitHub/mortalitree_testing/labels/bashah_mortalitree_postfire_labels.geojson",
        "SUNETID": "bashah",
        "FIRENAME": "CASTLE",
        "FIRE_SLUG": "CASTLE",
        "PREFIRE": 0,
        "PREFIRE_STATUS": "postfire",
        "TILE_Z": 17,
        "TILE_X": 22312,
        "TILE_Y": 51341,
        "TILEXYZ": [
          17,
          22312,
          51341
        ],
        "OUTPUT_FILE": "/Users/maples/GitHub/mortalitree_testing/notebooks/single_tiles/postfire/17/22312/51341.geojson",
        "OUTPUT_STATUS_DIR": "postfire",
        "FEATURE_COUNT": 237
      },
      "geometry": {
        "type": "Polygon",
        "coordinates": [
          [
            [
              -118.71634808067365,
              36.28436819760612
            ],
            [
              -118.71624449527984,
              36.28436447999765
            ],
            [
              -118.71624990709037,
              36.28426563936116
            ],
            [
              -118.71635349235429,
              36.28426935695627
            ],
            [
              -118.71634808067365,
              36.28436819760612
            ]
          ]
        ]
      }
    },
    {
      "id": "143",
      "type": "Feature",
      "properties": {
        "id": null,
        "SOURCE_FILE": "/Users/maples/GitHub/mortalitree_testing/labels/bashah_mortalitree_postfire_labels.geojson",
        "SUNETID": "bashah",
        "FIRENAME": "CASTLE",
        "FIRE_SLUG": "CASTLE",
        "PREFIRE": 0,
        "PREFIRE_STATUS": "postfire",
        "TILE_Z": 17,
        "TILE_X": 22312,
        "TILE_Y": 51341,
        "TILEXYZ": [
          17,
          22312,
          51341
        ],
        "OUTPUT_FILE": "/Users/maples/GitHub/mortalitree_testing/notebooks/single_tiles/postfire/17/22312/51341.geojson",
        "OUTPUT_STATUS_DIR": "postfire",
        "FEATURE_COUNT": 237
      },
      "geometry": {
        "type": "Polygon",
        "coordinates": [
          [
            [
              -118.71647119329295,
              36.284387621199905
            ],
            [
              -118.71634541098005,
              36.28438310707684
            ],
            [
              -118.716349346755,
              36.28431122296852
            ],
            [
              -118.71647512895319,
              36.28431573707978
            ],
            [
              -118.71647119329295,
              36.284387621199905
            ]
          ]
        ]
      }
    },
    {
      "id": "144",
      "type": "Feature",
      "properties": {
        "id": null,
        "SOURCE_FILE": "/Users/maples/GitHub/mortalitree_testing/labels/bashah_mortalitree_postfire_labels.geojson",
        "SUNETID": "bashah",
        "FIRENAME": "CASTLE",
        "FIRE_SLUG": "CASTLE",
        "PREFIRE": 0,
        "PREFIRE_STATUS": "postfire",
        "TILE_Z": 17,
        "TILE_X": 22312,
        "TILE_Y": 51341,
        "TILEXYZ": [
          17,
          22312,
          51341
        ],
        "OUTPUT_FILE": "/Users/maples/GitHub/mortalitree_testing/notebooks/single_tiles/postfire/17/22312/51341.geojson",
        "OUTPUT_STATUS_DIR": "postfire",
        "FEATURE_COUNT": 237
      },
      "geometry": {
        "type": "Polygon",
        "coordinates": [
          [
            [
              -118.71646533566133,
              36.28452846064841
            ],
            [
              -118.71639134592972,
              36.28452580528542
            ],
            [
              -118.71639528168306,
              36.28445392117449
            ],
            [
              -118.7164692713472,
              36.28445657653054
            ],
            [
              -118.71646533566133,
              36.28452846064841
            ]
          ]
        ]
      }
    },
    {
      "id": "145",
      "type": "Feature",
      "properties": {
        "id": null,
        "SOURCE_FILE": "/Users/maples/GitHub/mortalitree_testing/labels/bashah_mortalitree_postfire_labels.geojson",
        "SUNETID": "bashah",
        "FIRENAME": "CASTLE",
        "FIRE_SLUG": "CASTLE",
        "PREFIRE": 0,
        "PREFIRE_STATUS": "postfire",
        "TILE_Z": 17,
        "TILE_X": 22312,
        "TILE_Y": 51341,
        "TILEXYZ": [
          17,
          22312,
          51341
        ],
        "OUTPUT_FILE": "/Users/maples/GitHub/mortalitree_testing/notebooks/single_tiles/postfire/17/22312/51341.geojson",
        "OUTPUT_STATUS_DIR": "postfire",
        "FEATURE_COUNT": 237
      },
      "geometry": {
        "type": "Polygon",
        "coordinates": [
          [
            [
              -118.7164746761519,
              36.28459481910699
            ],
            [
              -118.71640808533583,
              36.28459242928382
            ],
            [
              -118.71641054517968,
              36.28454750171413
            ],
            [
              -118.7164771359578,
              36.28454989153341
            ],
            [
              -118.7164746761519,
              36.28459481910699
            ]
          ]
        ]
      }
    },
    {
      "id": "146",
      "type": "Feature",
      "properties": {
        "id": null,
        "SOURCE_FILE": "/Users/maples/GitHub/mortalitree_testing/labels/bashah_mortalitree_postfire_labels.geojson",
        "SUNETID": "bashah",
        "FIRENAME": "CASTLE",
        "FIRE_SLUG": "CASTLE",
        "PREFIRE": 0,
        "PREFIRE_STATUS": "postfire",
        "TILE_Z": 17,
        "TILE_X": 22312,
        "TILE_Y": 51341,
        "TILEXYZ": [
          17,
          22312,
          51341
        ],
        "OUTPUT_FILE": "/Users/maples/GitHub/mortalitree_testing/notebooks/single_tiles/postfire/17/22312/51341.geojson",
        "OUTPUT_STATUS_DIR": "postfire",
        "FEATURE_COUNT": 237
      },
      "geometry": {
        "type": "Polygon",
        "coordinates": [
          [
            [
              -118.71649005785358,
              36.28465239120076
            ],
            [
              -118.71643826495685,
              36.284650532456716
            ],
            [
              -118.71644121675436,
              36.28459661937144
            ],
            [
              -118.71649300961565,
              36.284598478111825
            ],
            [
              -118.71649005785358,
              36.28465239120076
            ]
          ]
        ]
      }
    },
    {
      "id": "147",
      "type": "Feature",
      "properties": {
        "id": null,
        "SOURCE_FILE": "/Users/maples/GitHub/mortalitree_testing/labels/bashah_mortalitree_postfire_labels.geojson",
        "SUNETID": "bashah",
        "FIRENAME": "CASTLE",
        "FIRE_SLUG": "CASTLE",
        "PREFIRE": 0,
        "PREFIRE_STATUS": "postfire",
        "TILE_Z": 17,
        "TILE_X": 22312,
        "TILE_Y": 51341,
        "TILEXYZ": [
          17,
          22312,
          51341
        ],
        "OUTPUT_FILE": "/Users/maples/GitHub/mortalitree_testing/notebooks/single_tiles/postfire/17/22312/51341.geojson",
        "OUTPUT_STATUS_DIR": "postfire",
        "FEATURE_COUNT": 237
      },
      "geometry": {
        "type": "Polygon",
        "coordinates": [
          [
            [
              -118.71617686728537,
              36.28458413099978
            ],
            [
              -118.71608807957912,
              36.28458094434035
            ],
            [
              -118.71609234362118,
              36.28450306991844
            ],
            [
              -118.7161811312397,
              36.28450625656886
            ],
            [
              -118.71617686728537,
              36.28458413099978
            ]
          ]
        ]
      }
    },
    {
      "id": "148",
      "type": "Feature",
      "properties": {
        "id": null,
        "SOURCE_FILE": "/Users/maples/GitHub/mortalitree_testing/labels/bashah_mortalitree_postfire_labels.geojson",
        "SUNETID": "bashah",
        "FIRENAME": "CASTLE",
        "FIRE_SLUG": "CASTLE",
        "PREFIRE": 0,
        "PREFIRE_STATUS": "postfire",
        "TILE_Z": 17,
        "TILE_X": 22312,
        "TILE_Y": 51341,
        "TILEXYZ": [
          17,
          22312,
          51341
        ],
        "OUTPUT_FILE": "/Users/maples/GitHub/mortalitree_testing/notebooks/single_tiles/postfire/17/22312/51341.geojson",
        "OUTPUT_STATUS_DIR": "postfire",
        "FEATURE_COUNT": 237
      },
      "geometry": {
        "type": "Polygon",
        "coordinates": [
          [
            [
              -118.71626265729385,
              36.284608217401896
            ],
            [
              -118.71618496801753,
              36.28460542913263
            ],
            [
              -118.71618890397158,
              36.28453354504211
            ],
            [
              -118.71626659317707,
              36.28453633330409
            ],
            [
              -118.71626265729385,
              36.284608217401896
            ]
          ]
        ]
      }
    },
    {
      "id": "149",
      "type": "Feature",
      "properties": {
        "id": null,
        "SOURCE_FILE": "/Users/maples/GitHub/mortalitree_testing/labels/bashah_mortalitree_postfire_labels.geojson",
        "SUNETID": "bashah",
        "FIRENAME": "CASTLE",
        "FIRE_SLUG": "CASTLE",
        "PREFIRE": 0,
        "PREFIRE_STATUS": "postfire",
        "TILE_Z": 17,
        "TILE_X": 22312,
        "TILE_Y": 51341,
        "TILEXYZ": [
          17,
          22312,
          51341
        ],
        "OUTPUT_FILE": "/Users/maples/GitHub/mortalitree_testing/notebooks/single_tiles/postfire/17/22312/51341.geojson",
        "OUTPUT_STATUS_DIR": "postfire",
        "FEATURE_COUNT": 237
      },
      "geometry": {
        "type": "Polygon",
        "coordinates": [
          [
            [
              -118.71625304437048,
              36.284648386658695
            ],
            [
              -118.71616055709174,
              36.284645067274234
            ],
            [
              -118.71616400107685,
              36.28458216869753
            ],
            [
              -118.7162564882818,
              36.2845854880744
            ],
            [
              -118.71625304437048,
              36.284648386658695
            ]
          ]
        ]
      }
    },
    {
      "id": "150",
      "type": "Feature",
      "properties": {
        "id": null,
        "SOURCE_FILE": "/Users/maples/GitHub/mortalitree_testing/labels/bashah_mortalitree_postfire_labels.geojson",
        "SUNETID": "bashah",
        "FIRENAME": "CASTLE",
        "FIRE_SLUG": "CASTLE",
        "PREFIRE": 0,
        "PREFIRE_STATUS": "postfire",
        "TILE_Z": 17,
        "TILE_X": 22312,
        "TILE_Y": 51341,
        "TILEXYZ": [
          17,
          22312,
          51341
        ],
        "OUTPUT_FILE": "/Users/maples/GitHub/mortalitree_testing/notebooks/single_tiles/postfire/17/22312/51341.geojson",
        "OUTPUT_STATUS_DIR": "postfire",
        "FEATURE_COUNT": 237
      },
      "geometry": {
        "type": "Polygon",
        "coordinates": [
          [
            [
              -118.71671058370666,
              36.28434819525368
            ],
            [
              -118.71662549568447,
              36.284345141769805
            ],
            [
              -118.71663057905232,
              36.28425229142832
            ],
            [
              -118.71671566697428,
              36.28425534490188
            ],
            [
              -118.71671058370666,
              36.28434819525368
            ]
          ]
        ]
      }
    },
    {
      "id": "151",
      "type": "Feature",
      "properties": {
        "id": null,
        "SOURCE_FILE": "/Users/maples/GitHub/mortalitree_testing/labels/bashah_mortalitree_postfire_labels.geojson",
        "SUNETID": "bashah",
        "FIRENAME": "CASTLE",
        "FIRE_SLUG": "CASTLE",
        "PREFIRE": 0,
        "PREFIRE_STATUS": "postfire",
        "TILE_Z": 17,
        "TILE_X": 22312,
        "TILE_Y": 51341,
        "TILEXYZ": [
          17,
          22312,
          51341
        ],
        "OUTPUT_FILE": "/Users/maples/GitHub/mortalitree_testing/notebooks/single_tiles/postfire/17/22312/51341.geojson",
        "OUTPUT_STATUS_DIR": "postfire",
        "FEATURE_COUNT": 237
      },
      "geometry": {
        "type": "Polygon",
        "coordinates": [
          [
            [
              -118.71667779029823,
              36.284405539042325
            ],
            [
              -118.71658530325455,
              36.284402220005404
            ],
            [
              -118.71658923881222,
              36.284330335874714
            ],
            [
              -118.71668172577158,
              36.28433365490295
            ],
            [
              -118.71667779029823,
              36.284405539042325
            ]
          ]
        ]
      }
    },
    {
      "id": "152",
      "type": "Feature",
      "properties": {
        "id": null,
        "SOURCE_FILE": "/Users/maples/GitHub/mortalitree_testing/labels/bashah_mortalitree_postfire_labels.geojson",
        "SUNETID": "bashah",
        "FIRENAME": "CASTLE",
        "FIRE_SLUG": "CASTLE",
        "PREFIRE": 0,
        "PREFIRE_STATUS": "postfire",
        "TILE_Z": 17,
        "TILE_X": 22312,
        "TILE_Y": 51341,
        "TILEXYZ": [
          17,
          22312,
          51341
        ],
        "OUTPUT_FILE": "/Users/maples/GitHub/mortalitree_testing/notebooks/single_tiles/postfire/17/22312/51341.geojson",
        "OUTPUT_STATUS_DIR": "postfire",
        "FEATURE_COUNT": 237
      },
      "geometry": {
        "type": "Polygon",
        "coordinates": [
          [
            [
              -118.716598687529,
              36.28429316174734
            ],
            [
              -118.71652099853071,
              36.28429037371712
            ],
            [
              -118.71652378624925,
              36.284239455794676
            ],
            [
              -118.71660147519735,
              36.28424224381974
            ],
            [
              -118.716598687529,
              36.28429316174734
            ]
          ]
        ]
      }
    },
    {
      "id": "153",
      "type": "Feature",
      "properties": {
        "id": null,
        "SOURCE_FILE": "/Users/maples/GitHub/mortalitree_testing/labels/bashah_mortalitree_postfire_labels.geojson",
        "SUNETID": "bashah",
        "FIRENAME": "CASTLE",
        "FIRE_SLUG": "CASTLE",
        "PREFIRE": 0,
        "PREFIRE_STATUS": "postfire",
        "TILE_Z": 17,
        "TILE_X": 22312,
        "TILE_Y": 51341,
        "TILEXYZ": [
          17,
          22312,
          51341
        ],
        "OUTPUT_FILE": "/Users/maples/GitHub/mortalitree_testing/notebooks/single_tiles/postfire/17/22312/51341.geojson",
        "OUTPUT_STATUS_DIR": "postfire",
        "FEATURE_COUNT": 237
      },
      "geometry": {
        "type": "Polygon",
        "coordinates": [
          [
            [
              -118.7169872044151,
              36.28423807939822
            ],
            [
              -118.7169317122831,
              36.28423608813609
            ],
            [
              -118.71693499163082,
              36.28417618466506
            ],
            [
              -118.71699048372066,
              36.28417817592287
            ],
            [
              -118.7169872044151,
              36.28423807939822
            ]
          ]
        ]
      }
    },
    {
      "id": "154",
      "type": "Feature",
      "properties": {
        "id": null,
        "SOURCE_FILE": "/Users/maples/GitHub/mortalitree_testing/labels/bashah_mortalitree_postfire_labels.geojson",
        "SUNETID": "bashah",
        "FIRENAME": "CASTLE",
        "FIRE_SLUG": "CASTLE",
        "PREFIRE": 0,
        "PREFIRE_STATUS": "postfire",
        "TILE_Z": 17,
        "TILE_X": 22312,
        "TILE_Y": 51341,
        "TILEXYZ": [
          17,
          22312,
          51341
        ],
        "OUTPUT_FILE": "/Users/maples/GitHub/mortalitree_testing/notebooks/single_tiles/postfire/17/22312/51341.geojson",
        "OUTPUT_STATUS_DIR": "postfire",
        "FEATURE_COUNT": 237
      },
      "geometry": {
        "type": "Polygon",
        "coordinates": [
          [
            [
              -118.71706695325972,
              36.28427095161016
            ],
            [
              -118.71699666318995,
              36.284268429385385
            ],
            [
              -118.71699961456216,
              36.28421451625717
            ],
            [
              -118.71706990458385,
              36.284217038477024
            ],
            [
              -118.71706695325972,
              36.28427095161016
            ]
          ]
        ]
      }
    },
    {
      "id": "155",
      "type": "Feature",
      "properties": {
        "id": null,
        "SOURCE_FILE": "/Users/maples/GitHub/mortalitree_testing/labels/bashah_mortalitree_postfire_labels.geojson",
        "SUNETID": "bashah",
        "FIRENAME": "CASTLE",
        "FIRE_SLUG": "CASTLE",
        "PREFIRE": 0,
        "PREFIRE_STATUS": "postfire",
        "TILE_Z": 17,
        "TILE_X": 22312,
        "TILE_Y": 51341,
        "TILEXYZ": [
          17,
          22312,
          51341
        ],
        "OUTPUT_FILE": "/Users/maples/GitHub/mortalitree_testing/notebooks/single_tiles/postfire/17/22312/51341.geojson",
        "OUTPUT_STATUS_DIR": "postfire",
        "FEATURE_COUNT": 237
      },
      "geometry": {
        "type": "Polygon",
        "coordinates": [
          [
            [
              -118.71712375710995,
              36.28424898141703
            ],
            [
              -118.71707936338979,
              36.28424738845966
            ],
            [
              -118.71708215074122,
              36.28419647049958
            ],
            [
              -118.7171265444327,
              36.284198063454
            ],
            [
              -118.71712375710995,
              36.28424898141703
            ]
          ]
        ]
      }
    },
    {
      "id": "156",
      "type": "Feature",
      "properties": {
        "id": null,
        "SOURCE_FILE": "/Users/maples/GitHub/mortalitree_testing/labels/bashah_mortalitree_postfire_labels.geojson",
        "SUNETID": "bashah",
        "FIRENAME": "CASTLE",
        "FIRE_SLUG": "CASTLE",
        "PREFIRE": 0,
        "PREFIRE_STATUS": "postfire",
        "TILE_Z": 17,
        "TILE_X": 22312,
        "TILE_Y": 51341,
        "TILEXYZ": [
          17,
          22312,
          51341
        ],
        "OUTPUT_FILE": "/Users/maples/GitHub/mortalitree_testing/notebooks/single_tiles/postfire/17/22312/51341.geojson",
        "OUTPUT_STATUS_DIR": "postfire",
        "FEATURE_COUNT": 237
      },
      "geometry": {
        "type": "Polygon",
        "coordinates": [
          [
            [
              -118.71695689119699,
              36.28438554399001
            ],
            [
              -118.7168976994807,
              36.28438341995375
            ],
            [
              -118.71690081490274,
              36.284326511660225
            ],
            [
              -118.71696000657627,
              36.28432863569209
            ],
            [
              -118.71695689119699,
              36.28438554399001
            ]
          ]
        ]
      }
    },
    {
      "id": "157",
      "type": "Feature",
      "properties": {
        "id": null,
        "SOURCE_FILE": "/Users/maples/GitHub/mortalitree_testing/labels/bashah_mortalitree_postfire_labels.geojson",
        "SUNETID": "bashah",
        "FIRENAME": "CASTLE",
        "FIRE_SLUG": "CASTLE",
        "PREFIRE": 0,
        "PREFIRE_STATUS": "postfire",
        "TILE_Z": 17,
        "TILE_X": 22312,
        "TILE_Y": 51341,
        "TILEXYZ": [
          17,
          22312,
          51341
        ],
        "OUTPUT_FILE": "/Users/maples/GitHub/mortalitree_testing/notebooks/single_tiles/postfire/17/22312/51341.geojson",
        "OUTPUT_STATUS_DIR": "postfire",
        "FEATURE_COUNT": 237
      },
      "geometry": {
        "type": "Polygon",
        "coordinates": [
          [
            [
              -118.71690473459604,
              36.284424186676496
            ],
            [
              -118.71686773975694,
              36.284422859139895
            ],
            [
              -118.71687052726371,
              36.28437194119544
            ],
            [
              -118.71690752207891,
              36.28437326872957
            ],
            [
              -118.71690473459604,
              36.284424186676496
            ]
          ]
        ]
      }
    },
    {
      "id": "158",
      "type": "Feature",
      "properties": {
        "id": null,
        "SOURCE_FILE": "/Users/maples/GitHub/mortalitree_testing/labels/bashah_mortalitree_postfire_labels.geojson",
        "SUNETID": "bashah",
        "FIRENAME": "CASTLE",
        "FIRE_SLUG": "CASTLE",
        "PREFIRE": 0,
        "PREFIRE_STATUS": "postfire",
        "TILE_Z": 17,
        "TILE_X": 22312,
        "TILE_Y": 51341,
        "TILEXYZ": [
          17,
          22312,
          51341
        ],
        "OUTPUT_FILE": "/Users/maples/GitHub/mortalitree_testing/notebooks/single_tiles/postfire/17/22312/51341.geojson",
        "OUTPUT_STATUS_DIR": "postfire",
        "FEATURE_COUNT": 237
      },
      "geometry": {
        "type": "Polygon",
        "coordinates": [
          [
            [
              -118.71712423390656,
              36.28440955510381
            ],
            [
              -118.7170576431912,
              36.284407165652794
            ],
            [
              -118.71706026660956,
              36.284359242869506
            ],
            [
              -118.71712685728444,
              36.28436163231635
            ],
            [
              -118.71712423390656,
              36.28440955510381
            ]
          ]
        ]
      }
    },
    {
      "id": "159",
      "type": "Feature",
      "properties": {
        "id": null,
        "SOURCE_FILE": "/Users/maples/GitHub/mortalitree_testing/labels/bashah_mortalitree_postfire_labels.geojson",
        "SUNETID": "bashah",
        "FIRENAME": "CASTLE",
        "FIRE_SLUG": "CASTLE",
        "PREFIRE": 0,
        "PREFIRE_STATUS": "postfire",
        "TILE_Z": 17,
        "TILE_X": 22312,
        "TILE_Y": 51341,
        "TILEXYZ": [
          17,
          22312,
          51341
        ],
        "OUTPUT_FILE": "/Users/maples/GitHub/mortalitree_testing/notebooks/single_tiles/postfire/17/22312/51341.geojson",
        "OUTPUT_STATUS_DIR": "postfire",
        "FEATURE_COUNT": 237
      },
      "geometry": {
        "type": "Polygon",
        "coordinates": [
          [
            [
              -118.71711337104712,
              36.284337139937875
            ],
            [
              -118.71705417935527,
              36.2843350159815
            ],
            [
              -118.71705663880566,
              36.28429008837185
            ],
            [
              -118.7171158304638,
              36.28429221232476
            ],
            [
              -118.71711337104712,
              36.284337139937875
            ]
          ]
        ]
      }
    },
    {
      "id": "160",
      "type": "Feature",
      "properties": {
        "id": null,
        "SOURCE_FILE": "/Users/maples/GitHub/mortalitree_testing/labels/bashah_mortalitree_postfire_labels.geojson",
        "SUNETID": "bashah",
        "FIRENAME": "CASTLE",
        "FIRE_SLUG": "CASTLE",
        "PREFIRE": 0,
        "PREFIRE_STATUS": "postfire",
        "TILE_Z": 17,
        "TILE_X": 22312,
        "TILE_Y": 51341,
        "TILEXYZ": [
          17,
          22312,
          51341
        ],
        "OUTPUT_FILE": "/Users/maples/GitHub/mortalitree_testing/notebooks/single_tiles/postfire/17/22312/51341.geojson",
        "OUTPUT_STATUS_DIR": "postfire",
        "FEATURE_COUNT": 237
      },
      "geometry": {
        "type": "Polygon",
        "coordinates": [
          [
            [
              -118.71698823940329,
              36.284557729146165
            ],
            [
              -118.7169216485739,
              36.284555339611074
            ],
            [
              -118.71692443605913,
              36.284504421664145
            ],
            [
              -118.7169910268455,
              36.28450681119481
            ],
            [
              -118.71698823940329,
              36.284557729146165
            ]
          ]
        ]
      }
    },
    {
      "id": "161",
      "type": "Feature",
      "properties": {
        "id": null,
        "SOURCE_FILE": "/Users/maples/GitHub/mortalitree_testing/labels/bashah_mortalitree_postfire_labels.geojson",
        "SUNETID": "bashah",
        "FIRENAME": "CASTLE",
        "FIRE_SLUG": "CASTLE",
        "PREFIRE": 0,
        "PREFIRE_STATUS": "postfire",
        "TILE_Z": 17,
        "TILE_X": 22312,
        "TILE_Y": 51341,
        "TILEXYZ": [
          17,
          22312,
          51341
        ],
        "OUTPUT_FILE": "/Users/maples/GitHub/mortalitree_testing/notebooks/single_tiles/postfire/17/22312/51341.geojson",
        "OUTPUT_STATUS_DIR": "postfire",
        "FEATURE_COUNT": 237
      },
      "geometry": {
        "type": "Polygon",
        "coordinates": [
          [
            [
              -118.71659226953471,
              36.2848166158485
            ],
            [
              -118.71652937802055,
              36.28481435884427
            ],
            [
              -118.71653200180093,
              36.284766436097414
            ],
            [
              -118.71659489327686,
              36.28476869309771
            ],
            [
              -118.71659226953471,
              36.2848166158485
            ]
          ]
        ]
      }
    },
    {
      "id": "162",
      "type": "Feature",
      "properties": {
        "id": null,
        "SOURCE_FILE": "/Users/maples/GitHub/mortalitree_testing/labels/bashah_mortalitree_postfire_labels.geojson",
        "SUNETID": "bashah",
        "FIRENAME": "CASTLE",
        "FIRE_SLUG": "CASTLE",
        "PREFIRE": 0,
        "PREFIRE_STATUS": "postfire",
        "TILE_Z": 17,
        "TILE_X": 22312,
        "TILE_Y": 51341,
        "TILEXYZ": [
          17,
          22312,
          51341
        ],
        "OUTPUT_FILE": "/Users/maples/GitHub/mortalitree_testing/notebooks/single_tiles/postfire/17/22312/51341.geojson",
        "OUTPUT_STATUS_DIR": "postfire",
        "FEATURE_COUNT": 237
      },
      "geometry": {
        "type": "Polygon",
        "coordinates": [
          [
            [
              -118.71703058882782,
              36.28490136932352
            ],
            [
              -118.71696399770279,
              36.28489897979262
            ],
            [
              -118.71696580137535,
              36.284866032885915
            ],
            [
              -118.71703239247255,
              36.28486842241394
            ],
            [
              -118.71703058882782,
              36.28490136932352
            ]
          ]
        ]
      }
    },
    {
      "id": "163",
      "type": "Feature",
      "properties": {
        "id": null,
        "SOURCE_FILE": "/Users/maples/GitHub/mortalitree_testing/labels/bashah_mortalitree_postfire_labels.geojson",
        "SUNETID": "bashah",
        "FIRENAME": "CASTLE",
        "FIRE_SLUG": "CASTLE",
        "PREFIRE": 0,
        "PREFIRE_STATUS": "postfire",
        "TILE_Z": 17,
        "TILE_X": 22312,
        "TILE_Y": 51341,
        "TILEXYZ": [
          17,
          22312,
          51341
        ],
        "OUTPUT_FILE": "/Users/maples/GitHub/mortalitree_testing/notebooks/single_tiles/postfire/17/22312/51341.geojson",
        "OUTPUT_STATUS_DIR": "postfire",
        "FEATURE_COUNT": 237
      },
      "geometry": {
        "type": "Polygon",
        "coordinates": [
          [
            [
              -118.71721026089526,
              36.284903314836434
            ],
            [
              -118.71711777319966,
              36.28489999617236
            ],
            [
              -118.7171208885207,
              36.28484308786734
            ],
            [
              -118.71721337614953,
              36.28484640652456
            ],
            [
              -118.71721026089526,
              36.284903314836434
            ]
          ]
        ]
      }
    },
    {
      "id": "164",
      "type": "Feature",
      "properties": {
        "id": null,
        "SOURCE_FILE": "/Users/maples/GitHub/mortalitree_testing/labels/bashah_mortalitree_postfire_labels.geojson",
        "SUNETID": "bashah",
        "FIRENAME": "CASTLE",
        "FIRE_SLUG": "CASTLE",
        "PREFIRE": 0,
        "PREFIRE_STATUS": "postfire",
        "TILE_Z": 17,
        "TILE_X": 22312,
        "TILE_Y": 51341,
        "TILEXYZ": [
          17,
          22312,
          51341
        ],
        "OUTPUT_FILE": "/Users/maples/GitHub/mortalitree_testing/notebooks/single_tiles/postfire/17/22312/51341.geojson",
        "OUTPUT_STATUS_DIR": "postfire",
        "FEATURE_COUNT": 237
      },
      "geometry": {
        "type": "Polygon",
        "coordinates": [
          [
            [
              -118.71713237143355,
              36.284938033211894
            ],
            [
              -118.71707687879545,
              36.284936041984224
            ],
            [
              -118.71707917432093,
              36.28489410955154
            ],
            [
              -118.7171346669295,
              36.28489610077616
            ],
            [
              -118.71713237143355,
              36.284938033211894
            ]
          ]
        ]
      }
    },
    {
      "id": "165",
      "type": "Feature",
      "properties": {
        "id": null,
        "SOURCE_FILE": "/Users/maples/GitHub/mortalitree_testing/labels/bashah_mortalitree_postfire_labels.geojson",
        "SUNETID": "bashah",
        "FIRENAME": "CASTLE",
        "FIRE_SLUG": "CASTLE",
        "PREFIRE": 0,
        "PREFIRE_STATUS": "postfire",
        "TILE_Z": 17,
        "TILE_X": 22312,
        "TILE_Y": 51341,
        "TILEXYZ": [
          17,
          22312,
          51341
        ],
        "OUTPUT_FILE": "/Users/maples/GitHub/mortalitree_testing/notebooks/single_tiles/postfire/17/22312/51341.geojson",
        "OUTPUT_STATUS_DIR": "postfire",
        "FEATURE_COUNT": 237
      },
      "geometry": {
        "type": "Polygon",
        "coordinates": [
          [
            [
              -118.71731652714723,
              36.28495964632558
            ],
            [
              -118.71725363545862,
              36.28495738969465
            ],
            [
              -118.71725593089131,
              36.28491545725238
            ],
            [
              -118.71731882254647,
              36.28491771387988
            ],
            [
              -118.71731652714723,
              36.28495964632558
            ]
          ]
        ]
      }
    },
    {
      "id": "166",
      "type": "Feature",
      "properties": {
        "id": null,
        "SOURCE_FILE": "/Users/maples/GitHub/mortalitree_testing/labels/bashah_mortalitree_postfire_labels.geojson",
        "SUNETID": "bashah",
        "FIRENAME": "CASTLE",
        "FIRE_SLUG": "CASTLE",
        "PREFIRE": 0,
        "PREFIRE_STATUS": "postfire",
        "TILE_Z": 17,
        "TILE_X": 22312,
        "TILE_Y": 51341,
        "TILEXYZ": [
          17,
          22312,
          51341
        ],
        "OUTPUT_FILE": "/Users/maples/GitHub/mortalitree_testing/notebooks/single_tiles/postfire/17/22312/51341.geojson",
        "OUTPUT_STATUS_DIR": "postfire",
        "FEATURE_COUNT": 237
      },
      "geometry": {
        "type": "Polygon",
        "coordinates": [
          [
            [
              -118.71709966001436,
              36.284993879529765
            ],
            [
              -118.7170478668506,
              36.284992021034796
            ],
            [
              -118.7170511462001,
              36.28493211756223
            ],
            [
              -118.71710293932449,
              36.28493397605316
            ],
            [
              -118.71709966001436,
              36.284993879529765
            ]
          ]
        ]
      }
    },
    {
      "id": "167",
      "type": "Feature",
      "properties": {
        "id": null,
        "SOURCE_FILE": "/Users/maples/GitHub/mortalitree_testing/labels/bashah_mortalitree_postfire_labels.geojson",
        "SUNETID": "bashah",
        "FIRENAME": "CASTLE",
        "FIRE_SLUG": "CASTLE",
        "PREFIRE": 0,
        "PREFIRE_STATUS": "postfire",
        "TILE_Z": 17,
        "TILE_X": 22312,
        "TILE_Y": 51341,
        "TILEXYZ": [
          17,
          22312,
          51341
        ],
        "OUTPUT_FILE": "/Users/maples/GitHub/mortalitree_testing/notebooks/single_tiles/postfire/17/22312/51341.geojson",
        "OUTPUT_STATUS_DIR": "postfire",
        "FEATURE_COUNT": 237
      },
      "geometry": {
        "type": "Polygon",
        "coordinates": [
          [
            [
              -118.71674231929627,
              36.28491953494087
            ],
            [
              -118.71668312719339,
              36.28491741077163
            ],
            [
              -118.71668657079343,
              36.28485451215467
            ],
            [
              -118.71674576284909,
              36.28485663631906
            ],
            [
              -118.71674231929627,
              36.28491953494087
            ]
          ]
        ]
      }
    },
    {
      "id": "168",
      "type": "Feature",
      "properties": {
        "id": null,
        "SOURCE_FILE": "/Users/maples/GitHub/mortalitree_testing/labels/bashah_mortalitree_postfire_labels.geojson",
        "SUNETID": "bashah",
        "FIRENAME": "CASTLE",
        "FIRE_SLUG": "CASTLE",
        "PREFIRE": 0,
        "PREFIRE_STATUS": "postfire",
        "TILE_Z": 17,
        "TILE_X": 22312,
        "TILE_Y": 51341,
        "TILEXYZ": [
          17,
          22312,
          51341
        ],
        "OUTPUT_FILE": "/Users/maples/GitHub/mortalitree_testing/notebooks/single_tiles/postfire/17/22312/51341.geojson",
        "OUTPUT_STATUS_DIR": "postfire",
        "FEATURE_COUNT": 237
      },
      "geometry": {
        "type": "Polygon",
        "coordinates": [
          [
            [
              -118.71704417247314,
              36.28475480494012
            ],
            [
              -118.71700347797119,
              36.28475334468529
            ],
            [
              -118.7170057735206,
              36.28471141225535
            ],
            [
              -118.71704646800093,
              36.28471287250793
            ],
            [
              -118.71704417247314,
              36.28475480494012
            ]
          ]
        ]
      }
    },
    {
      "id": "169",
      "type": "Feature",
      "properties": {
        "id": null,
        "SOURCE_FILE": "/Users/maples/GitHub/mortalitree_testing/labels/bashah_mortalitree_postfire_labels.geojson",
        "SUNETID": "bashah",
        "FIRENAME": "CASTLE",
        "FIRE_SLUG": "CASTLE",
        "PREFIRE": 0,
        "PREFIRE_STATUS": "postfire",
        "TILE_Z": 17,
        "TILE_X": 22312,
        "TILE_Y": 51341,
        "TILEXYZ": [
          17,
          22312,
          51341
        ],
        "OUTPUT_FILE": "/Users/maples/GitHub/mortalitree_testing/notebooks/single_tiles/postfire/17/22312/51341.geojson",
        "OUTPUT_STATUS_DIR": "postfire",
        "FEATURE_COUNT": 237
      },
      "geometry": {
        "type": "Polygon",
        "coordinates": [
          [
            [
              -118.71720308704855,
              36.284763508250876
            ],
            [
              -118.7171623925336,
              36.28476204804984
            ],
            [
              -118.71716452403709,
              36.28472311078542
            ],
            [
              -118.71720521853196,
              36.284724570984395
            ],
            [
              -118.71720308704855,
              36.284763508250876
            ]
          ]
        ]
      }
    },
    {
      "id": "170",
      "type": "Feature",
      "properties": {
        "id": null,
        "SOURCE_FILE": "/Users/maples/GitHub/mortalitree_testing/labels/bashah_mortalitree_postfire_labels.geojson",
        "SUNETID": "bashah",
        "FIRENAME": "CASTLE",
        "FIRE_SLUG": "CASTLE",
        "PREFIRE": 0,
        "PREFIRE_STATUS": "postfire",
        "TILE_Z": 17,
        "TILE_X": 22312,
        "TILE_Y": 51341,
        "TILEXYZ": [
          17,
          22312,
          51341
        ],
        "OUTPUT_FILE": "/Users/maples/GitHub/mortalitree_testing/notebooks/single_tiles/postfire/17/22312/51341.geojson",
        "OUTPUT_STATUS_DIR": "postfire",
        "FEATURE_COUNT": 237
      },
      "geometry": {
        "type": "Polygon",
        "coordinates": [
          [
            [
              -118.71726978536651,
              36.28466236500263
            ],
            [
              -118.71721059341691,
              36.28466024110738
            ],
            [
              -118.7172135446842,
              36.2846063279676
            ],
            [
              -118.71727273659333,
              36.284608451858695
            ],
            [
              -118.71726978536651,
              36.28466236500263
            ]
          ]
        ]
      }
    },
    {
      "id": "171",
      "type": "Feature",
      "properties": {
        "id": null,
        "SOURCE_FILE": "/Users/maples/GitHub/mortalitree_testing/labels/bashah_mortalitree_postfire_labels.geojson",
        "SUNETID": "bashah",
        "FIRENAME": "CASTLE",
        "FIRE_SLUG": "CASTLE",
        "PREFIRE": 0,
        "PREFIRE_STATUS": "postfire",
        "TILE_Z": 17,
        "TILE_X": 22312,
        "TILE_Y": 51341,
        "TILEXYZ": [
          17,
          22312,
          51341
        ],
        "OUTPUT_FILE": "/Users/maples/GitHub/mortalitree_testing/notebooks/single_tiles/postfire/17/22312/51341.geojson",
        "OUTPUT_STATUS_DIR": "postfire",
        "FEATURE_COUNT": 237
      },
      "geometry": {
        "type": "Polygon",
        "coordinates": [
          [
            [
              -118.71733905635561,
              36.284717369021365
            ],
            [
              -118.71728726335833,
              36.28471551064221
            ],
            [
              -118.71728972270931,
              36.284670583021686
            ],
            [
              -118.71734151567708,
              36.2846724413978
            ],
            [
              -118.71733905635561,
              36.284717369021365
            ]
          ]
        ]
      }
    },
    {
      "id": "172",
      "type": "Feature",
      "properties": {
        "id": null,
        "SOURCE_FILE": "/Users/maples/GitHub/mortalitree_testing/labels/bashah_mortalitree_postfire_labels.geojson",
        "SUNETID": "bashah",
        "FIRENAME": "CASTLE",
        "FIRE_SLUG": "CASTLE",
        "PREFIRE": 0,
        "PREFIRE_STATUS": "postfire",
        "TILE_Z": 17,
        "TILE_X": 22312,
        "TILE_Y": 51341,
        "TILEXYZ": [
          17,
          22312,
          51341
        ],
        "OUTPUT_FILE": "/Users/maples/GitHub/mortalitree_testing/notebooks/single_tiles/postfire/17/22312/51341.geojson",
        "OUTPUT_STATUS_DIR": "postfire",
        "FEATURE_COUNT": 237
      },
      "geometry": {
        "type": "Polygon",
        "coordinates": [
          [
            [
              -118.71727688173281,
              36.284566585783956
            ],
            [
              -118.71721768985502,
              36.284564461897006
            ],
            [
              -118.71721900152357,
              36.28454050050103
            ],
            [
              -118.7172781933834,
              36.28454262438612
            ],
            [
              -118.71727688173281,
              36.284566585783956
            ]
          ]
        ]
      }
    },
    {
      "id": "173",
      "type": "Feature",
      "properties": {
        "id": null,
        "SOURCE_FILE": "/Users/maples/GitHub/mortalitree_testing/labels/bashah_mortalitree_postfire_labels.geojson",
        "SUNETID": "bashah",
        "FIRENAME": "CASTLE",
        "FIRE_SLUG": "CASTLE",
        "PREFIRE": 0,
        "PREFIRE_STATUS": "postfire",
        "TILE_Z": 17,
        "TILE_X": 22312,
        "TILE_Y": 51341,
        "TILEXYZ": [
          17,
          22312,
          51341
        ],
        "OUTPUT_FILE": "/Users/maples/GitHub/mortalitree_testing/notebooks/single_tiles/postfire/17/22312/51341.geojson",
        "OUTPUT_STATUS_DIR": "postfire",
        "FEATURE_COUNT": 237
      },
      "geometry": {
        "type": "Polygon",
        "coordinates": [
          [
            [
              -118.71736294724488,
              36.28424706016832
            ],
            [
              -118.71731485403431,
              36.28424533456004
            ],
            [
              -118.71731698542183,
              36.28420639728448
            ],
            [
              -118.71736507860864,
              36.284208122890306
            ],
            [
              -118.71736294724488,
              36.28424706016832
            ]
          ]
        ]
      }
    },
    {
      "id": "174",
      "type": "Feature",
      "properties": {
        "id": null,
        "SOURCE_FILE": "/Users/maples/GitHub/mortalitree_testing/labels/bashah_mortalitree_postfire_labels.geojson",
        "SUNETID": "bashah",
        "FIRENAME": "CASTLE",
        "FIRE_SLUG": "CASTLE",
        "PREFIRE": 0,
        "PREFIRE_STATUS": "postfire",
        "TILE_Z": 17,
        "TILE_X": 22312,
        "TILE_Y": 51341,
        "TILEXYZ": [
          17,
          22312,
          51341
        ],
        "OUTPUT_FILE": "/Users/maples/GitHub/mortalitree_testing/notebooks/single_tiles/postfire/17/22312/51341.geojson",
        "OUTPUT_STATUS_DIR": "postfire",
        "FEATURE_COUNT": 237
      },
      "geometry": {
        "type": "Polygon",
        "coordinates": [
          [
            [
              -118.71724896549127,
              36.28426397781876
            ],
            [
              -118.71720087227749,
              36.28426225216394
            ],
            [
              -118.71720415142265,
              36.28420234867204
            ],
            [
              -118.71725224459989,
              36.28420407432309
            ],
            [
              -118.71724896549127,
              36.28426397781876
            ]
          ]
        ]
      }
    },
    {
      "id": "175",
      "type": "Feature",
      "properties": {
        "id": null,
        "SOURCE_FILE": "/Users/maples/GitHub/mortalitree_testing/labels/bashah_mortalitree_postfire_labels.geojson",
        "SUNETID": "bashah",
        "FIRENAME": "CASTLE",
        "FIRE_SLUG": "CASTLE",
        "PREFIRE": 0,
        "PREFIRE_STATUS": "postfire",
        "TILE_Z": 17,
        "TILE_X": 22312,
        "TILE_Y": 51341,
        "TILEXYZ": [
          17,
          22312,
          51341
        ],
        "OUTPUT_FILE": "/Users/maples/GitHub/mortalitree_testing/notebooks/single_tiles/postfire/17/22312/51341.geojson",
        "OUTPUT_STATUS_DIR": "postfire",
        "FEATURE_COUNT": 237
      },
      "geometry": {
        "type": "Polygon",
        "coordinates": [
          [
            [
              -118.717276251182,
              36.284476531428886
            ],
            [
              -118.7172207588602,
              36.28447454028968
            ],
            [
              -118.71722338218528,
              36.284426617496656
            ],
            [
              -118.71727887447338,
              36.284428608632396
            ],
            [
              -118.717276251182,
              36.284476531428886
            ]
          ]
        ]
      }
    },
    {
      "id": "176",
      "type": "Feature",
      "properties": {
        "id": null,
        "SOURCE_FILE": "/Users/maples/GitHub/mortalitree_testing/labels/bashah_mortalitree_postfire_labels.geojson",
        "SUNETID": "bashah",
        "FIRENAME": "CASTLE",
        "FIRE_SLUG": "CASTLE",
        "PREFIRE": 0,
        "PREFIRE_STATUS": "postfire",
        "TILE_Z": 17,
        "TILE_X": 22312,
        "TILE_Y": 51341,
        "TILEXYZ": [
          17,
          22312,
          51341
        ],
        "OUTPUT_FILE": "/Users/maples/GitHub/mortalitree_testing/notebooks/single_tiles/postfire/17/22312/51341.geojson",
        "OUTPUT_STATUS_DIR": "postfire",
        "FEATURE_COUNT": 237
      },
      "geometry": {
        "type": "Polygon",
        "coordinates": [
          [
            [
              -118.7181121573652,
              36.284916166240855
            ],
            [
              -118.71797897490903,
              36.284911388345044
            ],
            [
              -118.71798569608654,
              36.284788586073816
            ],
            [
              -118.71811887833522,
              36.28479336394829
            ],
            [
              -118.7181121573652,
              36.284916166240855
            ]
          ]
        ]
      }
    },
    {
      "id": "177",
      "type": "Feature",
      "properties": {
        "id": null,
        "SOURCE_FILE": "/Users/maples/GitHub/mortalitree_testing/labels/bashah_mortalitree_postfire_labels.geojson",
        "SUNETID": "bashah",
        "FIRENAME": "CASTLE",
        "FIRE_SLUG": "CASTLE",
        "PREFIRE": 0,
        "PREFIRE_STATUS": "postfire",
        "TILE_Z": 17,
        "TILE_X": 22312,
        "TILE_Y": 51341,
        "TILEXYZ": [
          17,
          22312,
          51341
        ],
        "OUTPUT_FILE": "/Users/maples/GitHub/mortalitree_testing/notebooks/single_tiles/postfire/17/22312/51341.geojson",
        "OUTPUT_STATUS_DIR": "postfire",
        "FEATURE_COUNT": 237
      },
      "geometry": {
        "type": "Polygon",
        "coordinates": [
          [
            [
              -118.71820257672663,
              36.284347708244326
            ],
            [
              -118.7180804936782,
              36.28434332866323
            ],
            [
              -118.7180844278562,
              36.284271444390946
            ],
            [
              -118.7182065107933,
              36.28427582396059
            ],
            [
              -118.71820257672663,
              36.284347708244326
            ]
          ]
        ]
      }
    },
    {
      "id": "178",
      "type": "Feature",
      "properties": {
        "id": null,
        "SOURCE_FILE": "/Users/maples/GitHub/mortalitree_testing/labels/bashah_mortalitree_postfire_labels.geojson",
        "SUNETID": "bashah",
        "FIRENAME": "CASTLE",
        "FIRE_SLUG": "CASTLE",
        "PREFIRE": 0,
        "PREFIRE_STATUS": "postfire",
        "TILE_Z": 17,
        "TILE_X": 22312,
        "TILE_Y": 51341,
        "TILEXYZ": [
          17,
          22312,
          51341
        ],
        "OUTPUT_FILE": "/Users/maples/GitHub/mortalitree_testing/notebooks/single_tiles/postfire/17/22312/51341.geojson",
        "OUTPUT_STATUS_DIR": "postfire",
        "FEATURE_COUNT": 237
      },
      "geometry": {
        "type": "Polygon",
        "coordinates": [
          [
            [
              -118.71797016482576,
              36.28432736640787
            ],
            [
              -118.71784808184621,
              36.284322986591604
            ],
            [
              -118.71785627847261,
              36.284173227734726
            ],
            [
              -118.71797836122022,
              36.28417760752714
            ],
            [
              -118.71797016482576,
              36.28432736640787
            ]
          ]
        ]
      }
    },
    {
      "id": "179",
      "type": "Feature",
      "properties": {
        "id": null,
        "SOURCE_FILE": "/Users/maples/GitHub/mortalitree_testing/labels/bashah_mortalitree_postfire_labels.geojson",
        "SUNETID": "bashah",
        "FIRENAME": "CASTLE",
        "FIRE_SLUG": "CASTLE",
        "PREFIRE": 0,
        "PREFIRE_STATUS": "postfire",
        "TILE_Z": 17,
        "TILE_X": 22312,
        "TILE_Y": 51341,
        "TILEXYZ": [
          17,
          22312,
          51341
        ],
        "OUTPUT_FILE": "/Users/maples/GitHub/mortalitree_testing/notebooks/single_tiles/postfire/17/22312/51341.geojson",
        "OUTPUT_STATUS_DIR": "postfire",
        "FEATURE_COUNT": 237
      },
      "geometry": {
        "type": "Polygon",
        "coordinates": [
          [
            [
              -118.71786280881336,
              36.284392539282145
            ],
            [
              -118.71769633191461,
              36.28438656661597
            ],
            [
              -118.71770256159101,
              36.28427274990907
            ],
            [
              -118.71786903824939,
              36.284278722550525
            ],
            [
              -118.71786280881336,
              36.284392539282145
            ]
          ]
        ]
      }
    },
    {
      "id": "180",
      "type": "Feature",
      "properties": {
        "id": null,
        "SOURCE_FILE": "/Users/maples/GitHub/mortalitree_testing/labels/bashah_mortalitree_postfire_labels.geojson",
        "SUNETID": "bashah",
        "FIRENAME": "CASTLE",
        "FIRE_SLUG": "CASTLE",
        "PREFIRE": 0,
        "PREFIRE_STATUS": "postfire",
        "TILE_Z": 17,
        "TILE_X": 22312,
        "TILE_Y": 51341,
        "TILEXYZ": [
          17,
          22312,
          51341
        ],
        "OUTPUT_FILE": "/Users/maples/GitHub/mortalitree_testing/notebooks/single_tiles/postfire/17/22312/51341.geojson",
        "OUTPUT_STATUS_DIR": "postfire",
        "FEATURE_COUNT": 237
      },
      "geometry": {
        "type": "Polygon",
        "coordinates": [
          [
            [
              -118.71776548550402,
              36.28447757887585
            ],
            [
              -118.71763970283334,
              36.28447306610463
            ],
            [
              -118.717645112906,
              36.284374225289156
            ],
            [
              -118.71777089541894,
              36.284378738044154
            ],
            [
              -118.71776548550402,
              36.28447757887585
            ]
          ]
        ]
      }
    },
    {
      "id": "181",
      "type": "Feature",
      "properties": {
        "id": null,
        "SOURCE_FILE": "/Users/maples/GitHub/mortalitree_testing/labels/bashah_mortalitree_postfire_labels.geojson",
        "SUNETID": "bashah",
        "FIRENAME": "CASTLE",
        "FIRE_SLUG": "CASTLE",
        "PREFIRE": 0,
        "PREFIRE_STATUS": "postfire",
        "TILE_Z": 17,
        "TILE_X": 22312,
        "TILE_Y": 51341,
        "TILEXYZ": [
          17,
          22312,
          51341
        ],
        "OUTPUT_FILE": "/Users/maples/GitHub/mortalitree_testing/notebooks/single_tiles/postfire/17/22312/51341.geojson",
        "OUTPUT_STATUS_DIR": "postfire",
        "FEATURE_COUNT": 237
      },
      "geometry": {
        "type": "Polygon",
        "coordinates": [
          [
            [
              -118.71749541207186,
              36.284400365341426
            ],
            [
              -118.71732893523665,
              36.284394392162675
            ],
            [
              -118.71733303406405,
              36.28431951278673
            ],
            [
              -118.71749951074113,
              36.284325485949225
            ],
            [
              -118.71749541207186,
              36.284400365341426
            ]
          ]
        ]
      }
    },
    {
      "id": "182",
      "type": "Feature",
      "properties": {
        "id": null,
        "SOURCE_FILE": "/Users/maples/GitHub/mortalitree_testing/labels/bashah_mortalitree_postfire_labels.geojson",
        "SUNETID": "bashah",
        "FIRENAME": "CASTLE",
        "FIRE_SLUG": "CASTLE",
        "PREFIRE": 0,
        "PREFIRE_STATUS": "postfire",
        "TILE_Z": 17,
        "TILE_X": 22312,
        "TILE_Y": 51341,
        "TILEXYZ": [
          17,
          22312,
          51341
        ],
        "OUTPUT_FILE": "/Users/maples/GitHub/mortalitree_testing/notebooks/single_tiles/postfire/17/22312/51341.geojson",
        "OUTPUT_STATUS_DIR": "postfire",
        "FEATURE_COUNT": 237
      },
      "geometry": {
        "type": "Polygon",
        "coordinates": [
          [
            [
              -118.71749026904308,
              36.28462976174468
            ],
            [
              -118.71738298365261,
              36.28462591236381
            ],
            [
              -118.71738823012724,
              36.28453006675929
            ],
            [
              -118.71749551538727,
              36.28453391612675
            ],
            [
              -118.71749026904308,
              36.28462976174468
            ]
          ]
        ]
      }
    },
    {
      "id": "183",
      "type": "Feature",
      "properties": {
        "id": null,
        "SOURCE_FILE": "/Users/maples/GitHub/mortalitree_testing/labels/bashah_mortalitree_postfire_labels.geojson",
        "SUNETID": "bashah",
        "FIRENAME": "CASTLE",
        "FIRE_SLUG": "CASTLE",
        "PREFIRE": 0,
        "PREFIRE_STATUS": "postfire",
        "TILE_Z": 17,
        "TILE_X": 22312,
        "TILE_Y": 51341,
        "TILEXYZ": [
          17,
          22312,
          51341
        ],
        "OUTPUT_FILE": "/Users/maples/GitHub/mortalitree_testing/notebooks/single_tiles/postfire/17/22312/51341.geojson",
        "OUTPUT_STATUS_DIR": "postfire",
        "FEATURE_COUNT": 237
      },
      "geometry": {
        "type": "Polygon",
        "coordinates": [
          [
            [
              -118.7182224773357,
              36.284627520610385
            ],
            [
              -118.71812998984281,
              36.284624202750805
            ],
            [
              -118.71813376009217,
              36.28455531365531
            ],
            [
              -118.71822624750425,
              36.28455863150659
            ],
            [
              -118.7182224773357,
              36.284627520610385
            ]
          ]
        ]
      }
    },
    {
      "id": "184",
      "type": "Feature",
      "properties": {
        "id": null,
        "SOURCE_FILE": "/Users/maples/GitHub/mortalitree_testing/labels/bashah_mortalitree_postfire_labels.geojson",
        "SUNETID": "bashah",
        "FIRENAME": "CASTLE",
        "FIRE_SLUG": "CASTLE",
        "PREFIRE": 0,
        "PREFIRE_STATUS": "postfire",
        "TILE_Z": 17,
        "TILE_X": 22312,
        "TILE_Y": 51341,
        "TILEXYZ": [
          17,
          22312,
          51341
        ],
        "OUTPUT_FILE": "/Users/maples/GitHub/mortalitree_testing/notebooks/single_tiles/postfire/17/22312/51341.geojson",
        "OUTPUT_STATUS_DIR": "postfire",
        "FEATURE_COUNT": 237
      },
      "geometry": {
        "type": "Polygon",
        "coordinates": [
          [
            [
              -118.71783777323321,
              36.28488381466171
            ],
            [
              -118.7177415859749,
              36.28488036375593
            ],
            [
              -118.71774584842075,
              36.28480248916917
            ],
            [
              -118.71784203558406,
              36.28480594006517
            ],
            [
              -118.71783777323321,
              36.28488381466171
            ]
          ]
        ]
      }
    },
    {
      "id": "185",
      "type": "Feature",
      "properties": {
        "id": null,
        "SOURCE_FILE": "/Users/maples/GitHub/mortalitree_testing/labels/bashah_mortalitree_postfire_labels.geojson",
        "SUNETID": "bashah",
        "FIRENAME": "CASTLE",
        "FIRE_SLUG": "CASTLE",
        "PREFIRE": 0,
        "PREFIRE_STATUS": "postfire",
        "TILE_Z": 17,
        "TILE_X": 22312,
        "TILE_Y": 51341,
        "TILEXYZ": [
          17,
          22312,
          51341
        ],
        "OUTPUT_FILE": "/Users/maples/GitHub/mortalitree_testing/notebooks/single_tiles/postfire/17/22312/51341.geojson",
        "OUTPUT_STATUS_DIR": "postfire",
        "FEATURE_COUNT": 237
      },
      "geometry": {
        "type": "Polygon",
        "coordinates": [
          [
            [
              -118.71744774214167,
              36.28500036706688
            ],
            [
              -118.71732195868444,
              36.28499585390575
            ],
            [
              -118.71733015651753,
              36.28484609516898
            ],
            [
              -118.7174559397358,
              36.28485060830553
            ],
            [
              -118.71744774214167,
              36.28500036706688
            ]
          ]
        ]
      }
    },
    {
      "id": "186",
      "type": "Feature",
      "properties": {
        "id": null,
        "SOURCE_FILE": "/Users/maples/GitHub/mortalitree_testing/labels/bashah_mortalitree_postfire_labels.geojson",
        "SUNETID": "bashah",
        "FIRENAME": "CASTLE",
        "FIRE_SLUG": "CASTLE",
        "PREFIRE": 0,
        "PREFIRE_STATUS": "postfire",
        "TILE_Z": 17,
        "TILE_X": 22312,
        "TILE_Y": 51341,
        "TILEXYZ": [
          17,
          22312,
          51341
        ],
        "OUTPUT_FILE": "/Users/maples/GitHub/mortalitree_testing/notebooks/single_tiles/postfire/17/22312/51341.geojson",
        "OUTPUT_STATUS_DIR": "postfire",
        "FEATURE_COUNT": 237
      },
      "geometry": {
        "type": "Polygon",
        "coordinates": [
          [
            [
              -118.717676309522,
              36.28461692973734
            ],
            [
              -118.71756162513066,
              36.284612815058075
            ],
            [
              -118.71756654349421,
              36.28452295978268
            ],
            [
              -118.71768122775485,
              36.28452707444852
            ],
            [
              -118.717676309522,
              36.28461692973734
            ]
          ]
        ]
      }
    },
    {
      "id": "187",
      "type": "Feature",
      "properties": {
        "id": null,
        "SOURCE_FILE": "/Users/maples/GitHub/mortalitree_testing/labels/bashah_mortalitree_postfire_labels.geojson",
        "SUNETID": "bashah",
        "FIRENAME": "CASTLE",
        "FIRE_SLUG": "CASTLE",
        "PREFIRE": 0,
        "PREFIRE_STATUS": "postfire",
        "TILE_Z": 17,
        "TILE_X": 22312,
        "TILE_Y": 51341,
        "TILEXYZ": [
          17,
          22312,
          51341
        ],
        "OUTPUT_FILE": "/Users/maples/GitHub/mortalitree_testing/notebooks/single_tiles/postfire/17/22312/51341.geojson",
        "OUTPUT_STATUS_DIR": "postfire",
        "FEATURE_COUNT": 237
      },
      "geometry": {
        "type": "Polygon",
        "coordinates": [
          [
            [
              -118.71756658250911,
              36.284251365429505
            ],
            [
              -118.71744080023421,
              36.284246852473174
            ],
            [
              -118.71744621051297,
              36.28414801167974
            ],
            [
              -118.71757199263013,
              36.28415252461985
            ],
            [
              -118.71756658250911,
              36.284251365429505
            ]
          ]
        ]
      }
    },
    {
      "id": "188",
      "type": "Feature",
      "properties": {
        "id": null,
        "SOURCE_FILE": "/Users/maples/GitHub/mortalitree_testing/labels/bashah_mortalitree_postfire_labels.geojson",
        "SUNETID": "bashah",
        "FIRENAME": "CASTLE",
        "FIRE_SLUG": "CASTLE",
        "PREFIRE": 0,
        "PREFIRE_STATUS": "postfire",
        "TILE_Z": 17,
        "TILE_X": 22312,
        "TILE_Y": 51341,
        "TILEXYZ": [
          17,
          22312,
          51341
        ],
        "OUTPUT_FILE": "/Users/maples/GitHub/mortalitree_testing/notebooks/single_tiles/postfire/17/22312/51341.geojson",
        "OUTPUT_STATUS_DIR": "postfire",
        "FEATURE_COUNT": 237
      },
      "geometry": {
        "type": "Polygon",
        "coordinates": [
          [
            [
              -118.71785160640297,
              36.2842585902838
            ],
            [
              -118.71773692250957,
              36.28425447580744
            ],
            [
              -118.71774266028872,
              36.284149644622275
            ],
            [
              -118.7178573440296,
              36.28415375908294
            ],
            [
              -118.71785160640297,
              36.2842585902838
            ]
          ]
        ]
      }
    },
    {
      "id": "189",
      "type": "Feature",
      "properties": {
        "id": null,
        "SOURCE_FILE": "/Users/maples/GitHub/mortalitree_testing/labels/bashah_mortalitree_postfire_labels.geojson",
        "SUNETID": "bashah",
        "FIRENAME": "CASTLE",
        "FIRE_SLUG": "CASTLE",
        "PREFIRE": 0,
        "PREFIRE_STATUS": "postfire",
        "TILE_Z": 17,
        "TILE_X": 22312,
        "TILE_Y": 51341,
        "TILEXYZ": [
          17,
          22312,
          51341
        ],
        "OUTPUT_FILE": "/Users/maples/GitHub/mortalitree_testing/notebooks/single_tiles/postfire/17/22312/51341.geojson",
        "OUTPUT_STATUS_DIR": "postfire",
        "FEATURE_COUNT": 237
      },
      "geometry": {
        "type": "Polygon",
        "coordinates": [
          [
            [
              -118.71768426368493,
              36.28423458019782
            ],
            [
              -118.71756218089563,
              36.284230200099266
            ],
            [
              -118.71756677130419,
              36.284146335170206
            ],
            [
              -118.7176888539636,
              36.284150715255414
            ],
            [
              -118.71768426368493,
              36.28423458019782
            ]
          ]
        ]
      }
    },
    {
      "id": "190",
      "type": "Feature",
      "properties": {
        "id": null,
        "SOURCE_FILE": "/Users/maples/GitHub/mortalitree_testing/labels/bashah_mortalitree_postfire_labels.geojson",
        "SUNETID": "bashah",
        "FIRENAME": "CASTLE",
        "FIRE_SLUG": "CASTLE",
        "PREFIRE": 0,
        "PREFIRE_STATUS": "postfire",
        "TILE_Z": 17,
        "TILE_X": 22312,
        "TILE_Y": 51341,
        "TILEXYZ": [
          17,
          22312,
          51341
        ],
        "OUTPUT_FILE": "/Users/maples/GitHub/mortalitree_testing/notebooks/single_tiles/postfire/17/22312/51341.geojson",
        "OUTPUT_STATUS_DIR": "postfire",
        "FEATURE_COUNT": 237
      },
      "geometry": {
        "type": "Polygon",
        "coordinates": [
          [
            [
              -118.71818279199216,
              36.28426897097106
            ],
            [
              -118.71810510285655,
              36.2842661839716
            ],
            [
              -118.71810821738865,
              36.28420927558691
            ],
            [
              -118.71818590646818,
              36.2842120625806
            ],
            [
              -118.71818279199216,
              36.28426897097106
            ]
          ]
        ]
      }
    },
    {
      "id": "191",
      "type": "Feature",
      "properties": {
        "id": null,
        "SOURCE_FILE": "/Users/maples/GitHub/mortalitree_testing/labels/bashah_mortalitree_postfire_labels.geojson",
        "SUNETID": "bashah",
        "FIRENAME": "CASTLE",
        "FIRE_SLUG": "CASTLE",
        "PREFIRE": 0,
        "PREFIRE_STATUS": "postfire",
        "TILE_Z": 17,
        "TILE_X": 22312,
        "TILE_Y": 51341,
        "TILEXYZ": [
          17,
          22312,
          51341
        ],
        "OUTPUT_FILE": "/Users/maples/GitHub/mortalitree_testing/notebooks/single_tiles/postfire/17/22312/51341.geojson",
        "OUTPUT_STATUS_DIR": "postfire",
        "FEATURE_COUNT": 237
      },
      "geometry": {
        "type": "Polygon",
        "coordinates": [
          [
            [
              -118.71801193373125,
              36.28461396543136
            ],
            [
              -118.71792684527541,
              36.284610912854326
            ],
            [
              -118.71793045177021,
              36.28454501895431
            ],
            [
              -118.71801554015491,
              36.28454807152404
            ],
            [
              -118.71801193373125,
              36.28461396543136
            ]
          ]
        ]
      }
    },
    {
      "id": "192",
      "type": "Feature",
      "properties": {
        "id": null,
        "SOURCE_FILE": "/Users/maples/GitHub/mortalitree_testing/labels/bashah_mortalitree_postfire_labels.geojson",
        "SUNETID": "bashah",
        "FIRENAME": "CASTLE",
        "FIRE_SLUG": "CASTLE",
        "PREFIRE": 0,
        "PREFIRE_STATUS": "postfire",
        "TILE_Z": 17,
        "TILE_X": 22312,
        "TILE_Y": 51341,
        "TILEXYZ": [
          17,
          22312,
          51341
        ],
        "OUTPUT_FILE": "/Users/maples/GitHub/mortalitree_testing/notebooks/single_tiles/postfire/17/22312/51341.geojson",
        "OUTPUT_STATUS_DIR": "postfire",
        "FEATURE_COUNT": 237
      },
      "geometry": {
        "type": "Polygon",
        "coordinates": [
          [
            [
              -118.71812913825342,
              36.284199522394836
            ],
            [
              -118.7180514491921,
              36.28419673536509
            ],
            [
              -118.71805481001319,
              36.28413532741723
            ],
            [
              -118.71813265154339,
              36.28413532741723
            ],
            [
              -118.71812913825342,
              36.284199522394836
            ]
          ]
        ]
      }
    },
    {
      "id": "193",
      "type": "Feature",
      "properties": {
        "id": null,
        "SOURCE_FILE": "/Users/maples/GitHub/mortalitree_testing/labels/bashah_mortalitree_postfire_labels.geojson",
        "SUNETID": "bashah",
        "FIRENAME": "CASTLE",
        "FIRE_SLUG": "CASTLE",
        "PREFIRE": 0,
        "PREFIRE_STATUS": "postfire",
        "TILE_Z": 17,
        "TILE_X": 22312,
        "TILE_Y": 51341,
        "TILEXYZ": [
          17,
          22312,
          51341
        ],
        "OUTPUT_FILE": "/Users/maples/GitHub/mortalitree_testing/notebooks/single_tiles/postfire/17/22312/51341.geojson",
        "OUTPUT_STATUS_DIR": "postfire",
        "FEATURE_COUNT": 237
      },
      "geometry": {
        "type": "Polygon",
        "coordinates": [
          [
            [
              -118.71805810860177,
              36.28444756266393
            ],
            [
              -118.71795822236096,
              36.284443979250426
            ],
            [
              -118.71796166487823,
              36.284381080523374
            ],
            [
              -118.71806155103936,
              36.284384663928684
            ],
            [
              -118.71805810860177,
              36.28444756266393
            ]
          ]
        ]
      }
    },
    {
      "id": "194",
      "type": "Feature",
      "properties": {
        "id": null,
        "SOURCE_FILE": "/Users/maples/GitHub/mortalitree_testing/labels/bashah_mortalitree_postfire_labels.geojson",
        "SUNETID": "bashah",
        "FIRENAME": "CASTLE",
        "FIRE_SLUG": "CASTLE",
        "PREFIRE": 0,
        "PREFIRE_STATUS": "postfire",
        "TILE_Z": 17,
        "TILE_X": 22312,
        "TILE_Y": 51341,
        "TILEXYZ": [
          17,
          22312,
          51341
        ],
        "OUTPUT_FILE": "/Users/maples/GitHub/mortalitree_testing/notebooks/single_tiles/postfire/17/22312/51341.geojson",
        "OUTPUT_STATUS_DIR": "postfire",
        "FEATURE_COUNT": 237
      },
      "geometry": {
        "type": "Polygon",
        "coordinates": [
          [
            [
              -118.71731899498238,
              36.284440551894654
            ],
            [
              -118.71717471501509,
              36.28443537493529
            ],
            [
              -118.71718028962536,
              36.28433353900499
            ],
            [
              -118.71732456940626,
              36.284338715945175
            ],
            [
              -118.71731899498238,
              36.284440551894654
            ]
          ]
        ]
      }
    },
    {
      "id": "195",
      "type": "Feature",
      "properties": {
        "id": null,
        "SOURCE_FILE": "/Users/maples/GitHub/mortalitree_testing/labels/bashah_mortalitree_postfire_labels.geojson",
        "SUNETID": "bashah",
        "FIRENAME": "CASTLE",
        "FIRE_SLUG": "CASTLE",
        "PREFIRE": 0,
        "PREFIRE_STATUS": "postfire",
        "TILE_Z": 17,
        "TILE_X": 22312,
        "TILE_Y": 51341,
        "TILEXYZ": [
          17,
          22312,
          51341
        ],
        "OUTPUT_FILE": "/Users/maples/GitHub/mortalitree_testing/notebooks/single_tiles/postfire/17/22312/51341.geojson",
        "OUTPUT_STATUS_DIR": "postfire",
        "FEATURE_COUNT": 237
      },
      "geometry": {
        "type": "Polygon",
        "coordinates": [
          [
            [
              -118.71736156018501,
              36.2845771267579
            ],
            [
              -118.71726537336309,
              36.28457367549405
            ],
            [
              -118.71726898040903,
              36.28450778165077
            ],
            [
              -118.71736516715058,
              36.28451123290636
            ],
            [
              -118.71736156018501,
              36.2845771267579
            ]
          ]
        ]
      }
    },
    {
      "id": "196",
      "type": "Feature",
      "properties": {
        "id": null,
        "SOURCE_FILE": "/Users/maples/GitHub/mortalitree_testing/labels/bashah_mortalitree_postfire_labels.geojson",
        "SUNETID": "bashah",
        "FIRENAME": "CASTLE",
        "FIRE_SLUG": "CASTLE",
        "PREFIRE": 0,
        "PREFIRE_STATUS": "postfire",
        "TILE_Z": 17,
        "TILE_X": 22312,
        "TILE_Y": 51341,
        "TILEXYZ": [
          17,
          22312,
          51341
        ],
        "OUTPUT_FILE": "/Users/maples/GitHub/mortalitree_testing/notebooks/single_tiles/postfire/17/22312/51341.geojson",
        "OUTPUT_STATUS_DIR": "postfire",
        "FEATURE_COUNT": 237
      },
      "geometry": {
        "type": "Polygon",
        "coordinates": [
          [
            [
              -118.71734854051228,
              36.28464568393365
            ],
            [
              -118.71726715159208,
              36.2846427636249
            ],
            [
              -118.71727059468893,
              36.28457986495692
            ],
            [
              -118.71735198354418,
              36.284582785258976
            ],
            [
              -118.71734854051228,
              36.28464568393365
            ]
          ]
        ]
      }
    },
    {
      "id": "197",
      "type": "Feature",
      "properties": {
        "id": null,
        "SOURCE_FILE": "/Users/maples/GitHub/mortalitree_testing/labels/bashah_mortalitree_postfire_labels.geojson",
        "SUNETID": "bashah",
        "FIRENAME": "CASTLE",
        "FIRE_SLUG": "CASTLE",
        "PREFIRE": 0,
        "PREFIRE_STATUS": "postfire",
        "TILE_Z": 17,
        "TILE_X": 22312,
        "TILE_Y": 51341,
        "TILEXYZ": [
          17,
          22312,
          51341
        ],
        "OUTPUT_FILE": "/Users/maples/GitHub/mortalitree_testing/notebooks/single_tiles/postfire/17/22312/51341.geojson",
        "OUTPUT_STATUS_DIR": "postfire",
        "FEATURE_COUNT": 237
      },
      "geometry": {
        "type": "Polygon",
        "coordinates": [
          [
            [
              -118.71701743008477,
              36.285412577400336
            ],
            [
              -118.71689904509782,
              36.28540832925557
            ],
            [
              -118.71690412833904,
              36.28531547889729
            ],
            [
              -118.71702251318654,
              36.28531972702771
            ],
            [
              -118.71701743008477,
              36.285412577400336
            ]
          ]
        ]
      }
    },
    {
      "id": "198",
      "type": "Feature",
      "properties": {
        "id": null,
        "SOURCE_FILE": "/Users/maples/GitHub/mortalitree_testing/labels/bashah_mortalitree_postfire_labels.geojson",
        "SUNETID": "bashah",
        "FIRENAME": "CASTLE",
        "FIRE_SLUG": "CASTLE",
        "PREFIRE": 0,
        "PREFIRE_STATUS": "postfire",
        "TILE_Z": 17,
        "TILE_X": 22312,
        "TILE_Y": 51341,
        "TILEXYZ": [
          17,
          22312,
          51341
        ],
        "OUTPUT_FILE": "/Users/maples/GitHub/mortalitree_testing/notebooks/single_tiles/postfire/17/22312/51341.geojson",
        "OUTPUT_STATUS_DIR": "postfire",
        "FEATURE_COUNT": 237
      },
      "geometry": {
        "type": "Polygon",
        "coordinates": [
          [
            [
              -118.71679575407096,
              36.28573773996171
            ],
            [
              -118.7167328618009,
              36.28573548301542
            ],
            [
              -118.71673614148024,
              36.28567557957502
            ],
            [
              -118.71679903370249,
              36.28567783651639
            ],
            [
              -118.71679575407096,
              36.28573773996171
            ]
          ]
        ]
      }
    },
    {
      "id": "199",
      "type": "Feature",
      "properties": {
        "id": null,
        "SOURCE_FILE": "/Users/maples/GitHub/mortalitree_testing/labels/bashah_mortalitree_postfire_labels.geojson",
        "SUNETID": "bashah",
        "FIRENAME": "CASTLE",
        "FIRE_SLUG": "CASTLE",
        "PREFIRE": 0,
        "PREFIRE_STATUS": "postfire",
        "TILE_Z": 17,
        "TILE_X": 22312,
        "TILE_Y": 51341,
        "TILEXYZ": [
          17,
          22312,
          51341
        ],
        "OUTPUT_FILE": "/Users/maples/GitHub/mortalitree_testing/notebooks/single_tiles/postfire/17/22312/51341.geojson",
        "OUTPUT_STATUS_DIR": "postfire",
        "FEATURE_COUNT": 237
      },
      "geometry": {
        "type": "Polygon",
        "coordinates": [
          [
            [
              -118.71681994513493,
              36.28560055945465
            ],
            [
              -118.71673115620243,
              36.285597373196254
            ],
            [
              -118.71673755153846,
              36.28548056148425
            ],
            [
              -118.71682634033937,
              36.28548374772911
            ],
            [
              -118.71681994513493,
              36.28560055945465
            ]
          ]
        ]
      }
    },
    {
      "id": "200",
      "type": "Feature",
      "properties": {
        "id": null,
        "SOURCE_FILE": "/Users/maples/GitHub/mortalitree_testing/labels/bashah_mortalitree_postfire_labels.geojson",
        "SUNETID": "bashah",
        "FIRENAME": "CASTLE",
        "FIRE_SLUG": "CASTLE",
        "PREFIRE": 0,
        "PREFIRE_STATUS": "postfire",
        "TILE_Z": 17,
        "TILE_X": 22312,
        "TILE_Y": 51341,
        "TILEXYZ": [
          17,
          22312,
          51341
        ],
        "OUTPUT_FILE": "/Users/maples/GitHub/mortalitree_testing/notebooks/single_tiles/postfire/17/22312/51341.geojson",
        "OUTPUT_STATUS_DIR": "postfire",
        "FEATURE_COUNT": 237
      },
      "geometry": {
        "type": "Polygon",
        "coordinates": [
          [
            [
              -118.7171911853637,
              36.28569190846616
            ],
            [
              -118.71710979537389,
              36.28568898797819
            ],
            [
              -118.71711291079053,
              36.285632079681264
            ],
            [
              -118.71719430072156,
              36.2856350001632
            ],
            [
              -118.7171911853637,
              36.28569190846616
            ]
          ]
        ]
      }
    },
    {
      "id": "201",
      "type": "Feature",
      "properties": {
        "id": null,
        "SOURCE_FILE": "/Users/maples/GitHub/mortalitree_testing/labels/bashah_mortalitree_postfire_labels.geojson",
        "SUNETID": "bashah",
        "FIRENAME": "CASTLE",
        "FIRE_SLUG": "CASTLE",
        "PREFIRE": 0,
        "PREFIRE_STATUS": "postfire",
        "TILE_Z": 17,
        "TILE_X": 22312,
        "TILE_Y": 51341,
        "TILEXYZ": [
          17,
          22312,
          51341
        ],
        "OUTPUT_FILE": "/Users/maples/GitHub/mortalitree_testing/notebooks/single_tiles/postfire/17/22312/51341.geojson",
        "OUTPUT_STATUS_DIR": "postfire",
        "FEATURE_COUNT": 237
      },
      "geometry": {
        "type": "Polygon",
        "coordinates": [
          [
            [
              -118.71729032487461,
              36.28564144674492
            ],
            [
              -118.71722003355525,
              36.28563892456983
            ],
            [
              -118.71722396870862,
              36.285567040394184
            ],
            [
              -118.7172942599639,
              36.28556956256267
            ],
            [
              -118.71729032487461,
              36.28564144674492
            ]
          ]
        ]
      }
    },
    {
      "id": "202",
      "type": "Feature",
      "properties": {
        "id": null,
        "SOURCE_FILE": "/Users/maples/GitHub/mortalitree_testing/labels/bashah_mortalitree_postfire_labels.geojson",
        "SUNETID": "bashah",
        "FIRENAME": "CASTLE",
        "FIRE_SLUG": "CASTLE",
        "PREFIRE": 0,
        "PREFIRE_STATUS": "postfire",
        "TILE_Z": 17,
        "TILE_X": 22312,
        "TILE_Y": 51341,
        "TILEXYZ": [
          17,
          22312,
          51341
        ],
        "OUTPUT_FILE": "/Users/maples/GitHub/mortalitree_testing/notebooks/single_tiles/postfire/17/22312/51341.geojson",
        "OUTPUT_STATUS_DIR": "postfire",
        "FEATURE_COUNT": 237
      },
      "geometry": {
        "type": "Polygon",
        "coordinates": [
          [
            [
              -118.71731257873373,
              36.285742780668286
            ],
            [
              -118.71723118867817,
              36.28573986025943
            ],
            [
              -118.71723446797716,
              36.285679956779944
            ],
            [
              -118.71731585797087,
              36.28568287718244
            ],
            [
              -118.71731257873373,
              36.285742780668286
            ]
          ]
        ]
      }
    },
    {
      "id": "203",
      "type": "Feature",
      "properties": {
        "id": null,
        "SOURCE_FILE": "/Users/maples/GitHub/mortalitree_testing/labels/bashah_mortalitree_postfire_labels.geojson",
        "SUNETID": "bashah",
        "FIRENAME": "CASTLE",
        "FIRE_SLUG": "CASTLE",
        "PREFIRE": 0,
        "PREFIRE_STATUS": "postfire",
        "TILE_Z": 17,
        "TILE_X": 22312,
        "TILE_Y": 51341,
        "TILEXYZ": [
          17,
          22312,
          51341
        ],
        "OUTPUT_FILE": "/Users/maples/GitHub/mortalitree_testing/notebooks/single_tiles/postfire/17/22312/51341.geojson",
        "OUTPUT_STATUS_DIR": "postfire",
        "FEATURE_COUNT": 237
      },
      "geometry": {
        "type": "Polygon",
        "coordinates": [
          [
            [
              -118.71705453797706,
              36.28561497979316
            ],
            [
              -118.71699534532475,
              36.28561285574359
            ],
            [
              -118.71699731300434,
              36.28557691366635
            ],
            [
              -118.71705650562966,
              36.28557903771314
            ],
            [
              -118.71705453797706,
              36.28561497979316
            ]
          ]
        ]
      }
    },
    {
      "id": "204",
      "type": "Feature",
      "properties": {
        "id": null,
        "SOURCE_FILE": "/Users/maples/GitHub/mortalitree_testing/labels/bashah_mortalitree_postfire_labels.geojson",
        "SUNETID": "bashah",
        "FIRENAME": "CASTLE",
        "FIRE_SLUG": "CASTLE",
        "PREFIRE": 0,
        "PREFIRE_STATUS": "postfire",
        "TILE_Z": 17,
        "TILE_X": 22312,
        "TILE_Y": 51341,
        "TILEXYZ": [
          17,
          22312,
          51341
        ],
        "OUTPUT_FILE": "/Users/maples/GitHub/mortalitree_testing/notebooks/single_tiles/postfire/17/22312/51341.geojson",
        "OUTPUT_STATUS_DIR": "postfire",
        "FEATURE_COUNT": 237
      },
      "geometry": {
        "type": "Polygon",
        "coordinates": [
          [
            [
              -118.71706655882888,
              36.28573395290006
            ],
            [
              -118.71695927198658,
              36.2857301030387
            ],
            [
              -118.7169623875172,
              36.28567319475341
            ],
            [
              -118.717069674282,
              36.285677044606786
            ],
            [
              -118.71706655882888,
              36.28573395290006
            ]
          ]
        ]
      }
    },
    {
      "id": "205",
      "type": "Feature",
      "properties": {
        "id": null,
        "SOURCE_FILE": "/Users/maples/GitHub/mortalitree_testing/labels/bashah_mortalitree_postfire_labels.geojson",
        "SUNETID": "bashah",
        "FIRENAME": "CASTLE",
        "FIRE_SLUG": "CASTLE",
        "PREFIRE": 0,
        "PREFIRE_STATUS": "postfire",
        "TILE_Z": 17,
        "TILE_X": 22312,
        "TILE_Y": 51341,
        "TILEXYZ": [
          17,
          22312,
          51341
        ],
        "OUTPUT_FILE": "/Users/maples/GitHub/mortalitree_testing/notebooks/single_tiles/postfire/17/22312/51341.geojson",
        "OUTPUT_STATUS_DIR": "postfire",
        "FEATURE_COUNT": 237
      },
      "geometry": {
        "type": "Polygon",
        "coordinates": [
          [
            [
              -118.71700701234397,
              36.28583985421156
            ],
            [
              -118.71691082401715,
              36.285836402559646
            ],
            [
              -118.7169142675501,
              36.28577350393359
            ],
            [
              -118.71701045580015,
              36.28577695557762
            ],
            [
              -118.71700701234397,
              36.28583985421156
            ]
          ]
        ]
      }
    },
    {
      "id": "206",
      "type": "Feature",
      "properties": {
        "id": null,
        "SOURCE_FILE": "/Users/maples/GitHub/mortalitree_testing/labels/bashah_mortalitree_postfire_labels.geojson",
        "SUNETID": "bashah",
        "FIRENAME": "CASTLE",
        "FIRE_SLUG": "CASTLE",
        "PREFIRE": 0,
        "PREFIRE_STATUS": "postfire",
        "TILE_Z": 17,
        "TILE_X": 22312,
        "TILE_Y": 51341,
        "TILEXYZ": [
          17,
          22312,
          51341
        ],
        "OUTPUT_FILE": "/Users/maples/GitHub/mortalitree_testing/notebooks/single_tiles/postfire/17/22312/51341.geojson",
        "OUTPUT_STATUS_DIR": "postfire",
        "FEATURE_COUNT": 237
      },
      "geometry": {
        "type": "Polygon",
        "coordinates": [
          [
            [
              -118.71765904246676,
              36.28537257685259
            ],
            [
              -118.71759245088654,
              36.28537018764507
            ],
            [
              -118.71759622171113,
              36.28530129860672
            ],
            [
              -118.71766281323313,
              36.28530368780824
            ],
            [
              -118.71765904246676,
              36.28537257685259
            ]
          ]
        ]
      }
    },
    {
      "id": "207",
      "type": "Feature",
      "properties": {
        "id": null,
        "SOURCE_FILE": "/Users/maples/GitHub/mortalitree_testing/labels/bashah_mortalitree_postfire_labels.geojson",
        "SUNETID": "bashah",
        "FIRENAME": "CASTLE",
        "FIRE_SLUG": "CASTLE",
        "PREFIRE": 0,
        "PREFIRE_STATUS": "postfire",
        "TILE_Z": 17,
        "TILE_X": 22312,
        "TILE_Y": 51341,
        "TILEXYZ": [
          17,
          22312,
          51341
        ],
        "OUTPUT_FILE": "/Users/maples/GitHub/mortalitree_testing/notebooks/single_tiles/postfire/17/22312/51341.geojson",
        "OUTPUT_STATUS_DIR": "postfire",
        "FEATURE_COUNT": 237
      },
      "geometry": {
        "type": "Polygon",
        "coordinates": [
          [
            [
              -118.71764507479219,
              36.285424594229596
            ],
            [
              -118.7175673845659,
              36.285421806804756
            ],
            [
              -118.71757066356983,
              36.285361903295694
            ],
            [
              -118.7176483537371,
              36.28536469071446
            ],
            [
              -118.71764507479219,
              36.285424594229596
            ]
          ]
        ]
      }
    },
    {
      "id": "208",
      "type": "Feature",
      "properties": {
        "id": null,
        "SOURCE_FILE": "/Users/maples/GitHub/mortalitree_testing/labels/bashah_mortalitree_postfire_labels.geojson",
        "SUNETID": "bashah",
        "FIRENAME": "CASTLE",
        "FIRE_SLUG": "CASTLE",
        "PREFIRE": 0,
        "PREFIRE_STATUS": "postfire",
        "TILE_Z": 17,
        "TILE_X": 22312,
        "TILE_Y": 51341,
        "TILEXYZ": [
          17,
          22312,
          51341
        ],
        "OUTPUT_FILE": "/Users/maples/GitHub/mortalitree_testing/notebooks/single_tiles/postfire/17/22312/51341.geojson",
        "OUTPUT_STATUS_DIR": "postfire",
        "FEATURE_COUNT": 237
      },
      "geometry": {
        "type": "Polygon",
        "coordinates": [
          [
            [
              -118.71691639047076,
              36.28512535179248
            ],
            [
              -118.7168054049662,
              36.28512136909341
            ],
            [
              -118.71680983235683,
              36.285040499432675
            ],
            [
              -118.71692081774754,
              36.28504448212004
            ],
            [
              -118.71691639047076,
              36.28512535179248
            ]
          ]
        ]
      }
    },
    {
      "id": "209",
      "type": "Feature",
      "properties": {
        "id": null,
        "SOURCE_FILE": "/Users/maples/GitHub/mortalitree_testing/labels/bashah_mortalitree_postfire_labels.geojson",
        "SUNETID": "bashah",
        "FIRENAME": "CASTLE",
        "FIRE_SLUG": "CASTLE",
        "PREFIRE": 0,
        "PREFIRE_STATUS": "postfire",
        "TILE_Z": 17,
        "TILE_X": 22312,
        "TILE_Y": 51341,
        "TILEXYZ": [
          17,
          22312,
          51341
        ],
        "OUTPUT_FILE": "/Users/maples/GitHub/mortalitree_testing/notebooks/single_tiles/postfire/17/22312/51341.geojson",
        "OUTPUT_STATUS_DIR": "postfire",
        "FEATURE_COUNT": 237
      },
      "geometry": {
        "type": "Polygon",
        "coordinates": [
          [
            [
              -118.71713220781879,
              36.28548271925008
            ],
            [
              -118.71703971944893,
              36.28547940048025
            ],
            [
              -118.71704381871508,
              36.2854045211463
            ],
            [
              -118.71713630699708,
              36.285407839907094
            ],
            [
              -118.71713220781879,
              36.28548271925008
            ]
          ]
        ]
      }
    },
    {
      "id": "210",
      "type": "Feature",
      "properties": {
        "id": null,
        "SOURCE_FILE": "/Users/maples/GitHub/mortalitree_testing/labels/bashah_mortalitree_postfire_labels.geojson",
        "SUNETID": "bashah",
        "FIRENAME": "CASTLE",
        "FIRE_SLUG": "CASTLE",
        "PREFIRE": 0,
        "PREFIRE_STATUS": "postfire",
        "TILE_Z": 17,
        "TILE_X": 22312,
        "TILE_Y": 51341,
        "TILEXYZ": [
          17,
          22312,
          51341
        ],
        "OUTPUT_FILE": "/Users/maples/GitHub/mortalitree_testing/notebooks/single_tiles/postfire/17/22312/51341.geojson",
        "OUTPUT_STATUS_DIR": "postfire",
        "FEATURE_COUNT": 237
      },
      "geometry": {
        "type": "Polygon",
        "coordinates": [
          [
            [
              -118.71807084932142,
              36.28543386745236
            ],
            [
              -118.71798575996895,
              36.28543081485817
            ],
            [
              -118.7179895304562,
              36.28536192578499
            ],
            [
              -118.7180746197343,
              36.28536497837154
            ],
            [
              -118.71807084932142,
              36.28543386745236
            ]
          ]
        ]
      }
    },
    {
      "id": "211",
      "type": "Feature",
      "properties": {
        "id": null,
        "SOURCE_FILE": "/Users/maples/GitHub/mortalitree_testing/labels/bashah_mortalitree_postfire_labels.geojson",
        "SUNETID": "bashah",
        "FIRENAME": "CASTLE",
        "FIRE_SLUG": "CASTLE",
        "PREFIRE": 0,
        "PREFIRE_STATUS": "postfire",
        "TILE_Z": 17,
        "TILE_X": 22312,
        "TILE_Y": 51341,
        "TILEXYZ": [
          17,
          22312,
          51341
        ],
        "OUTPUT_FILE": "/Users/maples/GitHub/mortalitree_testing/notebooks/single_tiles/postfire/17/22312/51341.geojson",
        "OUTPUT_STATUS_DIR": "postfire",
        "FEATURE_COUNT": 237
      },
      "geometry": {
        "type": "Polygon",
        "coordinates": [
          [
            [
              -118.7181533885427,
              36.28517873746858
            ],
            [
              -118.71802760468289,
              36.285174225030694
            ],
            [
              -118.71803334226603,
              36.2850693938217
            ],
            [
              -118.71815912595855,
              36.285073906242374
            ],
            [
              -118.7181533885427,
              36.28517873746858
            ]
          ]
        ]
      }
    },
    {
      "id": "212",
      "type": "Feature",
      "properties": {
        "id": null,
        "SOURCE_FILE": "/Users/maples/GitHub/mortalitree_testing/labels/bashah_mortalitree_postfire_labels.geojson",
        "SUNETID": "bashah",
        "FIRENAME": "CASTLE",
        "FIRE_SLUG": "CASTLE",
        "PREFIRE": 0,
        "PREFIRE_STATUS": "postfire",
        "TILE_Z": 17,
        "TILE_X": 22312,
        "TILE_Y": 51341,
        "TILEXYZ": [
          17,
          22312,
          51341
        ],
        "OUTPUT_FILE": "/Users/maples/GitHub/mortalitree_testing/notebooks/single_tiles/postfire/17/22312/51341.geojson",
        "OUTPUT_STATUS_DIR": "postfire",
        "FEATURE_COUNT": 237
      },
      "geometry": {
        "type": "Polygon",
        "coordinates": [
          [
            [
              -118.71818019618081,
              36.28546780078455
            ],
            [
              -118.71808770770151,
              36.28546448282645
            ],
            [
              -118.71809164203404,
              36.28539259856696
            ],
            [
              -118.718184130429,
              36.285395916516386
            ],
            [
              -118.71818019618081,
              36.28546780078455
            ]
          ]
        ]
      }
    },
    {
      "id": "213",
      "type": "Feature",
      "properties": {
        "id": null,
        "SOURCE_FILE": "/Users/maples/GitHub/mortalitree_testing/labels/bashah_mortalitree_postfire_labels.geojson",
        "SUNETID": "bashah",
        "FIRENAME": "CASTLE",
        "FIRE_SLUG": "CASTLE",
        "PREFIRE": 0,
        "PREFIRE_STATUS": "postfire",
        "TILE_Z": 17,
        "TILE_X": 22312,
        "TILE_Y": 51341,
        "TILEXYZ": [
          17,
          22312,
          51341
        ],
        "OUTPUT_FILE": "/Users/maples/GitHub/mortalitree_testing/notebooks/single_tiles/postfire/17/22312/51341.geojson",
        "OUTPUT_STATUS_DIR": "postfire",
        "FEATURE_COUNT": 237
      },
      "geometry": {
        "type": "Polygon",
        "coordinates": [
          [
            [
              -118.71761440567764,
              36.28513839336682
            ],
            [
              -118.71752561717624,
              36.28513520773308
            ],
            [
              -118.71752856827807,
              36.285081294575335
            ],
            [
              -118.71761735671873,
              36.28508448020283
            ],
            [
              -118.71761440567764,
              36.28513839336682
            ]
          ]
        ]
      }
    },
    {
      "id": "214",
      "type": "Feature",
      "properties": {
        "id": null,
        "SOURCE_FILE": "/Users/maples/GitHub/mortalitree_testing/labels/bashah_mortalitree_postfire_labels.geojson",
        "SUNETID": "bashah",
        "FIRENAME": "CASTLE",
        "FIRE_SLUG": "CASTLE",
        "PREFIRE": 0,
        "PREFIRE_STATUS": "postfire",
        "TILE_Z": 17,
        "TILE_X": 22312,
        "TILE_Y": 51341,
        "TILEXYZ": [
          17,
          22312,
          51341
        ],
        "OUTPUT_FILE": "/Users/maples/GitHub/mortalitree_testing/notebooks/single_tiles/postfire/17/22312/51341.geojson",
        "OUTPUT_STATUS_DIR": "postfire",
        "FEATURE_COUNT": 237
      },
      "geometry": {
        "type": "Polygon",
        "coordinates": [
          [
            [
              -118.7176044761497,
              36.28525207731012
            ],
            [
              -118.71751198799475,
              36.285248758923615
            ],
            [
              -118.71751674257867,
              36.28516189883899
            ],
            [
              -118.71760923063172,
              36.28516521721501
            ],
            [
              -118.7176044761497,
              36.28525207731012
            ]
          ]
        ]
      }
    },
    {
      "id": "215",
      "type": "Feature",
      "properties": {
        "id": null,
        "SOURCE_FILE": "/Users/maples/GitHub/mortalitree_testing/labels/bashah_mortalitree_postfire_labels.geojson",
        "SUNETID": "bashah",
        "FIRENAME": "CASTLE",
        "FIRE_SLUG": "CASTLE",
        "PREFIRE": 0,
        "PREFIRE_STATUS": "postfire",
        "TILE_Z": 17,
        "TILE_X": 22312,
        "TILE_Y": 51341,
        "TILEXYZ": [
          17,
          22312,
          51341
        ],
        "OUTPUT_FILE": "/Users/maples/GitHub/mortalitree_testing/notebooks/single_tiles/postfire/17/22312/51341.geojson",
        "OUTPUT_STATUS_DIR": "postfire",
        "FEATURE_COUNT": 237
      },
      "geometry": {
        "type": "Polygon",
        "coordinates": [
          [
            [
              -118.71769306191752,
              36.28552985241956
            ],
            [
              -118.71759687388463,
              36.285526401344754
            ],
            [
              -118.71759982497962,
              36.28547248818549
            ],
            [
              -118.7176960129467,
              36.28547593925354
            ],
            [
              -118.71769306191752,
              36.28552985241956
            ]
          ]
        ]
      }
    },
    {
      "id": "216",
      "type": "Feature",
      "properties": {
        "id": null,
        "SOURCE_FILE": "/Users/maples/GitHub/mortalitree_testing/labels/bashah_mortalitree_postfire_labels.geojson",
        "SUNETID": "bashah",
        "FIRENAME": "CASTLE",
        "FIRE_SLUG": "CASTLE",
        "PREFIRE": 0,
        "PREFIRE_STATUS": "postfire",
        "TILE_Z": 17,
        "TILE_X": 22312,
        "TILE_Y": 51341,
        "TILEXYZ": [
          17,
          22312,
          51341
        ],
        "OUTPUT_FILE": "/Users/maples/GitHub/mortalitree_testing/notebooks/single_tiles/postfire/17/22312/51341.geojson",
        "OUTPUT_STATUS_DIR": "postfire",
        "FEATURE_COUNT": 237
      },
      "geometry": {
        "type": "Polygon",
        "coordinates": [
          [
            [
              -118.71775154159536,
              36.28544341932864
            ],
            [
              -118.71764795459,
              36.285439702841586
            ],
            [
              -118.71765156142845,
              36.2853738089748
            ],
            [
              -118.71775514834722,
              36.28537752545295
            ],
            [
              -118.71775154159536,
              36.28544341932864
            ]
          ]
        ]
      }
    },
    {
      "id": "217",
      "type": "Feature",
      "properties": {
        "id": null,
        "SOURCE_FILE": "/Users/maples/GitHub/mortalitree_testing/labels/bashah_mortalitree_postfire_labels.geojson",
        "SUNETID": "bashah",
        "FIRENAME": "CASTLE",
        "FIRE_SLUG": "CASTLE",
        "PREFIRE": 0,
        "PREFIRE_STATUS": "postfire",
        "TILE_Z": 17,
        "TILE_X": 22312,
        "TILE_Y": 51341,
        "TILEXYZ": [
          17,
          22312,
          51341
        ],
        "OUTPUT_FILE": "/Users/maples/GitHub/mortalitree_testing/notebooks/single_tiles/postfire/17/22312/51341.geojson",
        "OUTPUT_STATUS_DIR": "postfire",
        "FEATURE_COUNT": 237
      },
      "geometry": {
        "type": "Polygon",
        "coordinates": [
          [
            [
              -118.71758609969565,
              36.28497832171688
            ],
            [
              -118.71752690748292,
              36.28497619796235
            ],
            [
              -118.7175295306689,
              36.28492827515413
            ],
            [
              -118.71758872284565,
              36.28493039890496
            ],
            [
              -118.71758609969565,
              36.28497832171688
            ]
          ]
        ]
      }
    },
    {
      "id": "218",
      "type": "Feature",
      "properties": {
        "id": null,
        "SOURCE_FILE": "/Users/maples/GitHub/mortalitree_testing/labels/bashah_mortalitree_postfire_labels.geojson",
        "SUNETID": "bashah",
        "FIRENAME": "CASTLE",
        "FIRE_SLUG": "CASTLE",
        "PREFIRE": 0,
        "PREFIRE_STATUS": "postfire",
        "TILE_Z": 17,
        "TILE_X": 22312,
        "TILE_Y": 51341,
        "TILEXYZ": [
          17,
          22312,
          51341
        ],
        "OUTPUT_FILE": "/Users/maples/GitHub/mortalitree_testing/notebooks/single_tiles/postfire/17/22312/51341.geojson",
        "OUTPUT_STATUS_DIR": "postfire",
        "FEATURE_COUNT": 237
      },
      "geometry": {
        "type": "Polygon",
        "coordinates": [
          [
            [
              -118.7177844335508,
              36.28497793486776
            ],
            [
              -118.71771044326698,
              36.28497528029281
            ],
            [
              -118.7177137221081,
              36.284915376768026
            ],
            [
              -118.71778771233572,
              36.28491803133722
            ],
            [
              -118.7177844335508,
              36.28497793486776
            ]
          ]
        ]
      }
    },
    {
      "id": "219",
      "type": "Feature",
      "properties": {
        "id": null,
        "SOURCE_FILE": "/Users/maples/GitHub/mortalitree_testing/labels/bashah_mortalitree_postfire_labels.geojson",
        "SUNETID": "bashah",
        "FIRENAME": "CASTLE",
        "FIRE_SLUG": "CASTLE",
        "PREFIRE": 0,
        "PREFIRE_STATUS": "postfire",
        "TILE_Z": 17,
        "TILE_X": 22312,
        "TILE_Y": 51341,
        "TILEXYZ": [
          17,
          22312,
          51341
        ],
        "OUTPUT_FILE": "/Users/maples/GitHub/mortalitree_testing/notebooks/single_tiles/postfire/17/22312/51341.geojson",
        "OUTPUT_STATUS_DIR": "postfire",
        "FEATURE_COUNT": 237
      },
      "geometry": {
        "type": "Polygon",
        "coordinates": [
          [
            [
              -118.71561083410246,
              36.284860168744686
            ],
            [
              -118.71554239338744,
              36.28485771202719
            ],
            [
              -118.71554485375134,
              36.284812784510514
            ],
            [
              -118.71561329442736,
              36.28481524122398
            ],
            [
              -118.71561083410246,
              36.284860168744686
            ]
          ]
        ]
      }
    },
    {
      "id": "220",
      "type": "Feature",
      "properties": {
        "id": null,
        "SOURCE_FILE": "/Users/maples/GitHub/mortalitree_testing/labels/bashah_mortalitree_postfire_labels.geojson",
        "SUNETID": "bashah",
        "FIRENAME": "CASTLE",
        "FIRE_SLUG": "CASTLE",
        "PREFIRE": 0,
        "PREFIRE_STATUS": "postfire",
        "TILE_Z": 17,
        "TILE_X": 22312,
        "TILE_Y": 51341,
        "TILEXYZ": [
          17,
          22312,
          51341
        ],
        "OUTPUT_FILE": "/Users/maples/GitHub/mortalitree_testing/notebooks/single_tiles/postfire/17/22312/51341.geojson",
        "OUTPUT_STATUS_DIR": "postfire",
        "FEATURE_COUNT": 237
      },
      "geometry": {
        "type": "Polygon",
        "coordinates": [
          [
            [
              -118.71568142984384,
              36.28484019485891
            ],
            [
              -118.71564073537023,
              36.28483873413738
            ],
            [
              -118.71564270361534,
              36.28480279211932
            ],
            [
              -118.71568339807038,
              36.28480425283893
            ],
            [
              -118.71568142984384,
              36.28484019485891
            ]
          ]
        ]
      }
    },
    {
      "id": "221",
      "type": "Feature",
      "properties": {
        "id": null,
        "SOURCE_FILE": "/Users/maples/GitHub/mortalitree_testing/labels/bashah_mortalitree_postfire_labels.geojson",
        "SUNETID": "bashah",
        "FIRENAME": "CASTLE",
        "FIRE_SLUG": "CASTLE",
        "PREFIRE": 0,
        "PREFIRE_STATUS": "postfire",
        "TILE_Z": 17,
        "TILE_X": 22312,
        "TILE_Y": 51341,
        "TILEXYZ": [
          17,
          22312,
          51341
        ],
        "OUTPUT_FILE": "/Users/maples/GitHub/mortalitree_testing/notebooks/single_tiles/postfire/17/22312/51341.geojson",
        "OUTPUT_STATUS_DIR": "postfire",
        "FEATURE_COUNT": 237
      },
      "geometry": {
        "type": "Polygon",
        "coordinates": [
          [
            [
              -118.71567692403448,
              36.284651716876496
            ],
            [
              -118.71562883068194,
              36.28464999057364
            ],
            [
              -118.71563120896785,
              36.284606560634415
            ],
            [
              -118.71567930229392,
              36.28460828693456
            ],
            [
              -118.71567692403448,
              36.284651716876496
            ]
          ]
        ]
      }
    },
    {
      "id": "222",
      "type": "Feature",
      "properties": {
        "id": null,
        "SOURCE_FILE": "/Users/maples/GitHub/mortalitree_testing/labels/bashah_mortalitree_postfire_labels.geojson",
        "SUNETID": "bashah",
        "FIRENAME": "CASTLE",
        "FIRE_SLUG": "CASTLE",
        "PREFIRE": 0,
        "PREFIRE_STATUS": "postfire",
        "TILE_Z": 17,
        "TILE_X": 22312,
        "TILE_Y": 51341,
        "TILEXYZ": [
          17,
          22312,
          51341
        ],
        "OUTPUT_FILE": "/Users/maples/GitHub/mortalitree_testing/notebooks/single_tiles/postfire/17/22312/51341.geojson",
        "OUTPUT_STATUS_DIR": "postfire",
        "FEATURE_COUNT": 237
      },
      "geometry": {
        "type": "Polygon",
        "coordinates": [
          [
            [
              -118.71565697771858,
              36.28472827809425
            ],
            [
              -118.71561443355839,
              36.284726750971295
            ],
            [
              -118.71561672984866,
              36.28468481861752
            ],
            [
              -118.71565927398626,
              36.284686345738145
            ],
            [
              -118.71565697771858,
              36.28472827809425
            ]
          ]
        ]
      }
    },
    {
      "id": "223",
      "type": "Feature",
      "properties": {
        "id": null,
        "SOURCE_FILE": "/Users/maples/GitHub/mortalitree_testing/labels/bashah_mortalitree_postfire_labels.geojson",
        "SUNETID": "bashah",
        "FIRENAME": "CASTLE",
        "FIRE_SLUG": "CASTLE",
        "PREFIRE": 0,
        "PREFIRE_STATUS": "postfire",
        "TILE_Z": 17,
        "TILE_X": 22312,
        "TILE_Y": 51341,
        "TILEXYZ": [
          17,
          22312,
          51341
        ],
        "OUTPUT_FILE": "/Users/maples/GitHub/mortalitree_testing/notebooks/single_tiles/postfire/17/22312/51341.geojson",
        "OUTPUT_STATUS_DIR": "postfire",
        "FEATURE_COUNT": 237
      },
      "geometry": {
        "type": "Polygon",
        "coordinates": [
          [
            [
              -118.71587729824321,
              36.28485097664873
            ],
            [
              -118.71582550525692,
              36.28484911763058
            ],
            [
              -118.71582730940472,
              36.284816170772785
            ],
            [
              -118.71587910236939,
              36.2848180297887
            ],
            [
              -118.71587729824321,
              36.28485097664873
            ]
          ]
        ]
      }
    },
    {
      "id": "224",
      "type": "Feature",
      "properties": {
        "id": null,
        "SOURCE_FILE": "/Users/maples/GitHub/mortalitree_testing/labels/bashah_mortalitree_postfire_labels.geojson",
        "SUNETID": "bashah",
        "FIRENAME": "CASTLE",
        "FIRE_SLUG": "CASTLE",
        "PREFIRE": 0,
        "PREFIRE_STATUS": "postfire",
        "TILE_Z": 17,
        "TILE_X": 22312,
        "TILE_Y": 51341,
        "TILEXYZ": [
          17,
          22312,
          51341
        ],
        "OUTPUT_FILE": "/Users/maples/GitHub/mortalitree_testing/notebooks/single_tiles/postfire/17/22312/51341.geojson",
        "OUTPUT_STATUS_DIR": "postfire",
        "FEATURE_COUNT": 237
      },
      "geometry": {
        "type": "Polygon",
        "coordinates": [
          [
            [
              -118.71568278289683,
              36.28496778829411
            ],
            [
              -118.7156550366193,
              36.28496679234643
            ],
            [
              -118.715656676826,
              36.28493684066481
            ],
            [
              -118.71568442309301,
              36.284937836611405
            ],
            [
              -118.71568278289683,
              36.28496778829411
            ]
          ]
        ]
      }
    },
    {
      "id": "225",
      "type": "Feature",
      "properties": {
        "id": null,
        "SOURCE_FILE": "/Users/maples/GitHub/mortalitree_testing/labels/bashah_mortalitree_postfire_labels.geojson",
        "SUNETID": "bashah",
        "FIRENAME": "CASTLE",
        "FIRE_SLUG": "CASTLE",
        "PREFIRE": 0,
        "PREFIRE_STATUS": "postfire",
        "TILE_Z": 17,
        "TILE_X": 22312,
        "TILE_Y": 51341,
        "TILEXYZ": [
          17,
          22312,
          51341
        ],
        "OUTPUT_FILE": "/Users/maples/GitHub/mortalitree_testing/notebooks/single_tiles/postfire/17/22312/51341.geojson",
        "OUTPUT_STATUS_DIR": "postfire",
        "FEATURE_COUNT": 237
      },
      "geometry": {
        "type": "Polygon",
        "coordinates": [
          [
            [
              -118.71560471527727,
              36.28490421467814
            ],
            [
              -118.71555292227428,
              36.28490235553959
            ],
            [
              -118.7155547265402,
              36.28486940869386
            ],
            [
              -118.71560651952154,
              36.28487126783018
            ],
            [
              -118.71560471527727,
              36.28490421467814
            ]
          ]
        ]
      }
    },
    {
      "id": "226",
      "type": "Feature",
      "properties": {
        "id": null,
        "SOURCE_FILE": "/Users/maples/GitHub/mortalitree_testing/labels/bashah_mortalitree_postfire_labels.geojson",
        "SUNETID": "bashah",
        "FIRENAME": "CASTLE",
        "FIRE_SLUG": "CASTLE",
        "PREFIRE": 0,
        "PREFIRE_STATUS": "postfire",
        "TILE_Z": 17,
        "TILE_X": 22312,
        "TILE_Y": 51341,
        "TILEXYZ": [
          17,
          22312,
          51341
        ],
        "OUTPUT_FILE": "/Users/maples/GitHub/mortalitree_testing/notebooks/single_tiles/postfire/17/22312/51341.geojson",
        "OUTPUT_STATUS_DIR": "postfire",
        "FEATURE_COUNT": 237
      },
      "geometry": {
        "type": "Polygon",
        "coordinates": [
          [
            [
              -118.7155653236646,
              36.28496357207169
            ],
            [
              -118.71551513671875,
              36.28496177056527
            ],
            [
              -118.71551513671875,
              36.28492575789959
            ],
            [
              -118.71556729195326,
              36.284927630057936
            ],
            [
              -118.7155653236646,
              36.28496357207169
            ]
          ]
        ]
      }
    },
    {
      "id": "227",
      "type": "Feature",
      "properties": {
        "id": null,
        "SOURCE_FILE": "/Users/maples/GitHub/mortalitree_testing/labels/bashah_mortalitree_postfire_labels.geojson",
        "SUNETID": "bashah",
        "FIRENAME": "CASTLE",
        "FIRE_SLUG": "CASTLE",
        "PREFIRE": 0,
        "PREFIRE_STATUS": "postfire",
        "TILE_Z": 17,
        "TILE_X": 22312,
        "TILE_Y": 51341,
        "TILEXYZ": [
          17,
          22312,
          51341
        ],
        "OUTPUT_FILE": "/Users/maples/GitHub/mortalitree_testing/notebooks/single_tiles/postfire/17/22312/51341.geojson",
        "OUTPUT_STATUS_DIR": "postfire",
        "FEATURE_COUNT": 237
      },
      "geometry": {
        "type": "Polygon",
        "coordinates": [
          [
            [
              -118.71572853010113,
              36.28479236807715
            ],
            [
              -118.71568413615444,
              36.28479077458135
            ],
            [
              -118.71568585834866,
              36.284759325313544
            ],
            [
              -118.71573025227765,
              36.2847609188075
            ],
            [
              -118.71572853010113,
              36.28479236807715
            ]
          ]
        ]
      }
    },
    {
      "id": "228",
      "type": "Feature",
      "properties": {
        "id": null,
        "SOURCE_FILE": "/Users/maples/GitHub/mortalitree_testing/labels/bashah_mortalitree_postfire_labels.geojson",
        "SUNETID": "bashah",
        "FIRENAME": "CASTLE",
        "FIRE_SLUG": "CASTLE",
        "PREFIRE": 0,
        "PREFIRE_STATUS": "postfire",
        "TILE_Z": 17,
        "TILE_X": 22312,
        "TILE_Y": 51341,
        "TILEXYZ": [
          17,
          22312,
          51341
        ],
        "OUTPUT_FILE": "/Users/maples/GitHub/mortalitree_testing/notebooks/single_tiles/postfire/17/22312/51341.geojson",
        "OUTPUT_STATUS_DIR": "postfire",
        "FEATURE_COUNT": 237
      },
      "geometry": {
        "type": "Polygon",
        "coordinates": [
          [
            [
              -118.71578569464187,
              36.284848438947215
            ],
            [
              -118.71573390166343,
              36.28484657988951
            ],
            [
              -118.71573595187475,
              36.284809140282825
            ],
            [
              -118.71578774482857,
              36.284810999338006
            ],
            [
              -118.71578569464187,
              36.284848438947215
            ]
          ]
        ]
      }
    },
    {
      "id": "229",
      "type": "Feature",
      "properties": {
        "id": null,
        "SOURCE_FILE": "/Users/maples/GitHub/mortalitree_testing/labels/bashah_mortalitree_postfire_labels.geojson",
        "SUNETID": "bashah",
        "FIRENAME": "CASTLE",
        "FIRE_SLUG": "CASTLE",
        "PREFIRE": 0,
        "PREFIRE_STATUS": "postfire",
        "TILE_Z": 17,
        "TILE_X": 22312,
        "TILE_Y": 51341,
        "TILEXYZ": [
          17,
          22312,
          51341
        ],
        "OUTPUT_FILE": "/Users/maples/GitHub/mortalitree_testing/notebooks/single_tiles/postfire/17/22312/51341.geojson",
        "OUTPUT_STATUS_DIR": "postfire",
        "FEATURE_COUNT": 237
      },
      "geometry": {
        "type": "Polygon",
        "coordinates": [
          [
            [
              -118.71572646621584,
              36.28488082514102
            ],
            [
              -118.71566912397076,
              36.28487876686726
            ],
            [
              -118.71567248637007,
              36.284817365917675
            ],
            [
              -118.71572982857045,
              36.28481942418686
            ],
            [
              -118.71572646621584,
              36.28488082514102
            ]
          ]
        ]
      }
    },
    {
      "id": "230",
      "type": "Feature",
      "properties": {
        "id": null,
        "SOURCE_FILE": "/Users/maples/GitHub/mortalitree_testing/labels/bashah_mortalitree_postfire_labels.geojson",
        "SUNETID": "bashah",
        "FIRENAME": "CASTLE",
        "FIRE_SLUG": "CASTLE",
        "PREFIRE": 0,
        "PREFIRE_STATUS": "postfire",
        "TILE_Z": 17,
        "TILE_X": 22312,
        "TILE_Y": 51341,
        "TILEXYZ": [
          17,
          22312,
          51341
        ],
        "OUTPUT_FILE": "/Users/maples/GitHub/mortalitree_testing/notebooks/single_tiles/postfire/17/22312/51341.geojson",
        "OUTPUT_STATUS_DIR": "postfire",
        "FEATURE_COUNT": 237
      },
      "geometry": {
        "type": "Polygon",
        "coordinates": [
          [
            [
              -118.71564985205356,
              36.28477378841906
            ],
            [
              -118.71561285711033,
              36.28477246048328
            ],
            [
              -118.71561441531098,
              36.28474400638642
            ],
            [
              -118.7156514102409,
              36.28474533432082
            ],
            [
              -118.71564985205356,
              36.28477378841906
            ]
          ]
        ]
      }
    },
    {
      "id": "231",
      "type": "Feature",
      "properties": {
        "id": null,
        "SOURCE_FILE": "/Users/maples/GitHub/mortalitree_testing/labels/bashah_mortalitree_postfire_labels.geojson",
        "SUNETID": "bashah",
        "FIRENAME": "CASTLE",
        "FIRE_SLUG": "CASTLE",
        "PREFIRE": 0,
        "PREFIRE_STATUS": "postfire",
        "TILE_Z": 17,
        "TILE_X": 22312,
        "TILE_Y": 51341,
        "TILEXYZ": [
          17,
          22312,
          51341
        ],
        "OUTPUT_FILE": "/Users/maples/GitHub/mortalitree_testing/notebooks/single_tiles/postfire/17/22312/51341.geojson",
        "OUTPUT_STATUS_DIR": "postfire",
        "FEATURE_COUNT": 237
      },
      "geometry": {
        "type": "Polygon",
        "coordinates": [
          [
            [
              -118.7155650142093,
              36.28480000343446
            ],
            [
              -118.71551513671875,
              36.284798213039295
            ],
            [
              -118.71551513671875,
              36.28475319720662
            ],
            [
              -118.71556747455506,
              36.284755075916024
            ],
            [
              -118.7155650142093,
              36.28480000343446
            ]
          ]
        ]
      }
    },
    {
      "id": "232",
      "type": "Feature",
      "properties": {
        "id": null,
        "SOURCE_FILE": "/Users/maples/GitHub/mortalitree_testing/labels/bashah_mortalitree_postfire_labels.geojson",
        "SUNETID": "bashah",
        "FIRENAME": "CASTLE",
        "FIRE_SLUG": "CASTLE",
        "PREFIRE": 0,
        "PREFIRE_STATUS": "postfire",
        "TILE_Z": 17,
        "TILE_X": 22312,
        "TILE_Y": 51341,
        "TILEXYZ": [
          17,
          22312,
          51341
        ],
        "OUTPUT_FILE": "/Users/maples/GitHub/mortalitree_testing/notebooks/single_tiles/postfire/17/22312/51341.geojson",
        "OUTPUT_STATUS_DIR": "postfire",
        "FEATURE_COUNT": 237
      },
      "geometry": {
        "type": "Polygon",
        "coordinates": [
          [
            [
              -118.71564151879313,
              36.285010572694915
            ],
            [
              -118.71560452373855,
              36.28500924474913
            ],
            [
              -118.71560599994434,
              36.284982288237664
            ],
            [
              -118.7156429949863,
              36.28498361618214
            ],
            [
              -118.71564151879313,
              36.285010572694915
            ]
          ]
        ]
      }
    },
    {
      "id": "233",
      "type": "Feature",
      "properties": {
        "id": null,
        "SOURCE_FILE": "/Users/maples/GitHub/mortalitree_testing/labels/bashah_mortalitree_postfire_labels.geojson",
        "SUNETID": "bashah",
        "FIRENAME": "CASTLE",
        "FIRE_SLUG": "CASTLE",
        "PREFIRE": 0,
        "PREFIRE_STATUS": "postfire",
        "TILE_Z": 17,
        "TILE_X": 22312,
        "TILE_Y": 51341,
        "TILEXYZ": [
          17,
          22312,
          51341
        ],
        "OUTPUT_FILE": "/Users/maples/GitHub/mortalitree_testing/notebooks/single_tiles/postfire/17/22312/51341.geojson",
        "OUTPUT_STATUS_DIR": "postfire",
        "FEATURE_COUNT": 237
      },
      "geometry": {
        "type": "Polygon",
        "coordinates": [
          [
            [
              -118.71582641173126,
              36.284714102651144
            ],
            [
              -118.71577831833099,
              36.28471237640585
            ],
            [
              -118.71577971245384,
              36.28468691747129
            ],
            [
              -118.71582780583857,
              36.28468864371498
            ],
            [
              -118.71582641173126,
              36.284714102651144
            ]
          ]
        ]
      }
    },
    {
      "id": "234",
      "type": "Feature",
      "properties": {
        "id": null,
        "SOURCE_FILE": "/Users/maples/GitHub/mortalitree_testing/labels/bashah_mortalitree_postfire_labels.geojson",
        "SUNETID": "bashah",
        "FIRENAME": "CASTLE",
        "FIRE_SLUG": "CASTLE",
        "PREFIRE": 0,
        "PREFIRE_STATUS": "postfire",
        "TILE_Z": 17,
        "TILE_X": 22312,
        "TILE_Y": 51341,
        "TILEXYZ": [
          17,
          22312,
          51341
        ],
        "OUTPUT_FILE": "/Users/maples/GitHub/mortalitree_testing/notebooks/single_tiles/postfire/17/22312/51341.geojson",
        "OUTPUT_STATUS_DIR": "postfire",
        "FEATURE_COUNT": 237
      },
      "geometry": {
        "type": "Polygon",
        "coordinates": [
          [
            [
              -118.71572401963049,
              36.28472243162987
            ],
            [
              -118.71567962572365,
              36.28472083813505
            ],
            [
              -118.71568110188807,
              36.28469388161962
            ],
            [
              -118.71572549577974,
              36.28469547511289
            ],
            [
              -118.71572401963049,
              36.28472243162987
            ]
          ]
        ]
      }
    },
    {
      "id": "235",
      "type": "Feature",
      "properties": {
        "id": null,
        "SOURCE_FILE": "/Users/maples/GitHub/mortalitree_testing/labels/bashah_mortalitree_postfire_labels.geojson",
        "SUNETID": "bashah",
        "FIRENAME": "CASTLE",
        "FIRE_SLUG": "CASTLE",
        "PREFIRE": 0,
        "PREFIRE_STATUS": "postfire",
        "TILE_Z": 17,
        "TILE_X": 22312,
        "TILE_Y": 51341,
        "TILEXYZ": [
          17,
          22312,
          51341
        ],
        "OUTPUT_FILE": "/Users/maples/GitHub/mortalitree_testing/notebooks/single_tiles/postfire/17/22312/51341.geojson",
        "OUTPUT_STATUS_DIR": "postfire",
        "FEATURE_COUNT": 237
      },
      "geometry": {
        "type": "Polygon",
        "coordinates": [
          [
            [
              -118.7159479437963,
              36.28474547429255
            ],
            [
              -118.7158924513807,
              36.28474348252428
            ],
            [
              -118.71589507554368,
              36.28469555981689
            ],
            [
              -118.71595056792555,
              36.28469755158168
            ],
            [
              -118.7159479437963,
              36.28474547429255
            ]
          ]
        ]
      }
    },
    {
      "id": "236",
      "type": "Feature",
      "properties": {
        "id": null,
        "SOURCE_FILE": "/Users/maples/GitHub/mortalitree_testing/labels/bashah_mortalitree_postfire_labels.geojson",
        "SUNETID": "bashah",
        "FIRENAME": "CASTLE",
        "FIRE_SLUG": "CASTLE",
        "PREFIRE": 0,
        "PREFIRE_STATUS": "postfire",
        "TILE_Z": 17,
        "TILE_X": 22312,
        "TILE_Y": 51341,
        "TILEXYZ": [
          17,
          22312,
          51341
        ],
        "OUTPUT_FILE": "/Users/maples/GitHub/mortalitree_testing/notebooks/single_tiles/postfire/17/22312/51341.geojson",
        "OUTPUT_STATUS_DIR": "postfire",
        "FEATURE_COUNT": 237
      },
      "geometry": {
        "type": "Polygon",
        "coordinates": [
          [
            [
              -118.71580708058939,
              36.28477943201887
            ],
            [
              -118.71576268664542,
              36.284777838552735
            ],
            [
              -118.71576449081493,
              36.28474489169726
            ],
            [
              -118.71580888474034,
              36.284746485161484
            ],
            [
              -118.71580708058939,
              36.28477943201887
            ]
          ]
        ]
      }
    }
  ],
  "properties": {
    "SOURCE_FILE": "/Users/maples/GitHub/mortalitree_testing/labels/bashah_mortalitree_postfire_labels.geojson",
    "SUNETID": "bashah",
    "FIRENAME": "CASTLE",
    "FIRE_SLUG": "CASTLE",
    "PREFIRE": 0,
    "PREFIRE_STATUS": "postfire",
    "TILE_Z": 17,
    "TILE_X": 22312,
    "TILE_Y": 51341,
    "TILEXYZ": [
      17,
      22312,
      51341
    ],
    "OUTPUT_FILE": "/Users/maples/GitHub/mortalitree_testing/notebooks/single_tiles/postfire/17/22312/51341.geojson",
    "OUTPUT_STATUS_DIR": "postfire",
    "FEATURE_COUNT": 237
  }
}