{
  "type": "FeatureCollection",
  "features": [
    {
      "id": "532",
      "type": "Feature",
      "properties": {
        "id": null,
        "SOURCE_FILE": "/Users/maples/GitHub/mortalitree_testing/labels/ajones16_mortalitree_postfire_labels.geojson",
        "SUNETID": "ajones16",
        "FIRENAME": "CASTLE",
        "FIRE_SLUG": "CASTLE",
        "PREFIRE": 0,
        "PREFIRE_STATUS": "postfire",
        "TILE_Z": 17,
        "TILE_X": 22430,
        "TILE_Y": 51340,
        "TILEXYZ": [
          17,
          22430,
          51340
        ],
        "OUTPUT_FILE": "/Users/maples/GitHub/mortalitree_testing/notebooks/single_tiles/postfire/17/22430/51340.geojson",
        "OUTPUT_STATUS_DIR": "postfire",
        "FEATURE_COUNT": 228
      },
      "geometry": {
        "type": "Polygon",
        "coordinates": [
          [
            [
              -118.39376944193317,
              36.28855657452653
            ],
            [
              -118.39365482248822,
              36.288552149634185
            ],
            [
              -118.39365892180017,
              36.28848255477661
            ],
            [
              -118.393773541144,
              36.288486979657755
            ],
            [
              -118.39376944193317,
              36.28855657452653
            ]
          ]
        ]
      }
    },
    {
      "id": "533",
      "type": "Feature",
      "properties": {
        "id": null,
        "SOURCE_FILE": "/Users/maples/GitHub/mortalitree_testing/labels/ajones16_mortalitree_postfire_labels.geojson",
        "SUNETID": "ajones16",
        "FIRENAME": "CASTLE",
        "FIRE_SLUG": "CASTLE",
        "PREFIRE": 0,
        "PREFIRE_STATUS": "postfire",
        "TILE_Z": 17,
        "TILE_X": 22430,
        "TILE_Y": 51340,
        "TILEXYZ": [
          17,
          22430,
          51340
        ],
        "OUTPUT_FILE": "/Users/maples/GitHub/mortalitree_testing/notebooks/single_tiles/postfire/17/22430/51340.geojson",
        "OUTPUT_STATUS_DIR": "postfire",
        "FEATURE_COUNT": 228
      },
      "geometry": {
        "type": "Polygon",
        "coordinates": [
          [
            [
              -118.39398877518354,
              36.28785588482795
            ],
            [
              -118.39389708041705,
              36.28785234514956
            ],
            [
              -118.39390172594028,
              36.28777347094136
            ],
            [
              -118.3939934206151,
              36.2877770106096
            ],
            [
              -118.39398877518354,
              36.28785588482795
            ]
          ]
        ]
      }
    },
    {
      "id": "534",
      "type": "Feature",
      "properties": {
        "id": null,
        "SOURCE_FILE": "/Users/maples/GitHub/mortalitree_testing/labels/ajones16_mortalitree_postfire_labels.geojson",
        "SUNETID": "ajones16",
        "FIRENAME": "CASTLE",
        "FIRE_SLUG": "CASTLE",
        "PREFIRE": 0,
        "PREFIRE_STATUS": "postfire",
        "TILE_Z": 17,
        "TILE_X": 22430,
        "TILE_Y": 51340,
        "TILEXYZ": [
          17,
          22430,
          51340
        ],
        "OUTPUT_FILE": "/Users/maples/GitHub/mortalitree_testing/notebooks/single_tiles/postfire/17/22430/51340.geojson",
        "OUTPUT_STATUS_DIR": "postfire",
        "FEATURE_COUNT": 228
      },
      "geometry": {
        "type": "Polygon",
        "coordinates": [
          [
            [
              -118.39370454799555,
              36.28785421303715
            ],
            [
              -118.3936013914279,
              36.28785023064899
            ],
            [
              -118.3936074036627,
              36.2877481581865
            ],
            [
              -118.39371056009688,
              36.287752140559874
            ],
            [
              -118.39370454799555,
              36.28785421303715
            ]
          ]
        ]
      }
    },
    {
      "id": "535",
      "type": "Feature",
      "properties": {
        "id": null,
        "SOURCE_FILE": "/Users/maples/GitHub/mortalitree_testing/labels/ajones16_mortalitree_postfire_labels.geojson",
        "SUNETID": "ajones16",
        "FIRENAME": "CASTLE",
        "FIRE_SLUG": "CASTLE",
        "PREFIRE": 0,
        "PREFIRE_STATUS": "postfire",
        "TILE_Z": 17,
        "TILE_X": 22430,
        "TILE_Y": 51340,
        "TILEXYZ": [
          17,
          22430,
          51340
        ],
        "OUTPUT_FILE": "/Users/maples/GitHub/mortalitree_testing/notebooks/single_tiles/postfire/17/22430/51340.geojson",
        "OUTPUT_STATUS_DIR": "postfire",
        "FEATURE_COUNT": 228
      },
      "geometry": {
        "type": "Polygon",
        "coordinates": [
          [
            [
              -118.39344897136705,
              36.28790247385812
            ],
            [
              -118.39333435293052,
              36.28789804872689
            ],
            [
              -118.3933409121215,
              36.287786696992335
            ],
            [
              -118.39345553039622,
              36.28779112210564
            ],
            [
              -118.39344897136705,
              36.28790247385812
            ]
          ]
        ]
      }
    },
    {
      "id": "536",
      "type": "Feature",
      "properties": {
        "id": null,
        "SOURCE_FILE": "/Users/maples/GitHub/mortalitree_testing/labels/ajones16_mortalitree_postfire_labels.geojson",
        "SUNETID": "ajones16",
        "FIRENAME": "CASTLE",
        "FIRE_SLUG": "CASTLE",
        "PREFIRE": 0,
        "PREFIRE_STATUS": "postfire",
        "TILE_Z": 17,
        "TILE_X": 22430,
        "TILE_Y": 51340,
        "TILEXYZ": [
          17,
          22430,
          51340
        ],
        "OUTPUT_FILE": "/Users/maples/GitHub/mortalitree_testing/notebooks/single_tiles/postfire/17/22430/51340.geojson",
        "OUTPUT_STATUS_DIR": "postfire",
        "FEATURE_COUNT": 228
      },
      "geometry": {
        "type": "Polygon",
        "coordinates": [
          [
            [
              -118.39333038166106,
              36.28806297775572
            ],
            [
              -118.39322722487307,
              36.28805899502515
            ],
            [
              -118.39323187110553,
              36.28798012089419
            ],
            [
              -118.39333502779039,
              36.28798410361335
            ],
            [
              -118.39333038166106,
              36.28806297775572
            ]
          ]
        ]
      }
    },
    {
      "id": "537",
      "type": "Feature",
      "properties": {
        "id": null,
        "SOURCE_FILE": "/Users/maples/GitHub/mortalitree_testing/labels/ajones16_mortalitree_postfire_labels.geojson",
        "SUNETID": "ajones16",
        "FIRENAME": "CASTLE",
        "FIRE_SLUG": "CASTLE",
        "PREFIRE": 0,
        "PREFIRE_STATUS": "postfire",
        "TILE_Z": 17,
        "TILE_X": 22430,
        "TILE_Y": 51340,
        "TILEXYZ": [
          17,
          22430,
          51340
        ],
        "OUTPUT_FILE": "/Users/maples/GitHub/mortalitree_testing/notebooks/single_tiles/postfire/17/22430/51340.geojson",
        "OUTPUT_STATUS_DIR": "postfire",
        "FEATURE_COUNT": 228
      },
      "geometry": {
        "type": "Polygon",
        "coordinates": [
          [
            [
              -118.39333159467442,
              36.28823740735195
            ],
            [
              -118.39324563049152,
              36.28823408840317
            ],
            [
              -118.39325027673516,
              36.288155214272464
            ],
            [
              -118.39333624083211,
              36.28815853321173
            ],
            [
              -118.39333159467442,
              36.28823740735195
            ]
          ]
        ]
      }
    },
    {
      "id": "538",
      "type": "Feature",
      "properties": {
        "id": null,
        "SOURCE_FILE": "/Users/maples/GitHub/mortalitree_testing/labels/ajones16_mortalitree_postfire_labels.geojson",
        "SUNETID": "ajones16",
        "FIRENAME": "CASTLE",
        "FIRE_SLUG": "CASTLE",
        "PREFIRE": 0,
        "PREFIRE_STATUS": "postfire",
        "TILE_Z": 17,
        "TILE_X": 22430,
        "TILE_Y": 51340,
        "TILEXYZ": [
          17,
          22430,
          51340
        ],
        "OUTPUT_FILE": "/Users/maples/GitHub/mortalitree_testing/notebooks/single_tiles/postfire/17/22430/51340.geojson",
        "OUTPUT_STATUS_DIR": "postfire",
        "FEATURE_COUNT": 228
      },
      "geometry": {
        "type": "Polygon",
        "coordinates": [
          [
            [
              -118.39331943258789,
              36.28844387200573
            ],
            [
              -118.39324493010024,
              36.288440995565416
            ],
            [
              -118.39324930306965,
              36.28836676109214
            ],
            [
              -118.39332380548717,
              36.288369637524696
            ],
            [
              -118.39331943258789,
              36.28844387200573
            ]
          ]
        ]
      }
    },
    {
      "id": "539",
      "type": "Feature",
      "properties": {
        "id": null,
        "SOURCE_FILE": "/Users/maples/GitHub/mortalitree_testing/labels/ajones16_mortalitree_postfire_labels.geojson",
        "SUNETID": "ajones16",
        "FIRENAME": "CASTLE",
        "FIRE_SLUG": "CASTLE",
        "PREFIRE": 0,
        "PREFIRE_STATUS": "postfire",
        "TILE_Z": 17,
        "TILE_X": 22430,
        "TILE_Y": 51340,
        "TILEXYZ": [
          17,
          22430,
          51340
        ],
        "OUTPUT_FILE": "/Users/maples/GitHub/mortalitree_testing/notebooks/single_tiles/postfire/17/22430/51340.geojson",
        "OUTPUT_STATUS_DIR": "postfire",
        "FEATURE_COUNT": 228
      },
      "geometry": {
        "type": "Polygon",
        "coordinates": [
          [
            [
              -118.39292864302843,
              36.288349730124786
            ],
            [
              -118.39285987162148,
              36.28834707473189
            ],
            [
              -118.39286424494064,
              36.28827284029778
            ],
            [
              -118.39293301628284,
              36.2882754956835
            ],
            [
              -118.39292864302843,
              36.288349730124786
            ]
          ]
        ]
      }
    },
    {
      "id": "540",
      "type": "Feature",
      "properties": {
        "id": null,
        "SOURCE_FILE": "/Users/maples/GitHub/mortalitree_testing/labels/ajones16_mortalitree_postfire_labels.geojson",
        "SUNETID": "ajones16",
        "FIRENAME": "CASTLE",
        "FIRE_SLUG": "CASTLE",
        "PREFIRE": 0,
        "PREFIRE_STATUS": "postfire",
        "TILE_Z": 17,
        "TILE_X": 22430,
        "TILE_Y": 51340,
        "TILEXYZ": [
          17,
          22430,
          51340
        ],
        "OUTPUT_FILE": "/Users/maples/GitHub/mortalitree_testing/notebooks/single_tiles/postfire/17/22430/51340.geojson",
        "OUTPUT_STATUS_DIR": "postfire",
        "FEATURE_COUNT": 228
      },
      "geometry": {
        "type": "Polygon",
        "coordinates": [
          [
            [
              -118.39285481947948,
              36.288384081306056
            ],
            [
              -118.3928032409062,
              36.28838208973162
            ],
            [
              -118.39280679427736,
              36.28832177425917
            ],
            [
              -118.3928583728112,
              36.28832376582924
            ],
            [
              -118.39285481947948,
              36.288384081306056
            ]
          ]
        ]
      }
    },
    {
      "id": "541",
      "type": "Feature",
      "properties": {
        "id": null,
        "SOURCE_FILE": "/Users/maples/GitHub/mortalitree_testing/labels/ajones16_mortalitree_postfire_labels.geojson",
        "SUNETID": "ajones16",
        "FIRENAME": "CASTLE",
        "FIRE_SLUG": "CASTLE",
        "PREFIRE": 0,
        "PREFIRE_STATUS": "postfire",
        "TILE_Z": 17,
        "TILE_X": 22430,
        "TILE_Y": 51340,
        "TILEXYZ": [
          17,
          22430,
          51340
        ],
        "OUTPUT_FILE": "/Users/maples/GitHub/mortalitree_testing/notebooks/single_tiles/postfire/17/22430/51340.geojson",
        "OUTPUT_STATUS_DIR": "postfire",
        "FEATURE_COUNT": 228
      },
      "geometry": {
        "type": "Polygon",
        "coordinates": [
          [
            [
              -118.39261657029078,
              36.2884306842042
            ],
            [
              -118.39254206788951,
              36.28842780732685
            ],
            [
              -118.39254671487411,
              36.28834893327697
            ],
            [
              -118.39262121720088,
              36.28835181014608
            ],
            [
              -118.39261657029078,
              36.2884306842042
            ]
          ]
        ]
      }
    },
    {
      "id": "542",
      "type": "Feature",
      "properties": {
        "id": null,
        "SOURCE_FILE": "/Users/maples/GitHub/mortalitree_testing/labels/ajones16_mortalitree_postfire_labels.geojson",
        "SUNETID": "ajones16",
        "FIRENAME": "CASTLE",
        "FIRE_SLUG": "CASTLE",
        "PREFIRE": 0,
        "PREFIRE_STATUS": "postfire",
        "TILE_Z": 17,
        "TILE_X": 22430,
        "TILE_Y": 51340,
        "TILEXYZ": [
          17,
          22430,
          51340
        ],
        "OUTPUT_FILE": "/Users/maples/GitHub/mortalitree_testing/notebooks/single_tiles/postfire/17/22430/51340.geojson",
        "OUTPUT_STATUS_DIR": "postfire",
        "FEATURE_COUNT": 228
      },
      "geometry": {
        "type": "Polygon",
        "coordinates": [
          [
            [
              -118.39238499893226,
              36.28855892307591
            ],
            [
              -118.39219014626534,
              36.28855139843736
            ],
            [
              -118.39219452025151,
              36.28847716407592
            ],
            [
              -118.39238937273505,
              36.28848468869416
            ],
            [
              -118.39238499893226,
              36.28855892307591
            ]
          ]
        ]
      }
    },
    {
      "id": "543",
      "type": "Feature",
      "properties": {
        "id": null,
        "SOURCE_FILE": "/Users/maples/GitHub/mortalitree_testing/labels/ajones16_mortalitree_postfire_labels.geojson",
        "SUNETID": "ajones16",
        "FIRENAME": "CASTLE",
        "FIRE_SLUG": "CASTLE",
        "PREFIRE": 0,
        "PREFIRE_STATUS": "postfire",
        "TILE_Z": 17,
        "TILE_X": 22430,
        "TILE_Y": 51340,
        "TILEXYZ": [
          17,
          22430,
          51340
        ],
        "OUTPUT_FILE": "/Users/maples/GitHub/mortalitree_testing/notebooks/single_tiles/postfire/17/22430/51340.geojson",
        "OUTPUT_STATUS_DIR": "postfire",
        "FEATURE_COUNT": 228
      },
      "geometry": {
        "type": "Polygon",
        "coordinates": [
          [
            [
              -118.39259351917903,
              36.28833446488722
            ],
            [
              -118.39249036214086,
              36.288330481495436
            ],
            [
              -118.39249610257485,
              36.288233048850884
            ],
            [
              -118.39259925948559,
              36.288237032228565
            ],
            [
              -118.39259351917903,
              36.28833446488722
            ]
          ]
        ]
      }
    },
    {
      "id": "544",
      "type": "Feature",
      "properties": {
        "id": null,
        "SOURCE_FILE": "/Users/maples/GitHub/mortalitree_testing/labels/ajones16_mortalitree_postfire_labels.geojson",
        "SUNETID": "ajones16",
        "FIRENAME": "CASTLE",
        "FIRE_SLUG": "CASTLE",
        "PREFIRE": 0,
        "PREFIRE_STATUS": "postfire",
        "TILE_Z": 17,
        "TILE_X": 22430,
        "TILE_Y": 51340,
        "TILEXYZ": [
          17,
          22430,
          51340
        ],
        "OUTPUT_FILE": "/Users/maples/GitHub/mortalitree_testing/notebooks/single_tiles/postfire/17/22430/51340.geojson",
        "OUTPUT_STATUS_DIR": "postfire",
        "FEATURE_COUNT": 228
      },
      "geometry": {
        "type": "Polygon",
        "coordinates": [
          [
            [
              -118.39268617566796,
              36.28827293984554
            ],
            [
              -118.3926059424668,
              36.28826984172625
            ],
            [
              -118.39261031601414,
              36.28819560731776
            ],
            [
              -118.39269054913977,
              36.28819870542869
            ],
            [
              -118.39268617566796,
              36.28827293984554
            ]
          ]
        ]
      }
    },
    {
      "id": "545",
      "type": "Feature",
      "properties": {
        "id": null,
        "SOURCE_FILE": "/Users/maples/GitHub/mortalitree_testing/labels/ajones16_mortalitree_postfire_labels.geojson",
        "SUNETID": "ajones16",
        "FIRENAME": "CASTLE",
        "FIRE_SLUG": "CASTLE",
        "PREFIRE": 0,
        "PREFIRE_STATUS": "postfire",
        "TILE_Z": 17,
        "TILE_X": 22430,
        "TILE_Y": 51340,
        "TILEXYZ": [
          17,
          22430,
          51340
        ],
        "OUTPUT_FILE": "/Users/maples/GitHub/mortalitree_testing/notebooks/single_tiles/postfire/17/22430/51340.geojson",
        "OUTPUT_STATUS_DIR": "postfire",
        "FEATURE_COUNT": 228
      },
      "geometry": {
        "type": "Polygon",
        "coordinates": [
          [
            [
              -118.39259639401558,
              36.28823692158037
            ],
            [
              -118.39251042992235,
              36.28823360210308
            ],
            [
              -118.39251453020285,
              36.28816400735412
            ],
            [
              -118.39260049422022,
              36.28816732682303
            ],
            [
              -118.39259639401558,
              36.28823692158037
            ]
          ]
        ]
      }
    },
    {
      "id": "546",
      "type": "Feature",
      "properties": {
        "id": null,
        "SOURCE_FILE": "/Users/maples/GitHub/mortalitree_testing/labels/ajones16_mortalitree_postfire_labels.geojson",
        "SUNETID": "ajones16",
        "FIRENAME": "CASTLE",
        "FIRE_SLUG": "CASTLE",
        "PREFIRE": 0,
        "PREFIRE_STATUS": "postfire",
        "TILE_Z": 17,
        "TILE_X": 22430,
        "TILE_Y": 51340,
        "TILEXYZ": [
          17,
          22430,
          51340
        ],
        "OUTPUT_FILE": "/Users/maples/GitHub/mortalitree_testing/notebooks/single_tiles/postfire/17/22430/51340.geojson",
        "OUTPUT_STATUS_DIR": "postfire",
        "FEATURE_COUNT": 228
      },
      "geometry": {
        "type": "Polygon",
        "coordinates": [
          [
            [
              -118.39262614675567,
              36.288170642477034
            ],
            [
              -118.39254018273155,
              36.288167323026315
            ],
            [
              -118.39254482967384,
              36.28808844897323
            ],
            [
              -118.39263079361201,
              36.28809176841442
            ],
            [
              -118.39262614675567,
              36.288170642477034
            ]
          ]
        ]
      }
    },
    {
      "id": "547",
      "type": "Feature",
      "properties": {
        "id": null,
        "SOURCE_FILE": "/Users/maples/GitHub/mortalitree_testing/labels/ajones16_mortalitree_postfire_labels.geojson",
        "SUNETID": "ajones16",
        "FIRENAME": "CASTLE",
        "FIRE_SLUG": "CASTLE",
        "PREFIRE": 0,
        "PREFIRE_STATUS": "postfire",
        "TILE_Z": 17,
        "TILE_X": 22430,
        "TILE_Y": 51340,
        "TILEXYZ": [
          17,
          22430,
          51340
        ],
        "OUTPUT_FILE": "/Users/maples/GitHub/mortalitree_testing/notebooks/single_tiles/postfire/17/22430/51340.geojson",
        "OUTPUT_STATUS_DIR": "postfire",
        "FEATURE_COUNT": 228
      },
      "geometry": {
        "type": "Polygon",
        "coordinates": [
          [
            [
              -118.39263652454171,
              36.28809198970831
            ],
            [
              -118.39253336781647,
              36.28808800637643
            ],
            [
              -118.39253692135713,
              36.28802769092397
            ],
            [
              -118.39264007800352,
              36.28803167424714
            ],
            [
              -118.39263652454171,
              36.28809198970831
            ]
          ]
        ]
      }
    },
    {
      "id": "548",
      "type": "Feature",
      "properties": {
        "id": null,
        "SOURCE_FILE": "/Users/maples/GitHub/mortalitree_testing/labels/ajones16_mortalitree_postfire_labels.geojson",
        "SUNETID": "ajones16",
        "FIRENAME": "CASTLE",
        "FIRE_SLUG": "CASTLE",
        "PREFIRE": 0,
        "PREFIRE_STATUS": "postfire",
        "TILE_Z": 17,
        "TILE_X": 22430,
        "TILE_Y": 51340,
        "TILEXYZ": [
          17,
          22430,
          51340
        ],
        "OUTPUT_FILE": "/Users/maples/GitHub/mortalitree_testing/notebooks/single_tiles/postfire/17/22430/51340.geojson",
        "OUTPUT_STATUS_DIR": "postfire",
        "FEATURE_COUNT": 228
      },
      "geometry": {
        "type": "Polygon",
        "coordinates": [
          [
            [
              -118.39270638906095,
              36.28807608660854
            ],
            [
              -118.39262042513079,
              36.28807276722293
            ],
            [
              -118.39262479863294,
              36.28799853281048
            ],
            [
              -118.39271076248218,
              36.28800185218713
            ],
            [
              -118.39270638906095,
              36.28807608660854
            ]
          ]
        ]
      }
    },
    {
      "id": "550",
      "type": "Feature",
      "properties": {
        "id": null,
        "SOURCE_FILE": "/Users/maples/GitHub/mortalitree_testing/labels/ajones16_mortalitree_postfire_labels.geojson",
        "SUNETID": "ajones16",
        "FIRENAME": "CASTLE",
        "FIRE_SLUG": "CASTLE",
        "PREFIRE": 0,
        "PREFIRE_STATUS": "postfire",
        "TILE_Z": 17,
        "TILE_X": 22430,
        "TILE_Y": 51340,
        "TILEXYZ": [
          17,
          22430,
          51340
        ],
        "OUTPUT_FILE": "/Users/maples/GitHub/mortalitree_testing/notebooks/single_tiles/postfire/17/22430/51340.geojson",
        "OUTPUT_STATUS_DIR": "postfire",
        "FEATURE_COUNT": 228
      },
      "geometry": {
        "type": "Polygon",
        "coordinates": [
          [
            [
              -118.39270148274933,
              36.28801311938053
            ],
            [
              -118.39258686427182,
              36.28800869352124
            ],
            [
              -118.39259041776104,
              36.28794837806345
            ],
            [
              -118.39270503615091,
              36.28795280391303
            ],
            [
              -118.39270148274933,
              36.28801311938053
            ]
          ]
        ]
      }
    },
    {
      "id": "551",
      "type": "Feature",
      "properties": {
        "id": null,
        "SOURCE_FILE": "/Users/maples/GitHub/mortalitree_testing/labels/ajones16_mortalitree_postfire_labels.geojson",
        "SUNETID": "ajones16",
        "FIRENAME": "CASTLE",
        "FIRE_SLUG": "CASTLE",
        "PREFIRE": 0,
        "PREFIRE_STATUS": "postfire",
        "TILE_Z": 17,
        "TILE_X": 22430,
        "TILE_Y": 51340,
        "TILEXYZ": [
          17,
          22430,
          51340
        ],
        "OUTPUT_FILE": "/Users/maples/GitHub/mortalitree_testing/notebooks/single_tiles/postfire/17/22430/51340.geojson",
        "OUTPUT_STATUS_DIR": "postfire",
        "FEATURE_COUNT": 228
      },
      "geometry": {
        "type": "Polygon",
        "coordinates": [
          [
            [
              -118.39277870446352,
              36.288116080573694
            ],
            [
              -118.39268700954906,
              36.288112539945615
            ],
            [
              -118.3926905629747,
              36.288052224480346
            ],
            [
              -118.39278225781904,
              36.28805576510065
            ],
            [
              -118.39277870446352,
              36.288116080573694
            ]
          ]
        ]
      }
    },
    {
      "id": "552",
      "type": "Feature",
      "properties": {
        "id": null,
        "SOURCE_FILE": "/Users/maples/GitHub/mortalitree_testing/labels/ajones16_mortalitree_postfire_labels.geojson",
        "SUNETID": "ajones16",
        "FIRENAME": "CASTLE",
        "FIRE_SLUG": "CASTLE",
        "PREFIRE": 0,
        "PREFIRE_STATUS": "postfire",
        "TILE_Z": 17,
        "TILE_X": 22430,
        "TILE_Y": 51340,
        "TILEXYZ": [
          17,
          22430,
          51340
        ],
        "OUTPUT_FILE": "/Users/maples/GitHub/mortalitree_testing/notebooks/single_tiles/postfire/17/22430/51340.geojson",
        "OUTPUT_STATUS_DIR": "postfire",
        "FEATURE_COUNT": 228
      },
      "geometry": {
        "type": "Polygon",
        "coordinates": [
          [
            [
              -118.39276669136036,
              36.28817374428837
            ],
            [
              -118.39266353450856,
              36.288169761061084
            ],
            [
              -118.39266790798536,
              36.288095526645336
            ],
            [
              -118.39277106474006,
              36.28809950986186
            ],
            [
              -118.39276669136036,
              36.28817374428837
            ]
          ]
        ]
      }
    },
    {
      "id": "553",
      "type": "Feature",
      "properties": {
        "id": null,
        "SOURCE_FILE": "/Users/maples/GitHub/mortalitree_testing/labels/ajones16_mortalitree_postfire_labels.geojson",
        "SUNETID": "ajones16",
        "FIRENAME": "CASTLE",
        "FIRE_SLUG": "CASTLE",
        "PREFIRE": 0,
        "PREFIRE_STATUS": "postfire",
        "TILE_Z": 17,
        "TILE_X": 22430,
        "TILE_Y": 51340,
        "TILEXYZ": [
          17,
          22430,
          51340
        ],
        "OUTPUT_FILE": "/Users/maples/GitHub/mortalitree_testing/notebooks/single_tiles/postfire/17/22430/51340.geojson",
        "OUTPUT_STATUS_DIR": "postfire",
        "FEATURE_COUNT": 228
      },
      "geometry": {
        "type": "Polygon",
        "coordinates": [
          [
            [
              -118.39394512151222,
              36.28771934363911
            ],
            [
              -118.39387635055989,
              36.287716688870326
            ],
            [
              -118.39388126934635,
              36.28763317500332
            ],
            [
              -118.39395004022589,
              36.28763582976405
            ],
            [
              -118.39394512151222,
              36.28771934363911
            ]
          ]
        ]
      }
    },
    {
      "id": "554",
      "type": "Feature",
      "properties": {
        "id": null,
        "SOURCE_FILE": "/Users/maples/GitHub/mortalitree_testing/labels/ajones16_mortalitree_postfire_labels.geojson",
        "SUNETID": "ajones16",
        "FIRENAME": "CASTLE",
        "FIRE_SLUG": "CASTLE",
        "PREFIRE": 0,
        "PREFIRE_STATUS": "postfire",
        "TILE_Z": 17,
        "TILE_X": 22430,
        "TILE_Y": 51340,
        "TILEXYZ": [
          17,
          22430,
          51340
        ],
        "OUTPUT_FILE": "/Users/maples/GitHub/mortalitree_testing/notebooks/single_tiles/postfire/17/22430/51340.geojson",
        "OUTPUT_STATUS_DIR": "postfire",
        "FEATURE_COUNT": 228
      },
      "geometry": {
        "type": "Polygon",
        "coordinates": [
          [
            [
              -118.39395864036966,
              36.287587334564016
            ],
            [
              -118.39389560043465,
              36.28758490104218
            ],
            [
              -118.39389997265101,
              36.28751066649018
            ],
            [
              -118.39396301252668,
              36.28751310000544
            ],
            [
              -118.39395864036966,
              36.287587334564016
            ]
          ]
        ]
      }
    },
    {
      "id": "555",
      "type": "Feature",
      "properties": {
        "id": null,
        "SOURCE_FILE": "/Users/maples/GitHub/mortalitree_testing/labels/ajones16_mortalitree_postfire_labels.geojson",
        "SUNETID": "ajones16",
        "FIRENAME": "CASTLE",
        "FIRE_SLUG": "CASTLE",
        "PREFIRE": 0,
        "PREFIRE_STATUS": "postfire",
        "TILE_Z": 17,
        "TILE_X": 22430,
        "TILE_Y": 51340,
        "TILEXYZ": [
          17,
          22430,
          51340
        ],
        "OUTPUT_FILE": "/Users/maples/GitHub/mortalitree_testing/notebooks/single_tiles/postfire/17/22430/51340.geojson",
        "OUTPUT_STATUS_DIR": "postfire",
        "FEATURE_COUNT": 228
      },
      "geometry": {
        "type": "Polygon",
        "coordinates": [
          [
            [
              -118.3939803418505,
              36.28751144385566
            ],
            [
              -118.3939001092825,
              36.2875083466604
            ],
            [
              -118.39390694083772,
              36.28739235517007
            ],
            [
              -118.39398717328777,
              36.28739545235225
            ],
            [
              -118.3939803418505,
              36.28751144385566
            ]
          ]
        ]
      }
    },
    {
      "id": "556",
      "type": "Feature",
      "properties": {
        "id": null,
        "SOURCE_FILE": "/Users/maples/GitHub/mortalitree_testing/labels/ajones16_mortalitree_postfire_labels.geojson",
        "SUNETID": "ajones16",
        "FIRENAME": "CASTLE",
        "FIRE_SLUG": "CASTLE",
        "PREFIRE": 0,
        "PREFIRE_STATUS": "postfire",
        "TILE_Z": 17,
        "TILE_X": 22430,
        "TILE_Y": 51340,
        "TILEXYZ": [
          17,
          22430,
          51340
        ],
        "OUTPUT_FILE": "/Users/maples/GitHub/mortalitree_testing/notebooks/single_tiles/postfire/17/22430/51340.geojson",
        "OUTPUT_STATUS_DIR": "postfire",
        "FEATURE_COUNT": 228
      },
      "geometry": {
        "type": "Polygon",
        "coordinates": [
          [
            [
              -118.39359910861545,
              36.28740139747526
            ],
            [
              -118.39350168354508,
              36.2873976362875
            ],
            [
              -118.39350714924201,
              36.28730484314592
            ],
            [
              -118.3936045741978,
              36.28730860432099
            ],
            [
              -118.39359910861545,
              36.28740139747526
            ]
          ]
        ]
      }
    },
    {
      "id": "557",
      "type": "Feature",
      "properties": {
        "id": null,
        "SOURCE_FILE": "/Users/maples/GitHub/mortalitree_testing/labels/ajones16_mortalitree_postfire_labels.geojson",
        "SUNETID": "ajones16",
        "FIRENAME": "CASTLE",
        "FIRE_SLUG": "CASTLE",
        "PREFIRE": 0,
        "PREFIRE_STATUS": "postfire",
        "TILE_Z": 17,
        "TILE_X": 22430,
        "TILE_Y": 51340,
        "TILEXYZ": [
          17,
          22430,
          51340
        ],
        "OUTPUT_FILE": "/Users/maples/GitHub/mortalitree_testing/notebooks/single_tiles/postfire/17/22430/51340.geojson",
        "OUTPUT_STATUS_DIR": "postfire",
        "FEATURE_COUNT": 228
      },
      "geometry": {
        "type": "Polygon",
        "coordinates": [
          [
            [
              -118.39380324603839,
              36.287299998244215
            ],
            [
              -118.39374020634833,
              36.28729756465696
            ],
            [
              -118.39374403212712,
              36.28723260943515
            ],
            [
              -118.3938070717653,
              36.287235043016665
            ],
            [
              -118.39380324603839,
              36.287299998244215
            ]
          ]
        ]
      }
    },
    {
      "id": "558",
      "type": "Feature",
      "properties": {
        "id": null,
        "SOURCE_FILE": "/Users/maples/GitHub/mortalitree_testing/labels/ajones16_mortalitree_postfire_labels.geojson",
        "SUNETID": "ajones16",
        "FIRENAME": "CASTLE",
        "FIRE_SLUG": "CASTLE",
        "PREFIRE": 0,
        "PREFIRE_STATUS": "postfire",
        "TILE_Z": 17,
        "TILE_X": 22430,
        "TILE_Y": 51340,
        "TILEXYZ": [
          17,
          22430,
          51340
        ],
        "OUTPUT_FILE": "/Users/maples/GitHub/mortalitree_testing/notebooks/single_tiles/postfire/17/22430/51340.geojson",
        "OUTPUT_STATUS_DIR": "postfire",
        "FEATURE_COUNT": 228
      },
      "geometry": {
        "type": "Polygon",
        "coordinates": [
          [
            [
              -118.39376654572878,
              36.287240453866055
            ],
            [
              -118.39369204433815,
              36.287237577786
            ],
            [
              -118.39369559687673,
              36.2871772622264
            ],
            [
              -118.3937700982104,
              36.28718013830014
            ],
            [
              -118.39376654572878,
              36.287240453866055
            ]
          ]
        ]
      }
    },
    {
      "id": "559",
      "type": "Feature",
      "properties": {
        "id": null,
        "SOURCE_FILE": "/Users/maples/GitHub/mortalitree_testing/labels/ajones16_mortalitree_postfire_labels.geojson",
        "SUNETID": "ajones16",
        "FIRENAME": "CASTLE",
        "FIRE_SLUG": "CASTLE",
        "PREFIRE": 0,
        "PREFIRE_STATUS": "postfire",
        "TILE_Z": 17,
        "TILE_X": 22430,
        "TILE_Y": 51340,
        "TILEXYZ": [
          17,
          22430,
          51340
        ],
        "OUTPUT_FILE": "/Users/maples/GitHub/mortalitree_testing/notebooks/single_tiles/postfire/17/22430/51340.geojson",
        "OUTPUT_STATUS_DIR": "postfire",
        "FEATURE_COUNT": 228
      },
      "geometry": {
        "type": "Polygon",
        "coordinates": [
          [
            [
              -118.39391472876305,
              36.28726012486698
            ],
            [
              -118.3937771876792,
              36.28725481531262
            ],
            [
              -118.39378128668821,
              36.287185220427936
            ],
            [
              -118.39391882765074,
              36.28719052996887
            ],
            [
              -118.39391472876305,
              36.28726012486698
            ]
          ]
        ]
      }
    },
    {
      "id": "560",
      "type": "Feature",
      "properties": {
        "id": null,
        "SOURCE_FILE": "/Users/maples/GitHub/mortalitree_testing/labels/ajones16_mortalitree_postfire_labels.geojson",
        "SUNETID": "ajones16",
        "FIRENAME": "CASTLE",
        "FIRE_SLUG": "CASTLE",
        "PREFIRE": 0,
        "PREFIRE_STATUS": "postfire",
        "TILE_Z": 17,
        "TILE_X": 22430,
        "TILE_Y": 51340,
        "TILEXYZ": [
          17,
          22430,
          51340
        ],
        "OUTPUT_FILE": "/Users/maples/GitHub/mortalitree_testing/notebooks/single_tiles/postfire/17/22430/51340.geojson",
        "OUTPUT_STATUS_DIR": "postfire",
        "FEATURE_COUNT": 228
      },
      "geometry": {
        "type": "Polygon",
        "coordinates": [
          [
            [
              -118.39331652713642,
              36.28732305992311
            ],
            [
              -118.39323056395826,
              36.28731974103512
            ],
            [
              -118.39323575666114,
              36.28723158758322
            ],
            [
              -118.39332171974323,
              36.28723490646058
            ],
            [
              -118.39331652713642,
              36.28732305992311
            ]
          ]
        ]
      }
    },
    {
      "id": "561",
      "type": "Feature",
      "properties": {
        "id": null,
        "SOURCE_FILE": "/Users/maples/GitHub/mortalitree_testing/labels/ajones16_mortalitree_postfire_labels.geojson",
        "SUNETID": "ajones16",
        "FIRENAME": "CASTLE",
        "FIRE_SLUG": "CASTLE",
        "PREFIRE": 0,
        "PREFIRE_STATUS": "postfire",
        "TILE_Z": 17,
        "TILE_X": 22430,
        "TILE_Y": 51340,
        "TILEXYZ": [
          17,
          22430,
          51340
        ],
        "OUTPUT_FILE": "/Users/maples/GitHub/mortalitree_testing/notebooks/single_tiles/postfire/17/22430/51340.geojson",
        "OUTPUT_STATUS_DIR": "postfire",
        "FEATURE_COUNT": 228
      },
      "geometry": {
        "type": "Polygon",
        "coordinates": [
          [
            [
              -118.3932373796043,
              36.287399057697854
            ],
            [
              -118.3931514163524,
              36.28739573874701
            ],
            [
              -118.3931577023782,
              36.28728902668669
            ],
            [
              -118.39324366551382,
              36.287292345624664
            ],
            [
              -118.3932373796043,
              36.287399057697854
            ]
          ]
        ]
      }
    },
    {
      "id": "562",
      "type": "Feature",
      "properties": {
        "id": null,
        "SOURCE_FILE": "/Users/maples/GitHub/mortalitree_testing/labels/ajones16_mortalitree_postfire_labels.geojson",
        "SUNETID": "ajones16",
        "FIRENAME": "CASTLE",
        "FIRE_SLUG": "CASTLE",
        "PREFIRE": 0,
        "PREFIRE_STATUS": "postfire",
        "TILE_Z": 17,
        "TILE_X": 22430,
        "TILE_Y": 51340,
        "TILEXYZ": [
          17,
          22430,
          51340
        ],
        "OUTPUT_FILE": "/Users/maples/GitHub/mortalitree_testing/notebooks/single_tiles/postfire/17/22430/51340.geojson",
        "OUTPUT_STATUS_DIR": "postfire",
        "FEATURE_COUNT": 228
      },
      "geometry": {
        "type": "Polygon",
        "coordinates": [
          [
            [
              -118.39316179342588,
              36.28731708588041
            ],
            [
              -118.39308729202594,
              36.28731420941837
            ],
            [
              -118.39309084503986,
              36.287253893911014
            ],
            [
              -118.39316534638284,
              36.287256770366746
            ],
            [
              -118.39316179342588,
              36.28731708588041
            ]
          ]
        ]
      }
    },
    {
      "id": "563",
      "type": "Feature",
      "properties": {
        "id": null,
        "SOURCE_FILE": "/Users/maples/GitHub/mortalitree_testing/labels/ajones16_mortalitree_postfire_labels.geojson",
        "SUNETID": "ajones16",
        "FIRENAME": "CASTLE",
        "FIRE_SLUG": "CASTLE",
        "PREFIRE": 0,
        "PREFIRE_STATUS": "postfire",
        "TILE_Z": 17,
        "TILE_X": 22430,
        "TILE_Y": 51340,
        "TILEXYZ": [
          17,
          22430,
          51340
        ],
        "OUTPUT_FILE": "/Users/maples/GitHub/mortalitree_testing/notebooks/single_tiles/postfire/17/22430/51340.geojson",
        "OUTPUT_STATUS_DIR": "postfire",
        "FEATURE_COUNT": 228
      },
      "geometry": {
        "type": "Polygon",
        "coordinates": [
          [
            [
              -118.39321542108573,
              36.28728427983599
            ],
            [
              -118.39312945796236,
              36.287280960878356
            ],
            [
              -118.39313437746641,
              36.28719744709324
            ],
            [
              -118.39322034049879,
              36.2872007660408
            ],
            [
              -118.39321542108573,
              36.28728427983599
            ]
          ]
        ]
      }
    },
    {
      "id": "564",
      "type": "Feature",
      "properties": {
        "id": null,
        "SOURCE_FILE": "/Users/maples/GitHub/mortalitree_testing/labels/ajones16_mortalitree_postfire_labels.geojson",
        "SUNETID": "ajones16",
        "FIRENAME": "CASTLE",
        "FIRE_SLUG": "CASTLE",
        "PREFIRE": 0,
        "PREFIRE_STATUS": "postfire",
        "TILE_Z": 17,
        "TILE_X": 22430,
        "TILE_Y": 51340,
        "TILEXYZ": [
          17,
          22430,
          51340
        ],
        "OUTPUT_FILE": "/Users/maples/GitHub/mortalitree_testing/notebooks/single_tiles/postfire/17/22430/51340.geojson",
        "OUTPUT_STATUS_DIR": "postfire",
        "FEATURE_COUNT": 228
      },
      "geometry": {
        "type": "Polygon",
        "coordinates": [
          [
            [
              -118.39380530324077,
              36.28716754672565
            ],
            [
              -118.39373080191537,
              36.287164670674706
            ],
            [
              -118.39373435441468,
              36.28710435511109
            ],
            [
              -118.3938088556831,
              36.28710723115573
            ],
            [
              -118.39380530324077,
              36.28716754672565
            ]
          ]
        ]
      }
    },
    {
      "id": "565",
      "type": "Feature",
      "properties": {
        "id": null,
        "SOURCE_FILE": "/Users/maples/GitHub/mortalitree_testing/labels/ajones16_mortalitree_postfire_labels.geojson",
        "SUNETID": "ajones16",
        "FIRENAME": "CASTLE",
        "FIRE_SLUG": "CASTLE",
        "PREFIRE": 0,
        "PREFIRE_STATUS": "postfire",
        "TILE_Z": 17,
        "TILE_X": 22430,
        "TILE_Y": 51340,
        "TILEXYZ": [
          17,
          22430,
          51340
        ],
        "OUTPUT_FILE": "/Users/maples/GitHub/mortalitree_testing/notebooks/single_tiles/postfire/17/22430/51340.geojson",
        "OUTPUT_STATUS_DIR": "postfire",
        "FEATURE_COUNT": 228
      },
      "geometry": {
        "type": "Polygon",
        "coordinates": [
          [
            [
              -118.39413672659263,
              36.28734309774577
            ],
            [
              -118.3940564941793,
              36.28734000066776
            ],
            [
              -118.39406086620413,
              36.28726576609587
            ],
            [
              -118.39414109854198,
              36.287268863165515
            ],
            [
              -118.39413672659263,
              36.28734309774577
            ]
          ]
        ]
      }
    },
    {
      "id": "566",
      "type": "Feature",
      "properties": {
        "id": null,
        "SOURCE_FILE": "/Users/maples/GitHub/mortalitree_testing/labels/ajones16_mortalitree_postfire_labels.geojson",
        "SUNETID": "ajones16",
        "FIRENAME": "CASTLE",
        "FIRE_SLUG": "CASTLE",
        "PREFIRE": 0,
        "PREFIRE_STATUS": "postfire",
        "TILE_Z": 17,
        "TILE_X": 22430,
        "TILE_Y": 51340,
        "TILEXYZ": [
          17,
          22430,
          51340
        ],
        "OUTPUT_FILE": "/Users/maples/GitHub/mortalitree_testing/notebooks/single_tiles/postfire/17/22430/51340.geojson",
        "OUTPUT_STATUS_DIR": "postfire",
        "FEATURE_COUNT": 228
      },
      "geometry": {
        "type": "Polygon",
        "coordinates": [
          [
            [
              -118.39403834884897,
              36.28730674876575
            ],
            [
              -118.39396957824962,
              36.28730409407645
            ],
            [
              -118.39397395035105,
              36.287229859513225
            ],
            [
              -118.39404272088566,
              36.287232514195374
            ],
            [
              -118.39403834884897,
              36.28730674876575
            ]
          ]
        ]
      }
    },
    {
      "id": "567",
      "type": "Feature",
      "properties": {
        "id": null,
        "SOURCE_FILE": "/Users/maples/GitHub/mortalitree_testing/labels/ajones16_mortalitree_postfire_labels.geojson",
        "SUNETID": "ajones16",
        "FIRENAME": "CASTLE",
        "FIRE_SLUG": "CASTLE",
        "PREFIRE": 0,
        "PREFIRE_STATUS": "postfire",
        "TILE_Z": 17,
        "TILE_X": 22430,
        "TILE_Y": 51340,
        "TILEXYZ": [
          17,
          22430,
          51340
        ],
        "OUTPUT_FILE": "/Users/maples/GitHub/mortalitree_testing/notebooks/single_tiles/postfire/17/22430/51340.geojson",
        "OUTPUT_STATUS_DIR": "postfire",
        "FEATURE_COUNT": 228
      },
      "geometry": {
        "type": "Polygon",
        "coordinates": [
          [
            [
              -118.3940601867715,
              36.28722853819894
            ],
            [
              -118.39406428552526,
              36.28715894328617
            ],
            [
              -118.3941650390625,
              36.2871628324781
            ],
            [
              -118.3941650390625,
              36.287232585613715
            ],
            [
              -118.3940601867715,
              36.28722853819894
            ]
          ]
        ]
      }
    },
    {
      "id": "568",
      "type": "Feature",
      "properties": {
        "id": null,
        "SOURCE_FILE": "/Users/maples/GitHub/mortalitree_testing/labels/ajones16_mortalitree_postfire_labels.geojson",
        "SUNETID": "ajones16",
        "FIRENAME": "CASTLE",
        "FIRE_SLUG": "CASTLE",
        "PREFIRE": 0,
        "PREFIRE_STATUS": "postfire",
        "TILE_Z": 17,
        "TILE_X": 22430,
        "TILE_Y": 51340,
        "TILEXYZ": [
          17,
          22430,
          51340
        ],
        "OUTPUT_FILE": "/Users/maples/GitHub/mortalitree_testing/notebooks/single_tiles/postfire/17/22430/51340.geojson",
        "OUTPUT_STATUS_DIR": "postfire",
        "FEATURE_COUNT": 228
      },
      "geometry": {
        "type": "Polygon",
        "coordinates": [
          [
            [
              -118.39374363776547,
              36.28704426078191
            ],
            [
              -118.39366913656372,
              36.28704138470092
            ],
            [
              -118.3936743287205,
              36.2869532311904
            ],
            [
              -118.39374882983898,
              36.286956107262185
            ],
            [
              -118.39374363776547,
              36.28704426078191
            ]
          ]
        ]
      }
    },
    {
      "id": "569",
      "type": "Feature",
      "properties": {
        "id": null,
        "SOURCE_FILE": "/Users/maples/GitHub/mortalitree_testing/labels/ajones16_mortalitree_postfire_labels.geojson",
        "SUNETID": "ajones16",
        "FIRENAME": "CASTLE",
        "FIRE_SLUG": "CASTLE",
        "PREFIRE": 0,
        "PREFIRE_STATUS": "postfire",
        "TILE_Z": 17,
        "TILE_X": 22430,
        "TILE_Y": 51340,
        "TILEXYZ": [
          17,
          22430,
          51340
        ],
        "OUTPUT_FILE": "/Users/maples/GitHub/mortalitree_testing/notebooks/single_tiles/postfire/17/22430/51340.geojson",
        "OUTPUT_STATUS_DIR": "postfire",
        "FEATURE_COUNT": 228
      },
      "geometry": {
        "type": "Polygon",
        "coordinates": [
          [
            [
              -118.39403864062018,
              36.28705797386356
            ],
            [
              -118.39398133196867,
              36.28705576163833
            ],
            [
              -118.39398570401931,
              36.28698152707079
            ],
            [
              -118.3940430126169,
              36.286983739290044
            ],
            [
              -118.39403864062018,
              36.28705797386356
            ]
          ]
        ]
      }
    },
    {
      "id": "570",
      "type": "Feature",
      "properties": {
        "id": null,
        "SOURCE_FILE": "/Users/maples/GitHub/mortalitree_testing/labels/ajones16_mortalitree_postfire_labels.geojson",
        "SUNETID": "ajones16",
        "FIRENAME": "CASTLE",
        "FIRE_SLUG": "CASTLE",
        "PREFIRE": 0,
        "PREFIRE_STATUS": "postfire",
        "TILE_Z": 17,
        "TILE_X": 22430,
        "TILE_Y": 51340,
        "TILEXYZ": [
          17,
          22430,
          51340
        ],
        "OUTPUT_FILE": "/Users/maples/GitHub/mortalitree_testing/notebooks/single_tiles/postfire/17/22430/51340.geojson",
        "OUTPUT_STATUS_DIR": "postfire",
        "FEATURE_COUNT": 228
      },
      "geometry": {
        "type": "Polygon",
        "coordinates": [
          [
            [
              -118.3934547718194,
              36.287072635763366
            ],
            [
              -118.39338027062105,
              36.28706975950046
            ],
            [
              -118.39338436995483,
              36.28700016465258
            ],
            [
              -118.39345887108743,
              36.2870030409082
            ],
            [
              -118.3934547718194,
              36.287072635763366
            ]
          ]
        ]
      }
    },
    {
      "id": "571",
      "type": "Feature",
      "properties": {
        "id": null,
        "SOURCE_FILE": "/Users/maples/GitHub/mortalitree_testing/labels/ajones16_mortalitree_postfire_labels.geojson",
        "SUNETID": "ajones16",
        "FIRENAME": "CASTLE",
        "FIRE_SLUG": "CASTLE",
        "PREFIRE": 0,
        "PREFIRE_STATUS": "postfire",
        "TILE_Z": 17,
        "TILE_X": 22430,
        "TILE_Y": 51340,
        "TILEXYZ": [
          17,
          22430,
          51340
        ],
        "OUTPUT_FILE": "/Users/maples/GitHub/mortalitree_testing/notebooks/single_tiles/postfire/17/22430/51340.geojson",
        "OUTPUT_STATUS_DIR": "postfire",
        "FEATURE_COUNT": 228
      },
      "geometry": {
        "type": "Polygon",
        "coordinates": [
          [
            [
              -118.39347210914183,
              36.28697332563355
            ],
            [
              -118.39339187718221,
              36.286970228136624
            ],
            [
              -118.39339706963734,
              36.28688207465953
            ],
            [
              -118.39347730150729,
              36.28688517214652
            ],
            [
              -118.39347210914183,
              36.28697332563355
            ]
          ]
        ]
      }
    },
    {
      "id": "572",
      "type": "Feature",
      "properties": {
        "id": null,
        "SOURCE_FILE": "/Users/maples/GitHub/mortalitree_testing/labels/ajones16_mortalitree_postfire_labels.geojson",
        "SUNETID": "ajones16",
        "FIRENAME": "CASTLE",
        "FIRE_SLUG": "CASTLE",
        "PREFIRE": 0,
        "PREFIRE_STATUS": "postfire",
        "TILE_Z": 17,
        "TILE_X": 22430,
        "TILE_Y": 51340,
        "TILEXYZ": [
          17,
          22430,
          51340
        ],
        "OUTPUT_FILE": "/Users/maples/GitHub/mortalitree_testing/notebooks/single_tiles/postfire/17/22430/51340.geojson",
        "OUTPUT_STATUS_DIR": "postfire",
        "FEATURE_COUNT": 228
      },
      "geometry": {
        "type": "Polygon",
        "coordinates": [
          [
            [
              -118.3931611356807,
              36.287035722963275
            ],
            [
              -118.3930579802694,
              36.28703174018325
            ],
            [
              -118.39306399303219,
              36.28692966778502
            ],
            [
              -118.39316714831,
              36.28693365055026
            ],
            [
              -118.3931611356807,
              36.287035722963275
            ]
          ]
        ]
      }
    },
    {
      "id": "573",
      "type": "Feature",
      "properties": {
        "id": null,
        "SOURCE_FILE": "/Users/maples/GitHub/mortalitree_testing/labels/ajones16_mortalitree_postfire_labels.geojson",
        "SUNETID": "ajones16",
        "FIRENAME": "CASTLE",
        "FIRE_SLUG": "CASTLE",
        "PREFIRE": 0,
        "PREFIRE_STATUS": "postfire",
        "TILE_Z": 17,
        "TILE_X": 22430,
        "TILE_Y": 51340,
        "TILEXYZ": [
          17,
          22430,
          51340
        ],
        "OUTPUT_FILE": "/Users/maples/GitHub/mortalitree_testing/notebooks/single_tiles/postfire/17/22430/51340.geojson",
        "OUTPUT_STATUS_DIR": "postfire",
        "FEATURE_COUNT": 228
      },
      "geometry": {
        "type": "Polygon",
        "coordinates": [
          [
            [
              -118.39395187285373,
              36.28687326631379
            ],
            [
              -118.39388310264314,
              36.28687061160191
            ],
            [
              -118.39388692824384,
              36.28680565636237
            ],
            [
              -118.39395569839783,
              36.28680831106798
            ],
            [
              -118.39395187285373,
              36.28687326631379
            ]
          ]
        ]
      }
    },
    {
      "id": "574",
      "type": "Feature",
      "properties": {
        "id": null,
        "SOURCE_FILE": "/Users/maples/GitHub/mortalitree_testing/labels/ajones16_mortalitree_postfire_labels.geojson",
        "SUNETID": "ajones16",
        "FIRENAME": "CASTLE",
        "FIRE_SLUG": "CASTLE",
        "PREFIRE": 0,
        "PREFIRE_STATUS": "postfire",
        "TILE_Z": 17,
        "TILE_X": 22430,
        "TILE_Y": 51340,
        "TILEXYZ": [
          17,
          22430,
          51340
        ],
        "OUTPUT_FILE": "/Users/maples/GitHub/mortalitree_testing/notebooks/single_tiles/postfire/17/22430/51340.geojson",
        "OUTPUT_STATUS_DIR": "postfire",
        "FEATURE_COUNT": 228
      },
      "geometry": {
        "type": "Polygon",
        "coordinates": [
          [
            [
              -118.39368020402857,
              36.28685347853142
            ],
            [
              -118.39358277962815,
              36.286849717458374
            ],
            [
              -118.39358824511967,
              36.2867569242977
            ],
            [
              -118.39368566940551,
              36.28676068535806
            ],
            [
              -118.39368020402857,
              36.28685347853142
            ]
          ]
        ]
      }
    },
    {
      "id": "575",
      "type": "Feature",
      "properties": {
        "id": null,
        "SOURCE_FILE": "/Users/maples/GitHub/mortalitree_testing/labels/ajones16_mortalitree_postfire_labels.geojson",
        "SUNETID": "ajones16",
        "FIRENAME": "CASTLE",
        "FIRE_SLUG": "CASTLE",
        "PREFIRE": 0,
        "PREFIRE_STATUS": "postfire",
        "TILE_Z": 17,
        "TILE_X": 22430,
        "TILE_Y": 51340,
        "TILEXYZ": [
          17,
          22430,
          51340
        ],
        "OUTPUT_FILE": "/Users/maples/GitHub/mortalitree_testing/notebooks/single_tiles/postfire/17/22430/51340.geojson",
        "OUTPUT_STATUS_DIR": "postfire",
        "FEATURE_COUNT": 228
      },
      "geometry": {
        "type": "Polygon",
        "coordinates": [
          [
            [
              -118.39386495747691,
              36.28683735968479
            ],
            [
              -118.39375607137752,
              36.2868331562972
            ],
            [
              -118.39376153666059,
              36.28674036311358
            ],
            [
              -118.39387042263188,
              36.28674456648699
            ],
            [
              -118.39386495747691,
              36.28683735968479
            ]
          ]
        ]
      }
    },
    {
      "id": "576",
      "type": "Feature",
      "properties": {
        "id": null,
        "SOURCE_FILE": "/Users/maples/GitHub/mortalitree_testing/labels/ajones16_mortalitree_postfire_labels.geojson",
        "SUNETID": "ajones16",
        "FIRENAME": "CASTLE",
        "FIRE_SLUG": "CASTLE",
        "PREFIRE": 0,
        "PREFIRE_STATUS": "postfire",
        "TILE_Z": 17,
        "TILE_X": 22430,
        "TILE_Y": 51340,
        "TILEXYZ": [
          17,
          22430,
          51340
        ],
        "OUTPUT_FILE": "/Users/maples/GitHub/mortalitree_testing/notebooks/single_tiles/postfire/17/22430/51340.geojson",
        "OUTPUT_STATUS_DIR": "postfire",
        "FEATURE_COUNT": 228
      },
      "geometry": {
        "type": "Polygon",
        "coordinates": [
          [
            [
              -118.39396811647278,
              36.286792514703194
            ],
            [
              -118.39389934633148,
              36.28678986000572
            ],
            [
              -118.39390289865241,
              36.286729544424
            ],
            [
              -118.39397166874116,
              36.28673219911566
            ],
            [
              -118.39396811647278,
              36.286792514703194
            ]
          ]
        ]
      }
    },
    {
      "id": "577",
      "type": "Feature",
      "properties": {
        "id": null,
        "SOURCE_FILE": "/Users/maples/GitHub/mortalitree_testing/labels/ajones16_mortalitree_postfire_labels.geojson",
        "SUNETID": "ajones16",
        "FIRENAME": "CASTLE",
        "FIRE_SLUG": "CASTLE",
        "PREFIRE": 0,
        "PREFIRE_STATUS": "postfire",
        "TILE_Z": 17,
        "TILE_X": 22430,
        "TILE_Y": 51340,
        "TILEXYZ": [
          17,
          22430,
          51340
        ],
        "OUTPUT_FILE": "/Users/maples/GitHub/mortalitree_testing/notebooks/single_tiles/postfire/17/22430/51340.geojson",
        "OUTPUT_STATUS_DIR": "postfire",
        "FEATURE_COUNT": 228
      },
      "geometry": {
        "type": "Polygon",
        "coordinates": [
          [
            [
              -118.3940096060204,
              36.286673210855334
            ],
            [
              -118.39393510514344,
              36.28667033496523
            ],
            [
              -118.39393893067309,
              36.28660537971876
            ],
            [
              -118.39401343148869,
              36.286608255602076
            ],
            [
              -118.3940096060204,
              36.286673210855334
            ]
          ]
        ]
      }
    },
    {
      "id": "578",
      "type": "Feature",
      "properties": {
        "id": null,
        "SOURCE_FILE": "/Users/maples/GitHub/mortalitree_testing/labels/ajones16_mortalitree_postfire_labels.geojson",
        "SUNETID": "ajones16",
        "FIRENAME": "CASTLE",
        "FIRE_SLUG": "CASTLE",
        "PREFIRE": 0,
        "PREFIRE_STATUS": "postfire",
        "TILE_Z": 17,
        "TILE_X": 22430,
        "TILE_Y": 51340,
        "TILEXYZ": [
          17,
          22430,
          51340
        ],
        "OUTPUT_FILE": "/Users/maples/GitHub/mortalitree_testing/notebooks/single_tiles/postfire/17/22430/51340.geojson",
        "OUTPUT_STATUS_DIR": "postfire",
        "FEATURE_COUNT": 228
      },
      "geometry": {
        "type": "Polygon",
        "coordinates": [
          [
            [
              -118.39405585526471,
              36.28676567522237
            ],
            [
              -118.39396416176501,
              36.286762135686494
            ],
            [
              -118.3939720860395,
              36.28662758552847
            ],
            [
              -118.39406377938279,
              36.28663112504702
            ],
            [
              -118.39405585526471,
              36.28676567522237
            ]
          ]
        ]
      }
    },
    {
      "id": "579",
      "type": "Feature",
      "properties": {
        "id": null,
        "SOURCE_FILE": "/Users/maples/GitHub/mortalitree_testing/labels/ajones16_mortalitree_postfire_labels.geojson",
        "SUNETID": "ajones16",
        "FIRENAME": "CASTLE",
        "FIRE_SLUG": "CASTLE",
        "PREFIRE": 0,
        "PREFIRE_STATUS": "postfire",
        "TILE_Z": 17,
        "TILE_X": 22430,
        "TILE_Y": 51340,
        "TILEXYZ": [
          17,
          22430,
          51340
        ],
        "OUTPUT_FILE": "/Users/maples/GitHub/mortalitree_testing/notebooks/single_tiles/postfire/17/22430/51340.geojson",
        "OUTPUT_STATUS_DIR": "postfire",
        "FEATURE_COUNT": 228
      },
      "geometry": {
        "type": "Polygon",
        "coordinates": [
          [
            [
              -118.3939029136572,
              36.28653423624288
            ],
            [
              -118.39376537384949,
              36.2865289267659
            ],
            [
              -118.3937694727603,
              36.28645933187393
            ],
            [
              -118.3939070124467,
              36.286464641337474
            ],
            [
              -118.3939029136572,
              36.28653423624288
            ]
          ]
        ]
      }
    },
    {
      "id": "580",
      "type": "Feature",
      "properties": {
        "id": null,
        "SOURCE_FILE": "/Users/maples/GitHub/mortalitree_testing/labels/ajones16_mortalitree_postfire_labels.geojson",
        "SUNETID": "ajones16",
        "FIRENAME": "CASTLE",
        "FIRE_SLUG": "CASTLE",
        "PREFIRE": 0,
        "PREFIRE_STATUS": "postfire",
        "TILE_Z": 17,
        "TILE_X": 22430,
        "TILE_Y": 51340,
        "TILEXYZ": [
          17,
          22430,
          51340
        ],
        "OUTPUT_FILE": "/Users/maples/GitHub/mortalitree_testing/notebooks/single_tiles/postfire/17/22430/51340.geojson",
        "OUTPUT_STATUS_DIR": "postfire",
        "FEATURE_COUNT": 228
      },
      "geometry": {
        "type": "Polygon",
        "coordinates": [
          [
            [
              -118.39384478184654,
              36.28659477000278
            ],
            [
              -118.39375308857412,
              36.286591230319324
            ],
            [
              -118.39375664098185,
              36.28653091474804
            ],
            [
              -118.39384833418417,
              36.28653445442373
            ],
            [
              -118.39384478184654,
              36.28659477000278
            ]
          ]
        ]
      }
    },
    {
      "id": "581",
      "type": "Feature",
      "properties": {
        "id": null,
        "SOURCE_FILE": "/Users/maples/GitHub/mortalitree_testing/labels/ajones16_mortalitree_postfire_labels.geojson",
        "SUNETID": "ajones16",
        "FIRENAME": "CASTLE",
        "FIRE_SLUG": "CASTLE",
        "PREFIRE": 0,
        "PREFIRE_STATUS": "postfire",
        "TILE_Z": 17,
        "TILE_X": 22430,
        "TILE_Y": 51340,
        "TILEXYZ": [
          17,
          22430,
          51340
        ],
        "OUTPUT_FILE": "/Users/maples/GitHub/mortalitree_testing/notebooks/single_tiles/postfire/17/22430/51340.geojson",
        "OUTPUT_STATUS_DIR": "postfire",
        "FEATURE_COUNT": 228
      },
      "geometry": {
        "type": "Polygon",
        "coordinates": [
          [
            [
              -118.39329626631088,
              36.28649686589513
            ],
            [
              -118.39321030404139,
              36.28649354705729
            ],
            [
              -118.39321495002517,
              36.28641467290758
            ],
            [
              -118.39330091220874,
              36.2864179917359
            ],
            [
              -118.39329626631088,
              36.28649686589513
            ]
          ]
        ]
      }
    },
    {
      "id": "582",
      "type": "Feature",
      "properties": {
        "id": null,
        "SOURCE_FILE": "/Users/maples/GitHub/mortalitree_testing/labels/ajones16_mortalitree_postfire_labels.geojson",
        "SUNETID": "ajones16",
        "FIRENAME": "CASTLE",
        "FIRE_SLUG": "CASTLE",
        "PREFIRE": 0,
        "PREFIRE_STATUS": "postfire",
        "TILE_Z": 17,
        "TILE_X": 22430,
        "TILE_Y": 51340,
        "TILEXYZ": [
          17,
          22430,
          51340
        ],
        "OUTPUT_FILE": "/Users/maples/GitHub/mortalitree_testing/notebooks/single_tiles/postfire/17/22430/51340.geojson",
        "OUTPUT_STATUS_DIR": "postfire",
        "FEATURE_COUNT": 228
      },
      "geometry": {
        "type": "Polygon",
        "coordinates": [
          [
            [
              -118.3932671939971,
              36.286600373141546
            ],
            [
              -118.39318696244246,
              36.28659727553441
            ],
            [
              -118.39319160846735,
              36.286518401388655
            ],
            [
              -118.39327183994176,
              36.28652149898691
            ],
            [
              -118.3932671939971,
              36.286600373141546
            ]
          ]
        ]
      }
    },
    {
      "id": "583",
      "type": "Feature",
      "properties": {
        "id": null,
        "SOURCE_FILE": "/Users/maples/GitHub/mortalitree_testing/labels/ajones16_mortalitree_postfire_labels.geojson",
        "SUNETID": "ajones16",
        "FIRENAME": "CASTLE",
        "FIRE_SLUG": "CASTLE",
        "PREFIRE": 0,
        "PREFIRE_STATUS": "postfire",
        "TILE_Z": 17,
        "TILE_X": 22430,
        "TILE_Y": 51340,
        "TILEXYZ": [
          17,
          22430,
          51340
        ],
        "OUTPUT_FILE": "/Users/maples/GitHub/mortalitree_testing/notebooks/single_tiles/postfire/17/22430/51340.geojson",
        "OUTPUT_STATUS_DIR": "postfire",
        "FEATURE_COUNT": 228
      },
      "geometry": {
        "type": "Polygon",
        "coordinates": [
          [
            [
              -118.39312597734995,
              36.28651121723759
            ],
            [
              -118.39304001508536,
              36.286507898276206
            ],
            [
              -118.39304575445387,
              36.28641046552645
            ],
            [
              -118.39313171661233,
              36.28641378447608
            ],
            [
              -118.39312597734995,
              36.28651121723759
            ]
          ]
        ]
      }
    },
    {
      "id": "584",
      "type": "Feature",
      "properties": {
        "id": null,
        "SOURCE_FILE": "/Users/maples/GitHub/mortalitree_testing/labels/ajones16_mortalitree_postfire_labels.geojson",
        "SUNETID": "ajones16",
        "FIRENAME": "CASTLE",
        "FIRE_SLUG": "CASTLE",
        "PREFIRE": 0,
        "PREFIRE_STATUS": "postfire",
        "TILE_Z": 17,
        "TILE_X": 22430,
        "TILE_Y": 51340,
        "TILEXYZ": [
          17,
          22430,
          51340
        ],
        "OUTPUT_FILE": "/Users/maples/GitHub/mortalitree_testing/notebooks/single_tiles/postfire/17/22430/51340.geojson",
        "OUTPUT_STATUS_DIR": "postfire",
        "FEATURE_COUNT": 228
      },
      "geometry": {
        "type": "Polygon",
        "coordinates": [
          [
            [
              -118.3928899206088,
              36.2865207038789
            ],
            [
              -118.39280968917839,
              36.286517606024454
            ],
            [
              -118.39281324230257,
              36.28645729053267
            ],
            [
              -118.39289347367162,
              36.28646038838031
            ],
            [
              -118.3928899206088,
              36.2865207038789
            ]
          ]
        ]
      }
    },
    {
      "id": "585",
      "type": "Feature",
      "properties": {
        "id": null,
        "SOURCE_FILE": "/Users/maples/GitHub/mortalitree_testing/labels/ajones16_mortalitree_postfire_labels.geojson",
        "SUNETID": "ajones16",
        "FIRENAME": "CASTLE",
        "FIRE_SLUG": "CASTLE",
        "PREFIRE": 0,
        "PREFIRE_STATUS": "postfire",
        "TILE_Z": 17,
        "TILE_X": 22430,
        "TILE_Y": 51340,
        "TILEXYZ": [
          17,
          22430,
          51340
        ],
        "OUTPUT_FILE": "/Users/maples/GitHub/mortalitree_testing/notebooks/single_tiles/postfire/17/22430/51340.geojson",
        "OUTPUT_STATUS_DIR": "postfire",
        "FEATURE_COUNT": 228
      },
      "geometry": {
        "type": "Polygon",
        "coordinates": [
          [
            [
              -118.39285840551211,
              36.286470659871746
            ],
            [
              -118.39278390494864,
              36.286467783278155
            ],
            [
              -118.39278855135719,
              36.28638890917553
            ],
            [
              -118.39286305184615,
              36.28639178576087
            ],
            [
              -118.39285840551211,
              36.286470659871746
            ]
          ]
        ]
      }
    },
    {
      "id": "586",
      "type": "Feature",
      "properties": {
        "id": null,
        "SOURCE_FILE": "/Users/maples/GitHub/mortalitree_testing/labels/ajones16_mortalitree_postfire_labels.geojson",
        "SUNETID": "ajones16",
        "FIRENAME": "CASTLE",
        "FIRE_SLUG": "CASTLE",
        "PREFIRE": 0,
        "PREFIRE_STATUS": "postfire",
        "TILE_Z": 17,
        "TILE_X": 22430,
        "TILE_Y": 51340,
        "TILEXYZ": [
          17,
          22430,
          51340
        ],
        "OUTPUT_FILE": "/Users/maples/GitHub/mortalitree_testing/notebooks/single_tiles/postfire/17/22430/51340.geojson",
        "OUTPUT_STATUS_DIR": "postfire",
        "FEATURE_COUNT": 228
      },
      "geometry": {
        "type": "Polygon",
        "coordinates": [
          [
            [
              -118.39294191227096,
              36.28646690884434
            ],
            [
              -118.39288460414028,
              36.286464696124355
            ],
            [
              -118.39288761057605,
              36.286413659933196
            ],
            [
              -118.39294491866968,
              36.28641587264907
            ],
            [
              -118.39294191227096,
              36.28646690884434
            ]
          ]
        ]
      }
    },
    {
      "id": "587",
      "type": "Feature",
      "properties": {
        "id": null,
        "SOURCE_FILE": "/Users/maples/GitHub/mortalitree_testing/labels/ajones16_mortalitree_postfire_labels.geojson",
        "SUNETID": "ajones16",
        "FIRENAME": "CASTLE",
        "FIRE_SLUG": "CASTLE",
        "PREFIRE": 0,
        "PREFIRE_STATUS": "postfire",
        "TILE_Z": 17,
        "TILE_X": 22430,
        "TILE_Y": 51340,
        "TILEXYZ": [
          17,
          22430,
          51340
        ],
        "OUTPUT_FILE": "/Users/maples/GitHub/mortalitree_testing/notebooks/single_tiles/postfire/17/22430/51340.geojson",
        "OUTPUT_STATUS_DIR": "postfire",
        "FEATURE_COUNT": 228
      },
      "geometry": {
        "type": "Polygon",
        "coordinates": [
          [
            [
              -118.39290425638137,
              36.286423603058594
            ],
            [
              -118.39285267909473,
              36.28642161159764
            ],
            [
              -118.39285595886,
              36.28636593575482
            ],
            [
              -118.39290753611026,
              36.28636792721175
            ],
            [
              -118.39290425638137,
              36.286423603058594
            ]
          ]
        ]
      }
    },
    {
      "id": "588",
      "type": "Feature",
      "properties": {
        "id": null,
        "SOURCE_FILE": "/Users/maples/GitHub/mortalitree_testing/labels/ajones16_mortalitree_postfire_labels.geojson",
        "SUNETID": "ajones16",
        "FIRENAME": "CASTLE",
        "FIRE_SLUG": "CASTLE",
        "PREFIRE": 0,
        "PREFIRE_STATUS": "postfire",
        "TILE_Z": 17,
        "TILE_X": 22430,
        "TILE_Y": 51340,
        "TILEXYZ": [
          17,
          22430,
          51340
        ],
        "OUTPUT_FILE": "/Users/maples/GitHub/mortalitree_testing/notebooks/single_tiles/postfire/17/22430/51340.geojson",
        "OUTPUT_STATUS_DIR": "postfire",
        "FEATURE_COUNT": 228
      },
      "geometry": {
        "type": "Polygon",
        "coordinates": [
          [
            [
              -118.39277395102278,
              36.28639299563378
            ],
            [
              -118.39270518134785,
              36.28639034027457
            ],
            [
              -118.39270709460428,
              36.28635786270627
            ],
            [
              -118.39277586425092,
              36.28636051806235
            ],
            [
              -118.39277395102278,
              36.28639299563378
            ]
          ]
        ]
      }
    },
    {
      "id": "589",
      "type": "Feature",
      "properties": {
        "id": null,
        "SOURCE_FILE": "/Users/maples/GitHub/mortalitree_testing/labels/ajones16_mortalitree_postfire_labels.geojson",
        "SUNETID": "ajones16",
        "FIRENAME": "CASTLE",
        "FIRE_SLUG": "CASTLE",
        "PREFIRE": 0,
        "PREFIRE_STATUS": "postfire",
        "TILE_Z": 17,
        "TILE_X": 22430,
        "TILE_Y": 51340,
        "TILEXYZ": [
          17,
          22430,
          51340
        ],
        "OUTPUT_FILE": "/Users/maples/GitHub/mortalitree_testing/notebooks/single_tiles/postfire/17/22430/51340.geojson",
        "OUTPUT_STATUS_DIR": "postfire",
        "FEATURE_COUNT": 228
      },
      "geometry": {
        "type": "Polygon",
        "coordinates": [
          [
            [
              -118.39265346291667,
              36.286439495546
            ],
            [
              -118.39250446190263,
              36.28643374206145
            ],
            [
              -118.39250938192038,
              36.28635022833813
            ],
            [
              -118.39265838277672,
              36.286355981805215
            ],
            [
              -118.39265346291667,
              36.286439495546
            ]
          ]
        ]
      }
    },
    {
      "id": "590",
      "type": "Feature",
      "properties": {
        "id": null,
        "SOURCE_FILE": "/Users/maples/GitHub/mortalitree_testing/labels/ajones16_mortalitree_postfire_labels.geojson",
        "SUNETID": "ajones16",
        "FIRENAME": "CASTLE",
        "FIRE_SLUG": "CASTLE",
        "PREFIRE": 0,
        "PREFIRE_STATUS": "postfire",
        "TILE_Z": 17,
        "TILE_X": 22430,
        "TILE_Y": 51340,
        "TILEXYZ": [
          17,
          22430,
          51340
        ],
        "OUTPUT_FILE": "/Users/maples/GitHub/mortalitree_testing/notebooks/single_tiles/postfire/17/22430/51340.geojson",
        "OUTPUT_STATUS_DIR": "postfire",
        "FEATURE_COUNT": 228
      },
      "geometry": {
        "type": "Polygon",
        "coordinates": [
          [
            [
              -118.39267977565194,
              36.28667534697279
            ],
            [
              -118.39253650500889,
              36.286669814780254
            ],
            [
              -118.39254142503493,
              36.28658630105647
            ],
            [
              -118.39268469552633,
              36.2865918332322
            ],
            [
              -118.39267977565194,
              36.28667534697279
            ]
          ]
        ]
      }
    },
    {
      "id": "591",
      "type": "Feature",
      "properties": {
        "id": null,
        "SOURCE_FILE": "/Users/maples/GitHub/mortalitree_testing/labels/ajones16_mortalitree_postfire_labels.geojson",
        "SUNETID": "ajones16",
        "FIRENAME": "CASTLE",
        "FIRE_SLUG": "CASTLE",
        "PREFIRE": 0,
        "PREFIRE_STATUS": "postfire",
        "TILE_Z": 17,
        "TILE_X": 22430,
        "TILE_Y": 51340,
        "TILEXYZ": [
          17,
          22430,
          51340
        ],
        "OUTPUT_FILE": "/Users/maples/GitHub/mortalitree_testing/notebooks/single_tiles/postfire/17/22430/51340.geojson",
        "OUTPUT_STATUS_DIR": "postfire",
        "FEATURE_COUNT": 228
      },
      "geometry": {
        "type": "Polygon",
        "coordinates": [
          [
            [
              -118.39272288902065,
              36.28672351376309
            ],
            [
              -118.39264265740155,
              36.28672041578173
            ],
            [
              -118.39264593735182,
              36.2866647399582
            ],
            [
              -118.3927261689143,
              36.28666783793328
            ],
            [
              -118.39272288902065,
              36.28672351376309
            ]
          ]
        ]
      }
    },
    {
      "id": "592",
      "type": "Feature",
      "properties": {
        "id": null,
        "SOURCE_FILE": "/Users/maples/GitHub/mortalitree_testing/labels/ajones16_mortalitree_postfire_labels.geojson",
        "SUNETID": "ajones16",
        "FIRENAME": "CASTLE",
        "FIRE_SLUG": "CASTLE",
        "PREFIRE": 0,
        "PREFIRE_STATUS": "postfire",
        "TILE_Z": 17,
        "TILE_X": 22430,
        "TILE_Y": 51340,
        "TILEXYZ": [
          17,
          22430,
          51340
        ],
        "OUTPUT_FILE": "/Users/maples/GitHub/mortalitree_testing/notebooks/single_tiles/postfire/17/22430/51340.geojson",
        "OUTPUT_STATUS_DIR": "postfire",
        "FEATURE_COUNT": 228
      },
      "geometry": {
        "type": "Polygon",
        "coordinates": [
          [
            [
              -118.3933776948908,
              36.28686970113788
            ],
            [
              -118.39332038643036,
              36.28686748860571
            ],
            [
              -118.39332530565666,
              36.28678397479234
            ],
            [
              -118.39338261405643,
              36.28678618731778
            ],
            [
              -118.3933776948908,
              36.28686970113788
            ]
          ]
        ]
      }
    },
    {
      "id": "593",
      "type": "Feature",
      "properties": {
        "id": null,
        "SOURCE_FILE": "/Users/maples/GitHub/mortalitree_testing/labels/ajones16_mortalitree_postfire_labels.geojson",
        "SUNETID": "ajones16",
        "FIRENAME": "CASTLE",
        "FIRE_SLUG": "CASTLE",
        "PREFIRE": 0,
        "PREFIRE_STATUS": "postfire",
        "TILE_Z": 17,
        "TILE_X": 22430,
        "TILE_Y": 51340,
        "TILEXYZ": [
          17,
          22430,
          51340
        ],
        "OUTPUT_FILE": "/Users/maples/GitHub/mortalitree_testing/notebooks/single_tiles/postfire/17/22430/51340.geojson",
        "OUTPUT_STATUS_DIR": "postfire",
        "FEATURE_COUNT": 228
      },
      "geometry": {
        "type": "Polygon",
        "coordinates": [
          [
            [
              -118.39328873428332,
              36.28681976451274
            ],
            [
              -118.3931913099786,
              36.28681600312374
            ],
            [
              -118.39319622933318,
              36.28673248932486
            ],
            [
              -118.39329365353476,
              36.28673625070245
            ],
            [
              -118.39328873428332,
              36.28681976451274
            ]
          ]
        ]
      }
    },
    {
      "id": "594",
      "type": "Feature",
      "properties": {
        "id": null,
        "SOURCE_FILE": "/Users/maples/GitHub/mortalitree_testing/labels/ajones16_mortalitree_postfire_labels.geojson",
        "SUNETID": "ajones16",
        "FIRENAME": "CASTLE",
        "FIRE_SLUG": "CASTLE",
        "PREFIRE": 0,
        "PREFIRE_STATUS": "postfire",
        "TILE_Z": 17,
        "TILE_X": 22430,
        "TILE_Y": 51340,
        "TILEXYZ": [
          17,
          22430,
          51340
        ],
        "OUTPUT_FILE": "/Users/maples/GitHub/mortalitree_testing/notebooks/single_tiles/postfire/17/22430/51340.geojson",
        "OUTPUT_STATUS_DIR": "postfire",
        "FEATURE_COUNT": 228
      },
      "geometry": {
        "type": "Polygon",
        "coordinates": [
          [
            [
              -118.3932340138074,
              36.2868711292397
            ],
            [
              -118.39313085860216,
              36.286867146538036
            ],
            [
              -118.39313523142819,
              36.28679291205718
            ],
            [
              -118.3932383865364,
              36.28679689474811
            ],
            [
              -118.3932340138074,
              36.2868711292397
            ]
          ]
        ]
      }
    },
    {
      "id": "595",
      "type": "Feature",
      "properties": {
        "id": null,
        "SOURCE_FILE": "/Users/maples/GitHub/mortalitree_testing/labels/ajones16_mortalitree_postfire_labels.geojson",
        "SUNETID": "ajones16",
        "FIRENAME": "CASTLE",
        "FIRE_SLUG": "CASTLE",
        "PREFIRE": 0,
        "PREFIRE_STATUS": "postfire",
        "TILE_Z": 17,
        "TILE_X": 22430,
        "TILE_Y": 51340,
        "TILEXYZ": [
          17,
          22430,
          51340
        ],
        "OUTPUT_FILE": "/Users/maples/GitHub/mortalitree_testing/notebooks/single_tiles/postfire/17/22430/51340.geojson",
        "OUTPUT_STATUS_DIR": "postfire",
        "FEATURE_COUNT": 228
      },
      "geometry": {
        "type": "Polygon",
        "coordinates": [
          [
            [
              -118.39317125625551,
              36.28676640169866
            ],
            [
              -118.39306810119724,
              36.286762418952684
            ],
            [
              -118.39307329397712,
              36.28667426551278
            ],
            [
              -118.39317644892013,
              36.28667824824597
            ],
            [
              -118.39317125625551,
              36.28676640169866
            ]
          ]
        ]
      }
    },
    {
      "id": "596",
      "type": "Feature",
      "properties": {
        "id": null,
        "SOURCE_FILE": "/Users/maples/GitHub/mortalitree_testing/labels/ajones16_mortalitree_postfire_labels.geojson",
        "SUNETID": "ajones16",
        "FIRENAME": "CASTLE",
        "FIRE_SLUG": "CASTLE",
        "PREFIRE": 0,
        "PREFIRE_STATUS": "postfire",
        "TILE_Z": 17,
        "TILE_X": 22430,
        "TILE_Y": 51340,
        "TILEXYZ": [
          17,
          22430,
          51340
        ],
        "OUTPUT_FILE": "/Users/maples/GitHub/mortalitree_testing/notebooks/single_tiles/postfire/17/22430/51340.geojson",
        "OUTPUT_STATUS_DIR": "postfire",
        "FEATURE_COUNT": 228
      },
      "geometry": {
        "type": "Polygon",
        "coordinates": [
          [
            [
              -118.39313032897601,
              36.286681117808435
            ],
            [
              -118.39305582818393,
              36.28667824136998
            ],
            [
              -118.39305910783564,
              36.286622565513596
            ],
            [
              -118.39313360857516,
              36.28662544194623
            ],
            [
              -118.39313032897601,
              36.286681117808435
            ]
          ]
        ]
      }
    },
    {
      "id": "597",
      "type": "Feature",
      "properties": {
        "id": null,
        "SOURCE_FILE": "/Users/maples/GitHub/mortalitree_testing/labels/ajones16_mortalitree_postfire_labels.geojson",
        "SUNETID": "ajones16",
        "FIRENAME": "CASTLE",
        "FIRE_SLUG": "CASTLE",
        "PREFIRE": 0,
        "PREFIRE_STATUS": "postfire",
        "TILE_Z": 17,
        "TILE_X": 22430,
        "TILE_Y": 51340,
        "TILEXYZ": [
          17,
          22430,
          51340
        ],
        "OUTPUT_FILE": "/Users/maples/GitHub/mortalitree_testing/notebooks/single_tiles/postfire/17/22430/51340.geojson",
        "OUTPUT_STATUS_DIR": "postfire",
        "FEATURE_COUNT": 228
      },
      "geometry": {
        "type": "Polygon",
        "coordinates": [
          [
            [
              -118.39305541394012,
              36.28673402785889
            ],
            [
              -118.39300383643818,
              36.28673203644854
            ],
            [
              -118.39300656951805,
              36.286685639905436
            ],
            [
              -118.39305814698966,
              36.286687631312425
            ],
            [
              -118.39305541394012,
              36.28673402785889
            ]
          ]
        ]
      }
    },
    {
      "id": "598",
      "type": "Feature",
      "properties": {
        "id": null,
        "SOURCE_FILE": "/Users/maples/GitHub/mortalitree_testing/labels/ajones16_mortalitree_postfire_labels.geojson",
        "SUNETID": "ajones16",
        "FIRENAME": "CASTLE",
        "FIRE_SLUG": "CASTLE",
        "PREFIRE": 0,
        "PREFIRE_STATUS": "postfire",
        "TILE_Z": 17,
        "TILE_X": 22430,
        "TILE_Y": 51340,
        "TILEXYZ": [
          17,
          22430,
          51340
        ],
        "OUTPUT_FILE": "/Users/maples/GitHub/mortalitree_testing/notebooks/single_tiles/postfire/17/22430/51340.geojson",
        "OUTPUT_STATUS_DIR": "postfire",
        "FEATURE_COUNT": 228
      },
      "geometry": {
        "type": "Polygon",
        "coordinates": [
          [
            [
              -118.3929815920443,
              36.28676837923825
            ],
            [
              -118.39291855285488,
              36.286765945248355
            ],
            [
              -118.3929221059275,
              36.28670562974982
            ],
            [
              -118.39298514506875,
              36.28670806373437
            ],
            [
              -118.3929815920443,
              36.28676837923825
            ]
          ]
        ]
      }
    },
    {
      "id": "599",
      "type": "Feature",
      "properties": {
        "id": null,
        "SOURCE_FILE": "/Users/maples/GitHub/mortalitree_testing/labels/ajones16_mortalitree_postfire_labels.geojson",
        "SUNETID": "ajones16",
        "FIRENAME": "CASTLE",
        "FIRE_SLUG": "CASTLE",
        "PREFIRE": 0,
        "PREFIRE_STATUS": "postfire",
        "TILE_Z": 17,
        "TILE_X": 22430,
        "TILE_Y": 51340,
        "TILEXYZ": [
          17,
          22430,
          51340
        ],
        "OUTPUT_FILE": "/Users/maples/GitHub/mortalitree_testing/notebooks/single_tiles/postfire/17/22430/51340.geojson",
        "OUTPUT_STATUS_DIR": "postfire",
        "FEATURE_COUNT": 228
      },
      "geometry": {
        "type": "Polygon",
        "coordinates": [
          [
            [
              -118.39296495050417,
              36.286709609115356
            ],
            [
              -118.3928961805329,
              36.286706953846135
            ],
            [
              -118.39289946030145,
              36.28665127800256
            ],
            [
              -118.39296823022418,
              36.28665393326641
            ],
            [
              -118.39296495050417,
              36.286709609115356
            ]
          ]
        ]
      }
    },
    {
      "id": "600",
      "type": "Feature",
      "properties": {
        "id": null,
        "SOURCE_FILE": "/Users/maples/GitHub/mortalitree_testing/labels/ajones16_mortalitree_postfire_labels.geojson",
        "SUNETID": "ajones16",
        "FIRENAME": "CASTLE",
        "FIRE_SLUG": "CASTLE",
        "PREFIRE": 0,
        "PREFIRE_STATUS": "postfire",
        "TILE_Z": 17,
        "TILE_X": 22430,
        "TILE_Y": 51340,
        "TILEXYZ": [
          17,
          22430,
          51340
        ],
        "OUTPUT_FILE": "/Users/maples/GitHub/mortalitree_testing/notebooks/single_tiles/postfire/17/22430/51340.geojson",
        "OUTPUT_STATUS_DIR": "postfire",
        "FEATURE_COUNT": 228
      },
      "geometry": {
        "type": "Polygon",
        "coordinates": [
          [
            [
              -118.39272713899763,
              36.28650511817054
            ],
            [
              -118.39254375296755,
              36.28649803703455
            ],
            [
              -118.3925475796262,
              36.286433081913664
            ],
            [
              -118.39273096550528,
              36.28644016303293
            ],
            [
              -118.39272713899763,
              36.28650511817054
            ]
          ]
        ]
      }
    },
    {
      "id": "601",
      "type": "Feature",
      "properties": {
        "id": null,
        "SOURCE_FILE": "/Users/maples/GitHub/mortalitree_testing/labels/ajones16_mortalitree_postfire_labels.geojson",
        "SUNETID": "ajones16",
        "FIRENAME": "CASTLE",
        "FIRE_SLUG": "CASTLE",
        "PREFIRE": 0,
        "PREFIRE_STATUS": "postfire",
        "TILE_Z": 17,
        "TILE_X": 22430,
        "TILE_Y": 51340,
        "TILEXYZ": [
          17,
          22430,
          51340
        ],
        "OUTPUT_FILE": "/Users/maples/GitHub/mortalitree_testing/notebooks/single_tiles/postfire/17/22430/51340.geojson",
        "OUTPUT_STATUS_DIR": "postfire",
        "FEATURE_COUNT": 228
      },
      "geometry": {
        "type": "Polygon",
        "coordinates": [
          [
            [
              -118.39276410705509,
              36.28660885013439
            ],
            [
              -118.39261510569578,
              36.28660309676473
            ],
            [
              -118.3926211189412,
              36.28650102442295
            ],
            [
              -118.39277012010767,
              36.28650677777128
            ],
            [
              -118.39276410705509,
              36.28660885013439
            ]
          ]
        ]
      }
    },
    {
      "id": "602",
      "type": "Feature",
      "properties": {
        "id": null,
        "SOURCE_FILE": "/Users/maples/GitHub/mortalitree_testing/labels/ajones16_mortalitree_postfire_labels.geojson",
        "SUNETID": "ajones16",
        "FIRENAME": "CASTLE",
        "FIRE_SLUG": "CASTLE",
        "PREFIRE": 0,
        "PREFIRE_STATUS": "postfire",
        "TILE_Z": 17,
        "TILE_X": 22430,
        "TILE_Y": 51340,
        "TILEXYZ": [
          17,
          22430,
          51340
        ],
        "OUTPUT_FILE": "/Users/maples/GitHub/mortalitree_testing/notebooks/single_tiles/postfire/17/22430/51340.geojson",
        "OUTPUT_STATUS_DIR": "postfire",
        "FEATURE_COUNT": 228
      },
      "geometry": {
        "type": "Polygon",
        "coordinates": [
          [
            [
              -118.39249517310797,
              36.28654266321807
            ],
            [
              -118.39239201844252,
              36.2865386799099
            ],
            [
              -118.39239693859896,
              36.28645516620131
            ],
            [
              -118.39250009315519,
              36.28645914949738
            ],
            [
              -118.39249517310797,
              36.28654266321807
            ]
          ]
        ]
      }
    },
    {
      "id": "603",
      "type": "Feature",
      "properties": {
        "id": null,
        "SOURCE_FILE": "/Users/maples/GitHub/mortalitree_testing/labels/ajones16_mortalitree_postfire_labels.geojson",
        "SUNETID": "ajones16",
        "FIRENAME": "CASTLE",
        "FIRE_SLUG": "CASTLE",
        "PREFIRE": 0,
        "PREFIRE_STATUS": "postfire",
        "TILE_Z": 17,
        "TILE_X": 22430,
        "TILE_Y": 51340,
        "TILEXYZ": [
          17,
          22430,
          51340
        ],
        "OUTPUT_FILE": "/Users/maples/GitHub/mortalitree_testing/notebooks/single_tiles/postfire/17/22430/51340.geojson",
        "OUTPUT_STATUS_DIR": "postfire",
        "FEATURE_COUNT": 228
      },
      "geometry": {
        "type": "Polygon",
        "coordinates": [
          [
            [
              -118.39280516166043,
              36.28678946828451
            ],
            [
              -118.39271919912954,
              36.2867861490707
            ],
            [
              -118.39272329900786,
              36.2867165542844
            ],
            [
              -118.39280926146292,
              36.28671987348981
            ],
            [
              -118.39280516166043,
              36.28678946828451
            ]
          ]
        ]
      }
    },
    {
      "id": "604",
      "type": "Feature",
      "properties": {
        "id": null,
        "SOURCE_FILE": "/Users/maples/GitHub/mortalitree_testing/labels/ajones16_mortalitree_postfire_labels.geojson",
        "SUNETID": "ajones16",
        "FIRENAME": "CASTLE",
        "FIRE_SLUG": "CASTLE",
        "PREFIRE": 0,
        "PREFIRE_STATUS": "postfire",
        "TILE_Z": 17,
        "TILE_X": 22430,
        "TILE_Y": 51340,
        "TILEXYZ": [
          17,
          22430,
          51340
        ],
        "OUTPUT_FILE": "/Users/maples/GitHub/mortalitree_testing/notebooks/single_tiles/postfire/17/22430/51340.geojson",
        "OUTPUT_STATUS_DIR": "postfire",
        "FEATURE_COUNT": 228
      },
      "geometry": {
        "type": "Polygon",
        "coordinates": [
          [
            [
              -118.392945289482,
              36.28684835618994
            ],
            [
              -118.3928535960292,
              36.28684481579556
            ],
            [
              -118.39285714916204,
              36.28678450030334
            ],
            [
              -118.39294884254475,
              36.286788040689956
            ],
            [
              -118.392945289482,
              36.28684835618994
            ]
          ]
        ]
      }
    },
    {
      "id": "605",
      "type": "Feature",
      "properties": {
        "id": null,
        "SOURCE_FILE": "/Users/maples/GitHub/mortalitree_testing/labels/ajones16_mortalitree_postfire_labels.geojson",
        "SUNETID": "ajones16",
        "FIRENAME": "CASTLE",
        "FIRE_SLUG": "CASTLE",
        "PREFIRE": 0,
        "PREFIRE_STATUS": "postfire",
        "TILE_Z": 17,
        "TILE_X": 22430,
        "TILE_Y": 51340,
        "TILEXYZ": [
          17,
          22430,
          51340
        ],
        "OUTPUT_FILE": "/Users/maples/GitHub/mortalitree_testing/notebooks/single_tiles/postfire/17/22430/51340.geojson",
        "OUTPUT_STATUS_DIR": "postfire",
        "FEATURE_COUNT": 228
      },
      "geometry": {
        "type": "Polygon",
        "coordinates": [
          [
            [
              -118.39296236274195,
              36.286656031822965
            ],
            [
              -118.39290505447133,
              36.2866538191029
            ],
            [
              -118.39290806091458,
              36.2866027829119
            ],
            [
              -118.39296536914813,
              36.286604995627854
            ],
            [
              -118.39296236274195,
              36.286656031822965
            ]
          ]
        ]
      }
    },
    {
      "id": "606",
      "type": "Feature",
      "properties": {
        "id": null,
        "SOURCE_FILE": "/Users/maples/GitHub/mortalitree_testing/labels/ajones16_mortalitree_postfire_labels.geojson",
        "SUNETID": "ajones16",
        "FIRENAME": "CASTLE",
        "FIRE_SLUG": "CASTLE",
        "PREFIRE": 0,
        "PREFIRE_STATUS": "postfire",
        "TILE_Z": 17,
        "TILE_X": 22430,
        "TILE_Y": 51340,
        "TILEXYZ": [
          17,
          22430,
          51340
        ],
        "OUTPUT_FILE": "/Users/maples/GitHub/mortalitree_testing/notebooks/single_tiles/postfire/17/22430/51340.geojson",
        "OUTPUT_STATUS_DIR": "postfire",
        "FEATURE_COUNT": 228
      },
      "geometry": {
        "type": "Polygon",
        "coordinates": [
          [
            [
              -118.39286261990411,
              36.28664288023806
            ],
            [
              -118.39282250412639,
              36.286641331303905
            ],
            [
              -118.39282523730455,
              36.28659493477196
            ],
            [
              -118.39286535305868,
              36.286596483703505
            ],
            [
              -118.39286261990411,
              36.28664288023806
            ]
          ]
        ]
      }
    },
    {
      "id": "607",
      "type": "Feature",
      "properties": {
        "id": null,
        "SOURCE_FILE": "/Users/maples/GitHub/mortalitree_testing/labels/ajones16_mortalitree_postfire_labels.geojson",
        "SUNETID": "ajones16",
        "FIRENAME": "CASTLE",
        "FIRE_SLUG": "CASTLE",
        "PREFIRE": 0,
        "PREFIRE_STATUS": "postfire",
        "TILE_Z": 17,
        "TILE_X": 22430,
        "TILE_Y": 51340,
        "TILEXYZ": [
          17,
          22430,
          51340
        ],
        "OUTPUT_FILE": "/Users/maples/GitHub/mortalitree_testing/notebooks/single_tiles/postfire/17/22430/51340.geojson",
        "OUTPUT_STATUS_DIR": "postfire",
        "FEATURE_COUNT": 228
      },
      "geometry": {
        "type": "Polygon",
        "coordinates": [
          [
            [
              -118.39344605512626,
              36.28687931562597
            ],
            [
              -118.39338874665327,
              36.286877103126066
            ],
            [
              -118.39339229937848,
              36.286816787588634
            ],
            [
              -118.39344960780765,
              36.28681900008368
            ],
            [
              -118.39344605512626,
              36.28687931562597
            ]
          ]
        ]
      }
    },
    {
      "id": "608",
      "type": "Feature",
      "properties": {
        "id": null,
        "SOURCE_FILE": "/Users/maples/GitHub/mortalitree_testing/labels/ajones16_mortalitree_postfire_labels.geojson",
        "SUNETID": "ajones16",
        "FIRENAME": "CASTLE",
        "FIRE_SLUG": "CASTLE",
        "PREFIRE": 0,
        "PREFIRE_STATUS": "postfire",
        "TILE_Z": 17,
        "TILE_X": 22430,
        "TILE_Y": 51340,
        "TILEXYZ": [
          17,
          22430,
          51340
        ],
        "OUTPUT_FILE": "/Users/maples/GitHub/mortalitree_testing/notebooks/single_tiles/postfire/17/22430/51340.geojson",
        "OUTPUT_STATUS_DIR": "postfire",
        "FEATURE_COUNT": 228
      },
      "geometry": {
        "type": "Polygon",
        "coordinates": [
          [
            [
              -118.39335844445868,
              36.28700148884307
            ],
            [
              -118.39327821248308,
              36.28699839126783
            ],
            [
              -118.39328340507141,
              36.286910237805266
            ],
            [
              -118.39336363695735,
              36.28691333537059
            ],
            [
              -118.39335844445868,
              36.28700148884307
            ]
          ]
        ]
      }
    },
    {
      "id": "609",
      "type": "Feature",
      "properties": {
        "id": null,
        "SOURCE_FILE": "/Users/maples/GitHub/mortalitree_testing/labels/ajones16_mortalitree_postfire_labels.geojson",
        "SUNETID": "ajones16",
        "FIRENAME": "CASTLE",
        "FIRE_SLUG": "CASTLE",
        "PREFIRE": 0,
        "PREFIRE_STATUS": "postfire",
        "TILE_Z": 17,
        "TILE_X": 22430,
        "TILE_Y": 51340,
        "TILEXYZ": [
          17,
          22430,
          51340
        ],
        "OUTPUT_FILE": "/Users/maples/GitHub/mortalitree_testing/notebooks/single_tiles/postfire/17/22430/51340.geojson",
        "OUTPUT_STATUS_DIR": "postfire",
        "FEATURE_COUNT": 228
      },
      "geometry": {
        "type": "Polygon",
        "coordinates": [
          [
            [
              -118.39324669278176,
              36.2869971743486
            ],
            [
              -118.39317792253082,
              36.286994519223384
            ],
            [
              -118.393182022033,
              36.2869249243945
            ],
            [
              -118.39325079222326,
              36.28692757951299
            ],
            [
              -118.39324669278176,
              36.2869971743486
            ]
          ]
        ]
      }
    },
    {
      "id": "610",
      "type": "Feature",
      "properties": {
        "id": null,
        "SOURCE_FILE": "/Users/maples/GitHub/mortalitree_testing/labels/ajones16_mortalitree_postfire_labels.geojson",
        "SUNETID": "ajones16",
        "FIRENAME": "CASTLE",
        "FIRE_SLUG": "CASTLE",
        "PREFIRE": 0,
        "PREFIRE_STATUS": "postfire",
        "TILE_Z": 17,
        "TILE_X": 22430,
        "TILE_Y": 51340,
        "TILEXYZ": [
          17,
          22430,
          51340
        ],
        "OUTPUT_FILE": "/Users/maples/GitHub/mortalitree_testing/notebooks/single_tiles/postfire/17/22430/51340.geojson",
        "OUTPUT_STATUS_DIR": "postfire",
        "FEATURE_COUNT": 228
      },
      "geometry": {
        "type": "Polygon",
        "coordinates": [
          [
            [
              -118.39299970207733,
              36.287192247285
            ],
            [
              -118.3929252008131,
              36.287189370730445
            ],
            [
              -118.39292957388544,
              36.287115136275126
            ],
            [
              -118.39300407507955,
              36.287118012821914
            ],
            [
              -118.39299970207733,
              36.287192247285
            ]
          ]
        ]
      }
    },
    {
      "id": "611",
      "type": "Feature",
      "properties": {
        "id": null,
        "SOURCE_FILE": "/Users/maples/GitHub/mortalitree_testing/labels/ajones16_mortalitree_postfire_labels.geojson",
        "SUNETID": "ajones16",
        "FIRENAME": "CASTLE",
        "FIRE_SLUG": "CASTLE",
        "PREFIRE": 0,
        "PREFIRE_STATUS": "postfire",
        "TILE_Z": 17,
        "TILE_X": 22430,
        "TILE_Y": 51340,
        "TILEXYZ": [
          17,
          22430,
          51340
        ],
        "OUTPUT_FILE": "/Users/maples/GitHub/mortalitree_testing/notebooks/single_tiles/postfire/17/22430/51340.geojson",
        "OUTPUT_STATUS_DIR": "postfire",
        "FEATURE_COUNT": 228
      },
      "geometry": {
        "type": "Polygon",
        "coordinates": [
          [
            [
              -118.39301499451848,
              36.28707890766863
            ],
            [
              -118.3929347625025,
              36.28707580985729
            ],
            [
              -118.39293886223278,
              36.287006215053204
            ],
            [
              -118.39301909417797,
              36.28700931285671
            ],
            [
              -118.39301499451848,
              36.28707890766863
            ]
          ]
        ]
      }
    },
    {
      "id": "612",
      "type": "Feature",
      "properties": {
        "id": null,
        "SOURCE_FILE": "/Users/maples/GitHub/mortalitree_testing/labels/ajones16_mortalitree_postfire_labels.geojson",
        "SUNETID": "ajones16",
        "FIRENAME": "CASTLE",
        "FIRE_SLUG": "CASTLE",
        "PREFIRE": 0,
        "PREFIRE_STATUS": "postfire",
        "TILE_Z": 17,
        "TILE_X": 22430,
        "TILE_Y": 51340,
        "TILEXYZ": [
          17,
          22430,
          51340
        ],
        "OUTPUT_FILE": "/Users/maples/GitHub/mortalitree_testing/notebooks/single_tiles/postfire/17/22430/51340.geojson",
        "OUTPUT_STATUS_DIR": "postfire",
        "FEATURE_COUNT": 228
      },
      "geometry": {
        "type": "Polygon",
        "coordinates": [
          [
            [
              -118.39272203296186,
              36.287128048646665
            ],
            [
              -118.39265899350622,
              36.28712561449928
            ],
            [
              -118.39266172682952,
              36.287079217981784
            ],
            [
              -118.39272476624808,
              36.287081652125075
            ],
            [
              -118.39272203296186,
              36.287128048646665
            ]
          ]
        ]
      }
    },
    {
      "id": "613",
      "type": "Feature",
      "properties": {
        "id": null,
        "SOURCE_FILE": "/Users/maples/GitHub/mortalitree_testing/labels/ajones16_mortalitree_postfire_labels.geojson",
        "SUNETID": "ajones16",
        "FIRENAME": "CASTLE",
        "FIRE_SLUG": "CASTLE",
        "PREFIRE": 0,
        "PREFIRE_STATUS": "postfire",
        "TILE_Z": 17,
        "TILE_X": 22430,
        "TILE_Y": 51340,
        "TILEXYZ": [
          17,
          22430,
          51340
        ],
        "OUTPUT_FILE": "/Users/maples/GitHub/mortalitree_testing/notebooks/single_tiles/postfire/17/22430/51340.geojson",
        "OUTPUT_STATUS_DIR": "postfire",
        "FEATURE_COUNT": 228
      },
      "geometry": {
        "type": "Polygon",
        "coordinates": [
          [
            [
              -118.39269910498275,
              36.28717599049454
            ],
            [
              -118.39264752721589,
              36.28717399890971
            ],
            [
              -118.39265026055082,
              36.28712760239336
            ],
            [
              -118.39270183828735,
              36.287129593974804
            ],
            [
              -118.39269910498275,
              36.28717599049454
            ]
          ]
        ]
      }
    },
    {
      "id": "614",
      "type": "Feature",
      "properties": {
        "id": null,
        "SOURCE_FILE": "/Users/maples/GitHub/mortalitree_testing/labels/ajones16_mortalitree_postfire_labels.geojson",
        "SUNETID": "ajones16",
        "FIRENAME": "CASTLE",
        "FIRE_SLUG": "CASTLE",
        "PREFIRE": 0,
        "PREFIRE_STATUS": "postfire",
        "TILE_Z": 17,
        "TILE_X": 22430,
        "TILE_Y": 51340,
        "TILEXYZ": [
          17,
          22430,
          51340
        ],
        "OUTPUT_FILE": "/Users/maples/GitHub/mortalitree_testing/notebooks/single_tiles/postfire/17/22430/51340.geojson",
        "OUTPUT_STATUS_DIR": "postfire",
        "FEATURE_COUNT": 228
      },
      "geometry": {
        "type": "Polygon",
        "coordinates": [
          [
            [
              -118.39265052016425,
              36.28726944370006
            ],
            [
              -118.39258748060124,
              36.28726700950685
            ],
            [
              -118.39259185400586,
              36.28719277508785
            ],
            [
              -118.39265489350953,
              36.28719520927449
            ],
            [
              -118.39265052016425,
              36.28726944370006
            ]
          ]
        ]
      }
    },
    {
      "id": "615",
      "type": "Feature",
      "properties": {
        "id": null,
        "SOURCE_FILE": "/Users/maples/GitHub/mortalitree_testing/labels/ajones16_mortalitree_postfire_labels.geojson",
        "SUNETID": "ajones16",
        "FIRENAME": "CASTLE",
        "FIRE_SLUG": "CASTLE",
        "PREFIRE": 0,
        "PREFIRE_STATUS": "postfire",
        "TILE_Z": 17,
        "TILE_X": 22430,
        "TILE_Y": 51340,
        "TILEXYZ": [
          17,
          22430,
          51340
        ],
        "OUTPUT_FILE": "/Users/maples/GitHub/mortalitree_testing/notebooks/single_tiles/postfire/17/22430/51340.geojson",
        "OUTPUT_STATUS_DIR": "postfire",
        "FEATURE_COUNT": 228
      },
      "geometry": {
        "type": "Polygon",
        "coordinates": [
          [
            [
              -118.39259170349234,
              36.287341575862754
            ],
            [
              -118.39250574038175,
              36.28733825645224
            ],
            [
              -118.39251066056072,
              36.287254742741375
            ],
            [
              -118.39259662358029,
              36.287258062141824
            ],
            [
              -118.39259170349234,
              36.287341575862754
            ]
          ]
        ]
      }
    },
    {
      "id": "616",
      "type": "Feature",
      "properties": {
        "id": null,
        "SOURCE_FILE": "/Users/maples/GitHub/mortalitree_testing/labels/ajones16_mortalitree_postfire_labels.geojson",
        "SUNETID": "ajones16",
        "FIRENAME": "CASTLE",
        "FIRE_SLUG": "CASTLE",
        "PREFIRE": 0,
        "PREFIRE_STATUS": "postfire",
        "TILE_Z": 17,
        "TILE_X": 22430,
        "TILE_Y": 51340,
        "TILEXYZ": [
          17,
          22430,
          51340
        ],
        "OUTPUT_FILE": "/Users/maples/GitHub/mortalitree_testing/notebooks/single_tiles/postfire/17/22430/51340.geojson",
        "OUTPUT_STATUS_DIR": "postfire",
        "FEATURE_COUNT": 228
      },
      "geometry": {
        "type": "Polygon",
        "coordinates": [
          [
            [
              -118.3926850237969,
              36.287463759548885
            ],
            [
              -118.39263344584167,
              36.287461767944464
            ],
            [
              -118.39263645255052,
              36.2874107317799
            ],
            [
              -118.39268803047239,
              36.287412723380626
            ],
            [
              -118.3926850237969,
              36.287463759548885
            ]
          ]
        ]
      }
    },
    {
      "id": "617",
      "type": "Feature",
      "properties": {
        "id": null,
        "SOURCE_FILE": "/Users/maples/GitHub/mortalitree_testing/labels/ajones16_mortalitree_postfire_labels.geojson",
        "SUNETID": "ajones16",
        "FIRENAME": "CASTLE",
        "FIRE_SLUG": "CASTLE",
        "PREFIRE": 0,
        "PREFIRE_STATUS": "postfire",
        "TILE_Z": 17,
        "TILE_X": 22430,
        "TILE_Y": 51340,
        "TILEXYZ": [
          17,
          22430,
          51340
        ],
        "OUTPUT_FILE": "/Users/maples/GitHub/mortalitree_testing/notebooks/single_tiles/postfire/17/22430/51340.geojson",
        "OUTPUT_STATUS_DIR": "postfire",
        "FEATURE_COUNT": 228
      },
      "geometry": {
        "type": "Polygon",
        "coordinates": [
          [
            [
              -118.39275624533109,
              36.287522312096705
            ],
            [
              -118.39267028200231,
              36.28751899279031
            ],
            [
              -118.39267492870363,
              36.287440118714194
            ],
            [
              -118.39276089194644,
              36.287443438011074
            ],
            [
              -118.39275624533109,
              36.287522312096705
            ]
          ]
        ]
      }
    },
    {
      "id": "618",
      "type": "Feature",
      "properties": {
        "id": null,
        "SOURCE_FILE": "/Users/maples/GitHub/mortalitree_testing/labels/ajones16_mortalitree_postfire_labels.geojson",
        "SUNETID": "ajones16",
        "FIRENAME": "CASTLE",
        "FIRE_SLUG": "CASTLE",
        "PREFIRE": 0,
        "PREFIRE_STATUS": "postfire",
        "TILE_Z": 17,
        "TILE_X": 22430,
        "TILE_Y": 51340,
        "TILEXYZ": [
          17,
          22430,
          51340
        ],
        "OUTPUT_FILE": "/Users/maples/GitHub/mortalitree_testing/notebooks/single_tiles/postfire/17/22430/51340.geojson",
        "OUTPUT_STATUS_DIR": "postfire",
        "FEATURE_COUNT": 228
      },
      "geometry": {
        "type": "Polygon",
        "coordinates": [
          [
            [
              -118.39264905336371,
              36.28690434589081
            ],
            [
              -118.39257455241,
              36.28690146913733
            ],
            [
              -118.39257783243035,
              36.28684579332083
            ],
            [
              -118.39265233333148,
              36.28684867006849
            ],
            [
              -118.39264905336371,
              36.28690434589081
            ]
          ]
        ]
      }
    },
    {
      "id": "619",
      "type": "Feature",
      "properties": {
        "id": null,
        "SOURCE_FILE": "/Users/maples/GitHub/mortalitree_testing/labels/ajones16_mortalitree_postfire_labels.geojson",
        "SUNETID": "ajones16",
        "FIRENAME": "CASTLE",
        "FIRE_SLUG": "CASTLE",
        "PREFIRE": 0,
        "PREFIRE_STATUS": "postfire",
        "TILE_Z": 17,
        "TILE_X": 22430,
        "TILE_Y": 51340,
        "TILEXYZ": [
          17,
          22430,
          51340
        ],
        "OUTPUT_FILE": "/Users/maples/GitHub/mortalitree_testing/notebooks/single_tiles/postfire/17/22430/51340.geojson",
        "OUTPUT_STATUS_DIR": "postfire",
        "FEATURE_COUNT": 228
      },
      "geometry": {
        "type": "Polygon",
        "coordinates": [
          [
            [
              -118.39266010050476,
              36.286960574930006
            ],
            [
              -118.39260279203587,
              36.28695836204917
            ],
            [
              -118.39260607204298,
              36.28690268623098
            ],
            [
              -118.39266338047142,
              36.286904899107334
            ],
            [
              -118.39266010050476,
              36.286960574930006
            ]
          ]
        ]
      }
    },
    {
      "id": "620",
      "type": "Feature",
      "properties": {
        "id": null,
        "SOURCE_FILE": "/Users/maples/GitHub/mortalitree_testing/labels/ajones16_mortalitree_postfire_labels.geojson",
        "SUNETID": "ajones16",
        "FIRENAME": "CASTLE",
        "FIRE_SLUG": "CASTLE",
        "PREFIRE": 0,
        "PREFIRE_STATUS": "postfire",
        "TILE_Z": 17,
        "TILE_X": 22430,
        "TILE_Y": 51340,
        "TILEXYZ": [
          17,
          22430,
          51340
        ],
        "OUTPUT_FILE": "/Users/maples/GitHub/mortalitree_testing/notebooks/single_tiles/postfire/17/22430/51340.geojson",
        "OUTPUT_STATUS_DIR": "postfire",
        "FEATURE_COUNT": 228
      },
      "geometry": {
        "type": "Polygon",
        "coordinates": [
          [
            [
              -118.39272286198646,
              36.28701647571008
            ],
            [
              -118.3926483609184,
              36.287013598994974
            ],
            [
              -118.39265191423112,
              36.286953283521925
            ],
            [
              -118.39272641524221,
              36.28695616023071
            ],
            [
              -118.39272286198646,
              36.28701647571008
            ]
          ]
        ]
      }
    },
    {
      "id": "621",
      "type": "Feature",
      "properties": {
        "id": null,
        "SOURCE_FILE": "/Users/maples/GitHub/mortalitree_testing/labels/ajones16_mortalitree_postfire_labels.geojson",
        "SUNETID": "ajones16",
        "FIRENAME": "CASTLE",
        "FIRE_SLUG": "CASTLE",
        "PREFIRE": 0,
        "PREFIRE_STATUS": "postfire",
        "TILE_Z": 17,
        "TILE_X": 22430,
        "TILE_Y": 51340,
        "TILEXYZ": [
          17,
          22430,
          51340
        ],
        "OUTPUT_FILE": "/Users/maples/GitHub/mortalitree_testing/notebooks/single_tiles/postfire/17/22430/51340.geojson",
        "OUTPUT_STATUS_DIR": "postfire",
        "FEATURE_COUNT": 228
      },
      "geometry": {
        "type": "Polygon",
        "coordinates": [
          [
            [
              -118.39274646420812,
              36.28705458870427
            ],
            [
              -118.39268915566353,
              36.28705237585993
            ],
            [
              -118.39269243562052,
              36.28699670003583
            ],
            [
              -118.3927497441247,
              36.286998912875696
            ],
            [
              -118.39274646420812,
              36.28705458870427
            ]
          ]
        ]
      }
    },
    {
      "id": "622",
      "type": "Feature",
      "properties": {
        "id": null,
        "SOURCE_FILE": "/Users/maples/GitHub/mortalitree_testing/labels/ajones16_mortalitree_postfire_labels.geojson",
        "SUNETID": "ajones16",
        "FIRENAME": "CASTLE",
        "FIRE_SLUG": "CASTLE",
        "PREFIRE": 0,
        "PREFIRE_STATUS": "postfire",
        "TILE_Z": 17,
        "TILE_X": 22430,
        "TILE_Y": 51340,
        "TILEXYZ": [
          17,
          22430,
          51340
        ],
        "OUTPUT_FILE": "/Users/maples/GitHub/mortalitree_testing/notebooks/single_tiles/postfire/17/22430/51340.geojson",
        "OUTPUT_STATUS_DIR": "postfire",
        "FEATURE_COUNT": 228
      },
      "geometry": {
        "type": "Polygon",
        "coordinates": [
          [
            [
              -118.39265477053975,
              36.287051048140185
            ],
            [
              -118.39259746200516,
              36.28704883525208
            ],
            [
              -118.3926010153616,
              36.286988519783705
            ],
            [
              -118.39265832385242,
              36.28699073266696
            ],
            [
              -118.39265477053975,
              36.287051048140185
            ]
          ]
        ]
      }
    },
    {
      "id": "623",
      "type": "Feature",
      "properties": {
        "id": null,
        "SOURCE_FILE": "/Users/maples/GitHub/mortalitree_testing/labels/ajones16_mortalitree_postfire_labels.geojson",
        "SUNETID": "ajones16",
        "FIRENAME": "CASTLE",
        "FIRE_SLUG": "CASTLE",
        "PREFIRE": 0,
        "PREFIRE_STATUS": "postfire",
        "TILE_Z": 17,
        "TILE_X": 22430,
        "TILE_Y": 51340,
        "TILEXYZ": [
          17,
          22430,
          51340
        ],
        "OUTPUT_FILE": "/Users/maples/GitHub/mortalitree_testing/notebooks/single_tiles/postfire/17/22430/51340.geojson",
        "OUTPUT_STATUS_DIR": "postfire",
        "FEATURE_COUNT": 228
      },
      "geometry": {
        "type": "Polygon",
        "coordinates": [
          [
            [
              -118.39259009573699,
              36.2870276248855
            ],
            [
              -118.39252705637384,
              36.28702519067431
            ],
            [
              -118.39253115645857,
              36.286955595909674
            ],
            [
              -118.39259419576608,
              36.28695803011469
            ],
            [
              -118.39259009573699,
              36.2870276248855
            ]
          ]
        ]
      }
    },
    {
      "id": "624",
      "type": "Feature",
      "properties": {
        "id": null,
        "SOURCE_FILE": "/Users/maples/GitHub/mortalitree_testing/labels/ajones16_mortalitree_postfire_labels.geojson",
        "SUNETID": "ajones16",
        "FIRENAME": "CASTLE",
        "FIRE_SLUG": "CASTLE",
        "PREFIRE": 0,
        "PREFIRE_STATUS": "postfire",
        "TILE_Z": 17,
        "TILE_X": 22430,
        "TILE_Y": 51340,
        "TILEXYZ": [
          17,
          22430,
          51340
        ],
        "OUTPUT_FILE": "/Users/maples/GitHub/mortalitree_testing/notebooks/single_tiles/postfire/17/22430/51340.geojson",
        "OUTPUT_STATUS_DIR": "postfire",
        "FEATURE_COUNT": 228
      },
      "geometry": {
        "type": "Polygon",
        "coordinates": [
          [
            [
              -118.39285917250834,
              36.287042664886286
            ],
            [
              -118.3927904022551,
              36.28704000953535
            ],
            [
              -118.39279395546193,
              36.286979694050466
            ],
            [
              -118.3928627256626,
              36.28698234939557
            ],
            [
              -118.39285917250834,
              36.287042664886286
            ]
          ]
        ]
      }
    },
    {
      "id": "625",
      "type": "Feature",
      "properties": {
        "id": null,
        "SOURCE_FILE": "/Users/maples/GitHub/mortalitree_testing/labels/ajones16_mortalitree_postfire_labels.geojson",
        "SUNETID": "ajones16",
        "FIRENAME": "CASTLE",
        "FIRE_SLUG": "CASTLE",
        "PREFIRE": 0,
        "PREFIRE_STATUS": "postfire",
        "TILE_Z": 17,
        "TILE_X": 22430,
        "TILE_Y": 51340,
        "TILEXYZ": [
          17,
          22430,
          51340
        ],
        "OUTPUT_FILE": "/Users/maples/GitHub/mortalitree_testing/notebooks/single_tiles/postfire/17/22430/51340.geojson",
        "OUTPUT_STATUS_DIR": "postfire",
        "FEATURE_COUNT": 228
      },
      "geometry": {
        "type": "Polygon",
        "coordinates": [
          [
            [
              -118.39263524548689,
              36.28718747528689
            ],
            [
              -118.39258366771709,
              36.28718548367398
            ],
            [
              -118.392586947765,
              36.28712980785941
            ],
            [
              -118.39263852549838,
              36.28713179946828
            ],
            [
              -118.39263524548689,
              36.28718747528689
            ]
          ]
        ]
      }
    },
    {
      "id": "626",
      "type": "Feature",
      "properties": {
        "id": null,
        "SOURCE_FILE": "/Users/maples/GitHub/mortalitree_testing/labels/ajones16_mortalitree_postfire_labels.geojson",
        "SUNETID": "ajones16",
        "FIRENAME": "CASTLE",
        "FIRE_SLUG": "CASTLE",
        "PREFIRE": 0,
        "PREFIRE_STATUS": "postfire",
        "TILE_Z": 17,
        "TILE_X": 22430,
        "TILE_Y": 51340,
        "TILEXYZ": [
          17,
          22430,
          51340
        ],
        "OUTPUT_FILE": "/Users/maples/GitHub/mortalitree_testing/notebooks/single_tiles/postfire/17/22430/51340.geojson",
        "OUTPUT_STATUS_DIR": "postfire",
        "FEATURE_COUNT": 228
      },
      "geometry": {
        "type": "Polygon",
        "coordinates": [
          [
            [
              -118.39232359689639,
              36.28716381550147
            ],
            [
              -118.39223190315494,
              36.28716027460399
            ],
            [
              -118.39223791702177,
              36.2870582023269
            ],
            [
              -118.39232961064461,
              36.28706174321125
            ],
            [
              -118.39232359689639,
              36.28716381550147
            ]
          ]
        ]
      }
    },
    {
      "id": "627",
      "type": "Feature",
      "properties": {
        "id": null,
        "SOURCE_FILE": "/Users/maples/GitHub/mortalitree_testing/labels/ajones16_mortalitree_postfire_labels.geojson",
        "SUNETID": "ajones16",
        "FIRENAME": "CASTLE",
        "FIRE_SLUG": "CASTLE",
        "PREFIRE": 0,
        "PREFIRE_STATUS": "postfire",
        "TILE_Z": 17,
        "TILE_X": 22430,
        "TILE_Y": 51340,
        "TILEXYZ": [
          17,
          22430,
          51340
        ],
        "OUTPUT_FILE": "/Users/maples/GitHub/mortalitree_testing/notebooks/single_tiles/postfire/17/22430/51340.geojson",
        "OUTPUT_STATUS_DIR": "postfire",
        "FEATURE_COUNT": 228
      },
      "geometry": {
        "type": "Polygon",
        "coordinates": [
          [
            [
              -118.39217515588503,
              36.28700230131392
            ],
            [
              -118.39209492404251,
              36.286999202944656
            ],
            [
              -118.39209984459828,
              36.28691568927747
            ],
            [
              -118.39218007635586,
              36.28691878763731
            ],
            [
              -118.39217515588503,
              36.28700230131392
            ]
          ]
        ]
      }
    },
    {
      "id": "628",
      "type": "Feature",
      "properties": {
        "id": null,
        "SOURCE_FILE": "/Users/maples/GitHub/mortalitree_testing/labels/ajones16_mortalitree_postfire_labels.geojson",
        "SUNETID": "ajones16",
        "FIRENAME": "CASTLE",
        "FIRE_SLUG": "CASTLE",
        "PREFIRE": 0,
        "PREFIRE_STATUS": "postfire",
        "TILE_Z": 17,
        "TILE_X": 22430,
        "TILE_Y": 51340,
        "TILEXYZ": [
          17,
          22430,
          51340
        ],
        "OUTPUT_FILE": "/Users/maples/GitHub/mortalitree_testing/notebooks/single_tiles/postfire/17/22430/51340.geojson",
        "OUTPUT_STATUS_DIR": "postfire",
        "FEATURE_COUNT": 228
      },
      "geometry": {
        "type": "Polygon",
        "coordinates": [
          [
            [
              -118.3920733625701,
              36.28702394640788
            ],
            [
              -118.3920045924095,
              36.28702129060618
            ],
            [
              -118.39200896632696,
              36.28694705624517
            ],
            [
              -118.39207773642283,
              36.286949712039686
            ],
            [
              -118.3920733625701,
              36.28702394640788
            ]
          ]
        ]
      }
    },
    {
      "id": "629",
      "type": "Feature",
      "properties": {
        "id": null,
        "SOURCE_FILE": "/Users/maples/GitHub/mortalitree_testing/labels/ajones16_mortalitree_postfire_labels.geojson",
        "SUNETID": "ajones16",
        "FIRENAME": "CASTLE",
        "FIRE_SLUG": "CASTLE",
        "PREFIRE": 0,
        "PREFIRE_STATUS": "postfire",
        "TILE_Z": 17,
        "TILE_X": 22430,
        "TILE_Y": 51340,
        "TILEXYZ": [
          17,
          22430,
          51340
        ],
        "OUTPUT_FILE": "/Users/maples/GitHub/mortalitree_testing/notebooks/single_tiles/postfire/17/22430/51340.geojson",
        "OUTPUT_STATUS_DIR": "postfire",
        "FEATURE_COUNT": 228
      },
      "geometry": {
        "type": "Polygon",
        "coordinates": [
          [
            [
              -118.39197388788662,
              36.28705498136536
            ],
            [
              -118.39190511770845,
              36.287052325504504
            ],
            [
              -118.3919103118514,
              36.2869641722135
            ],
            [
              -118.39197908195274,
              36.28696682806583
            ],
            [
              -118.39197388788662,
              36.28705498136536
            ]
          ]
        ]
      }
    },
    {
      "id": "630",
      "type": "Feature",
      "properties": {
        "id": null,
        "SOURCE_FILE": "/Users/maples/GitHub/mortalitree_testing/labels/ajones16_mortalitree_postfire_labels.geojson",
        "SUNETID": "ajones16",
        "FIRENAME": "CASTLE",
        "FIRE_SLUG": "CASTLE",
        "PREFIRE": 0,
        "PREFIRE_STATUS": "postfire",
        "TILE_Z": 17,
        "TILE_X": 22430,
        "TILE_Y": 51340,
        "TILEXYZ": [
          17,
          22430,
          51340
        ],
        "OUTPUT_FILE": "/Users/maples/GitHub/mortalitree_testing/notebooks/single_tiles/postfire/17/22430/51340.geojson",
        "OUTPUT_STATUS_DIR": "postfire",
        "FEATURE_COUNT": 228
      },
      "geometry": {
        "type": "Polygon",
        "coordinates": [
          [
            [
              -118.39304097592789,
              36.28644283247713
            ],
            [
              -118.39297793699502,
              36.28644039853725
            ],
            [
              -118.39298203659179,
              36.286370803721546
            ],
            [
              -118.39304507546906,
              36.28637323765527
            ],
            [
              -118.39304097592789,
              36.28644283247713
            ]
          ]
        ]
      }
    },
    {
      "id": "631",
      "type": "Feature",
      "properties": {
        "id": null,
        "SOURCE_FILE": "/Users/maples/GitHub/mortalitree_testing/labels/ajones16_mortalitree_postfire_labels.geojson",
        "SUNETID": "ajones16",
        "FIRENAME": "CASTLE",
        "FIRE_SLUG": "CASTLE",
        "PREFIRE": 0,
        "PREFIRE_STATUS": "postfire",
        "TILE_Z": 17,
        "TILE_X": 22430,
        "TILE_Y": 51340,
        "TILEXYZ": [
          17,
          22430,
          51340
        ],
        "OUTPUT_FILE": "/Users/maples/GitHub/mortalitree_testing/notebooks/single_tiles/postfire/17/22430/51340.geojson",
        "OUTPUT_STATUS_DIR": "postfire",
        "FEATURE_COUNT": 228
      },
      "geometry": {
        "type": "Polygon",
        "coordinates": [
          [
            [
              -118.39354938280158,
              36.2864415349643
            ],
            [
              -118.39350926708804,
              36.2864399862679
            ],
            [
              -118.3935117265647,
              36.286398229347334
            ],
            [
              -118.39355184225697,
              36.28639977804137
            ],
            [
              -118.39354938280158,
              36.2864415349643
            ]
          ]
        ]
      }
    },
    {
      "id": "632",
      "type": "Feature",
      "properties": {
        "id": null,
        "SOURCE_FILE": "/Users/maples/GitHub/mortalitree_testing/labels/ajones16_mortalitree_postfire_labels.geojson",
        "SUNETID": "ajones16",
        "FIRENAME": "CASTLE",
        "FIRE_SLUG": "CASTLE",
        "PREFIRE": 0,
        "PREFIRE_STATUS": "postfire",
        "TILE_Z": 17,
        "TILE_X": 22430,
        "TILE_Y": 51340,
        "TILEXYZ": [
          17,
          22430,
          51340
        ],
        "OUTPUT_FILE": "/Users/maples/GitHub/mortalitree_testing/notebooks/single_tiles/postfire/17/22430/51340.geojson",
        "OUTPUT_STATUS_DIR": "postfire",
        "FEATURE_COUNT": 228
      },
      "geometry": {
        "type": "Polygon",
        "coordinates": [
          [
            [
              -118.39351322161444,
              36.286470365287016
            ],
            [
              -118.39346737507043,
              36.28646859533211
            ],
            [
              -118.39347038112716,
              36.28641755909905
            ],
            [
              -118.39351622764153,
              36.286419329050666
            ],
            [
              -118.39351322161444,
              36.286470365287016
            ]
          ]
        ]
      }
    },
    {
      "id": "633",
      "type": "Feature",
      "properties": {
        "id": null,
        "SOURCE_FILE": "/Users/maples/GitHub/mortalitree_testing/labels/ajones16_mortalitree_postfire_labels.geojson",
        "SUNETID": "ajones16",
        "FIRENAME": "CASTLE",
        "FIRE_SLUG": "CASTLE",
        "PREFIRE": 0,
        "PREFIRE_STATUS": "postfire",
        "TILE_Z": 17,
        "TILE_X": 22430,
        "TILE_Y": 51340,
        "TILEXYZ": [
          17,
          22430,
          51340
        ],
        "OUTPUT_FILE": "/Users/maples/GitHub/mortalitree_testing/notebooks/single_tiles/postfire/17/22430/51340.geojson",
        "OUTPUT_STATUS_DIR": "postfire",
        "FEATURE_COUNT": 228
      },
      "geometry": {
        "type": "Polygon",
        "coordinates": [
          [
            [
              -118.39361486944605,
              36.28654869277614
            ],
            [
              -118.39357475367397,
              36.286547144097796
            ],
            [
              -118.39357775966941,
              36.28649610785769
            ],
            [
              -118.39361787541553,
              36.28649765653315
            ],
            [
              -118.39361486944605,
              36.28654869277614
            ]
          ]
        ]
      }
    },
    {
      "id": "634",
      "type": "Feature",
      "properties": {
        "id": null,
        "SOURCE_FILE": "/Users/maples/GitHub/mortalitree_testing/labels/ajones16_mortalitree_postfire_labels.geojson",
        "SUNETID": "ajones16",
        "FIRENAME": "CASTLE",
        "FIRE_SLUG": "CASTLE",
        "PREFIRE": 0,
        "PREFIRE_STATUS": "postfire",
        "TILE_Z": 17,
        "TILE_X": 22430,
        "TILE_Y": 51340,
        "TILEXYZ": [
          17,
          22430,
          51340
        ],
        "OUTPUT_FILE": "/Users/maples/GitHub/mortalitree_testing/notebooks/single_tiles/postfire/17/22430/51340.geojson",
        "OUTPUT_STATUS_DIR": "postfire",
        "FEATURE_COUNT": 228
      },
      "geometry": {
        "type": "Polygon",
        "coordinates": [
          [
            [
              -118.39362533528211,
              36.287053644376726
            ],
            [
              -118.39356802666717,
              36.287051431953635
            ],
            [
              -118.39357294566264,
              36.28696791811367
            ],
            [
              -118.39363025421692,
              36.28697013053003
            ],
            [
              -118.39362533528211,
              36.287053644376726
            ]
          ]
        ]
      }
    },
    {
      "id": "635",
      "type": "Feature",
      "properties": {
        "id": null,
        "SOURCE_FILE": "/Users/maples/GitHub/mortalitree_testing/labels/ajones16_mortalitree_postfire_labels.geojson",
        "SUNETID": "ajones16",
        "FIRENAME": "CASTLE",
        "FIRE_SLUG": "CASTLE",
        "PREFIRE": 0,
        "PREFIRE_STATUS": "postfire",
        "TILE_Z": 17,
        "TILE_X": 22430,
        "TILE_Y": 51340,
        "TILEXYZ": [
          17,
          22430,
          51340
        ],
        "OUTPUT_FILE": "/Users/maples/GitHub/mortalitree_testing/notebooks/single_tiles/postfire/17/22430/51340.geojson",
        "OUTPUT_STATUS_DIR": "postfire",
        "FEATURE_COUNT": 228
      },
      "geometry": {
        "type": "Polygon",
        "coordinates": [
          [
            [
              -118.39390137690427,
              36.2869991977741
            ],
            [
              -118.39385553002582,
              36.28699742794594
            ],
            [
              -118.39385880914766,
              36.28694175202975
            ],
            [
              -118.39390465599378,
              36.28694352185433
            ],
            [
              -118.39390137690427,
              36.2869991977741
            ]
          ]
        ]
      }
    },
    {
      "id": "636",
      "type": "Feature",
      "properties": {
        "id": null,
        "SOURCE_FILE": "/Users/maples/GitHub/mortalitree_testing/labels/ajones16_mortalitree_postfire_labels.geojson",
        "SUNETID": "ajones16",
        "FIRENAME": "CASTLE",
        "FIRE_SLUG": "CASTLE",
        "PREFIRE": 0,
        "PREFIRE_STATUS": "postfire",
        "TILE_Z": 17,
        "TILE_X": 22430,
        "TILE_Y": 51340,
        "TILEXYZ": [
          17,
          22430,
          51340
        ],
        "OUTPUT_FILE": "/Users/maples/GitHub/mortalitree_testing/notebooks/single_tiles/postfire/17/22430/51340.geojson",
        "OUTPUT_STATUS_DIR": "postfire",
        "FEATURE_COUNT": 228
      },
      "geometry": {
        "type": "Polygon",
        "coordinates": [
          [
            [
              -118.3921646849127,
              36.28664383115754
            ],
            [
              -118.39209591507678,
              36.2866411754322
            ],
            [
              -118.39209974212658,
              36.2865762203539
            ],
            [
              -118.39216851190588,
              36.28657887607298
            ],
            [
              -118.3921646849127,
              36.28664383115754
            ]
          ]
        ]
      }
    },
    {
      "id": "637",
      "type": "Feature",
      "properties": {
        "id": null,
        "SOURCE_FILE": "/Users/maples/GitHub/mortalitree_testing/labels/ajones16_mortalitree_postfire_labels.geojson",
        "SUNETID": "ajones16",
        "FIRENAME": "CASTLE",
        "FIRE_SLUG": "CASTLE",
        "PREFIRE": 0,
        "PREFIRE_STATUS": "postfire",
        "TILE_Z": 17,
        "TILE_X": 22430,
        "TILE_Y": 51340,
        "TILEXYZ": [
          17,
          22430,
          51340
        ],
        "OUTPUT_FILE": "/Users/maples/GitHub/mortalitree_testing/notebooks/single_tiles/postfire/17/22430/51340.geojson",
        "OUTPUT_STATUS_DIR": "postfire",
        "FEATURE_COUNT": 228
      },
      "geometry": {
        "type": "Polygon",
        "coordinates": [
          [
            [
              -118.39207776585128,
              36.286656750263724
            ],
            [
              -118.39201472683202,
              36.286654315803766
            ],
            [
              -118.39201910068122,
              36.28658008143716
            ],
            [
              -118.39208213964119,
              36.286582515890544
            ],
            [
              -118.39207776585128,
              36.286656750263724
            ]
          ]
        ]
      }
    },
    {
      "id": "638",
      "type": "Feature",
      "properties": {
        "id": null,
        "SOURCE_FILE": "/Users/maples/GitHub/mortalitree_testing/labels/ajones16_mortalitree_postfire_labels.geojson",
        "SUNETID": "ajones16",
        "FIRENAME": "CASTLE",
        "FIRE_SLUG": "CASTLE",
        "PREFIRE": 0,
        "PREFIRE_STATUS": "postfire",
        "TILE_Z": 17,
        "TILE_X": 22430,
        "TILE_Y": 51340,
        "TILEXYZ": [
          17,
          22430,
          51340
        ],
        "OUTPUT_FILE": "/Users/maples/GitHub/mortalitree_testing/notebooks/single_tiles/postfire/17/22430/51340.geojson",
        "OUTPUT_STATUS_DIR": "postfire",
        "FEATURE_COUNT": 228
      },
      "geometry": {
        "type": "Polygon",
        "coordinates": [
          [
            [
              -118.39189477967092,
              36.28674036254603
            ],
            [
              -118.39181454812828,
              36.28673726400781
            ],
            [
              -118.39182028906833,
              36.286639831430215
            ],
            [
              -118.39190052051188,
              36.28664292995746
            ],
            [
              -118.39189477967092,
              36.28674036254603
            ]
          ]
        ]
      }
    },
    {
      "id": "639",
      "type": "Feature",
      "properties": {
        "id": null,
        "SOURCE_FILE": "/Users/maples/GitHub/mortalitree_testing/labels/ajones16_mortalitree_postfire_labels.geojson",
        "SUNETID": "ajones16",
        "FIRENAME": "CASTLE",
        "FIRE_SLUG": "CASTLE",
        "PREFIRE": 0,
        "PREFIRE_STATUS": "postfire",
        "TILE_Z": 17,
        "TILE_X": 22430,
        "TILE_Y": 51340,
        "TILEXYZ": [
          17,
          22430,
          51340
        ],
        "OUTPUT_FILE": "/Users/maples/GitHub/mortalitree_testing/notebooks/single_tiles/postfire/17/22430/51340.geojson",
        "OUTPUT_STATUS_DIR": "postfire",
        "FEATURE_COUNT": 228
      },
      "geometry": {
        "type": "Polygon",
        "coordinates": [
          [
            [
              -118.39180731371832,
              36.286762560737046
            ],
            [
              -118.39174427463801,
              36.286760126128435
            ],
            [
              -118.39174810199589,
              36.28669517108364
            ],
            [
              -118.39181114102429,
              36.28669760568651
            ],
            [
              -118.39180731371832,
              36.286762560737046
            ]
          ]
        ]
      }
    },
    {
      "id": "640",
      "type": "Feature",
      "properties": {
        "id": null,
        "SOURCE_FILE": "/Users/maples/GitHub/mortalitree_testing/labels/ajones16_mortalitree_postfire_labels.geojson",
        "SUNETID": "ajones16",
        "FIRENAME": "CASTLE",
        "FIRE_SLUG": "CASTLE",
        "PREFIRE": 0,
        "PREFIRE_STATUS": "postfire",
        "TILE_Z": 17,
        "TILE_X": 22430,
        "TILE_Y": 51340,
        "TILEXYZ": [
          17,
          22430,
          51340
        ],
        "OUTPUT_FILE": "/Users/maples/GitHub/mortalitree_testing/notebooks/single_tiles/postfire/17/22430/51340.geojson",
        "OUTPUT_STATUS_DIR": "postfire",
        "FEATURE_COUNT": 228
      },
      "geometry": {
        "type": "Polygon",
        "coordinates": [
          [
            [
              -118.3920504589029,
              36.286827753301964
            ],
            [
              -118.39197595808491,
              36.28682487618074
            ],
            [
              -118.3919792385213,
              36.28676920041053
            ],
            [
              -118.39205373928672,
              36.28677207752593
            ],
            [
              -118.3920504589029,
              36.286827753301964
            ]
          ]
        ]
      }
    },
    {
      "id": "641",
      "type": "Feature",
      "properties": {
        "id": null,
        "SOURCE_FILE": "/Users/maples/GitHub/mortalitree_testing/labels/ajones16_mortalitree_postfire_labels.geojson",
        "SUNETID": "ajones16",
        "FIRENAME": "CASTLE",
        "FIRE_SLUG": "CASTLE",
        "PREFIRE": 0,
        "PREFIRE_STATUS": "postfire",
        "TILE_Z": 17,
        "TILE_X": 22430,
        "TILE_Y": 51340,
        "TILEXYZ": [
          17,
          22430,
          51340
        ],
        "OUTPUT_FILE": "/Users/maples/GitHub/mortalitree_testing/notebooks/single_tiles/postfire/17/22430/51340.geojson",
        "OUTPUT_STATUS_DIR": "postfire",
        "FEATURE_COUNT": 228
      },
      "geometry": {
        "type": "Polygon",
        "coordinates": [
          [
            [
              -118.39238229588508,
              36.28689869540198
            ],
            [
              -118.39230779496475,
              36.28689581848269
            ],
            [
              -118.39231353532489,
              36.28679838583988
            ],
            [
              -118.39238803615318,
              36.28680126274898
            ],
            [
              -118.39238229588508,
              36.28689869540198
            ]
          ]
        ]
      }
    },
    {
      "id": "642",
      "type": "Feature",
      "properties": {
        "id": null,
        "SOURCE_FILE": "/Users/maples/GitHub/mortalitree_testing/labels/ajones16_mortalitree_postfire_labels.geojson",
        "SUNETID": "ajones16",
        "FIRENAME": "CASTLE",
        "FIRE_SLUG": "CASTLE",
        "PREFIRE": 0,
        "PREFIRE_STATUS": "postfire",
        "TILE_Z": 17,
        "TILE_X": 22430,
        "TILE_Y": 51340,
        "TILEXYZ": [
          17,
          22430,
          51340
        ],
        "OUTPUT_FILE": "/Users/maples/GitHub/mortalitree_testing/notebooks/single_tiles/postfire/17/22430/51340.geojson",
        "OUTPUT_STATUS_DIR": "postfire",
        "FEATURE_COUNT": 228
      },
      "geometry": {
        "type": "Polygon",
        "coordinates": [
          [
            [
              -118.39183039895262,
              36.286516991455294
            ],
            [
              -118.39173870603167,
              36.28651345023369
            ],
            [
              -118.3917433534998,
              36.286434576247956
            ],
            [
              -118.39183504632905,
              36.28643811745941
            ],
            [
              -118.39183039895262,
              36.286516991455294
            ]
          ]
        ]
      }
    },
    {
      "id": "643",
      "type": "Feature",
      "properties": {
        "id": null,
        "SOURCE_FILE": "/Users/maples/GitHub/mortalitree_testing/labels/ajones16_mortalitree_postfire_labels.geojson",
        "SUNETID": "ajones16",
        "FIRENAME": "CASTLE",
        "FIRE_SLUG": "CASTLE",
        "PREFIRE": 0,
        "PREFIRE_STATUS": "postfire",
        "TILE_Z": 17,
        "TILE_X": 22430,
        "TILE_Y": 51340,
        "TILEXYZ": [
          17,
          22430,
          51340
        ],
        "OUTPUT_FILE": "/Users/maples/GitHub/mortalitree_testing/notebooks/single_tiles/postfire/17/22430/51340.geojson",
        "OUTPUT_STATUS_DIR": "postfire",
        "FEATURE_COUNT": 228
      },
      "geometry": {
        "type": "Polygon",
        "coordinates": [
          [
            [
              -118.39186900603738,
              36.28659288573094
            ],
            [
              -118.39178304383562,
              36.28658956585954
            ],
            [
              -118.39178823802808,
              36.286501412576875
            ],
            [
              -118.3918742001338,
              36.28650473243765
            ],
            [
              -118.39186900603738,
              36.28659288573094
            ]
          ]
        ]
      }
    },
    {
      "id": "644",
      "type": "Feature",
      "properties": {
        "id": null,
        "SOURCE_FILE": "/Users/maples/GitHub/mortalitree_testing/labels/ajones16_mortalitree_postfire_labels.geojson",
        "SUNETID": "ajones16",
        "FIRENAME": "CASTLE",
        "FIRE_SLUG": "CASTLE",
        "PREFIRE": 0,
        "PREFIRE_STATUS": "postfire",
        "TILE_Z": 17,
        "TILE_X": 22430,
        "TILE_Y": 51340,
        "TILEXYZ": [
          17,
          22430,
          51340
        ],
        "OUTPUT_FILE": "/Users/maples/GitHub/mortalitree_testing/notebooks/single_tiles/postfire/17/22430/51340.geojson",
        "OUTPUT_STATUS_DIR": "postfire",
        "FEATURE_COUNT": 228
      },
      "geometry": {
        "type": "Polygon",
        "coordinates": [
          [
            [
              -118.39189985707675,
              36.28645922125103
            ],
            [
              -118.39180816421444,
              36.286455680087506
            ],
            [
              -118.39181199147677,
              36.28639072503357
            ],
            [
              -118.39190368426362,
              36.28639426618872
            ],
            [
              -118.39189985707675,
              36.28645922125103
            ]
          ]
        ]
      }
    },
    {
      "id": "645",
      "type": "Feature",
      "properties": {
        "id": null,
        "SOURCE_FILE": "/Users/maples/GitHub/mortalitree_testing/labels/ajones16_mortalitree_postfire_labels.geojson",
        "SUNETID": "ajones16",
        "FIRENAME": "CASTLE",
        "FIRE_SLUG": "CASTLE",
        "PREFIRE": 0,
        "PREFIRE_STATUS": "postfire",
        "TILE_Z": 17,
        "TILE_X": 22430,
        "TILE_Y": 51340,
        "TILEXYZ": [
          17,
          22430,
          51340
        ],
        "OUTPUT_FILE": "/Users/maples/GitHub/mortalitree_testing/notebooks/single_tiles/postfire/17/22430/51340.geojson",
        "OUTPUT_STATUS_DIR": "postfire",
        "FEATURE_COUNT": 228
      },
      "geometry": {
        "type": "Polygon",
        "coordinates": [
          [
            [
              -118.39183013565113,
              36.286423977195255
            ],
            [
              -118.39172125043858,
              36.28641977199579
            ],
            [
              -118.39172540317648,
              36.28634929429455
            ],
            [
              -118.3918345360671,
              36.28634929429455
            ],
            [
              -118.39183013565113,
              36.286423977195255
            ]
          ]
        ]
      }
    },
    {
      "id": "646",
      "type": "Feature",
      "properties": {
        "id": null,
        "SOURCE_FILE": "/Users/maples/GitHub/mortalitree_testing/labels/ajones16_mortalitree_postfire_labels.geojson",
        "SUNETID": "ajones16",
        "FIRENAME": "CASTLE",
        "FIRE_SLUG": "CASTLE",
        "PREFIRE": 0,
        "PREFIRE_STATUS": "postfire",
        "TILE_Z": 17,
        "TILE_X": 22430,
        "TILE_Y": 51340,
        "TILEXYZ": [
          17,
          22430,
          51340
        ],
        "OUTPUT_FILE": "/Users/maples/GitHub/mortalitree_testing/notebooks/single_tiles/postfire/17/22430/51340.geojson",
        "OUTPUT_STATUS_DIR": "postfire",
        "FEATURE_COUNT": 228
      },
      "geometry": {
        "type": "Polygon",
        "coordinates": [
          [
            [
              -118.39164115078367,
              36.28646318048692
            ],
            [
              -118.39155518875181,
              36.286459860461875
            ],
            [
              -118.39156065656604,
              36.28636706756053
            ],
            [
              -118.39164661849682,
              36.28637038757437
            ],
            [
              -118.39164115078367,
              36.28646318048692
            ]
          ]
        ]
      }
    },
    {
      "id": "647",
      "type": "Feature",
      "properties": {
        "id": null,
        "SOURCE_FILE": "/Users/maples/GitHub/mortalitree_testing/labels/ajones16_mortalitree_postfire_labels.geojson",
        "SUNETID": "ajones16",
        "FIRENAME": "CASTLE",
        "FIRE_SLUG": "CASTLE",
        "PREFIRE": 0,
        "PREFIRE_STATUS": "postfire",
        "TILE_Z": 17,
        "TILE_X": 22430,
        "TILE_Y": 51340,
        "TILEXYZ": [
          17,
          22430,
          51340
        ],
        "OUTPUT_FILE": "/Users/maples/GitHub/mortalitree_testing/notebooks/single_tiles/postfire/17/22430/51340.geojson",
        "OUTPUT_STATUS_DIR": "postfire",
        "FEATURE_COUNT": 228
      },
      "geometry": {
        "type": "Polygon",
        "coordinates": [
          [
            [
              -118.39154522558941,
              36.2864827266807
            ],
            [
              -118.39148791756007,
              36.28648051329052
            ],
            [
              -118.3914917450913,
              36.28641555826619
            ],
            [
              -118.39154905307346,
              36.28641777165115
            ],
            [
              -118.39154522558941,
              36.2864827266807
            ]
          ]
        ]
      }
    },
    {
      "id": "648",
      "type": "Feature",
      "properties": {
        "id": null,
        "SOURCE_FILE": "/Users/maples/GitHub/mortalitree_testing/labels/ajones16_mortalitree_postfire_labels.geojson",
        "SUNETID": "ajones16",
        "FIRENAME": "CASTLE",
        "FIRE_SLUG": "CASTLE",
        "PREFIRE": 0,
        "PREFIRE_STATUS": "postfire",
        "TILE_Z": 17,
        "TILE_X": 22430,
        "TILE_Y": 51340,
        "TILEXYZ": [
          17,
          22430,
          51340
        ],
        "OUTPUT_FILE": "/Users/maples/GitHub/mortalitree_testing/notebooks/single_tiles/postfire/17/22430/51340.geojson",
        "OUTPUT_STATUS_DIR": "postfire",
        "FEATURE_COUNT": 228
      },
      "geometry": {
        "type": "Polygon",
        "coordinates": [
          [
            [
              -118.39160648740268,
              36.28651531907292
            ],
            [
              -118.39156064095566,
              36.28651354838508
            ],
            [
              -118.39156419504053,
              36.286453232999534
            ],
            [
              -118.3916100414525,
              36.28645500368348
            ],
            [
              -118.39160648740268,
              36.28651531907292
            ]
          ]
        ]
      }
    },
    {
      "id": "649",
      "type": "Feature",
      "properties": {
        "id": null,
        "SOURCE_FILE": "/Users/maples/GitHub/mortalitree_testing/labels/ajones16_mortalitree_postfire_labels.geojson",
        "SUNETID": "ajones16",
        "FIRENAME": "CASTLE",
        "FIRE_SLUG": "CASTLE",
        "PREFIRE": 0,
        "PREFIRE_STATUS": "postfire",
        "TILE_Z": 17,
        "TILE_X": 22430,
        "TILE_Y": 51340,
        "TILEXYZ": [
          17,
          22430,
          51340
        ],
        "OUTPUT_FILE": "/Users/maples/GitHub/mortalitree_testing/notebooks/single_tiles/postfire/17/22430/51340.geojson",
        "OUTPUT_STATUS_DIR": "postfire",
        "FEATURE_COUNT": 228
      },
      "geometry": {
        "type": "Polygon",
        "coordinates": [
          [
            [
              -118.39154685550837,
              36.28655254269213
            ],
            [
              -118.39148381662014,
              36.28655010795828
            ],
            [
              -118.39148737076887,
              36.286489792579616
            ],
            [
              -118.39155040960891,
              36.28649222730814
            ],
            [
              -118.39154685550837,
              36.28655254269213
            ]
          ]
        ]
      }
    },
    {
      "id": "650",
      "type": "Feature",
      "properties": {
        "id": null,
        "SOURCE_FILE": "/Users/maples/GitHub/mortalitree_testing/labels/ajones16_mortalitree_postfire_labels.geojson",
        "SUNETID": "ajones16",
        "FIRENAME": "CASTLE",
        "FIRE_SLUG": "CASTLE",
        "PREFIRE": 0,
        "PREFIRE_STATUS": "postfire",
        "TILE_Z": 17,
        "TILE_X": 22430,
        "TILE_Y": 51340,
        "TILEXYZ": [
          17,
          22430,
          51340
        ],
        "OUTPUT_FILE": "/Users/maples/GitHub/mortalitree_testing/notebooks/single_tiles/postfire/17/22430/51340.geojson",
        "OUTPUT_STATUS_DIR": "postfire",
        "FEATURE_COUNT": 228
      },
      "geometry": {
        "type": "Polygon",
        "coordinates": [
          [
            [
              -118.39166665572634,
              36.28656647001984
            ],
            [
              -118.39158069357809,
              36.286563150005044
            ],
            [
              -118.39158397426391,
              36.286507474263445
            ],
            [
              -118.39166993635148,
              36.286510794271535
            ],
            [
              -118.39166665572634,
              36.28656647001984
            ]
          ]
        ]
      }
    },
    {
      "id": "651",
      "type": "Feature",
      "properties": {
        "id": null,
        "SOURCE_FILE": "/Users/maples/GitHub/mortalitree_testing/labels/ajones16_mortalitree_postfire_labels.geojson",
        "SUNETID": "ajones16",
        "FIRENAME": "CASTLE",
        "FIRE_SLUG": "CASTLE",
        "PREFIRE": 0,
        "PREFIRE_STATUS": "postfire",
        "TILE_Z": 17,
        "TILE_X": 22430,
        "TILE_Y": 51340,
        "TILEXYZ": [
          17,
          22430,
          51340
        ],
        "OUTPUT_FILE": "/Users/maples/GitHub/mortalitree_testing/notebooks/single_tiles/postfire/17/22430/51340.geojson",
        "OUTPUT_STATUS_DIR": "postfire",
        "FEATURE_COUNT": 228
      },
      "geometry": {
        "type": "Polygon",
        "coordinates": [
          [
            [
              -118.39173721771941,
              36.28639248743971
            ],
            [
              -118.39167417894298,
              36.2863900528154
            ],
            [
              -118.39167658056985,
              36.28634929429455
            ],
            [
              -118.39173976276767,
              36.28634929429455
            ],
            [
              -118.39173721771941,
              36.28639248743971
            ]
          ]
        ]
      }
    },
    {
      "id": "652",
      "type": "Feature",
      "properties": {
        "id": null,
        "SOURCE_FILE": "/Users/maples/GitHub/mortalitree_testing/labels/ajones16_mortalitree_postfire_labels.geojson",
        "SUNETID": "ajones16",
        "FIRENAME": "CASTLE",
        "FIRE_SLUG": "CASTLE",
        "PREFIRE": 0,
        "PREFIRE_STATUS": "postfire",
        "TILE_Z": 17,
        "TILE_X": 22430,
        "TILE_Y": 51340,
        "TILEXYZ": [
          17,
          22430,
          51340
        ],
        "OUTPUT_FILE": "/Users/maples/GitHub/mortalitree_testing/notebooks/single_tiles/postfire/17/22430/51340.geojson",
        "OUTPUT_STATUS_DIR": "postfire",
        "FEATURE_COUNT": 228
      },
      "geometry": {
        "type": "Polygon",
        "coordinates": [
          [
            [
              -118.39167604120381,
              36.286845844752285
            ],
            [
              -118.39162446372863,
              36.28684385274169
            ],
            [
              -118.39162856458768,
              36.28677425806356
            ],
            [
              -118.39168014201735,
              36.2867762500691
            ],
            [
              -118.39167604120381,
              36.286845844752285
            ]
          ]
        ]
      }
    },
    {
      "id": "653",
      "type": "Feature",
      "properties": {
        "id": null,
        "SOURCE_FILE": "/Users/maples/GitHub/mortalitree_testing/labels/ajones16_mortalitree_postfire_labels.geojson",
        "SUNETID": "ajones16",
        "FIRENAME": "CASTLE",
        "FIRE_SLUG": "CASTLE",
        "PREFIRE": 0,
        "PREFIRE_STATUS": "postfire",
        "TILE_Z": 17,
        "TILE_X": 22430,
        "TILE_Y": 51340,
        "TILEXYZ": [
          17,
          22430,
          51340
        ],
        "OUTPUT_FILE": "/Users/maples/GitHub/mortalitree_testing/notebooks/single_tiles/postfire/17/22430/51340.geojson",
        "OUTPUT_STATUS_DIR": "postfire",
        "FEATURE_COUNT": 228
      },
      "geometry": {
        "type": "Polygon",
        "coordinates": [
          [
            [
              -118.39156470010585,
              36.28683456923419
            ],
            [
              -118.39149019933244,
              36.28683169180985
            ],
            [
              -118.39149375351283,
              36.2867713764335
            ],
            [
              -118.3915682542293,
              36.28677425385153
            ],
            [
              -118.39156470010585,
              36.28683456923419
            ]
          ]
        ]
      }
    },
    {
      "id": "654",
      "type": "Feature",
      "properties": {
        "id": null,
        "SOURCE_FILE": "/Users/maples/GitHub/mortalitree_testing/labels/ajones16_mortalitree_postfire_labels.geojson",
        "SUNETID": "ajones16",
        "FIRENAME": "CASTLE",
        "FIRE_SLUG": "CASTLE",
        "PREFIRE": 0,
        "PREFIRE_STATUS": "postfire",
        "TILE_Z": 17,
        "TILE_X": 22430,
        "TILE_Y": 51340,
        "TILEXYZ": [
          17,
          22430,
          51340
        ],
        "OUTPUT_FILE": "/Users/maples/GitHub/mortalitree_testing/notebooks/single_tiles/postfire/17/22430/51340.geojson",
        "OUTPUT_STATUS_DIR": "postfire",
        "FEATURE_COUNT": 228
      },
      "geometry": {
        "type": "Polygon",
        "coordinates": [
          [
            [
              -118.3915817506777,
              36.286886380011204
            ],
            [
              -118.39151298068552,
              36.286883723935404
            ],
            [
              -118.3915159880605,
              36.28683268784659
            ],
            [
              -118.39158475800821,
              36.28683534391746
            ],
            [
              -118.3915817506777,
              36.286886380011204
            ]
          ]
        ]
      }
    },
    {
      "id": "655",
      "type": "Feature",
      "properties": {
        "id": null,
        "SOURCE_FILE": "/Users/maples/GitHub/mortalitree_testing/labels/ajones16_mortalitree_postfire_labels.geojson",
        "SUNETID": "ajones16",
        "FIRENAME": "CASTLE",
        "FIRE_SLUG": "CASTLE",
        "PREFIRE": 0,
        "PREFIRE_STATUS": "postfire",
        "TILE_Z": 17,
        "TILE_X": 22430,
        "TILE_Y": 51340,
        "TILEXYZ": [
          17,
          22430,
          51340
        ],
        "OUTPUT_FILE": "/Users/maples/GitHub/mortalitree_testing/notebooks/single_tiles/postfire/17/22430/51340.geojson",
        "OUTPUT_STATUS_DIR": "postfire",
        "FEATURE_COUNT": 228
      },
      "geometry": {
        "type": "Polygon",
        "coordinates": [
          [
            [
              -118.39172951185715,
              36.28701066700556
            ],
            [
              -118.39162062584498,
              36.28700646165624
            ],
            [
              -118.39162472673178,
              36.28693686698036
            ],
            [
              -118.3917336126479,
              36.286941072319046
            ],
            [
              -118.39172951185715,
              36.28701066700556
            ]
          ]
        ]
      }
    },
    {
      "id": "656",
      "type": "Feature",
      "properties": {
        "id": null,
        "SOURCE_FILE": "/Users/maples/GitHub/mortalitree_testing/labels/ajones16_mortalitree_postfire_labels.geojson",
        "SUNETID": "ajones16",
        "FIRENAME": "CASTLE",
        "FIRE_SLUG": "CASTLE",
        "PREFIRE": 0,
        "PREFIRE_STATUS": "postfire",
        "TILE_Z": 17,
        "TILE_X": 22430,
        "TILE_Y": 51340,
        "TILEXYZ": [
          17,
          22430,
          51340
        ],
        "OUTPUT_FILE": "/Users/maples/GitHub/mortalitree_testing/notebooks/single_tiles/postfire/17/22430/51340.geojson",
        "OUTPUT_STATUS_DIR": "postfire",
        "FEATURE_COUNT": 228
      },
      "geometry": {
        "type": "Polygon",
        "coordinates": [
          [
            [
              -118.39151296487977,
              36.287030204744994
            ],
            [
              -118.39142127139948,
              36.28702666323707
            ],
            [
              -118.3914259192742,
              36.28694778929343
            ],
            [
              -118.3915176126628,
              36.2869513307912
            ],
            [
              -118.39151296487977,
              36.287030204744994
            ]
          ]
        ]
      }
    },
    {
      "id": "657",
      "type": "Feature",
      "properties": {
        "id": null,
        "SOURCE_FILE": "/Users/maples/GitHub/mortalitree_testing/labels/ajones16_mortalitree_postfire_labels.geojson",
        "SUNETID": "ajones16",
        "FIRENAME": "CASTLE",
        "FIRE_SLUG": "CASTLE",
        "PREFIRE": 0,
        "PREFIRE_STATUS": "postfire",
        "TILE_Z": 17,
        "TILE_X": 22430,
        "TILE_Y": 51340,
        "TILEXYZ": [
          17,
          22430,
          51340
        ],
        "OUTPUT_FILE": "/Users/maples/GitHub/mortalitree_testing/notebooks/single_tiles/postfire/17/22430/51340.geojson",
        "OUTPUT_STATUS_DIR": "postfire",
        "FEATURE_COUNT": 228
      },
      "geometry": {
        "type": "Polygon",
        "coordinates": [
          [
            [
              -118.39182692095972,
              36.287160910452435
            ],
            [
              -118.39174095814003,
              36.28715759050627
            ],
            [
              -118.39174587910146,
              36.287074076883
            ],
            [
              -118.39183184183013,
              36.28707739681908
            ],
            [
              -118.39182692095972,
              36.287160910452435
            ]
          ]
        ]
      }
    },
    {
      "id": "658",
      "type": "Feature",
      "properties": {
        "id": null,
        "SOURCE_FILE": "/Users/maples/GitHub/mortalitree_testing/labels/ajones16_mortalitree_postfire_labels.geojson",
        "SUNETID": "ajones16",
        "FIRENAME": "CASTLE",
        "FIRE_SLUG": "CASTLE",
        "PREFIRE": 0,
        "PREFIRE_STATUS": "postfire",
        "TILE_Z": 17,
        "TILE_X": 22430,
        "TILE_Y": 51340,
        "TILEXYZ": [
          17,
          22430,
          51340
        ],
        "OUTPUT_FILE": "/Users/maples/GitHub/mortalitree_testing/notebooks/single_tiles/postfire/17/22430/51340.geojson",
        "OUTPUT_STATUS_DIR": "postfire",
        "FEATURE_COUNT": 228
      },
      "geometry": {
        "type": "Polygon",
        "coordinates": [
          [
            [
              -118.39158540491056,
              36.2871655333821
            ],
            [
              -118.39150517296768,
              36.28716243460519
            ],
            [
              -118.39151173458124,
              36.28705108314427
            ],
            [
              -118.39159196641084,
              36.287054181908616
            ],
            [
              -118.39158540491056,
              36.2871655333821
            ]
          ]
        ]
      }
    },
    {
      "id": "659",
      "type": "Feature",
      "properties": {
        "id": null,
        "SOURCE_FILE": "/Users/maples/GitHub/mortalitree_testing/labels/ajones16_mortalitree_postfire_labels.geojson",
        "SUNETID": "ajones16",
        "FIRENAME": "CASTLE",
        "FIRE_SLUG": "CASTLE",
        "PREFIRE": 0,
        "PREFIRE_STATUS": "postfire",
        "TILE_Z": 17,
        "TILE_X": 22430,
        "TILE_Y": 51340,
        "TILEXYZ": [
          17,
          22430,
          51340
        ],
        "OUTPUT_FILE": "/Users/maples/GitHub/mortalitree_testing/notebooks/single_tiles/postfire/17/22430/51340.geojson",
        "OUTPUT_STATUS_DIR": "postfire",
        "FEATURE_COUNT": 228
      },
      "geometry": {
        "type": "Polygon",
        "coordinates": [
          [
            [
              -118.39178186866765,
              36.287389355618515
            ],
            [
              -118.39170163647344,
              36.28738625695706
            ],
            [
              -118.3917054639542,
              36.28732130192299
            ],
            [
              -118.39178569608235,
              36.28732440057711
            ],
            [
              -118.39178186866765,
              36.287389355618515
            ]
          ]
        ]
      }
    },
    {
      "id": "660",
      "type": "Feature",
      "properties": {
        "id": null,
        "SOURCE_FILE": "/Users/maples/GitHub/mortalitree_testing/labels/ajones16_mortalitree_postfire_labels.geojson",
        "SUNETID": "ajones16",
        "FIRENAME": "CASTLE",
        "FIRE_SLUG": "CASTLE",
        "PREFIRE": 0,
        "PREFIRE_STATUS": "postfire",
        "TILE_Z": 17,
        "TILE_X": 22430,
        "TILE_Y": 51340,
        "TILEXYZ": [
          17,
          22430,
          51340
        ],
        "OUTPUT_FILE": "/Users/maples/GitHub/mortalitree_testing/notebooks/single_tiles/postfire/17/22430/51340.geojson",
        "OUTPUT_STATUS_DIR": "postfire",
        "FEATURE_COUNT": 228
      },
      "geometry": {
        "type": "Polygon",
        "coordinates": [
          [
            [
              -118.39175376623392,
              36.28733014272356
            ],
            [
              -118.39167353410349,
              36.2873270440476
            ],
            [
              -118.39167708820709,
              36.287266728660626
            ],
            [
              -118.3917573202762,
              36.28726982732981
            ],
            [
              -118.39175376623392,
              36.28733014272356
            ]
          ]
        ]
      }
    },
    {
      "id": "661",
      "type": "Feature",
      "properties": {
        "id": null,
        "SOURCE_FILE": "/Users/maples/GitHub/mortalitree_testing/labels/ajones16_mortalitree_postfire_labels.geojson",
        "SUNETID": "ajones16",
        "FIRENAME": "CASTLE",
        "FIRE_SLUG": "CASTLE",
        "PREFIRE": 0,
        "PREFIRE_STATUS": "postfire",
        "TILE_Z": 17,
        "TILE_X": 22430,
        "TILE_Y": 51340,
        "TILEXYZ": [
          17,
          22430,
          51340
        ],
        "OUTPUT_FILE": "/Users/maples/GitHub/mortalitree_testing/notebooks/single_tiles/postfire/17/22430/51340.geojson",
        "OUTPUT_STATUS_DIR": "postfire",
        "FEATURE_COUNT": 228
      },
      "geometry": {
        "type": "Polygon",
        "coordinates": [
          [
            [
              -118.3918586988312,
              36.28730396895563
            ],
            [
              -118.39179565931086,
              36.28730153434299
            ],
            [
              -118.39180085362422,
              36.28721338106925
            ],
            [
              -118.39186389307413,
              36.287215815674095
            ],
            [
              -118.3918586988312,
              36.28730396895563
            ]
          ]
        ]
      }
    },
    {
      "id": "662",
      "type": "Feature",
      "properties": {
        "id": null,
        "SOURCE_FILE": "/Users/maples/GitHub/mortalitree_testing/labels/ajones16_mortalitree_postfire_labels.geojson",
        "SUNETID": "ajones16",
        "FIRENAME": "CASTLE",
        "FIRE_SLUG": "CASTLE",
        "PREFIRE": 0,
        "PREFIRE_STATUS": "postfire",
        "TILE_Z": 17,
        "TILE_X": 22430,
        "TILE_Y": 51340,
        "TILEXYZ": [
          17,
          22430,
          51340
        ],
        "OUTPUT_FILE": "/Users/maples/GitHub/mortalitree_testing/notebooks/single_tiles/postfire/17/22430/51340.geojson",
        "OUTPUT_STATUS_DIR": "postfire",
        "FEATURE_COUNT": 228
      },
      "geometry": {
        "type": "Polygon",
        "coordinates": [
          [
            [
              -118.39194575031004,
              36.28733755719489
            ],
            [
              -118.39187124901844,
              36.287334679973796
            ],
            [
              -118.39187562311226,
              36.28726044563065
            ],
            [
              -118.39195012433375,
              36.287263322843984
            ],
            [
              -118.39194575031004,
              36.28733755719489
            ]
          ]
        ]
      }
    },
    {
      "id": "663",
      "type": "Feature",
      "properties": {
        "id": null,
        "SOURCE_FILE": "/Users/maples/GitHub/mortalitree_testing/labels/ajones16_mortalitree_postfire_labels.geojson",
        "SUNETID": "ajones16",
        "FIRENAME": "CASTLE",
        "FIRE_SLUG": "CASTLE",
        "PREFIRE": 0,
        "PREFIRE_STATUS": "postfire",
        "TILE_Z": 17,
        "TILE_X": 22430,
        "TILE_Y": 51340,
        "TILEXYZ": [
          17,
          22430,
          51340
        ],
        "OUTPUT_FILE": "/Users/maples/GitHub/mortalitree_testing/notebooks/single_tiles/postfire/17/22430/51340.geojson",
        "OUTPUT_STATUS_DIR": "postfire",
        "FEATURE_COUNT": 228
      },
      "geometry": {
        "type": "Polygon",
        "coordinates": [
          [
            [
              -118.39196663849205,
              36.2872267589722
            ],
            [
              -118.3919035990242,
              36.28722432442091
            ],
            [
              -118.39190687955987,
              36.28716864866009
            ],
            [
              -118.39196991898322,
              36.287171083206474
            ],
            [
              -118.39196663849205,
              36.2872267589722
            ]
          ]
        ]
      }
    },
    {
      "id": "664",
      "type": "Feature",
      "properties": {
        "id": null,
        "SOURCE_FILE": "/Users/maples/GitHub/mortalitree_testing/labels/ajones16_mortalitree_postfire_labels.geojson",
        "SUNETID": "ajones16",
        "FIRENAME": "CASTLE",
        "FIRE_SLUG": "CASTLE",
        "PREFIRE": 0,
        "PREFIRE_STATUS": "postfire",
        "TILE_Z": 17,
        "TILE_X": 22430,
        "TILE_Y": 51340,
        "TILEXYZ": [
          17,
          22430,
          51340
        ],
        "OUTPUT_FILE": "/Users/maples/GitHub/mortalitree_testing/notebooks/single_tiles/postfire/17/22430/51340.geojson",
        "OUTPUT_STATUS_DIR": "postfire",
        "FEATURE_COUNT": 228
      },
      "geometry": {
        "type": "Polygon",
        "coordinates": [
          [
            [
              -118.39189377757658,
              36.2871960438918
            ],
            [
              -118.3918479307128,
              36.28719427328567
            ],
            [
              -118.39185175804546,
              36.2871293182361
            ],
            [
              -118.39189760487149,
              36.28713108883806
            ],
            [
              -118.39189377757658,
              36.2871960438918
            ]
          ]
        ]
      }
    },
    {
      "id": "665",
      "type": "Feature",
      "properties": {
        "id": null,
        "SOURCE_FILE": "/Users/maples/GitHub/mortalitree_testing/labels/ajones16_mortalitree_postfire_labels.geojson",
        "SUNETID": "ajones16",
        "FIRENAME": "CASTLE",
        "FIRE_SLUG": "CASTLE",
        "PREFIRE": 0,
        "PREFIRE_STATUS": "postfire",
        "TILE_Z": 17,
        "TILE_X": 22430,
        "TILE_Y": 51340,
        "TILEXYZ": [
          17,
          22430,
          51340
        ],
        "OUTPUT_FILE": "/Users/maples/GitHub/mortalitree_testing/notebooks/single_tiles/postfire/17/22430/51340.geojson",
        "OUTPUT_STATUS_DIR": "postfire",
        "FEATURE_COUNT": 228
      },
      "geometry": {
        "type": "Polygon",
        "coordinates": [
          [
            [
              -118.39173631054675,
              36.287236464482184
            ],
            [
              -118.3916560785142,
              36.28723336580135
            ],
            [
              -118.3916601794035,
              36.28716377112464
            ],
            [
              -118.39174041136528,
              36.28716686979763
            ],
            [
              -118.39173631054675,
              36.287236464482184
            ]
          ]
        ]
      }
    },
    {
      "id": "666",
      "type": "Feature",
      "properties": {
        "id": null,
        "SOURCE_FILE": "/Users/maples/GitHub/mortalitree_testing/labels/ajones16_mortalitree_postfire_labels.geojson",
        "SUNETID": "ajones16",
        "FIRENAME": "CASTLE",
        "FIRE_SLUG": "CASTLE",
        "PREFIRE": 0,
        "PREFIRE_STATUS": "postfire",
        "TILE_Z": 17,
        "TILE_X": 22430,
        "TILE_Y": 51340,
        "TILEXYZ": [
          17,
          22430,
          51340
        ],
        "OUTPUT_FILE": "/Users/maples/GitHub/mortalitree_testing/notebooks/single_tiles/postfire/17/22430/51340.geojson",
        "OUTPUT_STATUS_DIR": "postfire",
        "FEATURE_COUNT": 228
      },
      "geometry": {
        "type": "Polygon",
        "coordinates": [
          [
            [
              -118.39197699170894,
              36.28739224106894
            ],
            [
              -118.39190822123454,
              36.287389585188734
            ],
            [
              -118.39191150178671,
              36.28733390942911
            ],
            [
              -118.39198027221259,
              36.287336565303924
            ],
            [
              -118.39197699170894,
              36.28739224106894
            ]
          ]
        ]
      }
    },
    {
      "id": "667",
      "type": "Feature",
      "properties": {
        "id": null,
        "SOURCE_FILE": "/Users/maples/GitHub/mortalitree_testing/labels/ajones16_mortalitree_postfire_labels.geojson",
        "SUNETID": "ajones16",
        "FIRENAME": "CASTLE",
        "FIRE_SLUG": "CASTLE",
        "PREFIRE": 0,
        "PREFIRE_STATUS": "postfire",
        "TILE_Z": 17,
        "TILE_X": 22430,
        "TILE_Y": 51340,
        "TILEXYZ": [
          17,
          22430,
          51340
        ],
        "OUTPUT_FILE": "/Users/maples/GitHub/mortalitree_testing/notebooks/single_tiles/postfire/17/22430/51340.geojson",
        "OUTPUT_STATUS_DIR": "postfire",
        "FEATURE_COUNT": 228
      },
      "geometry": {
        "type": "Polygon",
        "coordinates": [
          [
            [
              -118.39232247955512,
              36.28742650895364
            ],
            [
              -118.39223651638402,
              36.28742318934291
            ],
            [
              -118.39224034342664,
              36.28735823426023
            ],
            [
              -118.39232630652695,
              36.2873615538631
            ],
            [
              -118.39232247955512,
              36.28742650895364
            ]
          ]
        ]
      }
    },
    {
      "id": "668",
      "type": "Feature",
      "properties": {
        "id": null,
        "SOURCE_FILE": "/Users/maples/GitHub/mortalitree_testing/labels/ajones16_mortalitree_postfire_labels.geojson",
        "SUNETID": "ajones16",
        "FIRENAME": "CASTLE",
        "FIRE_SLUG": "CASTLE",
        "PREFIRE": 0,
        "PREFIRE_STATUS": "postfire",
        "TILE_Z": 17,
        "TILE_X": 22430,
        "TILE_Y": 51340,
        "TILEXYZ": [
          17,
          22430,
          51340
        ],
        "OUTPUT_FILE": "/Users/maples/GitHub/mortalitree_testing/notebooks/single_tiles/postfire/17/22430/51340.geojson",
        "OUTPUT_STATUS_DIR": "postfire",
        "FEATURE_COUNT": 228
      },
      "geometry": {
        "type": "Polygon",
        "coordinates": [
          [
            [
              -118.39259456430975,
              36.2873905134914
            ],
            [
              -118.39253152465432,
              36.28738807926173
            ],
            [
              -118.39253453142146,
              36.287337043103875
            ],
            [
              -118.39259757103608,
              36.28733947732903
            ],
            [
              -118.39259456430975,
              36.2873905134914
            ]
          ]
        ]
      }
    },
    {
      "id": "669",
      "type": "Feature",
      "properties": {
        "id": null,
        "SOURCE_FILE": "/Users/maples/GitHub/mortalitree_testing/labels/ajones16_mortalitree_postfire_labels.geojson",
        "SUNETID": "ajones16",
        "FIRENAME": "CASTLE",
        "FIRE_SLUG": "CASTLE",
        "PREFIRE": 0,
        "PREFIRE_STATUS": "postfire",
        "TILE_Z": 17,
        "TILE_X": 22430,
        "TILE_Y": 51340,
        "TILEXYZ": [
          17,
          22430,
          51340
        ],
        "OUTPUT_FILE": "/Users/maples/GitHub/mortalitree_testing/notebooks/single_tiles/postfire/17/22430/51340.geojson",
        "OUTPUT_STATUS_DIR": "postfire",
        "FEATURE_COUNT": 228
      },
      "geometry": {
        "type": "Polygon",
        "coordinates": [
          [
            [
              -118.39253479544699,
              36.28743005741297
            ],
            [
              -118.39247748664495,
              36.28742784444756
            ],
            [
              -118.39248104014295,
              36.287367528993215
            ],
            [
              -118.39253834890117,
              36.28736974195377
            ],
            [
              -118.39253479544699,
              36.28743005741297
            ]
          ]
        ]
      }
    },
    {
      "id": "670",
      "type": "Feature",
      "properties": {
        "id": null,
        "SOURCE_FILE": "/Users/maples/GitHub/mortalitree_testing/labels/ajones16_mortalitree_postfire_labels.geojson",
        "SUNETID": "ajones16",
        "FIRENAME": "CASTLE",
        "FIRE_SLUG": "CASTLE",
        "PREFIRE": 0,
        "PREFIRE_STATUS": "postfire",
        "TILE_Z": 17,
        "TILE_X": 22430,
        "TILE_Y": 51340,
        "TILEXYZ": [
          17,
          22430,
          51340
        ],
        "OUTPUT_FILE": "/Users/maples/GitHub/mortalitree_testing/notebooks/single_tiles/postfire/17/22430/51340.geojson",
        "OUTPUT_STATUS_DIR": "postfire",
        "FEATURE_COUNT": 228
      },
      "geometry": {
        "type": "Polygon",
        "coordinates": [
          [
            [
              -118.39244829026444,
              36.28738719027895
            ],
            [
              -118.39238525062471,
              36.28738475597235
            ],
            [
              -118.39238880418807,
              36.28732444052541
            ],
            [
              -118.39245184377961,
              36.28732687482667
            ],
            [
              -118.39244829026444,
              36.28738719027895
            ]
          ]
        ]
      }
    },
    {
      "id": "671",
      "type": "Feature",
      "properties": {
        "id": null,
        "SOURCE_FILE": "/Users/maples/GitHub/mortalitree_testing/labels/ajones16_mortalitree_postfire_labels.geojson",
        "SUNETID": "ajones16",
        "FIRENAME": "CASTLE",
        "FIRE_SLUG": "CASTLE",
        "PREFIRE": 0,
        "PREFIRE_STATUS": "postfire",
        "TILE_Z": 17,
        "TILE_X": 22430,
        "TILE_Y": 51340,
        "TILEXYZ": [
          17,
          22430,
          51340
        ],
        "OUTPUT_FILE": "/Users/maples/GitHub/mortalitree_testing/notebooks/single_tiles/postfire/17/22430/51340.geojson",
        "OUTPUT_STATUS_DIR": "postfire",
        "FEATURE_COUNT": 228
      },
      "geometry": {
        "type": "Polygon",
        "coordinates": [
          [
            [
              -118.39245851253317,
              36.287506165254655
            ],
            [
              -118.39238401102739,
              36.28750328834161
            ],
            [
              -118.39238838466248,
              36.28742905394686
            ],
            [
              -118.39246288609813,
              36.287431930852144
            ],
            [
              -118.39245851253317,
              36.287506165254655
            ]
          ]
        ]
      }
    },
    {
      "id": "672",
      "type": "Feature",
      "properties": {
        "id": null,
        "SOURCE_FILE": "/Users/maples/GitHub/mortalitree_testing/labels/ajones16_mortalitree_postfire_labels.geojson",
        "SUNETID": "ajones16",
        "FIRENAME": "CASTLE",
        "FIRE_SLUG": "CASTLE",
        "PREFIRE": 0,
        "PREFIRE_STATUS": "postfire",
        "TILE_Z": 17,
        "TILE_X": 22430,
        "TILE_Y": 51340,
        "TILEXYZ": [
          17,
          22430,
          51340
        ],
        "OUTPUT_FILE": "/Users/maples/GitHub/mortalitree_testing/notebooks/single_tiles/postfire/17/22430/51340.geojson",
        "OUTPUT_STATUS_DIR": "postfire",
        "FEATURE_COUNT": 228
      },
      "geometry": {
        "type": "Polygon",
        "coordinates": [
          [
            [
              -118.392655808923,
              36.2876184133609
            ],
            [
              -118.39256984550101,
              36.28761509397477
            ],
            [
              -118.39257394563609,
              36.2875454992128
            ],
            [
              -118.39265990898224,
              36.287548818590516
            ],
            [
              -118.392655808923,
              36.2876184133609
            ]
          ]
        ]
      }
    },
    {
      "id": "673",
      "type": "Feature",
      "properties": {
        "id": null,
        "SOURCE_FILE": "/Users/maples/GitHub/mortalitree_testing/labels/ajones16_mortalitree_postfire_labels.geojson",
        "SUNETID": "ajones16",
        "FIRENAME": "CASTLE",
        "FIRE_SLUG": "CASTLE",
        "PREFIRE": 0,
        "PREFIRE_STATUS": "postfire",
        "TILE_Z": 17,
        "TILE_X": 22430,
        "TILE_Y": 51340,
        "TILEXYZ": [
          17,
          22430,
          51340
        ],
        "OUTPUT_FILE": "/Users/maples/GitHub/mortalitree_testing/notebooks/single_tiles/postfire/17/22430/51340.geojson",
        "OUTPUT_STATUS_DIR": "postfire",
        "FEATURE_COUNT": 228
      },
      "geometry": {
        "type": "Polygon",
        "coordinates": [
          [
            [
              -118.39261145587842,
              36.28768877891243
            ],
            [
              -118.39253122328377,
              36.287685680785735
            ],
            [
              -118.39253532346372,
              36.28761608602835
            ],
            [
              -118.39261555598759,
              36.28761918414722
            ],
            [
              -118.39261145587842,
              36.28768877891243
            ]
          ]
        ]
      }
    },
    {
      "id": "674",
      "type": "Feature",
      "properties": {
        "id": null,
        "SOURCE_FILE": "/Users/maples/GitHub/mortalitree_testing/labels/ajones16_mortalitree_postfire_labels.geojson",
        "SUNETID": "ajones16",
        "FIRENAME": "CASTLE",
        "FIRE_SLUG": "CASTLE",
        "PREFIRE": 0,
        "PREFIRE_STATUS": "postfire",
        "TILE_Z": 17,
        "TILE_X": 22430,
        "TILE_Y": 51340,
        "TILEXYZ": [
          17,
          22430,
          51340
        ],
        "OUTPUT_FILE": "/Users/maples/GitHub/mortalitree_testing/notebooks/single_tiles/postfire/17/22430/51340.geojson",
        "OUTPUT_STATUS_DIR": "postfire",
        "FEATURE_COUNT": 228
      },
      "geometry": {
        "type": "Polygon",
        "coordinates": [
          [
            [
              -118.39287889497187,
              36.28773165694328
            ],
            [
              -118.39281012411215,
              36.28772900156051
            ],
            [
              -118.3928125840771,
              36.28768724469009
            ],
            [
              -118.39288135490042,
              36.28768990006884
            ],
            [
              -118.39287889497187,
              36.28773165694328
            ]
          ]
        ]
      }
    },
    {
      "id": "675",
      "type": "Feature",
      "properties": {
        "id": null,
        "SOURCE_FILE": "/Users/maples/GitHub/mortalitree_testing/labels/ajones16_mortalitree_postfire_labels.geojson",
        "SUNETID": "ajones16",
        "FIRENAME": "CASTLE",
        "FIRE_SLUG": "CASTLE",
        "PREFIRE": 0,
        "PREFIRE_STATUS": "postfire",
        "TILE_Z": 17,
        "TILE_X": 22430,
        "TILE_Y": 51340,
        "TILEXYZ": [
          17,
          22430,
          51340
        ],
        "OUTPUT_FILE": "/Users/maples/GitHub/mortalitree_testing/notebooks/single_tiles/postfire/17/22430/51340.geojson",
        "OUTPUT_STATUS_DIR": "postfire",
        "FEATURE_COUNT": 228
      },
      "geometry": {
        "type": "Polygon",
        "coordinates": [
          [
            [
              -118.39296458965072,
              36.28769078877229
            ],
            [
              -118.39288435701405,
              36.287687690882386
            ],
            [
              -118.39288791023264,
              36.28762737539604
            ],
            [
              -118.39296814280797,
              36.287630473279165
            ],
            [
              -118.39296458965072,
              36.28769078877229
            ]
          ]
        ]
      }
    },
    {
      "id": "676",
      "type": "Feature",
      "properties": {
        "id": null,
        "SOURCE_FILE": "/Users/maples/GitHub/mortalitree_testing/labels/ajones16_mortalitree_postfire_labels.geojson",
        "SUNETID": "ajones16",
        "FIRENAME": "CASTLE",
        "FIRE_SLUG": "CASTLE",
        "PREFIRE": 0,
        "PREFIRE_STATUS": "postfire",
        "TILE_Z": 17,
        "TILE_X": 22430,
        "TILE_Y": 51340,
        "TILEXYZ": [
          17,
          22430,
          51340
        ],
        "OUTPUT_FILE": "/Users/maples/GitHub/mortalitree_testing/notebooks/single_tiles/postfire/17/22430/51340.geojson",
        "OUTPUT_STATUS_DIR": "postfire",
        "FEATURE_COUNT": 228
      },
      "geometry": {
        "type": "Polygon",
        "coordinates": [
          [
            [
              -118.39282230067195,
              36.28737605605314
            ],
            [
              -118.39278218452125,
              36.28737450707865
            ],
            [
              -118.39278573777783,
              36.287314191597844
            ],
            [
              -118.39282585389785,
              36.28731574056892
            ],
            [
              -118.39282230067195,
              36.28737605605314
            ]
          ]
        ]
      }
    },
    {
      "id": "677",
      "type": "Feature",
      "properties": {
        "id": null,
        "SOURCE_FILE": "/Users/maples/GitHub/mortalitree_testing/labels/ajones16_mortalitree_postfire_labels.geojson",
        "SUNETID": "ajones16",
        "FIRENAME": "CASTLE",
        "FIRE_SLUG": "CASTLE",
        "PREFIRE": 0,
        "PREFIRE_STATUS": "postfire",
        "TILE_Z": 17,
        "TILE_X": 22430,
        "TILE_Y": 51340,
        "TILEXYZ": [
          17,
          22430,
          51340
        ],
        "OUTPUT_FILE": "/Users/maples/GitHub/mortalitree_testing/notebooks/single_tiles/postfire/17/22430/51340.geojson",
        "OUTPUT_STATUS_DIR": "postfire",
        "FEATURE_COUNT": 228
      },
      "geometry": {
        "type": "Polygon",
        "coordinates": [
          [
            [
              -118.39277208489682,
              36.28739969324126
            ],
            [
              -118.39269758345931,
              36.2873968165308
            ],
            [
              -118.39270195678037,
              36.28732258210189
            ],
            [
              -118.39277645814775,
              36.287325458804574
            ],
            [
              -118.39277208489682,
              36.28739969324126
            ]
          ]
        ]
      }
    },
    {
      "id": "678",
      "type": "Feature",
      "properties": {
        "id": null,
        "SOURCE_FILE": "/Users/maples/GitHub/mortalitree_testing/labels/ajones16_mortalitree_postfire_labels.geojson",
        "SUNETID": "ajones16",
        "FIRENAME": "CASTLE",
        "FIRE_SLUG": "CASTLE",
        "PREFIRE": 0,
        "PREFIRE_STATUS": "postfire",
        "TILE_Z": 17,
        "TILE_X": 22430,
        "TILE_Y": 51340,
        "TILEXYZ": [
          17,
          22430,
          51340
        ],
        "OUTPUT_FILE": "/Users/maples/GitHub/mortalitree_testing/notebooks/single_tiles/postfire/17/22430/51340.geojson",
        "OUTPUT_STATUS_DIR": "postfire",
        "FEATURE_COUNT": 228
      },
      "geometry": {
        "type": "Polygon",
        "coordinates": [
          [
            [
              -118.39268393959556,
              36.28738466418277
            ],
            [
              -118.39263236169246,
              36.28738267258159
            ],
            [
              -118.3926356417294,
              36.28732699676504
            ],
            [
              -118.39268721959608,
              36.28732898836216
            ],
            [
              -118.39268393959556,
              36.28738466418277
            ]
          ]
        ]
      }
    },
    {
      "id": "679",
      "type": "Feature",
      "properties": {
        "id": null,
        "SOURCE_FILE": "/Users/maples/GitHub/mortalitree_testing/labels/ajones16_mortalitree_postfire_labels.geojson",
        "SUNETID": "ajones16",
        "FIRENAME": "CASTLE",
        "FIRE_SLUG": "CASTLE",
        "PREFIRE": 0,
        "PREFIRE_STATUS": "postfire",
        "TILE_Z": 17,
        "TILE_X": 22430,
        "TILE_Y": 51340,
        "TILEXYZ": [
          17,
          22430,
          51340
        ],
        "OUTPUT_FILE": "/Users/maples/GitHub/mortalitree_testing/notebooks/single_tiles/postfire/17/22430/51340.geojson",
        "OUTPUT_STATUS_DIR": "postfire",
        "FEATURE_COUNT": 228
      },
      "geometry": {
        "type": "Polygon",
        "coordinates": [
          [
            [
              -118.39269349713568,
              36.28731993034579
            ],
            [
              -118.39263618840135,
              36.287317717462194
            ],
            [
              -118.39263892175732,
              36.28727132094768
            ],
            [
              -118.39269623045797,
              36.287273533827545
            ],
            [
              -118.39269349713568,
              36.28731993034579
            ]
          ]
        ]
      }
    },
    {
      "id": "680",
      "type": "Feature",
      "properties": {
        "id": null,
        "SOURCE_FILE": "/Users/maples/GitHub/mortalitree_testing/labels/ajones16_mortalitree_postfire_labels.geojson",
        "SUNETID": "ajones16",
        "FIRENAME": "CASTLE",
        "FIRE_SLUG": "CASTLE",
        "PREFIRE": 0,
        "PREFIRE_STATUS": "postfire",
        "TILE_Z": 17,
        "TILE_X": 22430,
        "TILE_Y": 51340,
        "TILEXYZ": [
          17,
          22430,
          51340
        ],
        "OUTPUT_FILE": "/Users/maples/GitHub/mortalitree_testing/notebooks/single_tiles/postfire/17/22430/51340.geojson",
        "OUTPUT_STATUS_DIR": "postfire",
        "FEATURE_COUNT": 228
      },
      "geometry": {
        "type": "Polygon",
        "coordinates": [
          [
            [
              -118.39311770142983,
              36.28752929302992
            ],
            [
              -118.39303173804959,
              36.28752597398284
            ],
            [
              -118.39303583776116,
              36.287456379174486
            ],
            [
              -118.39312180106556,
              36.28745969821317
            ],
            [
              -118.39311770142983,
              36.28752929302992
            ]
          ]
        ]
      }
    },
    {
      "id": "681",
      "type": "Feature",
      "properties": {
        "id": null,
        "SOURCE_FILE": "/Users/maples/GitHub/mortalitree_testing/labels/ajones16_mortalitree_postfire_labels.geojson",
        "SUNETID": "ajones16",
        "FIRENAME": "CASTLE",
        "FIRE_SLUG": "CASTLE",
        "PREFIRE": 0,
        "PREFIRE_STATUS": "postfire",
        "TILE_Z": 17,
        "TILE_X": 22430,
        "TILE_Y": 51340,
        "TILEXYZ": [
          17,
          22430,
          51340
        ],
        "OUTPUT_FILE": "/Users/maples/GitHub/mortalitree_testing/notebooks/single_tiles/postfire/17/22430/51340.geojson",
        "OUTPUT_STATUS_DIR": "postfire",
        "FEATURE_COUNT": 228
      },
      "geometry": {
        "type": "Polygon",
        "coordinates": [
          [
            [
              -118.39253826323879,
              36.28683496498142
            ],
            [
              -118.39247522403522,
              36.28683253075399
            ],
            [
              -118.39247741075799,
              36.28679541354784
            ],
            [
              -118.39254044993189,
              36.28679784777199
            ],
            [
              -118.39253826323879,
              36.28683496498142
            ]
          ]
        ]
      }
    },
    {
      "id": "682",
      "type": "Feature",
      "properties": {
        "id": null,
        "SOURCE_FILE": "/Users/maples/GitHub/mortalitree_testing/labels/ajones16_mortalitree_postfire_labels.geojson",
        "SUNETID": "ajones16",
        "FIRENAME": "CASTLE",
        "FIRE_SLUG": "CASTLE",
        "PREFIRE": 0,
        "PREFIRE_STATUS": "postfire",
        "TILE_Z": 17,
        "TILE_X": 22430,
        "TILE_Y": 51340,
        "TILEXYZ": [
          17,
          22430,
          51340
        ],
        "OUTPUT_FILE": "/Users/maples/GitHub/mortalitree_testing/notebooks/single_tiles/postfire/17/22430/51340.geojson",
        "OUTPUT_STATUS_DIR": "postfire",
        "FEATURE_COUNT": 228
      },
      "geometry": {
        "type": "Polygon",
        "coordinates": [
          [
            [
              -118.39251493451587,
              36.28679221230599
            ],
            [
              -118.39245762618184,
              36.28678999936438
            ],
            [
              -118.39246035959083,
              36.28674360285747
            ],
            [
              -118.39251766789116,
              36.28674581579535
            ],
            [
              -118.39251493451587,
              36.28679221230599
            ]
          ]
        ]
      }
    },
    {
      "id": "683",
      "type": "Feature",
      "properties": {
        "id": null,
        "SOURCE_FILE": "/Users/maples/GitHub/mortalitree_testing/labels/ajones16_mortalitree_postfire_labels.geojson",
        "SUNETID": "ajones16",
        "FIRENAME": "CASTLE",
        "FIRE_SLUG": "CASTLE",
        "PREFIRE": 0,
        "PREFIRE_STATUS": "postfire",
        "TILE_Z": 17,
        "TILE_X": 22430,
        "TILE_Y": 51340,
        "TILEXYZ": [
          17,
          22430,
          51340
        ],
        "OUTPUT_FILE": "/Users/maples/GitHub/mortalitree_testing/notebooks/single_tiles/postfire/17/22430/51340.geojson",
        "OUTPUT_STATUS_DIR": "postfire",
        "FEATURE_COUNT": 228
      },
      "geometry": {
        "type": "Polygon",
        "coordinates": [
          [
            [
              -118.39152440547343,
              36.287225955172936
            ],
            [
              -118.39149002033002,
              36.28722462711282
            ],
            [
              -118.39149248095298,
              36.28718287031666
            ],
            [
              -118.39152686607821,
              36.28718419837475
            ],
            [
              -118.39152440547343,
              36.287225955172936
            ]
          ]
        ]
      }
    },
    {
      "id": "684",
      "type": "Feature",
      "properties": {
        "id": null,
        "SOURCE_FILE": "/Users/maples/GitHub/mortalitree_testing/labels/ajones16_mortalitree_postfire_labels.geojson",
        "SUNETID": "ajones16",
        "FIRENAME": "CASTLE",
        "FIRE_SLUG": "CASTLE",
        "PREFIRE": 0,
        "PREFIRE_STATUS": "postfire",
        "TILE_Z": 17,
        "TILE_X": 22430,
        "TILE_Y": 51340,
        "TILEXYZ": [
          17,
          22430,
          51340
        ],
        "OUTPUT_FILE": "/Users/maples/GitHub/mortalitree_testing/notebooks/single_tiles/postfire/17/22430/51340.geojson",
        "OUTPUT_STATUS_DIR": "postfire",
        "FEATURE_COUNT": 228
      },
      "geometry": {
        "type": "Polygon",
        "coordinates": [
          [
            [
              -118.39150350606485,
              36.28743440714065
            ],
            [
              -118.39144046647115,
              36.28743197233325
            ],
            [
              -118.39144429417475,
              36.28736701732361
            ],
            [
              -118.39150733371653,
              36.287369452125255
            ],
            [
              -118.39150350606485,
              36.28743440714065
            ]
          ]
        ]
      }
    },
    {
      "id": "685",
      "type": "Feature",
      "properties": {
        "id": null,
        "SOURCE_FILE": "/Users/maples/GitHub/mortalitree_testing/labels/ajones16_mortalitree_postfire_labels.geojson",
        "SUNETID": "ajones16",
        "FIRENAME": "CASTLE",
        "FIRE_SLUG": "CASTLE",
        "PREFIRE": 0,
        "PREFIRE_STATUS": "postfire",
        "TILE_Z": 17,
        "TILE_X": 22430,
        "TILE_Y": 51340,
        "TILEXYZ": [
          17,
          22430,
          51340
        ],
        "OUTPUT_FILE": "/Users/maples/GitHub/mortalitree_testing/notebooks/single_tiles/postfire/17/22430/51340.geojson",
        "OUTPUT_STATUS_DIR": "postfire",
        "FEATURE_COUNT": 228
      },
      "geometry": {
        "type": "Polygon",
        "coordinates": [
          [
            [
              -118.39159956391356,
              36.28746136818241
            ],
            [
              -118.39152506254064,
              36.28745849073724
            ],
            [
              -118.39152834337327,
              36.28740281500835
            ],
            [
              -118.39160284469361,
              36.2874056924477
            ],
            [
              -118.39159956391356,
              36.28746136818241
            ]
          ]
        ]
      }
    },
    {
      "id": "686",
      "type": "Feature",
      "properties": {
        "id": null,
        "SOURCE_FILE": "/Users/maples/GitHub/mortalitree_testing/labels/ajones16_mortalitree_postfire_labels.geojson",
        "SUNETID": "ajones16",
        "FIRENAME": "CASTLE",
        "FIRE_SLUG": "CASTLE",
        "PREFIRE": 0,
        "PREFIRE_STATUS": "postfire",
        "TILE_Z": 17,
        "TILE_X": 22430,
        "TILE_Y": 51340,
        "TILEXYZ": [
          17,
          22430,
          51340
        ],
        "OUTPUT_FILE": "/Users/maples/GitHub/mortalitree_testing/notebooks/single_tiles/postfire/17/22430/51340.geojson",
        "OUTPUT_STATUS_DIR": "postfire",
        "FEATURE_COUNT": 228
      },
      "geometry": {
        "type": "Polygon",
        "coordinates": [
          [
            [
              -118.39154116155538,
              36.287477713343726
            ],
            [
              -118.39146092929796,
              36.287474614514316
            ],
            [
              -118.39146421017807,
              36.287418938790594
            ],
            [
              -118.39154444237889,
              36.287422037613744
            ],
            [
              -118.39154116155538,
              36.287477713343726
            ]
          ]
        ]
      }
    },
    {
      "id": "687",
      "type": "Feature",
      "properties": {
        "id": null,
        "SOURCE_FILE": "/Users/maples/GitHub/mortalitree_testing/labels/ajones16_mortalitree_postfire_labels.geojson",
        "SUNETID": "ajones16",
        "FIRENAME": "CASTLE",
        "FIRE_SLUG": "CASTLE",
        "PREFIRE": 0,
        "PREFIRE_STATUS": "postfire",
        "TILE_Z": 17,
        "TILE_X": 22430,
        "TILE_Y": 51340,
        "TILEXYZ": [
          17,
          22430,
          51340
        ],
        "OUTPUT_FILE": "/Users/maples/GitHub/mortalitree_testing/notebooks/single_tiles/postfire/17/22430/51340.geojson",
        "OUTPUT_STATUS_DIR": "postfire",
        "FEATURE_COUNT": 228
      },
      "geometry": {
        "type": "Polygon",
        "coordinates": [
          [
            [
              -118.39147566126663,
              36.28751703534696
            ],
            [
              -118.39142408336431,
              36.287515043218384
            ],
            [
              -118.39142736427544,
              36.28745936749796
            ],
            [
              -118.39147894214136,
              36.28746135962249
            ],
            [
              -118.39147566126663,
              36.28751703534696
            ]
          ]
        ]
      }
    },
    {
      "id": "688",
      "type": "Feature",
      "properties": {
        "id": null,
        "SOURCE_FILE": "/Users/maples/GitHub/mortalitree_testing/labels/ajones16_mortalitree_postfire_labels.geojson",
        "SUNETID": "ajones16",
        "FIRENAME": "CASTLE",
        "FIRE_SLUG": "CASTLE",
        "PREFIRE": 0,
        "PREFIRE_STATUS": "postfire",
        "TILE_Z": 17,
        "TILE_X": 22430,
        "TILE_Y": 51340,
        "TILEXYZ": [
          17,
          22430,
          51340
        ],
        "OUTPUT_FILE": "/Users/maples/GitHub/mortalitree_testing/notebooks/single_tiles/postfire/17/22430/51340.geojson",
        "OUTPUT_STATUS_DIR": "postfire",
        "FEATURE_COUNT": 228
      },
      "geometry": {
        "type": "Polygon",
        "coordinates": [
          [
            [
              -118.39153870093185,
              36.2875194701407
            ],
            [
              -118.39146419951011,
              36.28751659265365
            ],
            [
              -118.3914666601731,
              36.287474835861026
            ],
            [
              -118.39154116155538,
              36.28747771334372
            ],
            [
              -118.39153870093185,
              36.2875194701407
            ]
          ]
        ]
      }
    },
    {
      "id": "689",
      "type": "Feature",
      "properties": {
        "id": null,
        "SOURCE_FILE": "/Users/maples/GitHub/mortalitree_testing/labels/ajones16_mortalitree_postfire_labels.geojson",
        "SUNETID": "ajones16",
        "FIRENAME": "CASTLE",
        "FIRE_SLUG": "CASTLE",
        "PREFIRE": 0,
        "PREFIRE_STATUS": "postfire",
        "TILE_Z": 17,
        "TILE_X": 22430,
        "TILE_Y": 51340,
        "TILEXYZ": [
          17,
          22430,
          51340
        ],
        "OUTPUT_FILE": "/Users/maples/GitHub/mortalitree_testing/notebooks/single_tiles/postfire/17/22430/51340.geojson",
        "OUTPUT_STATUS_DIR": "postfire",
        "FEATURE_COUNT": 228
      },
      "geometry": {
        "type": "Polygon",
        "coordinates": [
          [
            [
              -118.39163830259996,
              36.28758376965859
            ],
            [
              -118.39156953199034,
              36.287581113571584
            ],
            [
              -118.3915747266111,
              36.2874929603301
            ],
            [
              -118.39164349714387,
              36.28749561640859
            ],
            [
              -118.39163830259996,
              36.28758376965859
            ]
          ]
        ]
      }
    },
    {
      "id": "690",
      "type": "Feature",
      "properties": {
        "id": null,
        "SOURCE_FILE": "/Users/maples/GitHub/mortalitree_testing/labels/ajones16_mortalitree_postfire_labels.geojson",
        "SUNETID": "ajones16",
        "FIRENAME": "CASTLE",
        "FIRE_SLUG": "CASTLE",
        "PREFIRE": 0,
        "PREFIRE_STATUS": "postfire",
        "TILE_Z": 17,
        "TILE_X": 22430,
        "TILE_Y": 51340,
        "TILEXYZ": [
          17,
          22430,
          51340
        ],
        "OUTPUT_FILE": "/Users/maples/GitHub/mortalitree_testing/notebooks/single_tiles/postfire/17/22430/51340.geojson",
        "OUTPUT_STATUS_DIR": "postfire",
        "FEATURE_COUNT": 228
      },
      "geometry": {
        "type": "Polygon",
        "coordinates": [
          [
            [
              -118.39160718758174,
              36.28762441976074
            ],
            [
              -118.39154987871255,
              36.2876222063406
            ],
            [
              -118.39155315954717,
              36.28756653061129
            ],
            [
              -118.3916104683759,
              36.287568744026935
            ],
            [
              -118.39160718758174,
              36.28762441976074
            ]
          ]
        ]
      }
    },
    {
      "id": "691",
      "type": "Feature",
      "properties": {
        "id": null,
        "SOURCE_FILE": "/Users/maples/GitHub/mortalitree_testing/labels/ajones16_mortalitree_postfire_labels.geojson",
        "SUNETID": "ajones16",
        "FIRENAME": "CASTLE",
        "FIRE_SLUG": "CASTLE",
        "PREFIRE": 0,
        "PREFIRE_STATUS": "postfire",
        "TILE_Z": 17,
        "TILE_X": 22430,
        "TILE_Y": 51340,
        "TILEXYZ": [
          17,
          22430,
          51340
        ],
        "OUTPUT_FILE": "/Users/maples/GitHub/mortalitree_testing/notebooks/single_tiles/postfire/17/22430/51340.geojson",
        "OUTPUT_STATUS_DIR": "postfire",
        "FEATURE_COUNT": 228
      },
      "geometry": {
        "type": "Polygon",
        "coordinates": [
          [
            [
              -118.39161605206094,
              36.28766893906422
            ],
            [
              -118.3915587431585,
              36.28766672564601
            ],
            [
              -118.39156147718717,
              36.28762032920474
            ],
            [
              -118.39161878605591,
              36.287622542619225
            ],
            [
              -118.39161605206094,
              36.28766893906422
            ]
          ]
        ]
      }
    },
    {
      "id": "692",
      "type": "Feature",
      "properties": {
        "id": null,
        "SOURCE_FILE": "/Users/maples/GitHub/mortalitree_testing/labels/ajones16_mortalitree_postfire_labels.geojson",
        "SUNETID": "ajones16",
        "FIRENAME": "CASTLE",
        "FIRE_SLUG": "CASTLE",
        "PREFIRE": 0,
        "PREFIRE_STATUS": "postfire",
        "TILE_Z": 17,
        "TILE_X": 22430,
        "TILE_Y": 51340,
        "TILEXYZ": [
          17,
          22430,
          51340
        ],
        "OUTPUT_FILE": "/Users/maples/GitHub/mortalitree_testing/notebooks/single_tiles/postfire/17/22430/51340.geojson",
        "OUTPUT_STATUS_DIR": "postfire",
        "FEATURE_COUNT": 228
      },
      "geometry": {
        "type": "Polygon",
        "coordinates": [
          [
            [
              -118.39157184007237,
              36.28768815740195
            ],
            [
              -118.39151453115944,
              36.287685943961556
            ],
            [
              -118.39151644499982,
              36.28765346645485
            ],
            [
              -118.39157375388916,
              36.28765567989263
            ],
            [
              -118.39157184007237,
              36.28768815740195
            ]
          ]
        ]
      }
    },
    {
      "id": "693",
      "type": "Feature",
      "properties": {
        "id": null,
        "SOURCE_FILE": "/Users/maples/GitHub/mortalitree_testing/labels/ajones16_mortalitree_postfire_labels.geojson",
        "SUNETID": "ajones16",
        "FIRENAME": "CASTLE",
        "FIRE_SLUG": "CASTLE",
        "PREFIRE": 0,
        "PREFIRE_STATUS": "postfire",
        "TILE_Z": 17,
        "TILE_X": 22430,
        "TILE_Y": 51340,
        "TILEXYZ": [
          17,
          22430,
          51340
        ],
        "OUTPUT_FILE": "/Users/maples/GitHub/mortalitree_testing/notebooks/single_tiles/postfire/17/22430/51340.geojson",
        "OUTPUT_STATUS_DIR": "postfire",
        "FEATURE_COUNT": 228
      },
      "geometry": {
        "type": "Polygon",
        "coordinates": [
          [
            [
              -118.39149925233426,
              36.28765280241817
            ],
            [
              -118.3914534052288,
              36.28765103164167
            ],
            [
              -118.39145777976893,
              36.28757679734621
            ],
            [
              -118.39150362683125,
              36.28757856811793
            ],
            [
              -118.39149925233426,
              36.28765280241817
            ]
          ]
        ]
      }
    },
    {
      "id": "694",
      "type": "Feature",
      "properties": {
        "id": null,
        "SOURCE_FILE": "/Users/maples/GitHub/mortalitree_testing/labels/ajones16_mortalitree_postfire_labels.geojson",
        "SUNETID": "ajones16",
        "FIRENAME": "CASTLE",
        "FIRE_SLUG": "CASTLE",
        "PREFIRE": 0,
        "PREFIRE_STATUS": "postfire",
        "TILE_Z": 17,
        "TILE_X": 22430,
        "TILE_Y": 51340,
        "TILEXYZ": [
          17,
          22430,
          51340
        ],
        "OUTPUT_FILE": "/Users/maples/GitHub/mortalitree_testing/notebooks/single_tiles/postfire/17/22430/51340.geojson",
        "OUTPUT_STATUS_DIR": "postfire",
        "FEATURE_COUNT": 228
      },
      "geometry": {
        "type": "Polygon",
        "coordinates": [
          [
            [
              -118.39146226426799,
              36.28774437788048
            ],
            [
              -118.39141845703125,
              36.28774268587558
            ],
            [
              -118.39141845703125,
              36.287707990818404
            ],
            [
              -118.39142024487832,
              36.2876776520819
            ],
            [
              -118.3914660919972,
              36.287679422872216
            ],
            [
              -118.39146226426799,
              36.28774437788048
            ]
          ]
        ]
      }
    },
    {
      "id": "695",
      "type": "Feature",
      "properties": {
        "id": null,
        "SOURCE_FILE": "/Users/maples/GitHub/mortalitree_testing/labels/ajones16_mortalitree_postfire_labels.geojson",
        "SUNETID": "ajones16",
        "FIRENAME": "CASTLE",
        "FIRE_SLUG": "CASTLE",
        "PREFIRE": 0,
        "PREFIRE_STATUS": "postfire",
        "TILE_Z": 17,
        "TILE_X": 22430,
        "TILE_Y": 51340,
        "TILEXYZ": [
          17,
          22430,
          51340
        ],
        "OUTPUT_FILE": "/Users/maples/GitHub/mortalitree_testing/notebooks/single_tiles/postfire/17/22430/51340.geojson",
        "OUTPUT_STATUS_DIR": "postfire",
        "FEATURE_COUNT": 228
      },
      "geometry": {
        "type": "Polygon",
        "coordinates": [
          [
            [
              -118.3914574849502,
              36.28777674470993
            ],
            [
              -118.39141845703125,
              36.28777523729961
            ],
            [
              -118.39141845703125,
              36.28775672645685
            ],
            [
              -118.39141955597067,
              36.28773807811801
            ],
            [
              -118.39145967223038,
              36.28773962756294
            ],
            [
              -118.3914574849502,
              36.28777674470993
            ]
          ]
        ]
      }
    },
    {
      "id": "696",
      "type": "Feature",
      "properties": {
        "id": null,
        "SOURCE_FILE": "/Users/maples/GitHub/mortalitree_testing/labels/ajones16_mortalitree_postfire_labels.geojson",
        "SUNETID": "ajones16",
        "FIRENAME": "CASTLE",
        "FIRE_SLUG": "CASTLE",
        "PREFIRE": 0,
        "PREFIRE_STATUS": "postfire",
        "TILE_Z": 17,
        "TILE_X": 22430,
        "TILE_Y": 51340,
        "TILEXYZ": [
          17,
          22430,
          51340
        ],
        "OUTPUT_FILE": "/Users/maples/GitHub/mortalitree_testing/notebooks/single_tiles/postfire/17/22430/51340.geojson",
        "OUTPUT_STATUS_DIR": "postfire",
        "FEATURE_COUNT": 228
      },
      "geometry": {
        "type": "Polygon",
        "coordinates": [
          [
            [
              -118.39149323737476,
              36.28775487457876
            ],
            [
              -118.39145885200078,
              36.28775354649311
            ],
            [
              -118.39146103927847,
              36.28771642934589
            ],
            [
              -118.39149542463626,
              36.28771775742975
            ],
            [
              -118.39149323737476,
              36.28775487457876
            ]
          ]
        ]
      }
    },
    {
      "id": "697",
      "type": "Feature",
      "properties": {
        "id": null,
        "SOURCE_FILE": "/Users/maples/GitHub/mortalitree_testing/labels/ajones16_mortalitree_postfire_labels.geojson",
        "SUNETID": "ajones16",
        "FIRENAME": "CASTLE",
        "FIRE_SLUG": "CASTLE",
        "PREFIRE": 0,
        "PREFIRE_STATUS": "postfire",
        "TILE_Z": 17,
        "TILE_X": 22430,
        "TILE_Y": 51340,
        "TILEXYZ": [
          17,
          22430,
          51340
        ],
        "OUTPUT_FILE": "/Users/maples/GitHub/mortalitree_testing/notebooks/single_tiles/postfire/17/22430/51340.geojson",
        "OUTPUT_STATUS_DIR": "postfire",
        "FEATURE_COUNT": 228
      },
      "geometry": {
        "type": "Polygon",
        "coordinates": [
          [
            [
              -118.3927369753511,
              36.28784940755288
            ],
            [
              -118.39264528075404,
              36.287845866915106
            ],
            [
              -118.39264856083729,
              36.28779019110183
            ],
            [
              -118.39274025536962,
              36.28779373173244
            ],
            [
              -118.3927369753511,
              36.28784940755288
            ]
          ]
        ]
      }
    },
    {
      "id": "698",
      "type": "Feature",
      "properties": {
        "id": null,
        "SOURCE_FILE": "/Users/maples/GitHub/mortalitree_testing/labels/ajones16_mortalitree_postfire_labels.geojson",
        "SUNETID": "ajones16",
        "FIRENAME": "CASTLE",
        "FIRE_SLUG": "CASTLE",
        "PREFIRE": 0,
        "PREFIRE_STATUS": "postfire",
        "TILE_Z": 17,
        "TILE_X": 22430,
        "TILE_Y": 51340,
        "TILEXYZ": [
          17,
          22430,
          51340
        ],
        "OUTPUT_FILE": "/Users/maples/GitHub/mortalitree_testing/notebooks/single_tiles/postfire/17/22430/51340.geojson",
        "OUTPUT_STATUS_DIR": "postfire",
        "FEATURE_COUNT": 228
      },
      "geometry": {
        "type": "Polygon",
        "coordinates": [
          [
            [
              -118.39194735534282,
              36.287651507985004
            ],
            [
              -118.39190150820913,
              36.287649737380384
            ],
            [
              -118.39190396865106,
              36.28760798056295
            ],
            [
              -118.39194981576048,
              36.28760975116488
            ],
            [
              -118.39194735534282,
              36.287651507985004
            ]
          ]
        ]
      }
    },
    {
      "id": "699",
      "type": "Feature",
      "properties": {
        "id": null,
        "SOURCE_FILE": "/Users/maples/GitHub/mortalitree_testing/labels/ajones16_mortalitree_postfire_labels.geojson",
        "SUNETID": "ajones16",
        "FIRENAME": "CASTLE",
        "FIRE_SLUG": "CASTLE",
        "PREFIRE": 0,
        "PREFIRE_STATUS": "postfire",
        "TILE_Z": 17,
        "TILE_X": 22430,
        "TILE_Y": 51340,
        "TILEXYZ": [
          17,
          22430,
          51340
        ],
        "OUTPUT_FILE": "/Users/maples/GitHub/mortalitree_testing/notebooks/single_tiles/postfire/17/22430/51340.geojson",
        "OUTPUT_STATUS_DIR": "postfire",
        "FEATURE_COUNT": 228
      },
      "geometry": {
        "type": "Polygon",
        "coordinates": [
          [
            [
              -118.39197900691259,
              36.287699232395525
            ],
            [
              -118.39192742885375,
              36.287697240475495
            ],
            [
              -118.39192988928615,
              36.28765548365688
            ],
            [
              -118.39198146731769,
              36.28765747557387
            ],
            [
              -118.39197900691259,
              36.287699232395525
            ]
          ]
        ]
      }
    },
    {
      "id": "700",
      "type": "Feature",
      "properties": {
        "id": null,
        "SOURCE_FILE": "/Users/maples/GitHub/mortalitree_testing/labels/ajones16_mortalitree_postfire_labels.geojson",
        "SUNETID": "ajones16",
        "FIRENAME": "CASTLE",
        "FIRE_SLUG": "CASTLE",
        "PREFIRE": 0,
        "PREFIRE_STATUS": "postfire",
        "TILE_Z": 17,
        "TILE_X": 22430,
        "TILE_Y": 51340,
        "TILEXYZ": [
          17,
          22430,
          51340
        ],
        "OUTPUT_FILE": "/Users/maples/GitHub/mortalitree_testing/notebooks/single_tiles/postfire/17/22430/51340.geojson",
        "OUTPUT_STATUS_DIR": "postfire",
        "FEATURE_COUNT": 228
      },
      "geometry": {
        "type": "Polygon",
        "coordinates": [
          [
            [
              -118.39201024845289,
              36.28775391627063
            ],
            [
              -118.39193574675872,
              36.287751039061455
            ],
            [
              -118.39193930071556,
              36.28769072365645
            ],
            [
              -118.39201380235279,
              36.28769360085931
            ],
            [
              -118.39201024845289,
              36.28775391627063
            ]
          ]
        ]
      }
    },
    {
      "id": "701",
      "type": "Feature",
      "properties": {
        "id": null,
        "SOURCE_FILE": "/Users/maples/GitHub/mortalitree_testing/labels/ajones16_mortalitree_postfire_labels.geojson",
        "SUNETID": "ajones16",
        "FIRENAME": "CASTLE",
        "FIRE_SLUG": "CASTLE",
        "PREFIRE": 0,
        "PREFIRE_STATUS": "postfire",
        "TILE_Z": 17,
        "TILE_X": 22430,
        "TILE_Y": 51340,
        "TILEXYZ": [
          17,
          22430,
          51340
        ],
        "OUTPUT_FILE": "/Users/maples/GitHub/mortalitree_testing/notebooks/single_tiles/postfire/17/22430/51340.geojson",
        "OUTPUT_STATUS_DIR": "postfire",
        "FEATURE_COUNT": 228
      },
      "geometry": {
        "type": "Polygon",
        "coordinates": [
          [
            [
              -118.39203699431826,
              36.28773867345179
            ],
            [
              -118.39199687802639,
              36.28773712420059
            ],
            [
              -118.39199988518,
              36.287686088084214
            ],
            [
              -118.39204000144595,
              36.28768763733255
            ],
            [
              -118.39203699431826,
              36.28773867345179
            ]
          ]
        ]
      }
    },
    {
      "id": "702",
      "type": "Feature",
      "properties": {
        "id": null,
        "SOURCE_FILE": "/Users/maples/GitHub/mortalitree_testing/labels/ajones16_mortalitree_postfire_labels.geojson",
        "SUNETID": "ajones16",
        "FIRENAME": "CASTLE",
        "FIRE_SLUG": "CASTLE",
        "PREFIRE": 0,
        "PREFIRE_STATUS": "postfire",
        "TILE_Z": 17,
        "TILE_X": 22430,
        "TILE_Y": 51340,
        "TILEXYZ": [
          17,
          22430,
          51340
        ],
        "OUTPUT_FILE": "/Users/maples/GitHub/mortalitree_testing/notebooks/single_tiles/postfire/17/22430/51340.geojson",
        "OUTPUT_STATUS_DIR": "postfire",
        "FEATURE_COUNT": 228
      },
      "geometry": {
        "type": "Polygon",
        "coordinates": [
          [
            [
              -118.39185855198117,
              36.287403942678395
            ],
            [
              -118.39180124325287,
              36.287401729390254
            ],
            [
              -118.39180534403852,
              36.28733213470123
            ],
            [
              -118.39186265271626,
              36.28733434798377
            ],
            [
              -118.39185855198117,
              36.287403942678395
            ]
          ]
        ]
      }
    },
    {
      "id": "703",
      "type": "Feature",
      "properties": {
        "id": null,
        "SOURCE_FILE": "/Users/maples/GitHub/mortalitree_testing/labels/ajones16_mortalitree_postfire_labels.geojson",
        "SUNETID": "ajones16",
        "FIRENAME": "CASTLE",
        "FIRE_SLUG": "CASTLE",
        "PREFIRE": 0,
        "PREFIRE_STATUS": "postfire",
        "TILE_Z": 17,
        "TILE_X": 22430,
        "TILE_Y": 51340,
        "TILEXYZ": [
          17,
          22430,
          51340
        ],
        "OUTPUT_FILE": "/Users/maples/GitHub/mortalitree_testing/notebooks/single_tiles/postfire/17/22430/51340.geojson",
        "OUTPUT_STATUS_DIR": "postfire",
        "FEATURE_COUNT": 228
      },
      "geometry": {
        "type": "Polygon",
        "coordinates": [
          [
            [
              -118.39146012507537,
              36.28734205265021
            ],
            [
              -118.39141845703125,
              36.287340443274466
            ],
            [
              -118.39141845703125,
              36.28726604001865
            ],
            [
              -118.39146449955977,
              36.28726781835022
            ],
            [
              -118.39146012507537,
              36.28734205265021
            ]
          ]
        ]
      }
    },
    {
      "id": "704",
      "type": "Feature",
      "properties": {
        "id": null,
        "SOURCE_FILE": "/Users/maples/GitHub/mortalitree_testing/labels/ajones16_mortalitree_postfire_labels.geojson",
        "SUNETID": "ajones16",
        "FIRENAME": "CASTLE",
        "FIRE_SLUG": "CASTLE",
        "PREFIRE": 0,
        "PREFIRE_STATUS": "postfire",
        "TILE_Z": 17,
        "TILE_X": 22430,
        "TILE_Y": 51340,
        "TILEXYZ": [
          17,
          22430,
          51340
        ],
        "OUTPUT_FILE": "/Users/maples/GitHub/mortalitree_testing/notebooks/single_tiles/postfire/17/22430/51340.geojson",
        "OUTPUT_STATUS_DIR": "postfire",
        "FEATURE_COUNT": 228
      },
      "geometry": {
        "type": "Polygon",
        "coordinates": [
          [
            [
              -118.39144879471142,
              36.28738811706682
            ],
            [
              -118.39141845703125,
              36.287386945310104
            ],
            [
              -118.39141845703125,
              36.287331142868254
            ],
            [
              -118.39145207558981,
              36.287332441343274
            ],
            [
              -118.39144879471142,
              36.28738811706682
            ]
          ]
        ]
      }
    },
    {
      "id": "705",
      "type": "Feature",
      "properties": {
        "id": null,
        "SOURCE_FILE": "/Users/maples/GitHub/mortalitree_testing/labels/ajones16_mortalitree_postfire_labels.geojson",
        "SUNETID": "ajones16",
        "FIRENAME": "CASTLE",
        "FIRE_SLUG": "CASTLE",
        "PREFIRE": 0,
        "PREFIRE_STATUS": "postfire",
        "TILE_Z": 17,
        "TILE_X": 22430,
        "TILE_Y": 51340,
        "TILEXYZ": [
          17,
          22430,
          51340
        ],
        "OUTPUT_FILE": "/Users/maples/GitHub/mortalitree_testing/notebooks/single_tiles/postfire/17/22430/51340.geojson",
        "OUTPUT_STATUS_DIR": "postfire",
        "FEATURE_COUNT": 228
      },
      "geometry": {
        "type": "Polygon",
        "coordinates": [
          [
            [
              -118.39241836783924,
              36.2877975779927
            ],
            [
              -118.39236678968372,
              36.28779558625756
            ],
            [
              -118.39236952324691,
              36.28774918976439
            ],
            [
              -118.39242110137208,
              36.287751181496155
            ],
            [
              -118.39241836783924,
              36.2877975779927
            ]
          ]
        ]
      }
    },
    {
      "id": "706",
      "type": "Feature",
      "properties": {
        "id": null,
        "SOURCE_FILE": "/Users/maples/GitHub/mortalitree_testing/labels/ajones16_mortalitree_postfire_labels.geojson",
        "SUNETID": "ajones16",
        "FIRENAME": "CASTLE",
        "FIRE_SLUG": "CASTLE",
        "PREFIRE": 0,
        "PREFIRE_STATUS": "postfire",
        "TILE_Z": 17,
        "TILE_X": 22430,
        "TILE_Y": 51340,
        "TILEXYZ": [
          17,
          22430,
          51340
        ],
        "OUTPUT_FILE": "/Users/maples/GitHub/mortalitree_testing/notebooks/single_tiles/postfire/17/22430/51340.geojson",
        "OUTPUT_STATUS_DIR": "postfire",
        "FEATURE_COUNT": 228
      },
      "geometry": {
        "type": "Polygon",
        "coordinates": [
          [
            [
              -118.39194035373167,
              36.28806278067513
            ],
            [
              -118.3918773135937,
              36.28806034606193
            ],
            [
              -118.39188141441042,
              36.287990751373115
            ],
            [
              -118.3919444544928,
              36.28799318598015
            ],
            [
              -118.39194035373167,
              36.28806278067513
            ]
          ]
        ]
      }
    },
    {
      "id": "707",
      "type": "Feature",
      "properties": {
        "id": null,
        "SOURCE_FILE": "/Users/maples/GitHub/mortalitree_testing/labels/ajones16_mortalitree_postfire_labels.geojson",
        "SUNETID": "ajones16",
        "FIRENAME": "CASTLE",
        "FIRE_SLUG": "CASTLE",
        "PREFIRE": 0,
        "PREFIRE_STATUS": "postfire",
        "TILE_Z": 17,
        "TILE_X": 22430,
        "TILE_Y": 51340,
        "TILEXYZ": [
          17,
          22430,
          51340
        ],
        "OUTPUT_FILE": "/Users/maples/GitHub/mortalitree_testing/notebooks/single_tiles/postfire/17/22430/51340.geojson",
        "OUTPUT_STATUS_DIR": "postfire",
        "FEATURE_COUNT": 228
      },
      "geometry": {
        "type": "Polygon",
        "coordinates": [
          [
            [
              -118.39192301918389,
              36.28811326346471
            ],
            [
              -118.39185997900682,
              36.28811082883947
            ],
            [
              -118.39186298629063,
              36.28805979273614
            ],
            [
              -118.39192602642692,
              36.28806222735685
            ],
            [
              -118.39192301918389,
              36.28811326346471
            ]
          ]
        ]
      }
    },
    {
      "id": "708",
      "type": "Feature",
      "properties": {
        "id": null,
        "SOURCE_FILE": "/Users/maples/GitHub/mortalitree_testing/labels/ajones16_mortalitree_postfire_labels.geojson",
        "SUNETID": "ajones16",
        "FIRENAME": "CASTLE",
        "FIRE_SLUG": "CASTLE",
        "PREFIRE": 0,
        "PREFIRE_STATUS": "postfire",
        "TILE_Z": 17,
        "TILE_X": 22430,
        "TILE_Y": 51340,
        "TILEXYZ": [
          17,
          22430,
          51340
        ],
        "OUTPUT_FILE": "/Users/maples/GitHub/mortalitree_testing/notebooks/single_tiles/postfire/17/22430/51340.geojson",
        "OUTPUT_STATUS_DIR": "postfire",
        "FEATURE_COUNT": 228
      },
      "geometry": {
        "type": "Polygon",
        "coordinates": [
          [
            [
              -118.39157522058926,
              36.28797195039195
            ],
            [
              -118.39152937329219,
              36.287970179631245
            ],
            [
              -118.3915326541831,
              36.28791450390679
            ],
            [
              -118.3915785014478,
              36.2879162746639
            ],
            [
              -118.39157522058926,
              36.28797195039195
            ]
          ]
        ]
      }
    },
    {
      "id": "709",
      "type": "Feature",
      "properties": {
        "id": null,
        "SOURCE_FILE": "/Users/maples/GitHub/mortalitree_testing/labels/ajones16_mortalitree_postfire_labels.geojson",
        "SUNETID": "ajones16",
        "FIRENAME": "CASTLE",
        "FIRE_SLUG": "CASTLE",
        "PREFIRE": 0,
        "PREFIRE_STATUS": "postfire",
        "TILE_Z": 17,
        "TILE_X": 22430,
        "TILE_Y": 51340,
        "TILEXYZ": [
          17,
          22430,
          51340
        ],
        "OUTPUT_FILE": "/Users/maples/GitHub/mortalitree_testing/notebooks/single_tiles/postfire/17/22430/51340.geojson",
        "OUTPUT_STATUS_DIR": "postfire",
        "FEATURE_COUNT": 228
      },
      "geometry": {
        "type": "Polygon",
        "coordinates": [
          [
            [
              -118.39152473068216,
              36.28800022664176
            ],
            [
              -118.39147315245829,
              36.28799823451163
            ],
            [
              -118.3914756131598,
              36.28795647772187
            ],
            [
              -118.39152719135636,
              36.28795846984898
            ],
            [
              -118.39152473068216,
              36.28800022664176
            ]
          ]
        ]
      }
    },
    {
      "id": "710",
      "type": "Feature",
      "properties": {
        "id": null,
        "SOURCE_FILE": "/Users/maples/GitHub/mortalitree_testing/labels/ajones16_mortalitree_postfire_labels.geojson",
        "SUNETID": "ajones16",
        "FIRENAME": "CASTLE",
        "FIRE_SLUG": "CASTLE",
        "PREFIRE": 0,
        "PREFIRE_STATUS": "postfire",
        "TILE_Z": 17,
        "TILE_X": 22430,
        "TILE_Y": 51340,
        "TILEXYZ": [
          17,
          22430,
          51340
        ],
        "OUTPUT_FILE": "/Users/maples/GitHub/mortalitree_testing/notebooks/single_tiles/postfire/17/22430/51340.geojson",
        "OUTPUT_STATUS_DIR": "postfire",
        "FEATURE_COUNT": 228
      },
      "geometry": {
        "type": "Polygon",
        "coordinates": [
          [
            [
              -118.39159431657852,
              36.28803779078291
            ],
            [
              -118.39151981465821,
              36.28803491329531
            ],
            [
              -118.39152364238035,
              36.287969958284926
            ],
            [
              -118.39159814423932,
              36.28797283576575
            ],
            [
              -118.39159431657852,
              36.28803779078291
            ]
          ]
        ]
      }
    },
    {
      "id": "711",
      "type": "Feature",
      "properties": {
        "id": null,
        "SOURCE_FILE": "/Users/maples/GitHub/mortalitree_testing/labels/ajones16_mortalitree_postfire_labels.geojson",
        "SUNETID": "ajones16",
        "FIRENAME": "CASTLE",
        "FIRE_SLUG": "CASTLE",
        "PREFIRE": 0,
        "PREFIRE_STATUS": "postfire",
        "TILE_Z": 17,
        "TILE_X": 22430,
        "TILE_Y": 51340,
        "TILEXYZ": [
          17,
          22430,
          51340
        ],
        "OUTPUT_FILE": "/Users/maples/GitHub/mortalitree_testing/notebooks/single_tiles/postfire/17/22430/51340.geojson",
        "OUTPUT_STATUS_DIR": "postfire",
        "FEATURE_COUNT": 228
      },
      "geometry": {
        "type": "Polygon",
        "coordinates": [
          [
            [
              -118.39155392143275,
              36.28808970794827
            ],
            [
              -118.39149661222764,
              36.2880874944783
            ],
            [
              -118.39150016656612,
              36.28802717911406
            ],
            [
              -118.39155747572744,
              36.288029392579176
            ],
            [
              -118.39155392143275,
              36.28808970794827
            ]
          ]
        ]
      }
    },
    {
      "id": "712",
      "type": "Feature",
      "properties": {
        "id": null,
        "SOURCE_FILE": "/Users/maples/GitHub/mortalitree_testing/labels/ajones16_mortalitree_postfire_labels.geojson",
        "SUNETID": "ajones16",
        "FIRENAME": "CASTLE",
        "FIRE_SLUG": "CASTLE",
        "PREFIRE": 0,
        "PREFIRE_STATUS": "postfire",
        "TILE_Z": 17,
        "TILE_X": 22430,
        "TILE_Y": 51340,
        "TILEXYZ": [
          17,
          22430,
          51340
        ],
        "OUTPUT_FILE": "/Users/maples/GitHub/mortalitree_testing/notebooks/single_tiles/postfire/17/22430/51340.geojson",
        "OUTPUT_STATUS_DIR": "postfire",
        "FEATURE_COUNT": 228
      },
      "geometry": {
        "type": "Polygon",
        "coordinates": [
          [
            [
              -118.3916649908977,
              36.2881056232472
            ],
            [
              -118.39157902706145,
              36.28810230311059
            ],
            [
              -118.39158394836527,
              36.288018789519576
            ],
            [
              -118.39166991211049,
              36.28802210964611
            ],
            [
              -118.3916649908977,
              36.2881056232472
            ]
          ]
        ]
      }
    },
    {
      "id": "713",
      "type": "Feature",
      "properties": {
        "id": null,
        "SOURCE_FILE": "/Users/maples/GitHub/mortalitree_testing/labels/ajones16_mortalitree_postfire_labels.geojson",
        "SUNETID": "ajones16",
        "FIRENAME": "CASTLE",
        "FIRE_SLUG": "CASTLE",
        "PREFIRE": 0,
        "PREFIRE_STATUS": "postfire",
        "TILE_Z": 17,
        "TILE_X": 22430,
        "TILE_Y": 51340,
        "TILEXYZ": [
          17,
          22430,
          51340
        ],
        "OUTPUT_FILE": "/Users/maples/GitHub/mortalitree_testing/notebooks/single_tiles/postfire/17/22430/51340.geojson",
        "OUTPUT_STATUS_DIR": "postfire",
        "FEATURE_COUNT": 228
      },
      "geometry": {
        "type": "Polygon",
        "coordinates": [
          [
            [
              -118.39174904097295,
              36.28814142083724
            ],
            [
              -118.39168026986326,
              36.288138764778964
            ],
            [
              -118.39168355066717,
              36.28808308904422
            ],
            [
              -118.39175232172832,
              36.28808574509711
            ],
            [
              -118.39174904097295,
              36.28814142083724
            ]
          ]
        ]
      }
    },
    {
      "id": "714",
      "type": "Feature",
      "properties": {
        "id": null,
        "SOURCE_FILE": "/Users/maples/GitHub/mortalitree_testing/labels/ajones16_mortalitree_postfire_labels.geojson",
        "SUNETID": "ajones16",
        "FIRENAME": "CASTLE",
        "FIRE_SLUG": "CASTLE",
        "PREFIRE": 0,
        "PREFIRE_STATUS": "postfire",
        "TILE_Z": 17,
        "TILE_X": 22430,
        "TILE_Y": 51340,
        "TILEXYZ": [
          17,
          22430,
          51340
        ],
        "OUTPUT_FILE": "/Users/maples/GitHub/mortalitree_testing/notebooks/single_tiles/postfire/17/22430/51340.geojson",
        "OUTPUT_STATUS_DIR": "postfire",
        "FEATURE_COUNT": 228
      },
      "geometry": {
        "type": "Polygon",
        "coordinates": [
          [
            [
              -118.39351507582221,
              36.28797477904755
            ],
            [
              -118.39344057375993,
              36.28797190276097
            ],
            [
              -118.3934443998813,
              36.28790694757392
            ],
            [
              -118.39351890188223,
              36.2879098238537
            ],
            [
              -118.39351507582221,
              36.28797477904755
            ]
          ]
        ]
      }
    },
    {
      "id": "715",
      "type": "Feature",
      "properties": {
        "id": null,
        "SOURCE_FILE": "/Users/maples/GitHub/mortalitree_testing/labels/ajones16_mortalitree_postfire_labels.geojson",
        "SUNETID": "ajones16",
        "FIRENAME": "CASTLE",
        "FIRE_SLUG": "CASTLE",
        "PREFIRE": 0,
        "PREFIRE_STATUS": "postfire",
        "TILE_Z": 17,
        "TILE_X": 22430,
        "TILE_Y": 51340,
        "TILEXYZ": [
          17,
          22430,
          51340
        ],
        "OUTPUT_FILE": "/Users/maples/GitHub/mortalitree_testing/notebooks/single_tiles/postfire/17/22430/51340.geojson",
        "OUTPUT_STATUS_DIR": "postfire",
        "FEATURE_COUNT": 228
      },
      "geometry": {
        "type": "Polygon",
        "coordinates": [
          [
            [
              -118.39356774327524,
              36.28800703869056
            ],
            [
              -118.39351043396778,
              36.28800482619008
            ],
            [
              -118.39351426003589,
              36.28793987099699
            ],
            [
              -118.39357156929614,
              36.28794208349225
            ],
            [
              -118.39356774327524,
              36.28800703869056
            ]
          ]
        ]
      }
    },
    {
      "id": "716",
      "type": "Feature",
      "properties": {
        "id": null,
        "SOURCE_FILE": "/Users/maples/GitHub/mortalitree_testing/labels/ajones16_mortalitree_postfire_labels.geojson",
        "SUNETID": "ajones16",
        "FIRENAME": "CASTLE",
        "FIRE_SLUG": "CASTLE",
        "PREFIRE": 0,
        "PREFIRE_STATUS": "postfire",
        "TILE_Z": 17,
        "TILE_X": 22430,
        "TILE_Y": 51340,
        "TILEXYZ": [
          17,
          22430,
          51340
        ],
        "OUTPUT_FILE": "/Users/maples/GitHub/mortalitree_testing/notebooks/single_tiles/postfire/17/22430/51340.geojson",
        "OUTPUT_STATUS_DIR": "postfire",
        "FEATURE_COUNT": 228
      },
      "geometry": {
        "type": "Polygon",
        "coordinates": [
          [
            [
              -118.39364428699096,
              36.28807277152112
            ],
            [
              -118.39356978482198,
              36.2880698953084
            ],
            [
              -118.39357361084997,
              36.28800494011059
            ],
            [
              -118.3936481129576,
              36.28800781631652
            ],
            [
              -118.39364428699096,
              36.28807277152112
            ]
          ]
        ]
      }
    },
    {
      "id": "717",
      "type": "Feature",
      "properties": {
        "id": null,
        "SOURCE_FILE": "/Users/maples/GitHub/mortalitree_testing/labels/ajones16_mortalitree_postfire_labels.geojson",
        "SUNETID": "ajones16",
        "FIRENAME": "CASTLE",
        "FIRE_SLUG": "CASTLE",
        "PREFIRE": 0,
        "PREFIRE_STATUS": "postfire",
        "TILE_Z": 17,
        "TILE_X": 22430,
        "TILE_Y": 51340,
        "TILEXYZ": [
          17,
          22430,
          51340
        ],
        "OUTPUT_FILE": "/Users/maples/GitHub/mortalitree_testing/notebooks/single_tiles/postfire/17/22430/51340.geojson",
        "OUTPUT_STATUS_DIR": "postfire",
        "FEATURE_COUNT": 228
      },
      "geometry": {
        "type": "Polygon",
        "coordinates": [
          [
            [
              -118.39350878602714,
              36.28813031816892
            ],
            [
              -118.39345147663431,
              36.288128105633746
            ],
            [
              -118.39345557606332,
              36.28805851079119
            ],
            [
              -118.3935128854056,
              36.288060723320754
            ],
            [
              -118.39350878602714,
              36.28813031816892
            ]
          ]
        ]
      }
    },
    {
      "id": "718",
      "type": "Feature",
      "properties": {
        "id": null,
        "SOURCE_FILE": "/Users/maples/GitHub/mortalitree_testing/labels/ajones16_mortalitree_postfire_labels.geojson",
        "SUNETID": "ajones16",
        "FIRENAME": "CASTLE",
        "FIRE_SLUG": "CASTLE",
        "PREFIRE": 0,
        "PREFIRE_STATUS": "postfire",
        "TILE_Z": 17,
        "TILE_X": 22430,
        "TILE_Y": 51340,
        "TILEXYZ": [
          17,
          22430,
          51340
        ],
        "OUTPUT_FILE": "/Users/maples/GitHub/mortalitree_testing/notebooks/single_tiles/postfire/17/22430/51340.geojson",
        "OUTPUT_STATUS_DIR": "postfire",
        "FEATURE_COUNT": 228
      },
      "geometry": {
        "type": "Polygon",
        "coordinates": [
          [
            [
              -118.39369610676607,
              36.28846073927641
            ],
            [
              -118.39359868036547,
              36.28845697807364
            ],
            [
              -118.39360441944811,
              36.288359545278865
            ],
            [
              -118.39370184572836,
              36.288363306468305
            ],
            [
              -118.39369610676607,
              36.28846073927641
            ]
          ]
        ]
      }
    },
    {
      "id": "719",
      "type": "Feature",
      "properties": {
        "id": null,
        "SOURCE_FILE": "/Users/maples/GitHub/mortalitree_testing/labels/ajones16_mortalitree_postfire_labels.geojson",
        "SUNETID": "ajones16",
        "FIRENAME": "CASTLE",
        "FIRE_SLUG": "CASTLE",
        "PREFIRE": 0,
        "PREFIRE_STATUS": "postfire",
        "TILE_Z": 17,
        "TILE_X": 22430,
        "TILE_Y": 51340,
        "TILEXYZ": [
          17,
          22430,
          51340
        ],
        "OUTPUT_FILE": "/Users/maples/GitHub/mortalitree_testing/notebooks/single_tiles/postfire/17/22430/51340.geojson",
        "OUTPUT_STATUS_DIR": "postfire",
        "FEATURE_COUNT": 228
      },
      "geometry": {
        "type": "Polygon",
        "coordinates": [
          [
            [
              -118.39364124767901,
              36.28856319836237
            ],
            [
              -118.39363988190998,
              36.28856319836237
            ],
            [
              -118.39357820388851,
              36.28856081722432
            ],
            [
              -118.39358066351896,
              36.28851906031449
            ],
            [
              -118.39364370417739,
              36.28852149405602
            ],
            [
              -118.39364124767901,
              36.28856319836237
            ]
          ]
        ]
      }
    },
    {
      "id": "720",
      "type": "Feature",
      "properties": {
        "id": null,
        "SOURCE_FILE": "/Users/maples/GitHub/mortalitree_testing/labels/ajones16_mortalitree_postfire_labels.geojson",
        "SUNETID": "ajones16",
        "FIRENAME": "CASTLE",
        "FIRE_SLUG": "CASTLE",
        "PREFIRE": 0,
        "PREFIRE_STATUS": "postfire",
        "TILE_Z": 17,
        "TILE_X": 22430,
        "TILE_Y": 51340,
        "TILEXYZ": [
          17,
          22430,
          51340
        ],
        "OUTPUT_FILE": "/Users/maples/GitHub/mortalitree_testing/notebooks/single_tiles/postfire/17/22430/51340.geojson",
        "OUTPUT_STATUS_DIR": "postfire",
        "FEATURE_COUNT": 228
      },
      "geometry": {
        "type": "Polygon",
        "coordinates": [
          [
            [
              -118.3939436314104,
              36.28845169391776
            ],
            [
              -118.39388632174739,
              36.28844948157422
            ],
            [
              -118.39389069411061,
              36.288375247033905
            ],
            [
              -118.39394800371967,
              36.288377459371475
            ],
            [
              -118.3939436314104,
              36.28845169391776
            ]
          ]
        ]
      }
    },
    {
      "id": "721",
      "type": "Feature",
      "properties": {
        "id": null,
        "SOURCE_FILE": "/Users/maples/GitHub/mortalitree_testing/labels/ajones16_mortalitree_postfire_labels.geojson",
        "SUNETID": "ajones16",
        "FIRENAME": "CASTLE",
        "FIRE_SLUG": "CASTLE",
        "PREFIRE": 0,
        "PREFIRE_STATUS": "postfire",
        "TILE_Z": 17,
        "TILE_X": 22430,
        "TILE_Y": 51340,
        "TILEXYZ": [
          17,
          22430,
          51340
        ],
        "OUTPUT_FILE": "/Users/maples/GitHub/mortalitree_testing/notebooks/single_tiles/postfire/17/22430/51340.geojson",
        "OUTPUT_STATUS_DIR": "postfire",
        "FEATURE_COUNT": 228
      },
      "geometry": {
        "type": "Polygon",
        "coordinates": [
          [
            [
              -118.39209607637281,
              36.288417559892906
            ],
            [
              -118.3920158430904,
              36.28841446136708
            ],
            [
              -118.39202185751417,
              36.288312389142504
            ],
            [
              -118.39210209069279,
              36.28831548765682
            ],
            [
              -118.39209607637281,
              36.288417559892906
            ]
          ]
        ]
      }
    },
    {
      "id": "722",
      "type": "Feature",
      "properties": {
        "id": null,
        "SOURCE_FILE": "/Users/maples/GitHub/mortalitree_testing/labels/ajones16_mortalitree_postfire_labels.geojson",
        "SUNETID": "ajones16",
        "FIRENAME": "CASTLE",
        "FIRE_SLUG": "CASTLE",
        "PREFIRE": 0,
        "PREFIRE_STATUS": "postfire",
        "TILE_Z": 17,
        "TILE_X": 22430,
        "TILE_Y": 51340,
        "TILEXYZ": [
          17,
          22430,
          51340
        ],
        "OUTPUT_FILE": "/Users/maples/GitHub/mortalitree_testing/notebooks/single_tiles/postfire/17/22430/51340.geojson",
        "OUTPUT_STATUS_DIR": "postfire",
        "FEATURE_COUNT": 228
      },
      "geometry": {
        "type": "Polygon",
        "coordinates": [
          [
            [
              -118.39216703476406,
              36.28838309854947
            ],
            [
              -118.3921211871882,
              36.28838132799849
            ],
            [
              -118.39212474108416,
              36.28832101258408
            ],
            [
              -118.39217058862499,
              36.28832278313116
            ],
            [
              -118.39216703476406,
              36.28838309854947
            ]
          ]
        ]
      }
    },
    {
      "id": "723",
      "type": "Feature",
      "properties": {
        "id": null,
        "SOURCE_FILE": "/Users/maples/GitHub/mortalitree_testing/labels/ajones16_mortalitree_postfire_labels.geojson",
        "SUNETID": "ajones16",
        "FIRENAME": "CASTLE",
        "FIRE_SLUG": "CASTLE",
        "PREFIRE": 0,
        "PREFIRE_STATUS": "postfire",
        "TILE_Z": 17,
        "TILE_X": 22430,
        "TILE_Y": 51340,
        "TILEXYZ": [
          17,
          22430,
          51340
        ],
        "OUTPUT_FILE": "/Users/maples/GitHub/mortalitree_testing/notebooks/single_tiles/postfire/17/22430/51340.geojson",
        "OUTPUT_STATUS_DIR": "postfire",
        "FEATURE_COUNT": 228
      },
      "geometry": {
        "type": "Polygon",
        "coordinates": [
          [
            [
              -118.39201216757155,
              36.28833061574191
            ],
            [
              -118.39196058909478,
              36.28832862380651
            ],
            [
              -118.39196523664775,
              36.28824974982001
            ],
            [
              -118.39201681507296,
              36.288251741749704
            ],
            [
              -118.39201216757155,
              36.28833061574191
            ]
          ]
        ]
      }
    },
    {
      "id": "724",
      "type": "Feature",
      "properties": {
        "id": null,
        "SOURCE_FILE": "/Users/maples/GitHub/mortalitree_testing/labels/ajones16_mortalitree_postfire_labels.geojson",
        "SUNETID": "ajones16",
        "FIRENAME": "CASTLE",
        "FIRE_SLUG": "CASTLE",
        "PREFIRE": 0,
        "PREFIRE_STATUS": "postfire",
        "TILE_Z": 17,
        "TILE_X": 22430,
        "TILE_Y": 51340,
        "TILEXYZ": [
          17,
          22430,
          51340
        ],
        "OUTPUT_FILE": "/Users/maples/GitHub/mortalitree_testing/notebooks/single_tiles/postfire/17/22430/51340.geojson",
        "OUTPUT_STATUS_DIR": "postfire",
        "FEATURE_COUNT": 228
      },
      "geometry": {
        "type": "Polygon",
        "coordinates": [
          [
            [
              -118.3919433962703,
              36.288327959823114
            ],
            [
              -118.39186889403746,
              36.2883250825333
            ],
            [
              -118.39187381507242,
              36.28824156891127
            ],
            [
              -118.3919483172264,
              36.288244446192344
            ],
            [
              -118.3919433962703,
              36.288327959823114
            ]
          ]
        ]
      }
    },
    {
      "id": "725",
      "type": "Feature",
      "properties": {
        "id": null,
        "SOURCE_FILE": "/Users/maples/GitHub/mortalitree_testing/labels/ajones16_mortalitree_postfire_labels.geojson",
        "SUNETID": "ajones16",
        "FIRENAME": "CASTLE",
        "FIRE_SLUG": "CASTLE",
        "PREFIRE": 0,
        "PREFIRE_STATUS": "postfire",
        "TILE_Z": 17,
        "TILE_X": 22430,
        "TILE_Y": 51340,
        "TILEXYZ": [
          17,
          22430,
          51340
        ],
        "OUTPUT_FILE": "/Users/maples/GitHub/mortalitree_testing/notebooks/single_tiles/postfire/17/22430/51340.geojson",
        "OUTPUT_STATUS_DIR": "postfire",
        "FEATURE_COUNT": 228
      },
      "geometry": {
        "type": "Polygon",
        "coordinates": [
          [
            [
              -118.3918478737162,
              36.288389373573374
            ],
            [
              -118.39178483332374,
              36.28838693889266
            ],
            [
              -118.39178920766754,
              36.288312704571595
            ],
            [
              -118.39185224800067,
              36.28831513924575
            ],
            [
              -118.3918478737162,
              36.288389373573374
            ]
          ]
        ]
      }
    },
    {
      "id": "726",
      "type": "Feature",
      "properties": {
        "id": null,
        "SOURCE_FILE": "/Users/maples/GitHub/mortalitree_testing/labels/ajones16_mortalitree_postfire_labels.geojson",
        "SUNETID": "ajones16",
        "FIRENAME": "CASTLE",
        "FIRE_SLUG": "CASTLE",
        "PREFIRE": 0,
        "PREFIRE_STATUS": "postfire",
        "TILE_Z": 17,
        "TILE_X": 22430,
        "TILE_Y": 51340,
        "TILEXYZ": [
          17,
          22430,
          51340
        ],
        "OUTPUT_FILE": "/Users/maples/GitHub/mortalitree_testing/notebooks/single_tiles/postfire/17/22430/51340.geojson",
        "OUTPUT_STATUS_DIR": "postfire",
        "FEATURE_COUNT": 228
      },
      "geometry": {
        "type": "Polygon",
        "coordinates": [
          [
            [
              -118.39178837709298,
              36.288424277388934
            ],
            [
              -118.39173106762425,
              36.28842206401386
            ],
            [
              -118.3917357154241,
              36.28834319005416
            ],
            [
              -118.39179302483551,
              36.28834540342288
            ],
            [
              -118.39178837709298,
              36.288424277388934
            ]
          ]
        ]
      }
    },
    {
      "id": "727",
      "type": "Feature",
      "properties": {
        "id": null,
        "SOURCE_FILE": "/Users/maples/GitHub/mortalitree_testing/labels/ajones16_mortalitree_postfire_labels.geojson",
        "SUNETID": "ajones16",
        "FIRENAME": "CASTLE",
        "FIRE_SLUG": "CASTLE",
        "PREFIRE": 0,
        "PREFIRE_STATUS": "postfire",
        "TILE_Z": 17,
        "TILE_X": 22430,
        "TILE_Y": 51340,
        "TILEXYZ": [
          17,
          22430,
          51340
        ],
        "OUTPUT_FILE": "/Users/maples/GitHub/mortalitree_testing/notebooks/single_tiles/postfire/17/22430/51340.geojson",
        "OUTPUT_STATUS_DIR": "postfire",
        "FEATURE_COUNT": 228
      },
      "geometry": {
        "type": "Polygon",
        "coordinates": [
          [
            [
              -118.39182738979154,
              36.28854203920051
            ],
            [
              -118.39171277068182,
              36.288537612448096
            ],
            [
              -118.39171933233004,
              36.28842626098013
            ],
            [
              -118.39183395127796,
              36.288430687714616
            ],
            [
              -118.39182738979154,
              36.28854203920051
            ]
          ]
        ]
      }
    },
    {
      "id": "728",
      "type": "Feature",
      "properties": {
        "id": null,
        "SOURCE_FILE": "/Users/maples/GitHub/mortalitree_testing/labels/ajones16_mortalitree_postfire_labels.geojson",
        "SUNETID": "ajones16",
        "FIRENAME": "CASTLE",
        "FIRE_SLUG": "CASTLE",
        "PREFIRE": 0,
        "PREFIRE_STATUS": "postfire",
        "TILE_Z": 17,
        "TILE_X": 22430,
        "TILE_Y": 51340,
        "TILEXYZ": [
          17,
          22430,
          51340
        ],
        "OUTPUT_FILE": "/Users/maples/GitHub/mortalitree_testing/notebooks/single_tiles/postfire/17/22430/51340.geojson",
        "OUTPUT_STATUS_DIR": "postfire",
        "FEATURE_COUNT": 228
      },
      "geometry": {
        "type": "Polygon",
        "coordinates": [
          [
            [
              -118.3916605244156,
              36.28840073867979
            ],
            [
              -118.39159175308694,
              36.28839808255435
            ],
            [
              -118.39159558080023,
              36.288333127541335
            ],
            [
              -118.39166435207227,
              36.2883357836605
            ],
            [
              -118.3916605244156,
              36.28840073867979
            ]
          ]
        ]
      }
    },
    {
      "id": "729",
      "type": "Feature",
      "properties": {
        "id": null,
        "SOURCE_FILE": "/Users/maples/GitHub/mortalitree_testing/labels/ajones16_mortalitree_postfire_labels.geojson",
        "SUNETID": "ajones16",
        "FIRENAME": "CASTLE",
        "FIRE_SLUG": "CASTLE",
        "PREFIRE": 0,
        "PREFIRE_STATUS": "postfire",
        "TILE_Z": 17,
        "TILE_X": 22430,
        "TILE_Y": 51340,
        "TILEXYZ": [
          17,
          22430,
          51340
        ],
        "OUTPUT_FILE": "/Users/maples/GitHub/mortalitree_testing/notebooks/single_tiles/postfire/17/22430/51340.geojson",
        "OUTPUT_STATUS_DIR": "postfire",
        "FEATURE_COUNT": 228
      },
      "geometry": {
        "type": "Polygon",
        "coordinates": [
          [
            [
              -118.39155449126581,
              36.28849429766362
            ],
            [
              -118.39146279606719,
              36.28849075606515
            ],
            [
              -118.39146580365139,
              36.28843971999365
            ],
            [
              -118.39155749879068,
              36.28844326158555
            ],
            [
              -118.39155449126581,
              36.28849429766362
            ]
          ]
        ]
      }
    },
    {
      "id": "730",
      "type": "Feature",
      "properties": {
        "id": null,
        "SOURCE_FILE": "/Users/maples/GitHub/mortalitree_testing/labels/ajones16_mortalitree_postfire_labels.geojson",
        "SUNETID": "ajones16",
        "FIRENAME": "CASTLE",
        "FIRE_SLUG": "CASTLE",
        "PREFIRE": 0,
        "PREFIRE_STATUS": "postfire",
        "TILE_Z": 17,
        "TILE_X": 22430,
        "TILE_Y": 51340,
        "TILEXYZ": [
          17,
          22430,
          51340
        ],
        "OUTPUT_FILE": "/Users/maples/GitHub/mortalitree_testing/notebooks/single_tiles/postfire/17/22430/51340.geojson",
        "OUTPUT_STATUS_DIR": "postfire",
        "FEATURE_COUNT": 228
      },
      "geometry": {
        "type": "Polygon",
        "coordinates": [
          [
            [
              -118.39151424327856,
              36.28844624111627
            ],
            [
              -118.39146266476193,
              36.288444248960644
            ],
            [
              -118.39146594575702,
              36.28838857324584
            ],
            [
              -118.39151752423727,
              36.28839056539742
            ],
            [
              -118.39151424327856,
              36.28844624111627
            ]
          ]
        ]
      }
    },
    {
      "id": "731",
      "type": "Feature",
      "properties": {
        "id": null,
        "SOURCE_FILE": "/Users/maples/GitHub/mortalitree_testing/labels/ajones16_mortalitree_postfire_labels.geojson",
        "SUNETID": "ajones16",
        "FIRENAME": "CASTLE",
        "FIRE_SLUG": "CASTLE",
        "PREFIRE": 0,
        "PREFIRE_STATUS": "postfire",
        "TILE_Z": 17,
        "TILE_X": 22430,
        "TILE_Y": 51340,
        "TILEXYZ": [
          17,
          22430,
          51340
        ],
        "OUTPUT_FILE": "/Users/maples/GitHub/mortalitree_testing/notebooks/single_tiles/postfire/17/22430/51340.geojson",
        "OUTPUT_STATUS_DIR": "postfire",
        "FEATURE_COUNT": 228
      },
      "geometry": {
        "type": "Polygon",
        "coordinates": [
          [
            [
              -118.39158369816566,
              36.28843729818016
            ],
            [
              -118.39152065775814,
              36.28843486335741
            ],
            [
              -118.39152421212323,
              36.28837454799463
            ],
            [
              -118.39158725248257,
              36.28837698281204
            ],
            [
              -118.39158369816566,
              36.28843729818016
            ]
          ]
        ]
      }
    },
    {
      "id": "732",
      "type": "Feature",
      "properties": {
        "id": null,
        "SOURCE_FILE": "/Users/maples/GitHub/mortalitree_testing/labels/ajones16_mortalitree_postfire_labels.geojson",
        "SUNETID": "ajones16",
        "FIRENAME": "CASTLE",
        "FIRE_SLUG": "CASTLE",
        "PREFIRE": 0,
        "PREFIRE_STATUS": "postfire",
        "TILE_Z": 17,
        "TILE_X": 22430,
        "TILE_Y": 51340,
        "TILEXYZ": [
          17,
          22430,
          51340
        ],
        "OUTPUT_FILE": "/Users/maples/GitHub/mortalitree_testing/notebooks/single_tiles/postfire/17/22430/51340.geojson",
        "OUTPUT_STATUS_DIR": "postfire",
        "FEATURE_COUNT": 228
      },
      "geometry": {
        "type": "Polygon",
        "coordinates": [
          [
            [
              -118.39155043097736,
              36.28856319836237
            ],
            [
              -118.39148724698492,
              36.28856319836237
            ],
            [
              -118.39148981032146,
              36.28851970068022
            ],
            [
              -118.39155285079448,
              36.28852213552411
            ],
            [
              -118.39155043097736,
              36.28856319836237
            ]
          ]
        ]
      }
    },
    {
      "id": "733",
      "type": "Feature",
      "properties": {
        "id": null,
        "SOURCE_FILE": "/Users/maples/GitHub/mortalitree_testing/labels/ajones16_mortalitree_postfire_labels.geojson",
        "SUNETID": "ajones16",
        "FIRENAME": "CASTLE",
        "FIRE_SLUG": "CASTLE",
        "PREFIRE": 0,
        "PREFIRE_STATUS": "postfire",
        "TILE_Z": 17,
        "TILE_X": 22430,
        "TILE_Y": 51340,
        "TILEXYZ": [
          17,
          22430,
          51340
        ],
        "OUTPUT_FILE": "/Users/maples/GitHub/mortalitree_testing/notebooks/single_tiles/postfire/17/22430/51340.geojson",
        "OUTPUT_STATUS_DIR": "postfire",
        "FEATURE_COUNT": 228
      },
      "geometry": {
        "type": "Polygon",
        "coordinates": [
          [
            [
              -118.39150645634732,
              36.28852964401804
            ],
            [
              -118.39146060872845,
              36.288527873207656
            ],
            [
              -118.39146306948423,
              36.28848611642232
            ],
            [
              -118.39150891707884,
              36.288487887230005
            ],
            [
              -118.39150645634732,
              36.28852964401804
            ]
          ]
        ]
      }
    },
    {
      "id": "734",
      "type": "Feature",
      "properties": {
        "id": null,
        "SOURCE_FILE": "/Users/maples/GitHub/mortalitree_testing/labels/ajones16_mortalitree_postfire_labels.geojson",
        "SUNETID": "ajones16",
        "FIRENAME": "CASTLE",
        "FIRE_SLUG": "CASTLE",
        "PREFIRE": 0,
        "PREFIRE_STATUS": "postfire",
        "TILE_Z": 17,
        "TILE_X": 22430,
        "TILE_Y": 51340,
        "TILEXYZ": [
          17,
          22430,
          51340
        ],
        "OUTPUT_FILE": "/Users/maples/GitHub/mortalitree_testing/notebooks/single_tiles/postfire/17/22430/51340.geojson",
        "OUTPUT_STATUS_DIR": "postfire",
        "FEATURE_COUNT": 228
      },
      "geometry": {
        "type": "Polygon",
        "coordinates": [
          [
            [
              -118.39172753956319,
              36.288238244701894
            ],
            [
              -118.39168169210048,
              36.28823647398847
            ],
            [
              -118.39168442611327,
              36.28819007754356
            ],
            [
              -118.391730273549,
              36.288191848254
            ],
            [
              -118.39172753956319,
              36.288238244701894
            ]
          ]
        ]
      }
    },
    {
      "id": "735",
      "type": "Feature",
      "properties": {
        "id": null,
        "SOURCE_FILE": "/Users/maples/GitHub/mortalitree_testing/labels/ajones16_mortalitree_postfire_labels.geojson",
        "SUNETID": "ajones16",
        "FIRENAME": "CASTLE",
        "FIRE_SLUG": "CASTLE",
        "PREFIRE": 0,
        "PREFIRE_STATUS": "postfire",
        "TILE_Z": 17,
        "TILE_X": 22430,
        "TILE_Y": 51340,
        "TILEXYZ": [
          17,
          22430,
          51340
        ],
        "OUTPUT_FILE": "/Users/maples/GitHub/mortalitree_testing/notebooks/single_tiles/postfire/17/22430/51340.geojson",
        "OUTPUT_STATUS_DIR": "postfire",
        "FEATURE_COUNT": 228
      },
      "geometry": {
        "type": "Polygon",
        "coordinates": [
          [
            [
              -118.39168961024112,
              36.28819957817243
            ],
            [
              -118.39161510815698,
              36.28819670073322
            ],
            [
              -118.39161893582278,
              36.28813174571586
            ],
            [
              -118.39169343784556,
              36.28813462314827
            ],
            [
              -118.39168961024112,
              36.28819957817243
            ]
          ]
        ]
      }
    },
    {
      "id": "736",
      "type": "Feature",
      "properties": {
        "id": null,
        "SOURCE_FILE": "/Users/maples/GitHub/mortalitree_testing/labels/ajones16_mortalitree_postfire_labels.geojson",
        "SUNETID": "ajones16",
        "FIRENAME": "CASTLE",
        "FIRE_SLUG": "CASTLE",
        "PREFIRE": 0,
        "PREFIRE_STATUS": "postfire",
        "TILE_Z": 17,
        "TILE_X": 22430,
        "TILE_Y": 51340,
        "TILEXYZ": [
          17,
          22430,
          51340
        ],
        "OUTPUT_FILE": "/Users/maples/GitHub/mortalitree_testing/notebooks/single_tiles/postfire/17/22430/51340.geojson",
        "OUTPUT_STATUS_DIR": "postfire",
        "FEATURE_COUNT": 228
      },
      "geometry": {
        "type": "Polygon",
        "coordinates": [
          [
            [
              -118.39168770692035,
              36.28813440180897
            ],
            [
              -118.39161893582278,
              36.28813174571586
            ],
            [
              -118.39162194326586,
              36.28808070963005
            ],
            [
              -118.39169071431894,
              36.28808336571824
            ],
            [
              -118.39168770692035,
              36.28813440180897
            ]
          ]
        ]
      }
    },
    {
      "id": "737",
      "type": "Feature",
      "properties": {
        "id": null,
        "SOURCE_FILE": "/Users/maples/GitHub/mortalitree_testing/labels/ajones16_mortalitree_postfire_labels.geojson",
        "SUNETID": "ajones16",
        "FIRENAME": "CASTLE",
        "FIRE_SLUG": "CASTLE",
        "PREFIRE": 0,
        "PREFIRE_STATUS": "postfire",
        "TILE_Z": 17,
        "TILE_X": 22430,
        "TILE_Y": 51340,
        "TILEXYZ": [
          17,
          22430,
          51340
        ],
        "OUTPUT_FILE": "/Users/maples/GitHub/mortalitree_testing/notebooks/single_tiles/postfire/17/22430/51340.geojson",
        "OUTPUT_STATUS_DIR": "postfire",
        "FEATURE_COUNT": 228
      },
      "geometry": {
        "type": "Polygon",
        "coordinates": [
          [
            [
              -118.39181022800847,
              36.288248413543315
            ],
            [
              -118.39174718773272,
              36.28824597885085
            ],
            [
              -118.39175101529594,
              36.28818102382193
            ],
            [
              -118.39181405551975,
              36.288183458508655
            ],
            [
              -118.39181022800847,
              36.288248413543315
            ]
          ]
        ]
      }
    },
    {
      "id": "738",
      "type": "Feature",
      "properties": {
        "id": null,
        "SOURCE_FILE": "/Users/maples/GitHub/mortalitree_testing/labels/ajones16_mortalitree_postfire_labels.geojson",
        "SUNETID": "ajones16",
        "FIRENAME": "CASTLE",
        "FIRE_SLUG": "CASTLE",
        "PREFIRE": 0,
        "PREFIRE_STATUS": "postfire",
        "TILE_Z": 17,
        "TILE_X": 22430,
        "TILE_Y": 51340,
        "TILEXYZ": [
          17,
          22430,
          51340
        ],
        "OUTPUT_FILE": "/Users/maples/GitHub/mortalitree_testing/notebooks/single_tiles/postfire/17/22430/51340.geojson",
        "OUTPUT_STATUS_DIR": "postfire",
        "FEATURE_COUNT": 228
      },
      "geometry": {
        "type": "Polygon",
        "coordinates": [
          [
            [
              -118.39252029397554,
              36.28852927104598
            ],
            [
              -118.39243432957088,
              36.28852595149107
            ],
            [
              -118.39243760988549,
              36.288470275700696
            ],
            [
              -118.39252357422947,
              36.28847359524889
            ],
            [
              -118.39252029397554,
              36.28852927104598
            ]
          ]
        ]
      }
    },
    {
      "id": "739",
      "type": "Feature",
      "properties": {
        "id": null,
        "SOURCE_FILE": "/Users/maples/GitHub/mortalitree_testing/labels/ajones16_mortalitree_postfire_labels.geojson",
        "SUNETID": "ajones16",
        "FIRENAME": "CASTLE",
        "FIRE_SLUG": "CASTLE",
        "PREFIRE": 0,
        "PREFIRE_STATUS": "postfire",
        "TILE_Z": 17,
        "TILE_X": 22430,
        "TILE_Y": 51340,
        "TILEXYZ": [
          17,
          22430,
          51340
        ],
        "OUTPUT_FILE": "/Users/maples/GitHub/mortalitree_testing/notebooks/single_tiles/postfire/17/22430/51340.geojson",
        "OUTPUT_STATUS_DIR": "postfire",
        "FEATURE_COUNT": 228
      },
      "geometry": {
        "type": "Polygon",
        "coordinates": [
          [
            [
              -118.39318863461938,
              36.28854345169213
            ],
            [
              -118.39311986301723,
              36.28854079643662
            ],
            [
              -118.39312368948397,
              36.28847584128513
            ],
            [
              -118.39319246102946,
              36.28847849653437
            ],
            [
              -118.39318863461938,
              36.28854345169213
            ]
          ]
        ]
      }
    },
    {
      "id": "740",
      "type": "Feature",
      "properties": {
        "id": null,
        "SOURCE_FILE": "/Users/maples/GitHub/mortalitree_testing/labels/ajones16_mortalitree_postfire_labels.geojson",
        "SUNETID": "ajones16",
        "FIRENAME": "CASTLE",
        "FIRE_SLUG": "CASTLE",
        "PREFIRE": 0,
        "PREFIRE_STATUS": "postfire",
        "TILE_Z": 17,
        "TILE_X": 22430,
        "TILE_Y": 51340,
        "TILEXYZ": [
          17,
          22430,
          51340
        ],
        "OUTPUT_FILE": "/Users/maples/GitHub/mortalitree_testing/notebooks/single_tiles/postfire/17/22430/51340.geojson",
        "OUTPUT_STATUS_DIR": "postfire",
        "FEATURE_COUNT": 228
      },
      "geometry": {
        "type": "Polygon",
        "coordinates": [
          [
            [
              -118.39280823611054,
              36.28822417560641
            ],
            [
              -118.39274519576553,
              36.2882217414415
            ],
            [
              -118.3927482024851,
              36.28817070527538
            ],
            [
              -118.39281124278928,
              36.28817313943578
            ],
            [
              -118.39280823611054,
              36.28822417560641
            ]
          ]
        ]
      }
    },
    {
      "id": "741",
      "type": "Feature",
      "properties": {
        "id": null,
        "SOURCE_FILE": "/Users/maples/GitHub/mortalitree_testing/labels/ajones16_mortalitree_postfire_labels.geojson",
        "SUNETID": "ajones16",
        "FIRENAME": "CASTLE",
        "FIRE_SLUG": "CASTLE",
        "PREFIRE": 0,
        "PREFIRE_STATUS": "postfire",
        "TILE_Z": 17,
        "TILE_X": 22430,
        "TILE_Y": 51340,
        "TILEXYZ": [
          17,
          22430,
          51340
        ],
        "OUTPUT_FILE": "/Users/maples/GitHub/mortalitree_testing/notebooks/single_tiles/postfire/17/22430/51340.geojson",
        "OUTPUT_STATUS_DIR": "postfire",
        "FEATURE_COUNT": 228
      },
      "geometry": {
        "type": "Polygon",
        "coordinates": [
          [
            [
              -118.39346014684955,
              36.28724955116255
            ],
            [
              -118.39338564548247,
              36.28724667489098
            ],
            [
              -118.39338865167787,
              36.28719563867043
            ],
            [
              -118.39346315299676,
              36.28719851493667
            ],
            [
              -118.39346014684955,
              36.28724955116255
            ]
          ]
        ]
      }
    },
    {
      "id": "742",
      "type": "Feature",
      "properties": {
        "id": null,
        "SOURCE_FILE": "/Users/maples/GitHub/mortalitree_testing/labels/ajones16_mortalitree_postfire_labels.geojson",
        "SUNETID": "ajones16",
        "FIRENAME": "CASTLE",
        "FIRE_SLUG": "CASTLE",
        "PREFIRE": 0,
        "PREFIRE_STATUS": "postfire",
        "TILE_Z": 17,
        "TILE_X": 22430,
        "TILE_Y": 51340,
        "TILEXYZ": [
          17,
          22430,
          51340
        ],
        "OUTPUT_FILE": "/Users/maples/GitHub/mortalitree_testing/notebooks/single_tiles/postfire/17/22430/51340.geojson",
        "OUTPUT_STATUS_DIR": "postfire",
        "FEATURE_COUNT": 228
      },
      "geometry": {
        "type": "Polygon",
        "coordinates": [
          [
            [
              -118.3934523744706,
              36.28718647329504
            ],
            [
              -118.39334348794955,
              36.287182269497116
            ],
            [
              -118.39334758733283,
              36.287112674654146
            ],
            [
              -118.39345647375784,
              36.28711687844144
            ],
            [
              -118.3934523744706,
              36.28718647329504
            ]
          ]
        ]
      }
    },
    {
      "id": "743",
      "type": "Feature",
      "properties": {
        "id": null,
        "SOURCE_FILE": "/Users/maples/GitHub/mortalitree_testing/labels/ajones16_mortalitree_postfire_labels.geojson",
        "SUNETID": "ajones16",
        "FIRENAME": "CASTLE",
        "FIRE_SLUG": "CASTLE",
        "PREFIRE": 0,
        "PREFIRE_STATUS": "postfire",
        "TILE_Z": 17,
        "TILE_X": 22430,
        "TILE_Y": 51340,
        "TILEXYZ": [
          17,
          22430,
          51340
        ],
        "OUTPUT_FILE": "/Users/maples/GitHub/mortalitree_testing/notebooks/single_tiles/postfire/17/22430/51340.geojson",
        "OUTPUT_STATUS_DIR": "postfire",
        "FEATURE_COUNT": 228
      },
      "geometry": {
        "type": "Polygon",
        "coordinates": [
          [
            [
              -118.39235781072796,
              36.28821608309361
            ],
            [
              -118.39231196323746,
              36.288214312622756
            ],
            [
              -118.3923142868297,
              36.28817487560941
            ],
            [
              -118.39236013429728,
              36.2881766460777
            ],
            [
              -118.39235781072796,
              36.28821608309361
            ]
          ]
        ]
      }
    },
    {
      "id": "744",
      "type": "Feature",
      "properties": {
        "id": null,
        "SOURCE_FILE": "/Users/maples/GitHub/mortalitree_testing/labels/ajones16_mortalitree_postfire_labels.geojson",
        "SUNETID": "ajones16",
        "FIRENAME": "CASTLE",
        "FIRE_SLUG": "CASTLE",
        "PREFIRE": 0,
        "PREFIRE_STATUS": "postfire",
        "TILE_Z": 17,
        "TILE_X": 22430,
        "TILE_Y": 51340,
        "TILEXYZ": [
          17,
          22430,
          51340
        ],
        "OUTPUT_FILE": "/Users/maples/GitHub/mortalitree_testing/notebooks/single_tiles/postfire/17/22430/51340.geojson",
        "OUTPUT_STATUS_DIR": "postfire",
        "FEATURE_COUNT": 228
      },
      "geometry": {
        "type": "Polygon",
        "coordinates": [
          [
            [
              -118.39229060404092,
              36.28825998984858
            ],
            [
              -118.39223616012106,
              36.28825788737972
            ],
            [
              -118.39223821038665,
              36.28822309001899
            ],
            [
              -118.3922926542825,
              36.28822519248518
            ],
            [
              -118.39229060404092,
              36.28825998984858
            ]
          ]
        ]
      }
    },
    {
      "id": "745",
      "type": "Feature",
      "properties": {
        "id": null,
        "SOURCE_FILE": "/Users/maples/GitHub/mortalitree_testing/labels/ajones16_mortalitree_postfire_labels.geojson",
        "SUNETID": "ajones16",
        "FIRENAME": "CASTLE",
        "FIRE_SLUG": "CASTLE",
        "PREFIRE": 0,
        "PREFIRE_STATUS": "postfire",
        "TILE_Z": 17,
        "TILE_X": 22430,
        "TILE_Y": 51340,
        "TILEXYZ": [
          17,
          22430,
          51340
        ],
        "OUTPUT_FILE": "/Users/maples/GitHub/mortalitree_testing/notebooks/single_tiles/postfire/17/22430/51340.geojson",
        "OUTPUT_STATUS_DIR": "postfire",
        "FEATURE_COUNT": 228
      },
      "geometry": {
        "type": "Polygon",
        "coordinates": [
          [
            [
              -118.39230746001218,
              36.288217626376664
            ],
            [
              -118.3922644779919,
              36.2882159665426
            ],
            [
              -118.39226721165764,
              36.28816957005938
            ],
            [
              -118.39231019365262,
              36.28817122989064
            ],
            [
              -118.39230746001218,
              36.288217626376664
            ]
          ]
        ]
      }
    },
    {
      "id": "746",
      "type": "Feature",
      "properties": {
        "id": null,
        "SOURCE_FILE": "/Users/maples/GitHub/mortalitree_testing/labels/ajones16_mortalitree_postfire_labels.geojson",
        "SUNETID": "ajones16",
        "FIRENAME": "CASTLE",
        "FIRE_SLUG": "CASTLE",
        "PREFIRE": 0,
        "PREFIRE_STATUS": "postfire",
        "TILE_Z": 17,
        "TILE_X": 22430,
        "TILE_Y": 51340,
        "TILEXYZ": [
          17,
          22430,
          51340
        ],
        "OUTPUT_FILE": "/Users/maples/GitHub/mortalitree_testing/notebooks/single_tiles/postfire/17/22430/51340.geojson",
        "OUTPUT_STATUS_DIR": "postfire",
        "FEATURE_COUNT": 228
      },
      "geometry": {
        "type": "Polygon",
        "coordinates": [
          [
            [
              -118.39234647828286,
              36.28828656110315
            ],
            [
              -118.39229489981075,
              36.288284569314015
            ],
            [
              -118.39229804351298,
              36.2882312133566
            ],
            [
              -118.3923496219502,
              36.28823320514186
            ],
            [
              -118.39234647828286,
              36.28828656110315
            ]
          ]
        ]
      }
    },
    {
      "id": "747",
      "type": "Feature",
      "properties": {
        "id": null,
        "SOURCE_FILE": "/Users/maples/GitHub/mortalitree_testing/labels/ajones16_mortalitree_postfire_labels.geojson",
        "SUNETID": "ajones16",
        "FIRENAME": "CASTLE",
        "FIRE_SLUG": "CASTLE",
        "PREFIRE": 0,
        "PREFIRE_STATUS": "postfire",
        "TILE_Z": 17,
        "TILE_X": 22430,
        "TILE_Y": 51340,
        "TILEXYZ": [
          17,
          22430,
          51340
        ],
        "OUTPUT_FILE": "/Users/maples/GitHub/mortalitree_testing/notebooks/single_tiles/postfire/17/22430/51340.geojson",
        "OUTPUT_STATUS_DIR": "postfire",
        "FEATURE_COUNT": 228
      },
      "geometry": {
        "type": "Polygon",
        "coordinates": [
          [
            [
              -118.392409035465,
              36.28834594183715
            ],
            [
              -118.39234886053045,
              36.288343618109245
            ],
            [
              -118.39235118411509,
              36.28830418109469
            ],
            [
              -118.39241135901955,
              36.288306504819275
            ],
            [
              -118.392409035465,
              36.28834594183715
            ]
          ]
        ]
      }
    },
    {
      "id": "748",
      "type": "Feature",
      "properties": {
        "id": null,
        "SOURCE_FILE": "/Users/maples/GitHub/mortalitree_testing/labels/ajones16_mortalitree_postfire_labels.geojson",
        "SUNETID": "ajones16",
        "FIRENAME": "CASTLE",
        "FIRE_SLUG": "CASTLE",
        "PREFIRE": 0,
        "PREFIRE_STATUS": "postfire",
        "TILE_Z": 17,
        "TILE_X": 22430,
        "TILE_Y": 51340,
        "TILEXYZ": [
          17,
          22430,
          51340
        ],
        "OUTPUT_FILE": "/Users/maples/GitHub/mortalitree_testing/notebooks/single_tiles/postfire/17/22430/51340.geojson",
        "OUTPUT_STATUS_DIR": "postfire",
        "FEATURE_COUNT": 228
      },
      "geometry": {
        "type": "Polygon",
        "coordinates": [
          [
            [
              -118.39253197511252,
              36.288379752989705
            ],
            [
              -118.39247753109092,
              36.28837765062482
            ],
            [
              -118.39247985461368,
              36.28833821360334
            ],
            [
              -118.39253429860808,
              36.288340315965215
            ],
            [
              -118.39253197511252,
              36.288379752989705
            ]
          ]
        ]
      }
    },
    {
      "id": "749",
      "type": "Feature",
      "properties": {
        "id": null,
        "SOURCE_FILE": "/Users/maples/GitHub/mortalitree_testing/labels/ajones16_mortalitree_postfire_labels.geojson",
        "SUNETID": "ajones16",
        "FIRENAME": "CASTLE",
        "FIRE_SLUG": "CASTLE",
        "PREFIRE": 0,
        "PREFIRE_STATUS": "postfire",
        "TILE_Z": 17,
        "TILE_X": 22430,
        "TILE_Y": 51340,
        "TILEXYZ": [
          17,
          22430,
          51340
        ],
        "OUTPUT_FILE": "/Users/maples/GitHub/mortalitree_testing/notebooks/single_tiles/postfire/17/22430/51340.geojson",
        "OUTPUT_STATUS_DIR": "postfire",
        "FEATURE_COUNT": 228
      },
      "geometry": {
        "type": "Polygon",
        "coordinates": [
          [
            [
              -118.39238996273677,
              36.28803596667893
            ],
            [
              -118.39232119165743,
              36.288033310995885
            ],
            [
              -118.39232570211703,
              36.28795675678983
            ],
            [
              -118.39239447312963,
              36.287959412465476
            ],
            [
              -118.39238996273677,
              36.28803596667893
            ]
          ]
        ]
      }
    },
    {
      "id": "750",
      "type": "Feature",
      "properties": {
        "id": null,
        "SOURCE_FILE": "/Users/maples/GitHub/mortalitree_testing/labels/ajones16_mortalitree_postfire_labels.geojson",
        "SUNETID": "ajones16",
        "FIRENAME": "CASTLE",
        "FIRE_SLUG": "CASTLE",
        "PREFIRE": 0,
        "PREFIRE_STATUS": "postfire",
        "TILE_Z": 17,
        "TILE_X": 22430,
        "TILE_Y": 51340,
        "TILEXYZ": [
          17,
          22430,
          51340
        ],
        "OUTPUT_FILE": "/Users/maples/GitHub/mortalitree_testing/notebooks/single_tiles/postfire/17/22430/51340.geojson",
        "OUTPUT_STATUS_DIR": "postfire",
        "FEATURE_COUNT": 228
      },
      "geometry": {
        "type": "Polygon",
        "coordinates": [
          [
            [
              -118.39243341826968,
              36.2880783340458
            ],
            [
              -118.39238183992829,
              36.28807634230396
            ],
            [
              -118.39238539358408,
              36.28801602686428
            ],
            [
              -118.39243697188601,
              36.28801801860174
            ],
            [
              -118.39243341826968,
              36.2880783340458
            ]
          ]
        ]
      }
    },
    {
      "id": "751",
      "type": "Feature",
      "properties": {
        "id": null,
        "SOURCE_FILE": "/Users/maples/GitHub/mortalitree_testing/labels/ajones16_mortalitree_postfire_labels.geojson",
        "SUNETID": "ajones16",
        "FIRENAME": "CASTLE",
        "FIRE_SLUG": "CASTLE",
        "PREFIRE": 0,
        "PREFIRE_STATUS": "postfire",
        "TILE_Z": 17,
        "TILE_X": 22430,
        "TILE_Y": 51340,
        "TILEXYZ": [
          17,
          22430,
          51340
        ],
        "OUTPUT_FILE": "/Users/maples/GitHub/mortalitree_testing/notebooks/single_tiles/postfire/17/22430/51340.geojson",
        "OUTPUT_STATUS_DIR": "postfire",
        "FEATURE_COUNT": 228
      },
      "geometry": {
        "type": "Polygon",
        "coordinates": [
          [
            [
              -118.39251432755113,
              36.28814307360424
            ],
            [
              -118.39245988369528,
              36.28814097124306
            ],
            [
              -118.39246425736037,
              36.288066736848265
            ],
            [
              -118.39251870116497,
              36.28806883920377
            ],
            [
              -118.39251432755113,
              36.28814307360424
            ]
          ]
        ]
      }
    },
    {
      "id": "752",
      "type": "Feature",
      "properties": {
        "id": null,
        "SOURCE_FILE": "/Users/maples/GitHub/mortalitree_testing/labels/ajones16_mortalitree_postfire_labels.geojson",
        "SUNETID": "ajones16",
        "FIRENAME": "CASTLE",
        "FIRE_SLUG": "CASTLE",
        "PREFIRE": 0,
        "PREFIRE_STATUS": "postfire",
        "TILE_Z": 17,
        "TILE_X": 22430,
        "TILE_Y": 51340,
        "TILEXYZ": [
          17,
          22430,
          51340
        ],
        "OUTPUT_FILE": "/Users/maples/GitHub/mortalitree_testing/notebooks/single_tiles/postfire/17/22430/51340.geojson",
        "OUTPUT_STATUS_DIR": "postfire",
        "FEATURE_COUNT": 228
      },
      "geometry": {
        "type": "Polygon",
        "coordinates": [
          [
            [
              -118.39241751436936,
              36.28815328574096
            ],
            [
              -118.39236020504795,
              36.28815107268158
            ],
            [
              -118.39236321201042,
              36.288100036542566
            ],
            [
              -118.39242052129475,
              36.28810224959786
            ],
            [
              -118.39241751436936,
              36.28815328574096
            ]
          ]
        ]
      }
    },
    {
      "id": "753",
      "type": "Feature",
      "properties": {
        "id": null,
        "SOURCE_FILE": "/Users/maples/GitHub/mortalitree_testing/labels/ajones16_mortalitree_postfire_labels.geojson",
        "SUNETID": "ajones16",
        "FIRENAME": "CASTLE",
        "FIRE_SLUG": "CASTLE",
        "PREFIRE": 0,
        "PREFIRE_STATUS": "postfire",
        "TILE_Z": 17,
        "TILE_X": 22430,
        "TILE_Y": 51340,
        "TILEXYZ": [
          17,
          22430,
          51340
        ],
        "OUTPUT_FILE": "/Users/maples/GitHub/mortalitree_testing/notebooks/single_tiles/postfire/17/22430/51340.geojson",
        "OUTPUT_STATUS_DIR": "postfire",
        "FEATURE_COUNT": 228
      },
      "geometry": {
        "type": "Polygon",
        "coordinates": [
          [
            [
              -118.39176470939694,
              36.28707131647327
            ],
            [
              -118.3916328999081,
              36.28706622580618
            ],
            [
              -118.39163645400912,
              36.28700591042004
            ],
            [
              -118.39176826339718,
              36.287011001075975
            ],
            [
              -118.39176470939694,
              36.28707131647327
            ]
          ]
        ]
      }
    },
    {
      "id": "754",
      "type": "Feature",
      "properties": {
        "id": null,
        "SOURCE_FILE": "/Users/maples/GitHub/mortalitree_testing/labels/ajones16_mortalitree_postfire_labels.geojson",
        "SUNETID": "ajones16",
        "FIRENAME": "CASTLE",
        "FIRE_SLUG": "CASTLE",
        "PREFIRE": 0,
        "PREFIRE_STATUS": "postfire",
        "TILE_Z": 17,
        "TILE_X": 22430,
        "TILE_Y": 51340,
        "TILEXYZ": [
          17,
          22430,
          51340
        ],
        "OUTPUT_FILE": "/Users/maples/GitHub/mortalitree_testing/notebooks/single_tiles/postfire/17/22430/51340.geojson",
        "OUTPUT_STATUS_DIR": "postfire",
        "FEATURE_COUNT": 228
      },
      "geometry": {
        "type": "Polygon",
        "coordinates": [
          [
            [
              -118.39217315186694,
              36.2879380776727
            ],
            [
              -118.39205853358459,
              36.28793365131481
            ],
            [
              -118.39206263422143,
              36.28786405660672
            ],
            [
              -118.39217725240266,
              36.28786848295341
            ],
            [
              -118.39217315186694,
              36.2879380776727
            ]
          ]
        ]
      }
    },
    {
      "id": "755",
      "type": "Feature",
      "properties": {
        "id": null,
        "SOURCE_FILE": "/Users/maples/GitHub/mortalitree_testing/labels/ajones16_mortalitree_postfire_labels.geojson",
        "SUNETID": "ajones16",
        "FIRENAME": "CASTLE",
        "FIRE_SLUG": "CASTLE",
        "PREFIRE": 0,
        "PREFIRE_STATUS": "postfire",
        "TILE_Z": 17,
        "TILE_X": 22430,
        "TILE_Y": 51340,
        "TILEXYZ": [
          17,
          22430,
          51340
        ],
        "OUTPUT_FILE": "/Users/maples/GitHub/mortalitree_testing/notebooks/single_tiles/postfire/17/22430/51340.geojson",
        "OUTPUT_STATUS_DIR": "postfire",
        "FEATURE_COUNT": 228
      },
      "geometry": {
        "type": "Polygon",
        "coordinates": [
          [
            [
              -118.39212239870571,
              36.28787333992382
            ],
            [
              -118.39200778052627,
              36.28786891352405
            ],
            [
              -118.39201242795372,
              36.28779003952626
            ],
            [
              -118.39212704601856,
              36.287794465913336
            ],
            [
              -118.39212239870571,
              36.28787333992382
            ]
          ]
        ]
      }
    },
    {
      "id": "756",
      "type": "Feature",
      "properties": {
        "id": null,
        "SOURCE_FILE": "/Users/maples/GitHub/mortalitree_testing/labels/ajones16_mortalitree_postfire_labels.geojson",
        "SUNETID": "ajones16",
        "FIRENAME": "CASTLE",
        "FIRE_SLUG": "CASTLE",
        "PREFIRE": 0,
        "PREFIRE_STATUS": "postfire",
        "TILE_Z": 17,
        "TILE_X": 22430,
        "TILE_Y": 51340,
        "TILEXYZ": [
          17,
          22430,
          51340
        ],
        "OUTPUT_FILE": "/Users/maples/GitHub/mortalitree_testing/notebooks/single_tiles/postfire/17/22430/51340.geojson",
        "OUTPUT_STATUS_DIR": "postfire",
        "FEATURE_COUNT": 228
      },
      "geometry": {
        "type": "Polygon",
        "coordinates": [
          [
            [
              -118.391731530366,
              36.288560425449276
            ],
            [
              -118.3916512969786,
              36.2885573266684
            ],
            [
              -118.39165649169263,
              36.288469173431125
            ],
            [
              -118.39173672499037,
              36.288472272202064
            ],
            [
              -118.391731530366,
              36.288560425449276
            ]
          ]
        ]
      }
    },
    {
      "id": "757",
      "type": "Feature",
      "properties": {
        "id": null,
        "SOURCE_FILE": "/Users/maples/GitHub/mortalitree_testing/labels/ajones16_mortalitree_postfire_labels.geojson",
        "SUNETID": "ajones16",
        "FIRENAME": "CASTLE",
        "FIRE_SLUG": "CASTLE",
        "PREFIRE": 0,
        "PREFIRE_STATUS": "postfire",
        "TILE_Z": 17,
        "TILE_X": 22430,
        "TILE_Y": 51340,
        "TILEXYZ": [
          17,
          22430,
          51340
        ],
        "OUTPUT_FILE": "/Users/maples/GitHub/mortalitree_testing/notebooks/single_tiles/postfire/17/22430/51340.geojson",
        "OUTPUT_STATUS_DIR": "postfire",
        "FEATURE_COUNT": 228
      },
      "geometry": {
        "type": "Polygon",
        "coordinates": [
          [
            [
              -118.3931886179944,
              36.28795868755329
            ],
            [
              -118.39309692321108,
              36.28795514725271
            ],
            [
              -118.39310156955702,
              36.28787627313488
            ],
            [
              -118.39319326424867,
              36.287879813425306
            ],
            [
              -118.3931886179944,
              36.28795868755329
            ]
          ]
        ]
      }
    },
    {
      "id": "758",
      "type": "Feature",
      "properties": {
        "id": null,
        "SOURCE_FILE": "/Users/maples/GitHub/mortalitree_testing/labels/ajones16_mortalitree_postfire_labels.geojson",
        "SUNETID": "ajones16",
        "FIRENAME": "CASTLE",
        "FIRE_SLUG": "CASTLE",
        "PREFIRE": 0,
        "PREFIRE_STATUS": "postfire",
        "TILE_Z": 17,
        "TILE_X": 22430,
        "TILE_Y": 51340,
        "TILEXYZ": [
          17,
          22430,
          51340
        ],
        "OUTPUT_FILE": "/Users/maples/GitHub/mortalitree_testing/notebooks/single_tiles/postfire/17/22430/51340.geojson",
        "OUTPUT_STATUS_DIR": "postfire",
        "FEATURE_COUNT": 228
      },
      "geometry": {
        "type": "Polygon",
        "coordinates": [
          [
            [
              -118.39313212436704,
              36.28799138291452
            ],
            [
              -118.39307481510625,
              36.28798917020609
            ],
            [
              -118.39307809490151,
              36.287933494360416
            ],
            [
              -118.39313540412185,
              36.28793570706438
            ],
            [
              -118.39313212436704,
              36.28799138291452
            ]
          ]
        ]
      }
    },
    {
      "id": "759",
      "type": "Feature",
      "properties": {
        "id": null,
        "SOURCE_FILE": "/Users/maples/GitHub/mortalitree_testing/labels/ajones16_mortalitree_postfire_labels.geojson",
        "SUNETID": "ajones16",
        "FIRENAME": "CASTLE",
        "FIRE_SLUG": "CASTLE",
        "PREFIRE": 0,
        "PREFIRE_STATUS": "postfire",
        "TILE_Z": 17,
        "TILE_X": 22430,
        "TILE_Y": 51340,
        "TILEXYZ": [
          17,
          22430,
          51340
        ],
        "OUTPUT_FILE": "/Users/maples/GitHub/mortalitree_testing/notebooks/single_tiles/postfire/17/22430/51340.geojson",
        "OUTPUT_STATUS_DIR": "postfire",
        "FEATURE_COUNT": 228
      },
      "geometry": {
        "type": "Polygon",
        "coordinates": [
          [
            [
              -118.3930512037294,
              36.28804871124857
            ],
            [
              -118.39299389443322,
              36.288046498498346
            ],
            [
              -118.3929982675774,
              36.28797226404647
            ],
            [
              -118.39305557681965,
              36.287974476790716
            ],
            [
              -118.3930512037294,
              36.28804871124857
            ]
          ]
        ]
      }
    },
    {
      "id": "760",
      "type": "Feature",
      "properties": {
        "id": null,
        "SOURCE_FILE": "/Users/maples/GitHub/mortalitree_testing/labels/ajones16_mortalitree_postfire_labels.geojson",
        "SUNETID": "ajones16",
        "FIRENAME": "CASTLE",
        "FIRE_SLUG": "CASTLE",
        "PREFIRE": 0,
        "PREFIRE_STATUS": "postfire",
        "TILE_Z": 17,
        "TILE_X": 22430,
        "TILE_Y": 51340,
        "TILEXYZ": [
          17,
          22430,
          51340
        ],
        "OUTPUT_FILE": "/Users/maples/GitHub/mortalitree_testing/notebooks/single_tiles/postfire/17/22430/51340.geojson",
        "OUTPUT_STATUS_DIR": "postfire",
        "FEATURE_COUNT": 228
      },
      "geometry": {
        "type": "Polygon",
        "coordinates": [
          [
            [
              -118.39391044170497,
              36.28799120463272
            ],
            [
              -118.39383020865374,
              36.287988107355496
            ],
            [
              -118.39383458099644,
              36.28791387281534
            ],
            [
              -118.39391481397217,
              36.28791697008419
            ],
            [
              -118.39391044170497,
              36.28799120463272
            ]
          ]
        ]
      }
    }
  ],
  "properties": {
    "SOURCE_FILE": "/Users/maples/GitHub/mortalitree_testing/labels/ajones16_mortalitree_postfire_labels.geojson",
    "SUNETID": "ajones16",
    "FIRENAME": "CASTLE",
    "FIRE_SLUG": "CASTLE",
    "PREFIRE": 0,
    "PREFIRE_STATUS": "postfire",
    "TILE_Z": 17,
    "TILE_X": 22430,
    "TILE_Y": 51340,
    "TILEXYZ": [
      17,
      22430,
      51340
    ],
    "OUTPUT_FILE": "/Users/maples/GitHub/mortalitree_testing/notebooks/single_tiles/postfire/17/22430/51340.geojson",
    "OUTPUT_STATUS_DIR": "postfire",
    "FEATURE_COUNT": 228
  }
}