{
  "type": "FeatureCollection",
  "features": [
    {
      "id": "157",
      "type": "Feature",
      "properties": {
        "id": null,
        "SOURCE_FILE": "/Users/maples/GitHub/mortalitree_testing/labels/luwajobi_mortalitree_postfire_labels.geojson",
        "SUNETID": "luwajobi",
        "FIRENAME": "NORTH COMPLEX",
        "FIRE_SLUG": "NORTH_COMPLEX",
        "PREFIRE": 0,
        "PREFIRE_STATUS": "postfire",
        "TILE_Z": 17,
        "TILE_X": 21538,
        "TILE_Y": 49672,
        "TILEXYZ": [
          17,
          21538,
          49672
        ],
        "OUTPUT_FILE": "/Users/maples/GitHub/mortalitree_testing/notebooks/single_tiles/postfire/17/21538/49672.geojson",
        "OUTPUT_STATUS_DIR": "postfire",
        "FEATURE_COUNT": 442
      },
      "geometry": {
        "type": "Polygon",
        "coordinates": [
          [
            [
              -120.84402913822909,
              39.891905041120765
            ],
            [
              -120.84388954590058,
              39.89190244484208
            ],
            [
              -120.84389262338557,
              39.89180426715772
            ],
            [
              -120.8440322155152,
              39.891806863427426
            ],
            [
              -120.84402913822909,
              39.891905041120765
            ]
          ]
        ]
      }
    },
    {
      "id": "158",
      "type": "Feature",
      "properties": {
        "id": null,
        "SOURCE_FILE": "/Users/maples/GitHub/mortalitree_testing/labels/luwajobi_mortalitree_postfire_labels.geojson",
        "SUNETID": "luwajobi",
        "FIRENAME": "NORTH COMPLEX",
        "FIRE_SLUG": "NORTH_COMPLEX",
        "PREFIRE": 0,
        "PREFIRE_STATUS": "postfire",
        "TILE_Z": 17,
        "TILE_X": 21538,
        "TILE_Y": 49672,
        "TILEXYZ": [
          17,
          21538,
          49672
        ],
        "OUTPUT_FILE": "/Users/maples/GitHub/mortalitree_testing/notebooks/single_tiles/postfire/17/21538/49672.geojson",
        "OUTPUT_STATUS_DIR": "postfire",
        "FEATURE_COUNT": 442
      },
      "geometry": {
        "type": "Polygon",
        "coordinates": [
          [
            [
              -120.84402591438935,
              39.89200789394032
            ],
            [
              -120.84396522197981,
              39.892006765140025
            ],
            [
              -120.84396815282622,
              39.891913262580594
            ],
            [
              -120.84402884515342,
              39.89191439137716
            ],
            [
              -120.84402591438935,
              39.89200789394032
            ]
          ]
        ]
      }
    },
    {
      "id": "159",
      "type": "Feature",
      "properties": {
        "id": null,
        "SOURCE_FILE": "/Users/maples/GitHub/mortalitree_testing/labels/luwajobi_mortalitree_postfire_labels.geojson",
        "SUNETID": "luwajobi",
        "FIRENAME": "NORTH COMPLEX",
        "FIRE_SLUG": "NORTH_COMPLEX",
        "PREFIRE": 0,
        "PREFIRE_STATUS": "postfire",
        "TILE_Z": 17,
        "TILE_X": 21538,
        "TILE_Y": 49672,
        "TILEXYZ": [
          17,
          21538,
          49672
        ],
        "OUTPUT_FILE": "/Users/maples/GitHub/mortalitree_testing/notebooks/single_tiles/postfire/17/21538/49672.geojson",
        "OUTPUT_STATUS_DIR": "postfire",
        "FEATURE_COUNT": 442
      },
      "geometry": {
        "type": "Polygon",
        "coordinates": [
          [
            [
              -120.84387144184979,
              39.891995665181604
            ],
            [
              -120.84380468021814,
              39.89199442341094
            ],
            [
              -120.84380658541083,
              39.891933646753785
            ],
            [
              -120.84387334698361,
              39.89193488852179
            ],
            [
              -120.84387144184979,
              39.891995665181604
            ]
          ]
        ]
      }
    },
    {
      "id": "160",
      "type": "Feature",
      "properties": {
        "id": null,
        "SOURCE_FILE": "/Users/maples/GitHub/mortalitree_testing/labels/luwajobi_mortalitree_postfire_labels.geojson",
        "SUNETID": "luwajobi",
        "FIRENAME": "NORTH COMPLEX",
        "FIRE_SLUG": "NORTH_COMPLEX",
        "PREFIRE": 0,
        "PREFIRE_STATUS": "postfire",
        "TILE_Z": 17,
        "TILE_X": 21538,
        "TILE_Y": 49672,
        "TILEXYZ": [
          17,
          21538,
          49672
        ],
        "OUTPUT_FILE": "/Users/maples/GitHub/mortalitree_testing/notebooks/single_tiles/postfire/17/21538/49672.geojson",
        "OUTPUT_STATUS_DIR": "postfire",
        "FEATURE_COUNT": 442
      },
      "geometry": {
        "type": "Polygon",
        "coordinates": [
          [
            [
              -120.8438670579261,
              39.891941788326896
            ],
            [
              -120.84376995017591,
              39.89193998210068
            ],
            [
              -120.84377273472583,
              39.89185115467965
            ],
            [
              -120.84386984235084,
              39.8918529609002
            ],
            [
              -120.8438670579261,
              39.891941788326896
            ]
          ]
        ]
      }
    },
    {
      "id": "161",
      "type": "Feature",
      "properties": {
        "id": null,
        "SOURCE_FILE": "/Users/maples/GitHub/mortalitree_testing/labels/luwajobi_mortalitree_postfire_labels.geojson",
        "SUNETID": "luwajobi",
        "FIRENAME": "NORTH COMPLEX",
        "FIRE_SLUG": "NORTH_COMPLEX",
        "PREFIRE": 0,
        "PREFIRE_STATUS": "postfire",
        "TILE_Z": 17,
        "TILE_X": 21538,
        "TILE_Y": 49672,
        "TILEXYZ": [
          17,
          21538,
          49672
        ],
        "OUTPUT_FILE": "/Users/maples/GitHub/mortalitree_testing/notebooks/single_tiles/postfire/17/21538/49672.geojson",
        "OUTPUT_STATUS_DIR": "postfire",
        "FEATURE_COUNT": 442
      },
      "geometry": {
        "type": "Polygon",
        "coordinates": [
          [
            [
              -120.84397520509268,
              39.891978883694286
            ],
            [
              -120.84386595880768,
              39.89197685178439
            ],
            [
              -120.84386932943141,
              39.891869323847345
            ],
            [
              -120.84397857554596,
              39.89187135574955
            ],
            [
              -120.84397520509268,
              39.891978883694286
            ]
          ]
        ]
      }
    },
    {
      "id": "162",
      "type": "Feature",
      "properties": {
        "id": null,
        "SOURCE_FILE": "/Users/maples/GitHub/mortalitree_testing/labels/luwajobi_mortalitree_postfire_labels.geojson",
        "SUNETID": "luwajobi",
        "FIRENAME": "NORTH COMPLEX",
        "FIRE_SLUG": "NORTH_COMPLEX",
        "PREFIRE": 0,
        "PREFIRE_STATUS": "postfire",
        "TILE_Z": 17,
        "TILE_X": 21538,
        "TILE_Y": 49672,
        "TILEXYZ": [
          17,
          21538,
          49672
        ],
        "OUTPUT_FILE": "/Users/maples/GitHub/mortalitree_testing/notebooks/single_tiles/postfire/17/21538/49672.geojson",
        "OUTPUT_STATUS_DIR": "postfire",
        "FEATURE_COUNT": 442
      },
      "geometry": {
        "type": "Polygon",
        "coordinates": [
          [
            [
              -120.84372396107922,
              39.89185726422987
            ],
            [
              -120.84363899190971,
              39.89185568368429
            ],
            [
              -120.84364163005695,
              39.89177153139674
            ],
            [
              -120.8437265991227,
              39.89177311193763
            ],
            [
              -120.84372396107922,
              39.89185726422987
            ]
          ]
        ]
      }
    },
    {
      "id": "163",
      "type": "Feature",
      "properties": {
        "id": null,
        "SOURCE_FILE": "/Users/maples/GitHub/mortalitree_testing/labels/luwajobi_mortalitree_postfire_labels.geojson",
        "SUNETID": "luwajobi",
        "FIRENAME": "NORTH COMPLEX",
        "FIRE_SLUG": "NORTH_COMPLEX",
        "PREFIRE": 0,
        "PREFIRE_STATUS": "postfire",
        "TILE_Z": 17,
        "TILE_X": 21538,
        "TILE_Y": 49672,
        "TILEXYZ": [
          17,
          21538,
          49672
        ],
        "OUTPUT_FILE": "/Users/maples/GitHub/mortalitree_testing/notebooks/single_tiles/postfire/17/21538/49672.geojson",
        "OUTPUT_STATUS_DIR": "postfire",
        "FEATURE_COUNT": 442
      },
      "geometry": {
        "type": "Polygon",
        "coordinates": [
          [
            [
              -120.84356560486589,
              39.89196892593862
            ],
            [
              -120.84348670480276,
              39.89196745818009
            ],
            [
              -120.84348934314666,
              39.89188330590263
            ],
            [
              -120.84356824311344,
              39.8918847736568
            ],
            [
              -120.84356560486589,
              39.89196892593862
            ]
          ]
        ]
      }
    },
    {
      "id": "164",
      "type": "Feature",
      "properties": {
        "id": null,
        "SOURCE_FILE": "/Users/maples/GitHub/mortalitree_testing/labels/luwajobi_mortalitree_postfire_labels.geojson",
        "SUNETID": "luwajobi",
        "FIRENAME": "NORTH COMPLEX",
        "FIRE_SLUG": "NORTH_COMPLEX",
        "PREFIRE": 0,
        "PREFIRE_STATUS": "postfire",
        "TILE_Z": 17,
        "TILE_X": 21538,
        "TILE_Y": 49672,
        "TILEXYZ": [
          17,
          21538,
          49672
        ],
        "OUTPUT_FILE": "/Users/maples/GitHub/mortalitree_testing/notebooks/single_tiles/postfire/17/21538/49672.geojson",
        "OUTPUT_STATUS_DIR": "postfire",
        "FEATURE_COUNT": 442
      },
      "geometry": {
        "type": "Polygon",
        "coordinates": [
          [
            [
              -120.8437681484469,
              39.89209431774812
            ],
            [
              -120.84370138672409,
              39.892093075915454
            ],
            [
              -120.84370373169627,
              39.89201827388214
            ],
            [
              -120.84377049334661,
              39.892019515711524
            ],
            [
              -120.8437681484469,
              39.89209431774812
            ]
          ]
        ]
      }
    },
    {
      "id": "165",
      "type": "Feature",
      "properties": {
        "id": null,
        "SOURCE_FILE": "/Users/maples/GitHub/mortalitree_testing/labels/luwajobi_mortalitree_postfire_labels.geojson",
        "SUNETID": "luwajobi",
        "FIRENAME": "NORTH COMPLEX",
        "FIRE_SLUG": "NORTH_COMPLEX",
        "PREFIRE": 0,
        "PREFIRE_STATUS": "postfire",
        "TILE_Z": 17,
        "TILE_X": 21538,
        "TILE_Y": 49672,
        "TILEXYZ": [
          17,
          21538,
          49672
        ],
        "OUTPUT_FILE": "/Users/maples/GitHub/mortalitree_testing/notebooks/single_tiles/postfire/17/21538/49672.geojson",
        "OUTPUT_STATUS_DIR": "postfire",
        "FEATURE_COUNT": 442
      },
      "geometry": {
        "type": "Polygon",
        "coordinates": [
          [
            [
              -120.84369653312666,
              39.891957327886296
            ],
            [
              -120.84362977153991,
              39.891956086015945
            ],
            [
              -120.84363153031973,
              39.891899984492376
            ],
            [
              -120.84369829185214,
              39.89190122636028
            ],
            [
              -120.84369653312666,
              39.891957327886296
            ]
          ]
        ]
      }
    },
    {
      "id": "166",
      "type": "Feature",
      "properties": {
        "id": null,
        "SOURCE_FILE": "/Users/maples/GitHub/mortalitree_testing/labels/luwajobi_mortalitree_postfire_labels.geojson",
        "SUNETID": "luwajobi",
        "FIRENAME": "NORTH COMPLEX",
        "FIRE_SLUG": "NORTH_COMPLEX",
        "PREFIRE": 0,
        "PREFIRE_STATUS": "postfire",
        "TILE_Z": 17,
        "TILE_X": 21538,
        "TILE_Y": 49672,
        "TILEXYZ": [
          17,
          21538,
          49672
        ],
        "OUTPUT_FILE": "/Users/maples/GitHub/mortalitree_testing/notebooks/single_tiles/postfire/17/21538/49672.geojson",
        "OUTPUT_STATUS_DIR": "postfire",
        "FEATURE_COUNT": 442
      },
      "geometry": {
        "type": "Polygon",
        "coordinates": [
          [
            [
              -120.84246823746551,
              39.89270227643328
            ],
            [
              -120.84237978491213,
              39.8927006301229
            ],
            [
              -120.84238263464174,
              39.892609784543765
            ],
            [
              -120.84247108707854,
              39.89261143084887
            ],
            [
              -120.84246823746551,
              39.89270227643328
            ]
          ]
        ]
      }
    },
    {
      "id": "167",
      "type": "Feature",
      "properties": {
        "id": null,
        "SOURCE_FILE": "/Users/maples/GitHub/mortalitree_testing/labels/luwajobi_mortalitree_postfire_labels.geojson",
        "SUNETID": "luwajobi",
        "FIRENAME": "NORTH COMPLEX",
        "FIRE_SLUG": "NORTH_COMPLEX",
        "PREFIRE": 0,
        "PREFIRE_STATUS": "postfire",
        "TILE_Z": 17,
        "TILE_X": 21538,
        "TILE_Y": 49672,
        "TILEXYZ": [
          17,
          21538,
          49672
        ],
        "OUTPUT_FILE": "/Users/maples/GitHub/mortalitree_testing/notebooks/single_tiles/postfire/17/21538/49672.geojson",
        "OUTPUT_STATUS_DIR": "postfire",
        "FEATURE_COUNT": 442
      },
      "geometry": {
        "type": "Polygon",
        "coordinates": [
          [
            [
              -120.84234925945533,
              39.892827320022505
            ],
            [
              -120.84228439413603,
              39.892826112665134
            ],
            [
              -120.84228610405853,
              39.89277160532245
            ],
            [
              -120.84235096932652,
              39.892772812677485
            ],
            [
              -120.84234925945533,
              39.892827320022505
            ]
          ]
        ]
      }
    },
    {
      "id": "168",
      "type": "Feature",
      "properties": {
        "id": null,
        "SOURCE_FILE": "/Users/maples/GitHub/mortalitree_testing/labels/luwajobi_mortalitree_postfire_labels.geojson",
        "SUNETID": "luwajobi",
        "FIRENAME": "NORTH COMPLEX",
        "FIRE_SLUG": "NORTH_COMPLEX",
        "PREFIRE": 0,
        "PREFIRE_STATUS": "postfire",
        "TILE_Z": 17,
        "TILE_X": 21538,
        "TILE_Y": 49672,
        "TILEXYZ": [
          17,
          21538,
          49672
        ],
        "OUTPUT_FILE": "/Users/maples/GitHub/mortalitree_testing/notebooks/single_tiles/postfire/17/21538/49672.geojson",
        "OUTPUT_STATUS_DIR": "postfire",
        "FEATURE_COUNT": 442
      },
      "geometry": {
        "type": "Polygon",
        "coordinates": [
          [
            [
              -120.84218906673487,
              39.89203575272655
            ],
            [
              -120.842094802972,
              39.89203399803349
            ],
            [
              -120.84209689871861,
              39.89196719571411
            ],
            [
              -120.84219116239011,
              39.89196895040303
            ],
            [
              -120.84218906673487,
              39.89203575272655
            ]
          ]
        ]
      }
    },
    {
      "id": "169",
      "type": "Feature",
      "properties": {
        "id": null,
        "SOURCE_FILE": "/Users/maples/GitHub/mortalitree_testing/labels/luwajobi_mortalitree_postfire_labels.geojson",
        "SUNETID": "luwajobi",
        "FIRENAME": "NORTH COMPLEX",
        "FIRE_SLUG": "NORTH_COMPLEX",
        "PREFIRE": 0,
        "PREFIRE_STATUS": "postfire",
        "TILE_Z": 17,
        "TILE_X": 21538,
        "TILE_Y": 49672,
        "TILEXYZ": [
          17,
          21538,
          49672
        ],
        "OUTPUT_FILE": "/Users/maples/GitHub/mortalitree_testing/notebooks/single_tiles/postfire/17/21538/49672.geojson",
        "OUTPUT_STATUS_DIR": "postfire",
        "FEATURE_COUNT": 442
      },
      "geometry": {
        "type": "Polygon",
        "coordinates": [
          [
            [
              -120.84240201176283,
              39.89204262250008
            ],
            [
              -120.84229643632356,
              39.89204065743229
            ],
            [
              -120.84229862298572,
              39.89197095065502
            ],
            [
              -120.84240419831818,
              39.891972915718
            ],
            [
              -120.84240201176283,
              39.89204262250008
            ]
          ]
        ]
      }
    },
    {
      "id": "170",
      "type": "Feature",
      "properties": {
        "id": null,
        "SOURCE_FILE": "/Users/maples/GitHub/mortalitree_testing/labels/luwajobi_mortalitree_postfire_labels.geojson",
        "SUNETID": "luwajobi",
        "FIRENAME": "NORTH COMPLEX",
        "FIRE_SLUG": "NORTH_COMPLEX",
        "PREFIRE": 0,
        "PREFIRE_STATUS": "postfire",
        "TILE_Z": 17,
        "TILE_X": 21538,
        "TILE_Y": 49672,
        "TILEXYZ": [
          17,
          21538,
          49672
        ],
        "OUTPUT_FILE": "/Users/maples/GitHub/mortalitree_testing/notebooks/single_tiles/postfire/17/21538/49672.geojson",
        "OUTPUT_STATUS_DIR": "postfire",
        "FEATURE_COUNT": 442
      },
      "geometry": {
        "type": "Polygon",
        "coordinates": [
          [
            [
              -120.84257314418761,
              39.89199930925044
            ],
            [
              -120.8425241270434,
              39.89199839698262
            ],
            [
              -120.84252549356196,
              39.8919548302401
            ],
            [
              -120.84257451067516,
              39.89195574250652
            ],
            [
              -120.84257314418761,
              39.89199930925044
            ]
          ]
        ]
      }
    },
    {
      "id": "171",
      "type": "Feature",
      "properties": {
        "id": null,
        "SOURCE_FILE": "/Users/maples/GitHub/mortalitree_testing/labels/luwajobi_mortalitree_postfire_labels.geojson",
        "SUNETID": "luwajobi",
        "FIRENAME": "NORTH COMPLEX",
        "FIRE_SLUG": "NORTH_COMPLEX",
        "PREFIRE": 0,
        "PREFIRE_STATUS": "postfire",
        "TILE_Z": 17,
        "TILE_X": 21538,
        "TILE_Y": 49672,
        "TILEXYZ": [
          17,
          21538,
          49672
        ],
        "OUTPUT_FILE": "/Users/maples/GitHub/mortalitree_testing/notebooks/single_tiles/postfire/17/21538/49672.geojson",
        "OUTPUT_STATUS_DIR": "postfire",
        "FEATURE_COUNT": 442
      },
      "geometry": {
        "type": "Polygon",
        "coordinates": [
          [
            [
              -120.84261825413816,
              39.89200450799994
            ],
            [
              -120.84257677808856,
              39.89200373609842
            ],
            [
              -120.84257814457402,
              39.89196016935443
            ],
            [
              -120.8426196205974,
              39.891960941254766
            ],
            [
              -120.84261825413816,
              39.89200450799994
            ]
          ]
        ]
      }
    },
    {
      "id": "172",
      "type": "Feature",
      "properties": {
        "id": null,
        "SOURCE_FILE": "/Users/maples/GitHub/mortalitree_testing/labels/luwajobi_mortalitree_postfire_labels.geojson",
        "SUNETID": "luwajobi",
        "FIRENAME": "NORTH COMPLEX",
        "FIRE_SLUG": "NORTH_COMPLEX",
        "PREFIRE": 0,
        "PREFIRE_STATUS": "postfire",
        "TILE_Z": 17,
        "TILE_X": 21538,
        "TILE_Y": 49672,
        "TILEXYZ": [
          17,
          21538,
          49672
        ],
        "OUTPUT_FILE": "/Users/maples/GitHub/mortalitree_testing/notebooks/single_tiles/postfire/17/21538/49672.geojson",
        "OUTPUT_STATUS_DIR": "postfire",
        "FEATURE_COUNT": 442
      },
      "geometry": {
        "type": "Polygon",
        "coordinates": [
          [
            [
              -120.84260251648625,
              39.891964982153624
            ],
            [
              -120.84255349936556,
              39.89196406989887
            ],
            [
              -120.84255504806339,
              39.89191469425606
            ],
            [
              -120.84260406514896,
              39.89191560650923
            ],
            [
              -120.84260251648625,
              39.891964982153624
            ]
          ]
        ]
      }
    },
    {
      "id": "173",
      "type": "Feature",
      "properties": {
        "id": null,
        "SOURCE_FILE": "/Users/maples/GitHub/mortalitree_testing/labels/luwajobi_mortalitree_postfire_labels.geojson",
        "SUNETID": "luwajobi",
        "FIRENAME": "NORTH COMPLEX",
        "FIRE_SLUG": "NORTH_COMPLEX",
        "PREFIRE": 0,
        "PREFIRE_STATUS": "postfire",
        "TILE_Z": 17,
        "TILE_X": 21538,
        "TILE_Y": 49672,
        "TILEXYZ": [
          17,
          21538,
          49672
        ],
        "OUTPUT_FILE": "/Users/maples/GitHub/mortalitree_testing/notebooks/single_tiles/postfire/17/21538/49672.geojson",
        "OUTPUT_STATUS_DIR": "postfire",
        "FEATURE_COUNT": 442
      },
      "geometry": {
        "type": "Polygon",
        "coordinates": [
          [
            [
              -120.84256014719116,
              39.892052831045554
            ],
            [
              -120.84251113000929,
              39.89205191877123
            ],
            [
              -120.84251267874235,
              39.892002543130545
            ],
            [
              -120.84256169588912,
              39.892003455403284
            ],
            [
              -120.84256014719116,
              39.892052831045554
            ]
          ]
        ]
      }
    },
    {
      "id": "174",
      "type": "Feature",
      "properties": {
        "id": null,
        "SOURCE_FILE": "/Users/maples/GitHub/mortalitree_testing/labels/luwajobi_mortalitree_postfire_labels.geojson",
        "SUNETID": "luwajobi",
        "FIRENAME": "NORTH COMPLEX",
        "FIRE_SLUG": "NORTH_COMPLEX",
        "PREFIRE": 0,
        "PREFIRE_STATUS": "postfire",
        "TILE_Z": 17,
        "TILE_X": 21538,
        "TILE_Y": 49672,
        "TILEXYZ": [
          17,
          21538,
          49672
        ],
        "OUTPUT_FILE": "/Users/maples/GitHub/mortalitree_testing/notebooks/single_tiles/postfire/17/21538/49672.geojson",
        "OUTPUT_STATUS_DIR": "postfire",
        "FEATURE_COUNT": 442
      },
      "geometry": {
        "type": "Polygon",
        "coordinates": [
          [
            [
              -120.84261997499732,
              39.89206992828931
            ],
            [
              -120.84257472835479,
              39.89206908621371
            ],
            [
              -120.84257609484472,
              39.89202551947028
            ],
            [
              -120.84262134145865,
              39.89202636154457
            ],
            [
              -120.84261997499732,
              39.89206992828931
            ]
          ]
        ]
      }
    },
    {
      "id": "175",
      "type": "Feature",
      "properties": {
        "id": null,
        "SOURCE_FILE": "/Users/maples/GitHub/mortalitree_testing/labels/luwajobi_mortalitree_postfire_labels.geojson",
        "SUNETID": "luwajobi",
        "FIRENAME": "NORTH COMPLEX",
        "FIRE_SLUG": "NORTH_COMPLEX",
        "PREFIRE": 0,
        "PREFIRE_STATUS": "postfire",
        "TILE_Z": 17,
        "TILE_X": 21538,
        "TILE_Y": 49672,
        "TILEXYZ": [
          17,
          21538,
          49672
        ],
        "OUTPUT_FILE": "/Users/maples/GitHub/mortalitree_testing/notebooks/single_tiles/postfire/17/21538/49672.geojson",
        "OUTPUT_STATUS_DIR": "postfire",
        "FEATURE_COUNT": 442
      },
      "geometry": {
        "type": "Polygon",
        "coordinates": [
          [
            [
              -120.84269716240962,
              39.89201469493843
            ],
            [
              -120.84264060414925,
              39.892013642380036
            ],
            [
              -120.84264187949853,
              39.891972980083985
            ],
            [
              -120.84269843772552,
              39.891974032640874
            ],
            [
              -120.84269716240962,
              39.89201469493843
            ]
          ]
        ]
      }
    },
    {
      "id": "176",
      "type": "Feature",
      "properties": {
        "id": null,
        "SOURCE_FILE": "/Users/maples/GitHub/mortalitree_testing/labels/luwajobi_mortalitree_postfire_labels.geojson",
        "SUNETID": "luwajobi",
        "FIRENAME": "NORTH COMPLEX",
        "FIRE_SLUG": "NORTH_COMPLEX",
        "PREFIRE": 0,
        "PREFIRE_STATUS": "postfire",
        "TILE_Z": 17,
        "TILE_X": 21538,
        "TILE_Y": 49672,
        "TILEXYZ": [
          17,
          21538,
          49672
        ],
        "OUTPUT_FILE": "/Users/maples/GitHub/mortalitree_testing/notebooks/single_tiles/postfire/17/21538/49672.geojson",
        "OUTPUT_STATUS_DIR": "postfire",
        "FEATURE_COUNT": 442
      },
      "geometry": {
        "type": "Polygon",
        "coordinates": [
          [
            [
              -120.84269391072029,
              39.89205822660053
            ],
            [
              -120.84264866408323,
              39.892057384553986
            ],
            [
              -120.84265003052577,
              39.892013817808326
            ],
            [
              -120.84269527713423,
              39.89201465985358
            ],
            [
              -120.84269391072029,
              39.89205822660053
            ]
          ]
        ]
      }
    },
    {
      "id": "177",
      "type": "Feature",
      "properties": {
        "id": null,
        "SOURCE_FILE": "/Users/maples/GitHub/mortalitree_testing/labels/luwajobi_mortalitree_postfire_labels.geojson",
        "SUNETID": "luwajobi",
        "FIRENAME": "NORTH COMPLEX",
        "FIRE_SLUG": "NORTH_COMPLEX",
        "PREFIRE": 0,
        "PREFIRE_STATUS": "postfire",
        "TILE_Z": 17,
        "TILE_X": 21538,
        "TILE_Y": 49672,
        "TILEXYZ": [
          17,
          21538,
          49672
        ],
        "OUTPUT_FILE": "/Users/maples/GitHub/mortalitree_testing/notebooks/single_tiles/postfire/17/21538/49672.geojson",
        "OUTPUT_STATUS_DIR": "postfire",
        "FEATURE_COUNT": 442
      },
      "geometry": {
        "type": "Polygon",
        "coordinates": [
          [
            [
              -120.84269335616747,
              39.8918954721558
            ],
            [
              -120.84263302746118,
              39.89189434942664
            ],
            [
              -120.84263475829046,
              39.891839164881084
            ],
            [
              -120.84269508694844,
              39.891840287608055
            ],
            [
              -120.84269335616747,
              39.8918954721558
            ]
          ]
        ]
      }
    },
    {
      "id": "178",
      "type": "Feature",
      "properties": {
        "id": null,
        "SOURCE_FILE": "/Users/maples/GitHub/mortalitree_testing/labels/luwajobi_mortalitree_postfire_labels.geojson",
        "SUNETID": "luwajobi",
        "FIRENAME": "NORTH COMPLEX",
        "FIRE_SLUG": "NORTH_COMPLEX",
        "PREFIRE": 0,
        "PREFIRE_STATUS": "postfire",
        "TILE_Z": 17,
        "TILE_X": 21538,
        "TILE_Y": 49672,
        "TILEXYZ": [
          17,
          21538,
          49672
        ],
        "OUTPUT_FILE": "/Users/maples/GitHub/mortalitree_testing/notebooks/single_tiles/postfire/17/21538/49672.geojson",
        "OUTPUT_STATUS_DIR": "postfire",
        "FEATURE_COUNT": 442
      },
      "geometry": {
        "type": "Polygon",
        "coordinates": [
          [
            [
              -120.84263436615504,
              39.8919118112109
            ],
            [
              -120.84259289016087,
              39.891911039316625
            ],
            [
              -120.84259407443571,
              39.89187328147083
            ],
            [
              -120.84263555040715,
              39.891874053364084
            ],
            [
              -120.84263436615504,
              39.8919118112109
            ]
          ]
        ]
      }
    },
    {
      "id": "179",
      "type": "Feature",
      "properties": {
        "id": null,
        "SOURCE_FILE": "/Users/maples/GitHub/mortalitree_testing/labels/luwajobi_mortalitree_postfire_labels.geojson",
        "SUNETID": "luwajobi",
        "FIRENAME": "NORTH COMPLEX",
        "FIRE_SLUG": "NORTH_COMPLEX",
        "PREFIRE": 0,
        "PREFIRE_STATUS": "postfire",
        "TILE_Z": 17,
        "TILE_X": 21538,
        "TILE_Y": 49672,
        "TILEXYZ": [
          17,
          21538,
          49672
        ],
        "OUTPUT_FILE": "/Users/maples/GitHub/mortalitree_testing/notebooks/single_tiles/postfire/17/21538/49672.geojson",
        "OUTPUT_STATUS_DIR": "postfire",
        "FEATURE_COUNT": 442
      },
      "geometry": {
        "type": "Polygon",
        "coordinates": [
          [
            [
              -120.84268992229644,
              39.89194481271838
            ],
            [
              -120.84263713464054,
              39.891943830329524
            ],
            [
              -120.8426384099887,
              39.89190316803311
            ],
            [
              -120.84269119761345,
              39.89190415042055
            ],
            [
              -120.84268992229644,
              39.89194481271838
            ]
          ]
        ]
      }
    },
    {
      "id": "180",
      "type": "Feature",
      "properties": {
        "id": null,
        "SOURCE_FILE": "/Users/maples/GitHub/mortalitree_testing/labels/luwajobi_mortalitree_postfire_labels.geojson",
        "SUNETID": "luwajobi",
        "FIRENAME": "NORTH COMPLEX",
        "FIRE_SLUG": "NORTH_COMPLEX",
        "PREFIRE": 0,
        "PREFIRE_STATUS": "postfire",
        "TILE_Z": 17,
        "TILE_X": 21538,
        "TILE_Y": 49672,
        "TILEXYZ": [
          17,
          21538,
          49672
        ],
        "OUTPUT_FILE": "/Users/maples/GitHub/mortalitree_testing/notebooks/single_tiles/postfire/17/21538/49672.geojson",
        "OUTPUT_STATUS_DIR": "postfire",
        "FEATURE_COUNT": 442
      },
      "geometry": {
        "type": "Polygon",
        "coordinates": [
          [
            [
              -120.8428316462317,
              39.89181667357764
            ],
            [
              -120.84278262920925,
              39.89181576142252
            ],
            [
              -120.8427839955553,
              39.8917721946712
            ],
            [
              -120.84283301254675,
              39.891773106824914
            ],
            [
              -120.8428316462317,
              39.89181667357764
            ]
          ]
        ]
      }
    },
    {
      "id": "181",
      "type": "Feature",
      "properties": {
        "id": null,
        "SOURCE_FILE": "/Users/maples/GitHub/mortalitree_testing/labels/luwajobi_mortalitree_postfire_labels.geojson",
        "SUNETID": "luwajobi",
        "FIRENAME": "NORTH COMPLEX",
        "FIRE_SLUG": "NORTH_COMPLEX",
        "PREFIRE": 0,
        "PREFIRE_STATUS": "postfire",
        "TILE_Z": 17,
        "TILE_X": 21538,
        "TILE_Y": 49672,
        "TILEXYZ": [
          17,
          21538,
          49672
        ],
        "OUTPUT_FILE": "/Users/maples/GitHub/mortalitree_testing/notebooks/single_tiles/postfire/17/21538/49672.geojson",
        "OUTPUT_STATUS_DIR": "postfire",
        "FEATURE_COUNT": 442
      },
      "geometry": {
        "type": "Polygon",
        "coordinates": [
          [
            [
              -120.84272096185386,
              39.8917971769576
            ],
            [
              -120.84266063323265,
              39.8917960542451
            ],
            [
              -120.84266218184443,
              39.89174667859737
            ],
            [
              -120.8427225104224,
              39.89174780130792
            ],
            [
              -120.84272096185386,
              39.8917971769576
            ]
          ]
        ]
      }
    },
    {
      "id": "182",
      "type": "Feature",
      "properties": {
        "id": null,
        "SOURCE_FILE": "/Users/maples/GitHub/mortalitree_testing/labels/luwajobi_mortalitree_postfire_labels.geojson",
        "SUNETID": "luwajobi",
        "FIRENAME": "NORTH COMPLEX",
        "FIRE_SLUG": "NORTH_COMPLEX",
        "PREFIRE": 0,
        "PREFIRE_STATUS": "postfire",
        "TILE_Z": 17,
        "TILE_X": 21538,
        "TILE_Y": 49672,
        "TILEXYZ": [
          17,
          21538,
          49672
        ],
        "OUTPUT_FILE": "/Users/maples/GitHub/mortalitree_testing/notebooks/single_tiles/postfire/17/21538/49672.geojson",
        "OUTPUT_STATUS_DIR": "postfire",
        "FEATURE_COUNT": 442
      },
      "geometry": {
        "type": "Polygon",
        "coordinates": [
          [
            [
              -120.84230980848785,
              39.89185491305511
            ],
            [
              -120.84224193875069,
              39.89185364975921
            ],
            [
              -120.8422436698911,
              39.891798465227495
            ],
            [
              -120.84231153957391,
              39.891799728520944
            ],
            [
              -120.84230980848785,
              39.89185491305511
            ]
          ]
        ]
      }
    },
    {
      "id": "183",
      "type": "Feature",
      "properties": {
        "id": null,
        "SOURCE_FILE": "/Users/maples/GitHub/mortalitree_testing/labels/luwajobi_mortalitree_postfire_labels.geojson",
        "SUNETID": "luwajobi",
        "FIRENAME": "NORTH COMPLEX",
        "FIRE_SLUG": "NORTH_COMPLEX",
        "PREFIRE": 0,
        "PREFIRE_STATUS": "postfire",
        "TILE_Z": 17,
        "TILE_X": 21538,
        "TILE_Y": 49672,
        "TILEXYZ": [
          17,
          21538,
          49672
        ],
        "OUTPUT_FILE": "/Users/maples/GitHub/mortalitree_testing/notebooks/single_tiles/postfire/17/21538/49672.geojson",
        "OUTPUT_STATUS_DIR": "postfire",
        "FEATURE_COUNT": 442
      },
      "geometry": {
        "type": "Polygon",
        "coordinates": [
          [
            [
              -120.84244545687082,
              39.89186034397724
            ],
            [
              -120.84238512820521,
              39.89185922111996
            ],
            [
              -120.84238685923113,
              39.89180403658309
            ],
            [
              -120.84244718784844,
              39.8918051594382
            ],
            [
              -120.84244545687082,
              39.89186034397724
            ]
          ]
        ]
      }
    },
    {
      "id": "184",
      "type": "Feature",
      "properties": {
        "id": null,
        "SOURCE_FILE": "/Users/maples/GitHub/mortalitree_testing/labels/luwajobi_mortalitree_postfire_labels.geojson",
        "SUNETID": "luwajobi",
        "FIRENAME": "NORTH COMPLEX",
        "FIRE_SLUG": "NORTH_COMPLEX",
        "PREFIRE": 0,
        "PREFIRE_STATUS": "postfire",
        "TILE_Z": 17,
        "TILE_X": 21538,
        "TILE_Y": 49672,
        "TILEXYZ": [
          17,
          21538,
          49672
        ],
        "OUTPUT_FILE": "/Users/maples/GitHub/mortalitree_testing/notebooks/single_tiles/postfire/17/21538/49672.geojson",
        "OUTPUT_STATUS_DIR": "postfire",
        "FEATURE_COUNT": 442
      },
      "geometry": {
        "type": "Polygon",
        "coordinates": [
          [
            [
              -120.8424698566323,
              39.89180412827604
            ],
            [
              -120.84241329855347,
              39.89180307561138
            ],
            [
              -120.84241457402754,
              39.89176241331995
            ],
            [
              -120.842471132073,
              39.89176346598311
            ],
            [
              -120.8424698566323,
              39.89180412827604
            ]
          ]
        ]
      }
    },
    {
      "id": "185",
      "type": "Feature",
      "properties": {
        "id": null,
        "SOURCE_FILE": "/Users/maples/GitHub/mortalitree_testing/labels/luwajobi_mortalitree_postfire_labels.geojson",
        "SUNETID": "luwajobi",
        "FIRENAME": "NORTH COMPLEX",
        "FIRE_SLUG": "NORTH_COMPLEX",
        "PREFIRE": 0,
        "PREFIRE_STATUS": "postfire",
        "TILE_Z": 17,
        "TILE_X": 21538,
        "TILE_Y": 49672,
        "TILEXYZ": [
          17,
          21538,
          49672
        ],
        "OUTPUT_FILE": "/Users/maples/GitHub/mortalitree_testing/notebooks/single_tiles/postfire/17/21538/49672.geojson",
        "OUTPUT_STATUS_DIR": "postfire",
        "FEATURE_COUNT": 442
      },
      "geometry": {
        "type": "Polygon",
        "coordinates": [
          [
            [
              -120.84248986577785,
              39.89182774984231
            ],
            [
              -120.84246347199796,
              39.891827258606554
            ],
            [
              -120.84246447413395,
              39.891795309662385
            ],
            [
              -120.8424908679016,
              39.8917958008976
            ],
            [
              -120.84248986577785,
              39.89182774984231
            ]
          ]
        ]
      }
    },
    {
      "id": "186",
      "type": "Feature",
      "properties": {
        "id": null,
        "SOURCE_FILE": "/Users/maples/GitHub/mortalitree_testing/labels/luwajobi_mortalitree_postfire_labels.geojson",
        "SUNETID": "luwajobi",
        "FIRENAME": "NORTH COMPLEX",
        "FIRE_SLUG": "NORTH_COMPLEX",
        "PREFIRE": 0,
        "PREFIRE_STATUS": "postfire",
        "TILE_Z": 17,
        "TILE_X": 21538,
        "TILE_Y": 49672,
        "TILEXYZ": [
          17,
          21538,
          49672
        ],
        "OUTPUT_FILE": "/Users/maples/GitHub/mortalitree_testing/notebooks/single_tiles/postfire/17/21538/49672.geojson",
        "OUTPUT_STATUS_DIR": "postfire",
        "FEATURE_COUNT": 442
      },
      "geometry": {
        "type": "Polygon",
        "coordinates": [
          [
            [
              -120.84262933021989,
              39.891831798499396
            ],
            [
              -120.84258031319322,
              39.89183088625849
            ],
            [
              -120.8425817707663,
              39.891784415063384
            ],
            [
              -120.84263078775994,
              39.89178532730279
            ],
            [
              -120.84262933021989,
              39.891831798499396
            ]
          ]
        ]
      }
    },
    {
      "id": "187",
      "type": "Feature",
      "properties": {
        "id": null,
        "SOURCE_FILE": "/Users/maples/GitHub/mortalitree_testing/labels/luwajobi_mortalitree_postfire_labels.geojson",
        "SUNETID": "luwajobi",
        "FIRENAME": "NORTH COMPLEX",
        "FIRE_SLUG": "NORTH_COMPLEX",
        "PREFIRE": 0,
        "PREFIRE_STATUS": "postfire",
        "TILE_Z": 17,
        "TILE_X": 21538,
        "TILE_Y": 49672,
        "TILEXYZ": [
          17,
          21538,
          49672
        ],
        "OUTPUT_FILE": "/Users/maples/GitHub/mortalitree_testing/notebooks/single_tiles/postfire/17/21538/49672.geojson",
        "OUTPUT_STATUS_DIR": "postfire",
        "FEATURE_COUNT": 442
      },
      "geometry": {
        "type": "Polygon",
        "coordinates": [
          [
            [
              -120.842418625162,
              39.89193395127845
            ],
            [
              -120.84236960806938,
              39.89193303894656
            ],
            [
              -120.84237106579,
              39.891886567758725
            ],
            [
              -120.8424200828496,
              39.89188748008912
            ],
            [
              -120.842418625162,
              39.89193395127845
            ]
          ]
        ]
      }
    },
    {
      "id": "188",
      "type": "Feature",
      "properties": {
        "id": null,
        "SOURCE_FILE": "/Users/maples/GitHub/mortalitree_testing/labels/luwajobi_mortalitree_postfire_labels.geojson",
        "SUNETID": "luwajobi",
        "FIRENAME": "NORTH COMPLEX",
        "FIRE_SLUG": "NORTH_COMPLEX",
        "PREFIRE": 0,
        "PREFIRE_STATUS": "postfire",
        "TILE_Z": 17,
        "TILE_X": 21538,
        "TILE_Y": 49672,
        "TILEXYZ": [
          17,
          21538,
          49672
        ],
        "OUTPUT_FILE": "/Users/maples/GitHub/mortalitree_testing/notebooks/single_tiles/postfire/17/21538/49672.geojson",
        "OUTPUT_STATUS_DIR": "postfire",
        "FEATURE_COUNT": 442
      },
      "geometry": {
        "type": "Polygon",
        "coordinates": [
          [
            [
              -120.84280844748221,
              39.89219549381254
            ],
            [
              -120.84274434794759,
              39.892194300967965
            ],
            [
              -120.84274607870599,
              39.89213911642123
            ],
            [
              -120.84281017818928,
              39.892140309263475
            ],
            [
              -120.84280844748221,
              39.89219549381254
            ]
          ]
        ]
      }
    },
    {
      "id": "189",
      "type": "Feature",
      "properties": {
        "id": null,
        "SOURCE_FILE": "/Users/maples/GitHub/mortalitree_testing/labels/luwajobi_mortalitree_postfire_labels.geojson",
        "SUNETID": "luwajobi",
        "FIRENAME": "NORTH COMPLEX",
        "FIRE_SLUG": "NORTH_COMPLEX",
        "PREFIRE": 0,
        "PREFIRE_STATUS": "postfire",
        "TILE_Z": 17,
        "TILE_X": 21538,
        "TILE_Y": 49672,
        "TILEXYZ": [
          17,
          21538,
          49672
        ],
        "OUTPUT_FILE": "/Users/maples/GitHub/mortalitree_testing/notebooks/single_tiles/postfire/17/21538/49672.geojson",
        "OUTPUT_STATUS_DIR": "postfire",
        "FEATURE_COUNT": 442
      },
      "geometry": {
        "type": "Polygon",
        "coordinates": [
          [
            [
              -120.84277865553571,
              39.89236349581985
            ],
            [
              -120.84271078527598,
              39.89236223278503
            ],
            [
              -120.84271224278841,
              39.89231576159019
            ],
            [
              -120.84278011300235,
              39.892317024622955
            ],
            [
              -120.84277865553571,
              39.89236349581985
            ]
          ]
        ]
      }
    },
    {
      "id": "190",
      "type": "Feature",
      "properties": {
        "id": null,
        "SOURCE_FILE": "/Users/maples/GitHub/mortalitree_testing/labels/luwajobi_mortalitree_postfire_labels.geojson",
        "SUNETID": "luwajobi",
        "FIRENAME": "NORTH COMPLEX",
        "FIRE_SLUG": "NORTH_COMPLEX",
        "PREFIRE": 0,
        "PREFIRE_STATUS": "postfire",
        "TILE_Z": 17,
        "TILE_X": 21538,
        "TILE_Y": 49672,
        "TILEXYZ": [
          17,
          21538,
          49672
        ],
        "OUTPUT_FILE": "/Users/maples/GitHub/mortalitree_testing/notebooks/single_tiles/postfire/17/21538/49672.geojson",
        "OUTPUT_STATUS_DIR": "postfire",
        "FEATURE_COUNT": 442
      },
      "geometry": {
        "type": "Polygon",
        "coordinates": [
          [
            [
              -120.84218358648458,
              39.89184965744037
            ],
            [
              -120.84212325783872,
              39.89184853444712
            ],
            [
              -120.84212480683892,
              39.89179915881733
            ],
            [
              -120.84218513544155,
              39.89180028180863
            ],
            [
              -120.84218358648458,
              39.89184965744037
            ]
          ]
        ]
      }
    },
    {
      "id": "191",
      "type": "Feature",
      "properties": {
        "id": null,
        "SOURCE_FILE": "/Users/maples/GitHub/mortalitree_testing/labels/luwajobi_mortalitree_postfire_labels.geojson",
        "SUNETID": "luwajobi",
        "FIRENAME": "NORTH COMPLEX",
        "FIRE_SLUG": "NORTH_COMPLEX",
        "PREFIRE": 0,
        "PREFIRE_STATUS": "postfire",
        "TILE_Z": 17,
        "TILE_X": 21538,
        "TILE_Y": 49672,
        "TILEXYZ": [
          17,
          21538,
          49672
        ],
        "OUTPUT_FILE": "/Users/maples/GitHub/mortalitree_testing/notebooks/single_tiles/postfire/17/21538/49672.geojson",
        "OUTPUT_STATUS_DIR": "postfire",
        "FEATURE_COUNT": 442
      },
      "geometry": {
        "type": "Polygon",
        "coordinates": [
          [
            [
              -120.84211302876888,
              39.89193407530914
            ],
            [
              -120.84206401168602,
              39.89193316284809
            ],
            [
              -120.84206528737234,
              39.89189250056696
            ],
            [
              -120.84211430442629,
              39.8918934130267
            ],
            [
              -120.84211302876888,
              39.89193407530914
            ]
          ]
        ]
      }
    },
    {
      "id": "192",
      "type": "Feature",
      "properties": {
        "id": null,
        "SOURCE_FILE": "/Users/maples/GitHub/mortalitree_testing/labels/luwajobi_mortalitree_postfire_labels.geojson",
        "SUNETID": "luwajobi",
        "FIRENAME": "NORTH COMPLEX",
        "FIRE_SLUG": "NORTH_COMPLEX",
        "PREFIRE": 0,
        "PREFIRE_STATUS": "postfire",
        "TILE_Z": 17,
        "TILE_X": 21538,
        "TILE_Y": 49672,
        "TILEXYZ": [
          17,
          21538,
          49672
        ],
        "OUTPUT_FILE": "/Users/maples/GitHub/mortalitree_testing/notebooks/single_tiles/postfire/17/21538/49672.geojson",
        "OUTPUT_STATUS_DIR": "postfire",
        "FEATURE_COUNT": 442
      },
      "geometry": {
        "type": "Polygon",
        "coordinates": [
          [
            [
              -120.84235938972945,
              39.89189797501492
            ],
            [
              -120.84230660212096,
              39.89189699247656
            ],
            [
              -120.84230824210222,
              39.891844712392064
            ],
            [
              -120.84236102967067,
              39.8918456949286
            ],
            [
              -120.84235938972945,
              39.89189797501492
            ]
          ]
        ]
      }
    },
    {
      "id": "193",
      "type": "Feature",
      "properties": {
        "id": null,
        "SOURCE_FILE": "/Users/maples/GitHub/mortalitree_testing/labels/luwajobi_mortalitree_postfire_labels.geojson",
        "SUNETID": "luwajobi",
        "FIRENAME": "NORTH COMPLEX",
        "FIRE_SLUG": "NORTH_COMPLEX",
        "PREFIRE": 0,
        "PREFIRE_STATUS": "postfire",
        "TILE_Z": 17,
        "TILE_X": 21538,
        "TILE_Y": 49672,
        "TILEXYZ": [
          17,
          21538,
          49672
        ],
        "OUTPUT_FILE": "/Users/maples/GitHub/mortalitree_testing/notebooks/single_tiles/postfire/17/21538/49672.geojson",
        "OUTPUT_STATUS_DIR": "postfire",
        "FEATURE_COUNT": 442
      },
      "geometry": {
        "type": "Polygon",
        "coordinates": [
          [
            [
              -120.84233324123252,
              39.891949798924315
            ],
            [
              -120.84227668303906,
              39.891948746189854
            ],
            [
              -120.84227841415745,
              39.891893561657774
            ],
            [
              -120.8423349723056,
              39.891894614390196
            ],
            [
              -120.84233324123252,
              39.891949798924315
            ]
          ]
        ]
      }
    },
    {
      "id": "194",
      "type": "Feature",
      "properties": {
        "id": null,
        "SOURCE_FILE": "/Users/maples/GitHub/mortalitree_testing/labels/luwajobi_mortalitree_postfire_labels.geojson",
        "SUNETID": "luwajobi",
        "FIRENAME": "NORTH COMPLEX",
        "FIRE_SLUG": "NORTH_COMPLEX",
        "PREFIRE": 0,
        "PREFIRE_STATUS": "postfire",
        "TILE_Z": 17,
        "TILE_X": 21538,
        "TILE_Y": 49672,
        "TILEXYZ": [
          17,
          21538,
          49672
        ],
        "OUTPUT_FILE": "/Users/maples/GitHub/mortalitree_testing/notebooks/single_tiles/postfire/17/21538/49672.geojson",
        "OUTPUT_STATUS_DIR": "postfire",
        "FEATURE_COUNT": 442
      },
      "geometry": {
        "type": "Polygon",
        "coordinates": [
          [
            [
              -120.84238139281722,
              39.89197830353961
            ],
            [
              -120.84233614624205,
              39.891977461372534
            ],
            [
              -120.84233733066053,
              39.89193970353357
            ],
            [
              -120.84238257721093,
              39.89194054569953
            ],
            [
              -120.84238139281722,
              39.89197830353961
            ]
          ]
        ]
      }
    },
    {
      "id": "195",
      "type": "Feature",
      "properties": {
        "id": null,
        "SOURCE_FILE": "/Users/maples/GitHub/mortalitree_testing/labels/luwajobi_mortalitree_postfire_labels.geojson",
        "SUNETID": "luwajobi",
        "FIRENAME": "NORTH COMPLEX",
        "FIRE_SLUG": "NORTH_COMPLEX",
        "PREFIRE": 0,
        "PREFIRE_STATUS": "postfire",
        "TILE_Z": 17,
        "TILE_X": 21538,
        "TILE_Y": 49672,
        "TILEXYZ": [
          17,
          21538,
          49672
        ],
        "OUTPUT_FILE": "/Users/maples/GitHub/mortalitree_testing/notebooks/single_tiles/postfire/17/21538/49672.geojson",
        "OUTPUT_STATUS_DIR": "postfire",
        "FEATURE_COUNT": 442
      },
      "geometry": {
        "type": "Polygon",
        "coordinates": [
          [
            [
              -120.84250861720206,
              39.891951610001264
            ],
            [
              -120.84245582954726,
              39.891950627529745
            ],
            [
              -120.84245765162589,
              39.891892538541775
            ],
            [
              -120.8425104392362,
              39.891893521011276
            ],
            [
              -120.84250861720206,
              39.891951610001264
            ]
          ]
        ]
      }
    },
    {
      "id": "196",
      "type": "Feature",
      "properties": {
        "id": null,
        "SOURCE_FILE": "/Users/maples/GitHub/mortalitree_testing/labels/luwajobi_mortalitree_postfire_labels.geojson",
        "SUNETID": "luwajobi",
        "FIRENAME": "NORTH COMPLEX",
        "FIRE_SLUG": "NORTH_COMPLEX",
        "PREFIRE": 0,
        "PREFIRE_STATUS": "postfire",
        "TILE_Z": 17,
        "TILE_X": 21538,
        "TILE_Y": 49672,
        "TILEXYZ": [
          17,
          21538,
          49672
        ],
        "OUTPUT_FILE": "/Users/maples/GitHub/mortalitree_testing/notebooks/single_tiles/postfire/17/21538/49672.geojson",
        "OUTPUT_STATUS_DIR": "postfire",
        "FEATURE_COUNT": 442
      },
      "geometry": {
        "type": "Polygon",
        "coordinates": [
          [
            [
              -120.84249706012909,
              39.891899084295126
            ],
            [
              -120.84245181360254,
              39.891898242174555
            ],
            [
              -120.84245299795425,
              39.891860484332206
            ],
            [
              -120.84249824445602,
              39.891861326451654
            ],
            [
              -120.84249706012909,
              39.891899084295126
            ]
          ]
        ]
      }
    },
    {
      "id": "197",
      "type": "Feature",
      "properties": {
        "id": null,
        "SOURCE_FILE": "/Users/maples/GitHub/mortalitree_testing/labels/luwajobi_mortalitree_postfire_labels.geojson",
        "SUNETID": "luwajobi",
        "FIRENAME": "NORTH COMPLEX",
        "FIRE_SLUG": "NORTH_COMPLEX",
        "PREFIRE": 0,
        "PREFIRE_STATUS": "postfire",
        "TILE_Z": 17,
        "TILE_X": 21538,
        "TILE_Y": 49672,
        "TILEXYZ": [
          17,
          21538,
          49672
        ],
        "OUTPUT_FILE": "/Users/maples/GitHub/mortalitree_testing/notebooks/single_tiles/postfire/17/21538/49672.geojson",
        "OUTPUT_STATUS_DIR": "postfire",
        "FEATURE_COUNT": 442
      },
      "geometry": {
        "type": "Polygon",
        "coordinates": [
          [
            [
              -120.84257349084288,
              39.89192811514842
            ],
            [
              -120.8425093915672,
              39.8919269221806
            ],
            [
              -120.84251103139617,
              39.89187464208939
            ],
            [
              -120.84257513062319,
              39.891875835055004
            ],
            [
              -120.84257349084288,
              39.89192811514842
            ]
          ]
        ]
      }
    },
    {
      "id": "198",
      "type": "Feature",
      "properties": {
        "id": null,
        "SOURCE_FILE": "/Users/maples/GitHub/mortalitree_testing/labels/luwajobi_mortalitree_postfire_labels.geojson",
        "SUNETID": "luwajobi",
        "FIRENAME": "NORTH COMPLEX",
        "FIRE_SLUG": "NORTH_COMPLEX",
        "PREFIRE": 0,
        "PREFIRE_STATUS": "postfire",
        "TILE_Z": 17,
        "TILE_X": 21538,
        "TILE_Y": 49672,
        "TILEXYZ": [
          17,
          21538,
          49672
        ],
        "OUTPUT_FILE": "/Users/maples/GitHub/mortalitree_testing/notebooks/single_tiles/postfire/17/21538/49672.geojson",
        "OUTPUT_STATUS_DIR": "postfire",
        "FEATURE_COUNT": 442
      },
      "geometry": {
        "type": "Polygon",
        "coordinates": [
          [
            [
              -120.84246054641817,
              39.892040805814815
            ],
            [
              -120.84243038200553,
              39.892040244391914
            ],
            [
              -120.84243120195383,
              39.89201410434826
            ],
            [
              -120.84246136635501,
              39.89201466577064
            ],
            [
              -120.84246054641817,
              39.892040805814815
            ]
          ]
        ]
      }
    },
    {
      "id": "199",
      "type": "Feature",
      "properties": {
        "id": null,
        "SOURCE_FILE": "/Users/maples/GitHub/mortalitree_testing/labels/luwajobi_mortalitree_postfire_labels.geojson",
        "SUNETID": "luwajobi",
        "FIRENAME": "NORTH COMPLEX",
        "FIRE_SLUG": "NORTH_COMPLEX",
        "PREFIRE": 0,
        "PREFIRE_STATUS": "postfire",
        "TILE_Z": 17,
        "TILE_X": 21538,
        "TILE_Y": 49672,
        "TILEXYZ": [
          17,
          21538,
          49672
        ],
        "OUTPUT_FILE": "/Users/maples/GitHub/mortalitree_testing/notebooks/single_tiles/postfire/17/21538/49672.geojson",
        "OUTPUT_STATUS_DIR": "postfire",
        "FEATURE_COUNT": 442
      },
      "geometry": {
        "type": "Polygon",
        "coordinates": [
          [
            [
              -120.84223266261631,
              39.892209479844695
            ],
            [
              -120.84216102197286,
              39.89220814630709
            ],
            [
              -120.84216302655108,
              39.89214424843554
            ],
            [
              -120.84223466712811,
              39.892145581970134
            ],
            [
              -120.84223266261631,
              39.892209479844695
            ]
          ]
        ]
      }
    },
    {
      "id": "200",
      "type": "Feature",
      "properties": {
        "id": null,
        "SOURCE_FILE": "/Users/maples/GitHub/mortalitree_testing/labels/luwajobi_mortalitree_postfire_labels.geojson",
        "SUNETID": "luwajobi",
        "FIRENAME": "NORTH COMPLEX",
        "FIRE_SLUG": "NORTH_COMPLEX",
        "PREFIRE": 0,
        "PREFIRE_STATUS": "postfire",
        "TILE_Z": 17,
        "TILE_X": 21538,
        "TILE_Y": 49672,
        "TILEXYZ": [
          17,
          21538,
          49672
        ],
        "OUTPUT_FILE": "/Users/maples/GitHub/mortalitree_testing/notebooks/single_tiles/postfire/17/21538/49672.geojson",
        "OUTPUT_STATUS_DIR": "postfire",
        "FEATURE_COUNT": 442
      },
      "geometry": {
        "type": "Polygon",
        "coordinates": [
          [
            [
              -120.84266947339039,
              39.89229607570934
            ],
            [
              -120.84262422659766,
              39.89229523364911
            ],
            [
              -120.84262531977353,
              39.8922603802546
            ],
            [
              -120.84267056654336,
              39.89226122231379
            ],
            [
              -120.84266947339039,
              39.89229607570934
            ]
          ]
        ]
      }
    },
    {
      "id": "201",
      "type": "Feature",
      "properties": {
        "id": null,
        "SOURCE_FILE": "/Users/maples/GitHub/mortalitree_testing/labels/luwajobi_mortalitree_postfire_labels.geojson",
        "SUNETID": "luwajobi",
        "FIRENAME": "NORTH COMPLEX",
        "FIRE_SLUG": "NORTH_COMPLEX",
        "PREFIRE": 0,
        "PREFIRE_STATUS": "postfire",
        "TILE_Z": 17,
        "TILE_X": 21538,
        "TILE_Y": 49672,
        "TILEXYZ": [
          17,
          21538,
          49672
        ],
        "OUTPUT_FILE": "/Users/maples/GitHub/mortalitree_testing/notebooks/single_tiles/postfire/17/21538/49672.geojson",
        "OUTPUT_STATUS_DIR": "postfire",
        "FEATURE_COUNT": 442
      },
      "geometry": {
        "type": "Polygon",
        "coordinates": [
          [
            [
              -120.84263300752868,
              39.892135559094335
            ],
            [
              -120.84259153139968,
              39.892134787195985
            ],
            [
              -120.84259253348712,
              39.892102838250835
            ],
            [
              -120.84263400959688,
              39.89210361014832
            ],
            [
              -120.84263300752868,
              39.892135559094335
            ]
          ]
        ]
      }
    },
    {
      "id": "202",
      "type": "Feature",
      "properties": {
        "id": null,
        "SOURCE_FILE": "/Users/maples/GitHub/mortalitree_testing/labels/luwajobi_mortalitree_postfire_labels.geojson",
        "SUNETID": "luwajobi",
        "FIRENAME": "NORTH COMPLEX",
        "FIRE_SLUG": "NORTH_COMPLEX",
        "PREFIRE": 0,
        "PREFIRE_STATUS": "postfire",
        "TILE_Z": 17,
        "TILE_X": 21538,
        "TILE_Y": 49672,
        "TILEXYZ": [
          17,
          21538,
          49672
        ],
        "OUTPUT_FILE": "/Users/maples/GitHub/mortalitree_testing/notebooks/single_tiles/postfire/17/21538/49672.geojson",
        "OUTPUT_STATUS_DIR": "postfire",
        "FEATURE_COUNT": 442
      },
      "geometry": {
        "type": "Polygon",
        "coordinates": [
          [
            [
              -120.84274939543232,
              39.89185292285227
            ],
            [
              -120.8427041489286,
              39.89185208083095
            ],
            [
              -120.84270533313992,
              39.891814322982015
            ],
            [
              -120.84275057961887,
              39.891815165002214
            ],
            [
              -120.84274939543232,
              39.89185292285227
            ]
          ]
        ]
      }
    },
    {
      "id": "203",
      "type": "Feature",
      "properties": {
        "id": null,
        "SOURCE_FILE": "/Users/maples/GitHub/mortalitree_testing/labels/luwajobi_mortalitree_postfire_labels.geojson",
        "SUNETID": "luwajobi",
        "FIRENAME": "NORTH COMPLEX",
        "FIRE_SLUG": "NORTH_COMPLEX",
        "PREFIRE": 0,
        "PREFIRE_STATUS": "postfire",
        "TILE_Z": 17,
        "TILE_X": 21538,
        "TILE_Y": 49672,
        "TILEXYZ": [
          17,
          21538,
          49672
        ],
        "OUTPUT_FILE": "/Users/maples/GitHub/mortalitree_testing/notebooks/single_tiles/postfire/17/21538/49672.geojson",
        "OUTPUT_STATUS_DIR": "postfire",
        "FEATURE_COUNT": 442
      },
      "geometry": {
        "type": "Polygon",
        "coordinates": [
          [
            [
              -120.8428060984853,
              39.8920297998316
            ],
            [
              -120.84275708131187,
              39.89202888766166
            ],
            [
              -120.84275835659301,
              39.89198822536262
            ],
            [
              -120.84280737373751,
              39.89198913753125
            ],
            [
              -120.8428060984853,
              39.8920297998316
            ]
          ]
        ]
      }
    },
    {
      "id": "204",
      "type": "Feature",
      "properties": {
        "id": null,
        "SOURCE_FILE": "/Users/maples/GitHub/mortalitree_testing/labels/luwajobi_mortalitree_postfire_labels.geojson",
        "SUNETID": "luwajobi",
        "FIRENAME": "NORTH COMPLEX",
        "FIRE_SLUG": "NORTH_COMPLEX",
        "PREFIRE": 0,
        "PREFIRE_STATUS": "postfire",
        "TILE_Z": 17,
        "TILE_X": 21538,
        "TILE_Y": 49672,
        "TILEXYZ": [
          17,
          21538,
          49672
        ],
        "OUTPUT_FILE": "/Users/maples/GitHub/mortalitree_testing/notebooks/single_tiles/postfire/17/21538/49672.geojson",
        "OUTPUT_STATUS_DIR": "postfire",
        "FEATURE_COUNT": 442
      },
      "geometry": {
        "type": "Polygon",
        "coordinates": [
          [
            [
              -120.84278598015767,
              39.89194950645786
            ],
            [
              -120.84273696304207,
              39.891948594280926
            ],
            [
              -120.84273823833148,
              39.89190793198186
            ],
            [
              -120.84278725541814,
              39.89190884415747
            ],
            [
              -120.84278598015767,
              39.89194950645786
            ]
          ]
        ]
      }
    },
    {
      "id": "205",
      "type": "Feature",
      "properties": {
        "id": null,
        "SOURCE_FILE": "/Users/maples/GitHub/mortalitree_testing/labels/luwajobi_mortalitree_postfire_labels.geojson",
        "SUNETID": "luwajobi",
        "FIRENAME": "NORTH COMPLEX",
        "FIRE_SLUG": "NORTH_COMPLEX",
        "PREFIRE": 0,
        "PREFIRE_STATUS": "postfire",
        "TILE_Z": 17,
        "TILE_X": 21538,
        "TILE_Y": 49672,
        "TILEXYZ": [
          17,
          21538,
          49672
        ],
        "OUTPUT_FILE": "/Users/maples/GitHub/mortalitree_testing/notebooks/single_tiles/postfire/17/21538/49672.geojson",
        "OUTPUT_STATUS_DIR": "postfire",
        "FEATURE_COUNT": 442
      },
      "geometry": {
        "type": "Polygon",
        "coordinates": [
          [
            [
              -120.8427701513288,
              39.89191288508174
            ],
            [
              -120.84272490478506,
              39.89191204306747
            ],
            [
              -120.84272599789509,
              39.891877189668335
            ],
            [
              -120.84277124441596,
              39.89187803168157
            ],
            [
              -120.8427701513288,
              39.89191288508174
            ]
          ]
        ]
      }
    },
    {
      "id": "206",
      "type": "Feature",
      "properties": {
        "id": null,
        "SOURCE_FILE": "/Users/maples/GitHub/mortalitree_testing/labels/luwajobi_mortalitree_postfire_labels.geojson",
        "SUNETID": "luwajobi",
        "FIRENAME": "NORTH COMPLEX",
        "FIRE_SLUG": "NORTH_COMPLEX",
        "PREFIRE": 0,
        "PREFIRE_STATUS": "postfire",
        "TILE_Z": 17,
        "TILE_X": 21538,
        "TILE_Y": 49672,
        "TILEXYZ": [
          17,
          21538,
          49672
        ],
        "OUTPUT_FILE": "/Users/maples/GitHub/mortalitree_testing/notebooks/single_tiles/postfire/17/21538/49672.geojson",
        "OUTPUT_STATUS_DIR": "postfire",
        "FEATURE_COUNT": 442
      },
      "geometry": {
        "type": "Polygon",
        "coordinates": [
          [
            [
              -120.8427963809029,
              39.89197876145757
            ],
            [
              -120.84275113431502,
              39.891977919452394
            ],
            [
              -120.84275231850586,
              39.8919401616031
            ],
            [
              -120.84279756506892,
              39.891941003607165
            ],
            [
              -120.8427963809029,
              39.89197876145757
            ]
          ]
        ]
      }
    },
    {
      "id": "207",
      "type": "Feature",
      "properties": {
        "id": null,
        "SOURCE_FILE": "/Users/maples/GitHub/mortalitree_testing/labels/luwajobi_mortalitree_postfire_labels.geojson",
        "SUNETID": "luwajobi",
        "FIRENAME": "NORTH COMPLEX",
        "FIRE_SLUG": "NORTH_COMPLEX",
        "PREFIRE": 0,
        "PREFIRE_STATUS": "postfire",
        "TILE_Z": 17,
        "TILE_X": 21538,
        "TILE_Y": 49672,
        "TILEXYZ": [
          17,
          21538,
          49672
        ],
        "OUTPUT_FILE": "/Users/maples/GitHub/mortalitree_testing/notebooks/single_tiles/postfire/17/21538/49672.geojson",
        "OUTPUT_STATUS_DIR": "postfire",
        "FEATURE_COUNT": 442
      },
      "geometry": {
        "type": "Polygon",
        "coordinates": [
          [
            [
              -120.84217864884413,
              39.89194692138483
            ],
            [
              -120.84213340229562,
              39.89194607913921
            ],
            [
              -120.84213458682405,
              39.89190832130509
            ],
            [
              -120.84217983334774,
              39.8919091635496
            ],
            [
              -120.84217864884413,
              39.89194692138483
            ]
          ]
        ]
      }
    },
    {
      "id": "208",
      "type": "Feature",
      "properties": {
        "id": null,
        "SOURCE_FILE": "/Users/maples/GitHub/mortalitree_testing/labels/luwajobi_mortalitree_postfire_labels.geojson",
        "SUNETID": "luwajobi",
        "FIRENAME": "NORTH COMPLEX",
        "FIRE_SLUG": "NORTH_COMPLEX",
        "PREFIRE": 0,
        "PREFIRE_STATUS": "postfire",
        "TILE_Z": 17,
        "TILE_X": 21538,
        "TILE_Y": 49672,
        "TILEXYZ": [
          17,
          21538,
          49672
        ],
        "OUTPUT_FILE": "/Users/maples/GitHub/mortalitree_testing/notebooks/single_tiles/postfire/17/21538/49672.geojson",
        "OUTPUT_STATUS_DIR": "postfire",
        "FEATURE_COUNT": 442
      },
      "geometry": {
        "type": "Polygon",
        "coordinates": [
          [
            [
              -120.84224304956268,
              39.89187837266797
            ],
            [
              -120.84219780305733,
              39.89187753044867
            ],
            [
              -120.84219898754755,
              39.89183977261248
            ],
            [
              -120.84224423402812,
              39.891840614830656
            ],
            [
              -120.84224304956268,
              39.89187837266797
            ]
          ]
        ]
      }
    },
    {
      "id": "209",
      "type": "Feature",
      "properties": {
        "id": null,
        "SOURCE_FILE": "/Users/maples/GitHub/mortalitree_testing/labels/luwajobi_mortalitree_postfire_labels.geojson",
        "SUNETID": "luwajobi",
        "FIRENAME": "NORTH COMPLEX",
        "FIRE_SLUG": "NORTH_COMPLEX",
        "PREFIRE": 0,
        "PREFIRE_STATUS": "postfire",
        "TILE_Z": 17,
        "TILE_X": 21538,
        "TILE_Y": 49672,
        "TILEXYZ": [
          17,
          21538,
          49672
        ],
        "OUTPUT_FILE": "/Users/maples/GitHub/mortalitree_testing/notebooks/single_tiles/postfire/17/21538/49672.geojson",
        "OUTPUT_STATUS_DIR": "postfire",
        "FEATURE_COUNT": 442
      },
      "geometry": {
        "type": "Polygon",
        "coordinates": [
          [
            [
              -120.84213899518858,
              39.891888060351185
            ],
            [
              -120.84209374867994,
              39.89188721809111
            ],
            [
              -120.84209511546558,
              39.891843651360105
            ],
            [
              -120.8421403619456,
              39.89184449361889
            ],
            [
              -120.84213899518858,
              39.891888060351185
            ]
          ]
        ]
      }
    },
    {
      "id": "210",
      "type": "Feature",
      "properties": {
        "id": null,
        "SOURCE_FILE": "/Users/maples/GitHub/mortalitree_testing/labels/luwajobi_mortalitree_postfire_labels.geojson",
        "SUNETID": "luwajobi",
        "FIRENAME": "NORTH COMPLEX",
        "FIRE_SLUG": "NORTH_COMPLEX",
        "PREFIRE": 0,
        "PREFIRE_STATUS": "postfire",
        "TILE_Z": 17,
        "TILE_X": 21538,
        "TILE_Y": 49672,
        "TILEXYZ": [
          17,
          21538,
          49672
        ],
        "OUTPUT_FILE": "/Users/maples/GitHub/mortalitree_testing/notebooks/single_tiles/postfire/17/21538/49672.geojson",
        "OUTPUT_STATUS_DIR": "postfire",
        "FEATURE_COUNT": 442
      },
      "geometry": {
        "type": "Polygon",
        "coordinates": [
          [
            [
              -120.84305272379174,
              39.891804803541206
            ],
            [
              -120.84301878893072,
              39.89180417211626
            ],
            [
              -120.84301988188776,
              39.89176931870973
            ],
            [
              -120.84305381673161,
              39.891769950133906
            ],
            [
              -120.84305272379174,
              39.891804803541206
            ]
          ]
        ]
      }
    },
    {
      "id": "211",
      "type": "Feature",
      "properties": {
        "id": null,
        "SOURCE_FILE": "/Users/maples/GitHub/mortalitree_testing/labels/luwajobi_mortalitree_postfire_labels.geojson",
        "SUNETID": "luwajobi",
        "FIRENAME": "NORTH COMPLEX",
        "FIRE_SLUG": "NORTH_COMPLEX",
        "PREFIRE": 0,
        "PREFIRE_STATUS": "postfire",
        "TILE_Z": 17,
        "TILE_X": 21538,
        "TILE_Y": 49672,
        "TILEXYZ": [
          17,
          21538,
          49672
        ],
        "OUTPUT_FILE": "/Users/maples/GitHub/mortalitree_testing/notebooks/single_tiles/postfire/17/21538/49672.geojson",
        "OUTPUT_STATUS_DIR": "postfire",
        "FEATURE_COUNT": 442
      },
      "geometry": {
        "type": "Polygon",
        "coordinates": [
          [
            [
              -120.84329558654788,
              39.89175991771987
            ],
            [
              -120.84326165170354,
              39.89175928636656
            ],
            [
              -120.84326256239727,
              39.891730241856266
            ],
            [
              -120.84329649722727,
              39.89173087320893
            ],
            [
              -120.84329558654788,
              39.89175991771987
            ]
          ]
        ]
      }
    },
    {
      "id": "212",
      "type": "Feature",
      "properties": {
        "id": null,
        "SOURCE_FILE": "/Users/maples/GitHub/mortalitree_testing/labels/luwajobi_mortalitree_postfire_labels.geojson",
        "SUNETID": "luwajobi",
        "FIRENAME": "NORTH COMPLEX",
        "FIRE_SLUG": "NORTH_COMPLEX",
        "PREFIRE": 0,
        "PREFIRE_STATUS": "postfire",
        "TILE_Z": 17,
        "TILE_X": 21538,
        "TILE_Y": 49672,
        "TILEXYZ": [
          17,
          21538,
          49672
        ],
        "OUTPUT_FILE": "/Users/maples/GitHub/mortalitree_testing/notebooks/single_tiles/postfire/17/21538/49672.geojson",
        "OUTPUT_STATUS_DIR": "postfire",
        "FEATURE_COUNT": 442
      },
      "geometry": {
        "type": "Polygon",
        "coordinates": [
          [
            [
              -120.84367151024023,
              39.8908625879588
            ],
            [
              -120.84361288990367,
              39.89086149752524
            ],
            [
              -120.84361450772309,
              39.89080989075377
            ],
            [
              -120.84367312801575,
              39.89081098118535
            ],
            [
              -120.84367151024023,
              39.8908625879588
            ]
          ]
        ]
      }
    },
    {
      "id": "213",
      "type": "Feature",
      "properties": {
        "id": null,
        "SOURCE_FILE": "/Users/maples/GitHub/mortalitree_testing/labels/luwajobi_mortalitree_postfire_labels.geojson",
        "SUNETID": "luwajobi",
        "FIRENAME": "NORTH COMPLEX",
        "FIRE_SLUG": "NORTH_COMPLEX",
        "PREFIRE": 0,
        "PREFIRE_STATUS": "postfire",
        "TILE_Z": 17,
        "TILE_X": 21538,
        "TILE_Y": 49672,
        "TILEXYZ": [
          17,
          21538,
          49672
        ],
        "OUTPUT_FILE": "/Users/maples/GitHub/mortalitree_testing/notebooks/single_tiles/postfire/17/21538/49672.geojson",
        "OUTPUT_STATUS_DIR": "postfire",
        "FEATURE_COUNT": 442
      },
      "geometry": {
        "type": "Polygon",
        "coordinates": [
          [
            [
              -120.84357164564052,
              39.890907526206334
            ],
            [
              -120.84351302526954,
              39.89090643572128
            ],
            [
              -120.84351484540323,
              39.890848378107584
            ],
            [
              -120.84357346572483,
              39.8908494685904
            ],
            [
              -120.84357164564052,
              39.890907526206334
            ]
          ]
        ]
      }
    },
    {
      "id": "214",
      "type": "Feature",
      "properties": {
        "id": null,
        "SOURCE_FILE": "/Users/maples/GitHub/mortalitree_testing/labels/luwajobi_mortalitree_postfire_labels.geojson",
        "SUNETID": "luwajobi",
        "FIRENAME": "NORTH COMPLEX",
        "FIRE_SLUG": "NORTH_COMPLEX",
        "PREFIRE": 0,
        "PREFIRE_STATUS": "postfire",
        "TILE_Z": 17,
        "TILE_X": 21538,
        "TILE_Y": 49672,
        "TILEXYZ": [
          17,
          21538,
          49672
        ],
        "OUTPUT_FILE": "/Users/maples/GitHub/mortalitree_testing/notebooks/single_tiles/postfire/17/21538/49672.geojson",
        "OUTPUT_STATUS_DIR": "postfire",
        "FEATURE_COUNT": 442
      },
      "geometry": {
        "type": "Polygon",
        "coordinates": [
          [
            [
              -120.84361994976103,
              39.890903583804956
            ],
            [
              -120.84357389089901,
              39.89090272701703
            ],
            [
              -120.84357530651889,
              39.890857571093484
            ],
            [
              -120.84362136535073,
              39.89085842788006
            ],
            [
              -120.84361994976103,
              39.890903583804956
            ]
          ]
        ]
      }
    },
    {
      "id": "215",
      "type": "Feature",
      "properties": {
        "id": null,
        "SOURCE_FILE": "/Users/maples/GitHub/mortalitree_testing/labels/luwajobi_mortalitree_postfire_labels.geojson",
        "SUNETID": "luwajobi",
        "FIRENAME": "NORTH COMPLEX",
        "FIRE_SLUG": "NORTH_COMPLEX",
        "PREFIRE": 0,
        "PREFIRE_STATUS": "postfire",
        "TILE_Z": 17,
        "TILE_X": 21538,
        "TILE_Y": 49672,
        "TILEXYZ": [
          17,
          21538,
          49672
        ],
        "OUTPUT_FILE": "/Users/maples/GitHub/mortalitree_testing/notebooks/single_tiles/postfire/17/21538/49672.geojson",
        "OUTPUT_STATUS_DIR": "postfire",
        "FEATURE_COUNT": 442
      },
      "geometry": {
        "type": "Polygon",
        "coordinates": [
          [
            [
              -120.84365728039421,
              39.89091557378112
            ],
            [
              -120.8436195958631,
              39.89091487278613
            ],
            [
              -120.8436206069995,
              39.89088261855416
            ],
            [
              -120.84365829151295,
              39.890883319548365
            ],
            [
              -120.84365728039421,
              39.89091557378112
            ]
          ]
        ]
      }
    },
    {
      "id": "216",
      "type": "Feature",
      "properties": {
        "id": null,
        "SOURCE_FILE": "/Users/maples/GitHub/mortalitree_testing/labels/luwajobi_mortalitree_postfire_labels.geojson",
        "SUNETID": "luwajobi",
        "FIRENAME": "NORTH COMPLEX",
        "FIRE_SLUG": "NORTH_COMPLEX",
        "PREFIRE": 0,
        "PREFIRE_STATUS": "postfire",
        "TILE_Z": 17,
        "TILE_X": 21538,
        "TILE_Y": 49672,
        "TILEXYZ": [
          17,
          21538,
          49672
        ],
        "OUTPUT_FILE": "/Users/maples/GitHub/mortalitree_testing/notebooks/single_tiles/postfire/17/21538/49672.geojson",
        "OUTPUT_STATUS_DIR": "postfire",
        "FEATURE_COUNT": 442
      },
      "geometry": {
        "type": "Polygon",
        "coordinates": [
          [
            [
              -120.84359224831142,
              39.89098536475775
            ],
            [
              -120.84353781504737,
              39.89098435217351
            ],
            [
              -120.84353943293014,
              39.89093274540569
            ],
            [
              -120.84359386615343,
              39.890933757988094
            ],
            [
              -120.84359224831142,
              39.89098536475775
            ]
          ]
        ]
      }
    },
    {
      "id": "217",
      "type": "Feature",
      "properties": {
        "id": null,
        "SOURCE_FILE": "/Users/maples/GitHub/mortalitree_testing/labels/luwajobi_mortalitree_postfire_labels.geojson",
        "SUNETID": "luwajobi",
        "FIRENAME": "NORTH COMPLEX",
        "FIRE_SLUG": "NORTH_COMPLEX",
        "PREFIRE": 0,
        "PREFIRE_STATUS": "postfire",
        "TILE_Z": 17,
        "TILE_X": 21538,
        "TILE_Y": 49672,
        "TILEXYZ": [
          17,
          21538,
          49672
        ],
        "OUTPUT_FILE": "/Users/maples/GitHub/mortalitree_testing/notebooks/single_tiles/postfire/17/21538/49672.geojson",
        "OUTPUT_STATUS_DIR": "postfire",
        "FEATURE_COUNT": 442
      },
      "geometry": {
        "type": "Polygon",
        "coordinates": [
          [
            [
              -120.8436144481101,
              39.89094543641711
            ],
            [
              -120.84356001487684,
              39.89094442384413
            ],
            [
              -120.84356173385704,
              39.890889591652126
            ],
            [
              -120.84361616704696,
              39.89089060422315
            ],
            [
              -120.8436144481101,
              39.89094543641711
            ]
          ]
        ]
      }
    },
    {
      "id": "218",
      "type": "Feature",
      "properties": {
        "id": null,
        "SOURCE_FILE": "/Users/maples/GitHub/mortalitree_testing/labels/luwajobi_mortalitree_postfire_labels.geojson",
        "SUNETID": "luwajobi",
        "FIRENAME": "NORTH COMPLEX",
        "FIRE_SLUG": "NORTH_COMPLEX",
        "PREFIRE": 0,
        "PREFIRE_STATUS": "postfire",
        "TILE_Z": 17,
        "TILE_X": 21538,
        "TILE_Y": 49672,
        "TILEXYZ": [
          17,
          21538,
          49672
        ],
        "OUTPUT_FILE": "/Users/maples/GitHub/mortalitree_testing/notebooks/single_tiles/postfire/17/21538/49672.geojson",
        "OUTPUT_STATUS_DIR": "postfire",
        "FEATURE_COUNT": 442
      },
      "geometry": {
        "type": "Polygon",
        "coordinates": [
          [
            [
              -120.8435231300355,
              39.89105185237805
            ],
            [
              -120.84346869672136,
              39.89105083975998
            ],
            [
              -120.84347021353872,
              39.8910024584179
            ],
            [
              -120.84352464681466,
              39.89100347103425
            ],
            [
              -120.8435231300355,
              39.89105185237805
            ]
          ]
        ]
      }
    },
    {
      "id": "219",
      "type": "Feature",
      "properties": {
        "id": null,
        "SOURCE_FILE": "/Users/maples/GitHub/mortalitree_testing/labels/luwajobi_mortalitree_postfire_labels.geojson",
        "SUNETID": "luwajobi",
        "FIRENAME": "NORTH COMPLEX",
        "FIRE_SLUG": "NORTH_COMPLEX",
        "PREFIRE": 0,
        "PREFIRE_STATUS": "postfire",
        "TILE_Z": 17,
        "TILE_X": 21538,
        "TILE_Y": 49672,
        "TILEXYZ": [
          17,
          21538,
          49672
        ],
        "OUTPUT_FILE": "/Users/maples/GitHub/mortalitree_testing/notebooks/single_tiles/postfire/17/21538/49672.geojson",
        "OUTPUT_STATUS_DIR": "postfire",
        "FEATURE_COUNT": 442
      },
      "geometry": {
        "type": "Polygon",
        "coordinates": [
          [
            [
              -120.84346884840325,
              39.89104600162578
            ],
            [
              -120.84341022791828,
              39.89104491108564
            ],
            [
              -120.8434123515187,
              39.89097717720918
            ],
            [
              -120.84347097194603,
              39.8909782677467
            ],
            [
              -120.84346884840325,
              39.89104600162578
            ]
          ]
        ]
      }
    },
    {
      "id": "220",
      "type": "Feature",
      "properties": {
        "id": null,
        "SOURCE_FILE": "/Users/maples/GitHub/mortalitree_testing/labels/luwajobi_mortalitree_postfire_labels.geojson",
        "SUNETID": "luwajobi",
        "FIRENAME": "NORTH COMPLEX",
        "FIRE_SLUG": "NORTH_COMPLEX",
        "PREFIRE": 0,
        "PREFIRE_STATUS": "postfire",
        "TILE_Z": 17,
        "TILE_X": 21538,
        "TILE_Y": 49672,
        "TILEXYZ": [
          17,
          21538,
          49672
        ],
        "OUTPUT_FILE": "/Users/maples/GitHub/mortalitree_testing/notebooks/single_tiles/postfire/17/21538/49672.geojson",
        "OUTPUT_STATUS_DIR": "postfire",
        "FEATURE_COUNT": 442
      },
      "geometry": {
        "type": "Polygon",
        "coordinates": [
          [
            [
              -120.84341120914308,
              39.89108042968331
            ],
            [
              -120.8433693373484,
              39.89107965070773
            ],
            [
              -120.84337115761451,
              39.89102159310128
            ],
            [
              -120.84341302937389,
              39.89102237207527
            ],
            [
              -120.84341120914308,
              39.89108042968331
            ]
          ]
        ]
      }
    },
    {
      "id": "221",
      "type": "Feature",
      "properties": {
        "id": null,
        "SOURCE_FILE": "/Users/maples/GitHub/mortalitree_testing/labels/luwajobi_mortalitree_postfire_labels.geojson",
        "SUNETID": "luwajobi",
        "FIRENAME": "NORTH COMPLEX",
        "FIRE_SLUG": "NORTH_COMPLEX",
        "PREFIRE": 0,
        "PREFIRE_STATUS": "postfire",
        "TILE_Z": 17,
        "TILE_X": 21538,
        "TILE_Y": 49672,
        "TILEXYZ": [
          17,
          21538,
          49672
        ],
        "OUTPUT_FILE": "/Users/maples/GitHub/mortalitree_testing/notebooks/single_tiles/postfire/17/21538/49672.geojson",
        "OUTPUT_STATUS_DIR": "postfire",
        "FEATURE_COUNT": 442
      },
      "geometry": {
        "type": "Polygon",
        "coordinates": [
          [
            [
              -120.84349638904646,
              39.89110299178439
            ],
            [
              -120.84344195569282,
              39.8911019791527
            ],
            [
              -120.84344347253175,
              39.891053597811904
            ],
            [
              -120.84349790584719,
              39.89105461044188
            ],
            [
              -120.84349638904646,
              39.89110299178439
            ]
          ]
        ]
      }
    },
    {
      "id": "222",
      "type": "Feature",
      "properties": {
        "id": null,
        "SOURCE_FILE": "/Users/maples/GitHub/mortalitree_testing/labels/luwajobi_mortalitree_postfire_labels.geojson",
        "SUNETID": "luwajobi",
        "FIRENAME": "NORTH COMPLEX",
        "FIRE_SLUG": "NORTH_COMPLEX",
        "PREFIRE": 0,
        "PREFIRE_STATUS": "postfire",
        "TILE_Z": 17,
        "TILE_X": 21538,
        "TILE_Y": 49672,
        "TILEXYZ": [
          17,
          21538,
          49672
        ],
        "OUTPUT_FILE": "/Users/maples/GitHub/mortalitree_testing/notebooks/single_tiles/postfire/17/21538/49672.geojson",
        "OUTPUT_STATUS_DIR": "postfire",
        "FEATURE_COUNT": 442
      },
      "geometry": {
        "type": "Polygon",
        "coordinates": [
          [
            [
              -120.84350049573715,
              39.8911724552153
            ],
            [
              -120.84344606232841,
              39.89117144258408
            ],
            [
              -120.84344768029071,
              39.89111983582103
            ],
            [
              -120.84350211365867,
              39.89112084845041
            ],
            [
              -120.84350049573715,
              39.8911724552153
            ]
          ]
        ]
      }
    },
    {
      "id": "223",
      "type": "Feature",
      "properties": {
        "id": null,
        "SOURCE_FILE": "/Users/maples/GitHub/mortalitree_testing/labels/luwajobi_mortalitree_postfire_labels.geojson",
        "SUNETID": "luwajobi",
        "FIRENAME": "NORTH COMPLEX",
        "FIRE_SLUG": "NORTH_COMPLEX",
        "PREFIRE": 0,
        "PREFIRE_STATUS": "postfire",
        "TILE_Z": 17,
        "TILE_X": 21538,
        "TILE_Y": 49672,
        "TILEXYZ": [
          17,
          21538,
          49672
        ],
        "OUTPUT_FILE": "/Users/maples/GitHub/mortalitree_testing/notebooks/single_tiles/postfire/17/21538/49672.geojson",
        "OUTPUT_STATUS_DIR": "postfire",
        "FEATURE_COUNT": 442
      },
      "geometry": {
        "type": "Polygon",
        "coordinates": [
          [
            [
              -120.84353512618652,
              39.89120375882364
            ],
            [
              -120.8434681311903,
              39.89120251252386
            ],
            [
              -120.8434698502594,
              39.891147680337625
            ],
            [
              -120.84353684520234,
              39.89114892663499
            ],
            [
              -120.84353512618652,
              39.89120375882364
            ]
          ]
        ]
      }
    },
    {
      "id": "224",
      "type": "Feature",
      "properties": {
        "id": null,
        "SOURCE_FILE": "/Users/maples/GitHub/mortalitree_testing/labels/luwajobi_mortalitree_postfire_labels.geojson",
        "SUNETID": "luwajobi",
        "FIRENAME": "NORTH COMPLEX",
        "FIRE_SLUG": "NORTH_COMPLEX",
        "PREFIRE": 0,
        "PREFIRE_STATUS": "postfire",
        "TILE_Z": 17,
        "TILE_X": 21538,
        "TILE_Y": 49672,
        "TILEXYZ": [
          17,
          21538,
          49672
        ],
        "OUTPUT_FILE": "/Users/maples/GitHub/mortalitree_testing/notebooks/single_tiles/postfire/17/21538/49672.geojson",
        "OUTPUT_STATUS_DIR": "postfire",
        "FEATURE_COUNT": 442
      },
      "geometry": {
        "type": "Polygon",
        "coordinates": [
          [
            [
              -120.84354383380503,
              39.891126465513096
            ],
            [
              -120.84348940043111,
              39.89112545290316
            ],
            [
              -120.84349091723794,
              39.891077071561064
            ],
            [
              -120.84354535057365,
              39.891078084169266
            ],
            [
              -120.84354383380503,
              39.891126465513096
            ]
          ]
        ]
      }
    },
    {
      "id": "225",
      "type": "Feature",
      "properties": {
        "id": null,
        "SOURCE_FILE": "/Users/maples/GitHub/mortalitree_testing/labels/luwajobi_mortalitree_postfire_labels.geojson",
        "SUNETID": "luwajobi",
        "FIRENAME": "NORTH COMPLEX",
        "FIRE_SLUG": "NORTH_COMPLEX",
        "PREFIRE": 0,
        "PREFIRE_STATUS": "postfire",
        "TILE_Z": 17,
        "TILE_X": 21538,
        "TILE_Y": 49672,
        "TILEXYZ": [
          17,
          21538,
          49672
        ],
        "OUTPUT_FILE": "/Users/maples/GitHub/mortalitree_testing/notebooks/single_tiles/postfire/17/21538/49672.geojson",
        "OUTPUT_STATUS_DIR": "postfire",
        "FEATURE_COUNT": 442
      },
      "geometry": {
        "type": "Polygon",
        "coordinates": [
          [
            [
              -120.84358333854026,
              39.89106910892169
            ],
            [
              -120.84353727956857,
              39.891068252116284
            ],
            [
              -120.84353879633866,
              39.891019870772176
            ],
            [
              -120.84358485527804,
              39.89102072757613
            ],
            [
              -120.84358333854026,
              39.89106910892169
            ]
          ]
        ]
      }
    },
    {
      "id": "226",
      "type": "Feature",
      "properties": {
        "id": null,
        "SOURCE_FILE": "/Users/maples/GitHub/mortalitree_testing/labels/luwajobi_mortalitree_postfire_labels.geojson",
        "SUNETID": "luwajobi",
        "FIRENAME": "NORTH COMPLEX",
        "FIRE_SLUG": "NORTH_COMPLEX",
        "PREFIRE": 0,
        "PREFIRE_STATUS": "postfire",
        "TILE_Z": 17,
        "TILE_X": 21538,
        "TILE_Y": 49672,
        "TILEXYZ": [
          17,
          21538,
          49672
        ],
        "OUTPUT_FILE": "/Users/maples/GitHub/mortalitree_testing/notebooks/single_tiles/postfire/17/21538/49672.geojson",
        "OUTPUT_STATUS_DIR": "postfire",
        "FEATURE_COUNT": 442
      },
      "geometry": {
        "type": "Polygon",
        "coordinates": [
          [
            [
              -120.84343213560608,
              39.89121475210189
            ],
            [
              -120.8433735149788,
              39.891213661539396
            ],
            [
              -120.84337523412394,
              39.89115882935665
            ],
            [
              -120.84343385470461,
              39.891159919917044
            ],
            [
              -120.84343213560608,
              39.89121475210189
            ]
          ]
        ]
      }
    },
    {
      "id": "227",
      "type": "Feature",
      "properties": {
        "id": null,
        "SOURCE_FILE": "/Users/maples/GitHub/mortalitree_testing/labels/luwajobi_mortalitree_postfire_labels.geojson",
        "SUNETID": "luwajobi",
        "FIRENAME": "NORTH COMPLEX",
        "FIRE_SLUG": "NORTH_COMPLEX",
        "PREFIRE": 0,
        "PREFIRE_STATUS": "postfire",
        "TILE_Z": 17,
        "TILE_X": 21538,
        "TILE_Y": 49672,
        "TILEXYZ": [
          17,
          21538,
          49672
        ],
        "OUTPUT_FILE": "/Users/maples/GitHub/mortalitree_testing/notebooks/single_tiles/postfire/17/21538/49672.geojson",
        "OUTPUT_STATUS_DIR": "postfire",
        "FEATURE_COUNT": 442
      },
      "geometry": {
        "type": "Polygon",
        "coordinates": [
          [
            [
              -120.84342792786045,
              39.891148514093445
            ],
            [
              -120.84338605602389,
              39.89114773512281
            ],
            [
              -120.84338757290456,
              39.891099353784185
            ],
            [
              -120.84342944471173,
              39.8911001327535
            ],
            [
              -120.84342792786045,
              39.891148514093445
            ]
          ]
        ]
      }
    },
    {
      "id": "228",
      "type": "Feature",
      "properties": {
        "id": null,
        "SOURCE_FILE": "/Users/maples/GitHub/mortalitree_testing/labels/luwajobi_mortalitree_postfire_labels.geojson",
        "SUNETID": "luwajobi",
        "FIRENAME": "NORTH COMPLEX",
        "FIRE_SLUG": "NORTH_COMPLEX",
        "PREFIRE": 0,
        "PREFIRE_STATUS": "postfire",
        "TILE_Z": 17,
        "TILE_X": 21538,
        "TILE_Y": 49672,
        "TILEXYZ": [
          17,
          21538,
          49672
        ],
        "OUTPUT_FILE": "/Users/maples/GitHub/mortalitree_testing/notebooks/single_tiles/postfire/17/21538/49672.geojson",
        "OUTPUT_STATUS_DIR": "postfire",
        "FEATURE_COUNT": 442
      },
      "geometry": {
        "type": "Polygon",
        "coordinates": [
          [
            [
              -120.84337712546412,
              39.891165319150815
            ],
            [
              -120.84333106643432,
              39.8911644622618
            ],
            [
              -120.8433327856103,
              39.891109630080145
            ],
            [
              -120.84337884460345,
              39.89111048696749
            ],
            [
              -120.84337712546412,
              39.891165319150815
            ]
          ]
        ]
      }
    },
    {
      "id": "229",
      "type": "Feature",
      "properties": {
        "id": null,
        "SOURCE_FILE": "/Users/maples/GitHub/mortalitree_testing/labels/luwajobi_mortalitree_postfire_labels.geojson",
        "SUNETID": "luwajobi",
        "FIRENAME": "NORTH COMPLEX",
        "FIRE_SLUG": "NORTH_COMPLEX",
        "PREFIRE": 0,
        "PREFIRE_STATUS": "postfire",
        "TILE_Z": 17,
        "TILE_X": 21538,
        "TILE_Y": 49672,
        "TILEXYZ": [
          17,
          21538,
          49672
        ],
        "OUTPUT_FILE": "/Users/maples/GitHub/mortalitree_testing/notebooks/single_tiles/postfire/17/21538/49672.geojson",
        "OUTPUT_STATUS_DIR": "postfire",
        "FEATURE_COUNT": 442
      },
      "geometry": {
        "type": "Polygon",
        "coordinates": [
          [
            [
              -120.84332831550822,
              39.891185388557616
            ],
            [
              -120.84328225646644,
              39.89118453164886
            ],
            [
              -120.8432838745523,
              39.8911329248915
            ],
            [
              -120.84332993355959,
              39.89113378179871
            ],
            [
              -120.84332831550822,
              39.891185388557616
            ]
          ]
        ]
      }
    },
    {
      "id": "230",
      "type": "Feature",
      "properties": {
        "id": null,
        "SOURCE_FILE": "/Users/maples/GitHub/mortalitree_testing/labels/luwajobi_mortalitree_postfire_labels.geojson",
        "SUNETID": "luwajobi",
        "FIRENAME": "NORTH COMPLEX",
        "FIRE_SLUG": "NORTH_COMPLEX",
        "PREFIRE": 0,
        "PREFIRE_STATUS": "postfire",
        "TILE_Z": 17,
        "TILE_X": 21538,
        "TILE_Y": 49672,
        "TILEXYZ": [
          17,
          21538,
          49672
        ],
        "OUTPUT_FILE": "/Users/maples/GitHub/mortalitree_testing/notebooks/single_tiles/postfire/17/21538/49672.geojson",
        "OUTPUT_STATUS_DIR": "postfire",
        "FEATURE_COUNT": 442
      },
      "geometry": {
        "type": "Polygon",
        "coordinates": [
          [
            [
              -120.84336852833957,
              39.89110545408816
            ],
            [
              -120.8433057206271,
              39.891104285595404
            ],
            [
              -120.84330723756193,
              39.89105590425897
            ],
            [
              -120.84337004523029,
              39.89105707274974
            ],
            [
              -120.84336852833957,
              39.89110545408816
            ]
          ]
        ]
      }
    },
    {
      "id": "231",
      "type": "Feature",
      "properties": {
        "id": null,
        "SOURCE_FILE": "/Users/maples/GitHub/mortalitree_testing/labels/luwajobi_mortalitree_postfire_labels.geojson",
        "SUNETID": "luwajobi",
        "FIRENAME": "NORTH COMPLEX",
        "FIRE_SLUG": "NORTH_COMPLEX",
        "PREFIRE": 0,
        "PREFIRE_STATUS": "postfire",
        "TILE_Z": 17,
        "TILE_X": 21538,
        "TILE_Y": 49672,
        "TILEXYZ": [
          17,
          21538,
          49672
        ],
        "OUTPUT_FILE": "/Users/maples/GitHub/mortalitree_testing/notebooks/single_tiles/postfire/17/21538/49672.geojson",
        "OUTPUT_STATUS_DIR": "postfire",
        "FEATURE_COUNT": 442
      },
      "geometry": {
        "type": "Polygon",
        "coordinates": [
          [
            [
              -120.84336141805846,
              39.89106498050935
            ],
            [
              -120.84330279756145,
              39.891063889914484
            ],
            [
              -120.84330492126904,
              39.890996156042995
            ],
            [
              -120.84336354170838,
              39.89099724663525
            ],
            [
              -120.84336141805846,
              39.89106498050935
            ]
          ]
        ]
      }
    },
    {
      "id": "232",
      "type": "Feature",
      "properties": {
        "id": null,
        "SOURCE_FILE": "/Users/maples/GitHub/mortalitree_testing/labels/luwajobi_mortalitree_postfire_labels.geojson",
        "SUNETID": "luwajobi",
        "FIRENAME": "NORTH COMPLEX",
        "FIRE_SLUG": "NORTH_COMPLEX",
        "PREFIRE": 0,
        "PREFIRE_STATUS": "postfire",
        "TILE_Z": 17,
        "TILE_X": 21538,
        "TILE_Y": 49672,
        "TILEXYZ": [
          17,
          21538,
          49672
        ],
        "OUTPUT_FILE": "/Users/maples/GitHub/mortalitree_testing/notebooks/single_tiles/postfire/17/21538/49672.geojson",
        "OUTPUT_STATUS_DIR": "postfire",
        "FEATURE_COUNT": 442
      },
      "geometry": {
        "type": "Polygon",
        "coordinates": [
          [
            [
              -120.84339065721731,
              39.89100097839425
            ],
            [
              -120.8433194752505,
              39.89099965411634
            ],
            [
              -120.84332139668126,
              39.89093837108846
            ],
            [
              -120.8433925785848,
              39.890939695363514
            ],
            [
              -120.84339065721731,
              39.89100097839425
            ]
          ]
        ]
      }
    },
    {
      "id": "233",
      "type": "Feature",
      "properties": {
        "id": null,
        "SOURCE_FILE": "/Users/maples/GitHub/mortalitree_testing/labels/luwajobi_mortalitree_postfire_labels.geojson",
        "SUNETID": "luwajobi",
        "FIRENAME": "NORTH COMPLEX",
        "FIRE_SLUG": "NORTH_COMPLEX",
        "PREFIRE": 0,
        "PREFIRE_STATUS": "postfire",
        "TILE_Z": 17,
        "TILE_X": 21538,
        "TILE_Y": 49672,
        "TILEXYZ": [
          17,
          21538,
          49672
        ],
        "OUTPUT_FILE": "/Users/maples/GitHub/mortalitree_testing/notebooks/single_tiles/postfire/17/21538/49672.geojson",
        "OUTPUT_STATUS_DIR": "postfire",
        "FEATURE_COUNT": 442
      },
      "geometry": {
        "type": "Polygon",
        "coordinates": [
          [
            [
              -120.84340054843032,
              39.89095275284852
            ],
            [
              -120.84332936651292,
              39.890951428578
            ],
            [
              -120.84333138905876,
              39.89088692012663
            ],
            [
              -120.84340257090952,
              39.89088824439414
            ],
            [
              -120.84340054843032,
              39.89095275284852
            ]
          ]
        ]
      }
    },
    {
      "id": "234",
      "type": "Feature",
      "properties": {
        "id": null,
        "SOURCE_FILE": "/Users/maples/GitHub/mortalitree_testing/labels/luwajobi_mortalitree_postfire_labels.geojson",
        "SUNETID": "luwajobi",
        "FIRENAME": "NORTH COMPLEX",
        "FIRE_SLUG": "NORTH_COMPLEX",
        "PREFIRE": 0,
        "PREFIRE_STATUS": "postfire",
        "TILE_Z": 17,
        "TILE_X": 21538,
        "TILE_Y": 49672,
        "TILEXYZ": [
          17,
          21538,
          49672
        ],
        "OUTPUT_FILE": "/Users/maples/GitHub/mortalitree_testing/notebooks/single_tiles/postfire/17/21538/49672.geojson",
        "OUTPUT_STATUS_DIR": "postfire",
        "FEATURE_COUNT": 442
      },
      "geometry": {
        "type": "Polygon",
        "coordinates": [
          [
            [
              -120.84325812427231,
              39.89108564990521
            ],
            [
              -120.8432120652994,
              39.89108479297035
            ],
            [
              -120.8432136834322,
              39.89103318621448
            ],
            [
              -120.84325974237059,
              39.89103404314778
            ],
            [
              -120.84325812427231,
              39.89108564990521
            ]
          ]
        ]
      }
    },
    {
      "id": "235",
      "type": "Feature",
      "properties": {
        "id": null,
        "SOURCE_FILE": "/Users/maples/GitHub/mortalitree_testing/labels/luwajobi_mortalitree_postfire_labels.geojson",
        "SUNETID": "luwajobi",
        "FIRENAME": "NORTH COMPLEX",
        "FIRE_SLUG": "NORTH_COMPLEX",
        "PREFIRE": 0,
        "PREFIRE_STATUS": "postfire",
        "TILE_Z": 17,
        "TILE_X": 21538,
        "TILE_Y": 49672,
        "TILEXYZ": [
          17,
          21538,
          49672
        ],
        "OUTPUT_FILE": "/Users/maples/GitHub/mortalitree_testing/notebooks/single_tiles/postfire/17/21538/49672.geojson",
        "OUTPUT_STATUS_DIR": "postfire",
        "FEATURE_COUNT": 442
      },
      "geometry": {
        "type": "Polygon",
        "coordinates": [
          [
            [
              -120.84331193038285,
              39.891039855047126
            ],
            [
              -120.8432491227326,
              39.891038686525306
            ],
            [
              -120.84325104422868,
              39.890977403500685
            ],
            [
              -120.84331385182308,
              39.89097857201998
            ],
            [
              -120.84331193038285,
              39.891039855047126
            ]
          ]
        ]
      }
    },
    {
      "id": "236",
      "type": "Feature",
      "properties": {
        "id": null,
        "SOURCE_FILE": "/Users/maples/GitHub/mortalitree_testing/labels/luwajobi_mortalitree_postfire_labels.geojson",
        "SUNETID": "luwajobi",
        "FIRENAME": "NORTH COMPLEX",
        "FIRE_SLUG": "NORTH_COMPLEX",
        "PREFIRE": 0,
        "PREFIRE_STATUS": "postfire",
        "TILE_Z": 17,
        "TILE_X": 21538,
        "TILE_Y": 49672,
        "TILEXYZ": [
          17,
          21538,
          49672
        ],
        "OUTPUT_FILE": "/Users/maples/GitHub/mortalitree_testing/notebooks/single_tiles/postfire/17/21538/49672.geojson",
        "OUTPUT_STATUS_DIR": "postfire",
        "FEATURE_COUNT": 442
      },
      "geometry": {
        "type": "Polygon",
        "coordinates": [
          [
            [
              -120.84354895010563,
              39.89085324706001
            ],
            [
              -120.84346678039802,
              39.89085171847465
            ],
            [
              -120.84346926090588,
              39.89077259811562
            ],
            [
              -120.84355143051913,
              39.890774126696705
            ],
            [
              -120.84354895010563,
              39.89085324706001
            ]
          ]
        ]
      }
    },
    {
      "id": "237",
      "type": "Feature",
      "properties": {
        "id": null,
        "SOURCE_FILE": "/Users/maples/GitHub/mortalitree_testing/labels/luwajobi_mortalitree_postfire_labels.geojson",
        "SUNETID": "luwajobi",
        "FIRENAME": "NORTH COMPLEX",
        "FIRE_SLUG": "NORTH_COMPLEX",
        "PREFIRE": 0,
        "PREFIRE_STATUS": "postfire",
        "TILE_Z": 17,
        "TILE_X": 21538,
        "TILE_Y": 49672,
        "TILEXYZ": [
          17,
          21538,
          49672
        ],
        "OUTPUT_FILE": "/Users/maples/GitHub/mortalitree_testing/notebooks/single_tiles/postfire/17/21538/49672.geojson",
        "OUTPUT_STATUS_DIR": "postfire",
        "FEATURE_COUNT": 442
      },
      "geometry": {
        "type": "Polygon",
        "coordinates": [
          [
            [
              -120.84319377050382,
              39.891583054022725
            ],
            [
              -120.84312885323767,
              39.891581846181104
            ],
            [
              -120.84313053326872,
              39.891528268331314
            ],
            [
              -120.84319545048443,
              39.89152947617066
            ],
            [
              -120.84319377050382,
              39.891583054022725
            ]
          ]
        ]
      }
    },
    {
      "id": "238",
      "type": "Feature",
      "properties": {
        "id": null,
        "SOURCE_FILE": "/Users/maples/GitHub/mortalitree_testing/labels/luwajobi_mortalitree_postfire_labels.geojson",
        "SUNETID": "luwajobi",
        "FIRENAME": "NORTH COMPLEX",
        "FIRE_SLUG": "NORTH_COMPLEX",
        "PREFIRE": 0,
        "PREFIRE_STATUS": "postfire",
        "TILE_Z": 17,
        "TILE_X": 21538,
        "TILE_Y": 49672,
        "TILEXYZ": [
          17,
          21538,
          49672
        ],
        "OUTPUT_FILE": "/Users/maples/GitHub/mortalitree_testing/notebooks/single_tiles/postfire/17/21538/49672.geojson",
        "OUTPUT_STATUS_DIR": "postfire",
        "FEATURE_COUNT": 442
      },
      "geometry": {
        "type": "Polygon",
        "coordinates": [
          [
            [
              -120.84326888020628,
              39.89162912571559
            ],
            [
              -120.84319468899193,
              39.89162774536894
            ],
            [
              -120.84319648097315,
              39.89157059566046
            ],
            [
              -120.84327067212598,
              39.89157197600433
            ],
            [
              -120.84326888020628,
              39.89162912571559
            ]
          ]
        ]
      }
    },
    {
      "id": "239",
      "type": "Feature",
      "properties": {
        "id": null,
        "SOURCE_FILE": "/Users/maples/GitHub/mortalitree_testing/labels/luwajobi_mortalitree_postfire_labels.geojson",
        "SUNETID": "luwajobi",
        "FIRENAME": "NORTH COMPLEX",
        "FIRE_SLUG": "NORTH_COMPLEX",
        "PREFIRE": 0,
        "PREFIRE_STATUS": "postfire",
        "TILE_Z": 17,
        "TILE_X": 21538,
        "TILE_Y": 49672,
        "TILEXYZ": [
          17,
          21538,
          49672
        ],
        "OUTPUT_FILE": "/Users/maples/GitHub/mortalitree_testing/notebooks/single_tiles/postfire/17/21538/49672.geojson",
        "OUTPUT_STATUS_DIR": "postfire",
        "FEATURE_COUNT": 442
      },
      "geometry": {
        "type": "Polygon",
        "coordinates": [
          [
            [
              -120.84338230542086,
              39.891415012516674
            ],
            [
              -120.84333129911535,
              39.89141406358754
            ],
            [
              -120.84333320296027,
              39.89135334201457
            ],
            [
              -120.84338420922084,
              39.89135429094166
            ],
            [
              -120.84338230542086,
              39.891415012516674
            ]
          ]
        ]
      }
    },
    {
      "id": "240",
      "type": "Feature",
      "properties": {
        "id": null,
        "SOURCE_FILE": "/Users/maples/GitHub/mortalitree_testing/labels/luwajobi_mortalitree_postfire_labels.geojson",
        "SUNETID": "luwajobi",
        "FIRENAME": "NORTH COMPLEX",
        "FIRE_SLUG": "NORTH_COMPLEX",
        "PREFIRE": 0,
        "PREFIRE_STATUS": "postfire",
        "TILE_Z": 17,
        "TILE_X": 21538,
        "TILE_Y": 49672,
        "TILEXYZ": [
          17,
          21538,
          49672
        ],
        "OUTPUT_FILE": "/Users/maples/GitHub/mortalitree_testing/notebooks/single_tiles/postfire/17/21538/49672.geojson",
        "OUTPUT_STATUS_DIR": "postfire",
        "FEATURE_COUNT": 442
      },
      "geometry": {
        "type": "Polygon",
        "coordinates": [
          [
            [
              -120.84343865380242,
              39.89131956440273
            ],
            [
              -120.84337373677434,
              39.89131835670477
            ],
            [
              -120.84337541659907,
              39.891264778843905
            ],
            [
              -120.84344033357668,
              39.89126598653958
            ],
            [
              -120.84343865380242,
              39.89131956440273
            ]
          ]
        ]
      }
    },
    {
      "id": "241",
      "type": "Feature",
      "properties": {
        "id": null,
        "SOURCE_FILE": "/Users/maples/GitHub/mortalitree_testing/labels/luwajobi_mortalitree_postfire_labels.geojson",
        "SUNETID": "luwajobi",
        "FIRENAME": "NORTH COMPLEX",
        "FIRE_SLUG": "NORTH_COMPLEX",
        "PREFIRE": 0,
        "PREFIRE_STATUS": "postfire",
        "TILE_Z": 17,
        "TILE_X": 21538,
        "TILE_Y": 49672,
        "TILEXYZ": [
          17,
          21538,
          49672
        ],
        "OUTPUT_FILE": "/Users/maples/GitHub/mortalitree_testing/notebooks/single_tiles/postfire/17/21538/49672.geojson",
        "OUTPUT_STATUS_DIR": "postfire",
        "FEATURE_COUNT": 442
      },
      "geometry": {
        "type": "Polygon",
        "coordinates": [
          [
            [
              -120.84314910320717,
              39.89123197676805
            ],
            [
              -120.84309346012144,
              39.89123094146357
            ],
            [
              -120.84309491615441,
              39.891184507325384
            ],
            [
              -120.84315055920263,
              39.891185542628186
            ],
            [
              -120.84314910320717,
              39.89123197676805
            ]
          ]
        ]
      }
    },
    {
      "id": "242",
      "type": "Feature",
      "properties": {
        "id": null,
        "SOURCE_FILE": "/Users/maples/GitHub/mortalitree_testing/labels/luwajobi_mortalitree_postfire_labels.geojson",
        "SUNETID": "luwajobi",
        "FIRENAME": "NORTH COMPLEX",
        "FIRE_SLUG": "NORTH_COMPLEX",
        "PREFIRE": 0,
        "PREFIRE_STATUS": "postfire",
        "TILE_Z": 17,
        "TILE_X": 21538,
        "TILE_Y": 49672,
        "TILEXYZ": [
          17,
          21538,
          49672
        ],
        "OUTPUT_FILE": "/Users/maples/GitHub/mortalitree_testing/notebooks/single_tiles/postfire/17/21538/49672.geojson",
        "OUTPUT_STATUS_DIR": "postfire",
        "FEATURE_COUNT": 442
      },
      "geometry": {
        "type": "Polygon",
        "coordinates": [
          [
            [
              -120.84304231960239,
              39.89116029806674
            ],
            [
              -120.84299131349708,
              39.891159348993085
            ],
            [
              -120.84299276959528,
              39.891112914857466
            ],
            [
              -120.84304377566623,
              39.89111386392956
            ],
            [
              -120.84304231960239,
              39.89116029806674
            ]
          ]
        ]
      }
    },
    {
      "id": "243",
      "type": "Feature",
      "properties": {
        "id": null,
        "SOURCE_FILE": "/Users/maples/GitHub/mortalitree_testing/labels/luwajobi_mortalitree_postfire_labels.geojson",
        "SUNETID": "luwajobi",
        "FIRENAME": "NORTH COMPLEX",
        "FIRE_SLUG": "NORTH_COMPLEX",
        "PREFIRE": 0,
        "PREFIRE_STATUS": "postfire",
        "TILE_Z": 17,
        "TILE_X": 21538,
        "TILE_Y": 49672,
        "TILEXYZ": [
          17,
          21538,
          49672
        ],
        "OUTPUT_FILE": "/Users/maples/GitHub/mortalitree_testing/notebooks/single_tiles/postfire/17/21538/49672.geojson",
        "OUTPUT_STATUS_DIR": "postfire",
        "FEATURE_COUNT": 442
      },
      "geometry": {
        "type": "Polygon",
        "coordinates": [
          [
            [
              -120.84309276569788,
              39.891179106401985
            ],
            [
              -120.84304175957693,
              39.891178157350154
            ],
            [
              -120.84304321564207,
              39.89113172321314
            ],
            [
              -120.84309422172866,
              39.89113267226342
            ],
            [
              -120.84309276569788,
              39.891179106401985
            ]
          ]
        ]
      }
    },
    {
      "id": "244",
      "type": "Feature",
      "properties": {
        "id": null,
        "SOURCE_FILE": "/Users/maples/GitHub/mortalitree_testing/labels/luwajobi_mortalitree_postfire_labels.geojson",
        "SUNETID": "luwajobi",
        "FIRENAME": "NORTH COMPLEX",
        "FIRE_SLUG": "NORTH_COMPLEX",
        "PREFIRE": 0,
        "PREFIRE_STATUS": "postfire",
        "TILE_Z": 17,
        "TILE_X": 21538,
        "TILE_Y": 49672,
        "TILEXYZ": [
          17,
          21538,
          49672
        ],
        "OUTPUT_FILE": "/Users/maples/GitHub/mortalitree_testing/notebooks/single_tiles/postfire/17/21538/49672.geojson",
        "OUTPUT_STATUS_DIR": "postfire",
        "FEATURE_COUNT": 442
      },
      "geometry": {
        "type": "Polygon",
        "coordinates": [
          [
            [
              -120.84310958849797,
              39.891086496952006
            ],
            [
              -120.84306785627273,
              39.891085720464254
            ],
            [
              -120.84306908830914,
              39.89104643003935
            ],
            [
              -120.84311082051059,
              39.891047206526025
            ],
            [
              -120.84310958849797,
              39.891086496952006
            ]
          ]
        ]
      }
    },
    {
      "id": "245",
      "type": "Feature",
      "properties": {
        "id": null,
        "SOURCE_FILE": "/Users/maples/GitHub/mortalitree_testing/labels/luwajobi_mortalitree_postfire_labels.geojson",
        "SUNETID": "luwajobi",
        "FIRENAME": "NORTH COMPLEX",
        "FIRE_SLUG": "NORTH_COMPLEX",
        "PREFIRE": 0,
        "PREFIRE_STATUS": "postfire",
        "TILE_Z": 17,
        "TILE_X": 21538,
        "TILE_Y": 49672,
        "TILEXYZ": [
          17,
          21538,
          49672
        ],
        "OUTPUT_FILE": "/Users/maples/GitHub/mortalitree_testing/notebooks/single_tiles/postfire/17/21538/49672.geojson",
        "OUTPUT_STATUS_DIR": "postfire",
        "FEATURE_COUNT": 442
      },
      "geometry": {
        "type": "Polygon",
        "coordinates": [
          [
            [
              -120.84309648418613,
              39.89113450132995
            ],
            [
              -120.84305475193213,
              39.89113372483672
            ],
            [
              -120.84305609598215,
              39.89109086255571
            ],
            [
              -120.84309782821022,
              39.891091639047765
            ],
            [
              -120.84309648418613,
              39.89113450132995
            ]
          ]
        ]
      }
    },
    {
      "id": "246",
      "type": "Feature",
      "properties": {
        "id": null,
        "SOURCE_FILE": "/Users/maples/GitHub/mortalitree_testing/labels/luwajobi_mortalitree_postfire_labels.geojson",
        "SUNETID": "luwajobi",
        "FIRENAME": "NORTH COMPLEX",
        "FIRE_SLUG": "NORTH_COMPLEX",
        "PREFIRE": 0,
        "PREFIRE_STATUS": "postfire",
        "TILE_Z": 17,
        "TILE_X": 21538,
        "TILE_Y": 49672,
        "TILEXYZ": [
          17,
          21538,
          49672
        ],
        "OUTPUT_FILE": "/Users/maples/GitHub/mortalitree_testing/notebooks/single_tiles/postfire/17/21538/49672.geojson",
        "OUTPUT_STATUS_DIR": "postfire",
        "FEATURE_COUNT": 442
      },
      "geometry": {
        "type": "Polygon",
        "coordinates": [
          [
            [
              -120.84316014655865,
              39.89110173340026
            ],
            [
              -120.8431091404928,
              39.891100784379574
            ],
            [
              -120.84311048450738,
              39.89105792209678
            ],
            [
              -120.84316149054152,
              39.891058871116016
            ],
            [
              -120.84316014655865,
              39.89110173340026
            ]
          ]
        ]
      }
    },
    {
      "id": "247",
      "type": "Feature",
      "properties": {
        "id": null,
        "SOURCE_FILE": "/Users/maples/GitHub/mortalitree_testing/labels/luwajobi_mortalitree_postfire_labels.geojson",
        "SUNETID": "luwajobi",
        "FIRENAME": "NORTH COMPLEX",
        "FIRE_SLUG": "NORTH_COMPLEX",
        "PREFIRE": 0,
        "PREFIRE_STATUS": "postfire",
        "TILE_Z": 17,
        "TILE_X": 21538,
        "TILE_Y": 49672,
        "TILEXYZ": [
          17,
          21538,
          49672
        ],
        "OUTPUT_FILE": "/Users/maples/GitHub/mortalitree_testing/notebooks/single_tiles/postfire/17/21538/49672.geojson",
        "OUTPUT_STATUS_DIR": "postfire",
        "FEATURE_COUNT": 442
      },
      "geometry": {
        "type": "Polygon",
        "coordinates": [
          [
            [
              -120.84321908250953,
              39.89114571722682
            ],
            [
              -120.8431588025729,
              39.89114459568412
            ],
            [
              -120.84316048255464,
              39.891091017829226
            ],
            [
              -120.84322076244442,
              39.8910921393698
            ],
            [
              -120.84321908250953,
              39.89114571722682
            ]
          ]
        ]
      }
    },
    {
      "id": "248",
      "type": "Feature",
      "properties": {
        "id": null,
        "SOURCE_FILE": "/Users/maples/GitHub/mortalitree_testing/labels/luwajobi_mortalitree_postfire_labels.geojson",
        "SUNETID": "luwajobi",
        "FIRENAME": "NORTH COMPLEX",
        "FIRE_SLUG": "NORTH_COMPLEX",
        "PREFIRE": 0,
        "PREFIRE_STATUS": "postfire",
        "TILE_Z": 17,
        "TILE_X": 21538,
        "TILE_Y": 49672,
        "TILEXYZ": [
          17,
          21538,
          49672
        ],
        "OUTPUT_FILE": "/Users/maples/GitHub/mortalitree_testing/notebooks/single_tiles/postfire/17/21538/49672.geojson",
        "OUTPUT_STATUS_DIR": "postfire",
        "FEATURE_COUNT": 442
      },
      "geometry": {
        "type": "Polygon",
        "coordinates": [
          [
            [
              -120.84326726618315,
              39.89116269642287
            ],
            [
              -120.84322089698792,
              39.89116183371945
            ],
            [
              -120.84322212894025,
              39.89112254329109
            ],
            [
              -120.84326849810907,
              39.891123405993305
            ],
            [
              -120.84326726618315,
              39.89116269642287
            ]
          ]
        ]
      }
    },
    {
      "id": "249",
      "type": "Feature",
      "properties": {
        "id": null,
        "SOURCE_FILE": "/Users/maples/GitHub/mortalitree_testing/labels/luwajobi_mortalitree_postfire_labels.geojson",
        "SUNETID": "luwajobi",
        "FIRENAME": "NORTH COMPLEX",
        "FIRE_SLUG": "NORTH_COMPLEX",
        "PREFIRE": 0,
        "PREFIRE_STATUS": "postfire",
        "TILE_Z": 17,
        "TILE_X": 21538,
        "TILE_Y": 49672,
        "TILEXYZ": [
          17,
          21538,
          49672
        ],
        "OUTPUT_FILE": "/Users/maples/GitHub/mortalitree_testing/notebooks/single_tiles/postfire/17/21538/49672.geojson",
        "OUTPUT_STATUS_DIR": "postfire",
        "FEATURE_COUNT": 442
      },
      "geometry": {
        "type": "Polygon",
        "coordinates": [
          [
            [
              -120.84326386119209,
              39.891123319723924
            ],
            [
              -120.84322676585705,
              39.89112262956215
            ],
            [
              -120.84322777381409,
              39.89109048284773
            ],
            [
              -120.84326486913183,
              39.89109117300872
            ],
            [
              -120.84326386119209,
              39.891123319723924
            ]
          ]
        ]
      }
    },
    {
      "id": "250",
      "type": "Feature",
      "properties": {
        "id": null,
        "SOURCE_FILE": "/Users/maples/GitHub/mortalitree_testing/labels/luwajobi_mortalitree_postfire_labels.geojson",
        "SUNETID": "luwajobi",
        "FIRENAME": "NORTH COMPLEX",
        "FIRE_SLUG": "NORTH_COMPLEX",
        "PREFIRE": 0,
        "PREFIRE_STATUS": "postfire",
        "TILE_Z": 17,
        "TILE_X": 21538,
        "TILE_Y": 49672,
        "TILEXYZ": [
          17,
          21538,
          49672
        ],
        "OUTPUT_FILE": "/Users/maples/GitHub/mortalitree_testing/notebooks/single_tiles/postfire/17/21538/49672.geojson",
        "OUTPUT_STATUS_DIR": "postfire",
        "FEATURE_COUNT": 442
      },
      "geometry": {
        "type": "Polygon",
        "coordinates": [
          [
            [
              -120.84318734108392,
              39.891270214590854
            ],
            [
              -120.84313633489228,
              39.89126926557883
            ],
            [
              -120.8431377908983,
              39.89122283143963
            ],
            [
              -120.84318879705557,
              39.89122378045011
            ],
            [
              -120.84318734108392,
              39.891270214590854
            ]
          ]
        ]
      }
    },
    {
      "id": "251",
      "type": "Feature",
      "properties": {
        "id": null,
        "SOURCE_FILE": "/Users/maples/GitHub/mortalitree_testing/labels/luwajobi_mortalitree_postfire_labels.geojson",
        "SUNETID": "luwajobi",
        "FIRENAME": "NORTH COMPLEX",
        "FIRE_SLUG": "NORTH_COMPLEX",
        "PREFIRE": 0,
        "PREFIRE_STATUS": "postfire",
        "TILE_Z": 17,
        "TILE_X": 21538,
        "TILE_Y": 49672,
        "TILEXYZ": [
          17,
          21538,
          49672
        ],
        "OUTPUT_FILE": "/Users/maples/GitHub/mortalitree_testing/notebooks/single_tiles/postfire/17/21538/49672.geojson",
        "OUTPUT_STATUS_DIR": "postfire",
        "FEATURE_COUNT": 442
      },
      "geometry": {
        "type": "Polygon",
        "coordinates": [
          [
            [
              -120.8431879235785,
              39.89132562150995
            ],
            [
              -120.84314155427592,
              39.8913247587719
            ],
            [
              -120.84314289828097,
              39.89128189648987
            ],
            [
              -120.84318926755472,
              39.89128275922661
            ],
            [
              -120.8431879235785,
              39.89132562150995
            ]
          ]
        ]
      }
    },
    {
      "id": "252",
      "type": "Feature",
      "properties": {
        "id": null,
        "SOURCE_FILE": "/Users/maples/GitHub/mortalitree_testing/labels/luwajobi_mortalitree_postfire_labels.geojson",
        "SUNETID": "luwajobi",
        "FIRENAME": "NORTH COMPLEX",
        "FIRE_SLUG": "NORTH_COMPLEX",
        "PREFIRE": 0,
        "PREFIRE_STATUS": "postfire",
        "TILE_Z": 17,
        "TILE_X": 21538,
        "TILE_Y": 49672,
        "TILEXYZ": [
          17,
          21538,
          49672
        ],
        "OUTPUT_FILE": "/Users/maples/GitHub/mortalitree_testing/notebooks/single_tiles/postfire/17/21538/49672.geojson",
        "OUTPUT_STATUS_DIR": "postfire",
        "FEATURE_COUNT": 442
      },
      "geometry": {
        "type": "Polygon",
        "coordinates": [
          [
            [
              -120.84317437127166,
              39.89138791332261
            ],
            [
              -120.84311409112466,
              39.89138679175105
            ],
            [
              -120.84311565915368,
              39.89133678575674
            ],
            [
              -120.84317593925695,
              39.89133790732632
            ],
            [
              -120.84317437127166,
              39.89138791332261
            ]
          ]
        ]
      }
    },
    {
      "id": "253",
      "type": "Feature",
      "properties": {
        "id": null,
        "SOURCE_FILE": "/Users/maples/GitHub/mortalitree_testing/labels/luwajobi_mortalitree_postfire_labels.geojson",
        "SUNETID": "luwajobi",
        "FIRENAME": "NORTH COMPLEX",
        "FIRE_SLUG": "NORTH_COMPLEX",
        "PREFIRE": 0,
        "PREFIRE_STATUS": "postfire",
        "TILE_Z": 17,
        "TILE_X": 21538,
        "TILE_Y": 49672,
        "TILEXYZ": [
          17,
          21538,
          49672
        ],
        "OUTPUT_FILE": "/Users/maples/GitHub/mortalitree_testing/notebooks/single_tiles/postfire/17/21538/49672.geojson",
        "OUTPUT_STATUS_DIR": "postfire",
        "FEATURE_COUNT": 442
      },
      "geometry": {
        "type": "Polygon",
        "coordinates": [
          [
            [
              -120.8422803568756,
              39.891382282558205
            ],
            [
              -120.84221367218444,
              39.89138104130722
            ],
            [
              -120.84221541786462,
              39.89132539307569
            ],
            [
              -120.84228210250195,
              39.89132663432425
            ],
            [
              -120.8422803568756,
              39.891382282558205
            ]
          ]
        ]
      }
    },
    {
      "id": "254",
      "type": "Feature",
      "properties": {
        "id": null,
        "SOURCE_FILE": "/Users/maples/GitHub/mortalitree_testing/labels/luwajobi_mortalitree_postfire_labels.geojson",
        "SUNETID": "luwajobi",
        "FIRENAME": "NORTH COMPLEX",
        "FIRE_SLUG": "NORTH_COMPLEX",
        "PREFIRE": 0,
        "PREFIRE_STATUS": "postfire",
        "TILE_Z": 17,
        "TILE_X": 21538,
        "TILE_Y": 49672,
        "TILEXYZ": [
          17,
          21538,
          49672
        ],
        "OUTPUT_FILE": "/Users/maples/GitHub/mortalitree_testing/notebooks/single_tiles/postfire/17/21538/49672.geojson",
        "OUTPUT_STATUS_DIR": "postfire",
        "FEATURE_COUNT": 442
      },
      "geometry": {
        "type": "Polygon",
        "coordinates": [
          [
            [
              -120.84224791312101,
              39.891441642521734
            ],
            [
              -120.84217567131165,
              39.891440297809574
            ],
            [
              -120.84217768559728,
              39.891376088313876
            ],
            [
              -120.84224992733934,
              39.891377433022996
            ],
            [
              -120.84224791312101,
              39.891441642521734
            ]
          ]
        ]
      }
    },
    {
      "id": "255",
      "type": "Feature",
      "properties": {
        "id": null,
        "SOURCE_FILE": "/Users/maples/GitHub/mortalitree_testing/labels/luwajobi_mortalitree_postfire_labels.geojson",
        "SUNETID": "luwajobi",
        "FIRENAME": "NORTH COMPLEX",
        "FIRE_SLUG": "NORTH_COMPLEX",
        "PREFIRE": 0,
        "PREFIRE_STATUS": "postfire",
        "TILE_Z": 17,
        "TILE_X": 21538,
        "TILE_Y": 49672,
        "TILEXYZ": [
          17,
          21538,
          49672
        ],
        "OUTPUT_FILE": "/Users/maples/GitHub/mortalitree_testing/notebooks/single_tiles/postfire/17/21538/49672.geojson",
        "OUTPUT_STATUS_DIR": "postfire",
        "FEATURE_COUNT": 442
      },
      "geometry": {
        "type": "Polygon",
        "coordinates": [
          [
            [
              -120.84237789986614,
              39.891463336084584
            ],
            [
              -120.84231121509212,
              39.8914620948876
            ],
            [
              -120.84231296069846,
              39.89140644665328
            ],
            [
              -120.84237964541862,
              39.89140768784783
            ],
            [
              -120.84237789986614,
              39.891463336084584
            ]
          ]
        ]
      }
    },
    {
      "id": "256",
      "type": "Feature",
      "properties": {
        "id": null,
        "SOURCE_FILE": "/Users/maples/GitHub/mortalitree_testing/labels/luwajobi_mortalitree_postfire_labels.geojson",
        "SUNETID": "luwajobi",
        "FIRENAME": "NORTH COMPLEX",
        "FIRE_SLUG": "NORTH_COMPLEX",
        "PREFIRE": 0,
        "PREFIRE_STATUS": "postfire",
        "TILE_Z": 17,
        "TILE_X": 21538,
        "TILE_Y": 49672,
        "TILEXYZ": [
          17,
          21538,
          49672
        ],
        "OUTPUT_FILE": "/Users/maples/GitHub/mortalitree_testing/notebooks/single_tiles/postfire/17/21538/49672.geojson",
        "OUTPUT_STATUS_DIR": "postfire",
        "FEATURE_COUNT": 442
      },
      "geometry": {
        "type": "Polygon",
        "coordinates": [
          [
            [
              -120.84232914649608,
              39.89159948889274
            ],
            [
              -120.84227357574262,
              39.891598454538304
            ],
            [
              -120.84227518710757,
              39.89154708693988
            ],
            [
              -120.84233075781964,
              39.89154812129245
            ],
            [
              -120.84232914649608,
              39.89159948889274
            ]
          ]
        ]
      }
    },
    {
      "id": "257",
      "type": "Feature",
      "properties": {
        "id": null,
        "SOURCE_FILE": "/Users/maples/GitHub/mortalitree_testing/labels/luwajobi_mortalitree_postfire_labels.geojson",
        "SUNETID": "luwajobi",
        "FIRENAME": "NORTH COMPLEX",
        "FIRE_SLUG": "NORTH_COMPLEX",
        "PREFIRE": 0,
        "PREFIRE_STATUS": "postfire",
        "TILE_Z": 17,
        "TILE_X": 21538,
        "TILE_Y": 49672,
        "TILEXYZ": [
          17,
          21538,
          49672
        ],
        "OUTPUT_FILE": "/Users/maples/GitHub/mortalitree_testing/notebooks/single_tiles/postfire/17/21538/49672.geojson",
        "OUTPUT_STATUS_DIR": "postfire",
        "FEATURE_COUNT": 442
      },
      "geometry": {
        "type": "Polygon",
        "coordinates": [
          [
            [
              -120.84199696321467,
              39.89119925727347
            ],
            [
              -120.84194139279657,
              39.89119822276844
            ],
            [
              -120.84194313868564,
              39.89114257454515
            ],
            [
              -120.84199870905887,
              39.89114360904814
            ],
            [
              -120.84199696321467,
              39.89119925727347
            ]
          ]
        ]
      }
    },
    {
      "id": "258",
      "type": "Feature",
      "properties": {
        "id": null,
        "SOURCE_FILE": "/Users/maples/GitHub/mortalitree_testing/labels/luwajobi_mortalitree_postfire_labels.geojson",
        "SUNETID": "luwajobi",
        "FIRENAME": "NORTH COMPLEX",
        "FIRE_SLUG": "NORTH_COMPLEX",
        "PREFIRE": 0,
        "PREFIRE_STATUS": "postfire",
        "TILE_Z": 17,
        "TILE_X": 21538,
        "TILE_Y": 49672,
        "TILEXYZ": [
          17,
          21538,
          49672
        ],
        "OUTPUT_FILE": "/Users/maples/GitHub/mortalitree_testing/notebooks/single_tiles/postfire/17/21538/49672.geojson",
        "OUTPUT_STATUS_DIR": "postfire",
        "FEATURE_COUNT": 442
      },
      "geometry": {
        "type": "Polygon",
        "coordinates": [
          [
            [
              -120.84244565879787,
              39.89143033217306
            ],
            [
              -120.84239564523874,
              39.89142940130876
            ],
            [
              -120.84239698795918,
              39.8913865949721
            ],
            [
              -120.84244700148727,
              39.89138752583498
            ],
            [
              -120.84244565879787,
              39.89143033217306
            ]
          ]
        ]
      }
    },
    {
      "id": "259",
      "type": "Feature",
      "properties": {
        "id": null,
        "SOURCE_FILE": "/Users/maples/GitHub/mortalitree_testing/labels/luwajobi_mortalitree_postfire_labels.geojson",
        "SUNETID": "luwajobi",
        "FIRENAME": "NORTH COMPLEX",
        "FIRE_SLUG": "NORTH_COMPLEX",
        "PREFIRE": 0,
        "PREFIRE_STATUS": "postfire",
        "TILE_Z": 17,
        "TILE_X": 21538,
        "TILE_Y": 49672,
        "TILEXYZ": [
          17,
          21538,
          49672
        ],
        "OUTPUT_FILE": "/Users/maples/GitHub/mortalitree_testing/notebooks/single_tiles/postfire/17/21538/49672.geojson",
        "OUTPUT_STATUS_DIR": "postfire",
        "FEATURE_COUNT": 442
      },
      "geometry": {
        "type": "Polygon",
        "coordinates": [
          [
            [
              -120.84280548663345,
              39.8911265015894
            ],
            [
              -120.84275547328328,
              39.89112557088614
            ],
            [
              -120.84275708426155,
              39.8910742032672
            ],
            [
              -120.84280709757448,
              39.891075133968776
            ],
            [
              -120.84280548663345,
              39.8911265015894
            ]
          ]
        ]
      }
    },
    {
      "id": "260",
      "type": "Feature",
      "properties": {
        "id": null,
        "SOURCE_FILE": "/Users/maples/GitHub/mortalitree_testing/labels/luwajobi_mortalitree_postfire_labels.geojson",
        "SUNETID": "luwajobi",
        "FIRENAME": "NORTH COMPLEX",
        "FIRE_SLUG": "NORTH_COMPLEX",
        "PREFIRE": 0,
        "PREFIRE_STATUS": "postfire",
        "TILE_Z": 17,
        "TILE_X": 21538,
        "TILE_Y": 49672,
        "TILEXYZ": [
          17,
          21538,
          49672
        ],
        "OUTPUT_FILE": "/Users/maples/GitHub/mortalitree_testing/notebooks/single_tiles/postfire/17/21538/49672.geojson",
        "OUTPUT_STATUS_DIR": "postfire",
        "FEATURE_COUNT": 442
      },
      "geometry": {
        "type": "Polygon",
        "coordinates": [
          [
            [
              -120.84282948648085,
              39.89115907169609
            ],
            [
              -120.84277391606471,
              39.891158037590806
            ],
            [
              -120.84277539278405,
              39.891110950606524
            ],
            [
              -120.84283096316221,
              39.89111198471007
            ],
            [
              -120.84282948648085,
              39.89115907169609
            ]
          ]
        ]
      }
    },
    {
      "id": "261",
      "type": "Feature",
      "properties": {
        "id": null,
        "SOURCE_FILE": "/Users/maples/GitHub/mortalitree_testing/labels/luwajobi_mortalitree_postfire_labels.geojson",
        "SUNETID": "luwajobi",
        "FIRENAME": "NORTH COMPLEX",
        "FIRE_SLUG": "NORTH_COMPLEX",
        "PREFIRE": 0,
        "PREFIRE_STATUS": "postfire",
        "TILE_Z": 17,
        "TILE_X": 21538,
        "TILE_Y": 49672,
        "TILEXYZ": [
          17,
          21538,
          49672
        ],
        "OUTPUT_FILE": "/Users/maples/GitHub/mortalitree_testing/notebooks/single_tiles/postfire/17/21538/49672.geojson",
        "OUTPUT_STATUS_DIR": "postfire",
        "FEATURE_COUNT": 442
      },
      "geometry": {
        "type": "Polygon",
        "coordinates": [
          [
            [
              -120.84248367442522,
              39.89119332583844
            ],
            [
              -120.8424003187796,
              39.8911917744209
            ],
            [
              -120.84240233283789,
              39.891127564912914
            ],
            [
              -120.84248568840586,
              39.89112911632693
            ],
            [
              -120.84248367442522,
              39.89119332583844
            ]
          ]
        ]
      }
    },
    {
      "id": "262",
      "type": "Feature",
      "properties": {
        "id": null,
        "SOURCE_FILE": "/Users/maples/GitHub/mortalitree_testing/labels/luwajobi_mortalitree_postfire_labels.geojson",
        "SUNETID": "luwajobi",
        "FIRENAME": "NORTH COMPLEX",
        "FIRE_SLUG": "NORTH_COMPLEX",
        "PREFIRE": 0,
        "PREFIRE_STATUS": "postfire",
        "TILE_Z": 17,
        "TILE_X": 21538,
        "TILE_Y": 49672,
        "TILEXYZ": [
          17,
          21538,
          49672
        ],
        "OUTPUT_FILE": "/Users/maples/GitHub/mortalitree_testing/notebooks/single_tiles/postfire/17/21538/49672.geojson",
        "OUTPUT_STATUS_DIR": "postfire",
        "FEATURE_COUNT": 442
      },
      "geometry": {
        "type": "Polygon",
        "coordinates": [
          [
            [
              -120.84292708310572,
              39.891415734221006
            ],
            [
              -120.84285484129121,
              39.89141438993263
            ],
            [
              -120.842856586455,
              39.8913587416779
            ],
            [
              -120.84292882821119,
              39.891360085963655
            ],
            [
              -120.84292708310572,
              39.891415734221006
            ]
          ]
        ]
      }
    },
    {
      "id": "263",
      "type": "Feature",
      "properties": {
        "id": null,
        "SOURCE_FILE": "/Users/maples/GitHub/mortalitree_testing/labels/luwajobi_mortalitree_postfire_labels.geojson",
        "SUNETID": "luwajobi",
        "FIRENAME": "NORTH COMPLEX",
        "FIRE_SLUG": "NORTH_COMPLEX",
        "PREFIRE": 0,
        "PREFIRE_STATUS": "postfire",
        "TILE_Z": 17,
        "TILE_X": 21538,
        "TILE_Y": 49672,
        "TILEXYZ": [
          17,
          21538,
          49672
        ],
        "OUTPUT_FILE": "/Users/maples/GitHub/mortalitree_testing/notebooks/single_tiles/postfire/17/21538/49672.geojson",
        "OUTPUT_STATUS_DIR": "postfire",
        "FEATURE_COUNT": 442
      },
      "geometry": {
        "type": "Polygon",
        "coordinates": [
          [
            [
              -120.84292727790631,
              39.89081532665179
            ],
            [
              -120.8428637003093,
              39.89081414359557
            ],
            [
              -120.84286500414498,
              39.890772566959534
            ],
            [
              -120.84292861880293,
              39.890772566959534
            ],
            [
              -120.84292727790631,
              39.89081532665179
            ]
          ]
        ]
      }
    },
    {
      "id": "264",
      "type": "Feature",
      "properties": {
        "id": null,
        "SOURCE_FILE": "/Users/maples/GitHub/mortalitree_testing/labels/luwajobi_mortalitree_postfire_labels.geojson",
        "SUNETID": "luwajobi",
        "FIRENAME": "NORTH COMPLEX",
        "FIRE_SLUG": "NORTH_COMPLEX",
        "PREFIRE": 0,
        "PREFIRE_STATUS": "postfire",
        "TILE_Z": 17,
        "TILE_X": 21538,
        "TILE_Y": 49672,
        "TILEXYZ": [
          17,
          21538,
          49672
        ],
        "OUTPUT_FILE": "/Users/maples/GitHub/mortalitree_testing/notebooks/single_tiles/postfire/17/21538/49672.geojson",
        "OUTPUT_STATUS_DIR": "postfire",
        "FEATURE_COUNT": 442
      },
      "geometry": {
        "type": "Polygon",
        "coordinates": [
          [
            [
              -120.84303052752121,
              39.89081928965219
            ],
            [
              -120.84297224804982,
              39.8908182052371
            ],
            [
              -120.84297352784823,
              39.89077739307239
            ],
            [
              -120.8430318072851,
              39.89077847748594
            ],
            [
              -120.84303052752121,
              39.89081928965219
            ]
          ]
        ]
      }
    },
    {
      "id": "265",
      "type": "Feature",
      "properties": {
        "id": null,
        "SOURCE_FILE": "/Users/maples/GitHub/mortalitree_testing/labels/luwajobi_mortalitree_postfire_labels.geojson",
        "SUNETID": "luwajobi",
        "FIRENAME": "NORTH COMPLEX",
        "FIRE_SLUG": "NORTH_COMPLEX",
        "PREFIRE": 0,
        "PREFIRE_STATUS": "postfire",
        "TILE_Z": 17,
        "TILE_X": 21538,
        "TILE_Y": 49672,
        "TILEXYZ": [
          17,
          21538,
          49672
        ],
        "OUTPUT_FILE": "/Users/maples/GitHub/mortalitree_testing/notebooks/single_tiles/postfire/17/21538/49672.geojson",
        "OUTPUT_STATUS_DIR": "postfire",
        "FEATURE_COUNT": 442
      },
      "geometry": {
        "type": "Polygon",
        "coordinates": [
          [
            [
              -120.8427884890233,
              39.891014882099185
            ],
            [
              -120.84272491124777,
              39.89101369896198
            ],
            [
              -120.84272670318252,
              39.89095656194252
            ],
            [
              -120.84279028090539,
              39.89095774507735
            ],
            [
              -120.8427884890233,
              39.891014882099185
            ]
          ]
        ]
      }
    },
    {
      "id": "266",
      "type": "Feature",
      "properties": {
        "id": null,
        "SOURCE_FILE": "/Users/maples/GitHub/mortalitree_testing/labels/luwajobi_mortalitree_postfire_labels.geojson",
        "SUNETID": "luwajobi",
        "FIRENAME": "NORTH COMPLEX",
        "FIRE_SLUG": "NORTH_COMPLEX",
        "PREFIRE": 0,
        "PREFIRE_STATUS": "postfire",
        "TILE_Z": 17,
        "TILE_X": 21538,
        "TILE_Y": 49672,
        "TILEXYZ": [
          17,
          21538,
          49672
        ],
        "OUTPUT_FILE": "/Users/maples/GitHub/mortalitree_testing/notebooks/single_tiles/postfire/17/21538/49672.geojson",
        "OUTPUT_STATUS_DIR": "postfire",
        "FEATURE_COUNT": 442
      },
      "geometry": {
        "type": "Polygon",
        "coordinates": [
          [
            [
              -120.84285637971654,
              39.89096305868846
            ],
            [
              -120.84277690755395,
              39.89096157980963
            ],
            [
              -120.84277869944228,
              39.89090444278769
            ],
            [
              -120.84285817153896,
              39.89090592166355
            ],
            [
              -120.84285637971654,
              39.89096305868846
            ]
          ]
        ]
      }
    },
    {
      "id": "267",
      "type": "Feature",
      "properties": {
        "id": null,
        "SOURCE_FILE": "/Users/maples/GitHub/mortalitree_testing/labels/luwajobi_mortalitree_postfire_labels.geojson",
        "SUNETID": "luwajobi",
        "FIRENAME": "NORTH COMPLEX",
        "FIRE_SLUG": "NORTH_COMPLEX",
        "PREFIRE": 0,
        "PREFIRE_STATUS": "postfire",
        "TILE_Z": 17,
        "TILE_X": 21538,
        "TILE_Y": 49672,
        "TILEXYZ": [
          17,
          21538,
          49672
        ],
        "OUTPUT_FILE": "/Users/maples/GitHub/mortalitree_testing/notebooks/single_tiles/postfire/17/21538/49672.geojson",
        "OUTPUT_STATUS_DIR": "postfire",
        "FEATURE_COUNT": 442
      },
      "geometry": {
        "type": "Polygon",
        "coordinates": [
          [
            [
              -120.84279149682244,
              39.890918973526446
            ],
            [
              -120.8427438135568,
              39.890918086179795
            ],
            [
              -120.84274509349518,
              39.89087727402195
            ],
            [
              -120.84279277673261,
              39.89087816136731
            ],
            [
              -120.84279149682244,
              39.890918973526446
            ]
          ]
        ]
      }
    },
    {
      "id": "268",
      "type": "Feature",
      "properties": {
        "id": null,
        "SOURCE_FILE": "/Users/maples/GitHub/mortalitree_testing/labels/luwajobi_mortalitree_postfire_labels.geojson",
        "SUNETID": "luwajobi",
        "FIRENAME": "NORTH COMPLEX",
        "FIRE_SLUG": "NORTH_COMPLEX",
        "PREFIRE": 0,
        "PREFIRE_STATUS": "postfire",
        "TILE_Z": 17,
        "TILE_X": 21538,
        "TILE_Y": 49672,
        "TILEXYZ": [
          17,
          21538,
          49672
        ],
        "OUTPUT_FILE": "/Users/maples/GitHub/mortalitree_testing/notebooks/single_tiles/postfire/17/21538/49672.geojson",
        "OUTPUT_STATUS_DIR": "postfire",
        "FEATURE_COUNT": 442
      },
      "geometry": {
        "type": "Polygon",
        "coordinates": [
          [
            [
              -120.84274511869057,
              39.89096098824285
            ],
            [
              -120.84268683911014,
              39.89095990368116
            ],
            [
              -120.84268824708147,
              39.89091501030949
            ],
            [
              -120.84274652662396,
              39.89091609486947
            ],
            [
              -120.84274511869057,
              39.89096098824285
            ]
          ]
        ]
      }
    },
    {
      "id": "269",
      "type": "Feature",
      "properties": {
        "id": null,
        "SOURCE_FILE": "/Users/maples/GitHub/mortalitree_testing/labels/luwajobi_mortalitree_postfire_labels.geojson",
        "SUNETID": "luwajobi",
        "FIRENAME": "NORTH COMPLEX",
        "FIRE_SLUG": "NORTH_COMPLEX",
        "PREFIRE": 0,
        "PREFIRE_STATUS": "postfire",
        "TILE_Z": 17,
        "TILE_X": 21538,
        "TILE_Y": 49672,
        "TILEXYZ": [
          17,
          21538,
          49672
        ],
        "OUTPUT_FILE": "/Users/maples/GitHub/mortalitree_testing/notebooks/single_tiles/postfire/17/21538/49672.geojson",
        "OUTPUT_STATUS_DIR": "postfire",
        "FEATURE_COUNT": 442
      },
      "geometry": {
        "type": "Polygon",
        "coordinates": [
          [
            [
              -120.84313431470666,
              39.89089064192779
            ],
            [
              -120.8430707370314,
              39.89088945898321
            ],
            [
              -120.84307240069707,
              39.89083640316622
            ],
            [
              -120.8431359783234,
              39.89083758610859
            ],
            [
              -120.84313431470666,
              39.89089064192779
            ]
          ]
        ]
      }
    },
    {
      "id": "270",
      "type": "Feature",
      "properties": {
        "id": null,
        "SOURCE_FILE": "/Users/maples/GitHub/mortalitree_testing/labels/luwajobi_mortalitree_postfire_labels.geojson",
        "SUNETID": "luwajobi",
        "FIRENAME": "NORTH COMPLEX",
        "FIRE_SLUG": "NORTH_COMPLEX",
        "PREFIRE": 0,
        "PREFIRE_STATUS": "postfire",
        "TILE_Z": 17,
        "TILE_X": 21538,
        "TILE_Y": 49672,
        "TILEXYZ": [
          17,
          21538,
          49672
        ],
        "OUTPUT_FILE": "/Users/maples/GitHub/mortalitree_testing/notebooks/single_tiles/postfire/17/21538/49672.geojson",
        "OUTPUT_STATUS_DIR": "postfire",
        "FEATURE_COUNT": 442
      },
      "geometry": {
        "type": "Polygon",
        "coordinates": [
          [
            [
              -120.84314121247407,
              39.890839725294
            ],
            [
              -120.8430882311167,
              39.890838739513455
            ],
            [
              -120.84308976679304,
              39.890789764912185
            ],
            [
              -120.84314274811277,
              39.890790750691025
            ],
            [
              -120.84314121247407,
              39.890839725294
            ]
          ]
        ]
      }
    },
    {
      "id": "271",
      "type": "Feature",
      "properties": {
        "id": null,
        "SOURCE_FILE": "/Users/maples/GitHub/mortalitree_testing/labels/luwajobi_mortalitree_postfire_labels.geojson",
        "SUNETID": "luwajobi",
        "FIRENAME": "NORTH COMPLEX",
        "FIRE_SLUG": "NORTH_COMPLEX",
        "PREFIRE": 0,
        "PREFIRE_STATUS": "postfire",
        "TILE_Z": 17,
        "TILE_X": 21538,
        "TILE_Y": 49672,
        "TILEXYZ": [
          17,
          21538,
          49672
        ],
        "OUTPUT_FILE": "/Users/maples/GitHub/mortalitree_testing/notebooks/single_tiles/postfire/17/21538/49672.geojson",
        "OUTPUT_STATUS_DIR": "postfire",
        "FEATURE_COUNT": 442
      },
      "geometry": {
        "type": "Polygon",
        "coordinates": [
          [
            [
              -120.8430946170208,
              39.89080414774996
            ],
            [
              -120.84303633755975,
              39.890803063367414
            ],
            [
              -120.84303729384492,
              39.890772566959534
            ],
            [
              -120.84309560728254,
              39.890772566959534
            ],
            [
              -120.8430946170208,
              39.89080414774996
            ]
          ]
        ]
      }
    },
    {
      "id": "272",
      "type": "Feature",
      "properties": {
        "id": null,
        "SOURCE_FILE": "/Users/maples/GitHub/mortalitree_testing/labels/luwajobi_mortalitree_postfire_labels.geojson",
        "SUNETID": "luwajobi",
        "FIRENAME": "NORTH COMPLEX",
        "FIRE_SLUG": "NORTH_COMPLEX",
        "PREFIRE": 0,
        "PREFIRE_STATUS": "postfire",
        "TILE_Z": 17,
        "TILE_X": 21538,
        "TILE_Y": 49672,
        "TILEXYZ": [
          17,
          21538,
          49672
        ],
        "OUTPUT_FILE": "/Users/maples/GitHub/mortalitree_testing/notebooks/single_tiles/postfire/17/21538/49672.geojson",
        "OUTPUT_STATUS_DIR": "postfire",
        "FEATURE_COUNT": 442
      },
      "geometry": {
        "type": "Polygon",
        "coordinates": [
          [
            [
              -120.84302732810009,
              39.89092132006649
            ],
            [
              -120.84297434668389,
              39.890920334232256
            ],
            [
              -120.8429758824457,
              39.89087135963535
            ],
            [
              -120.84302886382427,
              39.890872345467876
            ],
            [
              -120.84302732810009,
              39.89092132006649
            ]
          ]
        ]
      }
    },
    {
      "id": "273",
      "type": "Feature",
      "properties": {
        "id": null,
        "SOURCE_FILE": "/Users/maples/GitHub/mortalitree_testing/labels/luwajobi_mortalitree_postfire_labels.geojson",
        "SUNETID": "luwajobi",
        "FIRENAME": "NORTH COMPLEX",
        "FIRE_SLUG": "NORTH_COMPLEX",
        "PREFIRE": 0,
        "PREFIRE_STATUS": "postfire",
        "TILE_Z": 17,
        "TILE_X": 21538,
        "TILE_Y": 49672,
        "TILEXYZ": [
          17,
          21538,
          49672
        ],
        "OUTPUT_FILE": "/Users/maples/GitHub/mortalitree_testing/notebooks/single_tiles/postfire/17/21538/49672.geojson",
        "OUTPUT_STATUS_DIR": "postfire",
        "FEATURE_COUNT": 442
      },
      "geometry": {
        "type": "Polygon",
        "coordinates": [
          [
            [
              -120.84336063728524,
              39.890858100286
            ],
            [
              -120.84329705963053,
              39.89085691746627
            ],
            [
              -120.84329846719868,
              39.890812024075764
            ],
            [
              -120.84336204481195,
              39.89081320689361
            ],
            [
              -120.84336063728524,
              39.890858100286
            ]
          ]
        ]
      }
    },
    {
      "id": "274",
      "type": "Feature",
      "properties": {
        "id": null,
        "SOURCE_FILE": "/Users/maples/GitHub/mortalitree_testing/labels/luwajobi_mortalitree_postfire_labels.geojson",
        "SUNETID": "luwajobi",
        "FIRENAME": "NORTH COMPLEX",
        "FIRE_SLUG": "NORTH_COMPLEX",
        "PREFIRE": 0,
        "PREFIRE_STATUS": "postfire",
        "TILE_Z": 17,
        "TILE_X": 21538,
        "TILE_Y": 49672,
        "TILEXYZ": [
          17,
          21538,
          49672
        ],
        "OUTPUT_FILE": "/Users/maples/GitHub/mortalitree_testing/notebooks/single_tiles/postfire/17/21538/49672.geojson",
        "OUTPUT_STATUS_DIR": "postfire",
        "FEATURE_COUNT": 442
      },
      "geometry": {
        "type": "Polygon",
        "coordinates": [
          [
            [
              -120.84340797463545,
              39.89078547617837
            ],
            [
              -120.84336558957534,
              39.89078468765425
            ],
            [
              -120.84336596958946,
              39.890772566959534
            ],
            [
              -120.84340837936384,
              39.890772566959534
            ],
            [
              -120.84340797463545,
              39.89078547617837
            ]
          ]
        ]
      }
    },
    {
      "id": "275",
      "type": "Feature",
      "properties": {
        "id": null,
        "SOURCE_FILE": "/Users/maples/GitHub/mortalitree_testing/labels/luwajobi_mortalitree_postfire_labels.geojson",
        "SUNETID": "luwajobi",
        "FIRENAME": "NORTH COMPLEX",
        "FIRE_SLUG": "NORTH_COMPLEX",
        "PREFIRE": 0,
        "PREFIRE_STATUS": "postfire",
        "TILE_Z": 17,
        "TILE_X": 21538,
        "TILE_Y": 49672,
        "TILEXYZ": [
          17,
          21538,
          49672
        ],
        "OUTPUT_FILE": "/Users/maples/GitHub/mortalitree_testing/notebooks/single_tiles/postfire/17/21538/49672.geojson",
        "OUTPUT_STATUS_DIR": "postfire",
        "FEATURE_COUNT": 442
      },
      "geometry": {
        "type": "Polygon",
        "coordinates": [
          [
            [
              -120.84331940381728,
              39.89082058078703
            ],
            [
              -120.84327172060321,
              39.890819693659246
            ],
            [
              -120.84327319820883,
              39.890772566959534
            ],
            [
              -120.84332090920456,
              39.890772566959534
            ],
            [
              -120.84331940381728,
              39.89082058078703
            ]
          ]
        ]
      }
    },
    {
      "id": "276",
      "type": "Feature",
      "properties": {
        "id": null,
        "SOURCE_FILE": "/Users/maples/GitHub/mortalitree_testing/labels/luwajobi_mortalitree_postfire_labels.geojson",
        "SUNETID": "luwajobi",
        "FIRENAME": "NORTH COMPLEX",
        "FIRE_SLUG": "NORTH_COMPLEX",
        "PREFIRE": 0,
        "PREFIRE_STATUS": "postfire",
        "TILE_Z": 17,
        "TILE_X": 21538,
        "TILE_Y": 49672,
        "TILEXYZ": [
          17,
          21538,
          49672
        ],
        "OUTPUT_FILE": "/Users/maples/GitHub/mortalitree_testing/notebooks/single_tiles/postfire/17/21538/49672.geojson",
        "OUTPUT_STATUS_DIR": "postfire",
        "FEATURE_COUNT": 442
      },
      "geometry": {
        "type": "Polygon",
        "coordinates": [
          [
            [
              -120.84327229643291,
              39.890801328181546
            ],
            [
              -120.84320871883439,
              39.89080014531478
            ],
            [
              -120.84320958354768,
              39.890772566959534
            ],
            [
              -120.84327319820817,
              39.890772566959534
            ],
            [
              -120.84327229643291,
              39.890801328181546
            ]
          ]
        ]
      }
    },
    {
      "id": "277",
      "type": "Feature",
      "properties": {
        "id": null,
        "SOURCE_FILE": "/Users/maples/GitHub/mortalitree_testing/labels/luwajobi_mortalitree_postfire_labels.geojson",
        "SUNETID": "luwajobi",
        "FIRENAME": "NORTH COMPLEX",
        "FIRE_SLUG": "NORTH_COMPLEX",
        "PREFIRE": 0,
        "PREFIRE_STATUS": "postfire",
        "TILE_Z": 17,
        "TILE_X": 21538,
        "TILE_Y": 49672,
        "TILEXYZ": [
          17,
          21538,
          49672
        ],
        "OUTPUT_FILE": "/Users/maples/GitHub/mortalitree_testing/notebooks/single_tiles/postfire/17/21538/49672.geojson",
        "OUTPUT_STATUS_DIR": "postfire",
        "FEATURE_COUNT": 442
      },
      "geometry": {
        "type": "Polygon",
        "coordinates": [
          [
            [
              -120.84320252493745,
              39.89082861526054
            ],
            [
              -120.84314424545155,
              39.89082753093167
            ],
            [
              -120.84314596888812,
              39.890772566959534
            ],
            [
              -120.84320428232648,
              39.890772566959534
            ],
            [
              -120.84320252493745,
              39.89082861526054
            ]
          ]
        ]
      }
    },
    {
      "id": "278",
      "type": "Feature",
      "properties": {
        "id": null,
        "SOURCE_FILE": "/Users/maples/GitHub/mortalitree_testing/labels/luwajobi_mortalitree_postfire_labels.geojson",
        "SUNETID": "luwajobi",
        "FIRENAME": "NORTH COMPLEX",
        "FIRE_SLUG": "NORTH_COMPLEX",
        "PREFIRE": 0,
        "PREFIRE_STATUS": "postfire",
        "TILE_Z": 17,
        "TILE_X": 21538,
        "TILE_Y": 49672,
        "TILEXYZ": [
          17,
          21538,
          49672
        ],
        "OUTPUT_FILE": "/Users/maples/GitHub/mortalitree_testing/notebooks/single_tiles/postfire/17/21538/49672.geojson",
        "OUTPUT_STATUS_DIR": "postfire",
        "FEATURE_COUNT": 442
      },
      "geometry": {
        "type": "Polygon",
        "coordinates": [
          [
            [
              -120.8432988129737,
              39.89088553527221
            ],
            [
              -120.84322993715662,
              39.890884253845165
            ],
            [
              -120.8432317286639,
              39.890827116805426
            ],
            [
              -120.84330060442387,
              39.89082839822988
            ],
            [
              -120.8432988129737,
              39.89088553527221
            ]
          ]
        ]
      }
    },
    {
      "id": "279",
      "type": "Feature",
      "properties": {
        "id": null,
        "SOURCE_FILE": "/Users/maples/GitHub/mortalitree_testing/labels/luwajobi_mortalitree_postfire_labels.geojson",
        "SUNETID": "luwajobi",
        "FIRENAME": "NORTH COMPLEX",
        "FIRE_SLUG": "NORTH_COMPLEX",
        "PREFIRE": 0,
        "PREFIRE_STATUS": "postfire",
        "TILE_Z": 17,
        "TILE_X": 21538,
        "TILE_Y": 49672,
        "TILEXYZ": [
          17,
          21538,
          49672
        ],
        "OUTPUT_FILE": "/Users/maples/GitHub/mortalitree_testing/notebooks/single_tiles/postfire/17/21538/49672.geojson",
        "OUTPUT_STATUS_DIR": "postfire",
        "FEATURE_COUNT": 442
      },
      "geometry": {
        "type": "Polygon",
        "coordinates": [
          [
            [
              -120.84330018243485,
              39.89092639672981
            ],
            [
              -120.84324190286239,
              39.89092531244783
            ],
            [
              -120.84324356639823,
              39.89087225662518
            ],
            [
              -120.84330184592581,
              39.890873340905145
            ],
            [
              -120.84330018243485,
              39.89092639672981
            ]
          ]
        ]
      }
    },
    {
      "id": "280",
      "type": "Feature",
      "properties": {
        "id": null,
        "SOURCE_FILE": "/Users/maples/GitHub/mortalitree_testing/labels/luwajobi_mortalitree_postfire_labels.geojson",
        "SUNETID": "luwajobi",
        "FIRENAME": "NORTH COMPLEX",
        "FIRE_SLUG": "NORTH_COMPLEX",
        "PREFIRE": 0,
        "PREFIRE_STATUS": "postfire",
        "TILE_Z": 17,
        "TILE_X": 21538,
        "TILE_Y": 49672,
        "TILEXYZ": [
          17,
          21538,
          49672
        ],
        "OUTPUT_FILE": "/Users/maples/GitHub/mortalitree_testing/notebooks/single_tiles/postfire/17/21538/49672.geojson",
        "OUTPUT_STATUS_DIR": "postfire",
        "FEATURE_COUNT": 442
      },
      "geometry": {
        "type": "Polygon",
        "coordinates": [
          [
            [
              -120.84323609286027,
              39.89094153874362
            ],
            [
              -120.84317251513372,
              39.89094035585358
            ],
            [
              -120.8431744346605,
              39.89087913759962
            ],
            [
              -120.84323801233057,
              39.8908803204871
            ],
            [
              -120.84323609286027,
              39.89094153874362
            ]
          ]
        ]
      }
    },
    {
      "id": "281",
      "type": "Feature",
      "properties": {
        "id": null,
        "SOURCE_FILE": "/Users/maples/GitHub/mortalitree_testing/labels/luwajobi_mortalitree_postfire_labels.geojson",
        "SUNETID": "luwajobi",
        "FIRENAME": "NORTH COMPLEX",
        "FIRE_SLUG": "NORTH_COMPLEX",
        "PREFIRE": 0,
        "PREFIRE_STATUS": "postfire",
        "TILE_Z": 17,
        "TILE_X": 21538,
        "TILE_Y": 49672,
        "TILEXYZ": [
          17,
          21538,
          49672
        ],
        "OUTPUT_FILE": "/Users/maples/GitHub/mortalitree_testing/notebooks/single_tiles/postfire/17/21538/49672.geojson",
        "OUTPUT_STATUS_DIR": "postfire",
        "FEATURE_COUNT": 442
      },
      "geometry": {
        "type": "Polygon",
        "coordinates": [
          [
            [
              -120.84318144783477,
              39.890993608824246
            ],
            [
              -120.84312316820994,
              39.89099252448108
            ],
            [
              -120.84312495981273,
              39.89093538744643
            ],
            [
              -120.84318323938923,
              39.89093647178742
            ],
            [
              -120.84318144783477,
              39.890993608824246
            ]
          ]
        ]
      }
    },
    {
      "id": "282",
      "type": "Feature",
      "properties": {
        "id": null,
        "SOURCE_FILE": "/Users/maples/GitHub/mortalitree_testing/labels/luwajobi_mortalitree_postfire_labels.geojson",
        "SUNETID": "luwajobi",
        "FIRENAME": "NORTH COMPLEX",
        "FIRE_SLUG": "NORTH_COMPLEX",
        "PREFIRE": 0,
        "PREFIRE_STATUS": "postfire",
        "TILE_Z": 17,
        "TILE_X": 21538,
        "TILE_Y": 49672,
        "TILEXYZ": [
          17,
          21538,
          49672
        ],
        "OUTPUT_FILE": "/Users/maples/GitHub/mortalitree_testing/notebooks/single_tiles/postfire/17/21538/49672.geojson",
        "OUTPUT_STATUS_DIR": "postfire",
        "FEATURE_COUNT": 442
      },
      "geometry": {
        "type": "Polygon",
        "coordinates": [
          [
            [
              -120.84312428162204,
              39.89104154837075
            ],
            [
              -120.84306070380777,
              39.89104036541697
            ],
            [
              -120.84306236749005,
              39.89098730960175
            ],
            [
              -120.84312594525538,
              39.890988492553305
            ],
            [
              -120.84312428162204,
              39.89104154837075
            ]
          ]
        ]
      }
    },
    {
      "id": "283",
      "type": "Feature",
      "properties": {
        "id": null,
        "SOURCE_FILE": "/Users/maples/GitHub/mortalitree_testing/labels/luwajobi_mortalitree_postfire_labels.geojson",
        "SUNETID": "luwajobi",
        "FIRENAME": "NORTH COMPLEX",
        "FIRE_SLUG": "NORTH_COMPLEX",
        "PREFIRE": 0,
        "PREFIRE_STATUS": "postfire",
        "TILE_Z": 17,
        "TILE_X": 21538,
        "TILE_Y": 49672,
        "TILEXYZ": [
          17,
          21538,
          49672
        ],
        "OUTPUT_FILE": "/Users/maples/GitHub/mortalitree_testing/notebooks/single_tiles/postfire/17/21538/49672.geojson",
        "OUTPUT_STATUS_DIR": "postfire",
        "FEATURE_COUNT": 442
      },
      "geometry": {
        "type": "Polygon",
        "coordinates": [
          [
            [
              -120.84310526455785,
              39.89097177337318
            ],
            [
              -120.84304698495446,
              39.89097068899223
            ],
            [
              -120.84304890459495,
              39.89090947074362
            ],
            [
              -120.84310718414656,
              39.89091055512225
            ],
            [
              -120.84310526455785,
              39.89097177337318
            ]
          ]
        ]
      }
    },
    {
      "id": "284",
      "type": "Feature",
      "properties": {
        "id": null,
        "SOURCE_FILE": "/Users/maples/GitHub/mortalitree_testing/labels/luwajobi_mortalitree_postfire_labels.geojson",
        "SUNETID": "luwajobi",
        "FIRENAME": "NORTH COMPLEX",
        "FIRE_SLUG": "NORTH_COMPLEX",
        "PREFIRE": 0,
        "PREFIRE_STATUS": "postfire",
        "TILE_Z": 17,
        "TILE_X": 21538,
        "TILE_Y": 49672,
        "TILEXYZ": [
          17,
          21538,
          49672
        ],
        "OUTPUT_FILE": "/Users/maples/GitHub/mortalitree_testing/notebooks/single_tiles/postfire/17/21538/49672.geojson",
        "OUTPUT_STATUS_DIR": "postfire",
        "FEATURE_COUNT": 442
      },
      "geometry": {
        "type": "Polygon",
        "coordinates": [
          [
            [
              -120.84349685349387,
              39.89090963755644
            ],
            [
              -120.84347036278174,
              39.890909144749706
            ],
            [
              -120.84347138638765,
              39.890876495007745
            ],
            [
              -120.84349787708722,
              39.89087698781391
            ],
            [
              -120.84349685349387,
              39.89090963755644
            ]
          ]
        ]
      }
    },
    {
      "id": "285",
      "type": "Feature",
      "properties": {
        "id": null,
        "SOURCE_FILE": "/Users/maples/GitHub/mortalitree_testing/labels/luwajobi_mortalitree_postfire_labels.geojson",
        "SUNETID": "luwajobi",
        "FIRENAME": "NORTH COMPLEX",
        "FIRE_SLUG": "NORTH_COMPLEX",
        "PREFIRE": 0,
        "PREFIRE_STATUS": "postfire",
        "TILE_Z": 17,
        "TILE_X": 21538,
        "TILE_Y": 49672,
        "TILEXYZ": [
          17,
          21538,
          49672
        ],
        "OUTPUT_FILE": "/Users/maples/GitHub/mortalitree_testing/notebooks/single_tiles/postfire/17/21538/49672.geojson",
        "OUTPUT_STATUS_DIR": "postfire",
        "FEATURE_COUNT": 442
      },
      "geometry": {
        "type": "Polygon",
        "coordinates": [
          [
            [
              -120.84344664909364,
              39.89090462000082
            ],
            [
              -120.84339896581733,
              39.8909037329238
            ],
            [
              -120.84340062923081,
              39.89085067709547
            ],
            [
              -120.8434483124704,
              39.89085156417083
            ],
            [
              -120.84344664909364,
              39.89090462000082
            ]
          ]
        ]
      }
    },
    {
      "id": "286",
      "type": "Feature",
      "properties": {
        "id": null,
        "SOURCE_FILE": "/Users/maples/GitHub/mortalitree_testing/labels/luwajobi_mortalitree_postfire_labels.geojson",
        "SUNETID": "luwajobi",
        "FIRENAME": "NORTH COMPLEX",
        "FIRE_SLUG": "NORTH_COMPLEX",
        "PREFIRE": 0,
        "PREFIRE_STATUS": "postfire",
        "TILE_Z": 17,
        "TILE_X": 21538,
        "TILE_Y": 49672,
        "TILEXYZ": [
          17,
          21538,
          49672
        ],
        "OUTPUT_FILE": "/Users/maples/GitHub/mortalitree_testing/notebooks/single_tiles/postfire/17/21538/49672.geojson",
        "OUTPUT_STATUS_DIR": "postfire",
        "FEATURE_COUNT": 442
      },
      "geometry": {
        "type": "Polygon",
        "coordinates": [
          [
            [
              -120.84338351923817,
              39.89088915296583
            ],
            [
              -120.84333053783432,
              39.89088816729498
            ],
            [
              -120.84333194538215,
              39.89084327390371
            ],
            [
              -120.84338492675154,
              39.890844259573015
            ],
            [
              -120.84338351923817,
              39.89088915296583
            ]
          ]
        ]
      }
    },
    {
      "id": "287",
      "type": "Feature",
      "properties": {
        "id": null,
        "SOURCE_FILE": "/Users/maples/GitHub/mortalitree_testing/labels/luwajobi_mortalitree_postfire_labels.geojson",
        "SUNETID": "luwajobi",
        "FIRENAME": "NORTH COMPLEX",
        "FIRE_SLUG": "NORTH_COMPLEX",
        "PREFIRE": 0,
        "PREFIRE_STATUS": "postfire",
        "TILE_Z": 17,
        "TILE_X": 21538,
        "TILE_Y": 49672,
        "TILEXYZ": [
          17,
          21538,
          49672
        ],
        "OUTPUT_FILE": "/Users/maples/GitHub/mortalitree_testing/notebooks/single_tiles/postfire/17/21538/49672.geojson",
        "OUTPUT_STATUS_DIR": "postfire",
        "FEATURE_COUNT": 442
      },
      "geometry": {
        "type": "Polygon",
        "coordinates": [
          [
            [
              -120.84305438184755,
              39.89107291656801
            ],
            [
              -120.84299080400723,
              39.891071733575146
            ],
            [
              -120.84299259572492,
              39.89101459654624
            ],
            [
              -120.84305617351255,
              39.89101577953673
            ],
            [
              -120.84305438184755,
              39.89107291656801
            ]
          ]
        ]
      }
    },
    {
      "id": "288",
      "type": "Feature",
      "properties": {
        "id": null,
        "SOURCE_FILE": "/Users/maples/GitHub/mortalitree_testing/labels/luwajobi_mortalitree_postfire_labels.geojson",
        "SUNETID": "luwajobi",
        "FIRENAME": "NORTH COMPLEX",
        "FIRE_SLUG": "NORTH_COMPLEX",
        "PREFIRE": 0,
        "PREFIRE_STATUS": "postfire",
        "TILE_Z": 17,
        "TILE_X": 21538,
        "TILE_Y": 49672,
        "TILEXYZ": [
          17,
          21538,
          49672
        ],
        "OUTPUT_FILE": "/Users/maples/GitHub/mortalitree_testing/notebooks/single_tiles/postfire/17/21538/49672.geojson",
        "OUTPUT_STATUS_DIR": "postfire",
        "FEATURE_COUNT": 442
      },
      "geometry": {
        "type": "Polygon",
        "coordinates": [
          [
            [
              -120.84303992068081,
              39.891111441670276
            ],
            [
              -120.8429763428055,
              39.89111025866853
            ],
            [
              -120.84297800655696,
              39.891057202856864
            ],
            [
              -120.84304158438331,
              39.89105838585639
            ],
            [
              -120.84303992068081,
              39.891111441670276
            ]
          ]
        ]
      }
    },
    {
      "id": "289",
      "type": "Feature",
      "properties": {
        "id": null,
        "SOURCE_FILE": "/Users/maples/GitHub/mortalitree_testing/labels/luwajobi_mortalitree_postfire_labels.geojson",
        "SUNETID": "luwajobi",
        "FIRENAME": "NORTH COMPLEX",
        "FIRE_SLUG": "NORTH_COMPLEX",
        "PREFIRE": 0,
        "PREFIRE_STATUS": "postfire",
        "TILE_Z": 17,
        "TILE_X": 21538,
        "TILE_Y": 49672,
        "TILEXYZ": [
          17,
          21538,
          49672
        ],
        "OUTPUT_FILE": "/Users/maples/GitHub/mortalitree_testing/notebooks/single_tiles/postfire/17/21538/49672.geojson",
        "OUTPUT_STATUS_DIR": "postfire",
        "FEATURE_COUNT": 442
      },
      "geometry": {
        "type": "Polygon",
        "coordinates": [
          [
            [
              -120.84295980842698,
              39.89113036899369
            ],
            [
              -120.84289093238026,
              39.89112908735883
            ],
            [
              -120.84289285217034,
              39.89106786911821
            ],
            [
              -120.84296172815587,
              39.89106915075032
            ],
            [
              -120.84295980842698,
              39.89113036899369
            ]
          ]
        ]
      }
    },
    {
      "id": "290",
      "type": "Feature",
      "properties": {
        "id": null,
        "SOURCE_FILE": "/Users/maples/GitHub/mortalitree_testing/labels/luwajobi_mortalitree_postfire_labels.geojson",
        "SUNETID": "luwajobi",
        "FIRENAME": "NORTH COMPLEX",
        "FIRE_SLUG": "NORTH_COMPLEX",
        "PREFIRE": 0,
        "PREFIRE_STATUS": "postfire",
        "TILE_Z": 17,
        "TILE_X": 21538,
        "TILE_Y": 49672,
        "TILEXYZ": [
          17,
          21538,
          49672
        ],
        "OUTPUT_FILE": "/Users/maples/GitHub/mortalitree_testing/notebooks/single_tiles/postfire/17/21538/49672.geojson",
        "OUTPUT_STATUS_DIR": "postfire",
        "FEATURE_COUNT": 442
      },
      "geometry": {
        "type": "Polygon",
        "coordinates": [
          [
            [
              -120.84297713615787,
              39.8911694855965
            ],
            [
              -120.84293475087325,
              39.89116869690865
            ],
            [
              -120.84293590272621,
              39.89113196596356
            ],
            [
              -120.84297828798825,
              39.89113275465039
            ],
            [
              -120.84297713615787,
              39.8911694855965
            ]
          ]
        ]
      }
    },
    {
      "id": "291",
      "type": "Feature",
      "properties": {
        "id": null,
        "SOURCE_FILE": "/Users/maples/GitHub/mortalitree_testing/labels/luwajobi_mortalitree_postfire_labels.geojson",
        "SUNETID": "luwajobi",
        "FIRENAME": "NORTH COMPLEX",
        "FIRE_SLUG": "NORTH_COMPLEX",
        "PREFIRE": 0,
        "PREFIRE_STATUS": "postfire",
        "TILE_Z": 17,
        "TILE_X": 21538,
        "TILE_Y": 49672,
        "TILEXYZ": [
          17,
          21538,
          49672
        ],
        "OUTPUT_FILE": "/Users/maples/GitHub/mortalitree_testing/notebooks/single_tiles/postfire/17/21538/49672.geojson",
        "OUTPUT_STATUS_DIR": "postfire",
        "FEATURE_COUNT": 442
      },
      "geometry": {
        "type": "Polygon",
        "coordinates": [
          [
            [
              -120.84298065563297,
              39.89105725214921
            ],
            [
              -120.84292237596199,
              39.891056167703724
            ],
            [
              -120.84292378378447,
              39.89101127432583
            ],
            [
              -120.84298206341751,
              39.89101235876961
            ],
            [
              -120.84298065563297,
              39.89105725214921
            ]
          ]
        ]
      }
    },
    {
      "id": "292",
      "type": "Feature",
      "properties": {
        "id": null,
        "SOURCE_FILE": "/Users/maples/GitHub/mortalitree_testing/labels/luwajobi_mortalitree_postfire_labels.geojson",
        "SUNETID": "luwajobi",
        "FIRENAME": "NORTH COMPLEX",
        "FIRE_SLUG": "NORTH_COMPLEX",
        "PREFIRE": 0,
        "PREFIRE_STATUS": "postfire",
        "TILE_Z": 17,
        "TILE_X": 21538,
        "TILE_Y": 49672,
        "TILEXYZ": [
          17,
          21538,
          49672
        ],
        "OUTPUT_FILE": "/Users/maples/GitHub/mortalitree_testing/notebooks/single_tiles/postfire/17/21538/49672.geojson",
        "OUTPUT_STATUS_DIR": "postfire",
        "FEATURE_COUNT": 442
      },
      "geometry": {
        "type": "Polygon",
        "coordinates": [
          [
            [
              -120.84299265971477,
              39.891012555938055
            ],
            [
              -120.84293438008116,
              39.891011471499596
            ],
            [
              -120.84293629982457,
              39.89095025325599
            ],
            [
              -120.84299457940642,
              39.8909513376921
            ],
            [
              -120.84299265971477,
              39.891012555938055
            ]
          ]
        ]
      }
    },
    {
      "id": "293",
      "type": "Feature",
      "properties": {
        "id": null,
        "SOURCE_FILE": "/Users/maples/GitHub/mortalitree_testing/labels/luwajobi_mortalitree_postfire_labels.geojson",
        "SUNETID": "luwajobi",
        "FIRENAME": "NORTH COMPLEX",
        "FIRE_SLUG": "NORTH_COMPLEX",
        "PREFIRE": 0,
        "PREFIRE_STATUS": "postfire",
        "TILE_Z": 17,
        "TILE_X": 21538,
        "TILE_Y": 49672,
        "TILEXYZ": [
          17,
          21538,
          49672
        ],
        "OUTPUT_FILE": "/Users/maples/GitHub/mortalitree_testing/notebooks/single_tiles/postfire/17/21538/49672.geojson",
        "OUTPUT_STATUS_DIR": "postfire",
        "FEATURE_COUNT": 442
      },
      "geometry": {
        "type": "Polygon",
        "coordinates": [
          [
            [
              -120.84286965041986,
              39.89104701938676
            ],
            [
              -120.84279017815963,
              39.89104554051445
            ],
            [
              -120.84279197004224,
              39.89098840349284
            ],
            [
              -120.84287144223657,
              39.890989882362184
            ],
            [
              -120.84286965041986,
              39.89104701938676
            ]
          ]
        ]
      }
    },
    {
      "id": "294",
      "type": "Feature",
      "properties": {
        "id": null,
        "SOURCE_FILE": "/Users/maples/GitHub/mortalitree_testing/labels/luwajobi_mortalitree_postfire_labels.geojson",
        "SUNETID": "luwajobi",
        "FIRENAME": "NORTH COMPLEX",
        "FIRE_SLUG": "NORTH_COMPLEX",
        "PREFIRE": 0,
        "PREFIRE_STATUS": "postfire",
        "TILE_Z": 17,
        "TILE_X": 21538,
        "TILE_Y": 49672,
        "TILEXYZ": [
          17,
          21538,
          49672
        ],
        "OUTPUT_FILE": "/Users/maples/GitHub/mortalitree_testing/notebooks/single_tiles/postfire/17/21538/49672.geojson",
        "OUTPUT_STATUS_DIR": "postfire",
        "FEATURE_COUNT": 442
      },
      "geometry": {
        "type": "Polygon",
        "coordinates": [
          [
            [
              -120.84291874160418,
              39.89100301330622
            ],
            [
              -120.84286046198149,
              39.891001928830825
            ],
            [
              -120.8428621258159,
              39.890948873022246
            ],
            [
              -120.84292040539371,
              39.89094995749561
            ],
            [
              -120.84291874160418,
              39.89100301330622
            ]
          ]
        ]
      }
    },
    {
      "id": "295",
      "type": "Feature",
      "properties": {
        "id": null,
        "SOURCE_FILE": "/Users/maples/GitHub/mortalitree_testing/labels/luwajobi_mortalitree_postfire_labels.geojson",
        "SUNETID": "luwajobi",
        "FIRENAME": "NORTH COMPLEX",
        "FIRE_SLUG": "NORTH_COMPLEX",
        "PREFIRE": 0,
        "PREFIRE_STATUS": "postfire",
        "TILE_Z": 17,
        "TILE_X": 21538,
        "TILE_Y": 49672,
        "TILEXYZ": [
          17,
          21538,
          49672
        ],
        "OUTPUT_FILE": "/Users/maples/GitHub/mortalitree_testing/notebooks/single_tiles/postfire/17/21538/49672.geojson",
        "OUTPUT_STATUS_DIR": "postfire",
        "FEATURE_COUNT": 442
      },
      "geometry": {
        "type": "Polygon",
        "coordinates": [
          [
            [
              -120.84256631180854,
              39.891084252141994
            ],
            [
              -120.84249743582585,
              39.89108297027467
            ],
            [
              -120.84249935596284,
              39.89102175204943
            ],
            [
              -120.84256823188433,
              39.89102303391399
            ],
            [
              -120.84256631180854,
              39.891084252141994
            ]
          ]
        ]
      }
    },
    {
      "id": "296",
      "type": "Feature",
      "properties": {
        "id": null,
        "SOURCE_FILE": "/Users/maples/GitHub/mortalitree_testing/labels/luwajobi_mortalitree_postfire_labels.geojson",
        "SUNETID": "luwajobi",
        "FIRENAME": "NORTH COMPLEX",
        "FIRE_SLUG": "NORTH_COMPLEX",
        "PREFIRE": 0,
        "PREFIRE_STATUS": "postfire",
        "TILE_Z": 17,
        "TILE_X": 21538,
        "TILE_Y": 49672,
        "TILEXYZ": [
          17,
          21538,
          49672
        ],
        "OUTPUT_FILE": "/Users/maples/GitHub/mortalitree_testing/notebooks/single_tiles/postfire/17/21538/49672.geojson",
        "OUTPUT_STATUS_DIR": "postfire",
        "FEATURE_COUNT": 442
      },
      "geometry": {
        "type": "Polygon",
        "coordinates": [
          [
            [
              -120.84258338329363,
              39.89113153122802
            ],
            [
              -120.84251980541889,
              39.891130347975526
            ],
            [
              -120.8425212135077,
              39.89108545461013
            ],
            [
              -120.84258479134101,
              39.89108663786076
            ],
            [
              -120.84258338329363,
              39.89113153122802
            ]
          ]
        ]
      }
    },
    {
      "id": "297",
      "type": "Feature",
      "properties": {
        "id": null,
        "SOURCE_FILE": "/Users/maples/GitHub/mortalitree_testing/labels/luwajobi_mortalitree_postfire_labels.geojson",
        "SUNETID": "luwajobi",
        "FIRENAME": "NORTH COMPLEX",
        "FIRE_SLUG": "NORTH_COMPLEX",
        "PREFIRE": 0,
        "PREFIRE_STATUS": "postfire",
        "TILE_Z": 17,
        "TILE_X": 21538,
        "TILE_Y": 49672,
        "TILEXYZ": [
          17,
          21538,
          49672
        ],
        "OUTPUT_FILE": "/Users/maples/GitHub/mortalitree_testing/notebooks/single_tiles/postfire/17/21538/49672.geojson",
        "OUTPUT_STATUS_DIR": "postfire",
        "FEATURE_COUNT": 442
      },
      "geometry": {
        "type": "Polygon",
        "coordinates": [
          [
            [
              -120.8422639872794,
              39.89083565115784
            ],
            [
              -120.84218981342708,
              39.8908342704974
            ],
            [
              -120.84219160579475,
              39.89077713349633
            ],
            [
              -120.84226577958555,
              39.890778514154
            ],
            [
              -120.8422639872794,
              39.89083565115784
            ]
          ]
        ]
      }
    },
    {
      "id": "298",
      "type": "Feature",
      "properties": {
        "id": null,
        "SOURCE_FILE": "/Users/maples/GitHub/mortalitree_testing/labels/luwajobi_mortalitree_postfire_labels.geojson",
        "SUNETID": "luwajobi",
        "FIRENAME": "NORTH COMPLEX",
        "FIRE_SLUG": "NORTH_COMPLEX",
        "PREFIRE": 0,
        "PREFIRE_STATUS": "postfire",
        "TILE_Z": 17,
        "TILE_X": 21538,
        "TILE_Y": 49672,
        "TILEXYZ": [
          17,
          21538,
          49672
        ],
        "OUTPUT_FILE": "/Users/maples/GitHub/mortalitree_testing/notebooks/single_tiles/postfire/17/21538/49672.geojson",
        "OUTPUT_STATUS_DIR": "postfire",
        "FEATURE_COUNT": 442
      },
      "geometry": {
        "type": "Polygon",
        "coordinates": [
          [
            [
              -120.84332508995439,
              39.89124020595611
            ],
            [
              -120.84326313754218,
              39.89123905335164
            ],
            [
              -120.84326463385358,
              39.89119133095513
            ],
            [
              -120.84332658622286,
              39.89119248355767
            ],
            [
              -120.84332508995439,
              39.89124020595611
            ]
          ]
        ]
      }
    },
    {
      "id": "299",
      "type": "Feature",
      "properties": {
        "id": null,
        "SOURCE_FILE": "/Users/maples/GitHub/mortalitree_testing/labels/luwajobi_mortalitree_postfire_labels.geojson",
        "SUNETID": "luwajobi",
        "FIRENAME": "NORTH COMPLEX",
        "FIRE_SLUG": "NORTH_COMPLEX",
        "PREFIRE": 0,
        "PREFIRE_STATUS": "postfire",
        "TILE_Z": 17,
        "TILE_X": 21538,
        "TILE_Y": 49672,
        "TILEXYZ": [
          17,
          21538,
          49672
        ],
        "OUTPUT_FILE": "/Users/maples/GitHub/mortalitree_testing/notebooks/single_tiles/postfire/17/21538/49672.geojson",
        "OUTPUT_STATUS_DIR": "postfire",
        "FEATURE_COUNT": 442
      },
      "geometry": {
        "type": "Polygon",
        "coordinates": [
          [
            [
              -120.84327970630684,
              39.89120487533031
            ],
            [
              -120.84322119572704,
              39.89120378673818
            ],
            [
              -120.84322252580594,
              39.89116136683111
            ],
            [
              -120.84328103634975,
              39.89116245542161
            ],
            [
              -120.84327970630684,
              39.89120487533031
            ]
          ]
        ]
      }
    },
    {
      "id": "300",
      "type": "Feature",
      "properties": {
        "id": null,
        "SOURCE_FILE": "/Users/maples/GitHub/mortalitree_testing/labels/luwajobi_mortalitree_postfire_labels.geojson",
        "SUNETID": "luwajobi",
        "FIRENAME": "NORTH COMPLEX",
        "FIRE_SLUG": "NORTH_COMPLEX",
        "PREFIRE": 0,
        "PREFIRE_STATUS": "postfire",
        "TILE_Z": 17,
        "TILE_X": 21538,
        "TILE_Y": 49672,
        "TILEXYZ": [
          17,
          21538,
          49672
        ],
        "OUTPUT_FILE": "/Users/maples/GitHub/mortalitree_testing/notebooks/single_tiles/postfire/17/21538/49672.geojson",
        "OUTPUT_STATUS_DIR": "postfire",
        "FEATURE_COUNT": 442
      },
      "geometry": {
        "type": "Polygon",
        "coordinates": [
          [
            [
              -120.84338892951794,
              39.891236088054
            ],
            [
              -120.84334074430902,
              39.891235191613326
            ],
            [
              -120.84334157556354,
              39.89120867916949
            ],
            [
              -120.84338976075392,
              39.891209575609345
            ],
            [
              -120.84338892951794,
              39.891236088054
            ]
          ]
        ]
      }
    },
    {
      "id": "301",
      "type": "Feature",
      "properties": {
        "id": null,
        "SOURCE_FILE": "/Users/maples/GitHub/mortalitree_testing/labels/luwajobi_mortalitree_postfire_labels.geojson",
        "SUNETID": "luwajobi",
        "FIRENAME": "NORTH COMPLEX",
        "FIRE_SLUG": "NORTH_COMPLEX",
        "PREFIRE": 0,
        "PREFIRE_STATUS": "postfire",
        "TILE_Z": 17,
        "TILE_X": 21538,
        "TILE_Y": 49672,
        "TILEXYZ": [
          17,
          21538,
          49672
        ],
        "OUTPUT_FILE": "/Users/maples/GitHub/mortalitree_testing/notebooks/single_tiles/postfire/17/21538/49672.geojson",
        "OUTPUT_STATUS_DIR": "postfire",
        "FEATURE_COUNT": 442
      },
      "geometry": {
        "type": "Polygon",
        "coordinates": [
          [
            [
              -120.84341983949118,
              39.891293698098416
            ],
            [
              -120.84333379440295,
              39.89129209731847
            ],
            [
              -120.84333562317103,
              39.89123376994273
            ],
            [
              -120.84342166818642,
              39.891235370719386
            ],
            [
              -120.84341983949118,
              39.891293698098416
            ]
          ]
        ]
      }
    },
    {
      "id": "302",
      "type": "Feature",
      "properties": {
        "id": null,
        "SOURCE_FILE": "/Users/maples/GitHub/mortalitree_testing/labels/luwajobi_mortalitree_postfire_labels.geojson",
        "SUNETID": "luwajobi",
        "FIRENAME": "NORTH COMPLEX",
        "FIRE_SLUG": "NORTH_COMPLEX",
        "PREFIRE": 0,
        "PREFIRE_STATUS": "postfire",
        "TILE_Z": 17,
        "TILE_X": 21538,
        "TILE_Y": 49672,
        "TILEXYZ": [
          17,
          21538,
          49672
        ],
        "OUTPUT_FILE": "/Users/maples/GitHub/mortalitree_testing/notebooks/single_tiles/postfire/17/21538/49672.geojson",
        "OUTPUT_STATUS_DIR": "postfire",
        "FEATURE_COUNT": 442
      },
      "geometry": {
        "type": "Polygon",
        "coordinates": [
          [
            [
              -120.84333646333079,
              39.89137173069685
            ],
            [
              -120.84328483622133,
              39.89137077019787
            ],
            [
              -120.84328624939675,
              39.89132569904601
            ],
            [
              -120.84333787647245,
              39.891326659543466
            ],
            [
              -120.84333646333079,
              39.89137173069685
            ]
          ]
        ]
      }
    },
    {
      "id": "303",
      "type": "Feature",
      "properties": {
        "id": null,
        "SOURCE_FILE": "/Users/maples/GitHub/mortalitree_testing/labels/luwajobi_mortalitree_postfire_labels.geojson",
        "SUNETID": "luwajobi",
        "FIRENAME": "NORTH COMPLEX",
        "FIRE_SLUG": "NORTH_COMPLEX",
        "PREFIRE": 0,
        "PREFIRE_STATUS": "postfire",
        "TILE_Z": 17,
        "TILE_X": 21538,
        "TILE_Y": 49672,
        "TILEXYZ": [
          17,
          21538,
          49672
        ],
        "OUTPUT_FILE": "/Users/maples/GitHub/mortalitree_testing/notebooks/single_tiles/postfire/17/21538/49672.geojson",
        "OUTPUT_STATUS_DIR": "postfire",
        "FEATURE_COUNT": 442
      },
      "geometry": {
        "type": "Polygon",
        "coordinates": [
          [
            [
              -120.84335319834506,
              39.89133225017694
            ],
            [
              -120.84331189668053,
              39.891331481786175
            ],
            [
              -120.84331306045607,
              39.891294364366104
            ],
            [
              -120.84335436209835,
              39.89129513275585
            ],
            [
              -120.84335319834506,
              39.89133225017694
            ]
          ]
        ]
      }
    },
    {
      "id": "304",
      "type": "Feature",
      "properties": {
        "id": null,
        "SOURCE_FILE": "/Users/maples/GitHub/mortalitree_testing/labels/luwajobi_mortalitree_postfire_labels.geojson",
        "SUNETID": "luwajobi",
        "FIRENAME": "NORTH COMPLEX",
        "FIRE_SLUG": "NORTH_COMPLEX",
        "PREFIRE": 0,
        "PREFIRE_STATUS": "postfire",
        "TILE_Z": 17,
        "TILE_X": 21538,
        "TILE_Y": 49672,
        "TILEXYZ": [
          17,
          21538,
          49672
        ],
        "OUTPUT_FILE": "/Users/maples/GitHub/mortalitree_testing/notebooks/single_tiles/postfire/17/21538/49672.geojson",
        "OUTPUT_STATUS_DIR": "postfire",
        "FEATURE_COUNT": 442
      },
      "geometry": {
        "type": "Polygon",
        "coordinates": [
          [
            [
              -120.84331259529644,
              39.891419036880016
            ],
            [
              -120.84324720091429,
              39.89141782022945
            ],
            [
              -120.8432486972462,
              39.891370097834915
            ],
            [
              -120.84331409158304,
              39.89137131448344
            ],
            [
              -120.84331259529644,
              39.891419036880016
            ]
          ]
        ]
      }
    },
    {
      "id": "305",
      "type": "Feature",
      "properties": {
        "id": null,
        "SOURCE_FILE": "/Users/maples/GitHub/mortalitree_testing/labels/luwajobi_mortalitree_postfire_labels.geojson",
        "SUNETID": "luwajobi",
        "FIRENAME": "NORTH COMPLEX",
        "FIRE_SLUG": "NORTH_COMPLEX",
        "PREFIRE": 0,
        "PREFIRE_STATUS": "postfire",
        "TILE_Z": 17,
        "TILE_X": 21538,
        "TILE_Y": 49672,
        "TILEXYZ": [
          17,
          21538,
          49672
        ],
        "OUTPUT_FILE": "/Users/maples/GitHub/mortalitree_testing/notebooks/single_tiles/postfire/17/21538/49672.geojson",
        "OUTPUT_STATUS_DIR": "postfire",
        "FEATURE_COUNT": 442
      },
      "geometry": {
        "type": "Polygon",
        "coordinates": [
          [
            [
              -120.84327413672158,
              39.89138250869418
            ],
            [
              -120.84321562599095,
              39.89138142009525
            ],
            [
              -120.84321703921223,
              39.891336348945536
            ],
            [
              -120.8432755499046,
              39.89133743754274
            ],
            [
              -120.84327413672158,
              39.89138250869418
            ]
          ]
        ]
      }
    },
    {
      "id": "306",
      "type": "Feature",
      "properties": {
        "id": null,
        "SOURCE_FILE": "/Users/maples/GitHub/mortalitree_testing/labels/luwajobi_mortalitree_postfire_labels.geojson",
        "SUNETID": "luwajobi",
        "FIRENAME": "NORTH COMPLEX",
        "FIRE_SLUG": "NORTH_COMPLEX",
        "PREFIRE": 0,
        "PREFIRE_STATUS": "postfire",
        "TILE_Z": 17,
        "TILE_X": 21538,
        "TILE_Y": 49672,
        "TILEXYZ": [
          17,
          21538,
          49672
        ],
        "OUTPUT_FILE": "/Users/maples/GitHub/mortalitree_testing/notebooks/single_tiles/postfire/17/21538/49672.geojson",
        "OUTPUT_STATUS_DIR": "postfire",
        "FEATURE_COUNT": 442
      },
      "geometry": {
        "type": "Polygon",
        "coordinates": [
          [
            [
              -120.84325500700822,
              39.89127869394569
            ],
            [
              -120.8432137053785,
              39.891277925520804
            ],
            [
              -120.84321453668323,
              39.8912514130794
            ],
            [
              -120.84325583829705,
              39.89125218150356
            ],
            [
              -120.84325500700822,
              39.89127869394569
            ]
          ]
        ]
      }
    },
    {
      "id": "307",
      "type": "Feature",
      "properties": {
        "id": null,
        "SOURCE_FILE": "/Users/maples/GitHub/mortalitree_testing/labels/luwajobi_mortalitree_postfire_labels.geojson",
        "SUNETID": "luwajobi",
        "FIRENAME": "NORTH COMPLEX",
        "FIRE_SLUG": "NORTH_COMPLEX",
        "PREFIRE": 0,
        "PREFIRE_STATUS": "postfire",
        "TILE_Z": 17,
        "TILE_X": 21538,
        "TILE_Y": 49672,
        "TILEXYZ": [
          17,
          21538,
          49672
        ],
        "OUTPUT_FILE": "/Users/maples/GitHub/mortalitree_testing/notebooks/single_tiles/postfire/17/21538/49672.geojson",
        "OUTPUT_STATUS_DIR": "postfire",
        "FEATURE_COUNT": 442
      },
      "geometry": {
        "type": "Polygon",
        "coordinates": [
          [
            [
              -120.84291233985448,
              39.891278950087504
            ],
            [
              -120.84285038742426,
              39.89127779726162
            ],
            [
              -120.84285229974542,
              39.89121681866079
            ],
            [
              -120.84291425212079,
              39.89121797148419
            ],
            [
              -120.84291233985448,
              39.891278950087504
            ]
          ]
        ]
      }
    },
    {
      "id": "308",
      "type": "Feature",
      "properties": {
        "id": null,
        "SOURCE_FILE": "/Users/maples/GitHub/mortalitree_testing/labels/luwajobi_mortalitree_postfire_labels.geojson",
        "SUNETID": "luwajobi",
        "FIRENAME": "NORTH COMPLEX",
        "FIRE_SLUG": "NORTH_COMPLEX",
        "PREFIRE": 0,
        "PREFIRE_STATUS": "postfire",
        "TILE_Z": 17,
        "TILE_X": 21538,
        "TILE_Y": 49672,
        "TILEXYZ": [
          17,
          21538,
          49672
        ],
        "OUTPUT_FILE": "/Users/maples/GitHub/mortalitree_testing/notebooks/single_tiles/postfire/17/21538/49672.geojson",
        "OUTPUT_STATUS_DIR": "postfire",
        "FEATURE_COUNT": 442
      },
      "geometry": {
        "type": "Polygon",
        "coordinates": [
          [
            [
              -120.84303227910962,
              39.89135280720203
            ],
            [
              -120.84298065202469,
              39.89135184656802
            ],
            [
              -120.84298214853796,
              39.89130412418133
            ],
            [
              -120.84303377558712,
              39.89130508481373
            ],
            [
              -120.84303227910962,
              39.89135280720203
            ]
          ]
        ]
      }
    },
    {
      "id": "309",
      "type": "Feature",
      "properties": {
        "id": null,
        "SOURCE_FILE": "/Users/maples/GitHub/mortalitree_testing/labels/luwajobi_mortalitree_postfire_labels.geojson",
        "SUNETID": "luwajobi",
        "FIRENAME": "NORTH COMPLEX",
        "FIRE_SLUG": "NORTH_COMPLEX",
        "PREFIRE": 0,
        "PREFIRE_STATUS": "postfire",
        "TILE_Z": 17,
        "TILE_X": 21538,
        "TILE_Y": 49672,
        "TILEXYZ": [
          17,
          21538,
          49672
        ],
        "OUTPUT_FILE": "/Users/maples/GitHub/mortalitree_testing/notebooks/single_tiles/postfire/17/21538/49672.geojson",
        "OUTPUT_STATUS_DIR": "postfire",
        "FEATURE_COUNT": 442
      },
      "geometry": {
        "type": "Polygon",
        "coordinates": [
          [
            [
              -120.8426878328296,
              39.89129997375979
            ],
            [
              -120.8426396475982,
              39.89129907702664
            ],
            [
              -120.84264089488752,
              39.89125930837967
            ],
            [
              -120.84268908009113,
              39.891260205111564
            ],
            [
              -120.8426878328296,
              39.89129997375979
            ]
          ]
        ]
      }
    },
    {
      "id": "310",
      "type": "Feature",
      "properties": {
        "id": null,
        "SOURCE_FILE": "/Users/maples/GitHub/mortalitree_testing/labels/luwajobi_mortalitree_postfire_labels.geojson",
        "SUNETID": "luwajobi",
        "FIRENAME": "NORTH COMPLEX",
        "FIRE_SLUG": "NORTH_COMPLEX",
        "PREFIRE": 0,
        "PREFIRE_STATUS": "postfire",
        "TILE_Z": 17,
        "TILE_X": 21538,
        "TILE_Y": 49672,
        "TILEXYZ": [
          17,
          21538,
          49672
        ],
        "OUTPUT_FILE": "/Users/maples/GitHub/mortalitree_testing/notebooks/single_tiles/postfire/17/21538/49672.geojson",
        "OUTPUT_STATUS_DIR": "postfire",
        "FEATURE_COUNT": 442
      },
      "geometry": {
        "type": "Polygon",
        "coordinates": [
          [
            [
              -120.84270438556858,
              39.891211413316654
            ],
            [
              -120.84265275860088,
              39.89121045253949
            ],
            [
              -120.84265442163748,
              39.891157427675516
            ],
            [
              -120.84270604856545,
              39.89115838845088
            ],
            [
              -120.84270438556858,
              39.891211413316654
            ]
          ]
        ]
      }
    },
    {
      "id": "311",
      "type": "Feature",
      "properties": {
        "id": null,
        "SOURCE_FILE": "/Users/maples/GitHub/mortalitree_testing/labels/luwajobi_mortalitree_postfire_labels.geojson",
        "SUNETID": "luwajobi",
        "FIRENAME": "NORTH COMPLEX",
        "FIRE_SLUG": "NORTH_COMPLEX",
        "PREFIRE": 0,
        "PREFIRE_STATUS": "postfire",
        "TILE_Z": 17,
        "TILE_X": 21538,
        "TILE_Y": 49672,
        "TILEXYZ": [
          17,
          21538,
          49672
        ],
        "OUTPUT_FILE": "/Users/maples/GitHub/mortalitree_testing/notebooks/single_tiles/postfire/17/21538/49672.geojson",
        "OUTPUT_STATUS_DIR": "postfire",
        "FEATURE_COUNT": 442
      },
      "geometry": {
        "type": "Polygon",
        "coordinates": [
          [
            [
              -120.8426327314597,
              39.891190183898544
            ],
            [
              -120.84257422091731,
              39.89118909498036
            ],
            [
              -120.84257530193013,
              39.89115462882049
            ],
            [
              -120.84263381244324,
              39.89115571773736
            ],
            [
              -120.8426327314597,
              39.891190183898544
            ]
          ]
        ]
      }
    },
    {
      "id": "312",
      "type": "Feature",
      "properties": {
        "id": null,
        "SOURCE_FILE": "/Users/maples/GitHub/mortalitree_testing/labels/luwajobi_mortalitree_postfire_labels.geojson",
        "SUNETID": "luwajobi",
        "FIRENAME": "NORTH COMPLEX",
        "FIRE_SLUG": "NORTH_COMPLEX",
        "PREFIRE": 0,
        "PREFIRE_STATUS": "postfire",
        "TILE_Z": 17,
        "TILE_X": 21538,
        "TILE_Y": 49672,
        "TILEXYZ": [
          17,
          21538,
          49672
        ],
        "OUTPUT_FILE": "/Users/maples/GitHub/mortalitree_testing/notebooks/single_tiles/postfire/17/21538/49672.geojson",
        "OUTPUT_STATUS_DIR": "postfire",
        "FEATURE_COUNT": 442
      },
      "geometry": {
        "type": "Polygon",
        "coordinates": [
          [
            [
              -120.84274792329205,
              39.891250689000096
            ],
            [
              -120.84268597089398,
              39.89124953608707
            ],
            [
              -120.84268730130499,
              39.89120711619529
            ],
            [
              -120.8427492536649,
              39.8912082691066
            ],
            [
              -120.84274792329205,
              39.891250689000096
            ]
          ]
        ]
      }
    },
    {
      "id": "313",
      "type": "Feature",
      "properties": {
        "id": null,
        "SOURCE_FILE": "/Users/maples/GitHub/mortalitree_testing/labels/luwajobi_mortalitree_postfire_labels.geojson",
        "SUNETID": "luwajobi",
        "FIRENAME": "NORTH COMPLEX",
        "FIRE_SLUG": "NORTH_COMPLEX",
        "PREFIRE": 0,
        "PREFIRE_STATUS": "postfire",
        "TILE_Z": 17,
        "TILE_X": 21538,
        "TILE_Y": 49672,
        "TILEXYZ": [
          17,
          21538,
          49672
        ],
        "OUTPUT_FILE": "/Users/maples/GitHub/mortalitree_testing/notebooks/single_tiles/postfire/17/21538/49672.geojson",
        "OUTPUT_STATUS_DIR": "postfire",
        "FEATURE_COUNT": 442
      },
      "geometry": {
        "type": "Polygon",
        "coordinates": [
          [
            [
              -120.84282637795891,
              39.891274697688054
            ],
            [
              -120.84275410013258,
              39.89127335266788
            ],
            [
              -120.84275567994678,
              39.89122297904431
            ],
            [
              -120.8428279577203,
              39.8912243240621
            ],
            [
              -120.84282637795891,
              39.891274697688054
            ]
          ]
        ]
      }
    },
    {
      "id": "314",
      "type": "Feature",
      "properties": {
        "id": null,
        "SOURCE_FILE": "/Users/maples/GitHub/mortalitree_testing/labels/luwajobi_mortalitree_postfire_labels.geojson",
        "SUNETID": "luwajobi",
        "FIRENAME": "NORTH COMPLEX",
        "FIRE_SLUG": "NORTH_COMPLEX",
        "PREFIRE": 0,
        "PREFIRE_STATUS": "postfire",
        "TILE_Z": 17,
        "TILE_X": 21538,
        "TILE_Y": 49672,
        "TILEXYZ": [
          17,
          21538,
          49672
        ],
        "OUTPUT_FILE": "/Users/maples/GitHub/mortalitree_testing/notebooks/single_tiles/postfire/17/21538/49672.geojson",
        "OUTPUT_STATUS_DIR": "postfire",
        "FEATURE_COUNT": 442
      },
      "geometry": {
        "type": "Polygon",
        "coordinates": [
          [
            [
              -120.84277396103857,
              39.891298923775906
            ],
            [
              -120.84272577580518,
              39.89129802707855
            ],
            [
              -120.8427272724923,
              39.89125030469942
            ],
            [
              -120.84277545769234,
              39.89125120139527
            ],
            [
              -120.84277396103857,
              39.891298923775906
            ]
          ]
        ]
      }
    },
    {
      "id": "315",
      "type": "Feature",
      "properties": {
        "id": null,
        "SOURCE_FILE": "/Users/maples/GitHub/mortalitree_testing/labels/luwajobi_mortalitree_postfire_labels.geojson",
        "SUNETID": "luwajobi",
        "FIRENAME": "NORTH COMPLEX",
        "FIRE_SLUG": "NORTH_COMPLEX",
        "PREFIRE": 0,
        "PREFIRE_STATUS": "postfire",
        "TILE_Z": 17,
        "TILE_X": 21538,
        "TILE_Y": 49672,
        "TILEXYZ": [
          17,
          21538,
          49672
        ],
        "OUTPUT_FILE": "/Users/maples/GitHub/mortalitree_testing/notebooks/single_tiles/postfire/17/21538/49672.geojson",
        "OUTPUT_STATUS_DIR": "postfire",
        "FEATURE_COUNT": 442
      },
      "geometry": {
        "type": "Polygon",
        "coordinates": [
          [
            [
              -120.84283992087158,
              39.891227199470876
            ],
            [
              -120.84277108489329,
              39.891225918509576
            ],
            [
              -120.84277283098682,
              39.89117024239821
            ],
            [
              -120.8428416669095,
              39.89117152335698
            ],
            [
              -120.84283992087158,
              39.891227199470876
            ]
          ]
        ]
      }
    },
    {
      "id": "316",
      "type": "Feature",
      "properties": {
        "id": null,
        "SOURCE_FILE": "/Users/maples/GitHub/mortalitree_testing/labels/luwajobi_mortalitree_postfire_labels.geojson",
        "SUNETID": "luwajobi",
        "FIRENAME": "NORTH COMPLEX",
        "FIRE_SLUG": "NORTH_COMPLEX",
        "PREFIRE": 0,
        "PREFIRE_STATUS": "postfire",
        "TILE_Z": 17,
        "TILE_X": 21538,
        "TILE_Y": 49672,
        "TILEXYZ": [
          17,
          21538,
          49672
        ],
        "OUTPUT_FILE": "/Users/maples/GitHub/mortalitree_testing/notebooks/single_tiles/postfire/17/21538/49672.geojson",
        "OUTPUT_STATUS_DIR": "postfire",
        "FEATURE_COUNT": 442
      },
      "geometry": {
        "type": "Polygon",
        "coordinates": [
          [
            [
              -120.84271806216992,
              39.89104984760075
            ],
            [
              -120.8426561099539,
              39.891048694676556
            ],
            [
              -120.84265785612948,
              39.8909930185677
            ],
            [
              -120.84271980829546,
              39.89099417148962
            ],
            [
              -120.84271806216992,
              39.89104984760075
            ]
          ]
        ]
      }
    },
    {
      "id": "317",
      "type": "Feature",
      "properties": {
        "id": null,
        "SOURCE_FILE": "/Users/maples/GitHub/mortalitree_testing/labels/luwajobi_mortalitree_postfire_labels.geojson",
        "SUNETID": "luwajobi",
        "FIRENAME": "NORTH COMPLEX",
        "FIRE_SLUG": "NORTH_COMPLEX",
        "PREFIRE": 0,
        "PREFIRE_STATUS": "postfire",
        "TILE_Z": 17,
        "TILE_X": 21538,
        "TILE_Y": 49672,
        "TILEXYZ": [
          17,
          21538,
          49672
        ],
        "OUTPUT_FILE": "/Users/maples/GitHub/mortalitree_testing/notebooks/single_tiles/postfire/17/21538/49672.geojson",
        "OUTPUT_STATUS_DIR": "postfire",
        "FEATURE_COUNT": 442
      },
      "geometry": {
        "type": "Polygon",
        "coordinates": [
          [
            [
              -120.84277331348736,
              39.89109995242286
            ],
            [
              -120.84270791943165,
              39.89109873547626
            ],
            [
              -120.84270966556844,
              39.89104305936598
            ],
            [
              -120.8427750595713,
              39.8910442763102
            ],
            [
              -120.84277331348736,
              39.89109995242286
            ]
          ]
        ]
      }
    },
    {
      "id": "318",
      "type": "Feature",
      "properties": {
        "id": null,
        "SOURCE_FILE": "/Users/maples/GitHub/mortalitree_testing/labels/luwajobi_mortalitree_postfire_labels.geojson",
        "SUNETID": "luwajobi",
        "FIRENAME": "NORTH COMPLEX",
        "FIRE_SLUG": "NORTH_COMPLEX",
        "PREFIRE": 0,
        "PREFIRE_STATUS": "postfire",
        "TILE_Z": 17,
        "TILE_X": 21538,
        "TILE_Y": 49672,
        "TILEXYZ": [
          17,
          21538,
          49672
        ],
        "OUTPUT_FILE": "/Users/maples/GitHub/mortalitree_testing/notebooks/single_tiles/postfire/17/21538/49672.geojson",
        "OUTPUT_STATUS_DIR": "postfire",
        "FEATURE_COUNT": 442
      },
      "geometry": {
        "type": "Polygon",
        "coordinates": [
          [
            [
              -120.84268690344355,
              39.89100019111553
            ],
            [
              -120.84262839306064,
              39.89099910222897
            ],
            [
              -120.8426297234953,
              39.890956682336956
            ],
            [
              -120.84268823384222,
              39.8909577712219
            ],
            [
              -120.84268690344355,
              39.89100019111553
            ]
          ]
        ]
      }
    },
    {
      "id": "319",
      "type": "Feature",
      "properties": {
        "id": null,
        "SOURCE_FILE": "/Users/maples/GitHub/mortalitree_testing/labels/luwajobi_mortalitree_postfire_labels.geojson",
        "SUNETID": "luwajobi",
        "FIRENAME": "NORTH COMPLEX",
        "FIRE_SLUG": "NORTH_COMPLEX",
        "PREFIRE": 0,
        "PREFIRE_STATUS": "postfire",
        "TILE_Z": 17,
        "TILE_X": 21538,
        "TILE_Y": 49672,
        "TILEXYZ": [
          17,
          21538,
          49672
        ],
        "OUTPUT_FILE": "/Users/maples/GitHub/mortalitree_testing/notebooks/single_tiles/postfire/17/21538/49672.geojson",
        "OUTPUT_STATUS_DIR": "postfire",
        "FEATURE_COUNT": 442
      },
      "geometry": {
        "type": "Polygon",
        "coordinates": [
          [
            [
              -120.84265319965043,
              39.891141488190016
            ],
            [
              -120.8425981309428,
              39.8911404633374
            ],
            [
              -120.84260012663177,
              39.89107683350208
            ],
            [
              -120.84265519528856,
              39.8910778583524
            ],
            [
              -120.84265319965043,
              39.891141488190016
            ]
          ]
        ]
      }
    },
    {
      "id": "320",
      "type": "Feature",
      "properties": {
        "id": null,
        "SOURCE_FILE": "/Users/maples/GitHub/mortalitree_testing/labels/luwajobi_mortalitree_postfire_labels.geojson",
        "SUNETID": "luwajobi",
        "FIRENAME": "NORTH COMPLEX",
        "FIRE_SLUG": "NORTH_COMPLEX",
        "PREFIRE": 0,
        "PREFIRE_STATUS": "postfire",
        "TILE_Z": 17,
        "TILE_X": 21538,
        "TILE_Y": 49672,
        "TILEXYZ": [
          17,
          21538,
          49672
        ],
        "OUTPUT_FILE": "/Users/maples/GitHub/mortalitree_testing/notebooks/single_tiles/postfire/17/21538/49672.geojson",
        "OUTPUT_STATUS_DIR": "postfire",
        "FEATURE_COUNT": 442
      },
      "geometry": {
        "type": "Polygon",
        "coordinates": [
          [
            [
              -120.84276045963843,
              39.891345096361604
            ],
            [
              -120.8426916235458,
              39.89134381535002
            ],
            [
              -120.84269312025904,
              39.89129609297233
            ],
            [
              -120.842761956304,
              39.89129737398177
            ],
            [
              -120.84276045963843,
              39.891345096361604
            ]
          ]
        ]
      }
    },
    {
      "id": "321",
      "type": "Feature",
      "properties": {
        "id": null,
        "SOURCE_FILE": "/Users/maples/GitHub/mortalitree_testing/labels/luwajobi_mortalitree_postfire_labels.geojson",
        "SUNETID": "luwajobi",
        "FIRENAME": "NORTH COMPLEX",
        "FIRE_SLUG": "NORTH_COMPLEX",
        "PREFIRE": 0,
        "PREFIRE_STATUS": "postfire",
        "TILE_Z": 17,
        "TILE_X": 21538,
        "TILE_Y": 49672,
        "TILEXYZ": [
          17,
          21538,
          49672
        ],
        "OUTPUT_FILE": "/Users/maples/GitHub/mortalitree_testing/notebooks/single_tiles/postfire/17/21538/49672.geojson",
        "OUTPUT_STATUS_DIR": "postfire",
        "FEATURE_COUNT": 442
      },
      "geometry": {
        "type": "Polygon",
        "coordinates": [
          [
            [
              -120.84281071479697,
              39.8913898026094
            ],
            [
              -120.84274187865735,
              39.891388521626475
            ],
            [
              -120.84274354163576,
              39.89133549676104
            ],
            [
              -120.84281237772241,
              39.891336777741586
            ],
            [
              -120.84281071479697,
              39.8913898026094
            ]
          ]
        ]
      }
    },
    {
      "id": "322",
      "type": "Feature",
      "properties": {
        "id": null,
        "SOURCE_FILE": "/Users/maples/GitHub/mortalitree_testing/labels/luwajobi_mortalitree_postfire_labels.geojson",
        "SUNETID": "luwajobi",
        "FIRENAME": "NORTH COMPLEX",
        "FIRE_SLUG": "NORTH_COMPLEX",
        "PREFIRE": 0,
        "PREFIRE_STATUS": "postfire",
        "TILE_Z": 17,
        "TILE_X": 21538,
        "TILE_Y": 49672,
        "TILEXYZ": [
          17,
          21538,
          49672
        ],
        "OUTPUT_FILE": "/Users/maples/GitHub/mortalitree_testing/notebooks/single_tiles/postfire/17/21538/49672.geojson",
        "OUTPUT_STATUS_DIR": "postfire",
        "FEATURE_COUNT": 442
      },
      "geometry": {
        "type": "Polygon",
        "coordinates": [
          [
            [
              -120.84263790138895,
              39.891354753131886
            ],
            [
              -120.84257594890168,
              39.8913536001576
            ],
            [
              -120.84257744569568,
              39.89130587778365
            ],
            [
              -120.84263939814002,
              39.891307030755996
            ],
            [
              -120.84263790138895,
              39.891354753131886
            ]
          ]
        ]
      }
    },
    {
      "id": "323",
      "type": "Feature",
      "properties": {
        "id": null,
        "SOURCE_FILE": "/Users/maples/GitHub/mortalitree_testing/labels/luwajobi_mortalitree_postfire_labels.geojson",
        "SUNETID": "luwajobi",
        "FIRENAME": "NORTH COMPLEX",
        "FIRE_SLUG": "NORTH_COMPLEX",
        "PREFIRE": 0,
        "PREFIRE_STATUS": "postfire",
        "TILE_Z": 17,
        "TILE_X": 21538,
        "TILE_Y": 49672,
        "TILEXYZ": [
          17,
          21538,
          49672
        ],
        "OUTPUT_FILE": "/Users/maples/GitHub/mortalitree_testing/notebooks/single_tiles/postfire/17/21538/49672.geojson",
        "OUTPUT_STATUS_DIR": "postfire",
        "FEATURE_COUNT": 442
      },
      "geometry": {
        "type": "Polygon",
        "coordinates": [
          [
            [
              -120.84304883142298,
              39.89126424669894
            ],
            [
              -120.84300408800631,
              39.8912634141587
            ],
            [
              -120.84300600019029,
              39.891202435551534
            ],
            [
              -120.84305074356736,
              39.89120326808998
            ],
            [
              -120.84304883142298,
              39.89126424669894
            ]
          ]
        ]
      }
    },
    {
      "id": "324",
      "type": "Feature",
      "properties": {
        "id": null,
        "SOURCE_FILE": "/Users/maples/GitHub/mortalitree_testing/labels/luwajobi_mortalitree_postfire_labels.geojson",
        "SUNETID": "luwajobi",
        "FIRENAME": "NORTH COMPLEX",
        "FIRE_SLUG": "NORTH_COMPLEX",
        "PREFIRE": 0,
        "PREFIRE_STATUS": "postfire",
        "TILE_Z": 17,
        "TILE_X": 21538,
        "TILE_Y": 49672,
        "TILEXYZ": [
          17,
          21538,
          49672
        ],
        "OUTPUT_FILE": "/Users/maples/GitHub/mortalitree_testing/notebooks/single_tiles/postfire/17/21538/49672.geojson",
        "OUTPUT_STATUS_DIR": "postfire",
        "FEATURE_COUNT": 442
      },
      "geometry": {
        "type": "Polygon",
        "coordinates": [
          [
            [
              -120.84304721025251,
              39.89131594595379
            ],
            [
              -120.84296116515759,
              39.89131434489665
            ],
            [
              -120.84296390878363,
              39.891226853854604
            ],
            [
              -120.8430499537693,
              39.891228454906816
            ],
            [
              -120.84304721025251,
              39.89131594595379
            ]
          ]
        ]
      }
    },
    {
      "id": "325",
      "type": "Feature",
      "properties": {
        "id": null,
        "SOURCE_FILE": "/Users/maples/GitHub/mortalitree_testing/labels/luwajobi_mortalitree_postfire_labels.geojson",
        "SUNETID": "luwajobi",
        "FIRENAME": "NORTH COMPLEX",
        "FIRE_SLUG": "NORTH_COMPLEX",
        "PREFIRE": 0,
        "PREFIRE_STATUS": "postfire",
        "TILE_Z": 17,
        "TILE_X": 21538,
        "TILE_Y": 49672,
        "TILEXYZ": [
          17,
          21538,
          49672
        ],
        "OUTPUT_FILE": "/Users/maples/GitHub/mortalitree_testing/notebooks/single_tiles/postfire/17/21538/49672.geojson",
        "OUTPUT_STATUS_DIR": "postfire",
        "FEATURE_COUNT": 442
      },
      "geometry": {
        "type": "Polygon",
        "coordinates": [
          [
            [
              -120.84297698583318,
              39.89130402811683
            ],
            [
              -120.84291847518072,
              39.89130293936974
            ],
            [
              -120.84291980545092,
              39.891260519471864
            ],
            [
              -120.84297831606735,
              39.89126160821731
            ],
            [
              -120.84297698583318,
              39.89130402811683
            ]
          ]
        ]
      }
    },
    {
      "id": "326",
      "type": "Feature",
      "properties": {
        "id": null,
        "SOURCE_FILE": "/Users/maples/GitHub/mortalitree_testing/labels/luwajobi_mortalitree_postfire_labels.geojson",
        "SUNETID": "luwajobi",
        "FIRENAME": "NORTH COMPLEX",
        "FIRE_SLUG": "NORTH_COMPLEX",
        "PREFIRE": 0,
        "PREFIRE_STATUS": "postfire",
        "TILE_Z": 17,
        "TILE_X": 21538,
        "TILE_Y": 49672,
        "TILEXYZ": [
          17,
          21538,
          49672
        ],
        "OUTPUT_FILE": "/Users/maples/GitHub/mortalitree_testing/notebooks/single_tiles/postfire/17/21538/49672.geojson",
        "OUTPUT_STATUS_DIR": "postfire",
        "FEATURE_COUNT": 442
      },
      "geometry": {
        "type": "Polygon",
        "coordinates": [
          [
            [
              -120.84291932309156,
              39.89133080944997
            ],
            [
              -120.84287457963546,
              39.89132997685862
            ],
            [
              -120.84287624250817,
              39.891276951988
            ],
            [
              -120.84292098592985,
              39.89127778457779
            ],
            [
              -120.84291932309156,
              39.89133080944997
            ]
          ]
        ]
      }
    },
    {
      "id": "327",
      "type": "Feature",
      "properties": {
        "id": null,
        "SOURCE_FILE": "/Users/maples/GitHub/mortalitree_testing/labels/luwajobi_mortalitree_postfire_labels.geojson",
        "SUNETID": "luwajobi",
        "FIRENAME": "NORTH COMPLEX",
        "FIRE_SLUG": "NORTH_COMPLEX",
        "PREFIRE": 0,
        "PREFIRE_STATUS": "postfire",
        "TILE_Z": 17,
        "TILE_X": 21538,
        "TILE_Y": 49672,
        "TILEXYZ": [
          17,
          21538,
          49672
        ],
        "OUTPUT_FILE": "/Users/maples/GitHub/mortalitree_testing/notebooks/single_tiles/postfire/17/21538/49672.geojson",
        "OUTPUT_STATUS_DIR": "postfire",
        "FEATURE_COUNT": 442
      },
      "geometry": {
        "type": "Polygon",
        "coordinates": [
          [
            [
              -120.84295098097328,
              39.891364558416754
            ],
            [
              -120.84290967930033,
              39.891363789882234
            ],
            [
              -120.84291100957881,
              39.891321369985036
            ],
            [
              -120.84295231122637,
              39.891322138518404
            ],
            [
              -120.84295098097328,
              39.891364558416754
            ]
          ]
        ]
      }
    },
    {
      "id": "328",
      "type": "Feature",
      "properties": {
        "id": null,
        "SOURCE_FILE": "/Users/maples/GitHub/mortalitree_testing/labels/luwajobi_mortalitree_postfire_labels.geojson",
        "SUNETID": "luwajobi",
        "FIRENAME": "NORTH COMPLEX",
        "FIRE_SLUG": "NORTH_COMPLEX",
        "PREFIRE": 0,
        "PREFIRE_STATUS": "postfire",
        "TILE_Z": 17,
        "TILE_X": 21538,
        "TILE_Y": 49672,
        "TILEXYZ": [
          17,
          21538,
          49672
        ],
        "OUTPUT_FILE": "/Users/maples/GitHub/mortalitree_testing/notebooks/single_tiles/postfire/17/21538/49672.geojson",
        "OUTPUT_STATUS_DIR": "postfire",
        "FEATURE_COUNT": 442
      },
      "geometry": {
        "type": "Polygon",
        "coordinates": [
          [
            [
              -120.84299120183582,
              39.891399793104654
            ],
            [
              -120.84294645833275,
              39.89139896053984
            ],
            [
              -120.84294778859022,
              39.89135654064187
            ],
            [
              -120.84299253206574,
              39.89135737320544
            ],
            [
              -120.84299120183582,
              39.891399793104654
            ]
          ]
        ]
      }
    },
    {
      "id": "329",
      "type": "Feature",
      "properties": {
        "id": null,
        "SOURCE_FILE": "/Users/maples/GitHub/mortalitree_testing/labels/luwajobi_mortalitree_postfire_labels.geojson",
        "SUNETID": "luwajobi",
        "FIRENAME": "NORTH COMPLEX",
        "FIRE_SLUG": "NORTH_COMPLEX",
        "PREFIRE": 0,
        "PREFIRE_STATUS": "postfire",
        "TILE_Z": 17,
        "TILE_X": 21538,
        "TILE_Y": 49672,
        "TILEXYZ": [
          17,
          21538,
          49672
        ],
        "OUTPUT_FILE": "/Users/maples/GitHub/mortalitree_testing/notebooks/single_tiles/postfire/17/21538/49672.geojson",
        "OUTPUT_STATUS_DIR": "postfire",
        "FEATURE_COUNT": 442
      },
      "geometry": {
        "type": "Polygon",
        "coordinates": [
          [
            [
              -120.84306835154086,
              39.8914105133948
            ],
            [
              -120.84300984079437,
              39.891409424691425
            ],
            [
              -120.84301125415185,
              39.891364353548035
            ],
            [
              -120.84306976486008,
              39.89136544224969
            ],
            [
              -120.84306835154086,
              39.8914105133948
            ]
          ]
        ]
      }
    },
    {
      "id": "330",
      "type": "Feature",
      "properties": {
        "id": null,
        "SOURCE_FILE": "/Users/maples/GitHub/mortalitree_testing/labels/luwajobi_mortalitree_postfire_labels.geojson",
        "SUNETID": "luwajobi",
        "FIRENAME": "NORTH COMPLEX",
        "FIRE_SLUG": "NORTH_COMPLEX",
        "PREFIRE": 0,
        "PREFIRE_STATUS": "postfire",
        "TILE_Z": 17,
        "TILE_X": 21538,
        "TILE_Y": 49672,
        "TILEXYZ": [
          17,
          21538,
          49672
        ],
        "OUTPUT_FILE": "/Users/maples/GitHub/mortalitree_testing/notebooks/single_tiles/postfire/17/21538/49672.geojson",
        "OUTPUT_STATUS_DIR": "postfire",
        "FEATURE_COUNT": 442
      },
      "geometry": {
        "type": "Polygon",
        "coordinates": [
          [
            [
              -120.84311775896057,
              39.891427349434856
            ],
            [
              -120.84305924819783,
              39.89142626075602
            ],
            [
              -120.8430606615238,
              39.891381189611295
            ],
            [
              -120.84311917224827,
              39.8913822782884
            ],
            [
              -120.84311775896057,
              39.891427349434856
            ]
          ]
        ]
      }
    },
    {
      "id": "331",
      "type": "Feature",
      "properties": {
        "id": null,
        "SOURCE_FILE": "/Users/maples/GitHub/mortalitree_testing/labels/luwajobi_mortalitree_postfire_labels.geojson",
        "SUNETID": "luwajobi",
        "FIRENAME": "NORTH COMPLEX",
        "FIRE_SLUG": "NORTH_COMPLEX",
        "PREFIRE": 0,
        "PREFIRE_STATUS": "postfire",
        "TILE_Z": 17,
        "TILE_X": 21538,
        "TILE_Y": 49672,
        "TILEXYZ": [
          17,
          21538,
          49672
        ],
        "OUTPUT_FILE": "/Users/maples/GitHub/mortalitree_testing/notebooks/single_tiles/postfire/17/21538/49672.geojson",
        "OUTPUT_STATUS_DIR": "postfire",
        "FEATURE_COUNT": 442
      },
      "geometry": {
        "type": "Polygon",
        "coordinates": [
          [
            [
              -120.84312114255515,
              39.8913743565761
            ],
            [
              -120.84306951545103,
              39.89137339598122
            ],
            [
              -120.84307084563144,
              39.89133097607962
            ],
            [
              -120.84312247270377,
              39.89133193667307
            ],
            [
              -120.84312114255515,
              39.8913743565761
            ]
          ]
        ]
      }
    },
    {
      "id": "332",
      "type": "Feature",
      "properties": {
        "id": null,
        "SOURCE_FILE": "/Users/maples/GitHub/mortalitree_testing/labels/luwajobi_mortalitree_postfire_labels.geojson",
        "SUNETID": "luwajobi",
        "FIRENAME": "NORTH COMPLEX",
        "FIRE_SLUG": "NORTH_COMPLEX",
        "PREFIRE": 0,
        "PREFIRE_STATUS": "postfire",
        "TILE_Z": 17,
        "TILE_X": 21538,
        "TILE_Y": 49672,
        "TILEXYZ": [
          17,
          21538,
          49672
        ],
        "OUTPUT_FILE": "/Users/maples/GitHub/mortalitree_testing/notebooks/single_tiles/postfire/17/21538/49672.geojson",
        "OUTPUT_STATUS_DIR": "postfire",
        "FEATURE_COUNT": 442
      },
      "geometry": {
        "type": "Polygon",
        "coordinates": [
          [
            [
              -120.84312591450868,
              39.891332000711806
            ],
            [
              -120.843063962022,
              39.891330847998745
            ],
            [
              -120.84306529220382,
              39.89128842809701
            ],
            [
              -120.84312724465238,
              39.891289580808355
            ],
            [
              -120.84312591450868,
              39.891332000711806
            ]
          ]
        ]
      }
    },
    {
      "id": "333",
      "type": "Feature",
      "properties": {
        "id": null,
        "SOURCE_FILE": "/Users/maples/GitHub/mortalitree_testing/labels/luwajobi_mortalitree_postfire_labels.geojson",
        "SUNETID": "luwajobi",
        "FIRENAME": "NORTH COMPLEX",
        "FIRE_SLUG": "NORTH_COMPLEX",
        "PREFIRE": 0,
        "PREFIRE_STATUS": "postfire",
        "TILE_Z": 17,
        "TILE_X": 21538,
        "TILE_Y": 49672,
        "TILEXYZ": [
          17,
          21538,
          49672
        ],
        "OUTPUT_FILE": "/Users/maples/GitHub/mortalitree_testing/notebooks/single_tiles/postfire/17/21538/49672.geojson",
        "OUTPUT_STATUS_DIR": "postfire",
        "FEATURE_COUNT": 442
      },
      "geometry": {
        "type": "Polygon",
        "coordinates": [
          [
            [
              -120.8431290071207,
              39.89128828720564
            ],
            [
              -120.84307049647578,
              39.89128719853561
            ],
            [
              -120.84307199292329,
              39.891239476145564
            ],
            [
              -120.84313050352768,
              39.89124056481377
            ],
            [
              -120.8431290071207,
              39.89128828720564
            ]
          ]
        ]
      }
    },
    {
      "id": "334",
      "type": "Feature",
      "properties": {
        "id": null,
        "SOURCE_FILE": "/Users/maples/GitHub/mortalitree_testing/labels/luwajobi_mortalitree_postfire_labels.geojson",
        "SUNETID": "luwajobi",
        "FIRENAME": "NORTH COMPLEX",
        "FIRE_SLUG": "NORTH_COMPLEX",
        "PREFIRE": 0,
        "PREFIRE_STATUS": "postfire",
        "TILE_Z": 17,
        "TILE_X": 21538,
        "TILE_Y": 49672,
        "TILEXYZ": [
          17,
          21538,
          49672
        ],
        "OUTPUT_FILE": "/Users/maples/GitHub/mortalitree_testing/notebooks/single_tiles/postfire/17/21538/49672.geojson",
        "OUTPUT_STATUS_DIR": "postfire",
        "FEATURE_COUNT": 442
      },
      "geometry": {
        "type": "Polygon",
        "coordinates": [
          [
            [
              -120.84307909145053,
              39.891580818307055
            ],
            [
              -120.8430172820976,
              39.89157966823049
            ],
            [
              -120.8430189173285,
              39.89152752179979
            ],
            [
              -120.84308072663467,
              39.89152867187425
            ],
            [
              -120.84307909145053,
              39.891580818307055
            ]
          ]
        ]
      }
    },
    {
      "id": "335",
      "type": "Feature",
      "properties": {
        "id": null,
        "SOURCE_FILE": "/Users/maples/GitHub/mortalitree_testing/labels/luwajobi_mortalitree_postfire_labels.geojson",
        "SUNETID": "luwajobi",
        "FIRENAME": "NORTH COMPLEX",
        "FIRE_SLUG": "NORTH_COMPLEX",
        "PREFIRE": 0,
        "PREFIRE_STATUS": "postfire",
        "TILE_Z": 17,
        "TILE_X": 21538,
        "TILE_Y": 49672,
        "TILEXYZ": [
          17,
          21538,
          49672
        ],
        "OUTPUT_FILE": "/Users/maples/GitHub/mortalitree_testing/notebooks/single_tiles/postfire/17/21538/49672.geojson",
        "OUTPUT_STATUS_DIR": "postfire",
        "FEATURE_COUNT": 442
      },
      "geometry": {
        "type": "Polygon",
        "coordinates": [
          [
            [
              -120.84319780455236,
              39.891504761801755
            ],
            [
              -120.84314188186175,
              39.89150372131659
            ],
            [
              -120.84314309043805,
              39.89146517829895
            ],
            [
              -120.84319901309739,
              39.89146621878272
            ],
            [
              -120.84319780455236,
              39.891504761801755
            ]
          ]
        ]
      }
    },
    {
      "id": "336",
      "type": "Feature",
      "properties": {
        "id": null,
        "SOURCE_FILE": "/Users/maples/GitHub/mortalitree_testing/labels/luwajobi_mortalitree_postfire_labels.geojson",
        "SUNETID": "luwajobi",
        "FIRENAME": "NORTH COMPLEX",
        "FIRE_SLUG": "NORTH_COMPLEX",
        "PREFIRE": 0,
        "PREFIRE_STATUS": "postfire",
        "TILE_Z": 17,
        "TILE_X": 21538,
        "TILE_Y": 49672,
        "TILEXYZ": [
          17,
          21538,
          49672
        ],
        "OUTPUT_FILE": "/Users/maples/GitHub/mortalitree_testing/notebooks/single_tiles/postfire/17/21538/49672.geojson",
        "OUTPUT_STATUS_DIR": "postfire",
        "FEATURE_COUNT": 442
      },
      "geometry": {
        "type": "Polygon",
        "coordinates": [
          [
            [
              -120.84318569716551,
              39.891468239591184
            ],
            [
              -120.84312388790934,
              39.891467089574114
            ],
            [
              -120.84312545195985,
              39.891417210375046
            ],
            [
              -120.84318726117127,
              39.8914183603901
            ],
            [
              -120.84318569716551,
              39.891468239591184
            ]
          ]
        ]
      }
    },
    {
      "id": "337",
      "type": "Feature",
      "properties": {
        "id": null,
        "SOURCE_FILE": "/Users/maples/GitHub/mortalitree_testing/labels/luwajobi_mortalitree_postfire_labels.geojson",
        "SUNETID": "luwajobi",
        "FIRENAME": "NORTH COMPLEX",
        "FIRE_SLUG": "NORTH_COMPLEX",
        "PREFIRE": 0,
        "PREFIRE_STATUS": "postfire",
        "TILE_Z": 17,
        "TILE_X": 21538,
        "TILE_Y": 49672,
        "TILEXYZ": [
          17,
          21538,
          49672
        ],
        "OUTPUT_FILE": "/Users/maples/GitHub/mortalitree_testing/notebooks/single_tiles/postfire/17/21538/49672.geojson",
        "OUTPUT_STATUS_DIR": "postfire",
        "FEATURE_COUNT": 442
      },
      "geometry": {
        "type": "Polygon",
        "coordinates": [
          [
            [
              -120.84321497366675,
              39.8914268159518
            ],
            [
              -120.84317376751959,
              39.89142604928848
            ],
            [
              -120.84317476280044,
              39.89139430797878
            ],
            [
              -120.8432159689286,
              39.89139507464125
            ],
            [
              -120.84321497366675,
              39.8914268159518
            ]
          ]
        ]
      }
    },
    {
      "id": "338",
      "type": "Feature",
      "properties": {
        "id": null,
        "SOURCE_FILE": "/Users/maples/GitHub/mortalitree_testing/labels/luwajobi_mortalitree_postfire_labels.geojson",
        "SUNETID": "luwajobi",
        "FIRENAME": "NORTH COMPLEX",
        "FIRE_SLUG": "NORTH_COMPLEX",
        "PREFIRE": 0,
        "PREFIRE_STATUS": "postfire",
        "TILE_Z": 17,
        "TILE_X": 21538,
        "TILE_Y": 49672,
        "TILEXYZ": [
          17,
          21538,
          49672
        ],
        "OUTPUT_FILE": "/Users/maples/GitHub/mortalitree_testing/notebooks/single_tiles/postfire/17/21538/49672.geojson",
        "OUTPUT_STATUS_DIR": "postfire",
        "FEATURE_COUNT": 442
      },
      "geometry": {
        "type": "Polygon",
        "coordinates": [
          [
            [
              -120.84325250440803,
              39.891497839552144
            ],
            [
              -120.84320835491805,
              39.89149701813966
            ],
            [
              -120.84320942127592,
              39.891463009593174
            ],
            [
              -120.84325357074412,
              39.891463831004664
            ],
            [
              -120.84325250440803,
              39.891497839552144
            ]
          ]
        ]
      }
    },
    {
      "id": "339",
      "type": "Feature",
      "properties": {
        "id": null,
        "SOURCE_FILE": "/Users/maples/GitHub/mortalitree_testing/labels/luwajobi_mortalitree_postfire_labels.geojson",
        "SUNETID": "luwajobi",
        "FIRENAME": "NORTH COMPLEX",
        "FIRE_SLUG": "NORTH_COMPLEX",
        "PREFIRE": 0,
        "PREFIRE_STATUS": "postfire",
        "TILE_Z": 17,
        "TILE_X": 21538,
        "TILE_Y": 49672,
        "TILEXYZ": [
          17,
          21538,
          49672
        ],
        "OUTPUT_FILE": "/Users/maples/GitHub/mortalitree_testing/notebooks/single_tiles/postfire/17/21538/49672.geojson",
        "OUTPUT_STATUS_DIR": "postfire",
        "FEATURE_COUNT": 442
      },
      "geometry": {
        "type": "Polygon",
        "coordinates": [
          [
            [
              -120.84328458200491,
              39.891461005127894
            ],
            [
              -120.84323748923988,
              39.89146012896768
            ],
            [
              -120.84323862667138,
              39.89142385318383
            ],
            [
              -120.84328571941163,
              39.89142472934294
            ],
            [
              -120.84328458200491,
              39.891461005127894
            ]
          ]
        ]
      }
    },
    {
      "id": "340",
      "type": "Feature",
      "properties": {
        "id": null,
        "SOURCE_FILE": "/Users/maples/GitHub/mortalitree_testing/labels/luwajobi_mortalitree_postfire_labels.geojson",
        "SUNETID": "luwajobi",
        "FIRENAME": "NORTH COMPLEX",
        "FIRE_SLUG": "NORTH_COMPLEX",
        "PREFIRE": 0,
        "PREFIRE_STATUS": "postfire",
        "TILE_Z": 17,
        "TILE_X": 21538,
        "TILE_Y": 49672,
        "TILEXYZ": [
          17,
          21538,
          49672
        ],
        "OUTPUT_FILE": "/Users/maples/GitHub/mortalitree_testing/notebooks/single_tiles/postfire/17/21538/49672.geojson",
        "OUTPUT_STATUS_DIR": "postfire",
        "FEATURE_COUNT": 442
      },
      "geometry": {
        "type": "Polygon",
        "coordinates": [
          [
            [
              -120.84332529056942,
              39.8914776424087
            ],
            [
              -120.84327819779175,
              39.8914767662647
            ],
            [
              -120.84327933520245,
              39.89144049047998
            ],
            [
              -120.84332642795535,
              39.89144136662285
            ],
            [
              -120.84332529056942,
              39.8914776424087
            ]
          ]
        ]
      }
    },
    {
      "id": "341",
      "type": "Feature",
      "properties": {
        "id": null,
        "SOURCE_FILE": "/Users/maples/GitHub/mortalitree_testing/labels/luwajobi_mortalitree_postfire_labels.geojson",
        "SUNETID": "luwajobi",
        "FIRENAME": "NORTH COMPLEX",
        "FIRE_SLUG": "NORTH_COMPLEX",
        "PREFIRE": 0,
        "PREFIRE_STATUS": "postfire",
        "TILE_Z": 17,
        "TILE_X": 21538,
        "TILE_Y": 49672,
        "TILEXYZ": [
          17,
          21538,
          49672
        ],
        "OUTPUT_FILE": "/Users/maples/GitHub/mortalitree_testing/notebooks/single_tiles/postfire/17/21538/49672.geojson",
        "OUTPUT_STATUS_DIR": "postfire",
        "FEATURE_COUNT": 442
      },
      "geometry": {
        "type": "Polygon",
        "coordinates": [
          [
            [
              -120.84313037172942,
              39.8915420726624
            ],
            [
              -120.84308033561277,
              39.89154114167344
            ],
            [
              -120.84308154422513,
              39.89150259865763
            ],
            [
              -120.84313158031381,
              39.89150352964532
            ],
            [
              -120.84313037172942,
              39.8915420726624
            ]
          ]
        ]
      }
    },
    {
      "id": "342",
      "type": "Feature",
      "properties": {
        "id": null,
        "SOURCE_FILE": "/Users/maples/GitHub/mortalitree_testing/labels/luwajobi_mortalitree_postfire_labels.geojson",
        "SUNETID": "luwajobi",
        "FIRENAME": "NORTH COMPLEX",
        "FIRE_SLUG": "NORTH_COMPLEX",
        "PREFIRE": 0,
        "PREFIRE_STATUS": "postfire",
        "TILE_Z": 17,
        "TILE_X": 21538,
        "TILE_Y": 49672,
        "TILEXYZ": [
          17,
          21538,
          49672
        ],
        "OUTPUT_FILE": "/Users/maples/GitHub/mortalitree_testing/notebooks/single_tiles/postfire/17/21538/49672.geojson",
        "OUTPUT_STATUS_DIR": "postfire",
        "FEATURE_COUNT": 442
      },
      "geometry": {
        "type": "Polygon",
        "coordinates": [
          [
            [
              -120.84284971313103,
              39.891523239000016
            ],
            [
              -120.84279379043824,
              39.89152219834661
            ],
            [
              -120.84279521252274,
              39.89147685363049
            ],
            [
              -120.84285113517875,
              39.89147789428225
            ],
            [
              -120.84284971313103,
              39.891523239000016
            ]
          ]
        ]
      }
    },
    {
      "id": "343",
      "type": "Feature",
      "properties": {
        "id": null,
        "SOURCE_FILE": "/Users/maples/GitHub/mortalitree_testing/labels/luwajobi_mortalitree_postfire_labels.geojson",
        "SUNETID": "luwajobi",
        "FIRENAME": "NORTH COMPLEX",
        "FIRE_SLUG": "NORTH_COMPLEX",
        "PREFIRE": 0,
        "PREFIRE_STATUS": "postfire",
        "TILE_Z": 17,
        "TILE_X": 21538,
        "TILE_Y": 49672,
        "TILEXYZ": [
          17,
          21538,
          49672
        ],
        "OUTPUT_FILE": "/Users/maples/GitHub/mortalitree_testing/notebooks/single_tiles/postfire/17/21538/49672.geojson",
        "OUTPUT_STATUS_DIR": "postfire",
        "FEATURE_COUNT": 442
      },
      "geometry": {
        "type": "Polygon",
        "coordinates": [
          [
            [
              -120.84277950056922,
              39.891508321071306
            ],
            [
              -120.84272063459234,
              39.89150722561062
            ],
            [
              -120.84272205672431,
              39.891461880896564
            ],
            [
              -120.84278092266244,
              39.89146297635551
            ],
            [
              -120.84277950056922,
              39.891508321071306
            ]
          ]
        ]
      }
    },
    {
      "id": "344",
      "type": "Feature",
      "properties": {
        "id": null,
        "SOURCE_FILE": "/Users/maples/GitHub/mortalitree_testing/labels/luwajobi_mortalitree_postfire_labels.geojson",
        "SUNETID": "luwajobi",
        "FIRENAME": "NORTH COMPLEX",
        "FIRE_SLUG": "NORTH_COMPLEX",
        "PREFIRE": 0,
        "PREFIRE_STATUS": "postfire",
        "TILE_Z": 17,
        "TILE_X": 21538,
        "TILE_Y": 49672,
        "TILEXYZ": [
          17,
          21538,
          49672
        ],
        "OUTPUT_FILE": "/Users/maples/GitHub/mortalitree_testing/notebooks/single_tiles/postfire/17/21538/49672.geojson",
        "OUTPUT_STATUS_DIR": "postfire",
        "FEATURE_COUNT": 442
      },
      "geometry": {
        "type": "Polygon",
        "coordinates": [
          [
            [
              -120.84283805405211,
              39.891425474003725
            ],
            [
              -120.84279096132522,
              39.89142459766284
            ],
            [
              -120.84279209899067,
              39.89138832188943
            ],
            [
              -120.84283919169276,
              39.891389198229184
            ],
            [
              -120.84283805405211,
              39.891425474003725
            ]
          ]
        ]
      }
    },
    {
      "id": "345",
      "type": "Feature",
      "properties": {
        "id": null,
        "SOURCE_FILE": "/Users/maples/GitHub/mortalitree_testing/labels/luwajobi_mortalitree_postfire_labels.geojson",
        "SUNETID": "luwajobi",
        "FIRENAME": "NORTH COMPLEX",
        "FIRE_SLUG": "NORTH_COMPLEX",
        "PREFIRE": 0,
        "PREFIRE_STATUS": "postfire",
        "TILE_Z": 17,
        "TILE_X": 21538,
        "TILE_Y": 49672,
        "TILEXYZ": [
          17,
          21538,
          49672
        ],
        "OUTPUT_FILE": "/Users/maples/GitHub/mortalitree_testing/notebooks/single_tiles/postfire/17/21538/49672.geojson",
        "OUTPUT_STATUS_DIR": "postfire",
        "FEATURE_COUNT": 442
      },
      "geometry": {
        "type": "Polygon",
        "coordinates": [
          [
            [
              -120.842823209402,
              39.89147624034182
            ],
            [
              -120.8427643434509,
              39.89147514490403
            ],
            [
              -120.8427659788674,
              39.891422998481055
            ],
            [
              -120.84282484477399,
              39.891424093916825
            ],
            [
              -120.842823209402,
              39.89147624034182
            ]
          ]
        ]
      }
    },
    {
      "id": "346",
      "type": "Feature",
      "properties": {
        "id": null,
        "SOURCE_FILE": "/Users/maples/GitHub/mortalitree_testing/labels/luwajobi_mortalitree_postfire_labels.geojson",
        "SUNETID": "luwajobi",
        "FIRENAME": "NORTH COMPLEX",
        "FIRE_SLUG": "NORTH_COMPLEX",
        "PREFIRE": 0,
        "PREFIRE_STATUS": "postfire",
        "TILE_Z": 17,
        "TILE_X": 21538,
        "TILE_Y": 49672,
        "TILEXYZ": [
          17,
          21538,
          49672
        ],
        "OUTPUT_FILE": "/Users/maples/GitHub/mortalitree_testing/notebooks/single_tiles/postfire/17/21538/49672.geojson",
        "OUTPUT_STATUS_DIR": "postfire",
        "FEATURE_COUNT": 442
      },
      "geometry": {
        "type": "Polygon",
        "coordinates": [
          [
            [
              -120.8430024164805,
              39.89144327808127
            ],
            [
              -120.84295238043991,
              39.891442347039
            ],
            [
              -120.84295351802099,
              39.89140607126186
            ],
            [
              -120.84300355403525,
              39.89140700230292
            ],
            [
              -120.8430024164805,
              39.89144327808127
            ]
          ]
        ]
      }
    },
    {
      "id": "347",
      "type": "Feature",
      "properties": {
        "id": null,
        "SOURCE_FILE": "/Users/maples/GitHub/mortalitree_testing/labels/luwajobi_mortalitree_postfire_labels.geojson",
        "SUNETID": "luwajobi",
        "FIRENAME": "NORTH COMPLEX",
        "FIRE_SLUG": "NORTH_COMPLEX",
        "PREFIRE": 0,
        "PREFIRE_STATUS": "postfire",
        "TILE_Z": 17,
        "TILE_X": 21538,
        "TILE_Y": 49672,
        "TILEXYZ": [
          17,
          21538,
          49672
        ],
        "OUTPUT_FILE": "/Users/maples/GitHub/mortalitree_testing/notebooks/single_tiles/postfire/17/21538/49672.geojson",
        "OUTPUT_STATUS_DIR": "postfire",
        "FEATURE_COUNT": 442
      },
      "geometry": {
        "type": "Polygon",
        "coordinates": [
          [
            [
              -120.84287190859526,
              39.89156675464399
            ],
            [
              -120.84283070237363,
              39.891565987856545
            ],
            [
              -120.84283198222992,
              39.89152517761138
            ],
            [
              -120.84287318842718,
              39.89152594439772
            ],
            [
              -120.84287190859526,
              39.89156675464399
            ]
          ]
        ]
      }
    },
    {
      "id": "348",
      "type": "Feature",
      "properties": {
        "id": null,
        "SOURCE_FILE": "/Users/maples/GitHub/mortalitree_testing/labels/luwajobi_mortalitree_postfire_labels.geojson",
        "SUNETID": "luwajobi",
        "FIRENAME": "NORTH COMPLEX",
        "FIRE_SLUG": "NORTH_COMPLEX",
        "PREFIRE": 0,
        "PREFIRE_STATUS": "postfire",
        "TILE_Z": 17,
        "TILE_X": 21538,
        "TILE_Y": 49672,
        "TILEXYZ": [
          17,
          21538,
          49672
        ],
        "OUTPUT_FILE": "/Users/maples/GitHub/mortalitree_testing/notebooks/single_tiles/postfire/17/21538/49672.geojson",
        "OUTPUT_STATUS_DIR": "postfire",
        "FEATURE_COUNT": 442
      },
      "geometry": {
        "type": "Polygon",
        "coordinates": [
          [
            [
              -120.8425818017806,
              39.89152052180886
            ],
            [
              -120.84252882239878,
              39.89151953580502
            ],
            [
              -120.8425301735449,
              39.89147645833223
            ],
            [
              -120.84258315289358,
              39.89147744433456
            ],
            [
              -120.8425818017806,
              39.89152052180886
            ]
          ]
        ]
      }
    },
    {
      "id": "349",
      "type": "Feature",
      "properties": {
        "id": null,
        "SOURCE_FILE": "/Users/maples/GitHub/mortalitree_testing/labels/luwajobi_mortalitree_postfire_labels.geojson",
        "SUNETID": "luwajobi",
        "FIRENAME": "NORTH COMPLEX",
        "FIRE_SLUG": "NORTH_COMPLEX",
        "PREFIRE": 0,
        "PREFIRE_STATUS": "postfire",
        "TILE_Z": 17,
        "TILE_X": 21538,
        "TILE_Y": 49672,
        "TILEXYZ": [
          17,
          21538,
          49672
        ],
        "OUTPUT_FILE": "/Users/maples/GitHub/mortalitree_testing/notebooks/single_tiles/postfire/17/21538/49672.geojson",
        "OUTPUT_STATUS_DIR": "postfire",
        "FEATURE_COUNT": 442
      },
      "geometry": {
        "type": "Polygon",
        "coordinates": [
          [
            [
              -120.84249779727755,
              39.89147585576333
            ],
            [
              -120.84244481793306,
              39.89147486972203
            ],
            [
              -120.84244645359166,
              39.89142272331005
            ],
            [
              -120.84249943289608,
              39.89142370934954
            ],
            [
              -120.84249779727755,
              39.89147585576333
            ]
          ]
        ]
      }
    },
    {
      "id": "350",
      "type": "Feature",
      "properties": {
        "id": null,
        "SOURCE_FILE": "/Users/maples/GitHub/mortalitree_testing/labels/luwajobi_mortalitree_postfire_labels.geojson",
        "SUNETID": "luwajobi",
        "FIRENAME": "NORTH COMPLEX",
        "FIRE_SLUG": "NORTH_COMPLEX",
        "PREFIRE": 0,
        "PREFIRE_STATUS": "postfire",
        "TILE_Z": 17,
        "TILE_X": 21538,
        "TILE_Y": 49672,
        "TILEXYZ": [
          17,
          21538,
          49672
        ],
        "OUTPUT_FILE": "/Users/maples/GitHub/mortalitree_testing/notebooks/single_tiles/postfire/17/21538/49672.geojson",
        "OUTPUT_STATUS_DIR": "postfire",
        "FEATURE_COUNT": 442
      },
      "geometry": {
        "type": "Polygon",
        "coordinates": [
          [
            [
              -120.8425102677782,
              39.89140689681103
            ],
            [
              -120.84247200495606,
              39.89140618467765
            ],
            [
              -120.8424733561323,
              39.89136310720563
            ],
            [
              -120.84251161893054,
              39.89136381933792
            ],
            [
              -120.8425102677782,
              39.89140689681103
            ]
          ]
        ]
      }
    },
    {
      "id": "351",
      "type": "Feature",
      "properties": {
        "id": null,
        "SOURCE_FILE": "/Users/maples/GitHub/mortalitree_testing/labels/luwajobi_mortalitree_postfire_labels.geojson",
        "SUNETID": "luwajobi",
        "FIRENAME": "NORTH COMPLEX",
        "FIRE_SLUG": "NORTH_COMPLEX",
        "PREFIRE": 0,
        "PREFIRE_STATUS": "postfire",
        "TILE_Z": 17,
        "TILE_X": 21538,
        "TILE_Y": 49672,
        "TILEXYZ": [
          17,
          21538,
          49672
        ],
        "OUTPUT_FILE": "/Users/maples/GitHub/mortalitree_testing/notebooks/single_tiles/postfire/17/21538/49672.geojson",
        "OUTPUT_STATUS_DIR": "postfire",
        "FEATURE_COUNT": 442
      },
      "geometry": {
        "type": "Polygon",
        "coordinates": [
          [
            [
              -120.84243280385755,
              39.89138844087639
            ],
            [
              -120.8423886544616,
              39.89138761915373
            ],
            [
              -120.84238993457197,
              39.8913468089192
            ],
            [
              -120.84243408394178,
              39.891347630640674
            ],
            [
              -120.84243280385755,
              39.89138844087639
            ]
          ]
        ]
      }
    },
    {
      "id": "352",
      "type": "Feature",
      "properties": {
        "id": null,
        "SOURCE_FILE": "/Users/maples/GitHub/mortalitree_testing/labels/luwajobi_mortalitree_postfire_labels.geojson",
        "SUNETID": "luwajobi",
        "FIRENAME": "NORTH COMPLEX",
        "FIRE_SLUG": "NORTH_COMPLEX",
        "PREFIRE": 0,
        "PREFIRE_STATUS": "postfire",
        "TILE_Z": 17,
        "TILE_X": 21538,
        "TILE_Y": 49672,
        "TILEXYZ": [
          17,
          21538,
          49672
        ],
        "OUTPUT_FILE": "/Users/maples/GitHub/mortalitree_testing/notebooks/single_tiles/postfire/17/21538/49672.geojson",
        "OUTPUT_STATUS_DIR": "postfire",
        "FEATURE_COUNT": 442
      },
      "geometry": {
        "type": "Polygon",
        "coordinates": [
          [
            [
              -120.84272663546672,
              39.8914097892485
            ],
            [
              -120.84267659945958,
              39.89140885808791
            ],
            [
              -120.8426780216156,
              39.891363513374415
            ],
            [
              -120.84272805758984,
              39.891364444533515
            ],
            [
              -120.84272663546672,
              39.8914097892485
            ]
          ]
        ]
      }
    },
    {
      "id": "353",
      "type": "Feature",
      "properties": {
        "id": null,
        "SOURCE_FILE": "/Users/maples/GitHub/mortalitree_testing/labels/luwajobi_mortalitree_postfire_labels.geojson",
        "SUNETID": "luwajobi",
        "FIRENAME": "NORTH COMPLEX",
        "FIRE_SLUG": "NORTH_COMPLEX",
        "PREFIRE": 0,
        "PREFIRE_STATUS": "postfire",
        "TILE_Z": 17,
        "TILE_X": 21538,
        "TILE_Y": 49672,
        "TILEXYZ": [
          17,
          21538,
          49672
        ],
        "OUTPUT_FILE": "/Users/maples/GitHub/mortalitree_testing/notebooks/single_tiles/postfire/17/21538/49672.geojson",
        "OUTPUT_STATUS_DIR": "postfire",
        "FEATURE_COUNT": 442
      },
      "geometry": {
        "type": "Polygon",
        "coordinates": [
          [
            [
              -120.84269837578884,
              39.891371832120484
            ],
            [
              -120.84264539651743,
              39.89137084617293
            ],
            [
              -120.84264681869212,
              39.891325501460074
            ],
            [
              -120.84269979792865,
              39.89132648740603
            ],
            [
              -120.84269837578884,
              39.891371832120484
            ]
          ]
        ]
      }
    },
    {
      "id": "354",
      "type": "Feature",
      "properties": {
        "id": null,
        "SOURCE_FILE": "/Users/maples/GitHub/mortalitree_testing/labels/luwajobi_mortalitree_postfire_labels.geojson",
        "SUNETID": "luwajobi",
        "FIRENAME": "NORTH COMPLEX",
        "FIRE_SLUG": "NORTH_COMPLEX",
        "PREFIRE": 0,
        "PREFIRE_STATUS": "postfire",
        "TILE_Z": 17,
        "TILE_X": 21538,
        "TILE_Y": 49672,
        "TILEXYZ": [
          17,
          21538,
          49672
        ],
        "OUTPUT_FILE": "/Users/maples/GitHub/mortalitree_testing/notebooks/single_tiles/postfire/17/21538/49672.geojson",
        "OUTPUT_STATUS_DIR": "postfire",
        "FEATURE_COUNT": 442
      },
      "geometry": {
        "type": "Polygon",
        "coordinates": [
          [
            [
              -120.84264422322087,
              39.89140825556073
            ],
            [
              -120.84259713051182,
              39.891407379141455
            ],
            [
              -120.84259862383048,
              39.891359767194764
            ],
            [
              -120.84264571650701,
              39.89136064361257
            ],
            [
              -120.84264422322087,
              39.89140825556073
            ]
          ]
        ]
      }
    },
    {
      "id": "355",
      "type": "Feature",
      "properties": {
        "id": null,
        "SOURCE_FILE": "/Users/maples/GitHub/mortalitree_testing/labels/luwajobi_mortalitree_postfire_labels.geojson",
        "SUNETID": "luwajobi",
        "FIRENAME": "NORTH COMPLEX",
        "FIRE_SLUG": "NORTH_COMPLEX",
        "PREFIRE": 0,
        "PREFIRE_STATUS": "postfire",
        "TILE_Z": 17,
        "TILE_X": 21538,
        "TILE_Y": 49672,
        "TILEXYZ": [
          17,
          21538,
          49672
        ],
        "OUTPUT_FILE": "/Users/maples/GitHub/mortalitree_testing/notebooks/single_tiles/postfire/17/21538/49672.geojson",
        "OUTPUT_STATUS_DIR": "postfire",
        "FEATURE_COUNT": 442
      },
      "geometry": {
        "type": "Polygon",
        "coordinates": [
          [
            [
              -120.84263228617488,
              39.89146021026423
            ],
            [
              -120.84257930683773,
              39.89145922428468
            ],
            [
              -120.84258094239355,
              39.89140707786792
            ],
            [
              -120.84263392169059,
              39.891408063845645
            ],
            [
              -120.84263228617488,
              39.89146021026423
            ]
          ]
        ]
      }
    },
    {
      "id": "356",
      "type": "Feature",
      "properties": {
        "id": null,
        "SOURCE_FILE": "/Users/maples/GitHub/mortalitree_testing/labels/luwajobi_mortalitree_postfire_labels.geojson",
        "SUNETID": "luwajobi",
        "FIRENAME": "NORTH COMPLEX",
        "FIRE_SLUG": "NORTH_COMPLEX",
        "PREFIRE": 0,
        "PREFIRE_STATUS": "postfire",
        "TILE_Z": 17,
        "TILE_X": 21538,
        "TILE_Y": 49672,
        "TILEXYZ": [
          17,
          21538,
          49672
        ],
        "OUTPUT_FILE": "/Users/maples/GitHub/mortalitree_testing/notebooks/single_tiles/postfire/17/21538/49672.geojson",
        "OUTPUT_STATUS_DIR": "postfire",
        "FEATURE_COUNT": 442
      },
      "geometry": {
        "type": "Polygon",
        "coordinates": [
          [
            [
              -120.8425828545784,
              39.89144000756012
            ],
            [
              -120.84253576184949,
              39.89143913111535
            ],
            [
              -120.8425372552123,
              39.89139151917085
            ],
            [
              -120.84258434790867,
              39.891392395614155
            ],
            [
              -120.8425828545784,
              39.89144000756012
            ]
          ]
        ]
      }
    },
    {
      "id": "357",
      "type": "Feature",
      "properties": {
        "id": null,
        "SOURCE_FILE": "/Users/maples/GitHub/mortalitree_testing/labels/luwajobi_mortalitree_postfire_labels.geojson",
        "SUNETID": "luwajobi",
        "FIRENAME": "NORTH COMPLEX",
        "FIRE_SLUG": "NORTH_COMPLEX",
        "PREFIRE": 0,
        "PREFIRE_STATUS": "postfire",
        "TILE_Z": 17,
        "TILE_X": 21538,
        "TILE_Y": 49672,
        "TILEXYZ": [
          17,
          21538,
          49672
        ],
        "OUTPUT_FILE": "/Users/maples/GitHub/mortalitree_testing/notebooks/single_tiles/postfire/17/21538/49672.geojson",
        "OUTPUT_STATUS_DIR": "postfire",
        "FEATURE_COUNT": 442
      },
      "geometry": {
        "type": "Polygon",
        "coordinates": [
          [
            [
              -120.84256445596893,
              39.89136933981748
            ],
            [
              -120.84251147670412,
              39.8913683538088
            ],
            [
              -120.84251318341907,
              39.891313940158106
            ],
            [
              -120.84256616264207,
              39.89131492616488
            ],
            [
              -120.84256445596893,
              39.89136933981748
            ]
          ]
        ]
      }
    },
    {
      "id": "358",
      "type": "Feature",
      "properties": {
        "id": null,
        "SOURCE_FILE": "/Users/maples/GitHub/mortalitree_testing/labels/luwajobi_mortalitree_postfire_labels.geojson",
        "SUNETID": "luwajobi",
        "FIRENAME": "NORTH COMPLEX",
        "FIRE_SLUG": "NORTH_COMPLEX",
        "PREFIRE": 0,
        "PREFIRE_STATUS": "postfire",
        "TILE_Z": 17,
        "TILE_X": 21538,
        "TILE_Y": 49672,
        "TILEXYZ": [
          17,
          21538,
          49672
        ],
        "OUTPUT_FILE": "/Users/maples/GitHub/mortalitree_testing/notebooks/single_tiles/postfire/17/21538/49672.geojson",
        "OUTPUT_STATUS_DIR": "postfire",
        "FEATURE_COUNT": 442
      },
      "geometry": {
        "type": "Polygon",
        "coordinates": [
          [
            [
              -120.8427536787974,
              39.89158043443392
            ],
            [
              -120.84269186945808,
              39.89157928418394
            ],
            [
              -120.84269357604316,
              39.891524870528755
            ],
            [
              -120.84275538533367,
              39.89152602077654
            ],
            [
              -120.8427536787974,
              39.89158043443392
            ]
          ]
        ]
      }
    },
    {
      "id": "359",
      "type": "Feature",
      "properties": {
        "id": null,
        "SOURCE_FILE": "/Users/maples/GitHub/mortalitree_testing/labels/luwajobi_mortalitree_postfire_labels.geojson",
        "SUNETID": "luwajobi",
        "FIRENAME": "NORTH COMPLEX",
        "FIRE_SLUG": "NORTH_COMPLEX",
        "PREFIRE": 0,
        "PREFIRE_STATUS": "postfire",
        "TILE_Z": 17,
        "TILE_X": 21538,
        "TILE_Y": 49672,
        "TILEXYZ": [
          17,
          21538,
          49672
        ],
        "OUTPUT_FILE": "/Users/maples/GitHub/mortalitree_testing/notebooks/single_tiles/postfire/17/21538/49672.geojson",
        "OUTPUT_STATUS_DIR": "postfire",
        "FEATURE_COUNT": 442
      },
      "geometry": {
        "type": "Polygon",
        "coordinates": [
          [
            [
              -120.84301451758483,
              39.89166997945953
            ],
            [
              -120.84293934053136,
              39.891668580605305
            ],
            [
              -120.84294193482893,
              39.891585853364475
            ],
            [
              -120.84301711179215,
              39.89158725221462
            ],
            [
              -120.84301451758483,
              39.89166997945953
            ]
          ]
        ]
      }
    },
    {
      "id": "360",
      "type": "Feature",
      "properties": {
        "id": null,
        "SOURCE_FILE": "/Users/maples/GitHub/mortalitree_testing/labels/luwajobi_mortalitree_postfire_labels.geojson",
        "SUNETID": "luwajobi",
        "FIRENAME": "NORTH COMPLEX",
        "FIRE_SLUG": "NORTH_COMPLEX",
        "PREFIRE": 0,
        "PREFIRE_STATUS": "postfire",
        "TILE_Z": 17,
        "TILE_X": 21538,
        "TILE_Y": 49672,
        "TILEXYZ": [
          17,
          21538,
          49672
        ],
        "OUTPUT_FILE": "/Users/maples/GitHub/mortalitree_testing/notebooks/single_tiles/postfire/17/21538/49672.geojson",
        "OUTPUT_STATUS_DIR": "postfire",
        "FEATURE_COUNT": 442
      },
      "geometry": {
        "type": "Polygon",
        "coordinates": [
          [
            [
              -120.84301231250019,
              39.891740297616636
            ],
            [
              -120.84296398434448,
              39.89173939835657
            ],
            [
              -120.8429651517693,
              39.89170217109821
            ],
            [
              -120.8430134798989,
              39.89170307035711
            ],
            [
              -120.84301231250019,
              39.891740297616636
            ]
          ]
        ]
      }
    },
    {
      "id": "361",
      "type": "Feature",
      "properties": {
        "id": null,
        "SOURCE_FILE": "/Users/maples/GitHub/mortalitree_testing/labels/luwajobi_mortalitree_postfire_labels.geojson",
        "SUNETID": "luwajobi",
        "FIRENAME": "NORTH COMPLEX",
        "FIRE_SLUG": "NORTH_COMPLEX",
        "PREFIRE": 0,
        "PREFIRE_STATUS": "postfire",
        "TILE_Z": 17,
        "TILE_X": 21538,
        "TILE_Y": 49672,
        "TILEXYZ": [
          17,
          21538,
          49672
        ],
        "OUTPUT_FILE": "/Users/maples/GitHub/mortalitree_testing/notebooks/single_tiles/postfire/17/21538/49672.geojson",
        "OUTPUT_STATUS_DIR": "postfire",
        "FEATURE_COUNT": 442
      },
      "geometry": {
        "type": "Polygon",
        "coordinates": [
          [
            [
              -120.84314371036164,
              39.89174791595356
            ],
            [
              -120.84309001240037,
              39.89174691683515
            ],
            [
              -120.843090985198,
              39.89171589411735
            ],
            [
              -120.84314468313508,
              39.89171689323468
            ],
            [
              -120.84314371036164,
              39.89174791595356
            ]
          ]
        ]
      }
    },
    {
      "id": "362",
      "type": "Feature",
      "properties": {
        "id": null,
        "SOURCE_FILE": "/Users/maples/GitHub/mortalitree_testing/labels/luwajobi_mortalitree_postfire_labels.geojson",
        "SUNETID": "luwajobi",
        "FIRENAME": "NORTH COMPLEX",
        "FIRE_SLUG": "NORTH_COMPLEX",
        "PREFIRE": 0,
        "PREFIRE_STATUS": "postfire",
        "TILE_Z": 17,
        "TILE_X": 21538,
        "TILE_Y": 49672,
        "TILEXYZ": [
          17,
          21538,
          49672
        ],
        "OUTPUT_FILE": "/Users/maples/GitHub/mortalitree_testing/notebooks/single_tiles/postfire/17/21538/49672.geojson",
        "OUTPUT_STATUS_DIR": "postfire",
        "FEATURE_COUNT": 442
      },
      "geometry": {
        "type": "Polygon",
        "coordinates": [
          [
            [
              -120.84318105894496,
              39.8917134312622
            ],
            [
              -120.84312199121588,
              39.89171233225037
            ],
            [
              -120.84312335311027,
              39.8916689004442
            ],
            [
              -120.84318242080212,
              39.89166999945433
            ],
            [
              -120.84318105894496,
              39.8917134312622
            ]
          ]
        ]
      }
    },
    {
      "id": "363",
      "type": "Feature",
      "properties": {
        "id": null,
        "SOURCE_FILE": "/Users/maples/GitHub/mortalitree_testing/labels/luwajobi_mortalitree_postfire_labels.geojson",
        "SUNETID": "luwajobi",
        "FIRENAME": "NORTH COMPLEX",
        "FIRE_SLUG": "NORTH_COMPLEX",
        "PREFIRE": 0,
        "PREFIRE_STATUS": "postfire",
        "TILE_Z": 17,
        "TILE_X": 21538,
        "TILE_Y": 49672,
        "TILEXYZ": [
          17,
          21538,
          49672
        ],
        "OUTPUT_FILE": "/Users/maples/GitHub/mortalitree_testing/notebooks/single_tiles/postfire/17/21538/49672.geojson",
        "OUTPUT_STATUS_DIR": "postfire",
        "FEATURE_COUNT": 442
      },
      "geometry": {
        "type": "Polygon",
        "coordinates": [
          [
            [
              -120.84312579157867,
              39.89171964581829
            ],
            [
              -120.8430935728152,
              39.89171904634559
            ],
            [
              -120.84309441590435,
              39.89169215998998
            ],
            [
              -120.84312663465523,
              39.8916927594621
            ],
            [
              -120.84312579157867,
              39.89171964581829
            ]
          ]
        ]
      }
    },
    {
      "id": "364",
      "type": "Feature",
      "properties": {
        "id": null,
        "SOURCE_FILE": "/Users/maples/GitHub/mortalitree_testing/labels/luwajobi_mortalitree_postfire_labels.geojson",
        "SUNETID": "luwajobi",
        "FIRENAME": "NORTH COMPLEX",
        "FIRE_SLUG": "NORTH_COMPLEX",
        "PREFIRE": 0,
        "PREFIRE_STATUS": "postfire",
        "TILE_Z": 17,
        "TILE_X": 21538,
        "TILE_Y": 49672,
        "TILEXYZ": [
          17,
          21538,
          49672
        ],
        "OUTPUT_FILE": "/Users/maples/GitHub/mortalitree_testing/notebooks/single_tiles/postfire/17/21538/49672.geojson",
        "OUTPUT_STATUS_DIR": "postfire",
        "FEATURE_COUNT": 442
      },
      "geometry": {
        "type": "Polygon",
        "coordinates": [
          [
            [
              -120.84306824791025,
              39.89166994452071
            ],
            [
              -120.84302797448669,
              39.891669195159224
            ],
            [
              -120.84302888245477,
              39.89164024062341
            ],
            [
              -120.84306915586141,
              39.89164098998412
            ],
            [
              -120.84306824791025,
              39.89166994452071
            ]
          ]
        ]
      }
    },
    {
      "id": "365",
      "type": "Feature",
      "properties": {
        "id": null,
        "SOURCE_FILE": "/Users/maples/GitHub/mortalitree_testing/labels/luwajobi_mortalitree_postfire_labels.geojson",
        "SUNETID": "luwajobi",
        "FIRENAME": "NORTH COMPLEX",
        "FIRE_SLUG": "NORTH_COMPLEX",
        "PREFIRE": 0,
        "PREFIRE_STATUS": "postfire",
        "TILE_Z": 17,
        "TILE_X": 21538,
        "TILE_Y": 49672,
        "TILEXYZ": [
          17,
          21538,
          49672
        ],
        "OUTPUT_FILE": "/Users/maples/GitHub/mortalitree_testing/notebooks/single_tiles/postfire/17/21538/49672.geojson",
        "OUTPUT_STATUS_DIR": "postfire",
        "FEATURE_COUNT": 442
      },
      "geometry": {
        "type": "Polygon",
        "coordinates": [
          [
            [
              -120.84312377464842,
              39.89165545726602
            ],
            [
              -120.84307007676,
              39.8916544581403
            ],
            [
              -120.84307111441694,
              39.8916213672412
            ],
            [
              -120.84312481227954,
              39.891622366365766
            ],
            [
              -120.84312377464842,
              39.89165545726602
            ]
          ]
        ]
      }
    },
    {
      "id": "366",
      "type": "Feature",
      "properties": {
        "id": null,
        "SOURCE_FILE": "/Users/maples/GitHub/mortalitree_testing/labels/luwajobi_mortalitree_postfire_labels.geojson",
        "SUNETID": "luwajobi",
        "FIRENAME": "NORTH COMPLEX",
        "FIRE_SLUG": "NORTH_COMPLEX",
        "PREFIRE": 0,
        "PREFIRE_STATUS": "postfire",
        "TILE_Z": 17,
        "TILE_X": 21538,
        "TILE_Y": 49672,
        "TILEXYZ": [
          17,
          21538,
          49672
        ],
        "OUTPUT_FILE": "/Users/maples/GitHub/mortalitree_testing/notebooks/single_tiles/postfire/17/21538/49672.geojson",
        "OUTPUT_STATUS_DIR": "postfire",
        "FEATURE_COUNT": 442
      },
      "geometry": {
        "type": "Polygon",
        "coordinates": [
          [
            [
              -120.84312612230022,
              39.8916234254342
            ],
            [
              -120.84307510932985,
              39.891622476267
            ],
            [
              -120.84307647124949,
              39.891579044461515
            ],
            [
              -120.84312748418773,
              39.89157999362725
            ],
            [
              -120.84312612230022,
              39.8916234254342
            ]
          ]
        ]
      }
    },
    {
      "id": "367",
      "type": "Feature",
      "properties": {
        "id": null,
        "SOURCE_FILE": "/Users/maples/GitHub/mortalitree_testing/labels/luwajobi_mortalitree_postfire_labels.geojson",
        "SUNETID": "luwajobi",
        "FIRENAME": "NORTH COMPLEX",
        "FIRE_SLUG": "NORTH_COMPLEX",
        "PREFIRE": 0,
        "PREFIRE_STATUS": "postfire",
        "TILE_Z": 17,
        "TILE_X": 21538,
        "TILE_Y": 49672,
        "TILEXYZ": [
          17,
          21538,
          49672
        ],
        "OUTPUT_FILE": "/Users/maples/GitHub/mortalitree_testing/notebooks/single_tiles/postfire/17/21538/49672.geojson",
        "OUTPUT_STATUS_DIR": "postfire",
        "FEATURE_COUNT": 442
      },
      "geometry": {
        "type": "Polygon",
        "coordinates": [
          [
            [
              -120.84223177187752,
              39.89172325502139
            ],
            [
              -120.8421832351044,
              39.891722351552424
            ],
            [
              -120.8421844549085,
              39.89168346806772
            ],
            [
              -120.84223299165424,
              39.89168437153543
            ],
            [
              -120.84223177187752,
              39.89172325502139
            ]
          ]
        ]
      }
    },
    {
      "id": "368",
      "type": "Feature",
      "properties": {
        "id": null,
        "SOURCE_FILE": "/Users/maples/GitHub/mortalitree_testing/labels/luwajobi_mortalitree_postfire_labels.geojson",
        "SUNETID": "luwajobi",
        "FIRENAME": "NORTH COMPLEX",
        "FIRE_SLUG": "NORTH_COMPLEX",
        "PREFIRE": 0,
        "PREFIRE_STATUS": "postfire",
        "TILE_Z": 17,
        "TILE_X": 21538,
        "TILE_Y": 49672,
        "TILEXYZ": [
          17,
          21538,
          49672
        ],
        "OUTPUT_FILE": "/Users/maples/GitHub/mortalitree_testing/notebooks/single_tiles/postfire/17/21538/49672.geojson",
        "OUTPUT_STATUS_DIR": "postfire",
        "FEATURE_COUNT": 442
      },
      "geometry": {
        "type": "Polygon",
        "coordinates": [
          [
            [
              -120.84221328996752,
              39.89175508342614
            ],
            [
              -120.84216475317251,
              39.89175417994883
            ],
            [
              -120.84216601990437,
              39.89171380094621
            ],
            [
              -120.84221455667092,
              39.89171470442222
            ],
            [
              -120.84221328996752,
              39.89175508342614
            ]
          ]
        ]
      }
    },
    {
      "id": "369",
      "type": "Feature",
      "properties": {
        "id": null,
        "SOURCE_FILE": "/Users/maples/GitHub/mortalitree_testing/labels/luwajobi_mortalitree_postfire_labels.geojson",
        "SUNETID": "luwajobi",
        "FIRENAME": "NORTH COMPLEX",
        "FIRE_SLUG": "NORTH_COMPLEX",
        "PREFIRE": 0,
        "PREFIRE_STATUS": "postfire",
        "TILE_Z": 17,
        "TILE_X": 21538,
        "TILE_Y": 49672,
        "TILEXYZ": [
          17,
          21538,
          49672
        ],
        "OUTPUT_FILE": "/Users/maples/GitHub/mortalitree_testing/notebooks/single_tiles/postfire/17/21538/49672.geojson",
        "OUTPUT_STATUS_DIR": "postfire",
        "FEATURE_COUNT": 442
      },
      "geometry": {
        "type": "Polygon",
        "coordinates": [
          [
            [
              -120.84216356235768,
              39.89173021551154
            ],
            [
              -120.84211114263985,
              39.891729239733216
            ],
            [
              -120.84211264398736,
              39.89168138313894
            ],
            [
              -120.84216506366877,
              39.891682358915624
            ],
            [
              -120.84216356235768,
              39.89173021551154
            ]
          ]
        ]
      }
    },
    {
      "id": "370",
      "type": "Feature",
      "properties": {
        "id": null,
        "SOURCE_FILE": "/Users/maples/GitHub/mortalitree_testing/labels/luwajobi_mortalitree_postfire_labels.geojson",
        "SUNETID": "luwajobi",
        "FIRENAME": "NORTH COMPLEX",
        "FIRE_SLUG": "NORTH_COMPLEX",
        "PREFIRE": 0,
        "PREFIRE_STATUS": "postfire",
        "TILE_Z": 17,
        "TILE_X": 21538,
        "TILE_Y": 49672,
        "TILEXYZ": [
          17,
          21538,
          49672
        ],
        "OUTPUT_FILE": "/Users/maples/GitHub/mortalitree_testing/notebooks/single_tiles/postfire/17/21538/49672.geojson",
        "OUTPUT_STATUS_DIR": "postfire",
        "FEATURE_COUNT": 442
      },
      "geometry": {
        "type": "Polygon",
        "coordinates": [
          [
            [
              -120.84213738490173,
              39.89175965606702
            ],
            [
              -120.8420771992753,
              39.891758535712675
            ],
            [
              -120.84207851297658,
              39.891716661193854
            ],
            [
              -120.84213869856644,
              39.89171778154656
            ],
            [
              -120.84213738490173,
              39.89175965606702
            ]
          ]
        ]
      }
    },
    {
      "id": "371",
      "type": "Feature",
      "properties": {
        "id": null,
        "SOURCE_FILE": "/Users/maples/GitHub/mortalitree_testing/labels/luwajobi_mortalitree_postfire_labels.geojson",
        "SUNETID": "luwajobi",
        "FIRENAME": "NORTH COMPLEX",
        "FIRE_SLUG": "NORTH_COMPLEX",
        "PREFIRE": 0,
        "PREFIRE_STATUS": "postfire",
        "TILE_Z": 17,
        "TILE_X": 21538,
        "TILE_Y": 49672,
        "TILEXYZ": [
          17,
          21538,
          49672
        ],
        "OUTPUT_FILE": "/Users/maples/GitHub/mortalitree_testing/notebooks/single_tiles/postfire/17/21538/49672.geojson",
        "OUTPUT_STATUS_DIR": "postfire",
        "FEATURE_COUNT": 442
      },
      "geometry": {
        "type": "Polygon",
        "coordinates": [
          [
            [
              -120.8420542915129,
              39.891714713911405
            ],
            [
              -120.84201157916273,
              39.89171391879455
            ],
            [
              -120.84201265830579,
              39.891679521869634
            ],
            [
              -120.84205537063464,
              39.891680316985514
            ],
            [
              -120.8420542915129,
              39.891714713911405
            ]
          ]
        ]
      }
    },
    {
      "id": "372",
      "type": "Feature",
      "properties": {
        "id": null,
        "SOURCE_FILE": "/Users/maples/GitHub/mortalitree_testing/labels/luwajobi_mortalitree_postfire_labels.geojson",
        "SUNETID": "luwajobi",
        "FIRENAME": "NORTH COMPLEX",
        "FIRE_SLUG": "NORTH_COMPLEX",
        "PREFIRE": 0,
        "PREFIRE_STATUS": "postfire",
        "TILE_Z": 17,
        "TILE_X": 21538,
        "TILE_Y": 49672,
        "TILEXYZ": [
          17,
          21538,
          49672
        ],
        "OUTPUT_FILE": "/Users/maples/GitHub/mortalitree_testing/notebooks/single_tiles/postfire/17/21538/49672.geojson",
        "OUTPUT_STATUS_DIR": "postfire",
        "FEATURE_COUNT": 442
      },
      "geometry": {
        "type": "Polygon",
        "coordinates": [
          [
            [
              -120.84208917321556,
              39.89165550756699
            ],
            [
              -120.84205228530755,
              39.89165482088803
            ],
            [
              -120.84205312983677,
              39.891627901554514
            ],
            [
              -120.84209001773036,
              39.89162858823281
            ],
            [
              -120.84208917321556,
              39.89165550756699
            ]
          ]
        ]
      }
    },
    {
      "id": "373",
      "type": "Feature",
      "properties": {
        "id": null,
        "SOURCE_FILE": "/Users/maples/GitHub/mortalitree_testing/labels/luwajobi_mortalitree_postfire_labels.geojson",
        "SUNETID": "luwajobi",
        "FIRENAME": "NORTH COMPLEX",
        "FIRE_SLUG": "NORTH_COMPLEX",
        "PREFIRE": 0,
        "PREFIRE_STATUS": "postfire",
        "TILE_Z": 17,
        "TILE_X": 21538,
        "TILE_Y": 49672,
        "TILEXYZ": [
          17,
          21538,
          49672
        ],
        "OUTPUT_FILE": "/Users/maples/GitHub/mortalitree_testing/notebooks/single_tiles/postfire/17/21538/49672.geojson",
        "OUTPUT_STATUS_DIR": "postfire",
        "FEATURE_COUNT": 442
      },
      "geometry": {
        "type": "Polygon",
        "coordinates": [
          [
            [
              -120.84215821265288,
              39.8916530517444
            ],
            [
              -120.8421077344628,
              39.891652112105604
            ],
            [
              -120.84210895430652,
              39.891613228622376
            ],
            [
              -120.84215943246811,
              39.89161416825988
            ],
            [
              -120.84215821265288,
              39.8916530517444
            ]
          ]
        ]
      }
    },
    {
      "id": "374",
      "type": "Feature",
      "properties": {
        "id": null,
        "SOURCE_FILE": "/Users/maples/GitHub/mortalitree_testing/labels/luwajobi_mortalitree_postfire_labels.geojson",
        "SUNETID": "luwajobi",
        "FIRENAME": "NORTH COMPLEX",
        "FIRE_SLUG": "NORTH_COMPLEX",
        "PREFIRE": 0,
        "PREFIRE_STATUS": "postfire",
        "TILE_Z": 17,
        "TILE_X": 21538,
        "TILE_Y": 49672,
        "TILEXYZ": [
          17,
          21538,
          49672
        ],
        "OUTPUT_FILE": "/Users/maples/GitHub/mortalitree_testing/notebooks/single_tiles/postfire/17/21538/49672.geojson",
        "OUTPUT_STATUS_DIR": "postfire",
        "FEATURE_COUNT": 442
      },
      "geometry": {
        "type": "Polygon",
        "coordinates": [
          [
            [
              -120.84222967168857,
              39.89166635303444
            ],
            [
              -120.8421733690786,
              39.89166530500877
            ],
            [
              -120.84217463580138,
              39.89162492600528
            ],
            [
              -120.84223093837839,
              39.89162597402946
            ],
            [
              -120.84222967168857,
              39.89166635303444
            ]
          ]
        ]
      }
    },
    {
      "id": "375",
      "type": "Feature",
      "properties": {
        "id": null,
        "SOURCE_FILE": "/Users/maples/GitHub/mortalitree_testing/labels/luwajobi_mortalitree_postfire_labels.geojson",
        "SUNETID": "luwajobi",
        "FIRENAME": "NORTH COMPLEX",
        "FIRE_SLUG": "NORTH_COMPLEX",
        "PREFIRE": 0,
        "PREFIRE_STATUS": "postfire",
        "TILE_Z": 17,
        "TILE_X": 21538,
        "TILE_Y": 49672,
        "TILEXYZ": [
          17,
          21538,
          49672
        ],
        "OUTPUT_FILE": "/Users/maples/GitHub/mortalitree_testing/notebooks/single_tiles/postfire/17/21538/49672.geojson",
        "OUTPUT_STATUS_DIR": "postfire",
        "FEATURE_COUNT": 442
      },
      "geometry": {
        "type": "Polygon",
        "coordinates": [
          [
            [
              -120.84229309783638,
              39.89165705888219
            ],
            [
              -120.84224650257707,
              39.89165619157819
            ],
            [
              -120.84224781617057,
              39.89161431705397
            ],
            [
              -120.84229441140157,
              39.891615184356674
            ],
            [
              -120.84229309783638,
              39.89165705888219
            ]
          ]
        ]
      }
    },
    {
      "id": "376",
      "type": "Feature",
      "properties": {
        "id": null,
        "SOURCE_FILE": "/Users/maples/GitHub/mortalitree_testing/labels/luwajobi_mortalitree_postfire_labels.geojson",
        "SUNETID": "luwajobi",
        "FIRENAME": "NORTH COMPLEX",
        "FIRE_SLUG": "NORTH_COMPLEX",
        "PREFIRE": 0,
        "PREFIRE_STATUS": "postfire",
        "TILE_Z": 17,
        "TILE_X": 21538,
        "TILE_Y": 49672,
        "TILEXYZ": [
          17,
          21538,
          49672
        ],
        "OUTPUT_FILE": "/Users/maples/GitHub/mortalitree_testing/notebooks/single_tiles/postfire/17/21538/49672.geojson",
        "OUTPUT_STATUS_DIR": "postfire",
        "FEATURE_COUNT": 442
      },
      "geometry": {
        "type": "Polygon",
        "coordinates": [
          [
            [
              -120.84215215921571,
              39.891598320756025
            ],
            [
              -120.84210556400052,
              39.89159745339648
            ],
            [
              -120.84210673692611,
              39.891560065431506
            ],
            [
              -120.84215333211604,
              39.89156093278992
            ],
            [
              -120.84215215921571,
              39.891598320756025
            ]
          ]
        ]
      }
    },
    {
      "id": "377",
      "type": "Feature",
      "properties": {
        "id": null,
        "SOURCE_FILE": "/Users/maples/GitHub/mortalitree_testing/labels/luwajobi_mortalitree_postfire_labels.geojson",
        "SUNETID": "luwajobi",
        "FIRENAME": "NORTH COMPLEX",
        "FIRE_SLUG": "NORTH_COMPLEX",
        "PREFIRE": 0,
        "PREFIRE_STATUS": "postfire",
        "TILE_Z": 17,
        "TILE_X": 21538,
        "TILE_Y": 49672,
        "TILEXYZ": [
          17,
          21538,
          49672
        ],
        "OUTPUT_FILE": "/Users/maples/GitHub/mortalitree_testing/notebooks/single_tiles/postfire/17/21538/49672.geojson",
        "OUTPUT_STATUS_DIR": "postfire",
        "FEATURE_COUNT": 442
      },
      "geometry": {
        "type": "Polygon",
        "coordinates": [
          [
            [
              -120.84247431907,
              39.89169642437518
            ],
            [
              -120.84242112970269,
              39.89169543441279
            ],
            [
              -120.84242241487829,
              39.89165446252868
            ],
            [
              -120.842475604214,
              39.891655452489644
            ],
            [
              -120.84247431907,
              39.89169642437518
            ]
          ]
        ]
      }
    },
    {
      "id": "378",
      "type": "Feature",
      "properties": {
        "id": null,
        "SOURCE_FILE": "/Users/maples/GitHub/mortalitree_testing/labels/luwajobi_mortalitree_postfire_labels.geojson",
        "SUNETID": "luwajobi",
        "FIRENAME": "NORTH COMPLEX",
        "FIRE_SLUG": "NORTH_COMPLEX",
        "PREFIRE": 0,
        "PREFIRE_STATUS": "postfire",
        "TILE_Z": 17,
        "TILE_X": 21538,
        "TILE_Y": 49672,
        "TILEXYZ": [
          17,
          21538,
          49672
        ],
        "OUTPUT_FILE": "/Users/maples/GitHub/mortalitree_testing/notebooks/single_tiles/postfire/17/21538/49672.geojson",
        "OUTPUT_STATUS_DIR": "postfire",
        "FEATURE_COUNT": 442
      },
      "geometry": {
        "type": "Polygon",
        "coordinates": [
          [
            [
              -120.84257217243668,
              39.89177059109907
            ],
            [
              -120.84251898300859,
              39.89176960118004
            ],
            [
              -120.8425198901529,
              39.89174067984861
            ],
            [
              -120.84257307955866,
              39.89174166976664
            ],
            [
              -120.84257217243668,
              39.89177059109907
            ]
          ]
        ]
      }
    },
    {
      "id": "379",
      "type": "Feature",
      "properties": {
        "id": null,
        "SOURCE_FILE": "/Users/maples/GitHub/mortalitree_testing/labels/luwajobi_mortalitree_postfire_labels.geojson",
        "SUNETID": "luwajobi",
        "FIRENAME": "NORTH COMPLEX",
        "FIRE_SLUG": "NORTH_COMPLEX",
        "PREFIRE": 0,
        "PREFIRE_STATUS": "postfire",
        "TILE_Z": 17,
        "TILE_X": 21538,
        "TILE_Y": 49672,
        "TILEXYZ": [
          17,
          21538,
          49672
        ],
        "OUTPUT_FILE": "/Users/maples/GitHub/mortalitree_testing/notebooks/single_tiles/postfire/17/21538/49672.geojson",
        "OUTPUT_STATUS_DIR": "postfire",
        "FEATURE_COUNT": 442
      },
      "geometry": {
        "type": "Polygon",
        "coordinates": [
          [
            [
              -120.84256455416738,
              39.891813856637455
            ],
            [
              -120.84251449349787,
              39.89181292494551
            ],
            [
              -120.8425157030277,
              39.891774363170626
            ],
            [
              -120.8425657636692,
              39.8917752948613
            ],
            [
              -120.84256455416738,
              39.891813856637455
            ]
          ]
        ]
      }
    },
    {
      "id": "380",
      "type": "Feature",
      "properties": {
        "id": null,
        "SOURCE_FILE": "/Users/maples/GitHub/mortalitree_testing/labels/luwajobi_mortalitree_postfire_labels.geojson",
        "SUNETID": "luwajobi",
        "FIRENAME": "NORTH COMPLEX",
        "FIRE_SLUG": "NORTH_COMPLEX",
        "PREFIRE": 0,
        "PREFIRE_STATUS": "postfire",
        "TILE_Z": 17,
        "TILE_X": 21538,
        "TILE_Y": 49672,
        "TILEXYZ": [
          17,
          21538,
          49672
        ],
        "OUTPUT_FILE": "/Users/maples/GitHub/mortalitree_testing/notebooks/single_tiles/postfire/17/21538/49672.geojson",
        "OUTPUT_STATUS_DIR": "postfire",
        "FEATURE_COUNT": 442
      },
      "geometry": {
        "type": "Polygon",
        "coordinates": [
          [
            [
              -120.84268520981452,
              39.89170999531262
            ],
            [
              -120.84263514921659,
              39.89170906367475
            ],
            [
              -120.8426365098564,
              39.89166568167377
            ],
            [
              -120.84268657042284,
              39.891666613310214
            ],
            [
              -120.84268520981452,
              39.89170999531262
            ]
          ]
        ]
      }
    },
    {
      "id": "381",
      "type": "Feature",
      "properties": {
        "id": null,
        "SOURCE_FILE": "/Users/maples/GitHub/mortalitree_testing/labels/luwajobi_mortalitree_postfire_labels.geojson",
        "SUNETID": "luwajobi",
        "FIRENAME": "NORTH COMPLEX",
        "FIRE_SLUG": "NORTH_COMPLEX",
        "PREFIRE": 0,
        "PREFIRE_STATUS": "postfire",
        "TILE_Z": 17,
        "TILE_X": 21538,
        "TILE_Y": 49672,
        "TILEXYZ": [
          17,
          21538,
          49672
        ],
        "OUTPUT_FILE": "/Users/maples/GitHub/mortalitree_testing/notebooks/single_tiles/postfire/17/21538/49672.geojson",
        "OUTPUT_STATUS_DIR": "postfire",
        "FEATURE_COUNT": 442
      },
      "geometry": {
        "type": "Polygon",
        "coordinates": [
          [
            [
              -120.84262978396592,
              39.89163058949164
            ],
            [
              -120.84257972342758,
              39.89162965783139
            ],
            [
              -120.84258093291301,
              39.89159109605364
            ],
            [
              -120.84263099342334,
              39.891592027712626
            ],
            [
              -120.84262978396592,
              39.89163058949164
            ]
          ]
        ]
      }
    },
    {
      "id": "382",
      "type": "Feature",
      "properties": {
        "id": null,
        "SOURCE_FILE": "/Users/maples/GitHub/mortalitree_testing/labels/luwajobi_mortalitree_postfire_labels.geojson",
        "SUNETID": "luwajobi",
        "FIRENAME": "NORTH COMPLEX",
        "FIRE_SLUG": "NORTH_COMPLEX",
        "PREFIRE": 0,
        "PREFIRE_STATUS": "postfire",
        "TILE_Z": 17,
        "TILE_X": 21538,
        "TILE_Y": 49672,
        "TILEXYZ": [
          17,
          21538,
          49672
        ],
        "OUTPUT_FILE": "/Users/maples/GitHub/mortalitree_testing/notebooks/single_tiles/postfire/17/21538/49672.geojson",
        "OUTPUT_STATUS_DIR": "postfire",
        "FEATURE_COUNT": 442
      },
      "geometry": {
        "type": "Polygon",
        "coordinates": [
          [
            [
              -120.84242991981725,
              39.89161481216675
            ],
            [
              -120.8423704729497,
              39.89161370571571
            ],
            [
              -120.84237198495182,
              39.89156550350001
            ],
            [
              -120.84243143177781,
              39.891566609949166
            ],
            [
              -120.84242991981725,
              39.89161481216675
            ]
          ]
        ]
      }
    },
    {
      "id": "383",
      "type": "Feature",
      "properties": {
        "id": null,
        "SOURCE_FILE": "/Users/maples/GitHub/mortalitree_testing/labels/luwajobi_mortalitree_postfire_labels.geojson",
        "SUNETID": "luwajobi",
        "FIRENAME": "NORTH COMPLEX",
        "FIRE_SLUG": "NORTH_COMPLEX",
        "PREFIRE": 0,
        "PREFIRE_STATUS": "postfire",
        "TILE_Z": 17,
        "TILE_X": 21538,
        "TILE_Y": 49672,
        "TILEXYZ": [
          17,
          21538,
          49672
        ],
        "OUTPUT_FILE": "/Users/maples/GitHub/mortalitree_testing/notebooks/single_tiles/postfire/17/21538/49672.geojson",
        "OUTPUT_STATUS_DIR": "postfire",
        "FEATURE_COUNT": 442
      },
      "geometry": {
        "type": "Polygon",
        "coordinates": [
          [
            [
              -120.84232782443863,
              39.891775689359584
            ],
            [
              -120.84227463501517,
              39.89177469932838
            ],
            [
              -120.84227599588543,
              39.8917313173382
            ],
            [
              -120.84232918527542,
              39.89173230736789
            ],
            [
              -120.84232782443863,
              39.891775689359584
            ]
          ]
        ]
      }
    },
    {
      "id": "384",
      "type": "Feature",
      "properties": {
        "id": null,
        "SOURCE_FILE": "/Users/maples/GitHub/mortalitree_testing/labels/luwajobi_mortalitree_postfire_labels.geojson",
        "SUNETID": "luwajobi",
        "FIRENAME": "NORTH COMPLEX",
        "FIRE_SLUG": "NORTH_COMPLEX",
        "PREFIRE": 0,
        "PREFIRE_STATUS": "postfire",
        "TILE_Z": 17,
        "TILE_X": 21538,
        "TILE_Y": 49672,
        "TILEXYZ": [
          17,
          21538,
          49672
        ],
        "OUTPUT_FILE": "/Users/maples/GitHub/mortalitree_testing/notebooks/single_tiles/postfire/17/21538/49672.geojson",
        "OUTPUT_STATUS_DIR": "postfire",
        "FEATURE_COUNT": 442
      },
      "geometry": {
        "type": "Polygon",
        "coordinates": [
          [
            [
              -120.84232257294073,
              39.89169360000631
            ],
            [
              -120.84228815629582,
              39.891692959400196
            ],
            [
              -120.8422890635347,
              39.89166403807279
            ],
            [
              -120.84232348016515,
              39.89166467867824
            ],
            [
              -120.84232257294073,
              39.89169360000631
            ]
          ]
        ]
      }
    },
    {
      "id": "385",
      "type": "Feature",
      "properties": {
        "id": null,
        "SOURCE_FILE": "/Users/maples/GitHub/mortalitree_testing/labels/luwajobi_mortalitree_postfire_labels.geojson",
        "SUNETID": "luwajobi",
        "FIRENAME": "NORTH COMPLEX",
        "FIRE_SLUG": "NORTH_COMPLEX",
        "PREFIRE": 0,
        "PREFIRE_STATUS": "postfire",
        "TILE_Z": 17,
        "TILE_X": 21538,
        "TILE_Y": 49672,
        "TILEXYZ": [
          17,
          21538,
          49672
        ],
        "OUTPUT_FILE": "/Users/maples/GitHub/mortalitree_testing/notebooks/single_tiles/postfire/17/21538/49672.geojson",
        "OUTPUT_STATUS_DIR": "postfire",
        "FEATURE_COUNT": 442
      },
      "geometry": {
        "type": "Polygon",
        "coordinates": [
          [
            [
              -120.84228534444642,
              39.891732697106384
            ],
            [
              -120.84225405657038,
              39.8917321147271
            ],
            [
              -120.84225481261583,
              39.89170801362165
            ],
            [
              -120.84228610048095,
              39.891708596000434
            ],
            [
              -120.84228534444642,
              39.891732697106384
            ]
          ]
        ]
      }
    },
    {
      "id": "386",
      "type": "Feature",
      "properties": {
        "id": null,
        "SOURCE_FILE": "/Users/maples/GitHub/mortalitree_testing/labels/luwajobi_mortalitree_postfire_labels.geojson",
        "SUNETID": "luwajobi",
        "FIRENAME": "NORTH COMPLEX",
        "FIRE_SLUG": "NORTH_COMPLEX",
        "PREFIRE": 0,
        "PREFIRE_STATUS": "postfire",
        "TILE_Z": 17,
        "TILE_X": 21538,
        "TILE_Y": 49672,
        "TILEXYZ": [
          17,
          21538,
          49672
        ],
        "OUTPUT_FILE": "/Users/maples/GitHub/mortalitree_testing/notebooks/single_tiles/postfire/17/21538/49672.geojson",
        "OUTPUT_STATUS_DIR": "postfire",
        "FEATURE_COUNT": 442
      },
      "geometry": {
        "type": "Polygon",
        "coordinates": [
          [
            [
              -120.84258160492867,
              39.891669482893874
            ],
            [
              -120.84251277165234,
              39.89166820182584
            ],
            [
              -120.84251405677215,
              39.89162722993904
            ],
            [
              -120.84258289000756,
              39.89162851100524
            ],
            [
              -120.84258160492867,
              39.891669482893874
            ]
          ]
        ]
      }
    },
    {
      "id": "387",
      "type": "Feature",
      "properties": {
        "id": null,
        "SOURCE_FILE": "/Users/maples/GitHub/mortalitree_testing/labels/luwajobi_mortalitree_postfire_labels.geojson",
        "SUNETID": "luwajobi",
        "FIRENAME": "NORTH COMPLEX",
        "FIRE_SLUG": "NORTH_COMPLEX",
        "PREFIRE": 0,
        "PREFIRE_STATUS": "postfire",
        "TILE_Z": 17,
        "TILE_X": 21538,
        "TILE_Y": 49672,
        "TILEXYZ": [
          17,
          21538,
          49672
        ],
        "OUTPUT_FILE": "/Users/maples/GitHub/mortalitree_testing/notebooks/single_tiles/postfire/17/21538/49672.geojson",
        "OUTPUT_STATUS_DIR": "postfire",
        "FEATURE_COUNT": 442
      },
      "geometry": {
        "type": "Polygon",
        "coordinates": [
          [
            [
              -120.84257871765695,
              39.89171163072295
            ],
            [
              -120.84252552827421,
              39.891710640808135
            ],
            [
              -120.84252681338833,
              39.89166966892129
            ],
            [
              -120.84258000273948,
              39.891670658834684
            ],
            [
              -120.84257871765695,
              39.89171163072295
            ]
          ]
        ]
      }
    },
    {
      "id": "388",
      "type": "Feature",
      "properties": {
        "id": null,
        "SOURCE_FILE": "/Users/maples/GitHub/mortalitree_testing/labels/luwajobi_mortalitree_postfire_labels.geojson",
        "SUNETID": "luwajobi",
        "FIRENAME": "NORTH COMPLEX",
        "FIRE_SLUG": "NORTH_COMPLEX",
        "PREFIRE": 0,
        "PREFIRE_STATUS": "postfire",
        "TILE_Z": 17,
        "TILE_X": 21538,
        "TILE_Y": 49672,
        "TILEXYZ": [
          17,
          21538,
          49672
        ],
        "OUTPUT_FILE": "/Users/maples/GitHub/mortalitree_testing/notebooks/single_tiles/postfire/17/21538/49672.geojson",
        "OUTPUT_STATUS_DIR": "postfire",
        "FEATURE_COUNT": 442
      },
      "geometry": {
        "type": "Polygon",
        "coordinates": [
          [
            [
              -120.84250406565765,
              39.89164633613287
            ],
            [
              -120.84246652024821,
              39.89164563734878
            ],
            [
              -120.84246772979776,
              39.891607075574
            ],
            [
              -120.84250527518618,
              39.891607774357134
            ],
            [
              -120.84250406565765,
              39.89164633613287
            ]
          ]
        ]
      }
    },
    {
      "id": "389",
      "type": "Feature",
      "properties": {
        "id": null,
        "SOURCE_FILE": "/Users/maples/GitHub/mortalitree_testing/labels/luwajobi_mortalitree_postfire_labels.geojson",
        "SUNETID": "luwajobi",
        "FIRENAME": "NORTH COMPLEX",
        "FIRE_SLUG": "NORTH_COMPLEX",
        "PREFIRE": 0,
        "PREFIRE_STATUS": "postfire",
        "TILE_Z": 17,
        "TILE_X": 21538,
        "TILE_Y": 49672,
        "TILEXYZ": [
          17,
          21538,
          49672
        ],
        "OUTPUT_FILE": "/Users/maples/GitHub/mortalitree_testing/notebooks/single_tiles/postfire/17/21538/49672.geojson",
        "OUTPUT_STATUS_DIR": "postfire",
        "FEATURE_COUNT": 442
      },
      "geometry": {
        "type": "Polygon",
        "coordinates": [
          [
            [
              -120.84245881168383,
              39.89164187660087
            ],
            [
              -120.84240875114294,
              39.8916409448666
            ],
            [
              -120.84240988512587,
              39.891604793204095
            ],
            [
              -120.8424599456405,
              39.89160572493718
            ],
            [
              -120.84245881168383,
              39.89164187660087
            ]
          ]
        ]
      }
    },
    {
      "id": "390",
      "type": "Feature",
      "properties": {
        "id": null,
        "SOURCE_FILE": "/Users/maples/GitHub/mortalitree_testing/labels/luwajobi_mortalitree_postfire_labels.geojson",
        "SUNETID": "luwajobi",
        "FIRENAME": "NORTH COMPLEX",
        "FIRE_SLUG": "NORTH_COMPLEX",
        "PREFIRE": 0,
        "PREFIRE_STATUS": "postfire",
        "TILE_Z": 17,
        "TILE_X": 21538,
        "TILE_Y": 49672,
        "TILEXYZ": [
          17,
          21538,
          49672
        ],
        "OUTPUT_FILE": "/Users/maples/GitHub/mortalitree_testing/notebooks/single_tiles/postfire/17/21538/49672.geojson",
        "OUTPUT_STATUS_DIR": "postfire",
        "FEATURE_COUNT": 442
      },
      "geometry": {
        "type": "Polygon",
        "coordinates": [
          [
            [
              -120.84227159937684,
              39.89157207532509
            ],
            [
              -120.84220902377226,
              39.89157091055455
            ],
            [
              -120.84221076270182,
              39.89151547801193
            ],
            [
              -120.84227333825605,
              39.89151664278019
            ],
            [
              -120.84227159937684,
              39.89157207532509
            ]
          ]
        ]
      }
    },
    {
      "id": "391",
      "type": "Feature",
      "properties": {
        "id": null,
        "SOURCE_FILE": "/Users/maples/GitHub/mortalitree_testing/labels/luwajobi_mortalitree_postfire_labels.geojson",
        "SUNETID": "luwajobi",
        "FIRENAME": "NORTH COMPLEX",
        "FIRE_SLUG": "NORTH_COMPLEX",
        "PREFIRE": 0,
        "PREFIRE_STATUS": "postfire",
        "TILE_Z": 17,
        "TILE_X": 21538,
        "TILE_Y": 49672,
        "TILEXYZ": [
          17,
          21538,
          49672
        ],
        "OUTPUT_FILE": "/Users/maples/GitHub/mortalitree_testing/notebooks/single_tiles/postfire/17/21538/49672.geojson",
        "OUTPUT_STATUS_DIR": "postfire",
        "FEATURE_COUNT": 442
      },
      "geometry": {
        "type": "Polygon",
        "coordinates": [
          [
            [
              -120.84206010428215,
              39.891577784530526
            ],
            [
              -120.84200691502103,
              39.8915767943806
            ],
            [
              -120.84200820043786,
              39.89153582250683
            ],
            [
              -120.84206138966735,
              39.89153681265532
            ],
            [
              -120.84206010428215,
              39.891577784530526
            ]
          ]
        ]
      }
    },
    {
      "id": "392",
      "type": "Feature",
      "properties": {
        "id": null,
        "SOURCE_FILE": "/Users/maples/GitHub/mortalitree_testing/labels/luwajobi_mortalitree_postfire_labels.geojson",
        "SUNETID": "luwajobi",
        "FIRENAME": "NORTH COMPLEX",
        "FIRE_SLUG": "NORTH_COMPLEX",
        "PREFIRE": 0,
        "PREFIRE_STATUS": "postfire",
        "TILE_Z": 17,
        "TILE_X": 21538,
        "TILE_Y": 49672,
        "TILEXYZ": [
          17,
          21538,
          49672
        ],
        "OUTPUT_FILE": "/Users/maples/GitHub/mortalitree_testing/notebooks/single_tiles/postfire/17/21538/49672.geojson",
        "OUTPUT_STATUS_DIR": "postfire",
        "FEATURE_COUNT": 442
      },
      "geometry": {
        "type": "Polygon",
        "coordinates": [
          [
            [
              -120.84199920649075,
              39.89157303360297
            ],
            [
              -120.84196166113377,
              39.8915723346565
            ],
            [
              -120.84196302219158,
              39.891528952673745
            ],
            [
              -120.84200056752493,
              39.89152965161915
            ],
            [
              -120.84199920649075,
              39.89157303360297
            ]
          ]
        ]
      }
    },
    {
      "id": "393",
      "type": "Feature",
      "properties": {
        "id": null,
        "SOURCE_FILE": "/Users/maples/GitHub/mortalitree_testing/labels/luwajobi_mortalitree_postfire_labels.geojson",
        "SUNETID": "luwajobi",
        "FIRENAME": "NORTH COMPLEX",
        "FIRE_SLUG": "NORTH_COMPLEX",
        "PREFIRE": 0,
        "PREFIRE_STATUS": "postfire",
        "TILE_Z": 17,
        "TILE_X": 21538,
        "TILE_Y": 49672,
        "TILEXYZ": [
          17,
          21538,
          49672
        ],
        "OUTPUT_FILE": "/Users/maples/GitHub/mortalitree_testing/notebooks/single_tiles/postfire/17/21538/49672.geojson",
        "OUTPUT_STATUS_DIR": "postfire",
        "FEATURE_COUNT": 442
      },
      "geometry": {
        "type": "Polygon",
        "coordinates": [
          [
            [
              -120.84289428576801,
              39.8908752673033
            ],
            [
              -120.84284767005983,
              39.890874399864856
            ],
            [
              -120.84284900730223,
              39.89083175838577
            ],
            [
              -120.84289562298159,
              39.890832625822924
            ],
            [
              -120.84289428576801,
              39.8908752673033
            ]
          ]
        ]
      }
    },
    {
      "id": "394",
      "type": "Feature",
      "properties": {
        "id": null,
        "SOURCE_FILE": "/Users/maples/GitHub/mortalitree_testing/labels/luwajobi_mortalitree_postfire_labels.geojson",
        "SUNETID": "luwajobi",
        "FIRENAME": "NORTH COMPLEX",
        "FIRE_SLUG": "NORTH_COMPLEX",
        "PREFIRE": 0,
        "PREFIRE_STATUS": "postfire",
        "TILE_Z": 17,
        "TILE_X": 21538,
        "TILE_Y": 49672,
        "TILEXYZ": [
          17,
          21538,
          49672
        ],
        "OUTPUT_FILE": "/Users/maples/GitHub/mortalitree_testing/notebooks/single_tiles/postfire/17/21538/49672.geojson",
        "OUTPUT_STATUS_DIR": "postfire",
        "FEATURE_COUNT": 442
      },
      "geometry": {
        "type": "Polygon",
        "coordinates": [
          [
            [
              -120.84284063269077,
              39.890866409316665
            ],
            [
              -120.84278527654656,
              39.89086537920601
            ],
            [
              -120.84278682497653,
              39.89081600486373
            ],
            [
              -120.84284218108107,
              39.890817034972606
            ],
            [
              -120.84284063269077,
              39.890866409316665
            ]
          ]
        ]
      }
    },
    {
      "id": "395",
      "type": "Feature",
      "properties": {
        "id": null,
        "SOURCE_FILE": "/Users/maples/GitHub/mortalitree_testing/labels/luwajobi_mortalitree_postfire_labels.geojson",
        "SUNETID": "luwajobi",
        "FIRENAME": "NORTH COMPLEX",
        "FIRE_SLUG": "NORTH_COMPLEX",
        "PREFIRE": 0,
        "PREFIRE_STATUS": "postfire",
        "TILE_Z": 17,
        "TILE_X": 21538,
        "TILE_Y": 49672,
        "TILEXYZ": [
          17,
          21538,
          49672
        ],
        "OUTPUT_FILE": "/Users/maples/GitHub/mortalitree_testing/notebooks/single_tiles/postfire/17/21538/49672.geojson",
        "OUTPUT_STATUS_DIR": "postfire",
        "FEATURE_COUNT": 442
      },
      "geometry": {
        "type": "Polygon",
        "coordinates": [
          [
            [
              -120.84283937317389,
              39.89081361432445
            ],
            [
              -120.84276070924078,
              39.89081215047584
            ],
            [
              -120.84276195063228,
              39.890772566959534
            ],
            [
              -120.8428406604267,
              39.890772566959534
            ],
            [
              -120.84283937317389,
              39.89081361432445
            ]
          ]
        ]
      }
    },
    {
      "id": "396",
      "type": "Feature",
      "properties": {
        "id": null,
        "SOURCE_FILE": "/Users/maples/GitHub/mortalitree_testing/labels/luwajobi_mortalitree_postfire_labels.geojson",
        "SUNETID": "luwajobi",
        "FIRENAME": "NORTH COMPLEX",
        "FIRE_SLUG": "NORTH_COMPLEX",
        "PREFIRE": 0,
        "PREFIRE_STATUS": "postfire",
        "TILE_Z": 17,
        "TILE_X": 21538,
        "TILE_Y": 49672,
        "TILEXYZ": [
          17,
          21538,
          49672
        ],
        "OUTPUT_FILE": "/Users/maples/GitHub/mortalitree_testing/notebooks/single_tiles/postfire/17/21538/49672.geojson",
        "OUTPUT_STATUS_DIR": "postfire",
        "FEATURE_COUNT": 442
      },
      "geometry": {
        "type": "Polygon",
        "coordinates": [
          [
            [
              -120.84296922695904,
              39.890902486169026
            ],
            [
              -120.84291095729817,
              39.89090140190508
            ],
            [
              -120.84291236488176,
              39.890856516135976
            ],
            [
              -120.84297063450468,
              39.89085760039819
            ],
            [
              -120.84296922695904,
              39.890902486169026
            ]
          ]
        ]
      }
    },
    {
      "id": "397",
      "type": "Feature",
      "properties": {
        "id": null,
        "SOURCE_FILE": "/Users/maples/GitHub/mortalitree_testing/labels/luwajobi_mortalitree_postfire_labels.geojson",
        "SUNETID": "luwajobi",
        "FIRENAME": "NORTH COMPLEX",
        "FIRE_SLUG": "NORTH_COMPLEX",
        "PREFIRE": 0,
        "PREFIRE_STATUS": "postfire",
        "TILE_Z": 17,
        "TILE_X": 21538,
        "TILE_Y": 49672,
        "TILEXYZ": [
          17,
          21538,
          49672
        ],
        "OUTPUT_FILE": "/Users/maples/GitHub/mortalitree_testing/notebooks/single_tiles/postfire/17/21538/49672.geojson",
        "OUTPUT_STATUS_DIR": "postfire",
        "FEATURE_COUNT": 442
      },
      "geometry": {
        "type": "Polygon",
        "coordinates": [
          [
            [
              -120.84295772777948,
              39.89094381576237
            ],
            [
              -120.84289071763001,
              39.890942568848594
            ],
            [
              -120.84289219560871,
              39.890895438791965
            ],
            [
              -120.84295920571236,
              39.890896685703666
            ],
            [
              -120.84295772777948,
              39.89094381576237
            ]
          ]
        ]
      }
    },
    {
      "id": "398",
      "type": "Feature",
      "properties": {
        "id": null,
        "SOURCE_FILE": "/Users/maples/GitHub/mortalitree_testing/labels/luwajobi_mortalitree_postfire_labels.geojson",
        "SUNETID": "luwajobi",
        "FIRENAME": "NORTH COMPLEX",
        "FIRE_SLUG": "NORTH_COMPLEX",
        "PREFIRE": 0,
        "PREFIRE_STATUS": "postfire",
        "TILE_Z": 17,
        "TILE_X": 21538,
        "TILE_Y": 49672,
        "TILEXYZ": [
          17,
          21538,
          49672
        ],
        "OUTPUT_FILE": "/Users/maples/GitHub/mortalitree_testing/notebooks/single_tiles/postfire/17/21538/49672.geojson",
        "OUTPUT_STATUS_DIR": "postfire",
        "FEATURE_COUNT": 442
      },
      "geometry": {
        "type": "Polygon",
        "coordinates": [
          [
            [
              -120.8427806599828,
              39.89087315288929
            ],
            [
              -120.8427369577609,
              39.89087233962351
            ],
            [
              -120.84273822468712,
              39.89083194243576
            ],
            [
              -120.84278192688339,
              39.89083275570038
            ],
            [
              -120.8427806599828,
              39.89087315288929
            ]
          ]
        ]
      }
    },
    {
      "id": "399",
      "type": "Feature",
      "properties": {
        "id": null,
        "SOURCE_FILE": "/Users/maples/GitHub/mortalitree_testing/labels/luwajobi_mortalitree_postfire_labels.geojson",
        "SUNETID": "luwajobi",
        "FIRENAME": "NORTH COMPLEX",
        "FIRE_SLUG": "NORTH_COMPLEX",
        "PREFIRE": 0,
        "PREFIRE_STATUS": "postfire",
        "TILE_Z": 17,
        "TILE_X": 21538,
        "TILE_Y": 49672,
        "TILEXYZ": [
          17,
          21538,
          49672
        ],
        "OUTPUT_FILE": "/Users/maples/GitHub/mortalitree_testing/notebooks/single_tiles/postfire/17/21538/49672.geojson",
        "OUTPUT_STATUS_DIR": "postfire",
        "FEATURE_COUNT": 442
      },
      "geometry": {
        "type": "Polygon",
        "coordinates": [
          [
            [
              -120.84276548044151,
              39.8908459232348
            ],
            [
              -120.84271012431655,
              39.890844893088705
            ],
            [
              -120.8427115320283,
              39.89080000732507
            ],
            [
              -120.84276688811724,
              39.89080103746954
            ],
            [
              -120.84276548044151,
              39.8908459232348
            ]
          ]
        ]
      }
    },
    {
      "id": "400",
      "type": "Feature",
      "properties": {
        "id": null,
        "SOURCE_FILE": "/Users/maples/GitHub/mortalitree_testing/labels/luwajobi_mortalitree_postfire_labels.geojson",
        "SUNETID": "luwajobi",
        "FIRENAME": "NORTH COMPLEX",
        "FIRE_SLUG": "NORTH_COMPLEX",
        "PREFIRE": 0,
        "PREFIRE_STATUS": "postfire",
        "TILE_Z": 17,
        "TILE_X": 21538,
        "TILE_Y": 49672,
        "TILEXYZ": [
          17,
          21538,
          49672
        ],
        "OUTPUT_FILE": "/Users/maples/GitHub/mortalitree_testing/notebooks/single_tiles/postfire/17/21538/49672.geojson",
        "OUTPUT_STATUS_DIR": "postfire",
        "FEATURE_COUNT": 442
      },
      "geometry": {
        "type": "Polygon",
        "coordinates": [
          [
            [
              -120.84268671089565,
              39.89084782576729
            ],
            [
              -120.84262552781182,
              39.890846687141625
            ],
            [
              -120.84262707635537,
              39.8907973128044
            ],
            [
              -120.84268825939539,
              39.89079845142807
            ],
            [
              -120.84268671089565,
              39.89084782576729
            ]
          ]
        ]
      }
    },
    {
      "id": "401",
      "type": "Feature",
      "properties": {
        "id": null,
        "SOURCE_FILE": "/Users/maples/GitHub/mortalitree_testing/labels/luwajobi_mortalitree_postfire_labels.geojson",
        "SUNETID": "luwajobi",
        "FIRENAME": "NORTH COMPLEX",
        "FIRE_SLUG": "NORTH_COMPLEX",
        "PREFIRE": 0,
        "PREFIRE_STATUS": "postfire",
        "TILE_Z": 17,
        "TILE_X": 21538,
        "TILE_Y": 49672,
        "TILEXYZ": [
          17,
          21538,
          49672
        ],
        "OUTPUT_FILE": "/Users/maples/GitHub/mortalitree_testing/notebooks/single_tiles/postfire/17/21538/49672.geojson",
        "OUTPUT_STATUS_DIR": "postfire",
        "FEATURE_COUNT": 442
      },
      "geometry": {
        "type": "Polygon",
        "coordinates": [
          [
            [
              -120.84270154601184,
              39.89079308469422
            ],
            [
              -120.8426461899317,
              39.89079205451872
            ],
            [
              -120.84264680111951,
              39.890772566959534
            ],
            [
              -120.84270218949251,
              39.890772566959534
            ],
            [
              -120.84270154601184,
              39.89079308469422
            ]
          ]
        ]
      }
    },
    {
      "id": "402",
      "type": "Feature",
      "properties": {
        "id": null,
        "SOURCE_FILE": "/Users/maples/GitHub/mortalitree_testing/labels/luwajobi_mortalitree_postfire_labels.geojson",
        "SUNETID": "luwajobi",
        "FIRENAME": "NORTH COMPLEX",
        "FIRE_SLUG": "NORTH_COMPLEX",
        "PREFIRE": 0,
        "PREFIRE_STATUS": "postfire",
        "TILE_Z": 17,
        "TILE_X": 21538,
        "TILE_Y": 49672,
        "TILEXYZ": [
          17,
          21538,
          49672
        ],
        "OUTPUT_FILE": "/Users/maples/GitHub/mortalitree_testing/notebooks/single_tiles/postfire/17/21538/49672.geojson",
        "OUTPUT_STATUS_DIR": "postfire",
        "FEATURE_COUNT": 442
      },
      "geometry": {
        "type": "Polygon",
        "coordinates": [
          [
            [
              -120.84264552124895,
              39.89081337525561
            ],
            [
              -120.84259599211171,
              39.890812453496586
            ],
            [
              -120.84259724310175,
              39.890772566959534
            ],
            [
              -120.84264680111941,
              39.890772566959534
            ],
            [
              -120.84264552124895,
              39.89081337525561
            ]
          ]
        ]
      }
    },
    {
      "id": "403",
      "type": "Feature",
      "properties": {
        "id": null,
        "SOURCE_FILE": "/Users/maples/GitHub/mortalitree_testing/labels/luwajobi_mortalitree_postfire_labels.geojson",
        "SUNETID": "luwajobi",
        "FIRENAME": "NORTH COMPLEX",
        "FIRE_SLUG": "NORTH_COMPLEX",
        "PREFIRE": 0,
        "PREFIRE_STATUS": "postfire",
        "TILE_Z": 17,
        "TILE_X": 21538,
        "TILE_Y": 49672,
        "TILEXYZ": [
          17,
          21538,
          49672
        ],
        "OUTPUT_FILE": "/Users/maples/GitHub/mortalitree_testing/notebooks/single_tiles/postfire/17/21538/49672.geojson",
        "OUTPUT_STATUS_DIR": "postfire",
        "FEATURE_COUNT": 442
      },
      "geometry": {
        "type": "Polygon",
        "coordinates": [
          [
            [
              -120.84257173401657,
              39.89084231760798
            ],
            [
              -120.84251346442193,
              39.89084123314567
            ],
            [
              -120.8425149426537,
              39.89079410309994
            ],
            [
              -120.8425732122085,
              39.89079518756044
            ],
            [
              -120.84257173401657,
              39.89084231760798
            ]
          ]
        ]
      }
    },
    {
      "id": "404",
      "type": "Feature",
      "properties": {
        "id": null,
        "SOURCE_FILE": "/Users/maples/GitHub/mortalitree_testing/labels/luwajobi_mortalitree_postfire_labels.geojson",
        "SUNETID": "luwajobi",
        "FIRENAME": "NORTH COMPLEX",
        "FIRE_SLUG": "NORTH_COMPLEX",
        "PREFIRE": 0,
        "PREFIRE_STATUS": "postfire",
        "TILE_Z": 17,
        "TILE_X": 21538,
        "TILE_Y": 49672,
        "TILEXYZ": [
          17,
          21538,
          49672
        ],
        "OUTPUT_FILE": "/Users/maples/GitHub/mortalitree_testing/notebooks/single_tiles/postfire/17/21538/49672.geojson",
        "OUTPUT_STATUS_DIR": "postfire",
        "FEATURE_COUNT": 442
      },
      "geometry": {
        "type": "Polygon",
        "coordinates": [
          [
            [
              -120.8425991871471,
              39.890803530566195
            ],
            [
              -120.84254674454037,
              39.89080255456464
            ],
            [
              -120.8425476850845,
              39.890772566959534
            ],
            [
              -120.84260015827935,
              39.890772566959534
            ],
            [
              -120.8425991871471,
              39.890803530566195
            ]
          ]
        ]
      }
    },
    {
      "id": "405",
      "type": "Feature",
      "properties": {
        "id": null,
        "SOURCE_FILE": "/Users/maples/GitHub/mortalitree_testing/labels/luwajobi_mortalitree_postfire_labels.geojson",
        "SUNETID": "luwajobi",
        "FIRENAME": "NORTH COMPLEX",
        "FIRE_SLUG": "NORTH_COMPLEX",
        "PREFIRE": 0,
        "PREFIRE_STATUS": "postfire",
        "TILE_Z": 17,
        "TILE_X": 21538,
        "TILE_Y": 49672,
        "TILEXYZ": [
          17,
          21538,
          49672
        ],
        "OUTPUT_FILE": "/Users/maples/GitHub/mortalitree_testing/notebooks/single_tiles/postfire/17/21538/49672.geojson",
        "OUTPUT_STATUS_DIR": "postfire",
        "FEATURE_COUNT": 442
      },
      "geometry": {
        "type": "Polygon",
        "coordinates": [
          [
            [
              -120.84251587145337,
              39.89081096237107
            ],
            [
              -120.84247216927858,
              39.89081014900657
            ],
            [
              -120.84247334805923,
              39.890772566959534
            ],
            [
              -120.8425170757212,
              39.890772566959534
            ],
            [
              -120.84251587145337,
              39.89081096237107
            ]
          ]
        ]
      }
    },
    {
      "id": "406",
      "type": "Feature",
      "properties": {
        "id": null,
        "SOURCE_FILE": "/Users/maples/GitHub/mortalitree_testing/labels/luwajobi_mortalitree_postfire_labels.geojson",
        "SUNETID": "luwajobi",
        "FIRENAME": "NORTH COMPLEX",
        "FIRE_SLUG": "NORTH_COMPLEX",
        "PREFIRE": 0,
        "PREFIRE_STATUS": "postfire",
        "TILE_Z": 17,
        "TILE_X": 21538,
        "TILE_Y": 49672,
        "TILEXYZ": [
          17,
          21538,
          49672
        ],
        "OUTPUT_FILE": "/Users/maples/GitHub/mortalitree_testing/notebooks/single_tiles/postfire/17/21538/49672.geojson",
        "OUTPUT_STATUS_DIR": "postfire",
        "FEATURE_COUNT": 442
      },
      "geometry": {
        "type": "Polygon",
        "coordinates": [
          [
            [
              -120.84257407666234,
              39.890953518306226
            ],
            [
              -120.84251872045782,
              39.89095248806648
            ],
            [
              -120.84252005790775,
              39.890909846597225
            ],
            [
              -120.84257541407803,
              39.89091087683541
            ],
            [
              -120.84257407666234,
              39.890953518306226
            ]
          ]
        ]
      }
    },
    {
      "id": "407",
      "type": "Feature",
      "properties": {
        "id": null,
        "SOURCE_FILE": "/Users/maples/GitHub/mortalitree_testing/labels/luwajobi_mortalitree_postfire_labels.geojson",
        "SUNETID": "luwajobi",
        "FIRENAME": "NORTH COMPLEX",
        "FIRE_SLUG": "NORTH_COMPLEX",
        "PREFIRE": 0,
        "PREFIRE_STATUS": "postfire",
        "TILE_Z": 17,
        "TILE_X": 21538,
        "TILE_Y": 49672,
        "TILEXYZ": [
          17,
          21538,
          49672
        ],
        "OUTPUT_FILE": "/Users/maples/GitHub/mortalitree_testing/notebooks/single_tiles/postfire/17/21538/49672.geojson",
        "OUTPUT_STATUS_DIR": "postfire",
        "FEATURE_COUNT": 442
      },
      "geometry": {
        "type": "Polygon",
        "coordinates": [
          [
            [
              -120.84266659049588,
              39.8909316612524
            ],
            [
              -120.84258792643679,
              39.89093019728301
            ],
            [
              -120.84258968618096,
              39.89087409008377
            ],
            [
              -120.842668350176,
              39.890875554050254
            ],
            [
              -120.84266659049588,
              39.8909316612524
            ]
          ]
        ]
      }
    },
    {
      "id": "408",
      "type": "Feature",
      "properties": {
        "id": null,
        "SOURCE_FILE": "/Users/maples/GitHub/mortalitree_testing/labels/luwajobi_mortalitree_postfire_labels.geojson",
        "SUNETID": "luwajobi",
        "FIRENAME": "NORTH COMPLEX",
        "FIRE_SLUG": "NORTH_COMPLEX",
        "PREFIRE": 0,
        "PREFIRE_STATUS": "postfire",
        "TILE_Z": 17,
        "TILE_X": 21538,
        "TILE_Y": 49672,
        "TILEXYZ": [
          17,
          21538,
          49672
        ],
        "OUTPUT_FILE": "/Users/maples/GitHub/mortalitree_testing/notebooks/single_tiles/postfire/17/21538/49672.geojson",
        "OUTPUT_STATUS_DIR": "postfire",
        "FEATURE_COUNT": 442
      },
      "geometry": {
        "type": "Polygon",
        "coordinates": [
          [
            [
              -120.84259210693494,
              39.890889854321586
            ],
            [
              -120.84253092381755,
              39.890888715645026
            ],
            [
              -120.84253240203985,
              39.890841585599134
            ],
            [
              -120.84259358511538,
              39.890842724273796
            ],
            [
              -120.84259210693494,
              39.890889854321586
            ]
          ]
        ]
      }
    },
    {
      "id": "409",
      "type": "Feature",
      "properties": {
        "id": null,
        "SOURCE_FILE": "/Users/maples/GitHub/mortalitree_testing/labels/luwajobi_mortalitree_postfire_labels.geojson",
        "SUNETID": "luwajobi",
        "FIRENAME": "NORTH COMPLEX",
        "FIRE_SLUG": "NORTH_COMPLEX",
        "PREFIRE": 0,
        "PREFIRE_STATUS": "postfire",
        "TILE_Z": 17,
        "TILE_X": 21538,
        "TILE_Y": 49672,
        "TILEXYZ": [
          17,
          21538,
          49672
        ],
        "OUTPUT_FILE": "/Users/maples/GitHub/mortalitree_testing/notebooks/single_tiles/postfire/17/21538/49672.geojson",
        "OUTPUT_STATUS_DIR": "postfire",
        "FEATURE_COUNT": 442
      },
      "geometry": {
        "type": "Polygon",
        "coordinates": [
          [
            [
              -120.84269535958039,
              39.89089738987417
            ],
            [
              -120.84264000341659,
              39.890896359693514
            ],
            [
              -120.84264134078872,
              39.89085371822043
            ],
            [
              -120.8426966969183,
              39.89085474839955
            ],
            [
              -120.84269535958039,
              39.89089738987417
            ]
          ]
        ]
      }
    },
    {
      "id": "410",
      "type": "Feature",
      "properties": {
        "id": null,
        "SOURCE_FILE": "/Users/maples/GitHub/mortalitree_testing/labels/luwajobi_mortalitree_postfire_labels.geojson",
        "SUNETID": "luwajobi",
        "FIRENAME": "NORTH COMPLEX",
        "FIRE_SLUG": "NORTH_COMPLEX",
        "PREFIRE": 0,
        "PREFIRE_STATUS": "postfire",
        "TILE_Z": 17,
        "TILE_X": 21538,
        "TILE_Y": 49672,
        "TILEXYZ": [
          17,
          21538,
          49672
        ],
        "OUTPUT_FILE": "/Users/maples/GitHub/mortalitree_testing/notebooks/single_tiles/postfire/17/21538/49672.geojson",
        "OUTPUT_STATUS_DIR": "postfire",
        "FEATURE_COUNT": 442
      },
      "geometry": {
        "type": "Polygon",
        "coordinates": [
          [
            [
              -120.84244671442906,
              39.89087816598285
            ],
            [
              -120.84240009873265,
              39.890877298364465
            ],
            [
              -120.8424013658568,
              39.890836901185686
            ],
            [
              -120.84244798152591,
              39.89083776880284
            ],
            [
              -120.84244671442906,
              39.89087816598285
            ]
          ]
        ]
      }
    },
    {
      "id": "411",
      "type": "Feature",
      "properties": {
        "id": null,
        "SOURCE_FILE": "/Users/maples/GitHub/mortalitree_testing/labels/luwajobi_mortalitree_postfire_labels.geojson",
        "SUNETID": "luwajobi",
        "FIRENAME": "NORTH COMPLEX",
        "FIRE_SLUG": "NORTH_COMPLEX",
        "PREFIRE": 0,
        "PREFIRE_STATUS": "postfire",
        "TILE_Z": 17,
        "TILE_X": 21538,
        "TILE_Y": 49672,
        "TILEXYZ": [
          17,
          21538,
          49672
        ],
        "OUTPUT_FILE": "/Users/maples/GitHub/mortalitree_testing/notebooks/single_tiles/postfire/17/21538/49672.geojson",
        "OUTPUT_STATUS_DIR": "postfire",
        "FEATURE_COUNT": 442
      },
      "geometry": {
        "type": "Polygon",
        "coordinates": [
          [
            [
              -120.84240538409773,
              39.8908482039642
            ],
            [
              -120.84235002798407,
              39.89084717364618
            ],
            [
              -120.84235157672532,
              39.89079779931791
            ],
            [
              -120.84240693279932,
              39.890798829634136
            ],
            [
              -120.84240538409773,
              39.8908482039642
            ]
          ]
        ]
      }
    },
    {
      "id": "412",
      "type": "Feature",
      "properties": {
        "id": null,
        "SOURCE_FILE": "/Users/maples/GitHub/mortalitree_testing/labels/luwajobi_mortalitree_postfire_labels.geojson",
        "SUNETID": "luwajobi",
        "FIRENAME": "NORTH COMPLEX",
        "FIRE_SLUG": "NORTH_COMPLEX",
        "PREFIRE": 0,
        "PREFIRE_STATUS": "postfire",
        "TILE_Z": 17,
        "TILE_X": 21538,
        "TILE_Y": 49672,
        "TILEXYZ": [
          17,
          21538,
          49672
        ],
        "OUTPUT_FILE": "/Users/maples/GitHub/mortalitree_testing/notebooks/single_tiles/postfire/17/21538/49672.geojson",
        "OUTPUT_STATUS_DIR": "postfire",
        "FEATURE_COUNT": 442
      },
      "geometry": {
        "type": "Polygon",
        "coordinates": [
          [
            [
              -120.84246637751886,
              39.89080891841281
            ],
            [
              -120.84241393491261,
              39.890807942351096
            ],
            [
              -120.84241499084023,
              39.89077427803477
            ],
            [
              -120.84246743342085,
              39.890775254095324
            ],
            [
              -120.84246637751886,
              39.89080891841281
            ]
          ]
        ]
      }
    },
    {
      "id": "413",
      "type": "Feature",
      "properties": {
        "id": null,
        "SOURCE_FILE": "/Users/maples/GitHub/mortalitree_testing/labels/luwajobi_mortalitree_postfire_labels.geojson",
        "SUNETID": "luwajobi",
        "FIRENAME": "NORTH COMPLEX",
        "FIRE_SLUG": "NORTH_COMPLEX",
        "PREFIRE": 0,
        "PREFIRE_STATUS": "postfire",
        "TILE_Z": 17,
        "TILE_X": 21538,
        "TILE_Y": 49672,
        "TILEXYZ": [
          17,
          21538,
          49672
        ],
        "OUTPUT_FILE": "/Users/maples/GitHub/mortalitree_testing/notebooks/single_tiles/postfire/17/21538/49672.geojson",
        "OUTPUT_STATUS_DIR": "postfire",
        "FEATURE_COUNT": 442
      },
      "geometry": {
        "type": "Polygon",
        "coordinates": [
          [
            [
              -120.84249643327982,
              39.89091951210006
            ],
            [
              -120.84244690407105,
              39.890918590275334
            ],
            [
              -120.84244838235247,
              39.89087146023229
            ],
            [
              -120.84249791152735,
              39.89087238205548
            ],
            [
              -120.84249643327982,
              39.89091951210006
            ]
          ]
        ]
      }
    },
    {
      "id": "414",
      "type": "Feature",
      "properties": {
        "id": null,
        "SOURCE_FILE": "/Users/maples/GitHub/mortalitree_testing/labels/luwajobi_mortalitree_postfire_labels.geojson",
        "SUNETID": "luwajobi",
        "FIRENAME": "NORTH COMPLEX",
        "FIRE_SLUG": "NORTH_COMPLEX",
        "PREFIRE": 0,
        "PREFIRE_STATUS": "postfire",
        "TILE_Z": 17,
        "TILE_X": 21538,
        "TILE_Y": 49672,
        "TILEXYZ": [
          17,
          21538,
          49672
        ],
        "OUTPUT_FILE": "/Users/maples/GitHub/mortalitree_testing/notebooks/single_tiles/postfire/17/21538/49672.geojson",
        "OUTPUT_STATUS_DIR": "postfire",
        "FEATURE_COUNT": 442
      },
      "geometry": {
        "type": "Polygon",
        "coordinates": [
          [
            [
              -120.8424204363426,
              39.89092595724892
            ],
            [
              -120.8423709071317,
              39.890925035391625
            ],
            [
              -120.84237252625898,
              39.89087341677569
            ],
            [
              -120.84242205543279,
              39.890874338631306
            ],
            [
              -120.8424204363426,
              39.89092595724892
            ]
          ]
        ]
      }
    },
    {
      "id": "415",
      "type": "Feature",
      "properties": {
        "id": null,
        "SOURCE_FILE": "/Users/maples/GitHub/mortalitree_testing/labels/luwajobi_mortalitree_postfire_labels.geojson",
        "SUNETID": "luwajobi",
        "FIRENAME": "NORTH COMPLEX",
        "FIRE_SLUG": "NORTH_COMPLEX",
        "PREFIRE": 0,
        "PREFIRE_STATUS": "postfire",
        "TILE_Z": 17,
        "TILE_X": 21538,
        "TILE_Y": 49672,
        "TILEXYZ": [
          17,
          21538,
          49672
        ],
        "OUTPUT_FILE": "/Users/maples/GitHub/mortalitree_testing/notebooks/single_tiles/postfire/17/21538/49672.geojson",
        "OUTPUT_STATUS_DIR": "postfire",
        "FEATURE_COUNT": 442
      },
      "geometry": {
        "type": "Polygon",
        "coordinates": [
          [
            [
              -120.84237290545512,
              39.890954265358374
            ],
            [
              -120.84232337622538,
              39.89095334348024
            ],
            [
              -120.84232464339799,
              39.89091294630406
            ],
            [
              -120.84237417259871,
              39.890913868180895
            ],
            [
              -120.84237290545512,
              39.890954265358374
            ]
          ]
        ]
      }
    },
    {
      "id": "416",
      "type": "Feature",
      "properties": {
        "id": null,
        "SOURCE_FILE": "/Users/maples/GitHub/mortalitree_testing/labels/luwajobi_mortalitree_postfire_labels.geojson",
        "SUNETID": "luwajobi",
        "FIRENAME": "NORTH COMPLEX",
        "FIRE_SLUG": "NORTH_COMPLEX",
        "PREFIRE": 0,
        "PREFIRE_STATUS": "postfire",
        "TILE_Z": 17,
        "TILE_X": 21538,
        "TILE_Y": 49672,
        "TILEXYZ": [
          17,
          21538,
          49672
        ],
        "OUTPUT_FILE": "/Users/maples/GitHub/mortalitree_testing/notebooks/single_tiles/postfire/17/21538/49672.geojson",
        "OUTPUT_STATUS_DIR": "postfire",
        "FEATURE_COUNT": 442
      },
      "geometry": {
        "type": "Polygon",
        "coordinates": [
          [
            [
              -120.84243018960875,
              39.890986769921774
            ],
            [
              -120.84238066035374,
              39.89098584806749
            ],
            [
              -120.84238199789083,
              39.890943206602344
            ],
            [
              -120.84243152711517,
              39.89094412845526
            ],
            [
              -120.84243018960875,
              39.890986769921774
            ]
          ]
        ]
      }
    },
    {
      "id": "417",
      "type": "Feature",
      "properties": {
        "id": null,
        "SOURCE_FILE": "/Users/maples/GitHub/mortalitree_testing/labels/luwajobi_mortalitree_postfire_labels.geojson",
        "SUNETID": "luwajobi",
        "FIRENAME": "NORTH COMPLEX",
        "FIRE_SLUG": "NORTH_COMPLEX",
        "PREFIRE": 0,
        "PREFIRE_STATUS": "postfire",
        "TILE_Z": 17,
        "TILE_X": 21538,
        "TILE_Y": 49672,
        "TILEXYZ": [
          17,
          21538,
          49672
        ],
        "OUTPUT_FILE": "/Users/maples/GitHub/mortalitree_testing/notebooks/single_tiles/postfire/17/21538/49672.geojson",
        "OUTPUT_STATUS_DIR": "postfire",
        "FEATURE_COUNT": 442
      },
      "geometry": {
        "type": "Polygon",
        "coordinates": [
          [
            [
              -120.84248387791452,
              39.89099450595548
            ],
            [
              -120.84243726213815,
              39.89099363834993
            ],
            [
              -120.84243852924571,
              39.890953241171
            ],
            [
              -120.84248514499477,
              39.890954108775304
            ],
            [
              -120.84248387791452,
              39.89099450595548
            ]
          ]
        ]
      }
    },
    {
      "id": "418",
      "type": "Feature",
      "properties": {
        "id": null,
        "SOURCE_FILE": "/Users/maples/GitHub/mortalitree_testing/labels/luwajobi_mortalitree_postfire_labels.geojson",
        "SUNETID": "luwajobi",
        "FIRENAME": "NORTH COMPLEX",
        "FIRE_SLUG": "NORTH_COMPLEX",
        "PREFIRE": 0,
        "PREFIRE_STATUS": "postfire",
        "TILE_Z": 17,
        "TILE_X": 21538,
        "TILE_Y": 49672,
        "TILEXYZ": [
          17,
          21538,
          49672
        ],
        "OUTPUT_FILE": "/Users/maples/GitHub/mortalitree_testing/notebooks/single_tiles/postfire/17/21538/49672.geojson",
        "OUTPUT_STATUS_DIR": "postfire",
        "FEATURE_COUNT": 442
      },
      "geometry": {
        "type": "Polygon",
        "coordinates": [
          [
            [
              -120.84248715704693,
              39.89102937375309
            ],
            [
              -120.84245219519666,
              39.89102872305121
            ],
            [
              -120.84245296953611,
              39.89100403588625
            ],
            [
              -120.84248793137384,
              39.891004686587564
            ],
            [
              -120.84248715704693,
              39.89102937375309
            ]
          ]
        ]
      }
    },
    {
      "id": "419",
      "type": "Feature",
      "properties": {
        "id": null,
        "SOURCE_FILE": "/Users/maples/GitHub/mortalitree_testing/labels/luwajobi_mortalitree_postfire_labels.geojson",
        "SUNETID": "luwajobi",
        "FIRENAME": "NORTH COMPLEX",
        "FIRE_SLUG": "NORTH_COMPLEX",
        "PREFIRE": 0,
        "PREFIRE_STATUS": "postfire",
        "TILE_Z": 17,
        "TILE_X": 21538,
        "TILE_Y": 49672,
        "TILEXYZ": [
          17,
          21538,
          49672
        ],
        "OUTPUT_FILE": "/Users/maples/GitHub/mortalitree_testing/notebooks/single_tiles/postfire/17/21538/49672.geojson",
        "OUTPUT_STATUS_DIR": "postfire",
        "FEATURE_COUNT": 442
      },
      "geometry": {
        "type": "Polygon",
        "coordinates": [
          [
            [
              -120.84252910734175,
              39.89099310214265
            ],
            [
              -120.84248540505094,
              39.890992288780076
            ],
            [
              -120.84248709448937,
              39.89093842587303
            ],
            [
              -120.84253079674602,
              39.890939239234065
            ],
            [
              -120.84252910734175,
              39.89099310214265
            ]
          ]
        ]
      }
    },
    {
      "id": "420",
      "type": "Feature",
      "properties": {
        "id": null,
        "SOURCE_FILE": "/Users/maples/GitHub/mortalitree_testing/labels/luwajobi_mortalitree_postfire_labels.geojson",
        "SUNETID": "luwajobi",
        "FIRENAME": "NORTH COMPLEX",
        "FIRE_SLUG": "NORTH_COMPLEX",
        "PREFIRE": 0,
        "PREFIRE_STATUS": "postfire",
        "TILE_Z": 17,
        "TILE_X": 21538,
        "TILE_Y": 49672,
        "TILEXYZ": [
          17,
          21538,
          49672
        ],
        "OUTPUT_FILE": "/Users/maples/GitHub/mortalitree_testing/notebooks/single_tiles/postfire/17/21538/49672.geojson",
        "OUTPUT_STATUS_DIR": "postfire",
        "FEATURE_COUNT": 442
      },
      "geometry": {
        "type": "Polygon",
        "coordinates": [
          [
            [
              -120.84233196230292,
              39.89091195973172
            ],
            [
              -120.84228534658715,
              39.890911092066595
            ],
            [
              -120.84228654338064,
              39.890872939178635
            ],
            [
              -120.8423331590706,
              39.890873806842606
            ],
            [
              -120.84233196230292,
              39.89091195973172
            ]
          ]
        ]
      }
    },
    {
      "id": "421",
      "type": "Feature",
      "properties": {
        "id": null,
        "SOURCE_FILE": "/Users/maples/GitHub/mortalitree_testing/labels/luwajobi_mortalitree_postfire_labels.geojson",
        "SUNETID": "luwajobi",
        "FIRENAME": "NORTH COMPLEX",
        "FIRE_SLUG": "NORTH_COMPLEX",
        "PREFIRE": 0,
        "PREFIRE_STATUS": "postfire",
        "TILE_Z": 17,
        "TILE_X": 21538,
        "TILE_Y": 49672,
        "TILEXYZ": [
          17,
          21538,
          49672
        ],
        "OUTPUT_FILE": "/Users/maples/GitHub/mortalitree_testing/notebooks/single_tiles/postfire/17/21538/49672.geojson",
        "OUTPUT_STATUS_DIR": "postfire",
        "FEATURE_COUNT": 442
      },
      "geometry": {
        "type": "Polygon",
        "coordinates": [
          [
            [
              -120.84231524222591,
              39.89084091218645
            ],
            [
              -120.84226571307964,
              39.890839990285855
            ],
            [
              -120.84226719148099,
              39.890792860247785
            ],
            [
              -120.8423167205934,
              39.89079378214686
            ],
            [
              -120.84231524222591,
              39.89084091218645
            ]
          ]
        ]
      }
    },
    {
      "id": "422",
      "type": "Feature",
      "properties": {
        "id": null,
        "SOURCE_FILE": "/Users/maples/GitHub/mortalitree_testing/labels/luwajobi_mortalitree_postfire_labels.geojson",
        "SUNETID": "luwajobi",
        "FIRENAME": "NORTH COMPLEX",
        "FIRE_SLUG": "NORTH_COMPLEX",
        "PREFIRE": 0,
        "PREFIRE_STATUS": "postfire",
        "TILE_Z": 17,
        "TILE_X": 21538,
        "TILE_Y": 49672,
        "TILEXYZ": [
          17,
          21538,
          49672
        ],
        "OUTPUT_FILE": "/Users/maples/GitHub/mortalitree_testing/notebooks/single_tiles/postfire/17/21538/49672.geojson",
        "OUTPUT_STATUS_DIR": "postfire",
        "FEATURE_COUNT": 442
      },
      "geometry": {
        "type": "Polygon",
        "coordinates": [
          [
            [
              -120.84222646502323,
              39.890883048894075
            ],
            [
              -120.84217693584954,
              39.89088212695476
            ],
            [
              -120.84217820310491,
              39.89084172978197
            ],
            [
              -120.84222773224958,
              39.890842651719964
            ],
            [
              -120.84222646502323,
              39.890883048894075
            ]
          ]
        ]
      }
    },
    {
      "id": "423",
      "type": "Feature",
      "properties": {
        "id": null,
        "SOURCE_FILE": "/Users/maples/GitHub/mortalitree_testing/labels/luwajobi_mortalitree_postfire_labels.geojson",
        "SUNETID": "luwajobi",
        "FIRENAME": "NORTH COMPLEX",
        "FIRE_SLUG": "NORTH_COMPLEX",
        "PREFIRE": 0,
        "PREFIRE_STATUS": "postfire",
        "TILE_Z": 17,
        "TILE_X": 21538,
        "TILE_Y": 49672,
        "TILEXYZ": [
          17,
          21538,
          49672
        ],
        "OUTPUT_FILE": "/Users/maples/GitHub/mortalitree_testing/notebooks/single_tiles/postfire/17/21538/49672.geojson",
        "OUTPUT_STATUS_DIR": "postfire",
        "FEATURE_COUNT": 442
      },
      "geometry": {
        "type": "Polygon",
        "coordinates": [
          [
            [
              -120.84248025469785,
              39.89112270418963
            ],
            [
              -120.84242730428572,
              39.891121718680935
            ],
            [
              -120.84242863697622,
              39.89107923101377
            ],
            [
              -120.8424815873557,
              39.891080216520976
            ],
            [
              -120.84248025469785,
              39.89112270418963
            ]
          ]
        ]
      }
    },
    {
      "id": "424",
      "type": "Feature",
      "properties": {
        "id": null,
        "SOURCE_FILE": "/Users/maples/GitHub/mortalitree_testing/labels/luwajobi_mortalitree_postfire_labels.geojson",
        "SUNETID": "luwajobi",
        "FIRENAME": "NORTH COMPLEX",
        "FIRE_SLUG": "NORTH_COMPLEX",
        "PREFIRE": 0,
        "PREFIRE_STATUS": "postfire",
        "TILE_Z": 17,
        "TILE_X": 21538,
        "TILE_Y": 49672,
        "TILEXYZ": [
          17,
          21538,
          49672
        ],
        "OUTPUT_FILE": "/Users/maples/GitHub/mortalitree_testing/notebooks/single_tiles/postfire/17/21538/49672.geojson",
        "OUTPUT_STATUS_DIR": "postfire",
        "FEATURE_COUNT": 442
      },
      "geometry": {
        "type": "Polygon",
        "coordinates": [
          [
            [
              -120.84244198118532,
              39.89107607837941
            ],
            [
              -120.8423824120137,
              39.89107496966186
            ],
            [
              -120.84238427781531,
              39.89101548692898
            ],
            [
              -120.84244384693551,
              39.8910165956442
            ],
            [
              -120.84244198118532,
              39.89107607837941
            ]
          ]
        ]
      }
    },
    {
      "id": "425",
      "type": "Feature",
      "properties": {
        "id": null,
        "SOURCE_FILE": "/Users/maples/GitHub/mortalitree_testing/labels/luwajobi_mortalitree_postfire_labels.geojson",
        "SUNETID": "luwajobi",
        "FIRENAME": "NORTH COMPLEX",
        "FIRE_SLUG": "NORTH_COMPLEX",
        "PREFIRE": 0,
        "PREFIRE_STATUS": "postfire",
        "TILE_Z": 17,
        "TILE_X": 21538,
        "TILE_Y": 49672,
        "TILEXYZ": [
          17,
          21538,
          49672
        ],
        "OUTPUT_FILE": "/Users/maples/GitHub/mortalitree_testing/notebooks/single_tiles/postfire/17/21538/49672.geojson",
        "OUTPUT_STATUS_DIR": "postfire",
        "FEATURE_COUNT": 442
      },
      "geometry": {
        "type": "Polygon",
        "coordinates": [
          [
            [
              -120.84262277795382,
              39.89104798400053
            ],
            [
              -120.84259850903868,
              39.89104753234258
            ],
            [
              -120.84259914867805,
              39.89102713825977
            ],
            [
              -120.84262341758603,
              39.89102758991743
            ],
            [
              -120.84262277795382,
              39.89104798400053
            ]
          ]
        ]
      }
    },
    {
      "id": "426",
      "type": "Feature",
      "properties": {
        "id": null,
        "SOURCE_FILE": "/Users/maples/GitHub/mortalitree_testing/labels/luwajobi_mortalitree_postfire_labels.geojson",
        "SUNETID": "luwajobi",
        "FIRENAME": "NORTH COMPLEX",
        "FIRE_SLUG": "NORTH_COMPLEX",
        "PREFIRE": 0,
        "PREFIRE_STATUS": "postfire",
        "TILE_Z": 17,
        "TILE_X": 21538,
        "TILE_Y": 49672,
        "TILEXYZ": [
          17,
          21538,
          49672
        ],
        "OUTPUT_FILE": "/Users/maples/GitHub/mortalitree_testing/notebooks/single_tiles/postfire/17/21538/49672.geojson",
        "OUTPUT_STATUS_DIR": "postfire",
        "FEATURE_COUNT": 442
      },
      "geometry": {
        "type": "Polygon",
        "coordinates": [
          [
            [
              -120.84222567295164,
              39.89093431183958
            ],
            [
              -120.84218816651841,
              39.890933613693825
            ],
            [
              -120.8421891794689,
              39.89090132307082
            ],
            [
              -120.84222668588457,
              39.89090202121579
            ],
            [
              -120.84222567295164,
              39.89093431183958
            ]
          ]
        ]
      }
    },
    {
      "id": "427",
      "type": "Feature",
      "properties": {
        "id": null,
        "SOURCE_FILE": "/Users/maples/GitHub/mortalitree_testing/labels/luwajobi_mortalitree_postfire_labels.geojson",
        "SUNETID": "luwajobi",
        "FIRENAME": "NORTH COMPLEX",
        "FIRE_SLUG": "NORTH_COMPLEX",
        "PREFIRE": 0,
        "PREFIRE_STATUS": "postfire",
        "TILE_Z": 17,
        "TILE_X": 21538,
        "TILE_Y": 49672,
        "TILEXYZ": [
          17,
          21538,
          49672
        ],
        "OUTPUT_FILE": "/Users/maples/GitHub/mortalitree_testing/notebooks/single_tiles/postfire/17/21538/49672.geojson",
        "OUTPUT_STATUS_DIR": "postfire",
        "FEATURE_COUNT": 442
      },
      "geometry": {
        "type": "Polygon",
        "coordinates": [
          [
            [
              -120.8422803763303,
              39.89094978430835
            ],
            [
              -120.84223404484207,
              39.89094892191281
            ],
            [
              -120.84223511108361,
              39.890914931782405
            ],
            [
              -120.842281442549,
              39.890915794176905
            ],
            [
              -120.8422803763303,
              39.89094978430835
            ]
          ]
        ]
      }
    },
    {
      "id": "428",
      "type": "Feature",
      "properties": {
        "id": null,
        "SOURCE_FILE": "/Users/maples/GitHub/mortalitree_testing/labels/luwajobi_mortalitree_postfire_labels.geojson",
        "SUNETID": "luwajobi",
        "FIRENAME": "NORTH COMPLEX",
        "FIRE_SLUG": "NORTH_COMPLEX",
        "PREFIRE": 0,
        "PREFIRE_STATUS": "postfire",
        "TILE_Z": 17,
        "TILE_X": 21538,
        "TILE_Y": 49672,
        "TILEXYZ": [
          17,
          21538,
          49672
        ],
        "OUTPUT_FILE": "/Users/maples/GitHub/mortalitree_testing/notebooks/single_tiles/postfire/17/21538/49672.geojson",
        "OUTPUT_STATUS_DIR": "postfire",
        "FEATURE_COUNT": 442
      },
      "geometry": {
        "type": "Polygon",
        "coordinates": [
          [
            [
              -120.8423752334738,
              39.89109269128879
            ],
            [
              -120.84232448935444,
              39.89109174679808
            ],
            [
              -120.8423255555567,
              39.89105775666649
            ],
            [
              -120.84237629965104,
              39.89105870115607
            ],
            [
              -120.8423752334738,
              39.89109269128879
            ]
          ]
        ]
      }
    },
    {
      "id": "429",
      "type": "Feature",
      "properties": {
        "id": null,
        "SOURCE_FILE": "/Users/maples/GitHub/mortalitree_testing/labels/luwajobi_mortalitree_postfire_labels.geojson",
        "SUNETID": "luwajobi",
        "FIRENAME": "NORTH COMPLEX",
        "FIRE_SLUG": "NORTH_COMPLEX",
        "PREFIRE": 0,
        "PREFIRE_STATUS": "postfire",
        "TILE_Z": 17,
        "TILE_X": 21538,
        "TILE_Y": 49672,
        "TILEXYZ": [
          17,
          21538,
          49672
        ],
        "OUTPUT_FILE": "/Users/maples/GitHub/mortalitree_testing/notebooks/single_tiles/postfire/17/21538/49672.geojson",
        "OUTPUT_STATUS_DIR": "postfire",
        "FEATURE_COUNT": 442
      },
      "geometry": {
        "type": "Polygon",
        "coordinates": [
          [
            [
              -120.84197518965007,
              39.89092102267096
            ],
            [
              -120.84192309145014,
              39.89092005279778
            ],
            [
              -120.84192428757717,
              39.89088192757536
            ],
            [
              -120.8419763857483,
              39.890882897447234
            ],
            [
              -120.84197518965007,
              39.89092102267096
            ]
          ]
        ]
      }
    },
    {
      "id": "430",
      "type": "Feature",
      "properties": {
        "id": null,
        "SOURCE_FILE": "/Users/maples/GitHub/mortalitree_testing/labels/luwajobi_mortalitree_postfire_labels.geojson",
        "SUNETID": "luwajobi",
        "FIRENAME": "NORTH COMPLEX",
        "FIRE_SLUG": "NORTH_COMPLEX",
        "PREFIRE": 0,
        "PREFIRE_STATUS": "postfire",
        "TILE_Z": 17,
        "TILE_X": 21538,
        "TILE_Y": 49672,
        "TILEXYZ": [
          17,
          21538,
          49672
        ],
        "OUTPUT_FILE": "/Users/maples/GitHub/mortalitree_testing/notebooks/single_tiles/postfire/17/21538/49672.geojson",
        "OUTPUT_STATUS_DIR": "postfire",
        "FEATURE_COUNT": 442
      },
      "geometry": {
        "type": "Polygon",
        "coordinates": [
          [
            [
              -120.84210254698058,
              39.890932428420406
            ],
            [
              -120.84205305367821,
              39.890931507095566
            ],
            [
              -120.84205437563419,
              39.89088936868826
            ],
            [
              -120.84210386890628,
              39.89089029001174
            ],
            [
              -120.84210254698058,
              39.890932428420406
            ]
          ]
        ]
      }
    },
    {
      "id": "431",
      "type": "Feature",
      "properties": {
        "id": null,
        "SOURCE_FILE": "/Users/maples/GitHub/mortalitree_testing/labels/luwajobi_mortalitree_postfire_labels.geojson",
        "SUNETID": "luwajobi",
        "FIRENAME": "NORTH COMPLEX",
        "FIRE_SLUG": "NORTH_COMPLEX",
        "PREFIRE": 0,
        "PREFIRE_STATUS": "postfire",
        "TILE_Z": 17,
        "TILE_X": 21538,
        "TILE_Y": 49672,
        "TILEXYZ": [
          17,
          21538,
          49672
        ],
        "OUTPUT_FILE": "/Users/maples/GitHub/mortalitree_testing/notebooks/single_tiles/postfire/17/21538/49672.geojson",
        "OUTPUT_STATUS_DIR": "postfire",
        "FEATURE_COUNT": 442
      },
      "geometry": {
        "type": "Polygon",
        "coordinates": [
          [
            [
              -120.8419948089646,
              39.89087721712459
            ],
            [
              -120.84193750098053,
              39.89087615027347
            ],
            [
              -120.84193876005119,
              39.890836018459694
            ],
            [
              -120.84199606800188,
              39.89083708530931
            ],
            [
              -120.8419948089646,
              39.89087721712459
            ]
          ]
        ]
      }
    },
    {
      "id": "432",
      "type": "Feature",
      "properties": {
        "id": null,
        "SOURCE_FILE": "/Users/maples/GitHub/mortalitree_testing/labels/luwajobi_mortalitree_postfire_labels.geojson",
        "SUNETID": "luwajobi",
        "FIRENAME": "NORTH COMPLEX",
        "FIRE_SLUG": "NORTH_COMPLEX",
        "PREFIRE": 0,
        "PREFIRE_STATUS": "postfire",
        "TILE_Z": 17,
        "TILE_X": 21538,
        "TILE_Y": 49672,
        "TILEXYZ": [
          17,
          21538,
          49672
        ],
        "OUTPUT_FILE": "/Users/maples/GitHub/mortalitree_testing/notebooks/single_tiles/postfire/17/21538/49672.geojson",
        "OUTPUT_STATUS_DIR": "postfire",
        "FEATURE_COUNT": 442
      },
      "geometry": {
        "type": "Polygon",
        "coordinates": [
          [
            [
              -120.84189645199636,
              39.89085530845766
            ],
            [
              -120.84182872440513,
              39.89085404757371
            ],
            [
              -120.84182998353823,
              39.890813915762664
            ],
            [
              -120.84189771109006,
              39.89081517664483
            ],
            [
              -120.84189645199636,
              39.89085530845766
            ]
          ]
        ]
      }
    },
    {
      "id": "433",
      "type": "Feature",
      "properties": {
        "id": null,
        "SOURCE_FILE": "/Users/maples/GitHub/mortalitree_testing/labels/luwajobi_mortalitree_postfire_labels.geojson",
        "SUNETID": "luwajobi",
        "FIRENAME": "NORTH COMPLEX",
        "FIRE_SLUG": "NORTH_COMPLEX",
        "PREFIRE": 0,
        "PREFIRE_STATUS": "postfire",
        "TILE_Z": 17,
        "TILE_X": 21538,
        "TILE_Y": 49672,
        "TILEXYZ": [
          17,
          21538,
          49672
        ],
        "OUTPUT_FILE": "/Users/maples/GitHub/mortalitree_testing/notebooks/single_tiles/postfire/17/21538/49672.geojson",
        "OUTPUT_STATUS_DIR": "postfire",
        "FEATURE_COUNT": 442
      },
      "geometry": {
        "type": "Polygon",
        "coordinates": [
          [
            [
              -120.84202366815497,
              39.891037371489546
            ],
            [
              -120.84197677969414,
              39.89103649862223
            ],
            [
              -120.84197803874905,
              39.89099636680853
            ],
            [
              -120.84202492718258,
              39.89099723967461
            ],
            [
              -120.84202366815497,
              39.891037371489546
            ]
          ]
        ]
      }
    },
    {
      "id": "434",
      "type": "Feature",
      "properties": {
        "id": null,
        "SOURCE_FILE": "/Users/maples/GitHub/mortalitree_testing/labels/luwajobi_mortalitree_postfire_labels.geojson",
        "SUNETID": "luwajobi",
        "FIRENAME": "NORTH COMPLEX",
        "FIRE_SLUG": "NORTH_COMPLEX",
        "PREFIRE": 0,
        "PREFIRE_STATUS": "postfire",
        "TILE_Z": 17,
        "TILE_X": 21538,
        "TILE_Y": 49672,
        "TILEXYZ": [
          17,
          21538,
          49672
        ],
        "OUTPUT_FILE": "/Users/maples/GitHub/mortalitree_testing/notebooks/single_tiles/postfire/17/21538/49672.geojson",
        "OUTPUT_STATUS_DIR": "postfire",
        "FEATURE_COUNT": 442
      },
      "geometry": {
        "type": "Polygon",
        "coordinates": [
          [
            [
              -120.84196105577774,
              39.89103921754825
            ],
            [
              -120.84190895748881,
              39.89103824766633
            ],
            [
              -120.84191015362869,
              39.89100012244503
            ],
            [
              -120.8419622518888,
              39.89100109232563
            ],
            [
              -120.84196105577774,
              39.89103921754825
            ]
          ]
        ]
      }
    },
    {
      "id": "435",
      "type": "Feature",
      "properties": {
        "id": null,
        "SOURCE_FILE": "/Users/maples/GitHub/mortalitree_testing/labels/luwajobi_mortalitree_postfire_labels.geojson",
        "SUNETID": "luwajobi",
        "FIRENAME": "NORTH COMPLEX",
        "FIRE_SLUG": "NORTH_COMPLEX",
        "PREFIRE": 0,
        "PREFIRE_STATUS": "postfire",
        "TILE_Z": 17,
        "TILE_X": 21538,
        "TILE_Y": 49672,
        "TILEXYZ": [
          17,
          21538,
          49672
        ],
        "OUTPUT_FILE": "/Users/maples/GitHub/mortalitree_testing/notebooks/single_tiles/postfire/17/21538/49672.geojson",
        "OUTPUT_STATUS_DIR": "postfire",
        "FEATURE_COUNT": 442
      },
      "geometry": {
        "type": "Polygon",
        "coordinates": [
          [
            [
              -120.84197594175352,
              39.89110474695144
            ],
            [
              -120.84194207783284,
              39.89110411653435
            ],
            [
              -120.84194314804944,
              39.8910700044939
            ],
            [
              -120.84197701195336,
              39.89107063491023
            ],
            [
              -120.84197594175352,
              39.89110474695144
            ]
          ]
        ]
      }
    },
    {
      "id": "436",
      "type": "Feature",
      "properties": {
        "id": null,
        "SOURCE_FILE": "/Users/maples/GitHub/mortalitree_testing/labels/luwajobi_mortalitree_postfire_labels.geojson",
        "SUNETID": "luwajobi",
        "FIRENAME": "NORTH COMPLEX",
        "FIRE_SLUG": "NORTH_COMPLEX",
        "PREFIRE": 0,
        "PREFIRE_STATUS": "postfire",
        "TILE_Z": 17,
        "TILE_X": 21538,
        "TILE_Y": 49672,
        "TILEXYZ": [
          17,
          21538,
          49672
        ],
        "OUTPUT_FILE": "/Users/maples/GitHub/mortalitree_testing/notebooks/single_tiles/postfire/17/21538/49672.geojson",
        "OUTPUT_STATUS_DIR": "postfire",
        "FEATURE_COUNT": 442
      },
      "geometry": {
        "type": "Polygon",
        "coordinates": [
          [
            [
              -120.84193486114668,
              39.891084908441364
            ],
            [
              -120.84189057757227,
              39.891084084032464
            ],
            [
              -120.84189183667958,
              39.89104395222136
            ],
            [
              -120.84193612022818,
              39.8910447766291
            ],
            [
              -120.84193486114668,
              39.891084908441364
            ]
          ]
        ]
      }
    },
    {
      "id": "437",
      "type": "Feature",
      "properties": {
        "id": null,
        "SOURCE_FILE": "/Users/maples/GitHub/mortalitree_testing/labels/luwajobi_mortalitree_postfire_labels.geojson",
        "SUNETID": "luwajobi",
        "FIRENAME": "NORTH COMPLEX",
        "FIRE_SLUG": "NORTH_COMPLEX",
        "PREFIRE": 0,
        "PREFIRE_STATUS": "postfire",
        "TILE_Z": 17,
        "TILE_X": 21538,
        "TILE_Y": 49672,
        "TILEXYZ": [
          17,
          21538,
          49672
        ],
        "OUTPUT_FILE": "/Users/maples/GitHub/mortalitree_testing/notebooks/single_tiles/postfire/17/21538/49672.geojson",
        "OUTPUT_STATUS_DIR": "postfire",
        "FEATURE_COUNT": 442
      },
      "geometry": {
        "type": "Polygon",
        "coordinates": [
          [
            [
              -120.84183062118892,
              39.89104281257108
            ],
            [
              -120.84178894255899,
              39.8910420366205
            ],
            [
              -120.84179007580731,
              39.89100591799267
            ],
            [
              -120.84183175441544,
              39.89100669394227
            ],
            [
              -120.84183062118892,
              39.89104281257108
            ]
          ]
        ]
      }
    },
    {
      "id": "438",
      "type": "Feature",
      "properties": {
        "id": null,
        "SOURCE_FILE": "/Users/maples/GitHub/mortalitree_testing/labels/luwajobi_mortalitree_postfire_labels.geojson",
        "SUNETID": "luwajobi",
        "FIRENAME": "NORTH COMPLEX",
        "FIRE_SLUG": "NORTH_COMPLEX",
        "PREFIRE": 0,
        "PREFIRE_STATUS": "postfire",
        "TILE_Z": 17,
        "TILE_X": 21538,
        "TILE_Y": 49672,
        "TILEXYZ": [
          17,
          21538,
          49672
        ],
        "OUTPUT_FILE": "/Users/maples/GitHub/mortalitree_testing/notebooks/single_tiles/postfire/17/21538/49672.geojson",
        "OUTPUT_STATUS_DIR": "postfire",
        "FEATURE_COUNT": 442
      },
      "geometry": {
        "type": "Polygon",
        "coordinates": [
          [
            [
              -120.84178109633679,
              39.89104289442331
            ],
            [
              -120.8417420226224,
              39.89104216695339
            ],
            [
              -120.84174315589539,
              39.89100604832668
            ],
            [
              -120.8417822295893,
              39.891006775795674
            ],
            [
              -120.84178109633679,
              39.89104289442331
            ]
          ]
        ]
      }
    },
    {
      "id": "439",
      "type": "Feature",
      "properties": {
        "id": null,
        "SOURCE_FILE": "/Users/maples/GitHub/mortalitree_testing/labels/luwajobi_mortalitree_postfire_labels.geojson",
        "SUNETID": "luwajobi",
        "FIRENAME": "NORTH COMPLEX",
        "FIRE_SLUG": "NORTH_COMPLEX",
        "PREFIRE": 0,
        "PREFIRE_STATUS": "postfire",
        "TILE_Z": 17,
        "TILE_X": 21538,
        "TILE_Y": 49672,
        "TILEXYZ": [
          17,
          21538,
          49672
        ],
        "OUTPUT_FILE": "/Users/maples/GitHub/mortalitree_testing/notebooks/single_tiles/postfire/17/21538/49672.geojson",
        "OUTPUT_STATUS_DIR": "postfire",
        "FEATURE_COUNT": 442
      },
      "geometry": {
        "type": "Polygon",
        "coordinates": [
          [
            [
              -120.84215345381203,
              39.89109600481142
            ],
            [
              -120.8421195898917,
              39.89109537444629
            ],
            [
              -120.84212034527654,
              39.89107129535607
            ],
            [
              -120.84215420918507,
              39.89107192572068
            ],
            [
              -120.84215345381203,
              39.89109600481142
            ]
          ]
        ]
      }
    },
    {
      "id": "440",
      "type": "Feature",
      "properties": {
        "id": null,
        "SOURCE_FILE": "/Users/maples/GitHub/mortalitree_testing/labels/luwajobi_mortalitree_postfire_labels.geojson",
        "SUNETID": "luwajobi",
        "FIRENAME": "NORTH COMPLEX",
        "FIRE_SLUG": "NORTH_COMPLEX",
        "PREFIRE": 0,
        "PREFIRE_STATUS": "postfire",
        "TILE_Z": 17,
        "TILE_X": 21538,
        "TILE_Y": 49672,
        "TILEXYZ": [
          17,
          21538,
          49672
        ],
        "OUTPUT_FILE": "/Users/maples/GitHub/mortalitree_testing/notebooks/single_tiles/postfire/17/21538/49672.geojson",
        "OUTPUT_STATUS_DIR": "postfire",
        "FEATURE_COUNT": 442
      },
      "geometry": {
        "type": "Polygon",
        "coordinates": [
          [
            [
              -120.842223919793,
              39.891009978803716
            ],
            [
              -120.84219266082721,
              39.891009396948576
            ],
            [
              -120.84219347913057,
              39.89098331126587
            ],
            [
              -120.84222473808454,
              39.89098389312048
            ],
            [
              -120.842223919793,
              39.891009978803716
            ]
          ]
        ]
      }
    },
    {
      "id": "441",
      "type": "Feature",
      "properties": {
        "id": null,
        "SOURCE_FILE": "/Users/maples/GitHub/mortalitree_testing/labels/luwajobi_mortalitree_postfire_labels.geojson",
        "SUNETID": "luwajobi",
        "FIRENAME": "NORTH COMPLEX",
        "FIRE_SLUG": "NORTH_COMPLEX",
        "PREFIRE": 0,
        "PREFIRE_STATUS": "postfire",
        "TILE_Z": 17,
        "TILE_X": 21538,
        "TILE_Y": 49672,
        "TILEXYZ": [
          17,
          21538,
          49672
        ],
        "OUTPUT_FILE": "/Users/maples/GitHub/mortalitree_testing/notebooks/single_tiles/postfire/17/21538/49672.geojson",
        "OUTPUT_STATUS_DIR": "postfire",
        "FEATURE_COUNT": 442
      },
      "geometry": {
        "type": "Polygon",
        "coordinates": [
          [
            [
              -120.84228047257238,
              39.89103512460928
            ],
            [
              -120.84224921359399,
              39.891034542769084
            ],
            [
              -120.84225015776617,
              39.89100444390342
            ],
            [
              -120.84228141673093,
              39.89100502574299
            ],
            [
              -120.84228047257238,
              39.89103512460928
            ]
          ]
        ]
      }
    },
    {
      "id": "442",
      "type": "Feature",
      "properties": {
        "id": null,
        "SOURCE_FILE": "/Users/maples/GitHub/mortalitree_testing/labels/luwajobi_mortalitree_postfire_labels.geojson",
        "SUNETID": "luwajobi",
        "FIRENAME": "NORTH COMPLEX",
        "FIRE_SLUG": "NORTH_COMPLEX",
        "PREFIRE": 0,
        "PREFIRE_STATUS": "postfire",
        "TILE_Z": 17,
        "TILE_X": 21538,
        "TILE_Y": 49672,
        "TILEXYZ": [
          17,
          21538,
          49672
        ],
        "OUTPUT_FILE": "/Users/maples/GitHub/mortalitree_testing/notebooks/single_tiles/postfire/17/21538/49672.geojson",
        "OUTPUT_STATUS_DIR": "postfire",
        "FEATURE_COUNT": 442
      },
      "geometry": {
        "type": "Polygon",
        "coordinates": [
          [
            [
              -120.84222050729802,
              39.89149143626995
            ],
            [
              -120.84218239506238,
              39.891490726843514
            ],
            [
              -120.84218350023374,
              39.89145549721269
            ],
            [
              -120.84222161244992,
              39.89145620663823
            ],
            [
              -120.84222050729802,
              39.89149143626995
            ]
          ]
        ]
      }
    },
    {
      "id": "443",
      "type": "Feature",
      "properties": {
        "id": null,
        "SOURCE_FILE": "/Users/maples/GitHub/mortalitree_testing/labels/luwajobi_mortalitree_postfire_labels.geojson",
        "SUNETID": "luwajobi",
        "FIRENAME": "NORTH COMPLEX",
        "FIRE_SLUG": "NORTH_COMPLEX",
        "PREFIRE": 0,
        "PREFIRE_STATUS": "postfire",
        "TILE_Z": 17,
        "TILE_X": 21538,
        "TILE_Y": 49672,
        "TILEXYZ": [
          17,
          21538,
          49672
        ],
        "OUTPUT_FILE": "/Users/maples/GitHub/mortalitree_testing/notebooks/single_tiles/postfire/17/21538/49672.geojson",
        "OUTPUT_STATUS_DIR": "postfire",
        "FEATURE_COUNT": 442
      },
      "geometry": {
        "type": "Polygon",
        "coordinates": [
          [
            [
              -120.84204058156963,
              39.8915135454767
            ],
            [
              -120.84198976524544,
              39.89151259949274
            ],
            [
              -120.84199093192018,
              39.89147541266507
            ],
            [
              -120.84204174821693,
              39.891476358647786
            ],
            [
              -120.84204058156963,
              39.8915135454767
            ]
          ]
        ]
      }
    },
    {
      "id": "444",
      "type": "Feature",
      "properties": {
        "id": null,
        "SOURCE_FILE": "/Users/maples/GitHub/mortalitree_testing/labels/luwajobi_mortalitree_postfire_labels.geojson",
        "SUNETID": "luwajobi",
        "FIRENAME": "NORTH COMPLEX",
        "FIRE_SLUG": "NORTH_COMPLEX",
        "PREFIRE": 0,
        "PREFIRE_STATUS": "postfire",
        "TILE_Z": 17,
        "TILE_X": 21538,
        "TILE_Y": 49672,
        "TILEXYZ": [
          17,
          21538,
          49672
        ],
        "OUTPUT_FILE": "/Users/maples/GitHub/mortalitree_testing/notebooks/single_tiles/postfire/17/21538/49672.geojson",
        "OUTPUT_STATUS_DIR": "postfire",
        "FEATURE_COUNT": 442
      },
      "geometry": {
        "type": "Polygon",
        "coordinates": [
          [
            [
              -120.84204118393747,
              39.89145382718087
            ],
            [
              -120.8419751227738,
              39.891452597399265
            ],
            [
              -120.84197678068706,
              39.8913997529598
            ],
            [
              -120.84204284180008,
              39.891400982739114
            ],
            [
              -120.84204118393747,
              39.89145382718087
            ]
          ]
        ]
      }
    },
    {
      "id": "445",
      "type": "Feature",
      "properties": {
        "id": null,
        "SOURCE_FILE": "/Users/maples/GitHub/mortalitree_testing/labels/luwajobi_mortalitree_postfire_labels.geojson",
        "SUNETID": "luwajobi",
        "FIRENAME": "NORTH COMPLEX",
        "FIRE_SLUG": "NORTH_COMPLEX",
        "PREFIRE": 0,
        "PREFIRE_STATUS": "postfire",
        "TILE_Z": 17,
        "TILE_X": 21538,
        "TILE_Y": 49672,
        "TILEXYZ": [
          17,
          21538,
          49672
        ],
        "OUTPUT_FILE": "/Users/maples/GitHub/mortalitree_testing/notebooks/single_tiles/postfire/17/21538/49672.geojson",
        "OUTPUT_STATUS_DIR": "postfire",
        "FEATURE_COUNT": 442
      },
      "geometry": {
        "type": "Polygon",
        "coordinates": [
          [
            [
              -120.84185820308491,
              39.89141125386225
            ],
            [
              -120.84180992765444,
              39.89141035510402
            ],
            [
              -120.8418111558309,
              39.89137121107882
            ],
            [
              -120.84185943123394,
              39.89137210983582
            ],
            [
              -120.84185820308491,
              39.89141125386225
            ]
          ]
        ]
      }
    },
    {
      "id": "446",
      "type": "Feature",
      "properties": {
        "id": null,
        "SOURCE_FILE": "/Users/maples/GitHub/mortalitree_testing/labels/luwajobi_mortalitree_postfire_labels.geojson",
        "SUNETID": "luwajobi",
        "FIRENAME": "NORTH COMPLEX",
        "FIRE_SLUG": "NORTH_COMPLEX",
        "PREFIRE": 0,
        "PREFIRE_STATUS": "postfire",
        "TILE_Z": 17,
        "TILE_X": 21538,
        "TILE_Y": 49672,
        "TILEXYZ": [
          17,
          21538,
          49672
        ],
        "OUTPUT_FILE": "/Users/maples/GitHub/mortalitree_testing/notebooks/single_tiles/postfire/17/21538/49672.geojson",
        "OUTPUT_STATUS_DIR": "postfire",
        "FEATURE_COUNT": 442
      },
      "geometry": {
        "type": "Polygon",
        "coordinates": [
          [
            [
              -120.84199417468409,
              39.891331534705714
            ],
            [
              -120.84194844011458,
              39.891330683306066
            ],
            [
              -120.84194954539944,
              39.89129545367972
            ],
            [
              -120.84199527994559,
              39.891296305078306
            ],
            [
              -120.84199417468409,
              39.891331534705714
            ]
          ]
        ]
      }
    },
    {
      "id": "447",
      "type": "Feature",
      "properties": {
        "id": null,
        "SOURCE_FILE": "/Users/maples/GitHub/mortalitree_testing/labels/luwajobi_mortalitree_postfire_labels.geojson",
        "SUNETID": "luwajobi",
        "FIRENAME": "NORTH COMPLEX",
        "FIRE_SLUG": "NORTH_COMPLEX",
        "PREFIRE": 0,
        "PREFIRE_STATUS": "postfire",
        "TILE_Z": 17,
        "TILE_X": 21538,
        "TILE_Y": 49672,
        "TILEXYZ": [
          17,
          21538,
          49672
        ],
        "OUTPUT_FILE": "/Users/maples/GitHub/mortalitree_testing/notebooks/single_tiles/postfire/17/21538/49672.geojson",
        "OUTPUT_STATUS_DIR": "postfire",
        "FEATURE_COUNT": 442
      },
      "geometry": {
        "type": "Polygon",
        "coordinates": [
          [
            [
              -120.84216641611988,
              39.89131124087299
            ],
            [
              -120.84210797751422,
              39.89131015305749
            ],
            [
              -120.84210938971694,
              39.891265137418884
            ],
            [
              -120.84216782828443,
              39.89126622523264
            ],
            [
              -120.84216641611988,
              39.89131124087299
            ]
          ]
        ]
      }
    },
    {
      "id": "448",
      "type": "Feature",
      "properties": {
        "id": null,
        "SOURCE_FILE": "/Users/maples/GitHub/mortalitree_testing/labels/luwajobi_mortalitree_postfire_labels.geojson",
        "SUNETID": "luwajobi",
        "FIRENAME": "NORTH COMPLEX",
        "FIRE_SLUG": "NORTH_COMPLEX",
        "PREFIRE": 0,
        "PREFIRE_STATUS": "postfire",
        "TILE_Z": 17,
        "TILE_X": 21538,
        "TILE_Y": 49672,
        "TILEXYZ": [
          17,
          21538,
          49672
        ],
        "OUTPUT_FILE": "/Users/maples/GitHub/mortalitree_testing/notebooks/single_tiles/postfire/17/21538/49672.geojson",
        "OUTPUT_STATUS_DIR": "postfire",
        "FEATURE_COUNT": 442
      },
      "geometry": {
        "type": "Polygon",
        "coordinates": [
          [
            [
              -120.84215023130521,
              39.89138144000763
            ],
            [
              -120.84208925182912,
              39.891380304884976
            ],
            [
              -120.84209066404762,
              39.891335289247436
            ],
            [
              -120.84215164348386,
              39.89133642436828
            ],
            [
              -120.84215023130521,
              39.89138144000763
            ]
          ]
        ]
      }
    },
    {
      "id": "449",
      "type": "Feature",
      "properties": {
        "id": null,
        "SOURCE_FILE": "/Users/maples/GitHub/mortalitree_testing/labels/luwajobi_mortalitree_postfire_labels.geojson",
        "SUNETID": "luwajobi",
        "FIRENAME": "NORTH COMPLEX",
        "FIRE_SLUG": "NORTH_COMPLEX",
        "PREFIRE": 0,
        "PREFIRE_STATUS": "postfire",
        "TILE_Z": 17,
        "TILE_X": 21538,
        "TILE_Y": 49672,
        "TILEXYZ": [
          17,
          21538,
          49672
        ],
        "OUTPUT_FILE": "/Users/maples/GitHub/mortalitree_testing/notebooks/single_tiles/postfire/17/21538/49672.geojson",
        "OUTPUT_STATUS_DIR": "postfire",
        "FEATURE_COUNT": 442
      },
      "geometry": {
        "type": "Polygon",
        "coordinates": [
          [
            [
              -120.84209678653374,
              39.8915048000254
            ],
            [
              -120.84205105184597,
              39.891503948663164
            ],
            [
              -120.84205221848723,
              39.891466761833925
            ],
            [
              -120.84209795315031,
              39.89146761319505
            ],
            [
              -120.84209678653374,
              39.8915048000254
            ]
          ]
        ]
      }
    },
    {
      "id": "450",
      "type": "Feature",
      "properties": {
        "id": null,
        "SOURCE_FILE": "/Users/maples/GitHub/mortalitree_testing/labels/luwajobi_mortalitree_postfire_labels.geojson",
        "SUNETID": "luwajobi",
        "FIRENAME": "NORTH COMPLEX",
        "FIRE_SLUG": "NORTH_COMPLEX",
        "PREFIRE": 0,
        "PREFIRE_STATUS": "postfire",
        "TILE_Z": 17,
        "TILE_X": 21538,
        "TILE_Y": 49672,
        "TILEXYZ": [
          17,
          21538,
          49672
        ],
        "OUTPUT_FILE": "/Users/maples/GitHub/mortalitree_testing/notebooks/single_tiles/postfire/17/21538/49672.geojson",
        "OUTPUT_STATUS_DIR": "postfire",
        "FEATURE_COUNT": 442
      },
      "geometry": {
        "type": "Polygon",
        "coordinates": [
          [
            [
              -120.84215510250573,
              39.891509802254255
            ],
            [
              -120.8421119086291,
              39.89150899821203
            ],
            [
              -120.84211307523768,
              39.89147181138133
            ],
            [
              -120.84215626909096,
              39.891472615422494
            ],
            [
              -120.84215510250573,
              39.891509802254255
            ]
          ]
        ]
      }
    },
    {
      "id": "451",
      "type": "Feature",
      "properties": {
        "id": null,
        "SOURCE_FILE": "/Users/maples/GitHub/mortalitree_testing/labels/luwajobi_mortalitree_postfire_labels.geojson",
        "SUNETID": "luwajobi",
        "FIRENAME": "NORTH COMPLEX",
        "FIRE_SLUG": "NORTH_COMPLEX",
        "PREFIRE": 0,
        "PREFIRE_STATUS": "postfire",
        "TILE_Z": 17,
        "TILE_X": 21538,
        "TILE_Y": 49672,
        "TILEXYZ": [
          17,
          21538,
          49672
        ],
        "OUTPUT_FILE": "/Users/maples/GitHub/mortalitree_testing/notebooks/single_tiles/postfire/17/21538/49672.geojson",
        "OUTPUT_STATUS_DIR": "postfire",
        "FEATURE_COUNT": 442
      },
      "geometry": {
        "type": "Polygon",
        "coordinates": [
          [
            [
              -120.84232911774076,
              39.891514020509526
            ],
            [
              -120.84227576058991,
              39.89151302735854
            ],
            [
              -120.84227717269303,
              39.8914680117165
            ],
            [
              -120.84233052980903,
              39.891469004865925
            ],
            [
              -120.84232911774076,
              39.891514020509526
            ]
          ]
        ]
      }
    },
    {
      "id": "452",
      "type": "Feature",
      "properties": {
        "id": null,
        "SOURCE_FILE": "/Users/maples/GitHub/mortalitree_testing/labels/luwajobi_mortalitree_postfire_labels.geojson",
        "SUNETID": "luwajobi",
        "FIRENAME": "NORTH COMPLEX",
        "FIRE_SLUG": "NORTH_COMPLEX",
        "PREFIRE": 0,
        "PREFIRE_STATUS": "postfire",
        "TILE_Z": 17,
        "TILE_X": 21538,
        "TILE_Y": 49672,
        "TILEXYZ": [
          17,
          21538,
          49672
        ],
        "OUTPUT_FILE": "/Users/maples/GitHub/mortalitree_testing/notebooks/single_tiles/postfire/17/21538/49672.geojson",
        "OUTPUT_STATUS_DIR": "postfire",
        "FEATURE_COUNT": 442
      },
      "geometry": {
        "type": "Polygon",
        "coordinates": [
          [
            [
              -120.84192023053637,
              39.891500534120986
            ],
            [
              -120.84188211830322,
              39.89149982459576
            ],
            [
              -120.84188303940792,
              39.89147046657595
            ],
            [
              -120.8419211516248,
              39.89147117610046
            ],
            [
              -120.84192023053637,
              39.891500534120986
            ]
          ]
        ]
      }
    },
    {
      "id": "453",
      "type": "Feature",
      "properties": {
        "id": null,
        "SOURCE_FILE": "/Users/maples/GitHub/mortalitree_testing/labels/luwajobi_mortalitree_postfire_labels.geojson",
        "SUNETID": "luwajobi",
        "FIRENAME": "NORTH COMPLEX",
        "FIRE_SLUG": "NORTH_COMPLEX",
        "PREFIRE": 0,
        "PREFIRE_STATUS": "postfire",
        "TILE_Z": 17,
        "TILE_X": 21538,
        "TILE_Y": 49672,
        "TILEXYZ": [
          17,
          21538,
          49672
        ],
        "OUTPUT_FILE": "/Users/maples/GitHub/mortalitree_testing/notebooks/single_tiles/postfire/17/21538/49672.geojson",
        "OUTPUT_STATUS_DIR": "postfire",
        "FEATURE_COUNT": 442
      },
      "geometry": {
        "type": "Polygon",
        "coordinates": [
          [
            [
              -120.84233098059696,
              39.89121912321772
            ],
            [
              -120.84228062072934,
              39.89121818585914
            ],
            [
              -120.84228178469749,
              39.89118107990669
            ],
            [
              -120.84233214453799,
              39.89118201726404
            ],
            [
              -120.84233098059696,
              39.89121912321772
            ]
          ]
        ]
      }
    },
    {
      "id": "454",
      "type": "Feature",
      "properties": {
        "id": null,
        "SOURCE_FILE": "/Users/maples/GitHub/mortalitree_testing/labels/luwajobi_mortalitree_postfire_labels.geojson",
        "SUNETID": "luwajobi",
        "FIRENAME": "NORTH COMPLEX",
        "FIRE_SLUG": "NORTH_COMPLEX",
        "PREFIRE": 0,
        "PREFIRE_STATUS": "postfire",
        "TILE_Z": 17,
        "TILE_X": 21538,
        "TILE_Y": 49672,
        "TILEXYZ": [
          17,
          21538,
          49672
        ],
        "OUTPUT_FILE": "/Users/maples/GitHub/mortalitree_testing/notebooks/single_tiles/postfire/17/21538/49672.geojson",
        "OUTPUT_STATUS_DIR": "postfire",
        "FEATURE_COUNT": 442
      },
      "geometry": {
        "type": "Polygon",
        "coordinates": [
          [
            [
              -120.84225816959881,
              39.89123548796389
            ],
            [
              -120.84220999928148,
              39.89123459132993
            ],
            [
              -120.8422112691071,
              39.89119411211106
            ],
            [
              -120.84225943939613,
              39.89119500874374
            ],
            [
              -120.84225816959881,
              39.89123548796389
            ]
          ]
        ]
      }
    },
    {
      "id": "455",
      "type": "Feature",
      "properties": {
        "id": null,
        "SOURCE_FILE": "/Users/maples/GitHub/mortalitree_testing/labels/luwajobi_mortalitree_postfire_labels.geojson",
        "SUNETID": "luwajobi",
        "FIRENAME": "NORTH COMPLEX",
        "FIRE_SLUG": "NORTH_COMPLEX",
        "PREFIRE": 0,
        "PREFIRE_STATUS": "postfire",
        "TILE_Z": 17,
        "TILE_X": 21538,
        "TILE_Y": 49672,
        "TILEXYZ": [
          17,
          21538,
          49672
        ],
        "OUTPUT_FILE": "/Users/maples/GitHub/mortalitree_testing/notebooks/single_tiles/postfire/17/21538/49672.geojson",
        "OUTPUT_STATUS_DIR": "postfire",
        "FEATURE_COUNT": 442
      },
      "geometry": {
        "type": "Polygon",
        "coordinates": [
          [
            [
              -120.84218191549688,
              39.89125685142997
            ],
            [
              -120.84214250340864,
              39.89125611779562
            ],
            [
              -120.84214340289752,
              39.89122744501701
            ],
            [
              -120.84218281496936,
              39.891228178650614
            ],
            [
              -120.84218191549688,
              39.89125685142997
            ]
          ]
        ]
      }
    },
    {
      "id": "456",
      "type": "Feature",
      "properties": {
        "id": null,
        "SOURCE_FILE": "/Users/maples/GitHub/mortalitree_testing/labels/luwajobi_mortalitree_postfire_labels.geojson",
        "SUNETID": "luwajobi",
        "FIRENAME": "NORTH COMPLEX",
        "FIRE_SLUG": "NORTH_COMPLEX",
        "PREFIRE": 0,
        "PREFIRE_STATUS": "postfire",
        "TILE_Z": 17,
        "TILE_X": 21538,
        "TILE_Y": 49672,
        "TILEXYZ": [
          17,
          21538,
          49672
        ],
        "OUTPUT_FILE": "/Users/maples/GitHub/mortalitree_testing/notebooks/single_tiles/postfire/17/21538/49672.geojson",
        "OUTPUT_STATUS_DIR": "postfire",
        "FEATURE_COUNT": 442
      },
      "geometry": {
        "type": "Polygon",
        "coordinates": [
          [
            [
              -120.84230961817562,
              39.891306481784426
            ],
            [
              -120.84226144780696,
              39.891305585170514
            ],
            [
              -120.84226255888083,
              39.89127016585326
            ],
            [
              -120.84231072922474,
              39.891271062466046
            ],
            [
              -120.84230961817562,
              39.891306481784426
            ]
          ]
        ]
      }
    },
    {
      "id": "457",
      "type": "Feature",
      "properties": {
        "id": null,
        "SOURCE_FILE": "/Users/maples/GitHub/mortalitree_testing/labels/luwajobi_mortalitree_postfire_labels.geojson",
        "SUNETID": "luwajobi",
        "FIRENAME": "NORTH COMPLEX",
        "FIRE_SLUG": "NORTH_COMPLEX",
        "PREFIRE": 0,
        "PREFIRE_STATUS": "postfire",
        "TILE_Z": 17,
        "TILE_X": 21538,
        "TILE_Y": 49672,
        "TILEXYZ": [
          17,
          21538,
          49672
        ],
        "OUTPUT_FILE": "/Users/maples/GitHub/mortalitree_testing/notebooks/single_tiles/postfire/17/21538/49672.geojson",
        "OUTPUT_STATUS_DIR": "postfire",
        "FEATURE_COUNT": 442
      },
      "geometry": {
        "type": "Polygon",
        "coordinates": [
          [
            [
              -120.8423623690829,
              39.89126611696949
            ],
            [
              -120.84231419874082,
              39.891265220378244
            ],
            [
              -120.84231546850653,
              39.89122474115681
            ],
            [
              -120.84236363882033,
              39.89122563774678
            ],
            [
              -120.8423623690829,
              39.89126611696949
            ]
          ]
        ]
      }
    },
    {
      "id": "458",
      "type": "Feature",
      "properties": {
        "id": null,
        "SOURCE_FILE": "/Users/maples/GitHub/mortalitree_testing/labels/luwajobi_mortalitree_postfire_labels.geojson",
        "SUNETID": "luwajobi",
        "FIRENAME": "NORTH COMPLEX",
        "FIRE_SLUG": "NORTH_COMPLEX",
        "PREFIRE": 0,
        "PREFIRE_STATUS": "postfire",
        "TILE_Z": 17,
        "TILE_X": 21538,
        "TILE_Y": 49672,
        "TILEXYZ": [
          17,
          21538,
          49672
        ],
        "OUTPUT_FILE": "/Users/maples/GitHub/mortalitree_testing/notebooks/single_tiles/postfire/17/21538/49672.geojson",
        "OUTPUT_STATUS_DIR": "postfire",
        "FEATURE_COUNT": 442
      },
      "geometry": {
        "type": "Polygon",
        "coordinates": [
          [
            [
              -120.84239505977838,
              39.89120175209592
            ],
            [
              -120.84236002683411,
              39.89120110004228
            ],
            [
              -120.84236108494751,
              39.891167367356374
            ],
            [
              -120.84239611787463,
              39.891168019409236
            ],
            [
              -120.84239505977838,
              39.89120175209592
            ]
          ]
        ]
      }
    },
    {
      "id": "459",
      "type": "Feature",
      "properties": {
        "id": null,
        "SOURCE_FILE": "/Users/maples/GitHub/mortalitree_testing/labels/luwajobi_mortalitree_postfire_labels.geojson",
        "SUNETID": "luwajobi",
        "FIRENAME": "NORTH COMPLEX",
        "FIRE_SLUG": "NORTH_COMPLEX",
        "PREFIRE": 0,
        "PREFIRE_STATUS": "postfire",
        "TILE_Z": 17,
        "TILE_X": 21538,
        "TILE_Y": 49672,
        "TILEXYZ": [
          17,
          21538,
          49672
        ],
        "OUTPUT_FILE": "/Users/maples/GitHub/mortalitree_testing/notebooks/single_tiles/postfire/17/21538/49672.geojson",
        "OUTPUT_STATUS_DIR": "postfire",
        "FEATURE_COUNT": 442
      },
      "geometry": {
        "type": "Polygon",
        "coordinates": [
          [
            [
              -120.84221743699332,
              39.89110225168486
            ],
            [
              -120.84217583543715,
              39.89110147730786
            ],
            [
              -120.84217673490723,
              39.891072804527845
            ],
            [
              -120.84221833644608,
              39.891073578904056
            ],
            [
              -120.84221743699332,
              39.89110225168486
            ]
          ]
        ]
      }
    },
    {
      "id": "460",
      "type": "Feature",
      "properties": {
        "id": null,
        "SOURCE_FILE": "/Users/maples/GitHub/mortalitree_testing/labels/luwajobi_mortalitree_postfire_labels.geojson",
        "SUNETID": "luwajobi",
        "FIRENAME": "NORTH COMPLEX",
        "FIRE_SLUG": "NORTH_COMPLEX",
        "PREFIRE": 0,
        "PREFIRE_STATUS": "postfire",
        "TILE_Z": 17,
        "TILE_X": 21538,
        "TILE_Y": 49672,
        "TILEXYZ": [
          17,
          21538,
          49672
        ],
        "OUTPUT_FILE": "/Users/maples/GitHub/mortalitree_testing/notebooks/single_tiles/postfire/17/21538/49672.geojson",
        "OUTPUT_STATUS_DIR": "postfire",
        "FEATURE_COUNT": 442
      },
      "geometry": {
        "type": "Polygon",
        "coordinates": [
          [
            [
              -120.84207202681728,
              39.8911282344576
            ],
            [
              -120.84201290880023,
              39.891127133947975
            ],
            [
              -120.84201449622071,
              39.891076534929965
            ],
            [
              -120.84207361419436,
              39.89107763543763
            ],
            [
              -120.84207202681728,
              39.8911282344576
            ]
          ]
        ]
      }
    },
    {
      "id": "461",
      "type": "Feature",
      "properties": {
        "id": null,
        "SOURCE_FILE": "/Users/maples/GitHub/mortalitree_testing/labels/luwajobi_mortalitree_postfire_labels.geojson",
        "SUNETID": "luwajobi",
        "FIRENAME": "NORTH COMPLEX",
        "FIRE_SLUG": "NORTH_COMPLEX",
        "PREFIRE": 0,
        "PREFIRE_STATUS": "postfire",
        "TILE_Z": 17,
        "TILE_X": 21538,
        "TILE_Y": 49672,
        "TILEXYZ": [
          17,
          21538,
          49672
        ],
        "OUTPUT_FILE": "/Users/maples/GitHub/mortalitree_testing/notebooks/single_tiles/postfire/17/21538/49672.geojson",
        "OUTPUT_STATUS_DIR": "postfire",
        "FEATURE_COUNT": 442
      },
      "geometry": {
        "type": "Polygon",
        "coordinates": [
          [
            [
              -120.84230131163255,
              39.891117313845456
            ],
            [
              -120.84223781450375,
              39.89111613194119
            ],
            [
              -120.84223982502544,
              39.89105203984202
            ],
            [
              -120.84230332209522,
              39.89105322174361
            ],
            [
              -120.84230131163255,
              39.891117313845456
            ]
          ]
        ]
      }
    },
    {
      "id": "462",
      "type": "Feature",
      "properties": {
        "id": null,
        "SOURCE_FILE": "/Users/maples/GitHub/mortalitree_testing/labels/luwajobi_mortalitree_postfire_labels.geojson",
        "SUNETID": "luwajobi",
        "FIRENAME": "NORTH COMPLEX",
        "FIRE_SLUG": "NORTH_COMPLEX",
        "PREFIRE": 0,
        "PREFIRE_STATUS": "postfire",
        "TILE_Z": 17,
        "TILE_X": 21538,
        "TILE_Y": 49672,
        "TILEXYZ": [
          17,
          21538,
          49672
        ],
        "OUTPUT_FILE": "/Users/maples/GitHub/mortalitree_testing/notebooks/single_tiles/postfire/17/21538/49672.geojson",
        "OUTPUT_STATUS_DIR": "postfire",
        "FEATURE_COUNT": 442
      },
      "geometry": {
        "type": "Polygon",
        "coordinates": [
          [
            [
              -120.84228252540339,
              39.89115746702772
            ],
            [
              -120.84221027000893,
              39.891156122086635
            ],
            [
              -120.8422119101951,
              39.891103836428144
            ],
            [
              -120.84228416553472,
              39.891105181366754
            ],
            [
              -120.84228252540339,
              39.89115746702772
            ]
          ]
        ]
      }
    },
    {
      "id": "463",
      "type": "Feature",
      "properties": {
        "id": null,
        "SOURCE_FILE": "/Users/maples/GitHub/mortalitree_testing/labels/luwajobi_mortalitree_postfire_labels.geojson",
        "SUNETID": "luwajobi",
        "FIRENAME": "NORTH COMPLEX",
        "FIRE_SLUG": "NORTH_COMPLEX",
        "PREFIRE": 0,
        "PREFIRE_STATUS": "postfire",
        "TILE_Z": 17,
        "TILE_X": 21538,
        "TILE_Y": 49672,
        "TILEXYZ": [
          17,
          21538,
          49672
        ],
        "OUTPUT_FILE": "/Users/maples/GitHub/mortalitree_testing/notebooks/single_tiles/postfire/17/21538/49672.geojson",
        "OUTPUT_STATUS_DIR": "postfire",
        "FEATURE_COUNT": 442
      },
      "geometry": {
        "type": "Polygon",
        "coordinates": [
          [
            [
              -120.84249668886933,
              39.89126253429882
            ],
            [
              -120.84239759907572,
              39.89126069004053
            ],
            [
              -120.8424000547024,
              39.89118240330427
            ],
            [
              -120.84249914438347,
              39.891184247557476
            ],
            [
              -120.84249668886933,
              39.89126253429882
            ]
          ]
        ]
      }
    },
    {
      "id": "464",
      "type": "Feature",
      "properties": {
        "id": null,
        "SOURCE_FILE": "/Users/maples/GitHub/mortalitree_testing/labels/luwajobi_mortalitree_postfire_labels.geojson",
        "SUNETID": "luwajobi",
        "FIRENAME": "NORTH COMPLEX",
        "FIRE_SLUG": "NORTH_COMPLEX",
        "PREFIRE": 0,
        "PREFIRE_STATUS": "postfire",
        "TILE_Z": 17,
        "TILE_X": 21538,
        "TILE_Y": 49672,
        "TILEXYZ": [
          17,
          21538,
          49672
        ],
        "OUTPUT_FILE": "/Users/maples/GitHub/mortalitree_testing/notebooks/single_tiles/postfire/17/21538/49672.geojson",
        "OUTPUT_STATUS_DIR": "postfire",
        "FEATURE_COUNT": 442
      },
      "geometry": {
        "type": "Polygon",
        "coordinates": [
          [
            [
              -120.84261873762772,
              39.89126186828604
            ],
            [
              -120.8425704631083,
              39.89126096986262
            ],
            [
              -120.84257169082454,
              39.89122182649018
            ],
            [
              -120.8426199653165,
              39.89122272491236
            ],
            [
              -120.84261873762772,
              39.89126186828604
            ]
          ]
        ]
      }
    },
    {
      "id": "465",
      "type": "Feature",
      "properties": {
        "id": null,
        "SOURCE_FILE": "/Users/maples/GitHub/mortalitree_testing/labels/luwajobi_mortalitree_postfire_labels.geojson",
        "SUNETID": "luwajobi",
        "FIRENAME": "NORTH COMPLEX",
        "FIRE_SLUG": "NORTH_COMPLEX",
        "PREFIRE": 0,
        "PREFIRE_STATUS": "postfire",
        "TILE_Z": 17,
        "TILE_X": 21538,
        "TILE_Y": 49672,
        "TILEXYZ": [
          17,
          21538,
          49672
        ],
        "OUTPUT_FILE": "/Users/maples/GitHub/mortalitree_testing/notebooks/single_tiles/postfire/17/21538/49672.geojson",
        "OUTPUT_STATUS_DIR": "postfire",
        "FEATURE_COUNT": 442
      },
      "geometry": {
        "type": "Polygon",
        "coordinates": [
          [
            [
              -120.84258296405795,
              39.891308201981595
            ],
            [
              -120.84251182261548,
              39.89130687795895
            ],
            [
              -120.84251366424195,
              39.89124816290291
            ],
            [
              -120.84258480562382,
              39.89124948692281
            ],
            [
              -120.84258296405795,
              39.891308201981595
            ]
          ]
        ]
      }
    },
    {
      "id": "466",
      "type": "Feature",
      "properties": {
        "id": null,
        "SOURCE_FILE": "/Users/maples/GitHub/mortalitree_testing/labels/luwajobi_mortalitree_postfire_labels.geojson",
        "SUNETID": "luwajobi",
        "FIRENAME": "NORTH COMPLEX",
        "FIRE_SLUG": "NORTH_COMPLEX",
        "PREFIRE": 0,
        "PREFIRE_STATUS": "postfire",
        "TILE_Z": 17,
        "TILE_X": 21538,
        "TILE_Y": 49672,
        "TILEXYZ": [
          17,
          21538,
          49672
        ],
        "OUTPUT_FILE": "/Users/maples/GitHub/mortalitree_testing/notebooks/single_tiles/postfire/17/21538/49672.geojson",
        "OUTPUT_STATUS_DIR": "postfire",
        "FEATURE_COUNT": 442
      },
      "geometry": {
        "type": "Polygon",
        "coordinates": [
          [
            [
              -120.84240575268852,
              39.891339338382174
            ],
            [
              -120.84235960146819,
              39.89133847939001
            ],
            [
              -120.84236080953826,
              39.89129996627137
            ],
            [
              -120.84240696073283,
              39.89130082526237
            ],
            [
              -120.84240575268852,
              39.891339338382174
            ]
          ]
        ]
      }
    },
    {
      "id": "467",
      "type": "Feature",
      "properties": {
        "id": null,
        "SOURCE_FILE": "/Users/maples/GitHub/mortalitree_testing/labels/luwajobi_mortalitree_postfire_labels.geojson",
        "SUNETID": "luwajobi",
        "FIRENAME": "NORTH COMPLEX",
        "FIRE_SLUG": "NORTH_COMPLEX",
        "PREFIRE": 0,
        "PREFIRE_STATUS": "postfire",
        "TILE_Z": 17,
        "TILE_X": 21538,
        "TILE_Y": 49672,
        "TILEXYZ": [
          17,
          21538,
          49672
        ],
        "OUTPUT_FILE": "/Users/maples/GitHub/mortalitree_testing/notebooks/single_tiles/postfire/17/21538/49672.geojson",
        "OUTPUT_STATUS_DIR": "postfire",
        "FEATURE_COUNT": 442
      },
      "geometry": {
        "type": "Polygon",
        "coordinates": [
          [
            [
              -120.84223868236123,
              39.89131351049548
            ],
            [
              -120.84218069693098,
              39.89131243115197
            ],
            [
              -120.84218236759727,
              39.89125917487702
            ],
            [
              -120.8422403529827,
              39.8912602542185
            ],
            [
              -120.84223868236123,
              39.89131351049548
            ]
          ]
        ]
      }
    },
    {
      "id": "468",
      "type": "Feature",
      "properties": {
        "id": null,
        "SOURCE_FILE": "/Users/maples/GitHub/mortalitree_testing/labels/luwajobi_mortalitree_postfire_labels.geojson",
        "SUNETID": "luwajobi",
        "FIRENAME": "NORTH COMPLEX",
        "FIRE_SLUG": "NORTH_COMPLEX",
        "PREFIRE": 0,
        "PREFIRE_STATUS": "postfire",
        "TILE_Z": 17,
        "TILE_X": 21538,
        "TILE_Y": 49672,
        "TILEXYZ": [
          17,
          21538,
          49672
        ],
        "OUTPUT_FILE": "/Users/maples/GitHub/mortalitree_testing/notebooks/single_tiles/postfire/17/21538/49672.geojson",
        "OUTPUT_STATUS_DIR": "postfire",
        "FEATURE_COUNT": 442
      },
      "geometry": {
        "type": "Polygon",
        "coordinates": [
          [
            [
              -120.84222803923012,
              39.89119040763673
            ],
            [
              -120.84216782369924,
              39.89118928677677
            ],
            [
              -120.84216938658325,
              39.891139466389895
            ],
            [
              -120.84222960207063,
              39.8911405872479
            ],
            [
              -120.84222803923012,
              39.89119040763673
            ]
          ]
        ]
      }
    },
    {
      "id": "469",
      "type": "Feature",
      "properties": {
        "id": null,
        "SOURCE_FILE": "/Users/maples/GitHub/mortalitree_testing/labels/luwajobi_mortalitree_postfire_labels.geojson",
        "SUNETID": "luwajobi",
        "FIRENAME": "NORTH COMPLEX",
        "FIRE_SLUG": "NORTH_COMPLEX",
        "PREFIRE": 0,
        "PREFIRE_STATUS": "postfire",
        "TILE_Z": 17,
        "TILE_X": 21538,
        "TILE_Y": 49672,
        "TILEXYZ": [
          17,
          21538,
          49672
        ],
        "OUTPUT_FILE": "/Users/maples/GitHub/mortalitree_testing/notebooks/single_tiles/postfire/17/21538/49672.geojson",
        "OUTPUT_STATUS_DIR": "postfire",
        "FEATURE_COUNT": 442
      },
      "geometry": {
        "type": "Polygon",
        "coordinates": [
          [
            [
              -120.84214879641257,
              39.8912267494396
            ],
            [
              -120.84208412044138,
              39.89122554550664
            ],
            [
              -120.84208562949334,
              39.8911774430671
            ],
            [
              -120.84215030541942,
              39.89117864699802
            ],
            [
              -120.84214879641257,
              39.8912267494396
            ]
          ]
        ]
      }
    },
    {
      "id": "470",
      "type": "Feature",
      "properties": {
        "id": null,
        "SOURCE_FILE": "/Users/maples/GitHub/mortalitree_testing/labels/luwajobi_mortalitree_postfire_labels.geojson",
        "SUNETID": "luwajobi",
        "FIRENAME": "NORTH COMPLEX",
        "FIRE_SLUG": "NORTH_COMPLEX",
        "PREFIRE": 0,
        "PREFIRE_STATUS": "postfire",
        "TILE_Z": 17,
        "TILE_X": 21538,
        "TILE_Y": 49672,
        "TILEXYZ": [
          17,
          21538,
          49672
        ],
        "OUTPUT_FILE": "/Users/maples/GitHub/mortalitree_testing/notebooks/single_tiles/postfire/17/21538/49672.geojson",
        "OUTPUT_STATUS_DIR": "postfire",
        "FEATURE_COUNT": 442
      },
      "geometry": {
        "type": "Polygon",
        "coordinates": [
          [
            [
              -120.84214470296182,
              39.89117940218448
            ],
            [
              -120.84208448744386,
              39.8911782812815
            ],
            [
              -120.84208578091481,
              39.891137050618724
            ],
            [
              -120.84214599639674,
              39.891138171520076
            ],
            [
              -120.84214470296182,
              39.89117940218448
            ]
          ]
        ]
      }
    },
    {
      "id": "471",
      "type": "Feature",
      "properties": {
        "id": null,
        "SOURCE_FILE": "/Users/maples/GitHub/mortalitree_testing/labels/luwajobi_mortalitree_postfire_labels.geojson",
        "SUNETID": "luwajobi",
        "FIRENAME": "NORTH COMPLEX",
        "FIRE_SLUG": "NORTH_COMPLEX",
        "PREFIRE": 0,
        "PREFIRE_STATUS": "postfire",
        "TILE_Z": 17,
        "TILE_X": 21538,
        "TILE_Y": 49672,
        "TILEXYZ": [
          17,
          21538,
          49672
        ],
        "OUTPUT_FILE": "/Users/maples/GitHub/mortalitree_testing/notebooks/single_tiles/postfire/17/21538/49672.geojson",
        "OUTPUT_STATUS_DIR": "postfire",
        "FEATURE_COUNT": 442
      },
      "geometry": {
        "type": "Polygon",
        "coordinates": [
          [
            [
              -120.84211906588972,
              39.891214163382415
            ],
            [
              -120.84203654828865,
              39.89121262730292
            ],
            [
              -120.84203870412257,
              39.89114390953401
            ],
            [
              -120.84212122164136,
              39.891145445609794
            ],
            [
              -120.84211906588972,
              39.891214163382415
            ]
          ]
        ]
      }
    },
    {
      "id": "472",
      "type": "Feature",
      "properties": {
        "id": null,
        "SOURCE_FILE": "/Users/maples/GitHub/mortalitree_testing/labels/luwajobi_mortalitree_postfire_labels.geojson",
        "SUNETID": "luwajobi",
        "FIRENAME": "NORTH COMPLEX",
        "FIRE_SLUG": "NORTH_COMPLEX",
        "PREFIRE": 0,
        "PREFIRE_STATUS": "postfire",
        "TILE_Z": 17,
        "TILE_X": 21538,
        "TILE_Y": 49672,
        "TILEXYZ": [
          17,
          21538,
          49672
        ],
        "OUTPUT_FILE": "/Users/maples/GitHub/mortalitree_testing/notebooks/single_tiles/postfire/17/21538/49672.geojson",
        "OUTPUT_STATUS_DIR": "postfire",
        "FEATURE_COUNT": 442
      },
      "geometry": {
        "type": "Polygon",
        "coordinates": [
          [
            [
              -120.84299275973267,
              39.891495276577025
            ],
            [
              -120.84294816483893,
              39.8914944467776
            ],
            [
              -120.84294918538768,
              39.89146190311464
            ],
            [
              -120.84299378026036,
              39.89146273291311
            ],
            [
              -120.84299275973267,
              39.891495276577025
            ]
          ]
        ]
      }
    },
    {
      "id": "473",
      "type": "Feature",
      "properties": {
        "id": null,
        "SOURCE_FILE": "/Users/maples/GitHub/mortalitree_testing/labels/luwajobi_mortalitree_postfire_labels.geojson",
        "SUNETID": "luwajobi",
        "FIRENAME": "NORTH COMPLEX",
        "FIRE_SLUG": "NORTH_COMPLEX",
        "PREFIRE": 0,
        "PREFIRE_STATUS": "postfire",
        "TILE_Z": 17,
        "TILE_X": 21538,
        "TILE_Y": 49672,
        "TILEXYZ": [
          17,
          21538,
          49672
        ],
        "OUTPUT_FILE": "/Users/maples/GitHub/mortalitree_testing/notebooks/single_tiles/postfire/17/21538/49672.geojson",
        "OUTPUT_STATUS_DIR": "postfire",
        "FEATURE_COUNT": 442
      },
      "geometry": {
        "type": "Polygon",
        "coordinates": [
          [
            [
              -120.84299586644472,
              39.89154598740027
            ],
            [
              -120.84294657731533,
              39.89154507025292
            ],
            [
              -120.84294765456391,
              39.89151071860901
            ],
            [
              -120.84299694366874,
              39.891511635755265
            ],
            [
              -120.84299586644472,
              39.89154598740027
            ]
          ]
        ]
      }
    },
    {
      "id": "474",
      "type": "Feature",
      "properties": {
        "id": null,
        "SOURCE_FILE": "/Users/maples/GitHub/mortalitree_testing/labels/luwajobi_mortalitree_postfire_labels.geojson",
        "SUNETID": "luwajobi",
        "FIRENAME": "NORTH COMPLEX",
        "FIRE_SLUG": "NORTH_COMPLEX",
        "PREFIRE": 0,
        "PREFIRE_STATUS": "postfire",
        "TILE_Z": 17,
        "TILE_X": 21538,
        "TILE_Y": 49672,
        "TILEXYZ": [
          17,
          21538,
          49672
        ],
        "OUTPUT_FILE": "/Users/maples/GitHub/mortalitree_testing/notebooks/single_tiles/postfire/17/21538/49672.geojson",
        "OUTPUT_STATUS_DIR": "postfire",
        "FEATURE_COUNT": 442
      },
      "geometry": {
        "type": "Polygon",
        "coordinates": [
          [
            [
              -120.8430852150543,
              39.89150513754795
            ],
            [
              -120.84302419045089,
              39.89150400207705
            ],
            [
              -120.84302555113473,
              39.891460610524284
            ],
            [
              -120.84308657569972,
              39.89146174599346
            ],
            [
              -120.8430852150543,
              39.89150513754795
            ]
          ]
        ]
      }
    },
    {
      "id": "475",
      "type": "Feature",
      "properties": {
        "id": null,
        "SOURCE_FILE": "/Users/maples/GitHub/mortalitree_testing/labels/luwajobi_mortalitree_postfire_labels.geojson",
        "SUNETID": "luwajobi",
        "FIRENAME": "NORTH COMPLEX",
        "FIRE_SLUG": "NORTH_COMPLEX",
        "PREFIRE": 0,
        "PREFIRE_STATUS": "postfire",
        "TILE_Z": 17,
        "TILE_X": 21538,
        "TILE_Y": 49672,
        "TILEXYZ": [
          17,
          21538,
          49672
        ],
        "OUTPUT_FILE": "/Users/maples/GitHub/mortalitree_testing/notebooks/single_tiles/postfire/17/21538/49672.geojson",
        "OUTPUT_STATUS_DIR": "postfire",
        "FEATURE_COUNT": 442
      },
      "geometry": {
        "type": "Polygon",
        "coordinates": [
          [
            [
              -120.84307587202106,
              39.891466069425825
            ],
            [
              -120.84300780615654,
              39.89146480293254
            ],
            [
              -120.84300933693514,
              39.891415987435835
            ],
            [
              -120.84307740275146,
              39.89141725392695
            ],
            [
              -120.84307587202106,
              39.891466069425825
            ]
          ]
        ]
      }
    },
    {
      "id": "476",
      "type": "Feature",
      "properties": {
        "id": null,
        "SOURCE_FILE": "/Users/maples/GitHub/mortalitree_testing/labels/luwajobi_mortalitree_postfire_labels.geojson",
        "SUNETID": "luwajobi",
        "FIRENAME": "NORTH COMPLEX",
        "FIRE_SLUG": "NORTH_COMPLEX",
        "PREFIRE": 0,
        "PREFIRE_STATUS": "postfire",
        "TILE_Z": 17,
        "TILE_X": 21538,
        "TILE_Y": 49672,
        "TILEXYZ": [
          17,
          21538,
          49672
        ],
        "OUTPUT_FILE": "/Users/maples/GitHub/mortalitree_testing/notebooks/single_tiles/postfire/17/21538/49672.geojson",
        "OUTPUT_STATUS_DIR": "postfire",
        "FEATURE_COUNT": 442
      },
      "geometry": {
        "type": "Polygon",
        "coordinates": [
          [
            [
              -120.84290846258993,
              39.89148737637667
            ],
            [
              -120.84284978510856,
              39.8914862844893
            ],
            [
              -120.84285120260114,
              39.891441084960235
            ],
            [
              -120.84290988004405,
              39.891442176845864
            ],
            [
              -120.84290846258993,
              39.89148737637667
            ]
          ]
        ]
      }
    },
    {
      "id": "477",
      "type": "Feature",
      "properties": {
        "id": null,
        "SOURCE_FILE": "/Users/maples/GitHub/mortalitree_testing/labels/luwajobi_mortalitree_postfire_labels.geojson",
        "SUNETID": "luwajobi",
        "FIRENAME": "NORTH COMPLEX",
        "FIRE_SLUG": "NORTH_COMPLEX",
        "PREFIRE": 0,
        "PREFIRE_STATUS": "postfire",
        "TILE_Z": 17,
        "TILE_X": 21538,
        "TILE_Y": 49672,
        "TILEXYZ": [
          17,
          21538,
          49672
        ],
        "OUTPUT_FILE": "/Users/maples/GitHub/mortalitree_testing/notebooks/single_tiles/postfire/17/21538/49672.geojson",
        "OUTPUT_STATUS_DIR": "postfire",
        "FEATURE_COUNT": 442
      },
      "geometry": {
        "type": "Polygon",
        "coordinates": [
          [
            [
              -120.84268910499935,
              39.891517666043825
            ],
            [
              -120.84263512170041,
              39.8915166614058
            ],
            [
              -120.84263659604086,
              39.89146965390244
            ],
            [
              -120.84269057930297,
              39.891470658538815
            ],
            [
              -120.84268910499935,
              39.891517666043825
            ]
          ]
        ]
      }
    },
    {
      "id": "478",
      "type": "Feature",
      "properties": {
        "id": null,
        "SOURCE_FILE": "/Users/maples/GitHub/mortalitree_testing/labels/luwajobi_mortalitree_postfire_labels.geojson",
        "SUNETID": "luwajobi",
        "FIRENAME": "NORTH COMPLEX",
        "FIRE_SLUG": "NORTH_COMPLEX",
        "PREFIRE": 0,
        "PREFIRE_STATUS": "postfire",
        "TILE_Z": 17,
        "TILE_X": 21538,
        "TILE_Y": 49672,
        "TILEXYZ": [
          17,
          21538,
          49672
        ],
        "OUTPUT_FILE": "/Users/maples/GitHub/mortalitree_testing/notebooks/single_tiles/postfire/17/21538/49672.geojson",
        "OUTPUT_STATUS_DIR": "postfire",
        "FEATURE_COUNT": 442
      },
      "geometry": {
        "type": "Polygon",
        "coordinates": [
          [
            [
              -120.84275014584225,
              39.89166804748052
            ],
            [
              -120.84271728636942,
              39.8916674359801
            ],
            [
              -120.84271813692305,
              39.89164031626592
            ],
            [
              -120.84275099638292,
              39.89164092776575
            ],
            [
              -120.84275014584225,
              39.89166804748052
            ]
          ]
        ]
      }
    },
    {
      "id": "479",
      "type": "Feature",
      "properties": {
        "id": null,
        "SOURCE_FILE": "/Users/maples/GitHub/mortalitree_testing/labels/luwajobi_mortalitree_postfire_labels.geojson",
        "SUNETID": "luwajobi",
        "FIRENAME": "NORTH COMPLEX",
        "FIRE_SLUG": "NORTH_COMPLEX",
        "PREFIRE": 0,
        "PREFIRE_STATUS": "postfire",
        "TILE_Z": 17,
        "TILE_X": 21538,
        "TILE_Y": 49672,
        "TILEXYZ": [
          17,
          21538,
          49672
        ],
        "OUTPUT_FILE": "/Users/maples/GitHub/mortalitree_testing/notebooks/single_tiles/postfire/17/21538/49672.geojson",
        "OUTPUT_STATUS_DIR": "postfire",
        "FEATURE_COUNT": 442
      },
      "geometry": {
        "type": "Polygon",
        "coordinates": [
          [
            [
              -120.8427151833027,
              39.89162217093803
            ],
            [
              -120.84267997674903,
              39.89162151574865
            ],
            [
              -120.84268116754241,
              39.8915835481494
            ],
            [
              -120.8427163740767,
              39.89158420333789
            ],
            [
              -120.8427151833027,
              39.89162217093803
            ]
          ]
        ]
      }
    },
    {
      "id": "480",
      "type": "Feature",
      "properties": {
        "id": null,
        "SOURCE_FILE": "/Users/maples/GitHub/mortalitree_testing/labels/luwajobi_mortalitree_postfire_labels.geojson",
        "SUNETID": "luwajobi",
        "FIRENAME": "NORTH COMPLEX",
        "FIRE_SLUG": "NORTH_COMPLEX",
        "PREFIRE": 0,
        "PREFIRE_STATUS": "postfire",
        "TILE_Z": 17,
        "TILE_X": 21538,
        "TILE_Y": 49672,
        "TILEXYZ": [
          17,
          21538,
          49672
        ],
        "OUTPUT_FILE": "/Users/maples/GitHub/mortalitree_testing/notebooks/single_tiles/postfire/17/21538/49672.geojson",
        "OUTPUT_STATUS_DIR": "postfire",
        "FEATURE_COUNT": 442
      },
      "geometry": {
        "type": "Polygon",
        "coordinates": [
          [
            [
              -120.84266249798227,
              39.89165465763635
            ],
            [
              -120.84262963851775,
              39.89165404611126
            ],
            [
              -120.84263037569387,
              39.891630542360296
            ],
            [
              -120.84266323514717,
              39.89163115388487
            ],
            [
              -120.84266249798227,
              39.89165465763635
            ]
          ]
        ]
      }
    },
    {
      "id": "481",
      "type": "Feature",
      "properties": {
        "id": null,
        "SOURCE_FILE": "/Users/maples/GitHub/mortalitree_testing/labels/luwajobi_mortalitree_postfire_labels.geojson",
        "SUNETID": "luwajobi",
        "FIRENAME": "NORTH COMPLEX",
        "FIRE_SLUG": "NORTH_COMPLEX",
        "PREFIRE": 0,
        "PREFIRE_STATUS": "postfire",
        "TILE_Z": 17,
        "TILE_X": 21538,
        "TILE_Y": 49672,
        "TILEXYZ": [
          17,
          21538,
          49672
        ],
        "OUTPUT_FILE": "/Users/maples/GitHub/mortalitree_testing/notebooks/single_tiles/postfire/17/21538/49672.geojson",
        "OUTPUT_STATUS_DIR": "postfire",
        "FEATURE_COUNT": 442
      },
      "geometry": {
        "type": "Polygon",
        "coordinates": [
          [
            [
              -120.84261490376812,
              39.891674575805666
            ],
            [
              -120.84258439140031,
              39.89167400794851
            ],
            [
              -120.84258524200648,
              39.891646888236735
            ],
            [
              -120.84261575436227,
              39.89164745609336
            ],
            [
              -120.84261490376812,
              39.891674575805666
            ]
          ]
        ]
      }
    },
    {
      "id": "482",
      "type": "Feature",
      "properties": {
        "id": null,
        "SOURCE_FILE": "/Users/maples/GitHub/mortalitree_testing/labels/luwajobi_mortalitree_postfire_labels.geojson",
        "SUNETID": "luwajobi",
        "FIRENAME": "NORTH COMPLEX",
        "FIRE_SLUG": "NORTH_COMPLEX",
        "PREFIRE": 0,
        "PREFIRE_STATUS": "postfire",
        "TILE_Z": 17,
        "TILE_X": 21538,
        "TILE_Y": 49672,
        "TILEXYZ": [
          17,
          21538,
          49672
        ],
        "OUTPUT_FILE": "/Users/maples/GitHub/mortalitree_testing/notebooks/single_tiles/postfire/17/21538/49672.geojson",
        "OUTPUT_STATUS_DIR": "postfire",
        "FEATURE_COUNT": 442
      },
      "geometry": {
        "type": "Polygon",
        "coordinates": [
          [
            [
              -120.8429721515637,
              39.89159077203478
            ],
            [
              -120.8429111268889,
              39.89158963650237
            ],
            [
              -120.8429121474586,
              39.89155709284074
            ],
            [
              -120.84297317210458,
              39.891558228371835
            ],
            [
              -120.8429721515637,
              39.89159077203478
            ]
          ]
        ]
      }
    },
    {
      "id": "483",
      "type": "Feature",
      "properties": {
        "id": null,
        "SOURCE_FILE": "/Users/maples/GitHub/mortalitree_testing/labels/luwajobi_mortalitree_postfire_labels.geojson",
        "SUNETID": "luwajobi",
        "FIRENAME": "NORTH COMPLEX",
        "FIRE_SLUG": "NORTH_COMPLEX",
        "PREFIRE": 0,
        "PREFIRE_STATUS": "postfire",
        "TILE_Z": 17,
        "TILE_X": 21538,
        "TILE_Y": 49672,
        "TILEXYZ": [
          17,
          21538,
          49672
        ],
        "OUTPUT_FILE": "/Users/maples/GitHub/mortalitree_testing/notebooks/single_tiles/postfire/17/21538/49672.geojson",
        "OUTPUT_STATUS_DIR": "postfire",
        "FEATURE_COUNT": 442
      },
      "geometry": {
        "type": "Polygon",
        "coordinates": [
          [
            [
              -120.84293689957077,
              39.89162901035729
            ],
            [
              -120.84287822196755,
              39.89162791848111
            ],
            [
              -120.84287997964354,
              39.891571871065324
            ],
            [
              -120.84293865719903,
              39.89157296293936
            ],
            [
              -120.84293689957077,
              39.89162901035729
            ]
          ]
        ]
      }
    },
    {
      "id": "484",
      "type": "Feature",
      "properties": {
        "id": null,
        "SOURCE_FILE": "/Users/maples/GitHub/mortalitree_testing/labels/luwajobi_mortalitree_postfire_labels.geojson",
        "SUNETID": "luwajobi",
        "FIRENAME": "NORTH COMPLEX",
        "FIRE_SLUG": "NORTH_COMPLEX",
        "PREFIRE": 0,
        "PREFIRE_STATUS": "postfire",
        "TILE_Z": 17,
        "TILE_X": 21538,
        "TILE_Y": 49672,
        "TILEXYZ": [
          17,
          21538,
          49672
        ],
        "OUTPUT_FILE": "/Users/maples/GitHub/mortalitree_testing/notebooks/single_tiles/postfire/17/21538/49672.geojson",
        "OUTPUT_STATUS_DIR": "postfire",
        "FEATURE_COUNT": 442
      },
      "geometry": {
        "type": "Polygon",
        "coordinates": [
          [
            [
              -120.84283816825321,
              39.89159461049031
            ],
            [
              -120.84279357329967,
              39.89159378062973
            ],
            [
              -120.8427948774319,
              39.89155219706531
            ],
            [
              -120.84283947235855,
              39.89155302692466
            ],
            [
              -120.84283816825321,
              39.89159461049031
            ]
          ]
        ]
      }
    },
    {
      "id": "485",
      "type": "Feature",
      "properties": {
        "id": null,
        "SOURCE_FILE": "/Users/maples/GitHub/mortalitree_testing/labels/luwajobi_mortalitree_postfire_labels.geojson",
        "SUNETID": "luwajobi",
        "FIRENAME": "NORTH COMPLEX",
        "FIRE_SLUG": "NORTH_COMPLEX",
        "PREFIRE": 0,
        "PREFIRE_STATUS": "postfire",
        "TILE_Z": 17,
        "TILE_X": 21538,
        "TILE_Y": 49672,
        "TILEXYZ": [
          17,
          21538,
          49672
        ],
        "OUTPUT_FILE": "/Users/maples/GitHub/mortalitree_testing/notebooks/single_tiles/postfire/17/21538/49672.geojson",
        "OUTPUT_STATUS_DIR": "postfire",
        "FEATURE_COUNT": 442
      },
      "geometry": {
        "type": "Polygon",
        "coordinates": [
          [
            [
              -120.84333310070991,
              39.89153869415096
            ],
            [
              -120.84328850577805,
              39.891537864481656
            ],
            [
              -120.84328952616742,
              39.89150532081164
            ],
            [
              -120.84333412107824,
              39.891506150479984
            ],
            [
              -120.84333310070991,
              39.89153869415096
            ]
          ]
        ]
      }
    },
    {
      "id": "486",
      "type": "Feature",
      "properties": {
        "id": null,
        "SOURCE_FILE": "/Users/maples/GitHub/mortalitree_testing/labels/luwajobi_mortalitree_postfire_labels.geojson",
        "SUNETID": "luwajobi",
        "FIRENAME": "NORTH COMPLEX",
        "FIRE_SLUG": "NORTH_COMPLEX",
        "PREFIRE": 0,
        "PREFIRE_STATUS": "postfire",
        "TILE_Z": 17,
        "TILE_X": 21538,
        "TILE_Y": 49672,
        "TILEXYZ": [
          17,
          21538,
          49672
        ],
        "OUTPUT_FILE": "/Users/maples/GitHub/mortalitree_testing/notebooks/single_tiles/postfire/17/21538/49672.geojson",
        "OUTPUT_STATUS_DIR": "postfire",
        "FEATURE_COUNT": 442
      },
      "geometry": {
        "type": "Polygon",
        "coordinates": [
          [
            [
              -120.84329635216083,
              39.8915497691976
            ],
            [
              -120.84325410432481,
              39.89154898318196
            ],
            [
              -120.84325512473086,
              39.89151643951276
            ],
            [
              -120.84329737254691,
              39.891517225527494
            ],
            [
              -120.84329635216083,
              39.8915497691976
            ]
          ]
        ]
      }
    },
    {
      "id": "487",
      "type": "Feature",
      "properties": {
        "id": null,
        "SOURCE_FILE": "/Users/maples/GitHub/mortalitree_testing/labels/luwajobi_mortalitree_postfire_labels.geojson",
        "SUNETID": "luwajobi",
        "FIRENAME": "NORTH COMPLEX",
        "FIRE_SLUG": "NORTH_COMPLEX",
        "PREFIRE": 0,
        "PREFIRE_STATUS": "postfire",
        "TILE_Z": 17,
        "TILE_X": 21538,
        "TILE_Y": 49672,
        "TILEXYZ": [
          17,
          21538,
          49672
        ],
        "OUTPUT_FILE": "/Users/maples/GitHub/mortalitree_testing/notebooks/single_tiles/postfire/17/21538/49672.geojson",
        "OUTPUT_STATUS_DIR": "postfire",
        "FEATURE_COUNT": 442
      },
      "geometry": {
        "type": "Polygon",
        "coordinates": [
          [
            [
              -120.84333177397761,
              39.89150610681366
            ],
            [
              -120.84328013776538,
              39.89150514614243
            ],
            [
              -120.84328110146912,
              39.89147441045408
            ],
            [
              -120.84333273765832,
              39.891475371124265
            ],
            [
              -120.84333177397761,
              39.89150610681366
            ]
          ]
        ]
      }
    },
    {
      "id": "488",
      "type": "Feature",
      "properties": {
        "id": null,
        "SOURCE_FILE": "/Users/maples/GitHub/mortalitree_testing/labels/luwajobi_mortalitree_postfire_labels.geojson",
        "SUNETID": "luwajobi",
        "FIRENAME": "NORTH COMPLEX",
        "FIRE_SLUG": "NORTH_COMPLEX",
        "PREFIRE": 0,
        "PREFIRE_STATUS": "postfire",
        "TILE_Z": 17,
        "TILE_X": 21538,
        "TILE_Y": 49672,
        "TILEXYZ": [
          17,
          21538,
          49672
        ],
        "OUTPUT_FILE": "/Users/maples/GitHub/mortalitree_testing/notebooks/single_tiles/postfire/17/21538/49672.geojson",
        "OUTPUT_STATUS_DIR": "postfire",
        "FEATURE_COUNT": 442
      },
      "geometry": {
        "type": "Polygon",
        "coordinates": [
          [
            [
              -120.84330063810238,
              39.89152542694558
            ],
            [
              -120.8432583902812,
              39.8915246409319
            ],
            [
              -120.84325952406236,
              39.891488481299184
            ],
            [
              -120.84330177186138,
              39.89148926731186
            ],
            [
              -120.84330063810238,
              39.89152542694558
            ]
          ]
        ]
      }
    },
    {
      "id": "489",
      "type": "Feature",
      "properties": {
        "id": null,
        "SOURCE_FILE": "/Users/maples/GitHub/mortalitree_testing/labels/luwajobi_mortalitree_postfire_labels.geojson",
        "SUNETID": "luwajobi",
        "FIRENAME": "NORTH COMPLEX",
        "FIRE_SLUG": "NORTH_COMPLEX",
        "PREFIRE": 0,
        "PREFIRE_STATUS": "postfire",
        "TILE_Z": 17,
        "TILE_X": 21538,
        "TILE_Y": 49672,
        "TILEXYZ": [
          17,
          21538,
          49672
        ],
        "OUTPUT_FILE": "/Users/maples/GitHub/mortalitree_testing/notebooks/single_tiles/postfire/17/21538/49672.geojson",
        "OUTPUT_STATUS_DIR": "postfire",
        "FEATURE_COUNT": 442
      },
      "geometry": {
        "type": "Polygon",
        "coordinates": [
          [
            [
              -120.8424603074183,
              39.891501085753056
            ],
            [
              -120.84241815133998,
              39.89150030114049
            ],
            [
              -120.84241942456951,
              39.8914597098765
            ],
            [
              -120.84246158062301,
              39.891460494487944
            ],
            [
              -120.8424603074183,
              39.891501085753056
            ]
          ]
        ]
      }
    },
    {
      "id": "490",
      "type": "Feature",
      "properties": {
        "id": null,
        "SOURCE_FILE": "/Users/maples/GitHub/mortalitree_testing/labels/luwajobi_mortalitree_postfire_labels.geojson",
        "SUNETID": "luwajobi",
        "FIRENAME": "NORTH COMPLEX",
        "FIRE_SLUG": "NORTH_COMPLEX",
        "PREFIRE": 0,
        "PREFIRE_STATUS": "postfire",
        "TILE_Z": 17,
        "TILE_X": 21538,
        "TILE_Y": 49672,
        "TILEXYZ": [
          17,
          21538,
          49672
        ],
        "OUTPUT_FILE": "/Users/maples/GitHub/mortalitree_testing/notebooks/single_tiles/postfire/17/21538/49672.geojson",
        "OUTPUT_STATUS_DIR": "postfire",
        "FEATURE_COUNT": 442
      },
      "geometry": {
        "type": "Polygon",
        "coordinates": [
          [
            [
              -120.84242489204,
              39.89152073408078
            ],
            [
              -120.84237219692855,
              39.89151975329618
            ],
            [
              -120.84237372483724,
              39.89147104378099
            ],
            [
              -120.84242641991148,
              39.891472024563896
            ],
            [
              -120.84242489204,
              39.89152073408078
            ]
          ]
        ]
      }
    },
    {
      "id": "491",
      "type": "Feature",
      "properties": {
        "id": null,
        "SOURCE_FILE": "/Users/maples/GitHub/mortalitree_testing/labels/luwajobi_mortalitree_postfire_labels.geojson",
        "SUNETID": "luwajobi",
        "FIRENAME": "NORTH COMPLEX",
        "FIRE_SLUG": "NORTH_COMPLEX",
        "PREFIRE": 0,
        "PREFIRE_STATUS": "postfire",
        "TILE_Z": 17,
        "TILE_X": 21538,
        "TILE_Y": 49672,
        "TILEXYZ": [
          17,
          21538,
          49672
        ],
        "OUTPUT_FILE": "/Users/maples/GitHub/mortalitree_testing/notebooks/single_tiles/postfire/17/21538/49672.geojson",
        "OUTPUT_STATUS_DIR": "postfire",
        "FEATURE_COUNT": 442
      },
      "geometry": {
        "type": "Polygon",
        "coordinates": [
          [
            [
              -120.84238204839386,
              39.89154186873683
            ],
            [
              -120.84232513765771,
              39.89154080946695
            ],
            [
              -120.84232692025769,
              39.89148398170118
            ],
            [
              -120.8423838309469,
              39.891485040968924
            ],
            [
              -120.84238204839386,
              39.89154186873683
            ]
          ]
        ]
      }
    },
    {
      "id": "492",
      "type": "Feature",
      "properties": {
        "id": null,
        "SOURCE_FILE": "/Users/maples/GitHub/mortalitree_testing/labels/luwajobi_mortalitree_postfire_labels.geojson",
        "SUNETID": "luwajobi",
        "FIRENAME": "NORTH COMPLEX",
        "FIRE_SLUG": "NORTH_COMPLEX",
        "PREFIRE": 0,
        "PREFIRE_STATUS": "postfire",
        "TILE_Z": 17,
        "TILE_X": 21538,
        "TILE_Y": 49672,
        "TILEXYZ": [
          17,
          21538,
          49672
        ],
        "OUTPUT_FILE": "/Users/maples/GitHub/mortalitree_testing/notebooks/single_tiles/postfire/17/21538/49672.geojson",
        "OUTPUT_STATUS_DIR": "postfire",
        "FEATURE_COUNT": 442
      },
      "geometry": {
        "type": "Polygon",
        "coordinates": [
          [
            [
              -120.84254134046974,
              39.89153995966916
            ],
            [
              -120.84248021411891,
              39.89153882201773
            ],
            [
              -120.84248123267483,
              39.89150634900546
            ],
            [
              -120.84254235899685,
              39.89150748665558
            ],
            [
              -120.84254134046974,
              39.89153995966916
            ]
          ]
        ]
      }
    },
    {
      "id": "493",
      "type": "Feature",
      "properties": {
        "id": null,
        "SOURCE_FILE": "/Users/maples/GitHub/mortalitree_testing/labels/luwajobi_mortalitree_postfire_labels.geojson",
        "SUNETID": "luwajobi",
        "FIRENAME": "NORTH COMPLEX",
        "FIRE_SLUG": "NORTH_COMPLEX",
        "PREFIRE": 0,
        "PREFIRE_STATUS": "postfire",
        "TILE_Z": 17,
        "TILE_X": 21538,
        "TILE_Y": 49672,
        "TILEXYZ": [
          17,
          21538,
          49672
        ],
        "OUTPUT_FILE": "/Users/maples/GitHub/mortalitree_testing/notebooks/single_tiles/postfire/17/21538/49672.geojson",
        "OUTPUT_STATUS_DIR": "postfire",
        "FEATURE_COUNT": 442
      },
      "geometry": {
        "type": "Polygon",
        "coordinates": [
          [
            [
              -120.84254654350705,
              39.891575797670235
            ],
            [
              -120.84249174054294,
              39.89157477771008
            ],
            [
              -120.84249286094982,
              39.89153905739653
            ],
            [
              -120.84254766388553,
              39.89154007735539
            ],
            [
              -120.84254654350705,
              39.891575797670235
            ]
          ]
        ]
      }
    },
    {
      "id": "494",
      "type": "Feature",
      "properties": {
        "id": null,
        "SOURCE_FILE": "/Users/maples/GitHub/mortalitree_testing/labels/luwajobi_mortalitree_postfire_labels.geojson",
        "SUNETID": "luwajobi",
        "FIRENAME": "NORTH COMPLEX",
        "FIRE_SLUG": "NORTH_COMPLEX",
        "PREFIRE": 0,
        "PREFIRE_STATUS": "postfire",
        "TILE_Z": 17,
        "TILE_X": 21538,
        "TILE_Y": 49672,
        "TILEXYZ": [
          17,
          21538,
          49672
        ],
        "OUTPUT_FILE": "/Users/maples/GitHub/mortalitree_testing/notebooks/single_tiles/postfire/17/21538/49672.geojson",
        "OUTPUT_STATUS_DIR": "postfire",
        "FEATURE_COUNT": 442
      },
      "geometry": {
        "type": "Polygon",
        "coordinates": [
          [
            [
              -120.84211964850229,
              39.89143544709895
            ],
            [
              -120.84208170807644,
              39.891434740837845
            ],
            [
              -120.84208277775363,
              39.8914006441833
            ],
            [
              -120.84212071816073,
              39.89140135044355
            ],
            [
              -120.84211964850229,
              39.89143544709895
            ]
          ]
        ]
      }
    },
    {
      "id": "495",
      "type": "Feature",
      "properties": {
        "id": null,
        "SOURCE_FILE": "/Users/maples/GitHub/mortalitree_testing/labels/luwajobi_mortalitree_postfire_labels.geojson",
        "SUNETID": "luwajobi",
        "FIRENAME": "NORTH COMPLEX",
        "FIRE_SLUG": "NORTH_COMPLEX",
        "PREFIRE": 0,
        "PREFIRE_STATUS": "postfire",
        "TILE_Z": 17,
        "TILE_X": 21538,
        "TILE_Y": 49672,
        "TILEXYZ": [
          17,
          21538,
          49672
        ],
        "OUTPUT_FILE": "/Users/maples/GitHub/mortalitree_testing/notebooks/single_tiles/postfire/17/21538/49672.geojson",
        "OUTPUT_STATUS_DIR": "postfire",
        "FEATURE_COUNT": 442
      },
      "geometry": {
        "type": "Polygon",
        "coordinates": [
          [
            [
              -120.84237643117079,
              39.89182163829386
            ],
            [
              -120.84233381183185,
              39.89182084502654
            ],
            [
              -120.84233492404215,
              39.89178538894179
            ],
            [
              -120.84237754335913,
              39.89178618220813
            ],
            [
              -120.84237643117079,
              39.89182163829386
            ]
          ]
        ]
      }
    },
    {
      "id": "496",
      "type": "Feature",
      "properties": {
        "id": null,
        "SOURCE_FILE": "/Users/maples/GitHub/mortalitree_testing/labels/luwajobi_mortalitree_postfire_labels.geojson",
        "SUNETID": "luwajobi",
        "FIRENAME": "NORTH COMPLEX",
        "FIRE_SLUG": "NORTH_COMPLEX",
        "PREFIRE": 0,
        "PREFIRE_STATUS": "postfire",
        "TILE_Z": 17,
        "TILE_X": 21538,
        "TILE_Y": 49672,
        "TILEXYZ": [
          17,
          21538,
          49672
        ],
        "OUTPUT_FILE": "/Users/maples/GitHub/mortalitree_testing/notebooks/single_tiles/postfire/17/21538/49672.geojson",
        "OUTPUT_STATUS_DIR": "postfire",
        "FEATURE_COUNT": 442
      },
      "geometry": {
        "type": "Polygon",
        "coordinates": [
          [
            [
              -120.84236940287717,
              39.89174661204002
            ],
            [
              -120.84234042175822,
              39.891746072619014
            ],
            [
              -120.84234124561318,
              39.89171980885211
            ],
            [
              -120.84237022672106,
              39.891720348272614
            ],
            [
              -120.84236940287717,
              39.89174661204002
            ]
          ]
        ]
      }
    },
    {
      "id": "497",
      "type": "Feature",
      "properties": {
        "id": null,
        "SOURCE_FILE": "/Users/maples/GitHub/mortalitree_testing/labels/luwajobi_mortalitree_postfire_labels.geojson",
        "SUNETID": "luwajobi",
        "FIRENAME": "NORTH COMPLEX",
        "FIRE_SLUG": "NORTH_COMPLEX",
        "PREFIRE": 0,
        "PREFIRE_STATUS": "postfire",
        "TILE_Z": 17,
        "TILE_X": 21538,
        "TILE_Y": 49672,
        "TILEXYZ": [
          17,
          21538,
          49672
        ],
        "OUTPUT_FILE": "/Users/maples/GitHub/mortalitree_testing/notebooks/single_tiles/postfire/17/21538/49672.geojson",
        "OUTPUT_STATUS_DIR": "postfire",
        "FEATURE_COUNT": 442
      },
      "geometry": {
        "type": "Polygon",
        "coordinates": [
          [
            [
              -120.84242242353265,
              39.89176927914506
            ],
            [
              -120.84237128036351,
              39.891768327243696
            ],
            [
              -120.84237276328163,
              39.89172105246239
            ],
            [
              -120.84242390641569,
              39.89172200436217
            ],
            [
              -120.84242242353265,
              39.89176927914506
            ]
          ]
        ]
      }
    },
    {
      "id": "498",
      "type": "Feature",
      "properties": {
        "id": null,
        "SOURCE_FILE": "/Users/maples/GitHub/mortalitree_testing/labels/luwajobi_mortalitree_postfire_labels.geojson",
        "SUNETID": "luwajobi",
        "FIRENAME": "NORTH COMPLEX",
        "FIRE_SLUG": "NORTH_COMPLEX",
        "PREFIRE": 0,
        "PREFIRE_STATUS": "postfire",
        "TILE_Z": 17,
        "TILE_X": 21538,
        "TILE_Y": 49672,
        "TILEXYZ": [
          17,
          21538,
          49672
        ],
        "OUTPUT_FILE": "/Users/maples/GitHub/mortalitree_testing/notebooks/single_tiles/postfire/17/21538/49672.geojson",
        "OUTPUT_STATUS_DIR": "postfire",
        "FEATURE_COUNT": 442
      },
      "geometry": {
        "type": "Polygon",
        "coordinates": [
          [
            [
              -120.84241527958156,
              39.89172512868478
            ],
            [
              -120.84237095553011,
              39.89172430370293
            ],
            [
              -120.8423719853333,
              39.891691473993504
            ],
            [
              -120.8424163093636,
              39.891692298974405
            ],
            [
              -120.84241527958156,
              39.89172512868478
            ]
          ]
        ]
      }
    },
    {
      "id": "499",
      "type": "Feature",
      "properties": {
        "id": null,
        "SOURCE_FILE": "/Users/maples/GitHub/mortalitree_testing/labels/luwajobi_mortalitree_postfire_labels.geojson",
        "SUNETID": "luwajobi",
        "FIRENAME": "NORTH COMPLEX",
        "FIRE_SLUG": "NORTH_COMPLEX",
        "PREFIRE": 0,
        "PREFIRE_STATUS": "postfire",
        "TILE_Z": 17,
        "TILE_X": 21538,
        "TILE_Y": 49672,
        "TILEXYZ": [
          17,
          21538,
          49672
        ],
        "OUTPUT_FILE": "/Users/maples/GitHub/mortalitree_testing/notebooks/single_tiles/postfire/17/21538/49672.geojson",
        "OUTPUT_STATUS_DIR": "postfire",
        "FEATURE_COUNT": 442
      },
      "geometry": {
        "type": "Polygon",
        "coordinates": [
          [
            [
              -120.84228666653752,
              39.89179168461775
            ],
            [
              -120.8422364041555,
              39.891790749051154
            ],
            [
              -120.84223761871509,
              39.891752031884344
            ],
            [
              -120.84228788106886,
              39.89175296744965
            ],
            [
              -120.84228666653752,
              39.89179168461775
            ]
          ]
        ]
      }
    },
    {
      "id": "500",
      "type": "Feature",
      "properties": {
        "id": null,
        "SOURCE_FILE": "/Users/maples/GitHub/mortalitree_testing/labels/luwajobi_mortalitree_postfire_labels.geojson",
        "SUNETID": "luwajobi",
        "FIRENAME": "NORTH COMPLEX",
        "FIRE_SLUG": "NORTH_COMPLEX",
        "PREFIRE": 0,
        "PREFIRE_STATUS": "postfire",
        "TILE_Z": 17,
        "TILE_X": 21538,
        "TILE_Y": 49672,
        "TILEXYZ": [
          17,
          21538,
          49672
        ],
        "OUTPUT_FILE": "/Users/maples/GitHub/mortalitree_testing/notebooks/single_tiles/postfire/17/21538/49672.geojson",
        "OUTPUT_STATUS_DIR": "postfire",
        "FEATURE_COUNT": 442
      },
      "geometry": {
        "type": "Polygon",
        "coordinates": [
          [
            [
              -120.84208452877391,
              39.89183464427944
            ],
            [
              -120.84203931393787,
              39.89183380258797
            ],
            [
              -120.8420404521563,
              39.89179752236428
            ],
            [
              -120.84208566696854,
              39.89179836405468
            ],
            [
              -120.84208452877391,
              39.89183464427944
            ]
          ]
        ]
      }
    },
    {
      "id": "501",
      "type": "Feature",
      "properties": {
        "id": null,
        "SOURCE_FILE": "/Users/maples/GitHub/mortalitree_testing/labels/luwajobi_mortalitree_postfire_labels.geojson",
        "SUNETID": "luwajobi",
        "FIRENAME": "NORTH COMPLEX",
        "FIRE_SLUG": "NORTH_COMPLEX",
        "PREFIRE": 0,
        "PREFIRE_STATUS": "postfire",
        "TILE_Z": 17,
        "TILE_X": 21538,
        "TILE_Y": 49672,
        "TILEXYZ": [
          17,
          21538,
          49672
        ],
        "OUTPUT_FILE": "/Users/maples/GitHub/mortalitree_testing/notebooks/single_tiles/postfire/17/21538/49672.geojson",
        "OUTPUT_STATUS_DIR": "postfire",
        "FEATURE_COUNT": 442
      },
      "geometry": {
        "type": "Polygon",
        "coordinates": [
          [
            [
              -120.842071768165,
              39.89188087254522
            ],
            [
              -120.84203408910987,
              39.891880171132065
            ],
            [
              -120.84203522733289,
              39.891843890908795
            ],
            [
              -120.8420729063682,
              39.89184459232105
            ],
            [
              -120.842071768165,
              39.89188087254522
            ]
          ]
        ]
      }
    },
    {
      "id": "502",
      "type": "Feature",
      "properties": {
        "id": null,
        "SOURCE_FILE": "/Users/maples/GitHub/mortalitree_testing/labels/luwajobi_mortalitree_postfire_labels.geojson",
        "SUNETID": "luwajobi",
        "FIRENAME": "NORTH COMPLEX",
        "FIRE_SLUG": "NORTH_COMPLEX",
        "PREFIRE": 0,
        "PREFIRE_STATUS": "postfire",
        "TILE_Z": 17,
        "TILE_X": 21538,
        "TILE_Y": 49672,
        "TILEXYZ": [
          17,
          21538,
          49672
        ],
        "OUTPUT_FILE": "/Users/maples/GitHub/mortalitree_testing/notebooks/single_tiles/postfire/17/21538/49672.geojson",
        "OUTPUT_STATUS_DIR": "postfire",
        "FEATURE_COUNT": 442
      },
      "geometry": {
        "type": "Polygon",
        "coordinates": [
          [
            [
              -120.84292244000194,
              39.89182010259397
            ],
            [
              -120.84284758869657,
              39.89181870974039
            ],
            [
              -120.8428490955496,
              39.89177066139329
            ],
            [
              -120.84292394680276,
              39.8917720542445
            ],
            [
              -120.84292244000194,
              39.89182010259397
            ]
          ]
        ]
      }
    },
    {
      "id": "503",
      "type": "Feature",
      "properties": {
        "id": null,
        "SOURCE_FILE": "/Users/maples/GitHub/mortalitree_testing/labels/luwajobi_mortalitree_postfire_labels.geojson",
        "SUNETID": "luwajobi",
        "FIRENAME": "NORTH COMPLEX",
        "FIRE_SLUG": "NORTH_COMPLEX",
        "PREFIRE": 0,
        "PREFIRE_STATUS": "postfire",
        "TILE_Z": 17,
        "TILE_X": 21538,
        "TILE_Y": 49672,
        "TILEXYZ": [
          17,
          21538,
          49672
        ],
        "OUTPUT_FILE": "/Users/maples/GitHub/mortalitree_testing/notebooks/single_tiles/postfire/17/21538/49672.geojson",
        "OUTPUT_STATUS_DIR": "postfire",
        "FEATURE_COUNT": 442
      },
      "geometry": {
        "type": "Polygon",
        "coordinates": [
          [
            [
              -120.84298823110498,
              39.891878217205274
            ],
            [
              -120.84294872621365,
              39.89187748211564
            ],
            [
              -120.84294983119005,
              39.89184224665913
            ],
            [
              -120.84298933606118,
              39.89184298174785
            ],
            [
              -120.84298823110498,
              39.891878217205274
            ]
          ]
        ]
      }
    },
    {
      "id": "504",
      "type": "Feature",
      "properties": {
        "id": null,
        "SOURCE_FILE": "/Users/maples/GitHub/mortalitree_testing/labels/luwajobi_mortalitree_postfire_labels.geojson",
        "SUNETID": "luwajobi",
        "FIRENAME": "NORTH COMPLEX",
        "FIRE_SLUG": "NORTH_COMPLEX",
        "PREFIRE": 0,
        "PREFIRE_STATUS": "postfire",
        "TILE_Z": 17,
        "TILE_X": 21538,
        "TILE_Y": 49672,
        "TILEXYZ": [
          17,
          21538,
          49672
        ],
        "OUTPUT_FILE": "/Users/maples/GitHub/mortalitree_testing/notebooks/single_tiles/postfire/17/21538/49672.geojson",
        "OUTPUT_STATUS_DIR": "postfire",
        "FEATURE_COUNT": 442
      },
      "geometry": {
        "type": "Polygon",
        "coordinates": [
          [
            [
              -120.84304238087093,
              39.89184316748726
            ],
            [
              -120.84300079679454,
              39.89184239372832
            ],
            [
              -120.84300160039353,
              39.89181676794076
            ],
            [
              -120.84304318445447,
              39.891817541699005
            ],
            [
              -120.84304238087093,
              39.89184316748726
            ]
          ]
        ]
      }
    },
    {
      "id": "505",
      "type": "Feature",
      "properties": {
        "id": null,
        "SOURCE_FILE": "/Users/maples/GitHub/mortalitree_testing/labels/luwajobi_mortalitree_postfire_labels.geojson",
        "SUNETID": "luwajobi",
        "FIRENAME": "NORTH COMPLEX",
        "FIRE_SLUG": "NORTH_COMPLEX",
        "PREFIRE": 0,
        "PREFIRE_STATUS": "postfire",
        "TILE_Z": 17,
        "TILE_X": 21538,
        "TILE_Y": 49672,
        "TILEXYZ": [
          17,
          21538,
          49672
        ],
        "OUTPUT_FILE": "/Users/maples/GitHub/mortalitree_testing/notebooks/single_tiles/postfire/17/21538/49672.geojson",
        "OUTPUT_STATUS_DIR": "postfire",
        "FEATURE_COUNT": 442
      },
      "geometry": {
        "type": "Polygon",
        "coordinates": [
          [
            [
              -120.84303005121527,
              39.89190463610096
            ],
            [
              -120.8430071799528,
              39.89190421053241
            ],
            [
              -120.84300783287655,
              39.89188338958016
            ],
            [
              -120.84303070413212,
              39.891883815148404
            ],
            [
              -120.84303005121527,
              39.89190463610096
            ]
          ]
        ]
      }
    },
    {
      "id": "506",
      "type": "Feature",
      "properties": {
        "id": null,
        "SOURCE_FILE": "/Users/maples/GitHub/mortalitree_testing/labels/luwajobi_mortalitree_postfire_labels.geojson",
        "SUNETID": "luwajobi",
        "FIRENAME": "NORTH COMPLEX",
        "FIRE_SLUG": "NORTH_COMPLEX",
        "PREFIRE": 0,
        "PREFIRE_STATUS": "postfire",
        "TILE_Z": 17,
        "TILE_X": 21538,
        "TILE_Y": 49672,
        "TILEXYZ": [
          17,
          21538,
          49672
        ],
        "OUTPUT_FILE": "/Users/maples/GitHub/mortalitree_testing/notebooks/single_tiles/postfire/17/21538/49672.geojson",
        "OUTPUT_STATUS_DIR": "postfire",
        "FEATURE_COUNT": 442
      },
      "geometry": {
        "type": "Polygon",
        "coordinates": [
          [
            [
              -120.84302330135309,
              39.89188768377014
            ],
            [
              -120.8429858756605,
              39.89188698738095
            ],
            [
              -120.84298662904101,
              39.891862963205554
            ],
            [
              -120.84302405472054,
              39.89186365959415
            ],
            [
              -120.84302330135309,
              39.89188768377014
            ]
          ]
        ]
      }
    },
    {
      "id": "507",
      "type": "Feature",
      "properties": {
        "id": null,
        "SOURCE_FILE": "/Users/maples/GitHub/mortalitree_testing/labels/luwajobi_mortalitree_postfire_labels.geojson",
        "SUNETID": "luwajobi",
        "FIRENAME": "NORTH COMPLEX",
        "FIRE_SLUG": "NORTH_COMPLEX",
        "PREFIRE": 0,
        "PREFIRE_STATUS": "postfire",
        "TILE_Z": 17,
        "TILE_X": 21538,
        "TILE_Y": 49672,
        "TILEXYZ": [
          17,
          21538,
          49672
        ],
        "OUTPUT_FILE": "/Users/maples/GitHub/mortalitree_testing/notebooks/single_tiles/postfire/17/21538/49672.geojson",
        "OUTPUT_STATUS_DIR": "postfire",
        "FEATURE_COUNT": 442
      },
      "geometry": {
        "type": "Polygon",
        "coordinates": [
          [
            [
              -120.84282569635276,
              39.89186974442574
            ],
            [
              -120.84278047698568,
              39.89186890293913
            ],
            [
              -120.84278176219058,
              39.891827923542614
            ],
            [
              -120.84282698153076,
              39.89182876502801
            ],
            [
              -120.84282569635276,
              39.89186974442574
            ]
          ]
        ]
      }
    },
    {
      "id": "508",
      "type": "Feature",
      "properties": {
        "id": null,
        "SOURCE_FILE": "/Users/maples/GitHub/mortalitree_testing/labels/luwajobi_mortalitree_postfire_labels.geojson",
        "SUNETID": "luwajobi",
        "FIRENAME": "NORTH COMPLEX",
        "FIRE_SLUG": "NORTH_COMPLEX",
        "PREFIRE": 0,
        "PREFIRE_STATUS": "postfire",
        "TILE_Z": 17,
        "TILE_X": 21538,
        "TILE_Y": 49672,
        "TILEXYZ": [
          17,
          21538,
          49672
        ],
        "OUTPUT_FILE": "/Users/maples/GitHub/mortalitree_testing/notebooks/single_tiles/postfire/17/21538/49672.geojson",
        "OUTPUT_STATUS_DIR": "postfire",
        "FEATURE_COUNT": 442
      },
      "geometry": {
        "type": "Polygon",
        "coordinates": [
          [
            [
              -120.84283593120067,
              39.89192528935612
            ],
            [
              -120.8427907117968,
              39.89192444787253
            ],
            [
              -120.8427918042181,
              39.8918896153856
            ],
            [
              -120.84283702359909,
              39.89189045686817
            ],
            [
              -120.84283593120067,
              39.89192528935612
            ]
          ]
        ]
      }
    },
    {
      "id": "509",
      "type": "Feature",
      "properties": {
        "id": null,
        "SOURCE_FILE": "/Users/maples/GitHub/mortalitree_testing/labels/luwajobi_mortalitree_postfire_labels.geojson",
        "SUNETID": "luwajobi",
        "FIRENAME": "NORTH COMPLEX",
        "FIRE_SLUG": "NORTH_COMPLEX",
        "PREFIRE": 0,
        "PREFIRE_STATUS": "postfire",
        "TILE_Z": 17,
        "TILE_X": 21538,
        "TILE_Y": 49672,
        "TILEXYZ": [
          17,
          21538,
          49672
        ],
        "OUTPUT_FILE": "/Users/maples/GitHub/mortalitree_testing/notebooks/single_tiles/postfire/17/21538/49672.geojson",
        "OUTPUT_STATUS_DIR": "postfire",
        "FEATURE_COUNT": 442
      },
      "geometry": {
        "type": "Polygon",
        "coordinates": [
          [
            [
              -120.8428603782043,
              39.891994424829704
            ],
            [
              -120.84281249878669,
              39.891993533855356
            ],
            [
              -120.84281352694009,
              39.89196075033819
            ],
            [
              -120.84286140633492,
              39.89196164131152
            ],
            [
              -120.8428603782043,
              39.891994424829704
            ]
          ]
        ]
      }
    },
    {
      "id": "510",
      "type": "Feature",
      "properties": {
        "id": null,
        "SOURCE_FILE": "/Users/maples/GitHub/mortalitree_testing/labels/luwajobi_mortalitree_postfire_labels.geojson",
        "SUNETID": "luwajobi",
        "FIRENAME": "NORTH COMPLEX",
        "FIRE_SLUG": "NORTH_COMPLEX",
        "PREFIRE": 0,
        "PREFIRE_STATUS": "postfire",
        "TILE_Z": 17,
        "TILE_X": 21538,
        "TILE_Y": 49672,
        "TILEXYZ": [
          17,
          21538,
          49672
        ],
        "OUTPUT_FILE": "/Users/maples/GitHub/mortalitree_testing/notebooks/single_tiles/postfire/17/21538/49672.geojson",
        "OUTPUT_STATUS_DIR": "postfire",
        "FEATURE_COUNT": 442
      },
      "geometry": {
        "type": "Polygon",
        "coordinates": [
          [
            [
              -120.84293827560188,
              39.89192924397382
            ],
            [
              -120.8428983761228,
              39.891928501524376
            ],
            [
              -120.8428993399761,
              39.89189776697494
            ],
            [
              -120.84293923943738,
              39.891898509423584
            ],
            [
              -120.84293827560188,
              39.89192924397382
            ]
          ]
        ]
      }
    },
    {
      "id": "511",
      "type": "Feature",
      "properties": {
        "id": null,
        "SOURCE_FILE": "/Users/maples/GitHub/mortalitree_testing/labels/luwajobi_mortalitree_postfire_labels.geojson",
        "SUNETID": "luwajobi",
        "FIRENAME": "NORTH COMPLEX",
        "FIRE_SLUG": "NORTH_COMPLEX",
        "PREFIRE": 0,
        "PREFIRE_STATUS": "postfire",
        "TILE_Z": 17,
        "TILE_X": 21538,
        "TILE_Y": 49672,
        "TILEXYZ": [
          17,
          21538,
          49672
        ],
        "OUTPUT_FILE": "/Users/maples/GitHub/mortalitree_testing/notebooks/single_tiles/postfire/17/21538/49672.geojson",
        "OUTPUT_STATUS_DIR": "postfire",
        "FEATURE_COUNT": 442
      },
      "geometry": {
        "type": "Polygon",
        "coordinates": [
          [
            [
              -120.84171394375574,
              39.89085172828709
            ],
            [
              -120.84165996520787,
              39.890850723287095
            ],
            [
              -120.8416612698894,
              39.890809142979094
            ],
            [
              -120.84171524840468,
              39.890810147977604
            ],
            [
              -120.84171394375574,
              39.89085172828709
            ]
          ]
        ]
      }
    },
    {
      "id": "512",
      "type": "Feature",
      "properties": {
        "id": null,
        "SOURCE_FILE": "/Users/maples/GitHub/mortalitree_testing/labels/luwajobi_mortalitree_postfire_labels.geojson",
        "SUNETID": "luwajobi",
        "FIRENAME": "NORTH COMPLEX",
        "FIRE_SLUG": "NORTH_COMPLEX",
        "PREFIRE": 0,
        "PREFIRE_STATUS": "postfire",
        "TILE_Z": 17,
        "TILE_X": 21538,
        "TILE_Y": 49672,
        "TILEXYZ": [
          17,
          21538,
          49672
        ],
        "OUTPUT_FILE": "/Users/maples/GitHub/mortalitree_testing/notebooks/single_tiles/postfire/17/21538/49672.geojson",
        "OUTPUT_STATUS_DIR": "postfire",
        "FEATURE_COUNT": 442
      },
      "geometry": {
        "type": "Polygon",
        "coordinates": [
          [
            [
              -120.84162494254527,
              39.89088172687721
            ],
            [
              -120.84158504534241,
              39.89088098402248
            ],
            [
              -120.84158629334334,
              39.89084121155611
            ],
            [
              -120.84162619052317,
              39.8908419544098
            ],
            [
              -120.84162494254527,
              39.89088172687721
            ]
          ]
        ]
      }
    },
    {
      "id": "513",
      "type": "Feature",
      "properties": {
        "id": null,
        "SOURCE_FILE": "/Users/maples/GitHub/mortalitree_testing/labels/luwajobi_mortalitree_postfire_labels.geojson",
        "SUNETID": "luwajobi",
        "FIRENAME": "NORTH COMPLEX",
        "FIRE_SLUG": "NORTH_COMPLEX",
        "PREFIRE": 0,
        "PREFIRE_STATUS": "postfire",
        "TILE_Z": 17,
        "TILE_X": 21538,
        "TILE_Y": 49672,
        "TILEXYZ": [
          17,
          21538,
          49672
        ],
        "OUTPUT_FILE": "/Users/maples/GitHub/mortalitree_testing/notebooks/single_tiles/postfire/17/21538/49672.geojson",
        "OUTPUT_STATUS_DIR": "postfire",
        "FEATURE_COUNT": 442
      },
      "geometry": {
        "type": "Polygon",
        "coordinates": [
          [
            [
              -120.84166782120175,
              39.890899709737305
            ],
            [
              -120.8416185364077,
              39.89089879210911
            ],
            [
              -120.84161984111647,
              39.89085721180259
            ],
            [
              -120.84166912588078,
              39.89085812942943
            ],
            [
              -120.84166782120175,
              39.890899709737305
            ]
          ]
        ]
      }
    },
    {
      "id": "514",
      "type": "Feature",
      "properties": {
        "id": null,
        "SOURCE_FILE": "/Users/maples/GitHub/mortalitree_testing/labels/luwajobi_mortalitree_postfire_labels.geojson",
        "SUNETID": "luwajobi",
        "FIRENAME": "NORTH COMPLEX",
        "FIRE_SLUG": "NORTH_COMPLEX",
        "PREFIRE": 0,
        "PREFIRE_STATUS": "postfire",
        "TILE_Z": 17,
        "TILE_X": 21538,
        "TILE_Y": 49672,
        "TILEXYZ": [
          17,
          21538,
          49672
        ],
        "OUTPUT_FILE": "/Users/maples/GitHub/mortalitree_testing/notebooks/single_tiles/postfire/17/21538/49672.geojson",
        "OUTPUT_STATUS_DIR": "postfire",
        "FEATURE_COUNT": 442
      },
      "geometry": {
        "type": "Polygon",
        "coordinates": [
          [
            [
              -120.84179688978479,
              39.89086503039105
            ],
            [
              -120.84175464569313,
              39.89086424390146
            ],
            [
              -120.84175578014977,
              39.890828087109725
            ],
            [
              -120.84179802421926,
              39.89082887359831
            ],
            [
              -120.84179688978479,
              39.89086503039105
            ]
          ]
        ]
      }
    },
    {
      "id": "515",
      "type": "Feature",
      "properties": {
        "id": null,
        "SOURCE_FILE": "/Users/maples/GitHub/mortalitree_testing/labels/luwajobi_mortalitree_postfire_labels.geojson",
        "SUNETID": "luwajobi",
        "FIRENAME": "NORTH COMPLEX",
        "FIRE_SLUG": "NORTH_COMPLEX",
        "PREFIRE": 0,
        "PREFIRE_STATUS": "postfire",
        "TILE_Z": 17,
        "TILE_X": 21538,
        "TILE_Y": 49672,
        "TILEXYZ": [
          17,
          21538,
          49672
        ],
        "OUTPUT_FILE": "/Users/maples/GitHub/mortalitree_testing/notebooks/single_tiles/postfire/17/21538/49672.geojson",
        "OUTPUT_STATUS_DIR": "postfire",
        "FEATURE_COUNT": 442
      },
      "geometry": {
        "type": "Polygon",
        "coordinates": [
          [
            [
              -120.84186546389324,
              39.89096217852287
            ],
            [
              -120.84180913835603,
              39.89096112989785
            ],
            [
              -120.8418106131171,
              39.89091412606767
            ],
            [
              -120.84186693861587,
              39.89091517469094
            ],
            [
              -120.84186546389324,
              39.89096217852287
            ]
          ]
        ]
      }
    },
    {
      "id": "516",
      "type": "Feature",
      "properties": {
        "id": null,
        "SOURCE_FILE": "/Users/maples/GitHub/mortalitree_testing/labels/luwajobi_mortalitree_postfire_labels.geojson",
        "SUNETID": "luwajobi",
        "FIRENAME": "NORTH COMPLEX",
        "FIRE_SLUG": "NORTH_COMPLEX",
        "PREFIRE": 0,
        "PREFIRE_STATUS": "postfire",
        "TILE_Z": 17,
        "TILE_X": 21538,
        "TILE_Y": 49672,
        "TILEXYZ": [
          17,
          21538,
          49672
        ],
        "OUTPUT_FILE": "/Users/maples/GitHub/mortalitree_testing/notebooks/single_tiles/postfire/17/21538/49672.geojson",
        "OUTPUT_STATUS_DIR": "postfire",
        "FEATURE_COUNT": 442
      },
      "geometry": {
        "type": "Polygon",
        "coordinates": [
          [
            [
              -120.84187228140783,
              39.891081692555446
            ],
            [
              -120.84182064957538,
              39.891080731317544
            ],
            [
              -120.84182195417044,
              39.89103915100679
            ],
            [
              -120.84187358597174,
              39.891040112243275
            ],
            [
              -120.84187228140783,
              39.891081692555446
            ]
          ]
        ]
      }
    },
    {
      "id": "517",
      "type": "Feature",
      "properties": {
        "id": null,
        "SOURCE_FILE": "/Users/maples/GitHub/mortalitree_testing/labels/luwajobi_mortalitree_postfire_labels.geojson",
        "SUNETID": "luwajobi",
        "FIRENAME": "NORTH COMPLEX",
        "FIRE_SLUG": "NORTH_COMPLEX",
        "PREFIRE": 0,
        "PREFIRE_STATUS": "postfire",
        "TILE_Z": 17,
        "TILE_X": 21538,
        "TILE_Y": 49672,
        "TILEXYZ": [
          17,
          21538,
          49672
        ],
        "OUTPUT_FILE": "/Users/maples/GitHub/mortalitree_testing/notebooks/single_tiles/postfire/17/21538/49672.geojson",
        "OUTPUT_STATUS_DIR": "postfire",
        "FEATURE_COUNT": 442
      },
      "geometry": {
        "type": "Polygon",
        "coordinates": [
          [
            [
              -120.84182351763003,
              39.89110158701254
            ],
            [
              -120.84177423268633,
              39.89110066944667
            ],
            [
              -120.8417755940331,
              39.891057281297776
            ],
            [
              -120.84182487894574,
              39.89105819886224
            ],
            [
              -120.84182351763003,
              39.89110158701254
            ]
          ]
        ]
      }
    },
    {
      "id": "518",
      "type": "Feature",
      "properties": {
        "id": null,
        "SOURCE_FILE": "/Users/maples/GitHub/mortalitree_testing/labels/luwajobi_mortalitree_postfire_labels.geojson",
        "SUNETID": "luwajobi",
        "FIRENAME": "NORTH COMPLEX",
        "FIRE_SLUG": "NORTH_COMPLEX",
        "PREFIRE": 0,
        "PREFIRE_STATUS": "postfire",
        "TILE_Z": 17,
        "TILE_X": 21538,
        "TILE_Y": 49672,
        "TILEXYZ": [
          17,
          21538,
          49672
        ],
        "OUTPUT_FILE": "/Users/maples/GitHub/mortalitree_testing/notebooks/single_tiles/postfire/17/21538/49672.geojson",
        "OUTPUT_STATUS_DIR": "postfire",
        "FEATURE_COUNT": 442
      },
      "geometry": {
        "type": "Polygon",
        "coordinates": [
          [
            [
              -120.84182255678293,
              39.89094509965348
            ],
            [
              -120.84172868091518,
              39.89094335189583
            ],
            [
              -120.84173106330707,
              39.89086742263524
            ],
            [
              -120.84182493907139,
              39.890869170388214
            ],
            [
              -120.84182255678293,
              39.89094509965348
            ]
          ]
        ]
      }
    },
    {
      "id": "519",
      "type": "Feature",
      "properties": {
        "id": null,
        "SOURCE_FILE": "/Users/maples/GitHub/mortalitree_testing/labels/luwajobi_mortalitree_postfire_labels.geojson",
        "SUNETID": "luwajobi",
        "FIRENAME": "NORTH COMPLEX",
        "FIRE_SLUG": "NORTH_COMPLEX",
        "PREFIRE": 0,
        "PREFIRE_STATUS": "postfire",
        "TILE_Z": 17,
        "TILE_X": 21538,
        "TILE_Y": 49672,
        "TILEXYZ": [
          17,
          21538,
          49672
        ],
        "OUTPUT_FILE": "/Users/maples/GitHub/mortalitree_testing/notebooks/single_tiles/postfire/17/21538/49672.geojson",
        "OUTPUT_STATUS_DIR": "postfire",
        "FEATURE_COUNT": 442
      },
      "geometry": {
        "type": "Polygon",
        "coordinates": [
          [
            [
              -120.84173750126658,
              39.89096160507032
            ],
            [
              -120.8416858695288,
              39.89096064377482
            ],
            [
              -120.84168728764928,
              39.89091544778794
            ],
            [
              -120.84173891935319,
              39.89091640908191
            ],
            [
              -120.84173750126658,
              39.89096160507032
            ]
          ]
        ]
      }
    },
    {
      "id": "520",
      "type": "Feature",
      "properties": {
        "id": null,
        "SOURCE_FILE": "/Users/maples/GitHub/mortalitree_testing/labels/luwajobi_mortalitree_postfire_labels.geojson",
        "SUNETID": "luwajobi",
        "FIRENAME": "NORTH COMPLEX",
        "FIRE_SLUG": "NORTH_COMPLEX",
        "PREFIRE": 0,
        "PREFIRE_STATUS": "postfire",
        "TILE_Z": 17,
        "TILE_X": 21538,
        "TILE_Y": 49672,
        "TILEXYZ": [
          17,
          21538,
          49672
        ],
        "OUTPUT_FILE": "/Users/maples/GitHub/mortalitree_testing/notebooks/single_tiles/postfire/17/21538/49672.geojson",
        "OUTPUT_STATUS_DIR": "postfire",
        "FEATURE_COUNT": 442
      },
      "geometry": {
        "type": "Polygon",
        "coordinates": [
          [
            [
              -120.84167182708929,
              39.89099656023628
            ],
            [
              -120.84161784842934,
              39.890995555213685
            ],
            [
              -120.84161932332285,
              39.89094855138969
            ],
            [
              -120.84167330194597,
              39.89094955641062
            ],
            [
              -120.84167182708929,
              39.89099656023628
            ]
          ]
        ]
      }
    },
    {
      "id": "521",
      "type": "Feature",
      "properties": {
        "id": null,
        "SOURCE_FILE": "/Users/maples/GitHub/mortalitree_testing/labels/luwajobi_mortalitree_postfire_labels.geojson",
        "SUNETID": "luwajobi",
        "FIRENAME": "NORTH COMPLEX",
        "FIRE_SLUG": "NORTH_COMPLEX",
        "PREFIRE": 0,
        "PREFIRE_STATUS": "postfire",
        "TILE_Z": 17,
        "TILE_X": 21538,
        "TILE_Y": 49672,
        "TILEXYZ": [
          17,
          21538,
          49672
        ],
        "OUTPUT_FILE": "/Users/maples/GitHub/mortalitree_testing/notebooks/single_tiles/postfire/17/21538/49672.geojson",
        "OUTPUT_STATUS_DIR": "postfire",
        "FEATURE_COUNT": 442
      },
      "geometry": {
        "type": "Polygon",
        "coordinates": [
          [
            [
              -120.84181524314322,
              39.89099109033117
            ],
            [
              -120.841756570686,
              39.89098999798679
            ],
            [
              -120.84175798876151,
              39.89094480199803
            ],
            [
              -120.84181666118026,
              39.89094589434066
            ],
            [
              -120.84181524314322,
              39.89099109033117
            ]
          ]
        ]
      }
    },
    {
      "id": "522",
      "type": "Feature",
      "properties": {
        "id": null,
        "SOURCE_FILE": "/Users/maples/GitHub/mortalitree_testing/labels/luwajobi_mortalitree_postfire_labels.geojson",
        "SUNETID": "luwajobi",
        "FIRENAME": "NORTH COMPLEX",
        "FIRE_SLUG": "NORTH_COMPLEX",
        "PREFIRE": 0,
        "PREFIRE_STATUS": "postfire",
        "TILE_Z": 17,
        "TILE_X": 21538,
        "TILE_Y": 49672,
        "TILEXYZ": [
          17,
          21538,
          49672
        ],
        "OUTPUT_FILE": "/Users/maples/GitHub/mortalitree_testing/notebooks/single_tiles/postfire/17/21538/49672.geojson",
        "OUTPUT_STATUS_DIR": "postfire",
        "FEATURE_COUNT": 442
      },
      "geometry": {
        "type": "Polygon",
        "coordinates": [
          [
            [
              -120.84176721681226,
              39.89098748285165
            ],
            [
              -120.84170385056392,
              39.89098630309228
            ],
            [
              -120.84170538212254,
              39.89093749142606
            ],
            [
              -120.841768748326,
              39.89093867118339
            ],
            [
              -120.84176721681226,
              39.89098748285165
            ]
          ]
        ]
      }
    },
    {
      "id": "523",
      "type": "Feature",
      "properties": {
        "id": null,
        "SOURCE_FILE": "/Users/maples/GitHub/mortalitree_testing/labels/luwajobi_mortalitree_postfire_labels.geojson",
        "SUNETID": "luwajobi",
        "FIRENAME": "NORTH COMPLEX",
        "FIRE_SLUG": "NORTH_COMPLEX",
        "PREFIRE": 0,
        "PREFIRE_STATUS": "postfire",
        "TILE_Z": 17,
        "TILE_X": 21538,
        "TILE_Y": 49672,
        "TILEXYZ": [
          17,
          21538,
          49672
        ],
        "OUTPUT_FILE": "/Users/maples/GitHub/mortalitree_testing/notebooks/single_tiles/postfire/17/21538/49672.geojson",
        "OUTPUT_STATUS_DIR": "postfire",
        "FEATURE_COUNT": 442
      },
      "geometry": {
        "type": "Polygon",
        "coordinates": [
          [
            [
              -120.84190016383273,
              39.890904035416916
            ],
            [
              -120.84184853213262,
              39.89090307419497
            ],
            [
              -120.841849893423,
              39.890859686042496
            ],
            [
              -120.84190152509059,
              39.89086064726296
            ],
            [
              -120.84190016383273,
              39.890904035416916
            ]
          ]
        ]
      }
    },
    {
      "id": "524",
      "type": "Feature",
      "properties": {
        "id": null,
        "SOURCE_FILE": "/Users/maples/GitHub/mortalitree_testing/labels/luwajobi_mortalitree_postfire_labels.geojson",
        "SUNETID": "luwajobi",
        "FIRENAME": "NORTH COMPLEX",
        "FIRE_SLUG": "NORTH_COMPLEX",
        "PREFIRE": 0,
        "PREFIRE_STATUS": "postfire",
        "TILE_Z": 17,
        "TILE_X": 21538,
        "TILE_Y": 49672,
        "TILEXYZ": [
          17,
          21538,
          49672
        ],
        "OUTPUT_FILE": "/Users/maples/GitHub/mortalitree_testing/notebooks/single_tiles/postfire/17/21538/49672.geojson",
        "OUTPUT_STATUS_DIR": "postfire",
        "FEATURE_COUNT": 442
      },
      "geometry": {
        "type": "Polygon",
        "coordinates": [
          [
            [
              -120.84141715749574,
              39.890819506690804
            ],
            [
              -120.84136962890625,
              39.890818621657296
            ],
            [
              -120.84136962890625,
              39.890772566959534
            ],
            [
              -120.84141863050588,
              39.890772566959534
            ],
            [
              -120.84141715749574,
              39.890819506690804
            ]
          ]
        ]
      }
    },
    {
      "id": "525",
      "type": "Feature",
      "properties": {
        "id": null,
        "SOURCE_FILE": "/Users/maples/GitHub/mortalitree_testing/labels/luwajobi_mortalitree_postfire_labels.geojson",
        "SUNETID": "luwajobi",
        "FIRENAME": "NORTH COMPLEX",
        "FIRE_SLUG": "NORTH_COMPLEX",
        "PREFIRE": 0,
        "PREFIRE_STATUS": "postfire",
        "TILE_Z": 17,
        "TILE_X": 21538,
        "TILE_Y": 49672,
        "TILEXYZ": [
          17,
          21538,
          49672
        ],
        "OUTPUT_FILE": "/Users/maples/GitHub/mortalitree_testing/notebooks/single_tiles/postfire/17/21538/49672.geojson",
        "OUTPUT_STATUS_DIR": "postfire",
        "FEATURE_COUNT": 442
      },
      "geometry": {
        "type": "Polygon",
        "coordinates": [
          [
            [
              -120.84141529520518,
              39.89100724505453
            ],
            [
              -120.84137502733748,
              39.89100649522477
            ],
            [
              -120.84137600075884,
              39.89097547648525
            ],
            [
              -120.84141626860838,
              39.890976226314194
            ],
            [
              -120.84141529520518,
              39.89100724505453
            ]
          ]
        ]
      }
    },
    {
      "id": "526",
      "type": "Feature",
      "properties": {
        "id": null,
        "SOURCE_FILE": "/Users/maples/GitHub/mortalitree_testing/labels/luwajobi_mortalitree_postfire_labels.geojson",
        "SUNETID": "luwajobi",
        "FIRENAME": "NORTH COMPLEX",
        "FIRE_SLUG": "NORTH_COMPLEX",
        "PREFIRE": 0,
        "PREFIRE_STATUS": "postfire",
        "TILE_Z": 17,
        "TILE_X": 21538,
        "TILE_Y": 49672,
        "TILEXYZ": [
          17,
          21538,
          49672
        ],
        "OUTPUT_FILE": "/Users/maples/GitHub/mortalitree_testing/notebooks/single_tiles/postfire/17/21538/49672.geojson",
        "OUTPUT_STATUS_DIR": "postfire",
        "FEATURE_COUNT": 442
      },
      "geometry": {
        "type": "Polygon",
        "coordinates": [
          [
            [
              -120.84175795539379,
              39.89080878185292
            ],
            [
              -120.84172171440912,
              39.89080810711661
            ],
            [
              -120.84172282953298,
              39.890772566959534
            ],
            [
              -120.8417590916694,
              39.890772566959534
            ],
            [
              -120.84175795539379,
              39.89080878185292
            ]
          ]
        ]
      }
    },
    {
      "id": "527",
      "type": "Feature",
      "properties": {
        "id": null,
        "SOURCE_FILE": "/Users/maples/GitHub/mortalitree_testing/labels/luwajobi_mortalitree_postfire_labels.geojson",
        "SUNETID": "luwajobi",
        "FIRENAME": "NORTH COMPLEX",
        "FIRE_SLUG": "NORTH_COMPLEX",
        "PREFIRE": 0,
        "PREFIRE_STATUS": "postfire",
        "TILE_Z": 17,
        "TILE_X": 21538,
        "TILE_Y": 49672,
        "TILEXYZ": [
          17,
          21538,
          49672
        ],
        "OUTPUT_FILE": "/Users/maples/GitHub/mortalitree_testing/notebooks/single_tiles/postfire/17/21538/49672.geojson",
        "OUTPUT_STATUS_DIR": "postfire",
        "FEATURE_COUNT": 442
      },
      "geometry": {
        "type": "Polygon",
        "coordinates": [
          [
            [
              -120.84183245075498,
              39.89081016877534
            ],
            [
              -120.84179218299154,
              39.89080941909347
            ],
            [
              -120.84179315621806,
              39.890778400344374
            ],
            [
              -120.8418334239634,
              39.890779150025416
            ],
            [
              -120.84183245075498,
              39.89081016877534
            ]
          ]
        ]
      }
    },
    {
      "id": "528",
      "type": "Feature",
      "properties": {
        "id": null,
        "SOURCE_FILE": "/Users/maples/GitHub/mortalitree_testing/labels/luwajobi_mortalitree_postfire_labels.geojson",
        "SUNETID": "luwajobi",
        "FIRENAME": "NORTH COMPLEX",
        "FIRE_SLUG": "NORTH_COMPLEX",
        "PREFIRE": 0,
        "PREFIRE_STATUS": "postfire",
        "TILE_Z": 17,
        "TILE_X": 21538,
        "TILE_Y": 49672,
        "TILEXYZ": [
          17,
          21538,
          49672
        ],
        "OUTPUT_FILE": "/Users/maples/GitHub/mortalitree_testing/notebooks/single_tiles/postfire/17/21538/49672.geojson",
        "OUTPUT_STATUS_DIR": "postfire",
        "FEATURE_COUNT": 442
      },
      "geometry": {
        "type": "Polygon",
        "coordinates": [
          [
            [
              -120.84192972595078,
              39.890791805766106
            ],
            [
              -120.84189751174642,
              39.89079120604898
            ],
            [
              -120.84189809652703,
              39.890772566959534
            ],
            [
              -120.84193032953783,
              39.890772566959534
            ],
            [
              -120.84192972595078,
              39.890791805766106
            ]
          ]
        ]
      }
    },
    {
      "id": "529",
      "type": "Feature",
      "properties": {
        "id": null,
        "SOURCE_FILE": "/Users/maples/GitHub/mortalitree_testing/labels/luwajobi_mortalitree_postfire_labels.geojson",
        "SUNETID": "luwajobi",
        "FIRENAME": "NORTH COMPLEX",
        "FIRE_SLUG": "NORTH_COMPLEX",
        "PREFIRE": 0,
        "PREFIRE_STATUS": "postfire",
        "TILE_Z": 17,
        "TILE_X": 21538,
        "TILE_Y": 49672,
        "TILEXYZ": [
          17,
          21538,
          49672
        ],
        "OUTPUT_FILE": "/Users/maples/GitHub/mortalitree_testing/notebooks/single_tiles/postfire/17/21538/49672.geojson",
        "OUTPUT_STATUS_DIR": "postfire",
        "FEATURE_COUNT": 442
      },
      "geometry": {
        "type": "Polygon",
        "coordinates": [
          [
            [
              -120.8420756328611,
              39.89082866249234
            ],
            [
              -120.84202328474643,
              39.89082768801258
            ],
            [
              -120.84202454980603,
              39.89078736363269
            ],
            [
              -120.84207689789005,
              39.890788338111065
            ],
            [
              -120.8420756328611,
              39.89082866249234
            ]
          ]
        ]
      }
    },
    {
      "id": "530",
      "type": "Feature",
      "properties": {
        "id": null,
        "SOURCE_FILE": "/Users/maples/GitHub/mortalitree_testing/labels/luwajobi_mortalitree_postfire_labels.geojson",
        "SUNETID": "luwajobi",
        "FIRENAME": "NORTH COMPLEX",
        "FIRE_SLUG": "NORTH_COMPLEX",
        "PREFIRE": 0,
        "PREFIRE_STATUS": "postfire",
        "TILE_Z": 17,
        "TILE_X": 21538,
        "TILE_Y": 49672,
        "TILEXYZ": [
          17,
          21538,
          49672
        ],
        "OUTPUT_FILE": "/Users/maples/GitHub/mortalitree_testing/notebooks/single_tiles/postfire/17/21538/49672.geojson",
        "OUTPUT_STATUS_DIR": "postfire",
        "FEATURE_COUNT": 442
      },
      "geometry": {
        "type": "Polygon",
        "coordinates": [
          [
            [
              -120.84206568174955,
              39.89088899914491
            ],
            [
              -120.84201736037079,
              39.8908880996207
            ],
            [
              -120.8420185281239,
              39.89085087711673
            ],
            [
              -120.84206684947655,
              39.89085177663976
            ],
            [
              -120.84206568174955,
              39.89088899914491
            ]
          ]
        ]
      }
    },
    {
      "id": "531",
      "type": "Feature",
      "properties": {
        "id": null,
        "SOURCE_FILE": "/Users/maples/GitHub/mortalitree_testing/labels/luwajobi_mortalitree_postfire_labels.geojson",
        "SUNETID": "luwajobi",
        "FIRENAME": "NORTH COMPLEX",
        "FIRE_SLUG": "NORTH_COMPLEX",
        "PREFIRE": 0,
        "PREFIRE_STATUS": "postfire",
        "TILE_Z": 17,
        "TILE_X": 21538,
        "TILE_Y": 49672,
        "TILEXYZ": [
          17,
          21538,
          49672
        ],
        "OUTPUT_FILE": "/Users/maples/GitHub/mortalitree_testing/notebooks/single_tiles/postfire/17/21538/49672.geojson",
        "OUTPUT_STATUS_DIR": "postfire",
        "FEATURE_COUNT": 442
      },
      "geometry": {
        "type": "Polygon",
        "coordinates": [
          [
            [
              -120.84186576648653,
              39.891225131198425
            ],
            [
              -120.84181744487812,
              39.89122423158466
            ],
            [
              -120.84181900204452,
              39.891174601588745
            ],
            [
              -120.84186732361809,
              39.89117550120093
            ],
            [
              -120.84186576648653,
              39.891225131198425
            ]
          ]
        ]
      }
    },
    {
      "id": "532",
      "type": "Feature",
      "properties": {
        "id": null,
        "SOURCE_FILE": "/Users/maples/GitHub/mortalitree_testing/labels/luwajobi_mortalitree_postfire_labels.geojson",
        "SUNETID": "luwajobi",
        "FIRENAME": "NORTH COMPLEX",
        "FIRE_SLUG": "NORTH_COMPLEX",
        "PREFIRE": 0,
        "PREFIRE_STATUS": "postfire",
        "TILE_Z": 17,
        "TILE_X": 21538,
        "TILE_Y": 49672,
        "TILEXYZ": [
          17,
          21538,
          49672
        ],
        "OUTPUT_FILE": "/Users/maples/GitHub/mortalitree_testing/notebooks/single_tiles/postfire/17/21538/49672.geojson",
        "OUTPUT_STATUS_DIR": "postfire",
        "FEATURE_COUNT": 442
      },
      "geometry": {
        "type": "Polygon",
        "coordinates": [
          [
            [
              -120.84182072347524,
              39.89118394469727
            ],
            [
              -120.8417724018972,
              39.8911830450655
            ],
            [
              -120.84177366711971,
              39.89114272069476
            ],
            [
              -120.84182198866948,
              39.891143620325245
            ],
            [
              -120.84182072347524,
              39.89118394469727
            ]
          ]
        ]
      }
    },
    {
      "id": "533",
      "type": "Feature",
      "properties": {
        "id": null,
        "SOURCE_FILE": "/Users/maples/GitHub/mortalitree_testing/labels/luwajobi_mortalitree_postfire_labels.geojson",
        "SUNETID": "luwajobi",
        "FIRENAME": "NORTH COMPLEX",
        "FIRE_SLUG": "NORTH_COMPLEX",
        "PREFIRE": 0,
        "PREFIRE_STATUS": "postfire",
        "TILE_Z": 17,
        "TILE_X": 21538,
        "TILE_Y": 49672,
        "TILEXYZ": [
          17,
          21538,
          49672
        ],
        "OUTPUT_FILE": "/Users/maples/GitHub/mortalitree_testing/notebooks/single_tiles/postfire/17/21538/49672.geojson",
        "OUTPUT_STATUS_DIR": "postfire",
        "FEATURE_COUNT": 442
      },
      "geometry": {
        "type": "Polygon",
        "coordinates": [
          [
            [
              -120.84185985394788,
              39.89115674001788
            ],
            [
              -120.84180347879453,
              39.891155690465155
            ],
            [
              -120.84180484132082,
              39.89111226421862
            ],
            [
              -120.84186121643862,
              39.89111331376976
            ],
            [
              -120.84185985394788,
              39.89115674001788
            ]
          ]
        ]
      }
    },
    {
      "id": "534",
      "type": "Feature",
      "properties": {
        "id": null,
        "SOURCE_FILE": "/Users/maples/GitHub/mortalitree_testing/labels/luwajobi_mortalitree_postfire_labels.geojson",
        "SUNETID": "luwajobi",
        "FIRENAME": "NORTH COMPLEX",
        "FIRE_SLUG": "NORTH_COMPLEX",
        "PREFIRE": 0,
        "PREFIRE_STATUS": "postfire",
        "TILE_Z": 17,
        "TILE_X": 21538,
        "TILE_Y": 49672,
        "TILEXYZ": [
          17,
          21538,
          49672
        ],
        "OUTPUT_FILE": "/Users/maples/GitHub/mortalitree_testing/notebooks/single_tiles/postfire/17/21538/49672.geojson",
        "OUTPUT_STATUS_DIR": "postfire",
        "FEATURE_COUNT": 442
      },
      "geometry": {
        "type": "Polygon",
        "coordinates": [
          [
            [
              -120.84192678268587,
              39.891142467580615
            ],
            [
              -120.84187443433768,
              39.891141493027334
            ],
            [
              -120.84187560217856,
              39.891104270528515
            ],
            [
              -120.84192795049852,
              39.89110524508051
            ],
            [
              -120.84192678268587,
              39.891142467580615
            ]
          ]
        ]
      }
    },
    {
      "id": "535",
      "type": "Feature",
      "properties": {
        "id": null,
        "SOURCE_FILE": "/Users/maples/GitHub/mortalitree_testing/labels/luwajobi_mortalitree_postfire_labels.geojson",
        "SUNETID": "luwajobi",
        "FIRENAME": "NORTH COMPLEX",
        "FIRE_SLUG": "NORTH_COMPLEX",
        "PREFIRE": 0,
        "PREFIRE_STATUS": "postfire",
        "TILE_Z": 17,
        "TILE_X": 21538,
        "TILE_Y": 49672,
        "TILEXYZ": [
          17,
          21538,
          49672
        ],
        "OUTPUT_FILE": "/Users/maples/GitHub/mortalitree_testing/notebooks/single_tiles/postfire/17/21538/49672.geojson",
        "OUTPUT_STATUS_DIR": "postfire",
        "FEATURE_COUNT": 442
      },
      "geometry": {
        "type": "Polygon",
        "coordinates": [
          [
            [
              -120.84213026212868,
              39.89087098973882
            ],
            [
              -120.84208688315924,
              39.89087018224499
            ],
            [
              -120.84208808119207,
              39.89083199330887
            ],
            [
              -120.84213146013745,
              39.890832800801604
            ],
            [
              -120.84213026212868,
              39.89087098973882
            ]
          ]
        ]
      }
    },
    {
      "id": "536",
      "type": "Feature",
      "properties": {
        "id": null,
        "SOURCE_FILE": "/Users/maples/GitHub/mortalitree_testing/labels/luwajobi_mortalitree_postfire_labels.geojson",
        "SUNETID": "luwajobi",
        "FIRENAME": "NORTH COMPLEX",
        "FIRE_SLUG": "NORTH_COMPLEX",
        "PREFIRE": 0,
        "PREFIRE_STATUS": "postfire",
        "TILE_Z": 17,
        "TILE_X": 21538,
        "TILE_Y": 49672,
        "TILEXYZ": [
          17,
          21538,
          49672
        ],
        "OUTPUT_FILE": "/Users/maples/GitHub/mortalitree_testing/notebooks/single_tiles/postfire/17/21538/49672.geojson",
        "OUTPUT_STATUS_DIR": "postfire",
        "FEATURE_COUNT": 442
      },
      "geometry": {
        "type": "Polygon",
        "coordinates": [
          [
            [
              -120.8421917915965,
              39.890787353889245
            ],
            [
              -120.84213601870165,
              39.89078631571131
            ],
            [
              -120.84213645000531,
              39.890772566959534
            ],
            [
              -120.84219225545623,
              39.890772566959534
            ],
            [
              -120.8421917915965,
              39.890787353889245
            ]
          ]
        ]
      }
    },
    {
      "id": "537",
      "type": "Feature",
      "properties": {
        "id": null,
        "SOURCE_FILE": "/Users/maples/GitHub/mortalitree_testing/labels/luwajobi_mortalitree_postfire_labels.geojson",
        "SUNETID": "luwajobi",
        "FIRENAME": "NORTH COMPLEX",
        "FIRE_SLUG": "NORTH_COMPLEX",
        "PREFIRE": 0,
        "PREFIRE_STATUS": "postfire",
        "TILE_Z": 17,
        "TILE_X": 21538,
        "TILE_Y": 49672,
        "TILEXYZ": [
          17,
          21538,
          49672
        ],
        "OUTPUT_FILE": "/Users/maples/GitHub/mortalitree_testing/notebooks/single_tiles/postfire/17/21538/49672.geojson",
        "OUTPUT_STATUS_DIR": "postfire",
        "FEATURE_COUNT": 442
      },
      "geometry": {
        "type": "Polygon",
        "coordinates": [
          [
            [
              -120.84217938007852,
              39.89098534365487
            ],
            [
              -120.84211431151482,
              39.890984132432735
            ],
            [
              -120.8421157341662,
              39.89093878307113
            ],
            [
              -120.8421808026871,
              39.890939994291315
            ],
            [
              -120.84217938007852,
              39.89098534365487
            ]
          ]
        ]
      }
    },
    {
      "id": "538",
      "type": "Feature",
      "properties": {
        "id": null,
        "SOURCE_FILE": "/Users/maples/GitHub/mortalitree_testing/labels/luwajobi_mortalitree_postfire_labels.geojson",
        "SUNETID": "luwajobi",
        "FIRENAME": "NORTH COMPLEX",
        "FIRE_SLUG": "NORTH_COMPLEX",
        "PREFIRE": 0,
        "PREFIRE_STATUS": "postfire",
        "TILE_Z": 17,
        "TILE_X": 21538,
        "TILE_Y": 49672,
        "TILEXYZ": [
          17,
          21538,
          49672
        ],
        "OUTPUT_FILE": "/Users/maples/GitHub/mortalitree_testing/notebooks/single_tiles/postfire/17/21538/49672.geojson",
        "OUTPUT_STATUS_DIR": "postfire",
        "FEATURE_COUNT": 442
      },
      "geometry": {
        "type": "Polygon",
        "coordinates": [
          [
            [
              -120.84230285686704,
              39.89099277232886
            ],
            [
              -120.84225950272928,
              39.89099196536128
            ],
            [
              -120.84226071149553,
              39.89095343136373
            ],
            [
              -120.84230406560903,
              39.890954238330224
            ],
            [
              -120.84230285686704,
              39.89099277232886
            ]
          ]
        ]
      }
    },
    {
      "id": "539",
      "type": "Feature",
      "properties": {
        "id": null,
        "SOURCE_FILE": "/Users/maples/GitHub/mortalitree_testing/labels/luwajobi_mortalitree_postfire_labels.geojson",
        "SUNETID": "luwajobi",
        "FIRENAME": "NORTH COMPLEX",
        "FIRE_SLUG": "NORTH_COMPLEX",
        "PREFIRE": 0,
        "PREFIRE_STATUS": "postfire",
        "TILE_Z": 17,
        "TILE_X": 21538,
        "TILE_Y": 49672,
        "TILEXYZ": [
          17,
          21538,
          49672
        ],
        "OUTPUT_FILE": "/Users/maples/GitHub/mortalitree_testing/notebooks/single_tiles/postfire/17/21538/49672.geojson",
        "OUTPUT_STATUS_DIR": "postfire",
        "FEATURE_COUNT": 442
      },
      "geometry": {
        "type": "Polygon",
        "coordinates": [
          [
            [
              -120.84214651793496,
              39.891067290377954
            ],
            [
              -120.84209693485184,
              39.89106636739988
            ],
            [
              -120.8420981717077,
              39.89102694101642
            ],
            [
              -120.84214775476245,
              39.891027863993216
            ],
            [
              -120.84214651793496,
              39.891067290377954
            ]
          ]
        ]
      }
    },
    {
      "id": "540",
      "type": "Feature",
      "properties": {
        "id": null,
        "SOURCE_FILE": "/Users/maples/GitHub/mortalitree_testing/labels/luwajobi_mortalitree_postfire_labels.geojson",
        "SUNETID": "luwajobi",
        "FIRENAME": "NORTH COMPLEX",
        "FIRE_SLUG": "NORTH_COMPLEX",
        "PREFIRE": 0,
        "PREFIRE_STATUS": "postfire",
        "TILE_Z": 17,
        "TILE_X": 21538,
        "TILE_Y": 49672,
        "TILEXYZ": [
          17,
          21538,
          49672
        ],
        "OUTPUT_FILE": "/Users/maples/GitHub/mortalitree_testing/notebooks/single_tiles/postfire/17/21538/49672.geojson",
        "OUTPUT_STATUS_DIR": "postfire",
        "FEATURE_COUNT": 442
      },
      "geometry": {
        "type": "Polygon",
        "coordinates": [
          [
            [
              -120.8421205566796,
              39.89100208543312
            ],
            [
              -120.84205497911731,
              39.89100086470263
            ],
            [
              -120.84205664117023,
              39.89094788550065
            ],
            [
              -120.84212221868215,
              39.89094910622886
            ],
            [
              -120.8421205566796,
              39.89100208543312
            ]
          ]
        ]
      }
    },
    {
      "id": "541",
      "type": "Feature",
      "properties": {
        "id": null,
        "SOURCE_FILE": "/Users/maples/GitHub/mortalitree_testing/labels/luwajobi_mortalitree_postfire_labels.geojson",
        "SUNETID": "luwajobi",
        "FIRENAME": "NORTH COMPLEX",
        "FIRE_SLUG": "NORTH_COMPLEX",
        "PREFIRE": 0,
        "PREFIRE_STATUS": "postfire",
        "TILE_Z": 17,
        "TILE_X": 21538,
        "TILE_Y": 49672,
        "TILEXYZ": [
          17,
          21538,
          49672
        ],
        "OUTPUT_FILE": "/Users/maples/GitHub/mortalitree_testing/notebooks/single_tiles/postfire/17/21538/49672.geojson",
        "OUTPUT_STATUS_DIR": "postfire",
        "FEATURE_COUNT": 442
      },
      "geometry": {
        "type": "Polygon",
        "coordinates": [
          [
            [
              -120.84212544709382,
              39.8910502554327
            ],
            [
              -120.84205827003157,
              39.89104900492942
            ],
            [
              -120.84205977747538,
              39.891000954025614
            ],
            [
              -120.8421269544908,
              39.891002204526785
            ],
            [
              -120.84212544709382,
              39.8910502554327
            ]
          ]
        ]
      }
    },
    {
      "id": "542",
      "type": "Feature",
      "properties": {
        "id": null,
        "SOURCE_FILE": "/Users/maples/GitHub/mortalitree_testing/labels/luwajobi_mortalitree_postfire_labels.geojson",
        "SUNETID": "luwajobi",
        "FIRENAME": "NORTH COMPLEX",
        "FIRE_SLUG": "NORTH_COMPLEX",
        "PREFIRE": 0,
        "PREFIRE_STATUS": "postfire",
        "TILE_Z": 17,
        "TILE_X": 21538,
        "TILE_Y": 49672,
        "TILEXYZ": [
          17,
          21538,
          49672
        ],
        "OUTPUT_FILE": "/Users/maples/GitHub/mortalitree_testing/notebooks/single_tiles/postfire/17/21538/49672.geojson",
        "OUTPUT_STATUS_DIR": "postfire",
        "FEATURE_COUNT": 442
      },
      "geometry": {
        "type": "Polygon",
        "coordinates": [
          [
            [
              -120.8419976679838,
              39.89080333042167
            ],
            [
              -120.84193993916357,
              39.89080225573803
            ],
            [
              -120.84194087059716,
              39.890772566959534
            ],
            [
              -120.84199863310792,
              39.890772566959534
            ],
            [
              -120.8419976679838,
              39.89080333042167
            ]
          ]
        ]
      }
    },
    {
      "id": "543",
      "type": "Feature",
      "properties": {
        "id": null,
        "SOURCE_FILE": "/Users/maples/GitHub/mortalitree_testing/labels/luwajobi_mortalitree_postfire_labels.geojson",
        "SUNETID": "luwajobi",
        "FIRENAME": "NORTH COMPLEX",
        "FIRE_SLUG": "NORTH_COMPLEX",
        "PREFIRE": 0,
        "PREFIRE_STATUS": "postfire",
        "TILE_Z": 17,
        "TILE_X": 21538,
        "TILE_Y": 49672,
        "TILEXYZ": [
          17,
          21538,
          49672
        ],
        "OUTPUT_FILE": "/Users/maples/GitHub/mortalitree_testing/notebooks/single_tiles/postfire/17/21538/49672.geojson",
        "OUTPUT_STATUS_DIR": "postfire",
        "FEATURE_COUNT": 442
      },
      "geometry": {
        "type": "Polygon",
        "coordinates": [
          [
            [
              -120.84199830391915,
              39.89139608863773
            ],
            [
              -120.84192819782852,
              39.89139478352984
            ],
            [
              -120.84192952906314,
              39.8913523525142
            ],
            [
              -120.84199963511061,
              39.89135365762013
            ],
            [
              -120.84199830391915,
              39.89139608863773
            ]
          ]
        ]
      }
    },
    {
      "id": "544",
      "type": "Feature",
      "properties": {
        "id": null,
        "SOURCE_FILE": "/Users/maples/GitHub/mortalitree_testing/labels/luwajobi_mortalitree_postfire_labels.geojson",
        "SUNETID": "luwajobi",
        "FIRENAME": "NORTH COMPLEX",
        "FIRE_SLUG": "NORTH_COMPLEX",
        "PREFIRE": 0,
        "PREFIRE_STATUS": "postfire",
        "TILE_Z": 17,
        "TILE_X": 21538,
        "TILE_Y": 49672,
        "TILEXYZ": [
          17,
          21538,
          49672
        ],
        "OUTPUT_FILE": "/Users/maples/GitHub/mortalitree_testing/notebooks/single_tiles/postfire/17/21538/49672.geojson",
        "OUTPUT_STATUS_DIR": "postfire",
        "FEATURE_COUNT": 442
      },
      "geometry": {
        "type": "Polygon",
        "coordinates": [
          [
            [
              -120.84206798646656,
              39.891410894482135
            ],
            [
              -120.842017910674,
              39.89140996229633
            ],
            [
              -120.84201972591882,
              39.89135210181711
            ],
            [
              -120.84206980166934,
              39.89135303400102
            ],
            [
              -120.84206798646656,
              39.891410894482135
            ]
          ]
        ]
      }
    },
    {
      "id": "545",
      "type": "Feature",
      "properties": {
        "id": null,
        "SOURCE_FILE": "/Users/maples/GitHub/mortalitree_testing/labels/luwajobi_mortalitree_postfire_labels.geojson",
        "SUNETID": "luwajobi",
        "FIRENAME": "NORTH COMPLEX",
        "FIRE_SLUG": "NORTH_COMPLEX",
        "PREFIRE": 0,
        "PREFIRE_STATUS": "postfire",
        "TILE_Z": 17,
        "TILE_X": 21538,
        "TILE_Y": 49672,
        "TILEXYZ": [
          17,
          21538,
          49672
        ],
        "OUTPUT_FILE": "/Users/maples/GitHub/mortalitree_testing/notebooks/single_tiles/postfire/17/21538/49672.geojson",
        "OUTPUT_STATUS_DIR": "postfire",
        "FEATURE_COUNT": 442
      },
      "geometry": {
        "type": "Polygon",
        "coordinates": [
          [
            [
              -120.84188803898418,
              39.89147701769315
            ],
            [
              -120.84182794798275,
              39.891475898972836
            ],
            [
              -120.84182952133733,
              39.891425753231076
            ],
            [
              -120.84188961229502,
              39.89142687194941
            ],
            [
              -120.84188803898418,
              39.89147701769315
            ]
          ]
        ]
      }
    },
    {
      "id": "546",
      "type": "Feature",
      "properties": {
        "id": null,
        "SOURCE_FILE": "/Users/maples/GitHub/mortalitree_testing/labels/luwajobi_mortalitree_postfire_labels.geojson",
        "SUNETID": "luwajobi",
        "FIRENAME": "NORTH COMPLEX",
        "FIRE_SLUG": "NORTH_COMPLEX",
        "PREFIRE": 0,
        "PREFIRE_STATUS": "postfire",
        "TILE_Z": 17,
        "TILE_X": 21538,
        "TILE_Y": 49672,
        "TILEXYZ": [
          17,
          21538,
          49672
        ],
        "OUTPUT_FILE": "/Users/maples/GitHub/mortalitree_testing/notebooks/single_tiles/postfire/17/21538/49672.geojson",
        "OUTPUT_STATUS_DIR": "postfire",
        "FEATURE_COUNT": 442
      },
      "geometry": {
        "type": "Polygon",
        "coordinates": [
          [
            [
              -120.84191756271471,
              39.891574057776936
            ],
            [
              -120.8418474564465,
              39.89157275261543
            ],
            [
              -120.84184927184508,
              39.89151489214435
            ],
            [
              -120.84191937805444,
              39.89151619730319
            ],
            [
              -120.84191756271471,
              39.891574057776936
            ]
          ]
        ]
      }
    },
    {
      "id": "547",
      "type": "Feature",
      "properties": {
        "id": null,
        "SOURCE_FILE": "/Users/maples/GitHub/mortalitree_testing/labels/luwajobi_mortalitree_postfire_labels.geojson",
        "SUNETID": "luwajobi",
        "FIRENAME": "NORTH COMPLEX",
        "FIRE_SLUG": "NORTH_COMPLEX",
        "PREFIRE": 0,
        "PREFIRE_STATUS": "postfire",
        "TILE_Z": 17,
        "TILE_X": 21538,
        "TILE_Y": 49672,
        "TILEXYZ": [
          17,
          21538,
          49672
        ],
        "OUTPUT_FILE": "/Users/maples/GitHub/mortalitree_testing/notebooks/single_tiles/postfire/17/21538/49672.geojson",
        "OUTPUT_STATUS_DIR": "postfire",
        "FEATURE_COUNT": 442
      },
      "geometry": {
        "type": "Polygon",
        "coordinates": [
          [
            [
              -120.84193048938636,
              39.891610874894305
            ],
            [
              -120.84188169568928,
              39.891609966516576
            ],
            [
              -120.84188287494858,
              39.891572380579426
            ],
            [
              -120.84193166861904,
              39.891573288955954
            ],
            [
              -120.84193048938636,
              39.891610874894305
            ]
          ]
        ]
      }
    },
    {
      "id": "548",
      "type": "Feature",
      "properties": {
        "id": null,
        "SOURCE_FILE": "/Users/maples/GitHub/mortalitree_testing/labels/luwajobi_mortalitree_postfire_labels.geojson",
        "SUNETID": "luwajobi",
        "FIRENAME": "NORTH COMPLEX",
        "FIRE_SLUG": "NORTH_COMPLEX",
        "PREFIRE": 0,
        "PREFIRE_STATUS": "postfire",
        "TILE_Z": 17,
        "TILE_X": 21538,
        "TILE_Y": 49672,
        "TILEXYZ": [
          17,
          21538,
          49672
        ],
        "OUTPUT_FILE": "/Users/maples/GitHub/mortalitree_testing/notebooks/single_tiles/postfire/17/21538/49672.geojson",
        "OUTPUT_STATUS_DIR": "postfire",
        "FEATURE_COUNT": 442
      },
      "geometry": {
        "type": "Polygon",
        "coordinates": [
          [
            [
              -120.84367402142789,
              39.89189744122092
            ],
            [
              -120.84357103377745,
              39.89189552545348
            ],
            [
              -120.84357360969751,
              39.8918133608163
            ],
            [
              -120.84367659722517,
              39.8918152765782
            ],
            [
              -120.84367402142789,
              39.89189744122092
            ]
          ]
        ]
      }
    },
    {
      "id": "549",
      "type": "Feature",
      "properties": {
        "id": null,
        "SOURCE_FILE": "/Users/maples/GitHub/mortalitree_testing/labels/luwajobi_mortalitree_postfire_labels.geojson",
        "SUNETID": "luwajobi",
        "FIRENAME": "NORTH COMPLEX",
        "FIRE_SLUG": "NORTH_COMPLEX",
        "PREFIRE": 0,
        "PREFIRE_STATUS": "postfire",
        "TILE_Z": 17,
        "TILE_X": 21538,
        "TILE_Y": 49672,
        "TILEXYZ": [
          17,
          21538,
          49672
        ],
        "OUTPUT_FILE": "/Users/maples/GitHub/mortalitree_testing/notebooks/single_tiles/postfire/17/21538/49672.geojson",
        "OUTPUT_STATUS_DIR": "postfire",
        "FEATURE_COUNT": 442
      },
      "geometry": {
        "type": "Polygon",
        "coordinates": [
          [
            [
              -120.84176181492224,
              39.89204811105493
            ],
            [
              -120.84168260240563,
              39.89204663624934
            ],
            [
              -120.84168384127979,
              39.89200715449536
            ],
            [
              -120.84176305375101,
              39.89200862929889
            ],
            [
              -120.84176181492224,
              39.89204811105493
            ]
          ]
        ]
      }
    },
    {
      "id": "550",
      "type": "Feature",
      "properties": {
        "id": null,
        "SOURCE_FILE": "/Users/maples/GitHub/mortalitree_testing/labels/luwajobi_mortalitree_postfire_labels.geojson",
        "SUNETID": "luwajobi",
        "FIRENAME": "NORTH COMPLEX",
        "FIRE_SLUG": "NORTH_COMPLEX",
        "PREFIRE": 0,
        "PREFIRE_STATUS": "postfire",
        "TILE_Z": 17,
        "TILE_X": 21538,
        "TILE_Y": 49672,
        "TILEXYZ": [
          17,
          21538,
          49672
        ],
        "OUTPUT_FILE": "/Users/maples/GitHub/mortalitree_testing/notebooks/single_tiles/postfire/17/21538/49672.geojson",
        "OUTPUT_STATUS_DIR": "postfire",
        "FEATURE_COUNT": 442
      },
      "geometry": {
        "type": "Polygon",
        "coordinates": [
          [
            [
              -120.84299511269185,
              39.89122017813653
            ],
            [
              -120.84293780867633,
              39.891219111851974
            ],
            [
              -120.84293926213779,
              39.89117276305064
            ],
            [
              -120.84299656611473,
              39.891173829333454
            ],
            [
              -120.84299511269185,
              39.89122017813653
            ]
          ]
        ]
      }
    },
    {
      "id": "551",
      "type": "Feature",
      "properties": {
        "id": null,
        "SOURCE_FILE": "/Users/maples/GitHub/mortalitree_testing/labels/luwajobi_mortalitree_postfire_labels.geojson",
        "SUNETID": "luwajobi",
        "FIRENAME": "NORTH COMPLEX",
        "FIRE_SLUG": "NORTH_COMPLEX",
        "PREFIRE": 0,
        "PREFIRE_STATUS": "postfire",
        "TILE_Z": 17,
        "TILE_X": 21538,
        "TILE_Y": 49672,
        "TILEXYZ": [
          17,
          21538,
          49672
        ],
        "OUTPUT_FILE": "/Users/maples/GitHub/mortalitree_testing/notebooks/single_tiles/postfire/17/21538/49672.geojson",
        "OUTPUT_STATUS_DIR": "postfire",
        "FEATURE_COUNT": 442
      },
      "geometry": {
        "type": "Polygon",
        "coordinates": [
          [
            [
              -120.84291802912426,
              39.891209910302734
            ],
            [
              -120.84283493831937,
              39.891208364126015
            ],
            [
              -120.84283749929882,
              39.891126701957326
            ],
            [
              -120.84292059000526,
              39.8911282481296
            ],
            [
              -120.84291802912426,
              39.891209910302734
            ]
          ]
        ]
      }
    },
    {
      "id": "552",
      "type": "Feature",
      "properties": {
        "id": null,
        "SOURCE_FILE": "/Users/maples/GitHub/mortalitree_testing/labels/luwajobi_mortalitree_postfire_labels.geojson",
        "SUNETID": "luwajobi",
        "FIRENAME": "NORTH COMPLEX",
        "FIRE_SLUG": "NORTH_COMPLEX",
        "PREFIRE": 0,
        "PREFIRE_STATUS": "postfire",
        "TILE_Z": 17,
        "TILE_X": 21538,
        "TILE_Y": 49672,
        "TILEXYZ": [
          17,
          21538,
          49672
        ],
        "OUTPUT_FILE": "/Users/maples/GitHub/mortalitree_testing/notebooks/single_tiles/postfire/17/21538/49672.geojson",
        "OUTPUT_STATUS_DIR": "postfire",
        "FEATURE_COUNT": 442
      },
      "geometry": {
        "type": "Polygon",
        "coordinates": [
          [
            [
              -120.84286901096621,
              39.89110931651631
            ],
            [
              -120.84281229967475,
              39.89110826119999
            ],
            [
              -120.84281409780925,
              39.89105092436579
            ],
            [
              -120.84287080905354,
              39.89105197967998
            ],
            [
              -120.84286901096621,
              39.89110931651631
            ]
          ]
        ]
      }
    },
    {
      "id": "553",
      "type": "Feature",
      "properties": {
        "id": null,
        "SOURCE_FILE": "/Users/maples/GitHub/mortalitree_testing/labels/luwajobi_mortalitree_postfire_labels.geojson",
        "SUNETID": "luwajobi",
        "FIRENAME": "NORTH COMPLEX",
        "FIRE_SLUG": "NORTH_COMPLEX",
        "PREFIRE": 0,
        "PREFIRE_STATUS": "postfire",
        "TILE_Z": 17,
        "TILE_X": 21538,
        "TILE_Y": 49672,
        "TILEXYZ": [
          17,
          21538,
          49672
        ],
        "OUTPUT_FILE": "/Users/maples/GitHub/mortalitree_testing/notebooks/single_tiles/postfire/17/21538/49672.geojson",
        "OUTPUT_STATUS_DIR": "postfire",
        "FEATURE_COUNT": 442
      },
      "geometry": {
        "type": "Polygon",
        "coordinates": [
          [
            [
              -120.84270440785829,
              39.89109942361342
            ],
            [
              -120.84265124103588,
              39.89109843417993
            ],
            [
              -120.84265278240883,
              39.89104928832722
            ],
            [
              -120.84270594919333,
              39.891050277759
            ],
            [
              -120.84270440785829,
              39.89109942361342
            ]
          ]
        ]
      }
    },
    {
      "id": "555",
      "type": "Feature",
      "properties": {
        "id": null,
        "SOURCE_FILE": "/Users/maples/GitHub/mortalitree_testing/labels/luwajobi_mortalitree_postfire_labels.geojson",
        "SUNETID": "luwajobi",
        "FIRENAME": "NORTH COMPLEX",
        "FIRE_SLUG": "NORTH_COMPLEX",
        "PREFIRE": 0,
        "PREFIRE_STATUS": "postfire",
        "TILE_Z": 17,
        "TILE_X": 21538,
        "TILE_Y": 49672,
        "TILEXYZ": [
          17,
          21538,
          49672
        ],
        "OUTPUT_FILE": "/Users/maples/GitHub/mortalitree_testing/notebooks/single_tiles/postfire/17/21538/49672.geojson",
        "OUTPUT_STATUS_DIR": "postfire",
        "FEATURE_COUNT": 442
      },
      "geometry": {
        "type": "Polygon",
        "coordinates": [
          [
            [
              -120.84276447899042,
              39.89116889671318
            ],
            [
              -120.84270401279058,
              39.8911677714674
            ],
            [
              -120.84270547358291,
              39.891121193862276
            ],
            [
              -120.84276593974188,
              39.89112231910622
            ],
            [
              -120.84276447899042,
              39.89116889671318
            ]
          ]
        ]
      }
    },
    {
      "id": "556",
      "type": "Feature",
      "properties": {
        "id": null,
        "SOURCE_FILE": "/Users/maples/GitHub/mortalitree_testing/labels/luwajobi_mortalitree_postfire_labels.geojson",
        "SUNETID": "luwajobi",
        "FIRENAME": "NORTH COMPLEX",
        "FIRE_SLUG": "NORTH_COMPLEX",
        "PREFIRE": 0,
        "PREFIRE_STATUS": "postfire",
        "TILE_Z": 17,
        "TILE_X": 21538,
        "TILE_Y": 49672,
        "TILEXYZ": [
          17,
          21538,
          49672
        ],
        "OUTPUT_FILE": "/Users/maples/GitHub/mortalitree_testing/notebooks/single_tiles/postfire/17/21538/49672.geojson",
        "OUTPUT_STATUS_DIR": "postfire",
        "FEATURE_COUNT": 442
      },
      "geometry": {
        "type": "Polygon",
        "coordinates": [
          [
            [
              -120.84322601975727,
              39.891055853749876
            ],
            [
              -120.84316144900762,
              39.89105465237749
            ],
            [
              -120.84316315040945,
              39.89100039115292
            ],
            [
              -120.84322772110828,
              39.89100159252302
            ],
            [
              -120.84322601975727,
              39.891055853749876
            ]
          ]
        ]
      }
    },
    {
      "id": "557",
      "type": "Feature",
      "properties": {
        "id": null,
        "SOURCE_FILE": "/Users/maples/GitHub/mortalitree_testing/labels/luwajobi_mortalitree_postfire_labels.geojson",
        "SUNETID": "luwajobi",
        "FIRENAME": "NORTH COMPLEX",
        "FIRE_SLUG": "NORTH_COMPLEX",
        "PREFIRE": 0,
        "PREFIRE_STATUS": "postfire",
        "TILE_Z": 17,
        "TILE_X": 21538,
        "TILE_Y": 49672,
        "TILEXYZ": [
          17,
          21538,
          49672
        ],
        "OUTPUT_FILE": "/Users/maples/GitHub/mortalitree_testing/notebooks/single_tiles/postfire/17/21538/49672.geojson",
        "OUTPUT_STATUS_DIR": "postfire",
        "FEATURE_COUNT": 442
      },
      "geometry": {
        "type": "Polygon",
        "coordinates": [
          [
            [
              -120.8435217452508,
              39.89100326139206
            ],
            [
              -120.84347041950586,
              39.89100230658418
            ],
            [
              -120.84347171292285,
              39.89096105086096
            ],
            [
              -120.84352303863707,
              39.890962005667454
            ],
            [
              -120.8435217452508,
              39.89100326139206
            ]
          ]
        ]
      }
    },
    {
      "id": "558",
      "type": "Feature",
      "properties": {
        "id": null,
        "SOURCE_FILE": "/Users/maples/GitHub/mortalitree_testing/labels/luwajobi_mortalitree_postfire_labels.geojson",
        "SUNETID": "luwajobi",
        "FIRENAME": "NORTH COMPLEX",
        "FIRE_SLUG": "NORTH_COMPLEX",
        "PREFIRE": 0,
        "PREFIRE_STATUS": "postfire",
        "TILE_Z": 17,
        "TILE_X": 21538,
        "TILE_Y": 49672,
        "TILEXYZ": [
          17,
          21538,
          49672
        ],
        "OUTPUT_FILE": "/Users/maples/GitHub/mortalitree_testing/notebooks/single_tiles/postfire/17/21538/49672.geojson",
        "OUTPUT_STATUS_DIR": "postfire",
        "FEATURE_COUNT": 442
      },
      "geometry": {
        "type": "Polygon",
        "coordinates": [
          [
            [
              -120.84350191972261,
              39.89095903281084
            ],
            [
              -120.84346621487973,
              39.89095836859357
            ],
            [
              -120.84346723883547,
              39.89092570781255
            ],
            [
              -120.84350294366143,
              39.890926372029064
            ],
            [
              -120.84350191972261,
              39.89095903281084
            ]
          ]
        ]
      }
    },
    {
      "id": "559",
      "type": "Feature",
      "properties": {
        "id": null,
        "SOURCE_FILE": "/Users/maples/GitHub/mortalitree_testing/labels/luwajobi_mortalitree_postfire_labels.geojson",
        "SUNETID": "luwajobi",
        "FIRENAME": "NORTH COMPLEX",
        "FIRE_SLUG": "NORTH_COMPLEX",
        "PREFIRE": 0,
        "PREFIRE_STATUS": "postfire",
        "TILE_Z": 17,
        "TILE_X": 21538,
        "TILE_Y": 49672,
        "TILEXYZ": [
          17,
          21538,
          49672
        ],
        "OUTPUT_FILE": "/Users/maples/GitHub/mortalitree_testing/notebooks/single_tiles/postfire/17/21538/49672.geojson",
        "OUTPUT_STATUS_DIR": "postfire",
        "FEATURE_COUNT": 442
      },
      "geometry": {
        "type": "Polygon",
        "coordinates": [
          [
            [
              -120.84347649938152,
              39.89095081995761
            ],
            [
              -120.84341401591576,
              39.89094965755668
            ],
            [
              -120.84341552493862,
              39.89090152588091
            ],
            [
              -120.84347800836076,
              39.89090268827987
            ],
            [
              -120.84347649938152,
              39.89095081995761
            ]
          ]
        ]
      }
    },
    {
      "id": "560",
      "type": "Feature",
      "properties": {
        "id": null,
        "SOURCE_FILE": "/Users/maples/GitHub/mortalitree_testing/labels/luwajobi_mortalitree_postfire_labels.geojson",
        "SUNETID": "luwajobi",
        "FIRENAME": "NORTH COMPLEX",
        "FIRE_SLUG": "NORTH_COMPLEX",
        "PREFIRE": 0,
        "PREFIRE_STATUS": "postfire",
        "TILE_Z": 17,
        "TILE_X": 21538,
        "TILE_Y": 49672,
        "TILEXYZ": [
          17,
          21538,
          49672
        ],
        "OUTPUT_FILE": "/Users/maples/GitHub/mortalitree_testing/notebooks/single_tiles/postfire/17/21538/49672.geojson",
        "OUTPUT_STATUS_DIR": "postfire",
        "FEATURE_COUNT": 442
      },
      "geometry": {
        "type": "Polygon",
        "coordinates": [
          [
            [
              -120.84345544534096,
              39.890981388124615
            ],
            [
              -120.84340411961459,
              39.89098043328783
            ],
            [
              -120.84340525138852,
              39.890944334531454
            ],
            [
              -120.84345657708799,
              39.89094528936704
            ],
            [
              -120.84345544534096,
              39.890981388124615
            ]
          ]
        ]
      }
    },
    {
      "id": "561",
      "type": "Feature",
      "properties": {
        "id": null,
        "SOURCE_FILE": "/Users/maples/GitHub/mortalitree_testing/labels/luwajobi_mortalitree_postfire_labels.geojson",
        "SUNETID": "luwajobi",
        "FIRENAME": "NORTH COMPLEX",
        "FIRE_SLUG": "NORTH_COMPLEX",
        "PREFIRE": 0,
        "PREFIRE_STATUS": "postfire",
        "TILE_Z": 17,
        "TILE_X": 21538,
        "TILE_Y": 49672,
        "TILEXYZ": [
          17,
          21538,
          49672
        ],
        "OUTPUT_FILE": "/Users/maples/GitHub/mortalitree_testing/notebooks/single_tiles/postfire/17/21538/49672.geojson",
        "OUTPUT_STATUS_DIR": "postfire",
        "FEATURE_COUNT": 442
      },
      "geometry": {
        "type": "Polygon",
        "coordinates": [
          [
            [
              -120.84321631332759,
              39.89121452201064
            ],
            [
              -120.84316833301621,
              39.891213629310535
            ],
            [
              -120.84316945679767,
              39.89117778969936
            ],
            [
              -120.84321743708412,
              39.89117868239835
            ],
            [
              -120.84321631332759,
              39.89121452201064
            ]
          ]
        ]
      }
    },
    {
      "id": "562",
      "type": "Feature",
      "properties": {
        "id": null,
        "SOURCE_FILE": "/Users/maples/GitHub/mortalitree_testing/labels/luwajobi_mortalitree_postfire_labels.geojson",
        "SUNETID": "luwajobi",
        "FIRENAME": "NORTH COMPLEX",
        "FIRE_SLUG": "NORTH_COMPLEX",
        "PREFIRE": 0,
        "PREFIRE_STATUS": "postfire",
        "TILE_Z": 17,
        "TILE_X": 21538,
        "TILE_Y": 49672,
        "TILEXYZ": [
          17,
          21538,
          49672
        ],
        "OUTPUT_FILE": "/Users/maples/GitHub/mortalitree_testing/notebooks/single_tiles/postfire/17/21538/49672.geojson",
        "OUTPUT_STATUS_DIR": "postfire",
        "FEATURE_COUNT": 442
      },
      "geometry": {
        "type": "Polygon",
        "coordinates": [
          [
            [
              -120.84320864316052,
              39.891180760066675
            ],
            [
              -120.84315775497677,
              39.89117981326019
            ],
            [
              -120.84315891388067,
              39.89114285366121
            ],
            [
              -120.84320980203712,
              39.89114380046647
            ],
            [
              -120.84320864316052,
              39.891180760066675
            ]
          ]
        ]
      }
    },
    {
      "id": "563",
      "type": "Feature",
      "properties": {
        "id": null,
        "SOURCE_FILE": "/Users/maples/GitHub/mortalitree_testing/labels/luwajobi_mortalitree_postfire_labels.geojson",
        "SUNETID": "luwajobi",
        "FIRENAME": "NORTH COMPLEX",
        "FIRE_SLUG": "NORTH_COMPLEX",
        "PREFIRE": 0,
        "PREFIRE_STATUS": "postfire",
        "TILE_Z": 17,
        "TILE_X": 21538,
        "TILE_Y": 49672,
        "TILEXYZ": [
          17,
          21538,
          49672
        ],
        "OUTPUT_FILE": "/Users/maples/GitHub/mortalitree_testing/notebooks/single_tiles/postfire/17/21538/49672.geojson",
        "OUTPUT_STATUS_DIR": "postfire",
        "FEATURE_COUNT": 442
      },
      "geometry": {
        "type": "Polygon",
        "coordinates": [
          [
            [
              -120.8430480379787,
              39.89100712818196
            ],
            [
              -120.84299668174648,
              39.89100617259684
            ],
            [
              -120.84299833579097,
              39.890953425640554
            ],
            [
              -120.84304969198388,
              39.8909543812239
            ],
            [
              -120.8430480379787,
              39.89100712818196
            ]
          ]
        ]
      }
    },
    {
      "id": "564",
      "type": "Feature",
      "properties": {
        "id": null,
        "SOURCE_FILE": "/Users/maples/GitHub/mortalitree_testing/labels/luwajobi_mortalitree_postfire_labels.geojson",
        "SUNETID": "luwajobi",
        "FIRENAME": "NORTH COMPLEX",
        "FIRE_SLUG": "NORTH_COMPLEX",
        "PREFIRE": 0,
        "PREFIRE_STATUS": "postfire",
        "TILE_Z": 17,
        "TILE_X": 21538,
        "TILE_Y": 49672,
        "TILEXYZ": [
          17,
          21538,
          49672
        ],
        "OUTPUT_FILE": "/Users/maples/GitHub/mortalitree_testing/notebooks/single_tiles/postfire/17/21538/49672.geojson",
        "OUTPUT_STATUS_DIR": "postfire",
        "FEATURE_COUNT": 442
      },
      "geometry": {
        "type": "Polygon",
        "coordinates": [
          [
            [
              -120.84192030508012,
              39.89132880867789
            ],
            [
              -120.84186721597986,
              39.89132782032998
            ],
            [
              -120.84186886564432,
              39.891275241212334
            ],
            [
              -120.84192195470408,
              39.891276229558414
            ],
            [
              -120.84192030508012,
              39.89132880867789
            ]
          ]
        ]
      }
    },
    {
      "id": "565",
      "type": "Feature",
      "properties": {
        "id": null,
        "SOURCE_FILE": "/Users/maples/GitHub/mortalitree_testing/labels/luwajobi_mortalitree_postfire_labels.geojson",
        "SUNETID": "luwajobi",
        "FIRENAME": "NORTH COMPLEX",
        "FIRE_SLUG": "NORTH_COMPLEX",
        "PREFIRE": 0,
        "PREFIRE_STATUS": "postfire",
        "TILE_Z": 17,
        "TILE_X": 21538,
        "TILE_Y": 49672,
        "TILEXYZ": [
          17,
          21538,
          49672
        ],
        "OUTPUT_FILE": "/Users/maples/GitHub/mortalitree_testing/notebooks/single_tiles/postfire/17/21538/49672.geojson",
        "OUTPUT_STATUS_DIR": "postfire",
        "FEATURE_COUNT": 442
      },
      "geometry": {
        "type": "Polygon",
        "coordinates": [
          [
            [
              -120.84185010580232,
              39.89132896317259
            ],
            [
              -120.84180080878275,
              39.89132804539192
            ],
            [
              -120.84180227519646,
              39.89128130840054
            ],
            [
              -120.8418515721826,
              39.89128222617968
            ],
            [
              -120.84185010580232,
              39.89132896317259
            ]
          ]
        ]
      }
    },
    {
      "id": "566",
      "type": "Feature",
      "properties": {
        "id": null,
        "SOURCE_FILE": "/Users/maples/GitHub/mortalitree_testing/labels/luwajobi_mortalitree_postfire_labels.geojson",
        "SUNETID": "luwajobi",
        "FIRENAME": "NORTH COMPLEX",
        "FIRE_SLUG": "NORTH_COMPLEX",
        "PREFIRE": 0,
        "PREFIRE_STATUS": "postfire",
        "TILE_Z": 17,
        "TILE_X": 21538,
        "TILE_Y": 49672,
        "TILEXYZ": [
          17,
          21538,
          49672
        ],
        "OUTPUT_FILE": "/Users/maples/GitHub/mortalitree_testing/notebooks/single_tiles/postfire/17/21538/49672.geojson",
        "OUTPUT_STATUS_DIR": "postfire",
        "FEATURE_COUNT": 442
      },
      "geometry": {
        "type": "Polygon",
        "coordinates": [
          [
            [
              -120.84208331865639,
              39.89133330469732
            ],
            [
              -120.8420378137053,
              39.891332457607334
            ],
            [
              -120.84203918831757,
              39.8912886416711
            ],
            [
              -120.84208469323974,
              39.891289488759774
            ],
            [
              -120.84208331865639,
              39.89133330469732
            ]
          ]
        ]
      }
    },
    {
      "id": "567",
      "type": "Feature",
      "properties": {
        "id": null,
        "SOURCE_FILE": "/Users/maples/GitHub/mortalitree_testing/labels/luwajobi_mortalitree_postfire_labels.geojson",
        "SUNETID": "luwajobi",
        "FIRENAME": "NORTH COMPLEX",
        "FIRE_SLUG": "NORTH_COMPLEX",
        "PREFIRE": 0,
        "PREFIRE_STATUS": "postfire",
        "TILE_Z": 17,
        "TILE_X": 21538,
        "TILE_Y": 49672,
        "TILEXYZ": [
          17,
          21538,
          49672
        ],
        "OUTPUT_FILE": "/Users/maples/GitHub/mortalitree_testing/notebooks/single_tiles/postfire/17/21538/49672.geojson",
        "OUTPUT_STATUS_DIR": "postfire",
        "FEATURE_COUNT": 442
      },
      "geometry": {
        "type": "Polygon",
        "coordinates": [
          [
            [
              -120.84220630857793,
              39.89190960975887
            ],
            [
              -120.84217793669653,
              39.891909081637095
            ],
            [
              -120.8421789422571,
              39.89187702785291
            ],
            [
              -120.8422073141253,
              39.89187755597408
            ],
            [
              -120.84220630857793,
              39.89190960975887
            ]
          ]
        ]
      }
    },
    {
      "id": "568",
      "type": "Feature",
      "properties": {
        "id": null,
        "SOURCE_FILE": "/Users/maples/GitHub/mortalitree_testing/labels/luwajobi_mortalitree_postfire_labels.geojson",
        "SUNETID": "luwajobi",
        "FIRENAME": "NORTH COMPLEX",
        "FIRE_SLUG": "NORTH_COMPLEX",
        "PREFIRE": 0,
        "PREFIRE_STATUS": "postfire",
        "TILE_Z": 17,
        "TILE_X": 21538,
        "TILE_Y": 49672,
        "TILEXYZ": [
          17,
          21538,
          49672
        ],
        "OUTPUT_FILE": "/Users/maples/GitHub/mortalitree_testing/notebooks/single_tiles/postfire/17/21538/49672.geojson",
        "OUTPUT_STATUS_DIR": "postfire",
        "FEATURE_COUNT": 442
      },
      "geometry": {
        "type": "Polygon",
        "coordinates": [
          [
            [
              -120.84294343993984,
              39.8918997957465
            ],
            [
              -120.84282410657637,
              39.891897575156236
            ],
            [
              -120.8428264880487,
              39.891821639202014
            ],
            [
              -120.84294582128065,
              39.89182385978633
            ],
            [
              -120.84294343993984,
              39.8918997957465
            ]
          ]
        ]
      }
    },
    {
      "id": "569",
      "type": "Feature",
      "properties": {
        "id": null,
        "SOURCE_FILE": "/Users/maples/GitHub/mortalitree_testing/labels/luwajobi_mortalitree_postfire_labels.geojson",
        "SUNETID": "luwajobi",
        "FIRENAME": "NORTH COMPLEX",
        "FIRE_SLUG": "NORTH_COMPLEX",
        "PREFIRE": 0,
        "PREFIRE_STATUS": "postfire",
        "TILE_Z": 17,
        "TILE_X": 21538,
        "TILE_Y": 49672,
        "TILEXYZ": [
          17,
          21538,
          49672
        ],
        "OUTPUT_FILE": "/Users/maples/GitHub/mortalitree_testing/notebooks/single_tiles/postfire/17/21538/49672.geojson",
        "OUTPUT_STATUS_DIR": "postfire",
        "FEATURE_COUNT": 442
      },
      "geometry": {
        "type": "Polygon",
        "coordinates": [
          [
            [
              -120.84276079365453,
              39.89176443122823
            ],
            [
              -120.84270372129384,
              39.89176336913522
            ],
            [
              -120.84270585219403,
              39.89169542644319
            ],
            [
              -120.84276292449846,
              39.89169648853367
            ],
            [
              -120.84276079365453,
              39.89176443122823
            ]
          ]
        ]
      }
    },
    {
      "id": "570",
      "type": "Feature",
      "properties": {
        "id": null,
        "SOURCE_FILE": "/Users/maples/GitHub/mortalitree_testing/labels/luwajobi_mortalitree_postfire_labels.geojson",
        "SUNETID": "luwajobi",
        "FIRENAME": "NORTH COMPLEX",
        "FIRE_SLUG": "NORTH_COMPLEX",
        "PREFIRE": 0,
        "PREFIRE_STATUS": "postfire",
        "TILE_Z": 17,
        "TILE_X": 21538,
        "TILE_Y": 49672,
        "TILEXYZ": [
          17,
          21538,
          49672
        ],
        "OUTPUT_FILE": "/Users/maples/GitHub/mortalitree_testing/notebooks/single_tiles/postfire/17/21538/49672.geojson",
        "OUTPUT_STATUS_DIR": "postfire",
        "FEATURE_COUNT": 442
      },
      "geometry": {
        "type": "Polygon",
        "coordinates": [
          [
            [
              -120.84356585749501,
              39.89221575396912
            ],
            [
              -120.84349454980148,
              39.89221442745006
            ],
            [
              -120.84349590936672,
              39.892171063199946
            ],
            [
              -120.84356721701538,
              39.892172389716976
            ],
            [
              -120.84356585749501,
              39.89221575396912
            ]
          ]
        ]
      }
    },
    {
      "id": "571",
      "type": "Feature",
      "properties": {
        "id": null,
        "SOURCE_FILE": "/Users/maples/GitHub/mortalitree_testing/labels/luwajobi_mortalitree_postfire_labels.geojson",
        "SUNETID": "luwajobi",
        "FIRENAME": "NORTH COMPLEX",
        "FIRE_SLUG": "NORTH_COMPLEX",
        "PREFIRE": 0,
        "PREFIRE_STATUS": "postfire",
        "TILE_Z": 17,
        "TILE_X": 21538,
        "TILE_Y": 49672,
        "TILEXYZ": [
          17,
          21538,
          49672
        ],
        "OUTPUT_FILE": "/Users/maples/GitHub/mortalitree_testing/notebooks/single_tiles/postfire/17/21538/49672.geojson",
        "OUTPUT_STATUS_DIR": "postfire",
        "FEATURE_COUNT": 442
      },
      "geometry": {
        "type": "Polygon",
        "coordinates": [
          [
            [
              -120.84366896033414,
              39.89220468029771
            ],
            [
              -120.84361949042379,
              39.892203760070196
            ],
            [
              -120.84362086886975,
              39.89215979103907
            ],
            [
              -120.84367033874857,
              39.89216071126516
            ],
            [
              -120.84366896033414,
              39.89220468029771
            ]
          ]
        ]
      }
    },
    {
      "id": "572",
      "type": "Feature",
      "properties": {
        "id": null,
        "SOURCE_FILE": "/Users/maples/GitHub/mortalitree_testing/labels/luwajobi_mortalitree_postfire_labels.geojson",
        "SUNETID": "luwajobi",
        "FIRENAME": "NORTH COMPLEX",
        "FIRE_SLUG": "NORTH_COMPLEX",
        "PREFIRE": 0,
        "PREFIRE_STATUS": "postfire",
        "TILE_Z": 17,
        "TILE_X": 21538,
        "TILE_Y": 49672,
        "TILEXYZ": [
          17,
          21538,
          49672
        ],
        "OUTPUT_FILE": "/Users/maples/GitHub/mortalitree_testing/notebooks/single_tiles/postfire/17/21538/49672.geojson",
        "OUTPUT_STATUS_DIR": "postfire",
        "FEATURE_COUNT": 442
      },
      "geometry": {
        "type": "Polygon",
        "coordinates": [
          [
            [
              -120.84368307911956,
              39.89224013866653
            ],
            [
              -120.84362980380364,
              39.89223914765717
            ],
            [
              -120.84363099845274,
              39.89220104116352
            ],
            [
              -120.84368427373923,
              39.89220203217155
            ],
            [
              -120.84368307911956,
              39.89224013866653
            ]
          ]
        ]
      }
    },
    {
      "id": "573",
      "type": "Feature",
      "properties": {
        "id": null,
        "SOURCE_FILE": "/Users/maples/GitHub/mortalitree_testing/labels/luwajobi_mortalitree_postfire_labels.geojson",
        "SUNETID": "luwajobi",
        "FIRENAME": "NORTH COMPLEX",
        "FIRE_SLUG": "NORTH_COMPLEX",
        "PREFIRE": 0,
        "PREFIRE_STATUS": "postfire",
        "TILE_Z": 17,
        "TILE_X": 21538,
        "TILE_Y": 49672,
        "TILEXYZ": [
          17,
          21538,
          49672
        ],
        "OUTPUT_FILE": "/Users/maples/GitHub/mortalitree_testing/notebooks/single_tiles/postfire/17/21538/49672.geojson",
        "OUTPUT_STATUS_DIR": "postfire",
        "FEATURE_COUNT": 442
      },
      "geometry": {
        "type": "Polygon",
        "coordinates": [
          [
            [
              -120.84379430808644,
              39.892214344337845
            ],
            [
              -120.84375625430057,
              39.89221363651338
            ],
            [
              -120.84375726509751,
              39.8921813925544
            ],
            [
              -120.8437953188656,
              39.89218210037805
            ],
            [
              -120.84379430808644,
              39.892214344337845
            ]
          ]
        ]
      }
    },
    {
      "id": "574",
      "type": "Feature",
      "properties": {
        "id": null,
        "SOURCE_FILE": "/Users/maples/GitHub/mortalitree_testing/labels/luwajobi_mortalitree_postfire_labels.geojson",
        "SUNETID": "luwajobi",
        "FIRENAME": "NORTH COMPLEX",
        "FIRE_SLUG": "NORTH_COMPLEX",
        "PREFIRE": 0,
        "PREFIRE_STATUS": "postfire",
        "TILE_Z": 17,
        "TILE_X": 21538,
        "TILE_Y": 49672,
        "TILEXYZ": [
          17,
          21538,
          49672
        ],
        "OUTPUT_FILE": "/Users/maples/GitHub/mortalitree_testing/notebooks/single_tiles/postfire/17/21538/49672.geojson",
        "OUTPUT_STATUS_DIR": "postfire",
        "FEATURE_COUNT": 442
      },
      "geometry": {
        "type": "Polygon",
        "coordinates": [
          [
            [
              -120.84374990299584,
              39.89223404922145
            ],
            [
              -120.84371184920016,
              39.89223334138212
            ],
            [
              -120.84371295191112,
              39.89219816615527
            ],
            [
              -120.84375100568738,
              39.89219887399371
            ],
            [
              -120.84374990299584,
              39.89223404922145
            ]
          ]
        ]
      }
    },
    {
      "id": "575",
      "type": "Feature",
      "properties": {
        "id": null,
        "SOURCE_FILE": "/Users/maples/GitHub/mortalitree_testing/labels/luwajobi_mortalitree_postfire_labels.geojson",
        "SUNETID": "luwajobi",
        "FIRENAME": "NORTH COMPLEX",
        "FIRE_SLUG": "NORTH_COMPLEX",
        "PREFIRE": 0,
        "PREFIRE_STATUS": "postfire",
        "TILE_Z": 17,
        "TILE_X": 21538,
        "TILE_Y": 49672,
        "TILEXYZ": [
          17,
          21538,
          49672
        ],
        "OUTPUT_FILE": "/Users/maples/GitHub/mortalitree_testing/notebooks/single_tiles/postfire/17/21538/49672.geojson",
        "OUTPUT_STATUS_DIR": "postfire",
        "FEATURE_COUNT": 442
      },
      "geometry": {
        "type": "Polygon",
        "coordinates": [
          [
            [
              -120.84363407696118,
              39.892102843659316
            ],
            [
              -120.84356938563761,
              39.892101640263725
            ],
            [
              -120.84357113170289,
              39.89204594615841
            ],
            [
              -120.84363582297418,
              39.89204714955166
            ],
            [
              -120.84363407696118,
              39.892102843659316
            ]
          ]
        ]
      }
    },
    {
      "id": "576",
      "type": "Feature",
      "properties": {
        "id": null,
        "SOURCE_FILE": "/Users/maples/GitHub/mortalitree_testing/labels/luwajobi_mortalitree_postfire_labels.geojson",
        "SUNETID": "luwajobi",
        "FIRENAME": "NORTH COMPLEX",
        "FIRE_SLUG": "NORTH_COMPLEX",
        "PREFIRE": 0,
        "PREFIRE_STATUS": "postfire",
        "TILE_Z": 17,
        "TILE_X": 21538,
        "TILE_Y": 49672,
        "TILEXYZ": [
          17,
          21538,
          49672
        ],
        "OUTPUT_FILE": "/Users/maples/GitHub/mortalitree_testing/notebooks/single_tiles/postfire/17/21538/49672.geojson",
        "OUTPUT_STATUS_DIR": "postfire",
        "FEATURE_COUNT": 442
      },
      "geometry": {
        "type": "Polygon",
        "coordinates": [
          [
            [
              -120.84358066390651,
              39.892106249533335
            ],
            [
              -120.8435311940698,
              39.89210532927004
            ],
            [
              -120.8435327563668,
              39.89205549770343
            ],
            [
              -120.84358222616777,
              39.89205641796512
            ],
            [
              -120.84358066390651,
              39.892106249533335
            ]
          ]
        ]
      }
    },
    {
      "id": "577",
      "type": "Feature",
      "properties": {
        "id": null,
        "SOURCE_FILE": "/Users/maples/GitHub/mortalitree_testing/labels/luwajobi_mortalitree_postfire_labels.geojson",
        "SUNETID": "luwajobi",
        "FIRENAME": "NORTH COMPLEX",
        "FIRE_SLUG": "NORTH_COMPLEX",
        "PREFIRE": 0,
        "PREFIRE_STATUS": "postfire",
        "TILE_Z": 17,
        "TILE_X": 21538,
        "TILE_Y": 49672,
        "TILEXYZ": [
          17,
          21538,
          49672
        ],
        "OUTPUT_FILE": "/Users/maples/GitHub/mortalitree_testing/notebooks/single_tiles/postfire/17/21538/49672.geojson",
        "OUTPUT_STATUS_DIR": "postfire",
        "FEATURE_COUNT": 442
      },
      "geometry": {
        "type": "Polygon",
        "coordinates": [
          [
            [
              -120.84297492925701,
              39.892298821860734
            ],
            [
              -120.84294068082609,
              39.89229818457619
            ],
            [
              -120.84294169200818,
              39.892265940635006
            ],
            [
              -120.84297594042307,
              39.89226657791882
            ],
            [
              -120.84297492925701,
              39.892298821860734
            ]
          ]
        ]
      }
    },
    {
      "id": "578",
      "type": "Feature",
      "properties": {
        "id": null,
        "SOURCE_FILE": "/Users/maples/GitHub/mortalitree_testing/labels/luwajobi_mortalitree_postfire_labels.geojson",
        "SUNETID": "luwajobi",
        "FIRENAME": "NORTH COMPLEX",
        "FIRE_SLUG": "NORTH_COMPLEX",
        "PREFIRE": 0,
        "PREFIRE_STATUS": "postfire",
        "TILE_Z": 17,
        "TILE_X": 21538,
        "TILE_Y": 49672,
        "TILEXYZ": [
          17,
          21538,
          49672
        ],
        "OUTPUT_FILE": "/Users/maples/GitHub/mortalitree_testing/notebooks/single_tiles/postfire/17/21538/49672.geojson",
        "OUTPUT_STATUS_DIR": "postfire",
        "FEATURE_COUNT": 442
      },
      "geometry": {
        "type": "Polygon",
        "coordinates": [
          [
            [
              -120.84282159273793,
              39.89227103822999
            ],
            [
              -120.84278353894507,
              39.89227033008552
            ],
            [
              -120.84278500986052,
              39.892223429812
            ],
            [
              -120.84282306362749,
              39.89222413795529
            ],
            [
              -120.84282159273793,
              39.89227103822999
            ]
          ]
        ]
      }
    },
    {
      "id": "579",
      "type": "Feature",
      "properties": {
        "id": null,
        "SOURCE_FILE": "/Users/maples/GitHub/mortalitree_testing/labels/luwajobi_mortalitree_postfire_labels.geojson",
        "SUNETID": "luwajobi",
        "FIRENAME": "NORTH COMPLEX",
        "FIRE_SLUG": "NORTH_COMPLEX",
        "PREFIRE": 0,
        "PREFIRE_STATUS": "postfire",
        "TILE_Z": 17,
        "TILE_X": 21538,
        "TILE_Y": 49672,
        "TILEXYZ": [
          17,
          21538,
          49672
        ],
        "OUTPUT_FILE": "/Users/maples/GitHub/mortalitree_testing/notebooks/single_tiles/postfire/17/21538/49672.geojson",
        "OUTPUT_STATUS_DIR": "postfire",
        "FEATURE_COUNT": 442
      },
      "geometry": {
        "type": "Polygon",
        "coordinates": [
          [
            [
              -120.84287218396753,
              39.8922969099768
            ],
            [
              -120.84283793553986,
              39.89229627266196
            ],
            [
              -120.84283894677004,
              39.89226402872294
            ],
            [
              -120.84287319518168,
              39.89226466603707
            ],
            [
              -120.84287218396753,
              39.8922969099768
            ]
          ]
        ]
      }
    },
    {
      "id": "580",
      "type": "Feature",
      "properties": {
        "id": null,
        "SOURCE_FILE": "/Users/maples/GitHub/mortalitree_testing/labels/luwajobi_mortalitree_postfire_labels.geojson",
        "SUNETID": "luwajobi",
        "FIRENAME": "NORTH COMPLEX",
        "FIRE_SLUG": "NORTH_COMPLEX",
        "PREFIRE": 0,
        "PREFIRE_STATUS": "postfire",
        "TILE_Z": 17,
        "TILE_X": 21538,
        "TILE_Y": 49672,
        "TILEXYZ": [
          17,
          21538,
          49672
        ],
        "OUTPUT_FILE": "/Users/maples/GitHub/mortalitree_testing/notebooks/single_tiles/postfire/17/21538/49672.geojson",
        "OUTPUT_STATUS_DIR": "postfire",
        "FEATURE_COUNT": 442
      },
      "geometry": {
        "type": "Polygon",
        "coordinates": [
          [
            [
              -120.84318739540792,
              39.89087524426714
            ],
            [
              -120.84314188476264,
              39.89087439750743
            ],
            [
              -120.84314298401657,
              39.890839340136104
            ],
            [
              -120.8431884946387,
              39.89084018689478
            ],
            [
              -120.84318739540792,
              39.89087524426714
            ]
          ]
        ]
      }
    },
    {
      "id": "581",
      "type": "Feature",
      "properties": {
        "id": null,
        "SOURCE_FILE": "/Users/maples/GitHub/mortalitree_testing/labels/luwajobi_mortalitree_postfire_labels.geojson",
        "SUNETID": "luwajobi",
        "FIRENAME": "NORTH COMPLEX",
        "FIRE_SLUG": "NORTH_COMPLEX",
        "PREFIRE": 0,
        "PREFIRE_STATUS": "postfire",
        "TILE_Z": 17,
        "TILE_X": 21538,
        "TILE_Y": 49672,
        "TILEXYZ": [
          17,
          21538,
          49672
        ],
        "OUTPUT_FILE": "/Users/maples/GitHub/mortalitree_testing/notebooks/single_tiles/postfire/17/21538/49672.geojson",
        "OUTPUT_STATUS_DIR": "postfire",
        "FEATURE_COUNT": 442
      },
      "geometry": {
        "type": "Polygon",
        "coordinates": [
          [
            [
              -120.84325491379576,
              39.8908519459874
            ],
            [
              -120.84319119891167,
              39.89085076055646
            ],
            [
              -120.8431926645484,
              39.89080401739296
            ],
            [
              -120.84325637938927,
              39.890805202821944
            ],
            [
              -120.84325491379576,
              39.8908519459874
            ]
          ]
        ]
      }
    },
    {
      "id": "582",
      "type": "Feature",
      "properties": {
        "id": null,
        "SOURCE_FILE": "/Users/maples/GitHub/mortalitree_testing/labels/luwajobi_mortalitree_postfire_labels.geojson",
        "SUNETID": "luwajobi",
        "FIRENAME": "NORTH COMPLEX",
        "FIRE_SLUG": "NORTH_COMPLEX",
        "PREFIRE": 0,
        "PREFIRE_STATUS": "postfire",
        "TILE_Z": 17,
        "TILE_X": 21538,
        "TILE_Y": 49672,
        "TILEXYZ": [
          17,
          21538,
          49672
        ],
        "OUTPUT_FILE": "/Users/maples/GitHub/mortalitree_testing/notebooks/single_tiles/postfire/17/21538/49672.geojson",
        "OUTPUT_STATUS_DIR": "postfire",
        "FEATURE_COUNT": 442
      },
      "geometry": {
        "type": "Polygon",
        "coordinates": [
          [
            [
              -120.84300727294489,
              39.890859030980266
            ],
            [
              -120.84296176231574,
              39.890858184150154
            ],
            [
              -120.84296315481915,
              39.89081377815161
            ],
            [
              -120.84300866541896,
              39.8908146249804
            ],
            [
              -120.84300727294489,
              39.890859030980266
            ]
          ]
        ]
      }
    },
    {
      "id": "583",
      "type": "Feature",
      "properties": {
        "id": null,
        "SOURCE_FILE": "/Users/maples/GitHub/mortalitree_testing/labels/luwajobi_mortalitree_postfire_labels.geojson",
        "SUNETID": "luwajobi",
        "FIRENAME": "NORTH COMPLEX",
        "FIRE_SLUG": "NORTH_COMPLEX",
        "PREFIRE": 0,
        "PREFIRE_STATUS": "postfire",
        "TILE_Z": 17,
        "TILE_X": 21538,
        "TILE_Y": 49672,
        "TILEXYZ": [
          17,
          21538,
          49672
        ],
        "OUTPUT_FILE": "/Users/maples/GitHub/mortalitree_testing/notebooks/single_tiles/postfire/17/21538/49672.geojson",
        "OUTPUT_STATUS_DIR": "postfire",
        "FEATURE_COUNT": 442
      },
      "geometry": {
        "type": "Polygon",
        "coordinates": [
          [
            [
              -120.84236933392617,
              39.89116968344106
            ],
            [
              -120.84233158968213,
              39.89116898091445
            ],
            [
              -120.8423328925597,
              39.89112744563203
            ],
            [
              -120.84237063678098,
              39.89112814815761
            ],
            [
              -120.84236933392617,
              39.89116968344106
            ]
          ]
        ]
      }
    },
    {
      "id": "584",
      "type": "Feature",
      "properties": {
        "id": null,
        "SOURCE_FILE": "/Users/maples/GitHub/mortalitree_testing/labels/luwajobi_mortalitree_postfire_labels.geojson",
        "SUNETID": "luwajobi",
        "FIRENAME": "NORTH COMPLEX",
        "FIRE_SLUG": "NORTH_COMPLEX",
        "PREFIRE": 0,
        "PREFIRE_STATUS": "postfire",
        "TILE_Z": 17,
        "TILE_X": 21538,
        "TILE_Y": 49672,
        "TILEXYZ": [
          17,
          21538,
          49672
        ],
        "OUTPUT_FILE": "/Users/maples/GitHub/mortalitree_testing/notebooks/single_tiles/postfire/17/21538/49672.geojson",
        "OUTPUT_STATUS_DIR": "postfire",
        "FEATURE_COUNT": 442
      },
      "geometry": {
        "type": "Polygon",
        "coordinates": [
          [
            [
              -120.84241758906506,
              39.8911362949722
            ],
            [
              -120.84237714882197,
              39.891135542281994
            ],
            [
              -120.84237806081623,
              39.89110646758329
            ],
            [
              -120.84241850104225,
              39.89110722027273
            ],
            [
              -120.84241758906506,
              39.8911362949722
            ]
          ]
        ]
      }
    },
    {
      "id": "585",
      "type": "Feature",
      "properties": {
        "id": null,
        "SOURCE_FILE": "/Users/maples/GitHub/mortalitree_testing/labels/luwajobi_mortalitree_postfire_labels.geojson",
        "SUNETID": "luwajobi",
        "FIRENAME": "NORTH COMPLEX",
        "FIRE_SLUG": "NORTH_COMPLEX",
        "PREFIRE": 0,
        "PREFIRE_STATUS": "postfire",
        "TILE_Z": 17,
        "TILE_X": 21538,
        "TILE_Y": 49672,
        "TILEXYZ": [
          17,
          21538,
          49672
        ],
        "OUTPUT_FILE": "/Users/maples/GitHub/mortalitree_testing/notebooks/single_tiles/postfire/17/21538/49672.geojson",
        "OUTPUT_STATUS_DIR": "postfire",
        "FEATURE_COUNT": 442
      },
      "geometry": {
        "type": "Polygon",
        "coordinates": [
          [
            [
              -120.84229790144025,
              39.890904398986
            ],
            [
              -120.84224824551785,
              39.89090347471786
            ],
            [
              -120.84224958384098,
              39.89086081068816
            ],
            [
              -120.84229923973265,
              39.8908617349549
            ],
            [
              -120.84229790144025,
              39.890904398986
            ]
          ]
        ]
      }
    },
    {
      "id": "586",
      "type": "Feature",
      "properties": {
        "id": null,
        "SOURCE_FILE": "/Users/maples/GitHub/mortalitree_testing/labels/luwajobi_mortalitree_postfire_labels.geojson",
        "SUNETID": "luwajobi",
        "FIRENAME": "NORTH COMPLEX",
        "FIRE_SLUG": "NORTH_COMPLEX",
        "PREFIRE": 0,
        "PREFIRE_STATUS": "postfire",
        "TILE_Z": 17,
        "TILE_X": 21538,
        "TILE_Y": 49672,
        "TILEXYZ": [
          17,
          21538,
          49672
        ],
        "OUTPUT_FILE": "/Users/maples/GitHub/mortalitree_testing/notebooks/single_tiles/postfire/17/21538/49672.geojson",
        "OUTPUT_STATUS_DIR": "postfire",
        "FEATURE_COUNT": 442
      },
      "geometry": {
        "type": "Polygon",
        "coordinates": [
          [
            [
              -120.84322252403456,
              39.89171423545349
            ],
            [
              -120.84318514779027,
              39.891713540049466
            ],
            [
              -120.84318605056555,
              39.89168474905556
            ],
            [
              -120.84322342679418,
              39.89168544445888
            ],
            [
              -120.84322252403456,
              39.89171423545349
            ]
          ]
        ]
      }
    },
    {
      "id": "587",
      "type": "Feature",
      "properties": {
        "id": null,
        "SOURCE_FILE": "/Users/maples/GitHub/mortalitree_testing/labels/luwajobi_mortalitree_postfire_labels.geojson",
        "SUNETID": "luwajobi",
        "FIRENAME": "NORTH COMPLEX",
        "FIRE_SLUG": "NORTH_COMPLEX",
        "PREFIRE": 0,
        "PREFIRE_STATUS": "postfire",
        "TILE_Z": 17,
        "TILE_X": 21538,
        "TILE_Y": 49672,
        "TILEXYZ": [
          17,
          21538,
          49672
        ],
        "OUTPUT_FILE": "/Users/maples/GitHub/mortalitree_testing/notebooks/single_tiles/postfire/17/21538/49672.geojson",
        "OUTPUT_STATUS_DIR": "postfire",
        "FEATURE_COUNT": 442
      },
      "geometry": {
        "type": "Polygon",
        "coordinates": [
          [
            [
              -120.84322686566767,
              39.891684198995186
            ],
            [
              -120.84317250024544,
              39.89168318749709
            ],
            [
              -120.84317397752045,
              39.89163607496167
            ],
            [
              -120.8432283429055,
              39.891637086458076
            ],
            [
              -120.84322686566767,
              39.891684198995186
            ]
          ]
        ]
      }
    },
    {
      "id": "588",
      "type": "Feature",
      "properties": {
        "id": null,
        "SOURCE_FILE": "/Users/maples/GitHub/mortalitree_testing/labels/luwajobi_mortalitree_postfire_labels.geojson",
        "SUNETID": "luwajobi",
        "FIRENAME": "NORTH COMPLEX",
        "FIRE_SLUG": "NORTH_COMPLEX",
        "PREFIRE": 0,
        "PREFIRE_STATUS": "postfire",
        "TILE_Z": 17,
        "TILE_X": 21538,
        "TILE_Y": 49672,
        "TILEXYZ": [
          17,
          21538,
          49672
        ],
        "OUTPUT_FILE": "/Users/maples/GitHub/mortalitree_testing/notebooks/single_tiles/postfire/17/21538/49672.geojson",
        "OUTPUT_STATUS_DIR": "postfire",
        "FEATURE_COUNT": 442
      },
      "geometry": {
        "type": "Polygon",
        "coordinates": [
          [
            [
              -120.84320091400348,
              39.89164443280245
            ],
            [
              -120.84314654861357,
              39.89164342129303
            ],
            [
              -120.84314794383265,
              39.89159892612115
            ],
            [
              -120.84320230918742,
              39.89159993762899
            ],
            [
              -120.84320091400348,
              39.89164443280245
            ]
          ]
        ]
      }
    },
    {
      "id": "589",
      "type": "Feature",
      "properties": {
        "id": null,
        "SOURCE_FILE": "/Users/maples/GitHub/mortalitree_testing/labels/luwajobi_mortalitree_postfire_labels.geojson",
        "SUNETID": "luwajobi",
        "FIRENAME": "NORTH COMPLEX",
        "FIRE_SLUG": "NORTH_COMPLEX",
        "PREFIRE": 0,
        "PREFIRE_STATUS": "postfire",
        "TILE_Z": 17,
        "TILE_X": 21538,
        "TILE_Y": 49672,
        "TILEXYZ": [
          17,
          21538,
          49672
        ],
        "OUTPUT_FILE": "/Users/maples/GitHub/mortalitree_testing/notebooks/single_tiles/postfire/17/21538/49672.geojson",
        "OUTPUT_STATUS_DIR": "postfire",
        "FEATURE_COUNT": 442
      },
      "geometry": {
        "type": "Polygon",
        "coordinates": [
          [
            [
              -120.84297378670112,
              39.89179711117579
            ],
            [
              -120.84294439316486,
              39.891796564231704
            ],
            [
              -120.84294520464346,
              39.89177068780792
            ],
            [
              -120.8429745981687,
              39.891771234751516
            ],
            [
              -120.84297378670112,
              39.89179711117579
            ]
          ]
        ]
      }
    },
    {
      "id": "590",
      "type": "Feature",
      "properties": {
        "id": null,
        "SOURCE_FILE": "/Users/maples/GitHub/mortalitree_testing/labels/luwajobi_mortalitree_postfire_labels.geojson",
        "SUNETID": "luwajobi",
        "FIRENAME": "NORTH COMPLEX",
        "FIRE_SLUG": "NORTH_COMPLEX",
        "PREFIRE": 0,
        "PREFIRE_STATUS": "postfire",
        "TILE_Z": 17,
        "TILE_X": 21538,
        "TILE_Y": 49672,
        "TILEXYZ": [
          17,
          21538,
          49672
        ],
        "OUTPUT_FILE": "/Users/maples/GitHub/mortalitree_testing/notebooks/single_tiles/postfire/17/21538/49672.geojson",
        "OUTPUT_STATUS_DIR": "postfire",
        "FEATURE_COUNT": 442
      },
      "geometry": {
        "type": "Polygon",
        "coordinates": [
          [
            [
              -120.84262427980521,
              39.891755006353755
            ],
            [
              -120.84260328443975,
              39.89175461561723
            ],
            [
              -120.84260379169342,
              39.89173844285592
            ],
            [
              -120.84262478705396,
              39.89173883359221
            ],
            [
              -120.84262427980521,
              39.891755006353755
            ]
          ]
        ]
      }
    },
    {
      "id": "591",
      "type": "Feature",
      "properties": {
        "id": null,
        "SOURCE_FILE": "/Users/maples/GitHub/mortalitree_testing/labels/luwajobi_mortalitree_postfire_labels.geojson",
        "SUNETID": "luwajobi",
        "FIRENAME": "NORTH COMPLEX",
        "FIRE_SLUG": "NORTH_COMPLEX",
        "PREFIRE": 0,
        "PREFIRE_STATUS": "postfire",
        "TILE_Z": 17,
        "TILE_X": 21538,
        "TILE_Y": 49672,
        "TILEXYZ": [
          17,
          21538,
          49672
        ],
        "OUTPUT_FILE": "/Users/maples/GitHub/mortalitree_testing/notebooks/single_tiles/postfire/17/21538/49672.geojson",
        "OUTPUT_STATUS_DIR": "postfire",
        "FEATURE_COUNT": 442
      },
      "geometry": {
        "type": "Polygon",
        "coordinates": [
          [
            [
              -120.84262324549158,
              39.891721004481035
            ],
            [
              -120.84258965292368,
              39.89172037930091
            ],
            [
              -120.84259066743579,
              39.89168803377833
            ],
            [
              -120.84262425998791,
              39.89168865895774
            ],
            [
              -120.84262324549158,
              39.891721004481035
            ]
          ]
        ]
      }
    },
    {
      "id": "592",
      "type": "Feature",
      "properties": {
        "id": null,
        "SOURCE_FILE": "/Users/maples/GitHub/mortalitree_testing/labels/luwajobi_mortalitree_postfire_labels.geojson",
        "SUNETID": "luwajobi",
        "FIRENAME": "NORTH COMPLEX",
        "FIRE_SLUG": "NORTH_COMPLEX",
        "PREFIRE": 0,
        "PREFIRE_STATUS": "postfire",
        "TILE_Z": 17,
        "TILE_X": 21538,
        "TILE_Y": 49672,
        "TILEXYZ": [
          17,
          21538,
          49672
        ],
        "OUTPUT_FILE": "/Users/maples/GitHub/mortalitree_testing/notebooks/single_tiles/postfire/17/21538/49672.geojson",
        "OUTPUT_STATUS_DIR": "postfire",
        "FEATURE_COUNT": 442
      },
      "geometry": {
        "type": "Polygon",
        "coordinates": [
          [
            [
              -120.84270830723796,
              39.89207782877365
            ],
            [
              -120.8426749283073,
              39.89207720759264
            ],
            [
              -120.84267589601401,
              39.89204635353106
            ],
            [
              -120.8427092749297,
              39.8920469747114
            ],
            [
              -120.84270830723796,
              39.89207782877365
            ]
          ]
        ]
      }
    },
    {
      "id": "593",
      "type": "Feature",
      "properties": {
        "id": null,
        "SOURCE_FILE": "/Users/maples/GitHub/mortalitree_testing/labels/luwajobi_mortalitree_postfire_labels.geojson",
        "SUNETID": "luwajobi",
        "FIRENAME": "NORTH COMPLEX",
        "FIRE_SLUG": "NORTH_COMPLEX",
        "PREFIRE": 0,
        "PREFIRE_STATUS": "postfire",
        "TILE_Z": 17,
        "TILE_X": 21538,
        "TILE_Y": 49672,
        "TILEXYZ": [
          17,
          21538,
          49672
        ],
        "OUTPUT_FILE": "/Users/maples/GitHub/mortalitree_testing/notebooks/single_tiles/postfire/17/21538/49672.geojson",
        "OUTPUT_STATUS_DIR": "postfire",
        "FEATURE_COUNT": 442
      },
      "geometry": {
        "type": "Polygon",
        "coordinates": [
          [
            [
              -120.84277671676575,
              39.89205323878993
            ],
            [
              -120.84272802012266,
              39.892052332572376
            ],
            [
              -120.84272948055862,
              39.89200576727722
            ],
            [
              -120.84277817716881,
              39.89200667349328
            ],
            [
              -120.84277671676575,
              39.89205323878993
            ]
          ]
        ]
      }
    },
    {
      "id": "594",
      "type": "Feature",
      "properties": {
        "id": null,
        "SOURCE_FILE": "/Users/maples/GitHub/mortalitree_testing/labels/luwajobi_mortalitree_postfire_labels.geojson",
        "SUNETID": "luwajobi",
        "FIRENAME": "NORTH COMPLEX",
        "FIRE_SLUG": "NORTH_COMPLEX",
        "PREFIRE": 0,
        "PREFIRE_STATUS": "postfire",
        "TILE_Z": 17,
        "TILE_X": 21538,
        "TILE_Y": 49672,
        "TILEXYZ": [
          17,
          21538,
          49672
        ],
        "OUTPUT_FILE": "/Users/maples/GitHub/mortalitree_testing/notebooks/single_tiles/postfire/17/21538/49672.geojson",
        "OUTPUT_STATUS_DIR": "postfire",
        "FEATURE_COUNT": 442
      },
      "geometry": {
        "type": "Polygon",
        "coordinates": [
          [
            [
              -120.84260247832529,
              39.89217517172566
            ],
            [
              -120.84255263057665,
              39.89217424401074
            ],
            [
              -120.84255351800972,
              39.89214595107346
            ],
            [
              -120.84260336573792,
              39.89214687878746
            ],
            [
              -120.84260247832529,
              39.89217517172566
            ]
          ]
        ]
      }
    },
    {
      "id": "595",
      "type": "Feature",
      "properties": {
        "id": null,
        "SOURCE_FILE": "/Users/maples/GitHub/mortalitree_testing/labels/luwajobi_mortalitree_postfire_labels.geojson",
        "SUNETID": "luwajobi",
        "FIRENAME": "NORTH COMPLEX",
        "FIRE_SLUG": "NORTH_COMPLEX",
        "PREFIRE": 0,
        "PREFIRE_STATUS": "postfire",
        "TILE_Z": 17,
        "TILE_X": 21538,
        "TILE_Y": 49672,
        "TILEXYZ": [
          17,
          21538,
          49672
        ],
        "OUTPUT_FILE": "/Users/maples/GitHub/mortalitree_testing/notebooks/single_tiles/postfire/17/21538/49672.geojson",
        "OUTPUT_STATUS_DIR": "postfire",
        "FEATURE_COUNT": 442
      },
      "geometry": {
        "type": "Polygon",
        "coordinates": [
          [
            [
              -120.84378864626882,
              39.89215690480553
            ],
            [
              -120.8437453733168,
              39.89215609989847
            ],
            [
              -120.84374641825725,
              39.89212276687609
            ],
            [
              -120.84378969118835,
              39.89212357178219
            ],
            [
              -120.84378864626882,
              39.89215690480553
            ]
          ]
        ]
      }
    },
    {
      "id": "596",
      "type": "Feature",
      "properties": {
        "id": null,
        "SOURCE_FILE": "/Users/maples/GitHub/mortalitree_testing/labels/luwajobi_mortalitree_postfire_labels.geojson",
        "SUNETID": "luwajobi",
        "FIRENAME": "NORTH COMPLEX",
        "FIRE_SLUG": "NORTH_COMPLEX",
        "PREFIRE": 0,
        "PREFIRE_STATUS": "postfire",
        "TILE_Z": 17,
        "TILE_X": 21538,
        "TILE_Y": 49672,
        "TILEXYZ": [
          17,
          21538,
          49672
        ],
        "OUTPUT_FILE": "/Users/maples/GitHub/mortalitree_testing/notebooks/single_tiles/postfire/17/21538/49672.geojson",
        "OUTPUT_STATUS_DIR": "postfire",
        "FEATURE_COUNT": 442
      },
      "geometry": {
        "type": "Polygon",
        "coordinates": [
          [
            [
              -120.84374279510686,
              39.89216161068465
            ],
            [
              -120.8436995221532,
              39.89216080576042
            ],
            [
              -120.8437010315434,
              39.892112658062814
            ],
            [
              -120.84374430446685,
              39.89211346298569
            ],
            [
              -120.84374279510686,
              39.89216161068465
            ]
          ]
        ]
      }
    },
    {
      "id": "597",
      "type": "Feature",
      "properties": {
        "id": null,
        "SOURCE_FILE": "/Users/maples/GitHub/mortalitree_testing/labels/luwajobi_mortalitree_postfire_labels.geojson",
        "SUNETID": "luwajobi",
        "FIRENAME": "NORTH COMPLEX",
        "FIRE_SLUG": "NORTH_COMPLEX",
        "PREFIRE": 0,
        "PREFIRE_STATUS": "postfire",
        "TILE_Z": 17,
        "TILE_X": 21538,
        "TILE_Y": 49672,
        "TILEXYZ": [
          17,
          21538,
          49672
        ],
        "OUTPUT_FILE": "/Users/maples/GitHub/mortalitree_testing/notebooks/single_tiles/postfire/17/21538/49672.geojson",
        "OUTPUT_STATUS_DIR": "postfire",
        "FEATURE_COUNT": 442
      },
      "geometry": {
        "type": "Polygon",
        "coordinates": [
          [
            [
              -120.84369758252892,
              39.89214594636582
            ],
            [
              -120.84365911769103,
              39.89214523086365
            ],
            [
              -120.8436603948908,
              39.892104490505126
            ],
            [
              -120.84369885970597,
              39.892105206006285
            ],
            [
              -120.84369758252892,
              39.89214594636582
            ]
          ]
        ]
      }
    },
    {
      "id": "598",
      "type": "Feature",
      "properties": {
        "id": null,
        "SOURCE_FILE": "/Users/maples/GitHub/mortalitree_testing/labels/luwajobi_mortalitree_postfire_labels.geojson",
        "SUNETID": "luwajobi",
        "FIRENAME": "NORTH COMPLEX",
        "FIRE_SLUG": "NORTH_COMPLEX",
        "PREFIRE": 0,
        "PREFIRE_STATUS": "postfire",
        "TILE_Z": 17,
        "TILE_X": 21538,
        "TILE_Y": 49672,
        "TILEXYZ": [
          17,
          21538,
          49672
        ],
        "OUTPUT_FILE": "/Users/maples/GitHub/mortalitree_testing/notebooks/single_tiles/postfire/17/21538/49672.geojson",
        "OUTPUT_STATUS_DIR": "postfire",
        "FEATURE_COUNT": 442
      },
      "geometry": {
        "type": "Polygon",
        "coordinates": [
          [
            [
              -120.8437761717522,
              39.892017704190884
            ],
            [
              -120.84370885840875,
              39.892016452102645
            ],
            [
              -120.84371036778471,
              39.89196830440356
            ],
            [
              -120.84377768108114,
              39.89196955648967
            ],
            [
              -120.8437761717522,
              39.892017704190884
            ]
          ]
        ]
      }
    },
    {
      "id": "599",
      "type": "Feature",
      "properties": {
        "id": null,
        "SOURCE_FILE": "/Users/maples/GitHub/mortalitree_testing/labels/luwajobi_mortalitree_postfire_labels.geojson",
        "SUNETID": "luwajobi",
        "FIRENAME": "NORTH COMPLEX",
        "FIRE_SLUG": "NORTH_COMPLEX",
        "PREFIRE": 0,
        "PREFIRE_STATUS": "postfire",
        "TILE_Z": 17,
        "TILE_X": 21538,
        "TILE_Y": 49672,
        "TILEXYZ": [
          17,
          21538,
          49672
        ],
        "OUTPUT_FILE": "/Users/maples/GitHub/mortalitree_testing/notebooks/single_tiles/postfire/17/21538/49672.geojson",
        "OUTPUT_STATUS_DIR": "postfire",
        "FEATURE_COUNT": 442
      },
      "geometry": {
        "type": "Polygon",
        "coordinates": [
          [
            [
              -120.84379016571867,
              39.891954965394866
            ],
            [
              -120.84373727671047,
              39.891953981622194
            ],
            [
              -120.84373855385535,
              39.891913241260255
            ],
            [
              -120.84379144283228,
              39.89191422503153
            ],
            [
              -120.84379016571867,
              39.891954965394866
            ]
          ]
        ]
      }
    }
  ],
  "properties": {
    "SOURCE_FILE": "/Users/maples/GitHub/mortalitree_testing/labels/luwajobi_mortalitree_postfire_labels.geojson",
    "SUNETID": "luwajobi",
    "FIRENAME": "NORTH COMPLEX",
    "FIRE_SLUG": "NORTH_COMPLEX",
    "PREFIRE": 0,
    "PREFIRE_STATUS": "postfire",
    "TILE_Z": 17,
    "TILE_X": 21538,
    "TILE_Y": 49672,
    "TILEXYZ": [
      17,
      21538,
      49672
    ],
    "OUTPUT_FILE": "/Users/maples/GitHub/mortalitree_testing/notebooks/single_tiles/postfire/17/21538/49672.geojson",
    "OUTPUT_STATUS_DIR": "postfire",
    "FEATURE_COUNT": 442
  }
}