{
  "type": "FeatureCollection",
  "features": [
    {
      "id": "0",
      "type": "Feature",
      "properties": {
        "id": null,
        "SOURCE_FILE": "/Users/maples/GitHub/mortalitree_testing/labels/gwynethb_mortalitree_postfire_labels.geojson",
        "SUNETID": "gwynethb",
        "FIRENAME": "CREEK",
        "FIRE_SLUG": "CREEK",
        "PREFIRE": 0,
        "PREFIRE_STATUS": "postfire",
        "TILE_Z": 17,
        "TILE_X": 22051,
        "TILE_Y": 50888,
        "TILEXYZ": [
          17,
          22051,
          50888
        ],
        "OUTPUT_FILE": "/Users/maples/GitHub/mortalitree_testing/notebooks/single_tiles/postfire/17/22051/50888.geojson",
        "OUTPUT_STATUS_DIR": "postfire",
        "FEATURE_COUNT": 326
      },
      "geometry": {
        "type": "Polygon",
        "coordinates": [
          [
            [
              -119.4350549717603,
              37.28271712025593
            ],
            [
              -119.43505765015412,
              37.28266041001089
            ],
            [
              -119.43511962890625,
              37.282662278972616
            ],
            [
              -119.43511962890625,
              37.28271906998683
            ],
            [
              -119.4350549717603,
              37.28271712025593
            ]
          ]
        ]
      }
    },
    {
      "id": "1",
      "type": "Feature",
      "properties": {
        "id": null,
        "SOURCE_FILE": "/Users/maples/GitHub/mortalitree_testing/labels/gwynethb_mortalitree_postfire_labels.geojson",
        "SUNETID": "gwynethb",
        "FIRENAME": "CREEK",
        "FIRE_SLUG": "CREEK",
        "PREFIRE": 0,
        "PREFIRE_STATUS": "postfire",
        "TILE_Z": 17,
        "TILE_X": 22051,
        "TILE_Y": 50888,
        "TILEXYZ": [
          17,
          22051,
          50888
        ],
        "OUTPUT_FILE": "/Users/maples/GitHub/mortalitree_testing/notebooks/single_tiles/postfire/17/22051/50888.geojson",
        "OUTPUT_STATUS_DIR": "postfire",
        "FEATURE_COUNT": 326
      },
      "geometry": {
        "type": "Polygon",
        "coordinates": [
          [
            [
              -119.43511265601555,
              37.28265333163065
            ],
            [
              -119.43504714345427,
              37.28265135610015
            ],
            [
              -119.43504920375749,
              37.28260773283468
            ],
            [
              -119.4351147162811,
              37.282609708362074
            ],
            [
              -119.43511265601555,
              37.28265333163065
            ]
          ]
        ]
      }
    },
    {
      "id": "2",
      "type": "Feature",
      "properties": {
        "id": null,
        "SOURCE_FILE": "/Users/maples/GitHub/mortalitree_testing/labels/gwynethb_mortalitree_postfire_labels.geojson",
        "SUNETID": "gwynethb",
        "FIRENAME": "CREEK",
        "FIRE_SLUG": "CREEK",
        "PREFIRE": 0,
        "PREFIRE_STATUS": "postfire",
        "TILE_Z": 17,
        "TILE_X": 22051,
        "TILE_Y": 50888,
        "TILEXYZ": [
          17,
          22051,
          50888
        ],
        "OUTPUT_FILE": "/Users/maples/GitHub/mortalitree_testing/notebooks/single_tiles/postfire/17/22051/50888.geojson",
        "OUTPUT_STATUS_DIR": "postfire",
        "FEATURE_COUNT": 326
      },
      "geometry": {
        "type": "Polygon",
        "coordinates": [
          [
            [
              -119.43506934132606,
              37.28270226368442
            ],
            [
              -119.43500928810859,
              37.28270045275886
            ],
            [
              -119.43501093637195,
              37.28266555414827
            ],
            [
              -119.43507098956178,
              37.282667365071546
            ],
            [
              -119.43506934132606,
              37.28270226368442
            ]
          ]
        ]
      }
    },
    {
      "id": "3",
      "type": "Feature",
      "properties": {
        "id": null,
        "SOURCE_FILE": "/Users/maples/GitHub/mortalitree_testing/labels/gwynethb_mortalitree_postfire_labels.geojson",
        "SUNETID": "gwynethb",
        "FIRENAME": "CREEK",
        "FIRE_SLUG": "CREEK",
        "PREFIRE": 0,
        "PREFIRE_STATUS": "postfire",
        "TILE_Z": 17,
        "TILE_X": 22051,
        "TILE_Y": 50888,
        "TILEXYZ": [
          17,
          22051,
          50888
        ],
        "OUTPUT_FILE": "/Users/maples/GitHub/mortalitree_testing/notebooks/single_tiles/postfire/17/22051/50888.geojson",
        "OUTPUT_STATUS_DIR": "postfire",
        "FEATURE_COUNT": 326
      },
      "geometry": {
        "type": "Polygon",
        "coordinates": [
          [
            [
              -119.43504894600702,
              37.282671068884035
            ],
            [
              -119.43496159591231,
              37.28266843478725
            ],
            [
              -119.43496345023101,
              37.28262917385212
            ],
            [
              -119.43505080028051,
              37.28263180794518
            ],
            [
              -119.43504894600702,
              37.282671068884035
            ]
          ]
        ]
      }
    },
    {
      "id": "4",
      "type": "Feature",
      "properties": {
        "id": null,
        "SOURCE_FILE": "/Users/maples/GitHub/mortalitree_testing/labels/gwynethb_mortalitree_postfire_labels.geojson",
        "SUNETID": "gwynethb",
        "FIRENAME": "CREEK",
        "FIRE_SLUG": "CREEK",
        "PREFIRE": 0,
        "PREFIRE_STATUS": "postfire",
        "TILE_Z": 17,
        "TILE_X": 22051,
        "TILE_Y": 50888,
        "TILEXYZ": [
          17,
          22051,
          50888
        ],
        "OUTPUT_FILE": "/Users/maples/GitHub/mortalitree_testing/notebooks/single_tiles/postfire/17/22051/50888.geojson",
        "OUTPUT_STATUS_DIR": "postfire",
        "FEATURE_COUNT": 326
      },
      "geometry": {
        "type": "Polygon",
        "coordinates": [
          [
            [
              -119.43503421565947,
              37.282751442664384
            ],
            [
              -119.43495232485961,
              37.28274897318584
            ],
            [
              -119.43495479729732,
              37.282696625273495
            ],
            [
              -119.43503668804071,
              37.282699094747386
            ],
            [
              -119.43503421565947,
              37.282751442664384
            ]
          ]
        ]
      }
    },
    {
      "id": "5",
      "type": "Feature",
      "properties": {
        "id": null,
        "SOURCE_FILE": "/Users/maples/GitHub/mortalitree_testing/labels/gwynethb_mortalitree_postfire_labels.geojson",
        "SUNETID": "gwynethb",
        "FIRENAME": "CREEK",
        "FIRE_SLUG": "CREEK",
        "PREFIRE": 0,
        "PREFIRE_STATUS": "postfire",
        "TILE_Z": 17,
        "TILE_X": 22051,
        "TILE_Y": 50888,
        "TILEXYZ": [
          17,
          22051,
          50888
        ],
        "OUTPUT_FILE": "/Users/maples/GitHub/mortalitree_testing/notebooks/single_tiles/postfire/17/22051/50888.geojson",
        "OUTPUT_STATUS_DIR": "postfire",
        "FEATURE_COUNT": 326
      },
      "geometry": {
        "type": "Polygon",
        "coordinates": [
          [
            [
              -119.4348765115786,
              37.282733581311255
            ],
            [
              -119.43480008019625,
              37.282731276365475
            ],
            [
              -119.4348029648275,
              37.28267020381098
            ],
            [
              -119.43487939614832,
              37.282672508751695
            ],
            [
              -119.4348765115786,
              37.282733581311255
            ]
          ]
        ]
      }
    },
    {
      "id": "6",
      "type": "Feature",
      "properties": {
        "id": null,
        "SOURCE_FILE": "/Users/maples/GitHub/mortalitree_testing/labels/gwynethb_mortalitree_postfire_labels.geojson",
        "SUNETID": "gwynethb",
        "FIRENAME": "CREEK",
        "FIRE_SLUG": "CREEK",
        "PREFIRE": 0,
        "PREFIRE_STATUS": "postfire",
        "TILE_Z": 17,
        "TILE_X": 22051,
        "TILE_Y": 50888,
        "TILEXYZ": [
          17,
          22051,
          50888
        ],
        "OUTPUT_FILE": "/Users/maples/GitHub/mortalitree_testing/notebooks/single_tiles/postfire/17/22051/50888.geojson",
        "OUTPUT_STATUS_DIR": "postfire",
        "FEATURE_COUNT": 326
      },
      "geometry": {
        "type": "Polygon",
        "coordinates": [
          [
            [
              -119.43471442949553,
              37.2827505360282
            ],
            [
              -119.43459432303575,
              37.28274691378259
            ],
            [
              -119.43459844417472,
              37.28265966729571
            ],
            [
              -119.43471855049638,
              37.28266328952994
            ],
            [
              -119.43471442949553,
              37.2827505360282
            ]
          ]
        ]
      }
    },
    {
      "id": "7",
      "type": "Feature",
      "properties": {
        "id": null,
        "SOURCE_FILE": "/Users/maples/GitHub/mortalitree_testing/labels/gwynethb_mortalitree_postfire_labels.geojson",
        "SUNETID": "gwynethb",
        "FIRENAME": "CREEK",
        "FIRE_SLUG": "CREEK",
        "PREFIRE": 0,
        "PREFIRE_STATUS": "postfire",
        "TILE_Z": 17,
        "TILE_X": 22051,
        "TILE_Y": 50888,
        "TILEXYZ": [
          17,
          22051,
          50888
        ],
        "OUTPUT_FILE": "/Users/maples/GitHub/mortalitree_testing/notebooks/single_tiles/postfire/17/22051/50888.geojson",
        "OUTPUT_STATUS_DIR": "postfire",
        "FEATURE_COUNT": 326
      },
      "geometry": {
        "type": "Polygon",
        "coordinates": [
          [
            [
              -119.43466060886313,
              37.28267464772553
            ],
            [
              -119.43452958377462,
              37.28267069612608
            ],
            [
              -119.43453411709623,
              37.28257472499598
            ],
            [
              -119.43466514201899,
              37.28257867658178
            ],
            [
              -119.43466060886313,
              37.28267464772553
            ]
          ]
        ]
      }
    },
    {
      "id": "8",
      "type": "Feature",
      "properties": {
        "id": null,
        "SOURCE_FILE": "/Users/maples/GitHub/mortalitree_testing/labels/gwynethb_mortalitree_postfire_labels.geojson",
        "SUNETID": "gwynethb",
        "FIRENAME": "CREEK",
        "FIRE_SLUG": "CREEK",
        "PREFIRE": 0,
        "PREFIRE_STATUS": "postfire",
        "TILE_Z": 17,
        "TILE_X": 22051,
        "TILE_Y": 50888,
        "TILEXYZ": [
          17,
          22051,
          50888
        ],
        "OUTPUT_FILE": "/Users/maples/GitHub/mortalitree_testing/notebooks/single_tiles/postfire/17/22051/50888.geojson",
        "OUTPUT_STATUS_DIR": "postfire",
        "FEATURE_COUNT": 326
      },
      "geometry": {
        "type": "Polygon",
        "coordinates": [
          [
            [
              -119.43452304319428,
              37.2826355505541
            ],
            [
              -119.4344193150663,
              37.2826324220987
            ],
            [
              -119.43442261212688,
              37.282562624921304
            ],
            [
              -119.43452634015941,
              37.28256575336884
            ],
            [
              -119.43452304319428,
              37.2826355505541
            ]
          ]
        ]
      }
    },
    {
      "id": "9",
      "type": "Feature",
      "properties": {
        "id": null,
        "SOURCE_FILE": "/Users/maples/GitHub/mortalitree_testing/labels/gwynethb_mortalitree_postfire_labels.geojson",
        "SUNETID": "gwynethb",
        "FIRENAME": "CREEK",
        "FIRE_SLUG": "CREEK",
        "PREFIRE": 0,
        "PREFIRE_STATUS": "postfire",
        "TILE_Z": 17,
        "TILE_X": 22051,
        "TILE_Y": 50888,
        "TILEXYZ": [
          17,
          22051,
          50888
        ],
        "OUTPUT_FILE": "/Users/maples/GitHub/mortalitree_testing/notebooks/single_tiles/postfire/17/22051/50888.geojson",
        "OUTPUT_STATUS_DIR": "postfire",
        "FEATURE_COUNT": 326
      },
      "geometry": {
        "type": "Polygon",
        "coordinates": [
          [
            [
              -119.43451274137315,
              37.28273790051408
            ],
            [
              -119.43438717557798,
              37.28273411340519
            ],
            [
              -119.43439129695417,
              37.28264686693785
            ],
            [
              -119.43451686260497,
              37.282650654034846
            ],
            [
              -119.43451274137315,
              37.28273790051408
            ]
          ]
        ]
      }
    },
    {
      "id": "10",
      "type": "Feature",
      "properties": {
        "id": null,
        "SOURCE_FILE": "/Users/maples/GitHub/mortalitree_testing/labels/gwynethb_mortalitree_postfire_labels.geojson",
        "SUNETID": "gwynethb",
        "FIRENAME": "CREEK",
        "FIRE_SLUG": "CREEK",
        "PREFIRE": 0,
        "PREFIRE_STATUS": "postfire",
        "TILE_Z": 17,
        "TILE_X": 22051,
        "TILE_Y": 50888,
        "TILEXYZ": [
          17,
          22051,
          50888
        ],
        "OUTPUT_FILE": "/Users/maples/GitHub/mortalitree_testing/notebooks/single_tiles/postfire/17/22051/50888.geojson",
        "OUTPUT_STATUS_DIR": "postfire",
        "FEATURE_COUNT": 326
      },
      "geometry": {
        "type": "Polygon",
        "coordinates": [
          [
            [
              -119.43453746252898,
              37.282793252831326
            ],
            [
              -119.43448286866067,
              37.282791606287894
            ],
            [
              -119.43448595961804,
              37.282726171431364
            ],
            [
              -119.4345405534393,
              37.28272781797091
            ],
            [
              -119.43453746252898,
              37.282793252831326
            ]
          ]
        ]
      }
    },
    {
      "id": "11",
      "type": "Feature",
      "properties": {
        "id": null,
        "SOURCE_FILE": "/Users/maples/GitHub/mortalitree_testing/labels/gwynethb_mortalitree_postfire_labels.geojson",
        "SUNETID": "gwynethb",
        "FIRENAME": "CREEK",
        "FIRE_SLUG": "CREEK",
        "PREFIRE": 0,
        "PREFIRE_STATUS": "postfire",
        "TILE_Z": 17,
        "TILE_X": 22051,
        "TILE_Y": 50888,
        "TILEXYZ": [
          17,
          22051,
          50888
        ],
        "OUTPUT_FILE": "/Users/maples/GitHub/mortalitree_testing/notebooks/single_tiles/postfire/17/22051/50888.geojson",
        "OUTPUT_STATUS_DIR": "postfire",
        "FEATURE_COUNT": 326
      },
      "geometry": {
        "type": "Polygon",
        "coordinates": [
          [
            [
              -119.43466587494851,
              37.28279464911045
            ],
            [
              -119.43457840030973,
              37.28279464911045
            ],
            [
              -119.43458036548847,
              37.28275304564242
            ],
            [
              -119.43466771564465,
              37.282755680025595
            ],
            [
              -119.43466587494851,
              37.28279464911045
            ]
          ]
        ]
      }
    },
    {
      "id": "12",
      "type": "Feature",
      "properties": {
        "id": null,
        "SOURCE_FILE": "/Users/maples/GitHub/mortalitree_testing/labels/gwynethb_mortalitree_postfire_labels.geojson",
        "SUNETID": "gwynethb",
        "FIRENAME": "CREEK",
        "FIRE_SLUG": "CREEK",
        "PREFIRE": 0,
        "PREFIRE_STATUS": "postfire",
        "TILE_Z": 17,
        "TILE_X": 22051,
        "TILE_Y": 50888,
        "TILEXYZ": [
          17,
          22051,
          50888
        ],
        "OUTPUT_FILE": "/Users/maples/GitHub/mortalitree_testing/notebooks/single_tiles/postfire/17/22051/50888.geojson",
        "OUTPUT_STATUS_DIR": "postfire",
        "FEATURE_COUNT": 326
      },
      "geometry": {
        "type": "Polygon",
        "coordinates": [
          [
            [
              -119.4348831560391,
              37.28265077944142
            ],
            [
              -119.4347794278495,
              37.2826476513005
            ],
            [
              -119.43478293062455,
              37.28257349177054
            ],
            [
              -119.43488665871276,
              37.282576619903125
            ],
            [
              -119.4348831560391,
              37.28265077944142
            ]
          ]
        ]
      }
    },
    {
      "id": "13",
      "type": "Feature",
      "properties": {
        "id": null,
        "SOURCE_FILE": "/Users/maples/GitHub/mortalitree_testing/labels/gwynethb_mortalitree_postfire_labels.geojson",
        "SUNETID": "gwynethb",
        "FIRENAME": "CREEK",
        "FIRE_SLUG": "CREEK",
        "PREFIRE": 0,
        "PREFIRE_STATUS": "postfire",
        "TILE_Z": 17,
        "TILE_X": 22051,
        "TILE_Y": 50888,
        "TILEXYZ": [
          17,
          22051,
          50888
        ],
        "OUTPUT_FILE": "/Users/maples/GitHub/mortalitree_testing/notebooks/single_tiles/postfire/17/22051/50888.geojson",
        "OUTPUT_STATUS_DIR": "postfire",
        "FEATURE_COUNT": 326
      },
      "geometry": {
        "type": "Polygon",
        "coordinates": [
          [
            [
              -119.4349533556186,
              37.282611395281556
            ],
            [
              -119.4348550868507,
              37.28260843184284
            ],
            [
              -119.43485838350597,
              37.28253863463199
            ],
            [
              -119.43495665218347,
              37.282541598063276
            ],
            [
              -119.4349533556186,
              37.282611395281556
            ]
          ]
        ]
      }
    },
    {
      "id": "14",
      "type": "Feature",
      "properties": {
        "id": null,
        "SOURCE_FILE": "/Users/maples/GitHub/mortalitree_testing/labels/gwynethb_mortalitree_postfire_labels.geojson",
        "SUNETID": "gwynethb",
        "FIRENAME": "CREEK",
        "FIRE_SLUG": "CREEK",
        "PREFIRE": 0,
        "PREFIRE_STATUS": "postfire",
        "TILE_Z": 17,
        "TILE_X": 22051,
        "TILE_Y": 50888,
        "TILEXYZ": [
          17,
          22051,
          50888
        ],
        "OUTPUT_FILE": "/Users/maples/GitHub/mortalitree_testing/notebooks/single_tiles/postfire/17/22051/50888.geojson",
        "OUTPUT_STATUS_DIR": "postfire",
        "FEATURE_COUNT": 326
      },
      "geometry": {
        "type": "Polygon",
        "coordinates": [
          [
            [
              -119.43506784820585,
              37.28256024112657
            ],
            [
              -119.43498595761015,
              37.282557771682036
            ],
            [
              -119.4349886360403,
              37.282501061439724
            ],
            [
              -119.43507052657482,
              37.28250353087921
            ],
            [
              -119.43506784820585,
              37.28256024112657
            ]
          ]
        ]
      }
    },
    {
      "id": "15",
      "type": "Feature",
      "properties": {
        "id": null,
        "SOURCE_FILE": "/Users/maples/GitHub/mortalitree_testing/labels/gwynethb_mortalitree_postfire_labels.geojson",
        "SUNETID": "gwynethb",
        "FIRENAME": "CREEK",
        "FIRE_SLUG": "CREEK",
        "PREFIRE": 0,
        "PREFIRE_STATUS": "postfire",
        "TILE_Z": 17,
        "TILE_X": 22051,
        "TILE_Y": 50888,
        "TILEXYZ": [
          17,
          22051,
          50888
        ],
        "OUTPUT_FILE": "/Users/maples/GitHub/mortalitree_testing/notebooks/single_tiles/postfire/17/22051/50888.geojson",
        "OUTPUT_STATUS_DIR": "postfire",
        "FEATURE_COUNT": 326
      },
      "geometry": {
        "type": "Polygon",
        "coordinates": [
          [
            [
              -119.43508407198455,
              37.282506123610375
            ],
            [
              -119.43500218144602,
              37.282503654180104
            ],
            [
              -119.4350046538273,
              37.28245130626275
            ],
            [
              -119.43508654430933,
              37.282453775688374
            ],
            [
              -119.43508407198455,
              37.282506123610375
            ]
          ]
        ]
      }
    },
    {
      "id": "16",
      "type": "Feature",
      "properties": {
        "id": null,
        "SOURCE_FILE": "/Users/maples/GitHub/mortalitree_testing/labels/gwynethb_mortalitree_postfire_labels.geojson",
        "SUNETID": "gwynethb",
        "FIRENAME": "CREEK",
        "FIRE_SLUG": "CREEK",
        "PREFIRE": 0,
        "PREFIRE_STATUS": "postfire",
        "TILE_Z": 17,
        "TILE_X": 22051,
        "TILE_Y": 50888,
        "TILEXYZ": [
          17,
          22051,
          50888
        ],
        "OUTPUT_FILE": "/Users/maples/GitHub/mortalitree_testing/notebooks/single_tiles/postfire/17/22051/50888.geojson",
        "OUTPUT_STATUS_DIR": "postfire",
        "FEATURE_COUNT": 326
      },
      "geometry": {
        "type": "Polygon",
        "coordinates": [
          [
            [
              -119.4348025540749,
              37.28279464911045
            ],
            [
              -119.43468774360755,
              37.28279464911045
            ],
            [
              -119.43469192278016,
              37.28270617187646
            ],
            [
              -119.4348065698053,
              37.282709629379454
            ],
            [
              -119.4348025540749,
              37.28279464911045
            ]
          ]
        ]
      }
    },
    {
      "id": "17",
      "type": "Feature",
      "properties": {
        "id": null,
        "SOURCE_FILE": "/Users/maples/GitHub/mortalitree_testing/labels/gwynethb_mortalitree_postfire_labels.geojson",
        "SUNETID": "gwynethb",
        "FIRENAME": "CREEK",
        "FIRE_SLUG": "CREEK",
        "PREFIRE": 0,
        "PREFIRE_STATUS": "postfire",
        "TILE_Z": 17,
        "TILE_X": 22051,
        "TILE_Y": 50888,
        "TILEXYZ": [
          17,
          22051,
          50888
        ],
        "OUTPUT_FILE": "/Users/maples/GitHub/mortalitree_testing/notebooks/single_tiles/postfire/17/22051/50888.geojson",
        "OUTPUT_STATUS_DIR": "postfire",
        "FEATURE_COUNT": 326
      },
      "geometry": {
        "type": "Polygon",
        "coordinates": [
          [
            [
              -119.43508309387613,
              37.28235319523039
            ],
            [
              -119.43497390671469,
              37.28234990265469
            ],
            [
              -119.43497823338792,
              37.28225829379936
            ],
            [
              -119.43508742041753,
              37.28226158636421
            ],
            [
              -119.43508309387613,
              37.28235319523039
            ]
          ]
        ]
      }
    },
    {
      "id": "18",
      "type": "Feature",
      "properties": {
        "id": null,
        "SOURCE_FILE": "/Users/maples/GitHub/mortalitree_testing/labels/gwynethb_mortalitree_postfire_labels.geojson",
        "SUNETID": "gwynethb",
        "FIRENAME": "CREEK",
        "FIRE_SLUG": "CREEK",
        "PREFIRE": 0,
        "PREFIRE_STATUS": "postfire",
        "TILE_Z": 17,
        "TILE_X": 22051,
        "TILE_Y": 50888,
        "TILEXYZ": [
          17,
          22051,
          50888
        ],
        "OUTPUT_FILE": "/Users/maples/GitHub/mortalitree_testing/notebooks/single_tiles/postfire/17/22051/50888.geojson",
        "OUTPUT_STATUS_DIR": "postfire",
        "FEATURE_COUNT": 326
      },
      "geometry": {
        "type": "Polygon",
        "coordinates": [
          [
            [
              -119.43497787258691,
              37.28232381101175
            ],
            [
              -119.4348959822554,
              37.28232134151825
            ],
            [
              -119.43489907280257,
              37.282255906627014
            ],
            [
              -119.43498096306345,
              37.282258376114704
            ],
            [
              -119.43497787258691,
              37.28232381101175
            ]
          ]
        ]
      }
    },
    {
      "id": "19",
      "type": "Feature",
      "properties": {
        "id": null,
        "SOURCE_FILE": "/Users/maples/GitHub/mortalitree_testing/labels/gwynethb_mortalitree_postfire_labels.geojson",
        "SUNETID": "gwynethb",
        "FIRENAME": "CREEK",
        "FIRE_SLUG": "CREEK",
        "PREFIRE": 0,
        "PREFIRE_STATUS": "postfire",
        "TILE_Z": 17,
        "TILE_X": 22051,
        "TILE_Y": 50888,
        "TILEXYZ": [
          17,
          22051,
          50888
        ],
        "OUTPUT_FILE": "/Users/maples/GitHub/mortalitree_testing/notebooks/single_tiles/postfire/17/22051/50888.geojson",
        "OUTPUT_STATUS_DIR": "postfire",
        "FEATURE_COUNT": 326
      },
      "geometry": {
        "type": "Polygon",
        "coordinates": [
          [
            [
              -119.43488279713078,
              37.282368997833906
            ],
            [
              -119.43480636611662,
              37.2823666929113
            ],
            [
              -119.43480966278808,
              37.28229689570132
            ],
            [
              -119.43488609373192,
              37.28229920061814
            ],
            [
              -119.43488279713078,
              37.282368997833906
            ]
          ]
        ]
      }
    },
    {
      "id": "20",
      "type": "Feature",
      "properties": {
        "id": null,
        "SOURCE_FILE": "/Users/maples/GitHub/mortalitree_testing/labels/gwynethb_mortalitree_postfire_labels.geojson",
        "SUNETID": "gwynethb",
        "FIRENAME": "CREEK",
        "FIRE_SLUG": "CREEK",
        "PREFIRE": 0,
        "PREFIRE_STATUS": "postfire",
        "TILE_Z": 17,
        "TILE_X": 22051,
        "TILE_Y": 50888,
        "TILEXYZ": [
          17,
          22051,
          50888
        ],
        "OUTPUT_FILE": "/Users/maples/GitHub/mortalitree_testing/notebooks/single_tiles/postfire/17/22051/50888.geojson",
        "OUTPUT_STATUS_DIR": "postfire",
        "FEATURE_COUNT": 326
      },
      "geometry": {
        "type": "Polygon",
        "coordinates": [
          [
            [
              -119.43487182657071,
              37.282427642279714
            ],
            [
              -119.43475717996515,
              37.282424184862116
            ],
            [
              -119.43476130086805,
              37.282336938355
            ],
            [
              -119.43487594734178,
              37.28234039576175
            ],
            [
              -119.43487182657071,
              37.282427642279714
            ]
          ]
        ]
      }
    },
    {
      "id": "21",
      "type": "Feature",
      "properties": {
        "id": null,
        "SOURCE_FILE": "/Users/maples/GitHub/mortalitree_testing/labels/gwynethb_mortalitree_postfire_labels.geojson",
        "SUNETID": "gwynethb",
        "FIRENAME": "CREEK",
        "FIRE_SLUG": "CREEK",
        "PREFIRE": 0,
        "PREFIRE_STATUS": "postfire",
        "TILE_Z": 17,
        "TILE_X": 22051,
        "TILE_Y": 50888,
        "TILEXYZ": [
          17,
          22051,
          50888
        ],
        "OUTPUT_FILE": "/Users/maples/GitHub/mortalitree_testing/notebooks/single_tiles/postfire/17/22051/50888.geojson",
        "OUTPUT_STATUS_DIR": "postfire",
        "FEATURE_COUNT": 326
      },
      "geometry": {
        "type": "Polygon",
        "coordinates": [
          [
            [
              -119.43488238439929,
              37.282493488758035
            ],
            [
              -119.43474590022677,
              37.28248937277815
            ],
            [
              -119.43474960906062,
              37.28241085092364
            ],
            [
              -119.43488609309189,
              37.2824149668919
            ],
            [
              -119.43488238439929,
              37.282493488758035
            ]
          ]
        ]
      }
    },
    {
      "id": "22",
      "type": "Feature",
      "properties": {
        "id": null,
        "SOURCE_FILE": "/Users/maples/GitHub/mortalitree_testing/labels/gwynethb_mortalitree_postfire_labels.geojson",
        "SUNETID": "gwynethb",
        "FIRENAME": "CREEK",
        "FIRE_SLUG": "CREEK",
        "PREFIRE": 0,
        "PREFIRE_STATUS": "postfire",
        "TILE_Z": 17,
        "TILE_X": 22051,
        "TILE_Y": 50888,
        "TILEXYZ": [
          17,
          22051,
          50888
        ],
        "OUTPUT_FILE": "/Users/maples/GitHub/mortalitree_testing/notebooks/single_tiles/postfire/17/22051/50888.geojson",
        "OUTPUT_STATUS_DIR": "postfire",
        "FEATURE_COUNT": 326
      },
      "geometry": {
        "type": "Polygon",
        "coordinates": [
          [
            [
              -119.43474239742604,
              37.28256353230614
            ],
            [
              -119.43460045377734,
              37.282559251509106
            ],
            [
              -119.43460457488128,
              37.282472005018896
            ],
            [
              -119.43474651836674,
              37.28247628580249
            ],
            [
              -119.43474239742604,
              37.28256353230614
            ]
          ]
        ]
      }
    },
    {
      "id": "23",
      "type": "Feature",
      "properties": {
        "id": null,
        "SOURCE_FILE": "/Users/maples/GitHub/mortalitree_testing/labels/gwynethb_mortalitree_postfire_labels.geojson",
        "SUNETID": "gwynethb",
        "FIRENAME": "CREEK",
        "FIRE_SLUG": "CREEK",
        "PREFIRE": 0,
        "PREFIRE_STATUS": "postfire",
        "TILE_Z": 17,
        "TILE_X": 22051,
        "TILE_Y": 50888,
        "TILEXYZ": [
          17,
          22051,
          50888
        ],
        "OUTPUT_FILE": "/Users/maples/GitHub/mortalitree_testing/notebooks/single_tiles/postfire/17/22051/50888.geojson",
        "OUTPUT_STATUS_DIR": "postfire",
        "FEATURE_COUNT": 326
      },
      "geometry": {
        "type": "Polygon",
        "coordinates": [
          [
            [
              -119.4347191185162,
              37.28247764375062
            ],
            [
              -119.43463722804113,
              37.28247517406947
            ],
            [
              -119.43464011277726,
              37.282414101523166
            ],
            [
              -119.43472200318642,
              37.28241657119889
            ],
            [
              -119.4347191185162,
              37.28247764375062
            ]
          ]
        ]
      }
    },
    {
      "id": "24",
      "type": "Feature",
      "properties": {
        "id": null,
        "SOURCE_FILE": "/Users/maples/GitHub/mortalitree_testing/labels/gwynethb_mortalitree_postfire_labels.geojson",
        "SUNETID": "gwynethb",
        "FIRENAME": "CREEK",
        "FIRE_SLUG": "CREEK",
        "PREFIRE": 0,
        "PREFIRE_STATUS": "postfire",
        "TILE_Z": 17,
        "TILE_X": 22051,
        "TILE_Y": 50888,
        "TILEXYZ": [
          17,
          22051,
          50888
        ],
        "OUTPUT_FILE": "/Users/maples/GitHub/mortalitree_testing/notebooks/single_tiles/postfire/17/22051/50888.geojson",
        "OUTPUT_STATUS_DIR": "postfire",
        "FEATURE_COUNT": 326
      },
      "geometry": {
        "type": "Polygon",
        "coordinates": [
          [
            [
              -119.43465978668061,
              37.28246056451976
            ],
            [
              -119.43452876196336,
              37.282456612938645
            ],
            [
              -119.43453288313475,
              37.28236936645374
            ],
            [
              -119.43466390770136,
              37.28237331802245
            ],
            [
              -119.43465978668061,
              37.28246056451976
            ]
          ]
        ]
      }
    },
    {
      "id": "25",
      "type": "Feature",
      "properties": {
        "id": null,
        "SOURCE_FILE": "/Users/maples/GitHub/mortalitree_testing/labels/gwynethb_mortalitree_postfire_labels.geojson",
        "SUNETID": "gwynethb",
        "FIRENAME": "CREEK",
        "FIRE_SLUG": "CREEK",
        "PREFIRE": 0,
        "PREFIRE_STATUS": "postfire",
        "TILE_Z": 17,
        "TILE_X": 22051,
        "TILE_Y": 50888,
        "TILEXYZ": [
          17,
          22051,
          50888
        ],
        "OUTPUT_FILE": "/Users/maples/GitHub/mortalitree_testing/notebooks/single_tiles/postfire/17/22051/50888.geojson",
        "OUTPUT_STATUS_DIR": "postfire",
        "FEATURE_COUNT": 326
      },
      "geometry": {
        "type": "Polygon",
        "coordinates": [
          [
            [
              -119.43474265629723,
              37.28238443000898
            ],
            [
              -119.43464984720497,
              37.28238163105715
            ],
            [
              -119.43465314402275,
              37.28231183385923
            ],
            [
              -119.43474595302963,
              37.282314632804045
            ],
            [
              -119.43474265629723,
              37.28238443000898
            ]
          ]
        ]
      }
    },
    {
      "id": "26",
      "type": "Feature",
      "properties": {
        "id": null,
        "SOURCE_FILE": "/Users/maples/GitHub/mortalitree_testing/labels/gwynethb_mortalitree_postfire_labels.geojson",
        "SUNETID": "gwynethb",
        "FIRENAME": "CREEK",
        "FIRE_SLUG": "CREEK",
        "PREFIRE": 0,
        "PREFIRE_STATUS": "postfire",
        "TILE_Z": 17,
        "TILE_X": 22051,
        "TILE_Y": 50888,
        "TILEXYZ": [
          17,
          22051,
          50888
        ],
        "OUTPUT_FILE": "/Users/maples/GitHub/mortalitree_testing/notebooks/single_tiles/postfire/17/22051/50888.geojson",
        "OUTPUT_STATUS_DIR": "postfire",
        "FEATURE_COUNT": 326
      },
      "geometry": {
        "type": "Polygon",
        "coordinates": [
          [
            [
              -119.43503844096807,
              37.282198949833386
            ],
            [
              -119.43504214945906,
              37.282120427949984
            ],
            [
              -119.43511962890625,
              37.282122764315325
            ],
            [
              -119.43511962890625,
              37.282201398031354
            ],
            [
              -119.43503844096807,
              37.282198949833386
            ]
          ]
        ]
      }
    },
    {
      "id": "27",
      "type": "Feature",
      "properties": {
        "id": null,
        "SOURCE_FILE": "/Users/maples/GitHub/mortalitree_testing/labels/gwynethb_mortalitree_postfire_labels.geojson",
        "SUNETID": "gwynethb",
        "FIRENAME": "CREEK",
        "FIRE_SLUG": "CREEK",
        "PREFIRE": 0,
        "PREFIRE_STATUS": "postfire",
        "TILE_Z": 17,
        "TILE_X": 22051,
        "TILE_Y": 50888,
        "TILEXYZ": [
          17,
          22051,
          50888
        ],
        "OUTPUT_FILE": "/Users/maples/GitHub/mortalitree_testing/notebooks/single_tiles/postfire/17/22051/50888.geojson",
        "OUTPUT_STATUS_DIR": "postfire",
        "FEATURE_COUNT": 326
      },
      "geometry": {
        "type": "Polygon",
        "coordinates": [
          [
            [
              -119.43503978014704,
              37.28217059470898
            ],
            [
              -119.43498518669857,
              37.282168948420555
            ],
            [
              -119.43498724700162,
              37.282125325154475
            ],
            [
              -119.4350418404187,
              37.28212697144032
            ],
            [
              -119.43503978014704,
              37.28217059470898
            ]
          ]
        ]
      }
    },
    {
      "id": "28",
      "type": "Feature",
      "properties": {
        "id": null,
        "SOURCE_FILE": "/Users/maples/GitHub/mortalitree_testing/labels/gwynethb_mortalitree_postfire_labels.geojson",
        "SUNETID": "gwynethb",
        "FIRENAME": "CREEK",
        "FIRE_SLUG": "CREEK",
        "PREFIRE": 0,
        "PREFIRE_STATUS": "postfire",
        "TILE_Z": 17,
        "TILE_X": 22051,
        "TILE_Y": 50888,
        "TILEXYZ": [
          17,
          22051,
          50888
        ],
        "OUTPUT_FILE": "/Users/maples/GitHub/mortalitree_testing/notebooks/single_tiles/postfire/17/22051/50888.geojson",
        "OUTPUT_STATUS_DIR": "postfire",
        "FEATURE_COUNT": 326
      },
      "geometry": {
        "type": "Polygon",
        "coordinates": [
          [
            [
              -119.4349329620935,
              37.28223290163434
            ],
            [
              -119.43487290925792,
              37.28223109065892
            ],
            [
              -119.4348749696304,
              37.28218746739865
            ],
            [
              -119.43493502243146,
              37.28218927837122
            ],
            [
              -119.4349329620935,
              37.28223290163434
            ]
          ]
        ]
      }
    },
    {
      "id": "29",
      "type": "Feature",
      "properties": {
        "id": null,
        "SOURCE_FILE": "/Users/maples/GitHub/mortalitree_testing/labels/gwynethb_mortalitree_postfire_labels.geojson",
        "SUNETID": "gwynethb",
        "FIRENAME": "CREEK",
        "FIRE_SLUG": "CREEK",
        "PREFIRE": 0,
        "PREFIRE_STATUS": "postfire",
        "TILE_Z": 17,
        "TILE_X": 22051,
        "TILE_Y": 50888,
        "TILEXYZ": [
          17,
          22051,
          50888
        ],
        "OUTPUT_FILE": "/Users/maples/GitHub/mortalitree_testing/notebooks/single_tiles/postfire/17/22051/50888.geojson",
        "OUTPUT_STATUS_DIR": "postfire",
        "FEATURE_COUNT": 326
      },
      "geometry": {
        "type": "Polygon",
        "coordinates": [
          [
            [
              -119.43491560566939,
              37.282195245645326
            ],
            [
              -119.43482279679193,
              37.28219244684113
            ],
            [
              -119.43482547530915,
              37.282135736605404
            ],
            [
              -119.43491828411723,
              37.28213853540389
            ],
            [
              -119.43491560566939,
              37.282195245645326
            ]
          ]
        ]
      }
    },
    {
      "id": "30",
      "type": "Feature",
      "properties": {
        "id": null,
        "SOURCE_FILE": "/Users/maples/GitHub/mortalitree_testing/labels/gwynethb_mortalitree_postfire_labels.geojson",
        "SUNETID": "gwynethb",
        "FIRENAME": "CREEK",
        "FIRE_SLUG": "CREEK",
        "PREFIRE": 0,
        "PREFIRE_STATUS": "postfire",
        "TILE_Z": 17,
        "TILE_X": 22051,
        "TILE_Y": 50888,
        "TILEXYZ": [
          17,
          22051,
          50888
        ],
        "OUTPUT_FILE": "/Users/maples/GitHub/mortalitree_testing/notebooks/single_tiles/postfire/17/22051/50888.geojson",
        "OUTPUT_STATUS_DIR": "postfire",
        "FEATURE_COUNT": 326
      },
      "geometry": {
        "type": "Polygon",
        "coordinates": [
          [
            [
              -119.43482346606322,
              37.28223615241782
            ],
            [
              -119.43469244171162,
              37.28223220103807
            ],
            [
              -119.43469594451942,
              37.282158041509945
            ],
            [
              -119.43482696874295,
              37.28216199287915
            ],
            [
              -119.43482346606322,
              37.28223615241782
            ]
          ]
        ]
      }
    },
    {
      "id": "31",
      "type": "Feature",
      "properties": {
        "id": null,
        "SOURCE_FILE": "/Users/maples/GitHub/mortalitree_testing/labels/gwynethb_mortalitree_postfire_labels.geojson",
        "SUNETID": "gwynethb",
        "FIRENAME": "CREEK",
        "FIRE_SLUG": "CREEK",
        "PREFIRE": 0,
        "PREFIRE_STATUS": "postfire",
        "TILE_Z": 17,
        "TILE_X": 22051,
        "TILE_Y": 50888,
        "TILEXYZ": [
          17,
          22051,
          50888
        ],
        "OUTPUT_FILE": "/Users/maples/GitHub/mortalitree_testing/notebooks/single_tiles/postfire/17/22051/50888.geojson",
        "OUTPUT_STATUS_DIR": "postfire",
        "FEATURE_COUNT": 326
      },
      "geometry": {
        "type": "Polygon",
        "coordinates": [
          [
            [
              -119.4348162560969,
              37.28215730127813
            ],
            [
              -119.43473982530237,
              37.28215499632366
            ],
            [
              -119.4347425038782,
              37.28209828609272
            ],
            [
              -119.43481893461563,
              37.28210059104247
            ],
            [
              -119.4348162560969,
              37.28215730127813
            ]
          ]
        ]
      }
    },
    {
      "id": "32",
      "type": "Feature",
      "properties": {
        "id": null,
        "SOURCE_FILE": "/Users/maples/GitHub/mortalitree_testing/labels/gwynethb_mortalitree_postfire_labels.geojson",
        "SUNETID": "gwynethb",
        "FIRENAME": "CREEK",
        "FIRE_SLUG": "CREEK",
        "PREFIRE": 0,
        "PREFIRE_STATUS": "postfire",
        "TILE_Z": 17,
        "TILE_X": 22051,
        "TILE_Y": 50888,
        "TILEXYZ": [
          17,
          22051,
          50888
        ],
        "OUTPUT_FILE": "/Users/maples/GitHub/mortalitree_testing/notebooks/single_tiles/postfire/17/22051/50888.geojson",
        "OUTPUT_STATUS_DIR": "postfire",
        "FEATURE_COUNT": 326
      },
      "geometry": {
        "type": "Polygon",
        "coordinates": [
          [
            [
              -119.43507789286637,
              37.282058161966546
            ],
            [
              -119.43508015913153,
              37.28201017636808
            ],
            [
              -119.43511962890625,
              37.28201136656127
            ],
            [
              -119.43511962890625,
              37.28205942049931
            ],
            [
              -119.43507789286637,
              37.282058161966546
            ]
          ]
        ]
      }
    },
    {
      "id": "33",
      "type": "Feature",
      "properties": {
        "id": null,
        "SOURCE_FILE": "/Users/maples/GitHub/mortalitree_testing/labels/gwynethb_mortalitree_postfire_labels.geojson",
        "SUNETID": "gwynethb",
        "FIRENAME": "CREEK",
        "FIRE_SLUG": "CREEK",
        "PREFIRE": 0,
        "PREFIRE_STATUS": "postfire",
        "TILE_Z": 17,
        "TILE_X": 22051,
        "TILE_Y": 50888,
        "TILEXYZ": [
          17,
          22051,
          50888
        ],
        "OUTPUT_FILE": "/Users/maples/GitHub/mortalitree_testing/notebooks/single_tiles/postfire/17/22051/50888.geojson",
        "OUTPUT_STATUS_DIR": "postfire",
        "FEATURE_COUNT": 326
      },
      "geometry": {
        "type": "Polygon",
        "coordinates": [
          [
            [
              -119.43501737639464,
              37.28212404945141
            ],
            [
              -119.43493002693515,
              37.28212141536413
            ],
            [
              -119.43493332346318,
              37.28205161814184
            ],
            [
              -119.4350206728423,
              37.2820542522225
            ],
            [
              -119.43501737639464,
              37.28212404945141
            ]
          ]
        ]
      }
    },
    {
      "id": "34",
      "type": "Feature",
      "properties": {
        "id": null,
        "SOURCE_FILE": "/Users/maples/GitHub/mortalitree_testing/labels/gwynethb_mortalitree_postfire_labels.geojson",
        "SUNETID": "gwynethb",
        "FIRENAME": "CREEK",
        "FIRE_SLUG": "CREEK",
        "PREFIRE": 0,
        "PREFIRE_STATUS": "postfire",
        "TILE_Z": 17,
        "TILE_X": 22051,
        "TILE_Y": 50888,
        "TILEXYZ": [
          17,
          22051,
          50888
        ],
        "OUTPUT_FILE": "/Users/maples/GitHub/mortalitree_testing/notebooks/single_tiles/postfire/17/22051/50888.geojson",
        "OUTPUT_STATUS_DIR": "postfire",
        "FEATURE_COUNT": 326
      },
      "geometry": {
        "type": "Polygon",
        "coordinates": [
          [
            [
              -119.43509664014437,
              37.28200848907872
            ],
            [
              -119.4349929128121,
              37.2820053611706
            ],
            [
              -119.43499682735248,
              37.28192247696169
            ],
            [
              -119.4351005545714,
              37.28192560486048
            ],
            [
              -119.43509664014437,
              37.28200848907872
            ]
          ]
        ]
      }
    },
    {
      "id": "35",
      "type": "Feature",
      "properties": {
        "id": null,
        "SOURCE_FILE": "/Users/maples/GitHub/mortalitree_testing/labels/gwynethb_mortalitree_postfire_labels.geojson",
        "SUNETID": "gwynethb",
        "FIRENAME": "CREEK",
        "FIRE_SLUG": "CREEK",
        "PREFIRE": 0,
        "PREFIRE_STATUS": "postfire",
        "TILE_Z": 17,
        "TILE_X": 22051,
        "TILE_Y": 50888,
        "TILEXYZ": [
          17,
          22051,
          50888
        ],
        "OUTPUT_FILE": "/Users/maples/GitHub/mortalitree_testing/notebooks/single_tiles/postfire/17/22051/50888.geojson",
        "OUTPUT_STATUS_DIR": "postfire",
        "FEATURE_COUNT": 326
      },
      "geometry": {
        "type": "Polygon",
        "coordinates": [
          [
            [
              -119.43495907490862,
              37.28208515874801
            ],
            [
              -119.43486080682432,
              37.28208219534952
            ],
            [
              -119.43486369133879,
              37.282021122784265
            ],
            [
              -119.434961959344,
              37.28202408617624
            ],
            [
              -119.43495907490862,
              37.28208515874801
            ]
          ]
        ]
      }
    },
    {
      "id": "36",
      "type": "Feature",
      "properties": {
        "id": null,
        "SOURCE_FILE": "/Users/maples/GitHub/mortalitree_testing/labels/gwynethb_mortalitree_postfire_labels.geojson",
        "SUNETID": "gwynethb",
        "FIRENAME": "CREEK",
        "FIRE_SLUG": "CREEK",
        "PREFIRE": 0,
        "PREFIRE_STATUS": "postfire",
        "TILE_Z": 17,
        "TILE_X": 22051,
        "TILE_Y": 50888,
        "TILEXYZ": [
          17,
          22051,
          50888
        ],
        "OUTPUT_FILE": "/Users/maples/GitHub/mortalitree_testing/notebooks/single_tiles/postfire/17/22051/50888.geojson",
        "OUTPUT_STATUS_DIR": "postfire",
        "FEATURE_COUNT": 326
      },
      "geometry": {
        "type": "Polygon",
        "coordinates": [
          [
            [
              -119.43506645912952,
              37.28206873853287
            ],
            [
              -119.43493543503344,
              37.282064787437136
            ],
            [
              -119.43493831948581,
              37.28200371486675
            ],
            [
              -119.43506934347641,
              37.2820076659538
            ],
            [
              -119.43506645912952,
              37.28206873853287
            ]
          ]
        ]
      }
    },
    {
      "id": "37",
      "type": "Feature",
      "properties": {
        "id": null,
        "SOURCE_FILE": "/Users/maples/GitHub/mortalitree_testing/labels/gwynethb_mortalitree_postfire_labels.geojson",
        "SUNETID": "gwynethb",
        "FIRENAME": "CREEK",
        "FIRE_SLUG": "CREEK",
        "PREFIRE": 0,
        "PREFIRE_STATUS": "postfire",
        "TILE_Z": 17,
        "TILE_X": 22051,
        "TILE_Y": 50888,
        "TILEXYZ": [
          17,
          22051,
          50888
        ],
        "OUTPUT_FILE": "/Users/maples/GitHub/mortalitree_testing/notebooks/single_tiles/postfire/17/22051/50888.geojson",
        "OUTPUT_STATUS_DIR": "postfire",
        "FEATURE_COUNT": 326
      },
      "geometry": {
        "type": "Polygon",
        "coordinates": [
          [
            [
              -119.43499780577751,
              37.281959639053944
            ],
            [
              -119.4349104565099,
              37.281957004962074
            ],
            [
              -119.43491292890583,
              37.281904657045125
            ],
            [
              -119.43500027811316,
              37.281907291132036
            ],
            [
              -119.43499780577751,
              37.281959639053944
            ]
          ]
        ]
      }
    },
    {
      "id": "38",
      "type": "Feature",
      "properties": {
        "id": null,
        "SOURCE_FILE": "/Users/maples/GitHub/mortalitree_testing/labels/gwynethb_mortalitree_postfire_labels.geojson",
        "SUNETID": "gwynethb",
        "FIRENAME": "CREEK",
        "FIRE_SLUG": "CREEK",
        "PREFIRE": 0,
        "PREFIRE_STATUS": "postfire",
        "TILE_Z": 17,
        "TILE_X": 22051,
        "TILE_Y": 50888,
        "TILEXYZ": [
          17,
          22051,
          50888
        ],
        "OUTPUT_FILE": "/Users/maples/GitHub/mortalitree_testing/notebooks/single_tiles/postfire/17/22051/50888.geojson",
        "OUTPUT_STATUS_DIR": "postfire",
        "FEATURE_COUNT": 326
      },
      "geometry": {
        "type": "Polygon",
        "coordinates": [
          [
            [
              -119.43484803446987,
              37.282005360736534
            ],
            [
              -119.434766144495,
              37.2820028911711
            ],
            [
              -119.43476861699499,
              37.28195054326279
            ],
            [
              -119.43485050691336,
              37.28195301282356
            ],
            [
              -119.43484803446987,
              37.282005360736534
            ]
          ]
        ]
      }
    },
    {
      "id": "39",
      "type": "Feature",
      "properties": {
        "id": null,
        "SOURCE_FILE": "/Users/maples/GitHub/mortalitree_testing/labels/gwynethb_mortalitree_postfire_labels.geojson",
        "SUNETID": "gwynethb",
        "FIRENAME": "CREEK",
        "FIRE_SLUG": "CREEK",
        "PREFIRE": 0,
        "PREFIRE_STATUS": "postfire",
        "TILE_Z": 17,
        "TILE_X": 22051,
        "TILE_Y": 50888,
        "TILEXYZ": [
          17,
          22051,
          50888
        ],
        "OUTPUT_FILE": "/Users/maples/GitHub/mortalitree_testing/notebooks/single_tiles/postfire/17/22051/50888.geojson",
        "OUTPUT_STATUS_DIR": "postfire",
        "FEATURE_COUNT": 326
      },
      "geometry": {
        "type": "Polygon",
        "coordinates": [
          [
            [
              -119.4348275357019,
              37.28209211334668
            ],
            [
              -119.43476202364748,
              37.28209013768361
            ],
            [
              -119.43476408407346,
              37.28204651442756
            ],
            [
              -119.43482959609022,
              37.28204849008753
            ],
            [
              -119.4348275357019,
              37.28209211334668
            ]
          ]
        ]
      }
    },
    {
      "id": "40",
      "type": "Feature",
      "properties": {
        "id": null,
        "SOURCE_FILE": "/Users/maples/GitHub/mortalitree_testing/labels/gwynethb_mortalitree_postfire_labels.geojson",
        "SUNETID": "gwynethb",
        "FIRENAME": "CREEK",
        "FIRE_SLUG": "CREEK",
        "PREFIRE": 0,
        "PREFIRE_STATUS": "postfire",
        "TILE_Z": 17,
        "TILE_X": 22051,
        "TILE_Y": 50888,
        "TILEXYZ": [
          17,
          22051,
          50888
        ],
        "OUTPUT_FILE": "/Users/maples/GitHub/mortalitree_testing/notebooks/single_tiles/postfire/17/22051/50888.geojson",
        "OUTPUT_STATUS_DIR": "postfire",
        "FEATURE_COUNT": 326
      },
      "geometry": {
        "type": "Polygon",
        "coordinates": [
          [
            [
              -119.43486003514025,
              37.281924904656485
            ],
            [
              -119.4347672266004,
              37.281922105825956
            ],
            [
              -119.4347701111738,
              37.28186103326529
            ],
            [
              -119.43486291963895,
              37.28186383208969
            ],
            [
              -119.43486003514025,
              37.281924904656485
            ]
          ]
        ]
      }
    },
    {
      "id": "41",
      "type": "Feature",
      "properties": {
        "id": null,
        "SOURCE_FILE": "/Users/maples/GitHub/mortalitree_testing/labels/gwynethb_mortalitree_postfire_labels.geojson",
        "SUNETID": "gwynethb",
        "FIRENAME": "CREEK",
        "FIRE_SLUG": "CREEK",
        "PREFIRE": 0,
        "PREFIRE_STATUS": "postfire",
        "TILE_Z": 17,
        "TILE_X": 22051,
        "TILE_Y": 50888,
        "TILEXYZ": [
          17,
          22051,
          50888
        ],
        "OUTPUT_FILE": "/Users/maples/GitHub/mortalitree_testing/notebooks/single_tiles/postfire/17/22051/50888.geojson",
        "OUTPUT_STATUS_DIR": "postfire",
        "FEATURE_COUNT": 326
      },
      "geometry": {
        "type": "Polygon",
        "coordinates": [
          [
            [
              -119.4347574922979,
              37.28195457630941
            ],
            [
              -119.43468106171328,
              37.28195227132764
            ],
            [
              -119.43468332822174,
              37.28190428574908
            ],
            [
              -119.43475975875802,
              37.28190659072687
            ],
            [
              -119.4347574922979,
              37.28195457630941
            ]
          ]
        ]
      }
    },
    {
      "id": "42",
      "type": "Feature",
      "properties": {
        "id": null,
        "SOURCE_FILE": "/Users/maples/GitHub/mortalitree_testing/labels/gwynethb_mortalitree_postfire_labels.geojson",
        "SUNETID": "gwynethb",
        "FIRENAME": "CREEK",
        "FIRE_SLUG": "CREEK",
        "PREFIRE": 0,
        "PREFIRE_STATUS": "postfire",
        "TILE_Z": 17,
        "TILE_X": 22051,
        "TILE_Y": 50888,
        "TILEXYZ": [
          17,
          22051,
          50888
        ],
        "OUTPUT_FILE": "/Users/maples/GitHub/mortalitree_testing/notebooks/single_tiles/postfire/17/22051/50888.geojson",
        "OUTPUT_STATUS_DIR": "postfire",
        "FEATURE_COUNT": 326
      },
      "geometry": {
        "type": "Polygon",
        "coordinates": [
          [
            [
              -119.43464310350238,
              37.28200354904209
            ],
            [
              -119.43450116092073,
              37.28199926818054
            ],
            [
              -119.43450466388671,
              37.28192510866496
            ],
            [
              -119.43464660632965,
              37.281929389515085
            ],
            [
              -119.43464310350238,
              37.28200354904209
            ]
          ]
        ]
      }
    },
    {
      "id": "43",
      "type": "Feature",
      "properties": {
        "id": null,
        "SOURCE_FILE": "/Users/maples/GitHub/mortalitree_testing/labels/gwynethb_mortalitree_postfire_labels.geojson",
        "SUNETID": "gwynethb",
        "FIRENAME": "CREEK",
        "FIRE_SLUG": "CREEK",
        "PREFIRE": 0,
        "PREFIRE_STATUS": "postfire",
        "TILE_Z": 17,
        "TILE_X": 22051,
        "TILE_Y": 50888,
        "TILEXYZ": [
          17,
          22051,
          50888
        ],
        "OUTPUT_FILE": "/Users/maples/GitHub/mortalitree_testing/notebooks/single_tiles/postfire/17/22051/50888.geojson",
        "OUTPUT_STATUS_DIR": "postfire",
        "FEATURE_COUNT": 326
      },
      "geometry": {
        "type": "Polygon",
        "coordinates": [
          [
            [
              -119.43457413960353,
              37.282132525346675
            ],
            [
              -119.43441581877536,
              37.28212775042239
            ],
            [
              -119.43442179458609,
              37.28200124302727
            ],
            [
              -119.4345801151503,
              37.28200601792982
            ],
            [
              -119.43457413960353,
              37.282132525346675
            ]
          ]
        ]
      }
    },
    {
      "id": "44",
      "type": "Feature",
      "properties": {
        "id": null,
        "SOURCE_FILE": "/Users/maples/GitHub/mortalitree_testing/labels/gwynethb_mortalitree_postfire_labels.geojson",
        "SUNETID": "gwynethb",
        "FIRENAME": "CREEK",
        "FIRE_SLUG": "CREEK",
        "PREFIRE": 0,
        "PREFIRE_STATUS": "postfire",
        "TILE_Z": 17,
        "TILE_X": 22051,
        "TILE_Y": 50888,
        "TILEXYZ": [
          17,
          22051,
          50888
        ],
        "OUTPUT_FILE": "/Users/maples/GitHub/mortalitree_testing/notebooks/single_tiles/postfire/17/22051/50888.geojson",
        "OUTPUT_STATUS_DIR": "postfire",
        "FEATURE_COUNT": 326
      },
      "geometry": {
        "type": "Polygon",
        "coordinates": [
          [
            [
              -119.43454972540938,
              37.28230216205427
            ],
            [
              -119.43440232293091,
              37.28229771639431
            ],
            [
              -119.43440829880092,
              37.28217120900469
            ],
            [
              -119.43455570103366,
              37.2821756546444
            ],
            [
              -119.43454972540938,
              37.28230216205427
            ]
          ]
        ]
      }
    },
    {
      "id": "45",
      "type": "Feature",
      "properties": {
        "id": null,
        "SOURCE_FILE": "/Users/maples/GitHub/mortalitree_testing/labels/gwynethb_mortalitree_postfire_labels.geojson",
        "SUNETID": "gwynethb",
        "FIRENAME": "CREEK",
        "FIRE_SLUG": "CREEK",
        "PREFIRE": 0,
        "PREFIRE_STATUS": "postfire",
        "TILE_Z": 17,
        "TILE_X": 22051,
        "TILE_Y": 50888,
        "TILEXYZ": [
          17,
          22051,
          50888
        ],
        "OUTPUT_FILE": "/Users/maples/GitHub/mortalitree_testing/notebooks/single_tiles/postfire/17/22051/50888.geojson",
        "OUTPUT_STATUS_DIR": "postfire",
        "FEATURE_COUNT": 326
      },
      "geometry": {
        "type": "Polygon",
        "coordinates": [
          [
            [
              -119.4343666833169,
              37.28224203474136
            ],
            [
              -119.43427387443754,
              37.28223923550381
            ],
            [
              -119.43427717158555,
              37.28216943833284
            ],
            [
              -119.43436998037951,
              37.28217223756337
            ],
            [
              -119.4343666833169,
              37.28224203474136
            ]
          ]
        ]
      }
    },
    {
      "id": "46",
      "type": "Feature",
      "properties": {
        "id": null,
        "SOURCE_FILE": "/Users/maples/GitHub/mortalitree_testing/labels/gwynethb_mortalitree_postfire_labels.geojson",
        "SUNETID": "gwynethb",
        "FIRENAME": "CREEK",
        "FIRE_SLUG": "CREEK",
        "PREFIRE": 0,
        "PREFIRE_STATUS": "postfire",
        "TILE_Z": 17,
        "TILE_X": 22051,
        "TILE_Y": 50888,
        "TILEXYZ": [
          17,
          22051,
          50888
        ],
        "OUTPUT_FILE": "/Users/maples/GitHub/mortalitree_testing/notebooks/single_tiles/postfire/17/22051/50888.geojson",
        "OUTPUT_STATUS_DIR": "postfire",
        "FEATURE_COUNT": 326
      },
      "geometry": {
        "type": "Polygon",
        "coordinates": [
          [
            [
              -119.43461662900833,
              37.28221680902535
            ],
            [
              -119.43451290144449,
              37.28221368068178
            ],
            [
              -119.43451599231129,
              37.28214824581669
            ],
            [
              -119.43461971978567,
              37.2821513741529
            ],
            [
              -119.43461662900833,
              37.28221680902535
            ]
          ]
        ]
      }
    },
    {
      "id": "47",
      "type": "Feature",
      "properties": {
        "id": null,
        "SOURCE_FILE": "/Users/maples/GitHub/mortalitree_testing/labels/gwynethb_mortalitree_postfire_labels.geojson",
        "SUNETID": "gwynethb",
        "FIRENAME": "CREEK",
        "FIRE_SLUG": "CREEK",
        "PREFIRE": 0,
        "PREFIRE_STATUS": "postfire",
        "TILE_Z": 17,
        "TILE_X": 22051,
        "TILE_Y": 50888,
        "TILEXYZ": [
          17,
          22051,
          50888
        ],
        "OUTPUT_FILE": "/Users/maples/GitHub/mortalitree_testing/notebooks/single_tiles/postfire/17/22051/50888.geojson",
        "OUTPUT_STATUS_DIR": "postfire",
        "FEATURE_COUNT": 326
      },
      "geometry": {
        "type": "Polygon",
        "coordinates": [
          [
            [
              -119.4345320589019,
              37.28238681575086
            ],
            [
              -119.43441195304403,
              37.282383193350185
            ],
            [
              -119.43441545614617,
              37.282309033846644
            ],
            [
              -119.43453556188665,
              37.28231265623766
            ],
            [
              -119.4345320589019,
              37.28238681575086
            ]
          ]
        ]
      }
    },
    {
      "id": "48",
      "type": "Feature",
      "properties": {
        "id": null,
        "SOURCE_FILE": "/Users/maples/GitHub/mortalitree_testing/labels/gwynethb_mortalitree_postfire_labels.geojson",
        "SUNETID": "gwynethb",
        "FIRENAME": "CREEK",
        "FIRE_SLUG": "CREEK",
        "PREFIRE": 0,
        "PREFIRE_STATUS": "postfire",
        "TILE_Z": 17,
        "TILE_X": 22051,
        "TILE_Y": 50888,
        "TILEXYZ": [
          17,
          22051,
          50888
        ],
        "OUTPUT_FILE": "/Users/maples/GitHub/mortalitree_testing/notebooks/single_tiles/postfire/17/22051/50888.geojson",
        "OUTPUT_STATUS_DIR": "postfire",
        "FEATURE_COUNT": 326
      },
      "geometry": {
        "type": "Polygon",
        "coordinates": [
          [
            [
              -119.43450285543801,
              37.282484227107574
            ],
            [
              -119.43441550561128,
              37.282481592619014
            ],
            [
              -119.43441839052724,
              37.28242052008756
            ],
            [
              -119.43450574028367,
              37.28242315457032
            ],
            [
              -119.43450285543801,
              37.282484227107574
            ]
          ]
        ]
      }
    },
    {
      "id": "49",
      "type": "Feature",
      "properties": {
        "id": null,
        "SOURCE_FILE": "/Users/maples/GitHub/mortalitree_testing/labels/gwynethb_mortalitree_postfire_labels.geojson",
        "SUNETID": "gwynethb",
        "FIRENAME": "CREEK",
        "FIRE_SLUG": "CREEK",
        "PREFIRE": 0,
        "PREFIRE_STATUS": "postfire",
        "TILE_Z": 17,
        "TILE_X": 22051,
        "TILE_Y": 50888,
        "TILEXYZ": [
          17,
          22051,
          50888
        ],
        "OUTPUT_FILE": "/Users/maples/GitHub/mortalitree_testing/notebooks/single_tiles/postfire/17/22051/50888.geojson",
        "OUTPUT_STATUS_DIR": "postfire",
        "FEATURE_COUNT": 326
      },
      "geometry": {
        "type": "Polygon",
        "coordinates": [
          [
            [
              -119.4344217878628,
              37.282580074215765
            ],
            [
              -119.43427438486285,
              37.28257562836838
            ],
            [
              -119.43427994886042,
              37.28245784564838
            ],
            [
              -119.43442735163154,
              37.28246229147693
            ],
            [
              -119.4344217878628,
              37.282580074215765
            ]
          ]
        ]
      }
    },
    {
      "id": "50",
      "type": "Feature",
      "properties": {
        "id": null,
        "SOURCE_FILE": "/Users/maples/GitHub/mortalitree_testing/labels/gwynethb_mortalitree_postfire_labels.geojson",
        "SUNETID": "gwynethb",
        "FIRENAME": "CREEK",
        "FIRE_SLUG": "CREEK",
        "PREFIRE": 0,
        "PREFIRE_STATUS": "postfire",
        "TILE_Z": 17,
        "TILE_X": 22051,
        "TILE_Y": 50888,
        "TILEXYZ": [
          17,
          22051,
          50888
        ],
        "OUTPUT_FILE": "/Users/maples/GitHub/mortalitree_testing/notebooks/single_tiles/postfire/17/22051/50888.geojson",
        "OUTPUT_STATUS_DIR": "postfire",
        "FEATURE_COUNT": 326
      },
      "geometry": {
        "type": "Polygon",
        "coordinates": [
          [
            [
              -119.4344429576451,
              37.28242126104234
            ],
            [
              -119.43432831110282,
              37.28241780320986
            ],
            [
              -119.43433181429141,
              37.282343643713524
            ],
            [
              -119.43444646072162,
              37.28234710153676
            ],
            [
              -119.4344429576451,
              37.28242126104234
            ]
          ]
        ]
      }
    },
    {
      "id": "51",
      "type": "Feature",
      "properties": {
        "id": null,
        "SOURCE_FILE": "/Users/maples/GitHub/mortalitree_testing/labels/gwynethb_mortalitree_postfire_labels.geojson",
        "SUNETID": "gwynethb",
        "FIRENAME": "CREEK",
        "FIRE_SLUG": "CREEK",
        "PREFIRE": 0,
        "PREFIRE_STATUS": "postfire",
        "TILE_Z": 17,
        "TILE_X": 22051,
        "TILE_Y": 50888,
        "TILEXYZ": [
          17,
          22051,
          50888
        ],
        "OUTPUT_FILE": "/Users/maples/GitHub/mortalitree_testing/notebooks/single_tiles/postfire/17/22051/50888.geojson",
        "OUTPUT_STATUS_DIR": "postfire",
        "FEATURE_COUNT": 326
      },
      "geometry": {
        "type": "Polygon",
        "coordinates": [
          [
            [
              -119.43431074888187,
              37.282384509469644
            ],
            [
              -119.43419610241187,
              37.28238105151202
            ],
            [
              -119.43420084218614,
              37.28228071808934
            ],
            [
              -119.43431548850451,
              37.28228417603449
            ],
            [
              -119.43431074888187,
              37.282384509469644
            ]
          ]
        ]
      }
    },
    {
      "id": "52",
      "type": "Feature",
      "properties": {
        "id": null,
        "SOURCE_FILE": "/Users/maples/GitHub/mortalitree_testing/labels/gwynethb_mortalitree_postfire_labels.geojson",
        "SUNETID": "gwynethb",
        "FIRENAME": "CREEK",
        "FIRE_SLUG": "CREEK",
        "PREFIRE": 0,
        "PREFIRE_STATUS": "postfire",
        "TILE_Z": 17,
        "TILE_X": 22051,
        "TILE_Y": 50888,
        "TILEXYZ": [
          17,
          22051,
          50888
        ],
        "OUTPUT_FILE": "/Users/maples/GitHub/mortalitree_testing/notebooks/single_tiles/postfire/17/22051/50888.geojson",
        "OUTPUT_STATUS_DIR": "postfire",
        "FEATURE_COUNT": 326
      },
      "geometry": {
        "type": "Polygon",
        "coordinates": [
          [
            [
              -119.43425146955171,
              37.28230845634961
            ],
            [
              -119.43406039231725,
              37.28230269293966
            ],
            [
              -119.43406533834205,
              37.2821979972083
            ],
            [
              -119.4342564153129,
              37.282203760596545
            ],
            [
              -119.43425146955171,
              37.28230845634961
            ]
          ]
        ]
      }
    },
    {
      "id": "53",
      "type": "Feature",
      "properties": {
        "id": null,
        "SOURCE_FILE": "/Users/maples/GitHub/mortalitree_testing/labels/gwynethb_mortalitree_postfire_labels.geojson",
        "SUNETID": "gwynethb",
        "FIRENAME": "CREEK",
        "FIRE_SLUG": "CREEK",
        "PREFIRE": 0,
        "PREFIRE_STATUS": "postfire",
        "TILE_Z": 17,
        "TILE_X": 22051,
        "TILE_Y": 50888,
        "TILEXYZ": [
          17,
          22051,
          50888
        ],
        "OUTPUT_FILE": "/Users/maples/GitHub/mortalitree_testing/notebooks/single_tiles/postfire/17/22051/50888.geojson",
        "OUTPUT_STATUS_DIR": "postfire",
        "FEATURE_COUNT": 326
      },
      "geometry": {
        "type": "Polygon",
        "coordinates": [
          [
            [
              -119.43437131980798,
              37.2821438824595
            ],
            [
              -119.43426759237195,
              37.28214075390615
            ],
            [
              -119.43427088951404,
              37.28207095673451
            ],
            [
              -119.43437461685463,
              37.282074085279994
            ],
            [
              -119.43437131980798,
              37.2821438824595
            ]
          ]
        ]
      }
    },
    {
      "id": "54",
      "type": "Feature",
      "properties": {
        "id": null,
        "SOURCE_FILE": "/Users/maples/GitHub/mortalitree_testing/labels/gwynethb_mortalitree_postfire_labels.geojson",
        "SUNETID": "gwynethb",
        "FIRENAME": "CREEK",
        "FIRE_SLUG": "CREEK",
        "PREFIRE": 0,
        "PREFIRE_STATUS": "postfire",
        "TILE_Z": 17,
        "TILE_X": 22051,
        "TILE_Y": 50888,
        "TILEXYZ": [
          17,
          22051,
          50888
        ],
        "OUTPUT_FILE": "/Users/maples/GitHub/mortalitree_testing/notebooks/single_tiles/postfire/17/22051/50888.geojson",
        "OUTPUT_STATUS_DIR": "postfire",
        "FEATURE_COUNT": 326
      },
      "geometry": {
        "type": "Polygon",
        "coordinates": [
          [
            [
              -119.43427907697047,
              37.282186969957074
            ],
            [
              -119.43418080882664,
              37.282184005987205
            ],
            [
              -119.4341849303591,
              37.282096759531385
            ],
            [
              -119.4342831983899,
              37.28209972349195
            ],
            [
              -119.43427907697047,
              37.282186969957074
            ]
          ]
        ]
      }
    },
    {
      "id": "55",
      "type": "Feature",
      "properties": {
        "id": null,
        "SOURCE_FILE": "/Users/maples/GitHub/mortalitree_testing/labels/gwynethb_mortalitree_postfire_labels.geojson",
        "SUNETID": "gwynethb",
        "FIRENAME": "CREEK",
        "FIRE_SLUG": "CREEK",
        "PREFIRE": 0,
        "PREFIRE_STATUS": "postfire",
        "TILE_Z": 17,
        "TILE_X": 22051,
        "TILE_Y": 50888,
        "TILEXYZ": [
          17,
          22051,
          50888
        ],
        "OUTPUT_FILE": "/Users/maples/GitHub/mortalitree_testing/notebooks/single_tiles/postfire/17/22051/50888.geojson",
        "OUTPUT_STATUS_DIR": "postfire",
        "FEATURE_COUNT": 326
      },
      "geometry": {
        "type": "Polygon",
        "coordinates": [
          [
            [
              -119.43418405368924,
              37.28217318251388
            ],
            [
              -119.43406940755567,
              37.28216972445017
            ],
            [
              -119.43407352921457,
              37.28208247800474
            ],
            [
              -119.43418817521635,
              37.28208593605759
            ],
            [
              -119.43418405368924,
              37.28217318251388
            ]
          ]
        ]
      }
    },
    {
      "id": "56",
      "type": "Feature",
      "properties": {
        "id": null,
        "SOURCE_FILE": "/Users/maples/GitHub/mortalitree_testing/labels/gwynethb_mortalitree_postfire_labels.geojson",
        "SUNETID": "gwynethb",
        "FIRENAME": "CREEK",
        "FIRE_SLUG": "CREEK",
        "PREFIRE": 0,
        "PREFIRE_STATUS": "postfire",
        "TILE_Z": 17,
        "TILE_X": 22051,
        "TILE_Y": 50888,
        "TILEXYZ": [
          17,
          22051,
          50888
        ],
        "OUTPUT_FILE": "/Users/maples/GitHub/mortalitree_testing/notebooks/single_tiles/postfire/17/22051/50888.geojson",
        "OUTPUT_STATUS_DIR": "postfire",
        "FEATURE_COUNT": 326
      },
      "geometry": {
        "type": "Polygon",
        "coordinates": [
          [
            [
              -119.43431714003475,
              37.28201774498419
            ],
            [
              -119.43422979076483,
              37.28201511038656
            ],
            [
              -119.43423267578221,
              37.281954037862654
            ],
            [
              -119.43432002498184,
              37.281956672454484
            ],
            [
              -119.43431714003475,
              37.28201774498419
            ]
          ]
        ]
      }
    },
    {
      "id": "57",
      "type": "Feature",
      "properties": {
        "id": null,
        "SOURCE_FILE": "/Users/maples/GitHub/mortalitree_testing/labels/gwynethb_mortalitree_postfire_labels.geojson",
        "SUNETID": "gwynethb",
        "FIRENAME": "CREEK",
        "FIRE_SLUG": "CREEK",
        "PREFIRE": 0,
        "PREFIRE_STATUS": "postfire",
        "TILE_Z": 17,
        "TILE_X": 22051,
        "TILE_Y": 50888,
        "TILEXYZ": [
          17,
          22051,
          50888
        ],
        "OUTPUT_FILE": "/Users/maples/GitHub/mortalitree_testing/notebooks/single_tiles/postfire/17/22051/50888.geojson",
        "OUTPUT_STATUS_DIR": "postfire",
        "FEATURE_COUNT": 326
      },
      "geometry": {
        "type": "Polygon",
        "coordinates": [
          [
            [
              -119.43424915521736,
              37.282068116920215
            ],
            [
              -119.4340908345802,
              37.28206334156826
            ],
            [
              -119.43409433795692,
              37.281989182086676
            ],
            [
              -119.43425265843932,
              37.28199395742589
            ],
            [
              -119.43424915521736,
              37.282068116920215
            ]
          ]
        ]
      }
    },
    {
      "id": "58",
      "type": "Feature",
      "properties": {
        "id": null,
        "SOURCE_FILE": "/Users/maples/GitHub/mortalitree_testing/labels/gwynethb_mortalitree_postfire_labels.geojson",
        "SUNETID": "gwynethb",
        "FIRENAME": "CREEK",
        "FIRE_SLUG": "CREEK",
        "PREFIRE": 0,
        "PREFIRE_STATUS": "postfire",
        "TILE_Z": 17,
        "TILE_X": 22051,
        "TILE_Y": 50888,
        "TILEXYZ": [
          17,
          22051,
          50888
        ],
        "OUTPUT_FILE": "/Users/maples/GitHub/mortalitree_testing/notebooks/single_tiles/postfire/17/22051/50888.geojson",
        "OUTPUT_STATUS_DIR": "postfire",
        "FEATURE_COUNT": 326
      },
      "geometry": {
        "type": "Polygon",
        "coordinates": [
          [
            [
              -119.43407929767078,
              37.28207609919293
            ],
            [
              -119.43398102969253,
              37.28207313506468
            ],
            [
              -119.4339843270912,
              37.28200333791405
            ],
            [
              -119.43408259497905,
              37.282006302034844
            ],
            [
              -119.43407929767078,
              37.28207609919293
            ]
          ]
        ]
      }
    },
    {
      "id": "59",
      "type": "Feature",
      "properties": {
        "id": null,
        "SOURCE_FILE": "/Users/maples/GitHub/mortalitree_testing/labels/gwynethb_mortalitree_postfire_labels.geojson",
        "SUNETID": "gwynethb",
        "FIRENAME": "CREEK",
        "FIRE_SLUG": "CREEK",
        "PREFIRE": 0,
        "PREFIRE_STATUS": "postfire",
        "TILE_Z": 17,
        "TILE_X": 22051,
        "TILE_Y": 50888,
        "TILEXYZ": [
          17,
          22051,
          50888
        ],
        "OUTPUT_FILE": "/Users/maples/GitHub/mortalitree_testing/notebooks/single_tiles/postfire/17/22051/50888.geojson",
        "OUTPUT_STATUS_DIR": "postfire",
        "FEATURE_COUNT": 326
      },
      "geometry": {
        "type": "Polygon",
        "coordinates": [
          [
            [
              -119.43428232487929,
              37.281944614019956
            ],
            [
              -119.43415676043362,
              37.281940826735024
            ],
            [
              -119.4341602637301,
              37.28186666724656
            ],
            [
              -119.43428582805308,
              37.281870454521396
            ],
            [
              -119.43428232487929,
              37.281944614019956
            ]
          ]
        ]
      }
    },
    {
      "id": "60",
      "type": "Feature",
      "properties": {
        "id": null,
        "SOURCE_FILE": "/Users/maples/GitHub/mortalitree_testing/labels/gwynethb_mortalitree_postfire_labels.geojson",
        "SUNETID": "gwynethb",
        "FIRENAME": "CREEK",
        "FIRE_SLUG": "CREEK",
        "PREFIRE": 0,
        "PREFIRE_STATUS": "postfire",
        "TILE_Z": 17,
        "TILE_X": 22051,
        "TILE_Y": 50888,
        "TILEXYZ": [
          17,
          22051,
          50888
        ],
        "OUTPUT_FILE": "/Users/maples/GitHub/mortalitree_testing/notebooks/single_tiles/postfire/17/22051/50888.geojson",
        "OUTPUT_STATUS_DIR": "postfire",
        "FEATURE_COUNT": 326
      },
      "geometry": {
        "type": "Polygon",
        "coordinates": [
          [
            [
              -119.43405694700449,
              37.28197058009771
            ],
            [
              -119.43394776051798,
              37.281967286604164
            ],
            [
              -119.43395270663888,
              37.28186259087973
            ],
            [
              -119.43406189297473,
              37.281865884360876
            ],
            [
              -119.43405694700449,
              37.28197058009771
            ]
          ]
        ]
      }
    },
    {
      "id": "61",
      "type": "Feature",
      "properties": {
        "id": null,
        "SOURCE_FILE": "/Users/maples/GitHub/mortalitree_testing/labels/gwynethb_mortalitree_postfire_labels.geojson",
        "SUNETID": "gwynethb",
        "FIRENAME": "CREEK",
        "FIRE_SLUG": "CREEK",
        "PREFIRE": 0,
        "PREFIRE_STATUS": "postfire",
        "TILE_Z": 17,
        "TILE_X": 22051,
        "TILE_Y": 50888,
        "TILEXYZ": [
          17,
          22051,
          50888
        ],
        "OUTPUT_FILE": "/Users/maples/GitHub/mortalitree_testing/notebooks/single_tiles/postfire/17/22051/50888.geojson",
        "OUTPUT_STATUS_DIR": "postfire",
        "FEATURE_COUNT": 326
      },
      "geometry": {
        "type": "Polygon",
        "coordinates": [
          [
            [
              -119.43390918143798,
              37.282147417221026
            ],
            [
              -119.43381091338523,
              37.28214445294675
            ],
            [
              -119.43381565363029,
              37.282044119562215
            ],
            [
              -119.43391392155307,
              37.28204708382578
            ],
            [
              -119.43390918143798,
              37.282147417221026
            ]
          ]
        ]
      }
    },
    {
      "id": "62",
      "type": "Feature",
      "properties": {
        "id": null,
        "SOURCE_FILE": "/Users/maples/GitHub/mortalitree_testing/labels/gwynethb_mortalitree_postfire_labels.geojson",
        "SUNETID": "gwynethb",
        "FIRENAME": "CREEK",
        "FIRE_SLUG": "CREEK",
        "PREFIRE": 0,
        "PREFIRE_STATUS": "postfire",
        "TILE_Z": 17,
        "TILE_X": 22051,
        "TILE_Y": 50888,
        "TILEXYZ": [
          17,
          22051,
          50888
        ],
        "OUTPUT_FILE": "/Users/maples/GitHub/mortalitree_testing/notebooks/single_tiles/postfire/17/22051/50888.geojson",
        "OUTPUT_STATUS_DIR": "postfire",
        "FEATURE_COUNT": 326
      },
      "geometry": {
        "type": "Polygon",
        "coordinates": [
          [
            [
              -119.43391515389438,
              37.28225244229546
            ],
            [
              -119.43382234504794,
              37.28224964270321
            ],
            [
              -119.43382502432138,
              37.28219293252994
            ],
            [
              -119.43391783309843,
              37.28219573211647
            ],
            [
              -119.43391515389438,
              37.28225244229546
            ]
          ]
        ]
      }
    },
    {
      "id": "63",
      "type": "Feature",
      "properties": {
        "id": null,
        "SOURCE_FILE": "/Users/maples/GitHub/mortalitree_testing/labels/gwynethb_mortalitree_postfire_labels.geojson",
        "SUNETID": "gwynethb",
        "FIRENAME": "CREEK",
        "FIRE_SLUG": "CREEK",
        "PREFIRE": 0,
        "PREFIRE_STATUS": "postfire",
        "TILE_Z": 17,
        "TILE_X": 22051,
        "TILE_Y": 50888,
        "TILEXYZ": [
          17,
          22051,
          50888
        ],
        "OUTPUT_FILE": "/Users/maples/GitHub/mortalitree_testing/notebooks/single_tiles/postfire/17/22051/50888.geojson",
        "OUTPUT_STATUS_DIR": "postfire",
        "FEATURE_COUNT": 326
      },
      "geometry": {
        "type": "Polygon",
        "coordinates": [
          [
            [
              -119.43398700024642,
              37.282293926345254
            ],
            [
              -119.43389965068874,
              37.28229129148744
            ],
            [
              -119.43390212381468,
              37.28223894363116
            ],
            [
              -119.43398947331208,
              37.282241578484005
            ],
            [
              -119.43398700024642,
              37.282293926345254
            ]
          ]
        ]
      }
    },
    {
      "id": "64",
      "type": "Feature",
      "properties": {
        "id": null,
        "SOURCE_FILE": "/Users/maples/GitHub/mortalitree_testing/labels/gwynethb_mortalitree_postfire_labels.geojson",
        "SUNETID": "gwynethb",
        "FIRENAME": "CREEK",
        "FIRE_SLUG": "CREEK",
        "PREFIRE": 0,
        "PREFIRE_STATUS": "postfire",
        "TILE_Z": 17,
        "TILE_X": 22051,
        "TILE_Y": 50888,
        "TILEXYZ": [
          17,
          22051,
          50888
        ],
        "OUTPUT_FILE": "/Users/maples/GitHub/mortalitree_testing/notebooks/single_tiles/postfire/17/22051/50888.geojson",
        "OUTPUT_STATUS_DIR": "postfire",
        "FEATURE_COUNT": 326
      },
      "geometry": {
        "type": "Polygon",
        "coordinates": [
          [
            [
              -119.43440618462095,
              37.28279464911045
            ],
            [
              -119.43436649236085,
              37.28279464911045
            ],
            [
              -119.4343187779719,
              37.282793209991354
            ],
            [
              -119.43432104477927,
              37.28274522443858
            ],
            [
              -119.4344083949017,
              37.282747859012645
            ],
            [
              -119.43440618462095,
              37.28279464911045
            ]
          ]
        ]
      }
    },
    {
      "id": "65",
      "type": "Feature",
      "properties": {
        "id": null,
        "SOURCE_FILE": "/Users/maples/GitHub/mortalitree_testing/labels/gwynethb_mortalitree_postfire_labels.geojson",
        "SUNETID": "gwynethb",
        "FIRENAME": "CREEK",
        "FIRE_SLUG": "CREEK",
        "PREFIRE": 0,
        "PREFIRE_STATUS": "postfire",
        "TILE_Z": 17,
        "TILE_X": 22051,
        "TILE_Y": 50888,
        "TILEXYZ": [
          17,
          22051,
          50888
        ],
        "OUTPUT_FILE": "/Users/maples/GitHub/mortalitree_testing/notebooks/single_tiles/postfire/17/22051/50888.geojson",
        "OUTPUT_STATUS_DIR": "postfire",
        "FEATURE_COUNT": 326
      },
      "geometry": {
        "type": "Polygon",
        "coordinates": [
          [
            [
              -119.4343183150881,
              37.28274514210711
            ],
            [
              -119.43422550559585,
              37.28274234279958
            ],
            [
              -119.43422818461451,
              37.28268563260606
            ],
            [
              -119.4343209940374,
              37.282688431907886
            ],
            [
              -119.4343183150881,
              37.28274514210711
            ]
          ]
        ]
      }
    },
    {
      "id": "66",
      "type": "Feature",
      "properties": {
        "id": null,
        "SOURCE_FILE": "/Users/maples/GitHub/mortalitree_testing/labels/gwynethb_mortalitree_postfire_labels.geojson",
        "SUNETID": "gwynethb",
        "FIRENAME": "CREEK",
        "FIRE_SLUG": "CREEK",
        "PREFIRE": 0,
        "PREFIRE_STATUS": "postfire",
        "TILE_Z": 17,
        "TILE_X": 22051,
        "TILE_Y": 50888,
        "TILEXYZ": [
          17,
          22051,
          50888
        ],
        "OUTPUT_FILE": "/Users/maples/GitHub/mortalitree_testing/notebooks/single_tiles/postfire/17/22051/50888.geojson",
        "OUTPUT_STATUS_DIR": "postfire",
        "FEATURE_COUNT": 326
      },
      "geometry": {
        "type": "Polygon",
        "coordinates": [
          [
            [
              -119.43402762830429,
              37.28276476970505
            ],
            [
              -119.4338638468654,
              37.28275982929719
            ],
            [
              -119.43387002983499,
              37.28262895967079
            ],
            [
              -119.43403381099137,
              37.28263390005537
            ],
            [
              -119.43402762830429,
              37.28276476970505
            ]
          ]
        ]
      }
    },
    {
      "id": "67",
      "type": "Feature",
      "properties": {
        "id": null,
        "SOURCE_FILE": "/Users/maples/GitHub/mortalitree_testing/labels/gwynethb_mortalitree_postfire_labels.geojson",
        "SUNETID": "gwynethb",
        "FIRENAME": "CREEK",
        "FIRE_SLUG": "CREEK",
        "PREFIRE": 0,
        "PREFIRE_STATUS": "postfire",
        "TILE_Z": 17,
        "TILE_X": 22051,
        "TILE_Y": 50888,
        "TILEXYZ": [
          17,
          22051,
          50888
        ],
        "OUTPUT_FILE": "/Users/maples/GitHub/mortalitree_testing/notebooks/single_tiles/postfire/17/22051/50888.geojson",
        "OUTPUT_STATUS_DIR": "postfire",
        "FEATURE_COUNT": 326
      },
      "geometry": {
        "type": "Polygon",
        "coordinates": [
          [
            [
              -119.43390005637731,
              37.28262986542489
            ],
            [
              -119.433779950216,
              37.2826262423629
            ],
            [
              -119.43378366007178,
              37.28254772059294
            ],
            [
              -119.43390376610881,
              37.28255134364468
            ],
            [
              -119.43390005637731,
              37.28262986542489
            ]
          ]
        ]
      }
    },
    {
      "id": "68",
      "type": "Feature",
      "properties": {
        "id": null,
        "SOURCE_FILE": "/Users/maples/GitHub/mortalitree_testing/labels/gwynethb_mortalitree_postfire_labels.geojson",
        "SUNETID": "gwynethb",
        "FIRENAME": "CREEK",
        "FIRE_SLUG": "CREEK",
        "PREFIRE": 0,
        "PREFIRE_STATUS": "postfire",
        "TILE_Z": 17,
        "TILE_X": 22051,
        "TILE_Y": 50888,
        "TILEXYZ": [
          17,
          22051,
          50888
        ],
        "OUTPUT_FILE": "/Users/maples/GitHub/mortalitree_testing/notebooks/single_tiles/postfire/17/22051/50888.geojson",
        "OUTPUT_STATUS_DIR": "postfire",
        "FEATURE_COUNT": 326
      },
      "geometry": {
        "type": "Polygon",
        "coordinates": [
          [
            [
              -119.43424610832425,
              37.282653409185535
            ],
            [
              -119.43413692082873,
              37.282650115815294
            ],
            [
              -119.43414063031683,
              37.28257159401507
            ],
            [
              -119.43424981769934,
              37.282574887376015
            ],
            [
              -119.43424610832425,
              37.282653409185535
            ]
          ]
        ]
      }
    },
    {
      "id": "69",
      "type": "Feature",
      "properties": {
        "id": null,
        "SOURCE_FILE": "/Users/maples/GitHub/mortalitree_testing/labels/gwynethb_mortalitree_postfire_labels.geojson",
        "SUNETID": "gwynethb",
        "FIRENAME": "CREEK",
        "FIRE_SLUG": "CREEK",
        "PREFIRE": 0,
        "PREFIRE_STATUS": "postfire",
        "TILE_Z": 17,
        "TILE_X": 22051,
        "TILE_Y": 50888,
        "TILEXYZ": [
          17,
          22051,
          50888
        ],
        "OUTPUT_FILE": "/Users/maples/GitHub/mortalitree_testing/notebooks/single_tiles/postfire/17/22051/50888.geojson",
        "OUTPUT_STATUS_DIR": "postfire",
        "FEATURE_COUNT": 326
      },
      "geometry": {
        "type": "Polygon",
        "coordinates": [
          [
            [
              -119.43432027585808,
              37.28247216758873
            ],
            [
              -119.43420562925392,
              37.28246870963344
            ],
            [
              -119.43420913256934,
              37.28239455014766
            ],
            [
              -119.43432377906144,
              37.28239800809372
            ],
            [
              -119.43432027585808,
              37.28247216758873
            ]
          ]
        ]
      }
    },
    {
      "id": "70",
      "type": "Feature",
      "properties": {
        "id": null,
        "SOURCE_FILE": "/Users/maples/GitHub/mortalitree_testing/labels/gwynethb_mortalitree_postfire_labels.geojson",
        "SUNETID": "gwynethb",
        "FIRENAME": "CREEK",
        "FIRE_SLUG": "CREEK",
        "PREFIRE": 0,
        "PREFIRE_STATUS": "postfire",
        "TILE_Z": 17,
        "TILE_X": 22051,
        "TILE_Y": 50888,
        "TILEXYZ": [
          17,
          22051,
          50888
        ],
        "OUTPUT_FILE": "/Users/maples/GitHub/mortalitree_testing/notebooks/single_tiles/postfire/17/22051/50888.geojson",
        "OUTPUT_STATUS_DIR": "postfire",
        "FEATURE_COUNT": 326
      },
      "geometry": {
        "type": "Polygon",
        "coordinates": [
          [
            [
              -119.43420758529267,
              37.282543033785515
            ],
            [
              -119.43410385732736,
              37.282539905060275
            ],
            [
              -119.43410797900168,
              37.28245265861701
            ],
            [
              -119.4342117068477,
              37.28245578733243
            ],
            [
              -119.43420758529267,
              37.282543033785515
            ]
          ]
        ]
      }
    },
    {
      "id": "71",
      "type": "Feature",
      "properties": {
        "id": null,
        "SOURCE_FILE": "/Users/maples/GitHub/mortalitree_testing/labels/gwynethb_mortalitree_postfire_labels.geojson",
        "SUNETID": "gwynethb",
        "FIRENAME": "CREEK",
        "FIRE_SLUG": "CREEK",
        "PREFIRE": 0,
        "PREFIRE_STATUS": "postfire",
        "TILE_Z": 17,
        "TILE_X": 22051,
        "TILE_Y": 50888,
        "TILEXYZ": [
          17,
          22051,
          50888
        ],
        "OUTPUT_FILE": "/Users/maples/GitHub/mortalitree_testing/notebooks/single_tiles/postfire/17/22051/50888.geojson",
        "OUTPUT_STATUS_DIR": "postfire",
        "FEATURE_COUNT": 326
      },
      "geometry": {
        "type": "Polygon",
        "coordinates": [
          [
            [
              -119.4341676721998,
              37.282404220946404
            ],
            [
              -119.43401481022816,
              37.282399610124784
            ],
            [
              -119.43401851980954,
              37.28232108833169
            ],
            [
              -119.434171381623,
              37.28232569914027
            ],
            [
              -119.4341676721998,
              37.282404220946404
            ]
          ]
        ]
      }
    },
    {
      "id": "72",
      "type": "Feature",
      "properties": {
        "id": null,
        "SOURCE_FILE": "/Users/maples/GitHub/mortalitree_testing/labels/gwynethb_mortalitree_postfire_labels.geojson",
        "SUNETID": "gwynethb",
        "FIRENAME": "CREEK",
        "FIRE_SLUG": "CREEK",
        "PREFIRE": 0,
        "PREFIRE_STATUS": "postfire",
        "TILE_Z": 17,
        "TILE_X": 22051,
        "TILE_Y": 50888,
        "TILEXYZ": [
          17,
          22051,
          50888
        ],
        "OUTPUT_FILE": "/Users/maples/GitHub/mortalitree_testing/notebooks/single_tiles/postfire/17/22051/50888.geojson",
        "OUTPUT_STATUS_DIR": "postfire",
        "FEATURE_COUNT": 326
      },
      "geometry": {
        "type": "Polygon",
        "coordinates": [
          [
            [
              -119.43398591523604,
              37.28249047783598
            ],
            [
              -119.43383305312024,
              37.282485866770585
            ],
            [
              -119.43383882388568,
              37.282363721784506
            ],
            [
              -119.4339916857554,
              37.28236833282963
            ],
            [
              -119.43398591523604,
              37.28249047783598
            ]
          ]
        ]
      }
    },
    {
      "id": "73",
      "type": "Feature",
      "properties": {
        "id": null,
        "SOURCE_FILE": "/Users/maples/GitHub/mortalitree_testing/labels/gwynethb_mortalitree_postfire_labels.geojson",
        "SUNETID": "gwynethb",
        "FIRENAME": "CREEK",
        "FIRE_SLUG": "CREEK",
        "PREFIRE": 0,
        "PREFIRE_STATUS": "postfire",
        "TILE_Z": 17,
        "TILE_X": 22051,
        "TILE_Y": 50888,
        "TILEXYZ": [
          17,
          22051,
          50888
        ],
        "OUTPUT_FILE": "/Users/maples/GitHub/mortalitree_testing/notebooks/single_tiles/postfire/17/22051/50888.geojson",
        "OUTPUT_STATUS_DIR": "postfire",
        "FEATURE_COUNT": 326
      },
      "geometry": {
        "type": "Polygon",
        "coordinates": [
          [
            [
              -119.43411925560696,
              37.282619003210314
            ],
            [
              -119.43397185257972,
              37.28261455698227
            ],
            [
              -119.43397576832608,
              37.2825316728742
            ],
            [
              -119.43412317119228,
              37.28253611908899
            ],
            [
              -119.43411925560696,
              37.282619003210314
            ]
          ]
        ]
      }
    },
    {
      "id": "74",
      "type": "Feature",
      "properties": {
        "id": null,
        "SOURCE_FILE": "/Users/maples/GitHub/mortalitree_testing/labels/gwynethb_mortalitree_postfire_labels.geojson",
        "SUNETID": "gwynethb",
        "FIRENAME": "CREEK",
        "FIRE_SLUG": "CREEK",
        "PREFIRE": 0,
        "PREFIRE_STATUS": "postfire",
        "TILE_Z": 17,
        "TILE_X": 22051,
        "TILE_Y": 50888,
        "TILEXYZ": [
          17,
          22051,
          50888
        ],
        "OUTPUT_FILE": "/Users/maples/GitHub/mortalitree_testing/notebooks/single_tiles/postfire/17/22051/50888.geojson",
        "OUTPUT_STATUS_DIR": "postfire",
        "FEATURE_COUNT": 326
      },
      "geometry": {
        "type": "Polygon",
        "coordinates": [
          [
            [
              -119.43402670489507,
              37.282552867751875
            ],
            [
              -119.43392843630257,
              37.28254990354783
            ],
            [
              -119.43393214599385,
              37.28247138176412
            ],
            [
              -119.43403041448465,
              37.2824743459598
            ],
            [
              -119.43402670489507,
              37.282552867751875
            ]
          ]
        ]
      }
    },
    {
      "id": "75",
      "type": "Feature",
      "properties": {
        "id": null,
        "SOURCE_FILE": "/Users/maples/GitHub/mortalitree_testing/labels/gwynethb_mortalitree_postfire_labels.geojson",
        "SUNETID": "gwynethb",
        "FIRENAME": "CREEK",
        "FIRE_SLUG": "CREEK",
        "PREFIRE": 0,
        "PREFIRE_STATUS": "postfire",
        "TILE_Z": 17,
        "TILE_X": 22051,
        "TILE_Y": 50888,
        "TILEXYZ": [
          17,
          22051,
          50888
        ],
        "OUTPUT_FILE": "/Users/maples/GitHub/mortalitree_testing/notebooks/single_tiles/postfire/17/22051/50888.geojson",
        "OUTPUT_STATUS_DIR": "postfire",
        "FEATURE_COUNT": 326
      },
      "geometry": {
        "type": "Polygon",
        "coordinates": [
          [
            [
              -119.43375786812128,
              37.281994322498356
            ],
            [
              -119.43365960028379,
              37.28199135810881
            ],
            [
              -119.43366289796954,
              37.28192156098166
            ],
            [
              -119.4337611657166,
              37.28192452536378
            ],
            [
              -119.43375786812128,
              37.281994322498356
            ]
          ]
        ]
      }
    },
    {
      "id": "76",
      "type": "Feature",
      "properties": {
        "id": null,
        "SOURCE_FILE": "/Users/maples/GitHub/mortalitree_testing/labels/gwynethb_mortalitree_postfire_labels.geojson",
        "SUNETID": "gwynethb",
        "FIRENAME": "CREEK",
        "FIRE_SLUG": "CREEK",
        "PREFIRE": 0,
        "PREFIRE_STATUS": "postfire",
        "TILE_Z": 17,
        "TILE_X": 22051,
        "TILE_Y": 50888,
        "TILEXYZ": [
          17,
          22051,
          50888
        ],
        "OUTPUT_FILE": "/Users/maples/GitHub/mortalitree_testing/notebooks/single_tiles/postfire/17/22051/50888.geojson",
        "OUTPUT_STATUS_DIR": "postfire",
        "FEATURE_COUNT": 326
      },
      "geometry": {
        "type": "Polygon",
        "coordinates": [
          [
            [
              -119.43376749748879,
              37.282079799470246
            ],
            [
              -119.43368560752975,
              37.282077329153125
            ],
            [
              -119.4336882868891,
              37.28202061898664
            ],
            [
              -119.43377017678691,
              37.28202308929872
            ],
            [
              -119.43376749748879,
              37.282079799470246
            ]
          ]
        ]
      }
    },
    {
      "id": "77",
      "type": "Feature",
      "properties": {
        "id": null,
        "SOURCE_FILE": "/Users/maples/GitHub/mortalitree_testing/labels/gwynethb_mortalitree_postfire_labels.geojson",
        "SUNETID": "gwynethb",
        "FIRENAME": "CREEK",
        "FIRE_SLUG": "CREEK",
        "PREFIRE": 0,
        "PREFIRE_STATUS": "postfire",
        "TILE_Z": 17,
        "TILE_X": 22051,
        "TILE_Y": 50888,
        "TILEXYZ": [
          17,
          22051,
          50888
        ],
        "OUTPUT_FILE": "/Users/maples/GitHub/mortalitree_testing/notebooks/single_tiles/postfire/17/22051/50888.geojson",
        "OUTPUT_STATUS_DIR": "postfire",
        "FEATURE_COUNT": 326
      },
      "geometry": {
        "type": "Polygon",
        "coordinates": [
          [
            [
              -119.43365645841001,
              37.28200000040427
            ],
            [
              -119.4335472719287,
              37.2819967065391
            ],
            [
              -119.43354995138401,
              37.28193999638039
            ],
            [
              -119.43365913778374,
              37.281943290238836
            ],
            [
              -119.43365645841001,
              37.28200000040427
            ]
          ]
        ]
      }
    },
    {
      "id": "78",
      "type": "Feature",
      "properties": {
        "id": null,
        "SOURCE_FILE": "/Users/maples/GitHub/mortalitree_testing/labels/gwynethb_mortalitree_postfire_labels.geojson",
        "SUNETID": "gwynethb",
        "FIRENAME": "CREEK",
        "FIRE_SLUG": "CREEK",
        "PREFIRE": 0,
        "PREFIRE_STATUS": "postfire",
        "TILE_Z": 17,
        "TILE_X": 22051,
        "TILE_Y": 50888,
        "TILEXYZ": [
          17,
          22051,
          50888
        ],
        "OUTPUT_FILE": "/Users/maples/GitHub/mortalitree_testing/notebooks/single_tiles/postfire/17/22051/50888.geojson",
        "OUTPUT_STATUS_DIR": "postfire",
        "FEATURE_COUNT": 326
      },
      "geometry": {
        "type": "Polygon",
        "coordinates": [
          [
            [
              -119.43356189795215,
              37.28203428034471
            ],
            [
              -119.4334909267124,
              37.28203213928542
            ],
            [
              -119.43349422455876,
              37.2819623421716
            ],
            [
              -119.43356519573324,
              37.28196448322553
            ],
            [
              -119.43356189795215,
              37.28203428034471
            ]
          ]
        ]
      }
    },
    {
      "id": "79",
      "type": "Feature",
      "properties": {
        "id": null,
        "SOURCE_FILE": "/Users/maples/GitHub/mortalitree_testing/labels/gwynethb_mortalitree_postfire_labels.geojson",
        "SUNETID": "gwynethb",
        "FIRENAME": "CREEK",
        "FIRE_SLUG": "CREEK",
        "PREFIRE": 0,
        "PREFIRE_STATUS": "postfire",
        "TILE_Z": 17,
        "TILE_X": 22051,
        "TILE_Y": 50888,
        "TILEXYZ": [
          17,
          22051,
          50888
        ],
        "OUTPUT_FILE": "/Users/maples/GitHub/mortalitree_testing/notebooks/single_tiles/postfire/17/22051/50888.geojson",
        "OUTPUT_STATUS_DIR": "postfire",
        "FEATURE_COUNT": 326
      },
      "geometry": {
        "type": "Polygon",
        "coordinates": [
          [
            [
              -119.43345127140478,
              37.2819457564608
            ],
            [
              -119.43327111388975,
              37.28194032122382
            ],
            [
              -119.43327729770245,
              37.28180945166392
            ],
            [
              -119.43345745490673,
              37.281814886875296
            ],
            [
              -119.43345127140478,
              37.2819457564608
            ]
          ]
        ]
      }
    },
    {
      "id": "80",
      "type": "Feature",
      "properties": {
        "id": null,
        "SOURCE_FILE": "/Users/maples/GitHub/mortalitree_testing/labels/gwynethb_mortalitree_postfire_labels.geojson",
        "SUNETID": "gwynethb",
        "FIRENAME": "CREEK",
        "FIRE_SLUG": "CREEK",
        "PREFIRE": 0,
        "PREFIRE_STATUS": "postfire",
        "TILE_Z": 17,
        "TILE_X": 22051,
        "TILE_Y": 50888,
        "TILEXYZ": [
          17,
          22051,
          50888
        ],
        "OUTPUT_FILE": "/Users/maples/GitHub/mortalitree_testing/notebooks/single_tiles/postfire/17/22051/50888.geojson",
        "OUTPUT_STATUS_DIR": "postfire",
        "FEATURE_COUNT": 326
      },
      "geometry": {
        "type": "Polygon",
        "coordinates": [
          [
            [
              -119.43367576721533,
              37.2822277468616
            ],
            [
              -119.43353382436237,
              37.28222346481826
            ],
            [
              -119.43353918332964,
              37.28211004450614
            ],
            [
              -119.43368112597042,
              37.28211432653201
            ],
            [
              -119.43367576721533,
              37.2822277468616
            ]
          ]
        ]
      }
    },
    {
      "id": "81",
      "type": "Feature",
      "properties": {
        "id": null,
        "SOURCE_FILE": "/Users/maples/GitHub/mortalitree_testing/labels/gwynethb_mortalitree_postfire_labels.geojson",
        "SUNETID": "gwynethb",
        "FIRENAME": "CREEK",
        "FIRE_SLUG": "CREEK",
        "PREFIRE": 0,
        "PREFIRE_STATUS": "postfire",
        "TILE_Z": 17,
        "TILE_X": 22051,
        "TILE_Y": 50888,
        "TILEXYZ": [
          17,
          22051,
          50888
        ],
        "OUTPUT_FILE": "/Users/maples/GitHub/mortalitree_testing/notebooks/single_tiles/postfire/17/22051/50888.geojson",
        "OUTPUT_STATUS_DIR": "postfire",
        "FEATURE_COUNT": 326
      },
      "geometry": {
        "type": "Polygon",
        "coordinates": [
          [
            [
              -119.43355323854631,
              37.28233326394595
            ],
            [
              -119.43346042963728,
              37.2823304640648
            ],
            [
              -119.43346372754738,
              37.28226066695683
            ],
            [
              -119.43355653637104,
              37.282263466830955
            ],
            [
              -119.43355323854631,
              37.28233326394595
            ]
          ]
        ]
      }
    },
    {
      "id": "82",
      "type": "Feature",
      "properties": {
        "id": null,
        "SOURCE_FILE": "/Users/maples/GitHub/mortalitree_testing/labels/gwynethb_mortalitree_postfire_labels.geojson",
        "SUNETID": "gwynethb",
        "FIRENAME": "CREEK",
        "FIRE_SLUG": "CREEK",
        "PREFIRE": 0,
        "PREFIRE_STATUS": "postfire",
        "TILE_Z": 17,
        "TILE_X": 22051,
        "TILE_Y": 50888,
        "TILEXYZ": [
          17,
          22051,
          50888
        ],
        "OUTPUT_FILE": "/Users/maples/GitHub/mortalitree_testing/notebooks/single_tiles/postfire/17/22051/50888.geojson",
        "OUTPUT_STATUS_DIR": "postfire",
        "FEATURE_COUNT": 326
      },
      "geometry": {
        "type": "Polygon",
        "coordinates": [
          [
            [
              -119.43360705780724,
              37.282409152686164
            ],
            [
              -119.43350878944658,
              37.28240618814341
            ],
            [
              -119.43351249955455,
              37.28232766639375
            ],
            [
              -119.4336107678135,
              37.282330630928115
            ],
            [
              -119.43360705780724,
              37.282409152686164
            ]
          ]
        ]
      }
    },
    {
      "id": "83",
      "type": "Feature",
      "properties": {
        "id": null,
        "SOURCE_FILE": "/Users/maples/GitHub/mortalitree_testing/labels/gwynethb_mortalitree_postfire_labels.geojson",
        "SUNETID": "gwynethb",
        "FIRENAME": "CREEK",
        "FIRE_SLUG": "CREEK",
        "PREFIRE": 0,
        "PREFIRE_STATUS": "postfire",
        "TILE_Z": 17,
        "TILE_X": 22051,
        "TILE_Y": 50888,
        "TILEXYZ": [
          17,
          22051,
          50888
        ],
        "OUTPUT_FILE": "/Users/maples/GitHub/mortalitree_testing/notebooks/single_tiles/postfire/17/22051/50888.geojson",
        "OUTPUT_STATUS_DIR": "postfire",
        "FEATURE_COUNT": 326
      },
      "geometry": {
        "type": "Polygon",
        "coordinates": [
          [
            [
              -119.43368019353925,
              37.28236548933197
            ],
            [
              -119.43357100652707,
              37.2823621954613
            ],
            [
              -119.433573686,
              37.28230548530463
            ],
            [
              -119.43368287293056,
              37.28230877916857
            ],
            [
              -119.43368019353925,
              37.28236548933197
            ]
          ]
        ]
      }
    },
    {
      "id": "84",
      "type": "Feature",
      "properties": {
        "id": null,
        "SOURCE_FILE": "/Users/maples/GitHub/mortalitree_testing/labels/gwynethb_mortalitree_postfire_labels.geojson",
        "SUNETID": "gwynethb",
        "FIRENAME": "CREEK",
        "FIRE_SLUG": "CREEK",
        "PREFIRE": 0,
        "PREFIRE_STATUS": "postfire",
        "TILE_Z": 17,
        "TILE_X": 22051,
        "TILE_Y": 50888,
        "TILEXYZ": [
          17,
          22051,
          50888
        ],
        "OUTPUT_FILE": "/Users/maples/GitHub/mortalitree_testing/notebooks/single_tiles/postfire/17/22051/50888.geojson",
        "OUTPUT_STATUS_DIR": "postfire",
        "FEATURE_COUNT": 326
      },
      "geometry": {
        "type": "Polygon",
        "coordinates": [
          [
            [
              -119.43370651006293,
              37.28244491689488
            ],
            [
              -119.43358094486491,
              37.282441128956016
            ],
            [
              -119.43358383045104,
              37.282380056479724
            ],
            [
              -119.433709395548,
              37.28238384441027
            ],
            [
              -119.43370651006293,
              37.28244491689488
            ]
          ]
        ]
      }
    },
    {
      "id": "85",
      "type": "Feature",
      "properties": {
        "id": null,
        "SOURCE_FILE": "/Users/maples/GitHub/mortalitree_testing/labels/gwynethb_mortalitree_postfire_labels.geojson",
        "SUNETID": "gwynethb",
        "FIRENAME": "CREEK",
        "FIRE_SLUG": "CREEK",
        "PREFIRE": 0,
        "PREFIRE_STATUS": "postfire",
        "TILE_Z": 17,
        "TILE_X": 22051,
        "TILE_Y": 50888,
        "TILEXYZ": [
          17,
          22051,
          50888
        ],
        "OUTPUT_FILE": "/Users/maples/GitHub/mortalitree_testing/notebooks/single_tiles/postfire/17/22051/50888.geojson",
        "OUTPUT_STATUS_DIR": "postfire",
        "FEATURE_COUNT": 326
      },
      "geometry": {
        "type": "Polygon",
        "coordinates": [
          [
            [
              -119.43378999419721,
              37.282587228508554
            ],
            [
              -119.43371902242056,
              37.28258508755908
            ],
            [
              -119.43372170180403,
              37.282528377395394
            ],
            [
              -119.43379267352762,
              37.2825305183405
            ],
            [
              -119.43378999419721,
              37.282587228508554
            ]
          ]
        ]
      }
    },
    {
      "id": "86",
      "type": "Feature",
      "properties": {
        "id": null,
        "SOURCE_FILE": "/Users/maples/GitHub/mortalitree_testing/labels/gwynethb_mortalitree_postfire_labels.geojson",
        "SUNETID": "gwynethb",
        "FIRENAME": "CREEK",
        "FIRE_SLUG": "CREEK",
        "PREFIRE": 0,
        "PREFIRE_STATUS": "postfire",
        "TILE_Z": 17,
        "TILE_X": 22051,
        "TILE_Y": 50888,
        "TILEXYZ": [
          17,
          22051,
          50888
        ],
        "OUTPUT_FILE": "/Users/maples/GitHub/mortalitree_testing/notebooks/single_tiles/postfire/17/22051/50888.geojson",
        "OUTPUT_STATUS_DIR": "postfire",
        "FEATURE_COUNT": 326
      },
      "geometry": {
        "type": "Polygon",
        "coordinates": [
          [
            [
              -119.43372324514857,
              37.282611426170625
            ],
            [
              -119.43362497651245,
              37.28260846171069
            ],
            [
              -119.43362786208046,
              37.282547389233194
            ],
            [
              -119.4337261306375,
              37.282550353686624
            ],
            [
              -119.43372324514857,
              37.282611426170625
            ]
          ]
        ]
      }
    },
    {
      "id": "87",
      "type": "Feature",
      "properties": {
        "id": null,
        "SOURCE_FILE": "/Users/maples/GitHub/mortalitree_testing/labels/gwynethb_mortalitree_postfire_labels.geojson",
        "SUNETID": "gwynethb",
        "FIRENAME": "CREEK",
        "FIRE_SLUG": "CREEK",
        "PREFIRE": 0,
        "PREFIRE_STATUS": "postfire",
        "TILE_Z": 17,
        "TILE_X": 22051,
        "TILE_Y": 50888,
        "TILEXYZ": [
          17,
          22051,
          50888
        ],
        "OUTPUT_FILE": "/Users/maples/GitHub/mortalitree_testing/notebooks/single_tiles/postfire/17/22051/50888.geojson",
        "OUTPUT_STATUS_DIR": "postfire",
        "FEATURE_COUNT": 326
      },
      "geometry": {
        "type": "Polygon",
        "coordinates": [
          [
            [
              -119.43346073027801,
              37.28267121905872
            ],
            [
              -119.4333351647377,
              37.28266743083964
            ],
            [
              -119.43333949344695,
              37.28257582215295
            ],
            [
              -119.43346505883567,
              37.28257961035955
            ],
            [
              -119.43346073027801,
              37.28267121905872
            ]
          ]
        ]
      }
    },
    {
      "id": "88",
      "type": "Feature",
      "properties": {
        "id": null,
        "SOURCE_FILE": "/Users/maples/GitHub/mortalitree_testing/labels/gwynethb_mortalitree_postfire_labels.geojson",
        "SUNETID": "gwynethb",
        "FIRENAME": "CREEK",
        "FIRE_SLUG": "CREEK",
        "PREFIRE": 0,
        "PREFIRE_STATUS": "postfire",
        "TILE_Z": 17,
        "TILE_X": 22051,
        "TILE_Y": 50888,
        "TILEXYZ": [
          17,
          22051,
          50888
        ],
        "OUTPUT_FILE": "/Users/maples/GitHub/mortalitree_testing/notebooks/single_tiles/postfire/17/22051/50888.geojson",
        "OUTPUT_STATUS_DIR": "postfire",
        "FEATURE_COUNT": 326
      },
      "geometry": {
        "type": "Polygon",
        "coordinates": [
          [
            [
              -119.43342776499736,
              37.28279035931051
            ],
            [
              -119.4332694429891,
              37.28278558278146
            ],
            [
              -119.43327315339667,
              37.28270706105732
            ],
            [
              -119.43343147524105,
              37.282711837572876
            ],
            [
              -119.43342776499736,
              37.28279035931051
            ]
          ]
        ]
      }
    },
    {
      "id": "89",
      "type": "Feature",
      "properties": {
        "id": null,
        "SOURCE_FILE": "/Users/maples/GitHub/mortalitree_testing/labels/gwynethb_mortalitree_postfire_labels.geojson",
        "SUNETID": "gwynethb",
        "FIRENAME": "CREEK",
        "FIRE_SLUG": "CREEK",
        "PREFIRE": 0,
        "PREFIRE_STATUS": "postfire",
        "TILE_Z": 17,
        "TILE_X": 22051,
        "TILE_Y": 50888,
        "TILEXYZ": [
          17,
          22051,
          50888
        ],
        "OUTPUT_FILE": "/Users/maples/GitHub/mortalitree_testing/notebooks/single_tiles/postfire/17/22051/50888.geojson",
        "OUTPUT_STATUS_DIR": "postfire",
        "FEATURE_COUNT": 326
      },
      "geometry": {
        "type": "Polygon",
        "coordinates": [
          [
            [
              -119.43331358646276,
              37.28260343603568
            ],
            [
              -119.43319893978536,
              37.282599977095046
            ],
            [
              -119.43320223796908,
              37.28253018001018
            ],
            [
              -119.43331688454101,
              37.28253363894213
            ],
            [
              -119.43331358646276,
              37.28260343603568
            ]
          ]
        ]
      }
    },
    {
      "id": "90",
      "type": "Feature",
      "properties": {
        "id": null,
        "SOURCE_FILE": "/Users/maples/GitHub/mortalitree_testing/labels/gwynethb_mortalitree_postfire_labels.geojson",
        "SUNETID": "gwynethb",
        "FIRENAME": "CREEK",
        "FIRE_SLUG": "CREEK",
        "PREFIRE": 0,
        "PREFIRE_STATUS": "postfire",
        "TILE_Z": 17,
        "TILE_X": 22051,
        "TILE_Y": 50888,
        "TILEXYZ": [
          17,
          22051,
          50888
        ],
        "OUTPUT_FILE": "/Users/maples/GitHub/mortalitree_testing/notebooks/single_tiles/postfire/17/22051/50888.geojson",
        "OUTPUT_STATUS_DIR": "postfire",
        "FEATURE_COUNT": 326
      },
      "geometry": {
        "type": "Polygon",
        "coordinates": [
          [
            [
              -119.43352609229046,
              37.282502817965536
            ],
            [
              -119.43347149869216,
              37.28250117096654
            ],
            [
              -119.43347417825319,
              37.28244446081735
            ],
            [
              -119.4335287718107,
              37.282446107812994
            ],
            [
              -119.43352609229046,
              37.282502817965536
            ]
          ]
        ]
      }
    },
    {
      "id": "91",
      "type": "Feature",
      "properties": {
        "id": null,
        "SOURCE_FILE": "/Users/maples/GitHub/mortalitree_testing/labels/gwynethb_mortalitree_postfire_labels.geojson",
        "SUNETID": "gwynethb",
        "FIRENAME": "CREEK",
        "FIRE_SLUG": "CREEK",
        "PREFIRE": 0,
        "PREFIRE_STATUS": "postfire",
        "TILE_Z": 17,
        "TILE_X": 22051,
        "TILE_Y": 50888,
        "TILEXYZ": [
          17,
          22051,
          50888
        ],
        "OUTPUT_FILE": "/Users/maples/GitHub/mortalitree_testing/notebooks/single_tiles/postfire/17/22051/50888.geojson",
        "OUTPUT_STATUS_DIR": "postfire",
        "FEATURE_COUNT": 326
      },
      "geometry": {
        "type": "Polygon",
        "coordinates": [
          [
            [
              -119.43344322137507,
              37.282578951550555
            ],
            [
              -119.4333886277267,
              37.28257730451048
            ],
            [
              -119.43339089510694,
              37.28252931900463
            ],
            [
              -119.43344548872078,
              37.28253096604186
            ],
            [
              -119.43344322137507,
              37.282578951550555
            ]
          ]
        ]
      }
    },
    {
      "id": "92",
      "type": "Feature",
      "properties": {
        "id": null,
        "SOURCE_FILE": "/Users/maples/GitHub/mortalitree_testing/labels/gwynethb_mortalitree_postfire_labels.geojson",
        "SUNETID": "gwynethb",
        "FIRENAME": "CREEK",
        "FIRE_SLUG": "CREEK",
        "PREFIRE": 0,
        "PREFIRE_STATUS": "postfire",
        "TILE_Z": 17,
        "TILE_X": 22051,
        "TILE_Y": 50888,
        "TILEXYZ": [
          17,
          22051,
          50888
        ],
        "OUTPUT_FILE": "/Users/maples/GitHub/mortalitree_testing/notebooks/single_tiles/postfire/17/22051/50888.geojson",
        "OUTPUT_STATUS_DIR": "postfire",
        "FEATURE_COUNT": 326
      },
      "geometry": {
        "type": "Polygon",
        "coordinates": [
          [
            [
              -119.43337977025882,
              37.28253335191287
            ],
            [
              -119.43327604240046,
              37.282530222462896
            ],
            [
              -119.43327975276688,
              37.28245170073481
            ],
            [
              -119.43338348051789,
              37.28245483017593
            ],
            [
              -119.43337977025882,
              37.28253335191287
            ]
          ]
        ]
      }
    },
    {
      "id": "93",
      "type": "Feature",
      "properties": {
        "id": null,
        "SOURCE_FILE": "/Users/maples/GitHub/mortalitree_testing/labels/gwynethb_mortalitree_postfire_labels.geojson",
        "SUNETID": "gwynethb",
        "FIRENAME": "CREEK",
        "FIRE_SLUG": "CREEK",
        "PREFIRE": 0,
        "PREFIRE_STATUS": "postfire",
        "TILE_Z": 17,
        "TILE_X": 22051,
        "TILE_Y": 50888,
        "TILEXYZ": [
          17,
          22051,
          50888
        ],
        "OUTPUT_FILE": "/Users/maples/GitHub/mortalitree_testing/notebooks/single_tiles/postfire/17/22051/50888.geojson",
        "OUTPUT_STATUS_DIR": "postfire",
        "FEATURE_COUNT": 326
      },
      "geometry": {
        "type": "Polygon",
        "coordinates": [
          [
            [
              -119.43322423161578,
              37.28246968405511
            ],
            [
              -119.43309320708786,
              37.28246573088418
            ],
            [
              -119.43309815448164,
              37.28236103526616
            ],
            [
              -119.43322917882877,
              37.282364988422195
            ],
            [
              -119.43322423161578,
              37.28246968405511
            ]
          ]
        ]
      }
    },
    {
      "id": "94",
      "type": "Feature",
      "properties": {
        "id": null,
        "SOURCE_FILE": "/Users/maples/GitHub/mortalitree_testing/labels/gwynethb_mortalitree_postfire_labels.geojson",
        "SUNETID": "gwynethb",
        "FIRENAME": "CREEK",
        "FIRE_SLUG": "CREEK",
        "PREFIRE": 0,
        "PREFIRE_STATUS": "postfire",
        "TILE_Z": 17,
        "TILE_X": 22051,
        "TILE_Y": 50888,
        "TILEXYZ": [
          17,
          22051,
          50888
        ],
        "OUTPUT_FILE": "/Users/maples/GitHub/mortalitree_testing/notebooks/single_tiles/postfire/17/22051/50888.geojson",
        "OUTPUT_STATUS_DIR": "postfire",
        "FEATURE_COUNT": 326
      },
      "geometry": {
        "type": "Polygon",
        "coordinates": [
          [
            [
              -119.43347897747833,
              37.2820536214855
            ],
            [
              -119.43339708757344,
              37.28205115097025
            ],
            [
              -119.43340059162931,
              37.28197699154461
            ],
            [
              -119.43348248145418,
              37.28197946205328
            ],
            [
              -119.43347897747833,
              37.2820536214855
            ]
          ]
        ]
      }
    },
    {
      "id": "95",
      "type": "Feature",
      "properties": {
        "id": null,
        "SOURCE_FILE": "/Users/maples/GitHub/mortalitree_testing/labels/gwynethb_mortalitree_postfire_labels.geojson",
        "SUNETID": "gwynethb",
        "FIRENAME": "CREEK",
        "FIRE_SLUG": "CREEK",
        "PREFIRE": 0,
        "PREFIRE_STATUS": "postfire",
        "TILE_Z": 17,
        "TILE_X": 22051,
        "TILE_Y": 50888,
        "TILEXYZ": [
          17,
          22051,
          50888
        ],
        "OUTPUT_FILE": "/Users/maples/GitHub/mortalitree_testing/notebooks/single_tiles/postfire/17/22051/50888.geojson",
        "OUTPUT_STATUS_DIR": "postfire",
        "FEATURE_COUNT": 326
      },
      "geometry": {
        "type": "Polygon",
        "coordinates": [
          [
            [
              -119.43358033443027,
              37.28210691740338
            ],
            [
              -119.43349298512747,
              37.282104282256704
            ],
            [
              -119.43349587074954,
              37.282043209782785
            ],
            [
              -119.43358321998201,
              37.28204584492368
            ],
            [
              -119.43358033443027,
              37.28210691740338
            ]
          ]
        ]
      }
    },
    {
      "id": "96",
      "type": "Feature",
      "properties": {
        "id": null,
        "SOURCE_FILE": "/Users/maples/GitHub/mortalitree_testing/labels/gwynethb_mortalitree_postfire_labels.geojson",
        "SUNETID": "gwynethb",
        "FIRENAME": "CREEK",
        "FIRE_SLUG": "CREEK",
        "PREFIRE": 0,
        "PREFIRE_STATUS": "postfire",
        "TILE_Z": 17,
        "TILE_X": 22051,
        "TILE_Y": 50888,
        "TILEXYZ": [
          17,
          22051,
          50888
        ],
        "OUTPUT_FILE": "/Users/maples/GitHub/mortalitree_testing/notebooks/single_tiles/postfire/17/22051/50888.geojson",
        "OUTPUT_STATUS_DIR": "postfire",
        "FEATURE_COUNT": 326
      },
      "geometry": {
        "type": "Polygon",
        "coordinates": [
          [
            [
              -119.4334892221165,
              37.28224177766971
            ],
            [
              -119.43339641332628,
              37.2822389777442
            ],
            [
              -119.4334001235286,
              37.28216045600193
            ],
            [
              -119.43349293222276,
              37.28216325591954
            ],
            [
              -119.4334892221165,
              37.28224177766971
            ]
          ]
        ]
      }
    },
    {
      "id": "97",
      "type": "Feature",
      "properties": {
        "id": null,
        "SOURCE_FILE": "/Users/maples/GitHub/mortalitree_testing/labels/gwynethb_mortalitree_postfire_labels.geojson",
        "SUNETID": "gwynethb",
        "FIRENAME": "CREEK",
        "FIRE_SLUG": "CREEK",
        "PREFIRE": 0,
        "PREFIRE_STATUS": "postfire",
        "TILE_Z": 17,
        "TILE_X": 22051,
        "TILE_Y": 50888,
        "TILEXYZ": [
          17,
          22051,
          50888
        ],
        "OUTPUT_FILE": "/Users/maples/GitHub/mortalitree_testing/notebooks/single_tiles/postfire/17/22051/50888.geojson",
        "OUTPUT_STATUS_DIR": "postfire",
        "FEATURE_COUNT": 326
      },
      "geometry": {
        "type": "Polygon",
        "coordinates": [
          [
            [
              -119.43340172241578,
              37.28206876494956
            ],
            [
              -119.43332529182868,
              37.282066459086415
            ],
            [
              -119.43332879595694,
              37.28199229966678
            ],
            [
              -119.43340522646933,
              37.281994605523785
            ],
            [
              -119.43340172241578,
              37.28206876494956
            ]
          ]
        ]
      }
    },
    {
      "id": "98",
      "type": "Feature",
      "properties": {
        "id": null,
        "SOURCE_FILE": "/Users/maples/GitHub/mortalitree_testing/labels/gwynethb_mortalitree_postfire_labels.geojson",
        "SUNETID": "gwynethb",
        "FIRENAME": "CREEK",
        "FIRE_SLUG": "CREEK",
        "PREFIRE": 0,
        "PREFIRE_STATUS": "postfire",
        "TILE_Z": 17,
        "TILE_X": 22051,
        "TILE_Y": 50888,
        "TILEXYZ": [
          17,
          22051,
          50888
        ],
        "OUTPUT_FILE": "/Users/maples/GitHub/mortalitree_testing/notebooks/single_tiles/postfire/17/22051/50888.geojson",
        "OUTPUT_STATUS_DIR": "postfire",
        "FEATURE_COUNT": 326
      },
      "geometry": {
        "type": "Polygon",
        "coordinates": [
          [
            [
              -119.43338905172301,
              37.282105515255545
            ],
            [
              -119.43327986512111,
              37.28210222113581
            ],
            [
              -119.43328192640347,
              37.282058597950375
            ],
            [
              -119.43339111294259,
              37.28206189206493
            ],
            [
              -119.43338905172301,
              37.282105515255545
            ]
          ]
        ]
      }
    },
    {
      "id": "99",
      "type": "Feature",
      "properties": {
        "id": null,
        "SOURCE_FILE": "/Users/maples/GitHub/mortalitree_testing/labels/gwynethb_mortalitree_postfire_labels.geojson",
        "SUNETID": "gwynethb",
        "FIRENAME": "CREEK",
        "FIRE_SLUG": "CREEK",
        "PREFIRE": 0,
        "PREFIRE_STATUS": "postfire",
        "TILE_Z": 17,
        "TILE_X": 22051,
        "TILE_Y": 50888,
        "TILEXYZ": [
          17,
          22051,
          50888
        ],
        "OUTPUT_FILE": "/Users/maples/GitHub/mortalitree_testing/notebooks/single_tiles/postfire/17/22051/50888.geojson",
        "OUTPUT_STATUS_DIR": "postfire",
        "FEATURE_COUNT": 326
      },
      "geometry": {
        "type": "Polygon",
        "coordinates": [
          [
            [
              -119.43347506125487,
              37.282136505555364
            ],
            [
              -119.4333931712605,
              37.28213403503275
            ],
            [
              -119.43339646920931,
              37.282064237927585
            ],
            [
              -119.43347835912832,
              37.282066708444006
            ],
            [
              -119.43347506125487,
              37.282136505555364
            ]
          ]
        ]
      }
    },
    {
      "id": "100",
      "type": "Feature",
      "properties": {
        "id": null,
        "SOURCE_FILE": "/Users/maples/GitHub/mortalitree_testing/labels/gwynethb_mortalitree_postfire_labels.geojson",
        "SUNETID": "gwynethb",
        "FIRENAME": "CREEK",
        "FIRE_SLUG": "CREEK",
        "PREFIRE": 0,
        "PREFIRE_STATUS": "postfire",
        "TILE_Z": 17,
        "TILE_X": 22051,
        "TILE_Y": 50888,
        "TILEXYZ": [
          17,
          22051,
          50888
        ],
        "OUTPUT_FILE": "/Users/maples/GitHub/mortalitree_testing/notebooks/single_tiles/postfire/17/22051/50888.geojson",
        "OUTPUT_STATUS_DIR": "postfire",
        "FEATURE_COUNT": 326
      },
      "geometry": {
        "type": "Polygon",
        "coordinates": [
          [
            [
              -119.43322666792616,
              37.28189747916943
            ],
            [
              -119.43315569684084,
              37.28189533791582
            ],
            [
              -119.43315796431305,
              37.28184735241662
            ],
            [
              -119.43322893535351,
              37.28184949366654
            ],
            [
              -119.43322666792616,
              37.28189747916943
            ]
          ]
        ]
      }
    },
    {
      "id": "101",
      "type": "Feature",
      "properties": {
        "id": null,
        "SOURCE_FILE": "/Users/maples/GitHub/mortalitree_testing/labels/gwynethb_mortalitree_postfire_labels.geojson",
        "SUNETID": "gwynethb",
        "FIRENAME": "CREEK",
        "FIRE_SLUG": "CREEK",
        "PREFIRE": 0,
        "PREFIRE_STATUS": "postfire",
        "TILE_Z": 17,
        "TILE_X": 22051,
        "TILE_Y": 50888,
        "TILEXYZ": [
          17,
          22051,
          50888
        ],
        "OUTPUT_FILE": "/Users/maples/GitHub/mortalitree_testing/notebooks/single_tiles/postfire/17/22051/50888.geojson",
        "OUTPUT_STATUS_DIR": "postfire",
        "FEATURE_COUNT": 326
      },
      "geometry": {
        "type": "Polygon",
        "coordinates": [
          [
            [
              -119.43324544426078,
              37.28271496213464
            ],
            [
              -119.43314717554125,
              37.28271199727107
            ],
            [
              -119.43315212290432,
              37.28260730165124
            ],
            [
              -119.43325039148824,
              37.282610266503646
            ],
            [
              -119.43324544426078,
              37.28271496213464
            ]
          ]
        ]
      }
    },
    {
      "id": "102",
      "type": "Feature",
      "properties": {
        "id": null,
        "SOURCE_FILE": "/Users/maples/GitHub/mortalitree_testing/labels/gwynethb_mortalitree_postfire_labels.geojson",
        "SUNETID": "gwynethb",
        "FIRENAME": "CREEK",
        "FIRE_SLUG": "CREEK",
        "PREFIRE": 0,
        "PREFIRE_STATUS": "postfire",
        "TILE_Z": 17,
        "TILE_X": 22051,
        "TILE_Y": 50888,
        "TILEXYZ": [
          17,
          22051,
          50888
        ],
        "OUTPUT_FILE": "/Users/maples/GitHub/mortalitree_testing/notebooks/single_tiles/postfire/17/22051/50888.geojson",
        "OUTPUT_STATUS_DIR": "postfire",
        "FEATURE_COUNT": 326
      },
      "geometry": {
        "type": "Polygon",
        "coordinates": [
          [
            [
              -119.43319821830615,
              37.282615245207225
            ],
            [
              -119.43309449035596,
              37.282612115592336
            ],
            [
              -119.433097376353,
              37.28255104315021
            ],
            [
              -119.43320110421972,
              37.28255417275821
            ],
            [
              -119.43319821830615,
              37.282615245207225
            ]
          ]
        ]
      }
    },
    {
      "id": "103",
      "type": "Feature",
      "properties": {
        "id": null,
        "SOURCE_FILE": "/Users/maples/GitHub/mortalitree_testing/labels/gwynethb_mortalitree_postfire_labels.geojson",
        "SUNETID": "gwynethb",
        "FIRENAME": "CREEK",
        "FIRE_SLUG": "CREEK",
        "PREFIRE": 0,
        "PREFIRE_STATUS": "postfire",
        "TILE_Z": 17,
        "TILE_X": 22051,
        "TILE_Y": 50888,
        "TILEXYZ": [
          17,
          22051,
          50888
        ],
        "OUTPUT_FILE": "/Users/maples/GitHub/mortalitree_testing/notebooks/single_tiles/postfire/17/22051/50888.geojson",
        "OUTPUT_STATUS_DIR": "postfire",
        "FEATURE_COUNT": 326
      },
      "geometry": {
        "type": "Polygon",
        "coordinates": [
          [
            [
              -119.43328217944998,
              37.28222679427559
            ],
            [
              -119.43319483003705,
              37.282224158901705
            ],
            [
              -119.43319771591254,
              37.2821630864489
            ],
            [
              -119.43328506525518,
              37.282165721816995
            ],
            [
              -119.43328217944998,
              37.28222679427559
            ]
          ]
        ]
      }
    },
    {
      "id": "104",
      "type": "Feature",
      "properties": {
        "id": null,
        "SOURCE_FILE": "/Users/maples/GitHub/mortalitree_testing/labels/gwynethb_mortalitree_postfire_labels.geojson",
        "SUNETID": "gwynethb",
        "FIRENAME": "CREEK",
        "FIRE_SLUG": "CREEK",
        "PREFIRE": 0,
        "PREFIRE_STATUS": "postfire",
        "TILE_Z": 17,
        "TILE_X": 22051,
        "TILE_Y": 50888,
        "TILEXYZ": [
          17,
          22051,
          50888
        ],
        "OUTPUT_FILE": "/Users/maples/GitHub/mortalitree_testing/notebooks/single_tiles/postfire/17/22051/50888.geojson",
        "OUTPUT_STATUS_DIR": "postfire",
        "FEATURE_COUNT": 326
      },
      "geometry": {
        "type": "Polygon",
        "coordinates": [
          [
            [
              -119.43327888754791,
              37.28206505907406
            ],
            [
              -119.43320791630117,
              37.282062917843575
            ],
            [
              -119.43321038988577,
              37.282010570024745
            ],
            [
              -119.43328136108356,
              37.2820127112512
            ],
            [
              -119.43327888754791,
              37.28206505907406
            ]
          ]
        ]
      }
    },
    {
      "id": "105",
      "type": "Feature",
      "properties": {
        "id": null,
        "SOURCE_FILE": "/Users/maples/GitHub/mortalitree_testing/labels/gwynethb_mortalitree_postfire_labels.geojson",
        "SUNETID": "gwynethb",
        "FIRENAME": "CREEK",
        "FIRE_SLUG": "CREEK",
        "PREFIRE": 0,
        "PREFIRE_STATUS": "postfire",
        "TILE_Z": 17,
        "TILE_X": 22051,
        "TILE_Y": 50888,
        "TILEXYZ": [
          17,
          22051,
          50888
        ],
        "OUTPUT_FILE": "/Users/maples/GitHub/mortalitree_testing/notebooks/single_tiles/postfire/17/22051/50888.geojson",
        "OUTPUT_STATUS_DIR": "postfire",
        "FEATURE_COUNT": 326
      },
      "geometry": {
        "type": "Polygon",
        "coordinates": [
          [
            [
              -119.43296444300238,
              37.28264532431888
            ],
            [
              -119.432877093136,
              37.28264268868543
            ],
            [
              -119.43288059777704,
              37.28256852930929
            ],
            [
              -119.43296794755805,
              37.282571164935696
            ],
            [
              -119.43296444300238,
              37.28264532431888
            ]
          ]
        ]
      }
    },
    {
      "id": "106",
      "type": "Feature",
      "properties": {
        "id": null,
        "SOURCE_FILE": "/Users/maples/GitHub/mortalitree_testing/labels/gwynethb_mortalitree_postfire_labels.geojson",
        "SUNETID": "gwynethb",
        "FIRENAME": "CREEK",
        "FIRE_SLUG": "CREEK",
        "PREFIRE": 0,
        "PREFIRE_STATUS": "postfire",
        "TILE_Z": 17,
        "TILE_X": 22051,
        "TILE_Y": 50888,
        "TILEXYZ": [
          17,
          22051,
          50888
        ],
        "OUTPUT_FILE": "/Users/maples/GitHub/mortalitree_testing/notebooks/single_tiles/postfire/17/22051/50888.geojson",
        "OUTPUT_STATUS_DIR": "postfire",
        "FEATURE_COUNT": 326
      },
      "geometry": {
        "type": "Polygon",
        "coordinates": [
          [
            [
              -119.43292458333563,
              37.28279464911045
            ],
            [
              -119.43284257590318,
              37.28279464911045
            ],
            [
              -119.4328450546754,
              37.28274219830548
            ],
            [
              -119.43292694527972,
              37.282744669241474
            ],
            [
              -119.43292458333563,
              37.28279464911045
            ]
          ]
        ]
      }
    },
    {
      "id": "107",
      "type": "Feature",
      "properties": {
        "id": null,
        "SOURCE_FILE": "/Users/maples/GitHub/mortalitree_testing/labels/gwynethb_mortalitree_postfire_labels.geojson",
        "SUNETID": "gwynethb",
        "FIRENAME": "CREEK",
        "FIRE_SLUG": "CREEK",
        "PREFIRE": 0,
        "PREFIRE_STATUS": "postfire",
        "TILE_Z": 17,
        "TILE_X": 22051,
        "TILE_Y": 50888,
        "TILEXYZ": [
          17,
          22051,
          50888
        ],
        "OUTPUT_FILE": "/Users/maples/GitHub/mortalitree_testing/notebooks/single_tiles/postfire/17/22051/50888.geojson",
        "OUTPUT_STATUS_DIR": "postfire",
        "FEATURE_COUNT": 326
      },
      "geometry": {
        "type": "Polygon",
        "coordinates": [
          [
            [
              -119.43256921780822,
              37.28279464911045
            ],
            [
              -119.43245440741532,
              37.28279464911045
            ],
            [
              -119.43245816091566,
              37.282715233675354
            ],
            [
              -119.43257280767524,
              37.282718693342545
            ],
            [
              -119.43256921780822,
              37.28279464911045
            ]
          ]
        ]
      }
    },
    {
      "id": "108",
      "type": "Feature",
      "properties": {
        "id": null,
        "SOURCE_FILE": "/Users/maples/GitHub/mortalitree_testing/labels/gwynethb_mortalitree_postfire_labels.geojson",
        "SUNETID": "gwynethb",
        "FIRENAME": "CREEK",
        "FIRE_SLUG": "CREEK",
        "PREFIRE": 0,
        "PREFIRE_STATUS": "postfire",
        "TILE_Z": 17,
        "TILE_X": 22051,
        "TILE_Y": 50888,
        "TILEXYZ": [
          17,
          22051,
          50888
        ],
        "OUTPUT_FILE": "/Users/maples/GitHub/mortalitree_testing/notebooks/single_tiles/postfire/17/22051/50888.geojson",
        "OUTPUT_STATUS_DIR": "postfire",
        "FEATURE_COUNT": 326
      },
      "geometry": {
        "type": "Polygon",
        "coordinates": [
          [
            [
              -119.43281266115042,
              37.28267569281131
            ],
            [
              -119.43272531126341,
              37.28267305706404
            ],
            [
              -119.43273005304023,
              37.282572723807284
            ],
            [
              -119.43281740281172,
              37.282575359545035
            ],
            [
              -119.43281266115042,
              37.28267569281131
            ]
          ]
        ]
      }
    },
    {
      "id": "109",
      "type": "Feature",
      "properties": {
        "id": null,
        "SOURCE_FILE": "/Users/maples/GitHub/mortalitree_testing/labels/gwynethb_mortalitree_postfire_labels.geojson",
        "SUNETID": "gwynethb",
        "FIRENAME": "CREEK",
        "FIRE_SLUG": "CREEK",
        "PREFIRE": 0,
        "PREFIRE_STATUS": "postfire",
        "TILE_Z": 17,
        "TILE_X": 22051,
        "TILE_Y": 50888,
        "TILEXYZ": [
          17,
          22051,
          50888
        ],
        "OUTPUT_FILE": "/Users/maples/GitHub/mortalitree_testing/notebooks/single_tiles/postfire/17/22051/50888.geojson",
        "OUTPUT_STATUS_DIR": "postfire",
        "FEATURE_COUNT": 326
      },
      "geometry": {
        "type": "Polygon",
        "coordinates": [
          [
            [
              -119.4327219630848,
              37.282686061642224
            ],
            [
              -119.43258001951878,
              37.28268177841048
            ],
            [
              -119.4325851738342,
              37.28257272054004
            ],
            [
              -119.43272711719618,
              37.28257700375498
            ],
            [
              -119.4327219630848,
              37.282686061642224
            ]
          ]
        ]
      }
    },
    {
      "id": "110",
      "type": "Feature",
      "properties": {
        "id": null,
        "SOURCE_FILE": "/Users/maples/GitHub/mortalitree_testing/labels/gwynethb_mortalitree_postfire_labels.geojson",
        "SUNETID": "gwynethb",
        "FIRENAME": "CREEK",
        "FIRE_SLUG": "CREEK",
        "PREFIRE": 0,
        "PREFIRE_STATUS": "postfire",
        "TILE_Z": 17,
        "TILE_X": 22051,
        "TILE_Y": 50888,
        "TILEXYZ": [
          17,
          22051,
          50888
        ],
        "OUTPUT_FILE": "/Users/maples/GitHub/mortalitree_testing/notebooks/single_tiles/postfire/17/22051/50888.geojson",
        "OUTPUT_STATUS_DIR": "postfire",
        "FEATURE_COUNT": 326
      },
      "geometry": {
        "type": "Polygon",
        "coordinates": [
          [
            [
              -119.43257837435334,
              37.28260091084402
            ],
            [
              -119.43249648393589,
              37.28259843967495
            ],
            [
              -119.43249854570739,
              37.282554816530435
            ],
            [
              -119.43258043607776,
              37.28255728769563
            ],
            [
              -119.43257837435334,
              37.28260091084402
            ]
          ]
        ]
      }
    },
    {
      "id": "111",
      "type": "Feature",
      "properties": {
        "id": null,
        "SOURCE_FILE": "/Users/maples/GitHub/mortalitree_testing/labels/gwynethb_mortalitree_postfire_labels.geojson",
        "SUNETID": "gwynethb",
        "FIRENAME": "CREEK",
        "FIRE_SLUG": "CREEK",
        "PREFIRE": 0,
        "PREFIRE_STATUS": "postfire",
        "TILE_Z": 17,
        "TILE_X": 22051,
        "TILE_Y": 50888,
        "TILEXYZ": [
          17,
          22051,
          50888
        ],
        "OUTPUT_FILE": "/Users/maples/GitHub/mortalitree_testing/notebooks/single_tiles/postfire/17/22051/50888.geojson",
        "OUTPUT_STATUS_DIR": "postfire",
        "FEATURE_COUNT": 326
      },
      "geometry": {
        "type": "Polygon",
        "coordinates": [
          [
            [
              -119.43274334263343,
              37.282522886648195
            ],
            [
              -119.43266691164202,
              37.282520580336104
            ],
            [
              -119.43266959180865,
              37.28246387023689
            ],
            [
              -119.43274602274296,
              37.28246617654427
            ],
            [
              -119.43274334263343,
              37.282522886648195
            ]
          ]
        ]
      }
    },
    {
      "id": "112",
      "type": "Feature",
      "properties": {
        "id": null,
        "SOURCE_FILE": "/Users/maples/GitHub/mortalitree_testing/labels/gwynethb_mortalitree_postfire_labels.geojson",
        "SUNETID": "gwynethb",
        "FIRENAME": "CREEK",
        "FIRE_SLUG": "CREEK",
        "PREFIRE": 0,
        "PREFIRE_STATUS": "postfire",
        "TILE_Z": 17,
        "TILE_X": 22051,
        "TILE_Y": 50888,
        "TILEXYZ": [
          17,
          22051,
          50888
        ],
        "OUTPUT_FILE": "/Users/maples/GitHub/mortalitree_testing/notebooks/single_tiles/postfire/17/22051/50888.geojson",
        "OUTPUT_STATUS_DIR": "postfire",
        "FEATURE_COUNT": 326
      },
      "geometry": {
        "type": "Polygon",
        "coordinates": [
          [
            [
              -119.43283682361812,
              37.28245362652254
            ],
            [
              -119.4327221772276,
              37.282450167131934
            ],
            [
              -119.43272630048351,
              37.282362920818834
            ],
            [
              -119.4328409467422,
              37.28236638019857
            ],
            [
              -119.43283682361812,
              37.28245362652254
            ]
          ]
        ]
      }
    },
    {
      "id": "113",
      "type": "Feature",
      "properties": {
        "id": null,
        "SOURCE_FILE": "/Users/maples/GitHub/mortalitree_testing/labels/gwynethb_mortalitree_postfire_labels.geojson",
        "SUNETID": "gwynethb",
        "FIRENAME": "CREEK",
        "FIRE_SLUG": "CREEK",
        "PREFIRE": 0,
        "PREFIRE_STATUS": "postfire",
        "TILE_Z": 17,
        "TILE_X": 22051,
        "TILE_Y": 50888,
        "TILEXYZ": [
          17,
          22051,
          50888
        ],
        "OUTPUT_FILE": "/Users/maples/GitHub/mortalitree_testing/notebooks/single_tiles/postfire/17/22051/50888.geojson",
        "OUTPUT_STATUS_DIR": "postfire",
        "FEATURE_COUNT": 326
      },
      "geometry": {
        "type": "Polygon",
        "coordinates": [
          [
            [
              -119.43323367008922,
              37.281980692639536
            ],
            [
              -119.43315723960522,
              37.281978386672485
            ],
            [
              -119.43315991935141,
              37.28192167653773
            ],
            [
              -119.43323634977831,
              37.28192398250007
            ],
            [
              -119.43323367008922,
              37.281980692639536
            ]
          ]
        ]
      }
    },
    {
      "id": "114",
      "type": "Feature",
      "properties": {
        "id": null,
        "SOURCE_FILE": "/Users/maples/GitHub/mortalitree_testing/labels/gwynethb_mortalitree_postfire_labels.geojson",
        "SUNETID": "gwynethb",
        "FIRENAME": "CREEK",
        "FIRE_SLUG": "CREEK",
        "PREFIRE": 0,
        "PREFIRE_STATUS": "postfire",
        "TILE_Z": 17,
        "TILE_X": 22051,
        "TILE_Y": 50888,
        "TILEXYZ": [
          17,
          22051,
          50888
        ],
        "OUTPUT_FILE": "/Users/maples/GitHub/mortalitree_testing/notebooks/single_tiles/postfire/17/22051/50888.geojson",
        "OUTPUT_STATUS_DIR": "postfire",
        "FEATURE_COUNT": 326
      },
      "geometry": {
        "type": "Polygon",
        "coordinates": [
          [
            [
              -119.4331447749498,
              37.282010774629335
            ],
            [
              -119.4330901817296,
              37.282009127472925
            ],
            [
              -119.4330934799433,
              37.28193933038934
            ],
            [
              -119.43314807311327,
              37.28194097754163
            ],
            [
              -119.4331447749498,
              37.282010774629335
            ]
          ]
        ]
      }
    },
    {
      "id": "115",
      "type": "Feature",
      "properties": {
        "id": null,
        "SOURCE_FILE": "/Users/maples/GitHub/mortalitree_testing/labels/gwynethb_mortalitree_postfire_labels.geojson",
        "SUNETID": "gwynethb",
        "FIRENAME": "CREEK",
        "FIRE_SLUG": "CREEK",
        "PREFIRE": 0,
        "PREFIRE_STATUS": "postfire",
        "TILE_Z": 17,
        "TILE_X": 22051,
        "TILE_Y": 50888,
        "TILEXYZ": [
          17,
          22051,
          50888
        ],
        "OUTPUT_FILE": "/Users/maples/GitHub/mortalitree_testing/notebooks/single_tiles/postfire/17/22051/50888.geojson",
        "OUTPUT_STATUS_DIR": "postfire",
        "FEATURE_COUNT": 326
      },
      "geometry": {
        "type": "Polygon",
        "coordinates": [
          [
            [
              -119.43311711594039,
              37.28207546817906
            ],
            [
              -119.43301884806607,
              37.282072503252095
            ],
            [
              -119.43302317706562,
              37.281980894587804
            ],
            [
              -119.43312144482128,
              37.28198385950498
            ],
            [
              -119.43311711594039,
              37.28207546817906
            ]
          ]
        ]
      }
    },
    {
      "id": "116",
      "type": "Feature",
      "properties": {
        "id": null,
        "SOURCE_FILE": "/Users/maples/GitHub/mortalitree_testing/labels/gwynethb_mortalitree_postfire_labels.geojson",
        "SUNETID": "gwynethb",
        "FIRENAME": "CREEK",
        "FIRE_SLUG": "CREEK",
        "PREFIRE": 0,
        "PREFIRE_STATUS": "postfire",
        "TILE_Z": 17,
        "TILE_X": 22051,
        "TILE_Y": 50888,
        "TILEXYZ": [
          17,
          22051,
          50888
        ],
        "OUTPUT_FILE": "/Users/maples/GitHub/mortalitree_testing/notebooks/single_tiles/postfire/17/22051/50888.geojson",
        "OUTPUT_STATUS_DIR": "postfire",
        "FEATURE_COUNT": 326
      },
      "geometry": {
        "type": "Polygon",
        "coordinates": [
          [
            [
              -119.43241490280154,
              37.282589424978305
            ],
            [
              -119.432373046875,
              37.282588161854534
            ],
            [
              -119.432373046875,
              37.28249642259691
            ],
            [
              -119.43241923261401,
              37.28249781638238
            ],
            [
              -119.43241490280154,
              37.282589424978305
            ]
          ]
        ]
      }
    },
    {
      "id": "117",
      "type": "Feature",
      "properties": {
        "id": null,
        "SOURCE_FILE": "/Users/maples/GitHub/mortalitree_testing/labels/gwynethb_mortalitree_postfire_labels.geojson",
        "SUNETID": "gwynethb",
        "FIRENAME": "CREEK",
        "FIRE_SLUG": "CREEK",
        "PREFIRE": 0,
        "PREFIRE_STATUS": "postfire",
        "TILE_Z": 17,
        "TILE_X": 22051,
        "TILE_Y": 50888,
        "TILEXYZ": [
          17,
          22051,
          50888
        ],
        "OUTPUT_FILE": "/Users/maples/GitHub/mortalitree_testing/notebooks/single_tiles/postfire/17/22051/50888.geojson",
        "OUTPUT_STATUS_DIR": "postfire",
        "FEATURE_COUNT": 326
      },
      "geometry": {
        "type": "Polygon",
        "coordinates": [
          [
            [
              -119.43253053083778,
              37.28251428064189
            ],
            [
              -119.4324213437476,
              37.2825109856996
            ],
            [
              -119.43242443645848,
              37.282445550987106
            ],
            [
              -119.43253362345447,
              37.28244884592162
            ],
            [
              -119.43253053083778,
              37.28251428064189
            ]
          ]
        ]
      }
    },
    {
      "id": "118",
      "type": "Feature",
      "properties": {
        "id": null,
        "SOURCE_FILE": "/Users/maples/GitHub/mortalitree_testing/labels/gwynethb_mortalitree_postfire_labels.geojson",
        "SUNETID": "gwynethb",
        "FIRENAME": "CREEK",
        "FIRE_SLUG": "CREEK",
        "PREFIRE": 0,
        "PREFIRE_STATUS": "postfire",
        "TILE_Z": 17,
        "TILE_X": 22051,
        "TILE_Y": 50888,
        "TILEXYZ": [
          17,
          22051,
          50888
        ],
        "OUTPUT_FILE": "/Users/maples/GitHub/mortalitree_testing/notebooks/single_tiles/postfire/17/22051/50888.geojson",
        "OUTPUT_STATUS_DIR": "postfire",
        "FEATURE_COUNT": 326
      },
      "geometry": {
        "type": "Polygon",
        "coordinates": [
          [
            [
              -119.43241331157881,
              37.282449583802276
            ],
            [
              -119.432373046875,
              37.28244836870306
            ],
            [
              -119.432373046875,
              37.282387209197374
            ],
            [
              -119.43241619810934,
              37.28238851140385
            ],
            [
              -119.43241331157881,
              37.282449583802276
            ]
          ]
        ]
      }
    },
    {
      "id": "119",
      "type": "Feature",
      "properties": {
        "id": null,
        "SOURCE_FILE": "/Users/maples/GitHub/mortalitree_testing/labels/gwynethb_mortalitree_postfire_labels.geojson",
        "SUNETID": "gwynethb",
        "FIRENAME": "CREEK",
        "FIRE_SLUG": "CREEK",
        "PREFIRE": 0,
        "PREFIRE_STATUS": "postfire",
        "TILE_Z": 17,
        "TILE_X": 22051,
        "TILE_Y": 50888,
        "TILEXYZ": [
          17,
          22051,
          50888
        ],
        "OUTPUT_FILE": "/Users/maples/GitHub/mortalitree_testing/notebooks/single_tiles/postfire/17/22051/50888.geojson",
        "OUTPUT_STATUS_DIR": "postfire",
        "FEATURE_COUNT": 326
      },
      "geometry": {
        "type": "Polygon",
        "coordinates": [
          [
            [
              -119.43243953248492,
              37.282299660581344
            ],
            [
              -119.43237402042125,
              37.28229768358733
            ],
            [
              -119.43237711314922,
              37.282232248875836
            ],
            [
              -119.43244262515643,
              37.282234225865196
            ],
            [
              -119.43243953248492,
              37.282299660581344
            ]
          ]
        ]
      }
    },
    {
      "id": "120",
      "type": "Feature",
      "properties": {
        "id": null,
        "SOURCE_FILE": "/Users/maples/GitHub/mortalitree_testing/labels/gwynethb_mortalitree_postfire_labels.geojson",
        "SUNETID": "gwynethb",
        "FIRENAME": "CREEK",
        "FIRE_SLUG": "CREEK",
        "PREFIRE": 0,
        "PREFIRE_STATUS": "postfire",
        "TILE_Z": 17,
        "TILE_X": 22051,
        "TILE_Y": 50888,
        "TILEXYZ": [
          17,
          22051,
          50888
        ],
        "OUTPUT_FILE": "/Users/maples/GitHub/mortalitree_testing/notebooks/single_tiles/postfire/17/22051/50888.geojson",
        "OUTPUT_STATUS_DIR": "postfire",
        "FEATURE_COUNT": 326
      },
      "geometry": {
        "type": "Polygon",
        "coordinates": [
          [
            [
              -119.43249474009134,
              37.28240398718752
            ],
            [
              -119.4323746344731,
              37.28240036271827
            ],
            [
              -119.43237917048675,
              37.282304391809355
            ],
            [
              -119.4324992759531,
              37.282308016266086
            ],
            [
              -119.43249474009134,
              37.28240398718752
            ]
          ]
        ]
      }
    },
    {
      "id": "121",
      "type": "Feature",
      "properties": {
        "id": null,
        "SOURCE_FILE": "/Users/maples/GitHub/mortalitree_testing/labels/gwynethb_mortalitree_postfire_labels.geojson",
        "SUNETID": "gwynethb",
        "FIRENAME": "CREEK",
        "FIRE_SLUG": "CREEK",
        "PREFIRE": 0,
        "PREFIRE_STATUS": "postfire",
        "TILE_Z": 17,
        "TILE_X": 22051,
        "TILE_Y": 50888,
        "TILEXYZ": [
          17,
          22051,
          50888
        ],
        "OUTPUT_FILE": "/Users/maples/GitHub/mortalitree_testing/notebooks/single_tiles/postfire/17/22051/50888.geojson",
        "OUTPUT_STATUS_DIR": "postfire",
        "FEATURE_COUNT": 326
      },
      "geometry": {
        "type": "Polygon",
        "coordinates": [
          [
            [
              -119.43253389178341,
              37.28215397781176
            ],
            [
              -119.43241924588531,
              37.28215051815134
            ],
            [
              -119.43242295709098,
              37.28207199649162
            ],
            [
              -119.43253760287041,
              37.282075456142245
            ],
            [
              -119.43253389178341,
              37.28215397781176
            ]
          ]
        ]
      }
    },
    {
      "id": "122",
      "type": "Feature",
      "properties": {
        "id": null,
        "SOURCE_FILE": "/Users/maples/GitHub/mortalitree_testing/labels/gwynethb_mortalitree_postfire_labels.geojson",
        "SUNETID": "gwynethb",
        "FIRENAME": "CREEK",
        "FIRE_SLUG": "CREEK",
        "PREFIRE": 0,
        "PREFIRE_STATUS": "postfire",
        "TILE_Z": 17,
        "TILE_X": 22051,
        "TILE_Y": 50888,
        "TILEXYZ": [
          17,
          22051,
          50888
        ],
        "OUTPUT_FILE": "/Users/maples/GitHub/mortalitree_testing/notebooks/single_tiles/postfire/17/22051/50888.geojson",
        "OUTPUT_STATUS_DIR": "postfire",
        "FEATURE_COUNT": 326
      },
      "geometry": {
        "type": "Polygon",
        "coordinates": [
          [
            [
              -119.43251977744609,
              37.28222126420525
            ],
            [
              -119.43244334677833,
              37.28221895776463
            ],
            [
              -119.43244643943747,
              37.28215352304732
            ],
            [
              -119.43252287003934,
              37.28215582948251
            ],
            [
              -119.43251977744609,
              37.28222126420525
            ]
          ]
        ]
      }
    },
    {
      "id": "123",
      "type": "Feature",
      "properties": {
        "id": null,
        "SOURCE_FILE": "/Users/maples/GitHub/mortalitree_testing/labels/gwynethb_mortalitree_postfire_labels.geojson",
        "SUNETID": "gwynethb",
        "FIRENAME": "CREEK",
        "FIRE_SLUG": "CREEK",
        "PREFIRE": 0,
        "PREFIRE_STATUS": "postfire",
        "TILE_Z": 17,
        "TILE_X": 22051,
        "TILE_Y": 50888,
        "TILEXYZ": [
          17,
          22051,
          50888
        ],
        "OUTPUT_FILE": "/Users/maples/GitHub/mortalitree_testing/notebooks/single_tiles/postfire/17/22051/50888.geojson",
        "OUTPUT_STATUS_DIR": "postfire",
        "FEATURE_COUNT": 326
      },
      "geometry": {
        "type": "Polygon",
        "coordinates": [
          [
            [
              -119.43296713730429,
              37.282125549721144
            ],
            [
              -119.432890706696,
              37.28212324357442
            ],
            [
              -119.43289276820455,
              37.28207962040763
            ],
            [
              -119.43296919876887,
              37.28208192655075
            ],
            [
              -119.43296713730429,
              37.282125549721144
            ]
          ]
        ]
      }
    },
    {
      "id": "124",
      "type": "Feature",
      "properties": {
        "id": null,
        "SOURCE_FILE": "/Users/maples/GitHub/mortalitree_testing/labels/gwynethb_mortalitree_postfire_labels.geojson",
        "SUNETID": "gwynethb",
        "FIRENAME": "CREEK",
        "FIRE_SLUG": "CREEK",
        "PREFIRE": 0,
        "PREFIRE_STATUS": "postfire",
        "TILE_Z": 17,
        "TILE_X": 22051,
        "TILE_Y": 50888,
        "TILEXYZ": [
          17,
          22051,
          50888
        ],
        "OUTPUT_FILE": "/Users/maples/GitHub/mortalitree_testing/notebooks/single_tiles/postfire/17/22051/50888.geojson",
        "OUTPUT_STATUS_DIR": "postfire",
        "FEATURE_COUNT": 326
      },
      "geometry": {
        "type": "Polygon",
        "coordinates": [
          [
            [
              -119.43272799934458,
              37.28238481476481
            ],
            [
              -119.43265702784024,
              37.282382673188465
            ],
            [
              -119.43265970800094,
              37.282325963088525
            ],
            [
              -119.43273067945226,
              37.28232810466049
            ],
            [
              -119.43272799934458,
              37.28238481476481
            ]
          ]
        ]
      }
    },
    {
      "id": "125",
      "type": "Feature",
      "properties": {
        "id": null,
        "SOURCE_FILE": "/Users/maples/GitHub/mortalitree_testing/labels/gwynethb_mortalitree_postfire_labels.geojson",
        "SUNETID": "gwynethb",
        "FIRENAME": "CREEK",
        "FIRE_SLUG": "CREEK",
        "PREFIRE": 0,
        "PREFIRE_STATUS": "postfire",
        "TILE_Z": 17,
        "TILE_X": 22051,
        "TILE_Y": 50888,
        "TILEXYZ": [
          17,
          22051,
          50888
        ],
        "OUTPUT_FILE": "/Users/maples/GitHub/mortalitree_testing/notebooks/single_tiles/postfire/17/22051/50888.geojson",
        "OUTPUT_STATUS_DIR": "postfire",
        "FEATURE_COUNT": 326
      },
      "geometry": {
        "type": "Polygon",
        "coordinates": [
          [
            [
              -119.43276509638905,
              37.281946896213
            ],
            [
              -119.43269958460787,
              37.28194491941504
            ],
            [
              -119.43270267701452,
              37.2818794846764
            ],
            [
              -119.43276818873923,
              37.281881461469716
            ],
            [
              -119.43276509638905,
              37.281946896213
            ]
          ]
        ]
      }
    },
    {
      "id": "126",
      "type": "Feature",
      "properties": {
        "id": null,
        "SOURCE_FILE": "/Users/maples/GitHub/mortalitree_testing/labels/gwynethb_mortalitree_postfire_labels.geojson",
        "SUNETID": "gwynethb",
        "FIRENAME": "CREEK",
        "FIRE_SLUG": "CREEK",
        "PREFIRE": 0,
        "PREFIRE_STATUS": "postfire",
        "TILE_Z": 17,
        "TILE_X": 22051,
        "TILE_Y": 50888,
        "TILEXYZ": [
          17,
          22051,
          50888
        ],
        "OUTPUT_FILE": "/Users/maples/GitHub/mortalitree_testing/notebooks/single_tiles/postfire/17/22051/50888.geojson",
        "OUTPUT_STATUS_DIR": "postfire",
        "FEATURE_COUNT": 326
      },
      "geometry": {
        "type": "Polygon",
        "coordinates": [
          [
            [
              -119.43280871748358,
              37.28200718769415
            ],
            [
              -119.4327322870082,
              37.282004881451336
            ],
            [
              -119.43273476091704,
              37.28195253365916
            ],
            [
              -119.4328111913397,
              37.28195483989764
            ],
            [
              -119.43280871748358,
              37.28200718769415
            ]
          ]
        ]
      }
    },
    {
      "id": "127",
      "type": "Feature",
      "properties": {
        "id": null,
        "SOURCE_FILE": "/Users/maples/GitHub/mortalitree_testing/labels/gwynethb_mortalitree_postfire_labels.geojson",
        "SUNETID": "gwynethb",
        "FIRENAME": "CREEK",
        "FIRE_SLUG": "CREEK",
        "PREFIRE": 0,
        "PREFIRE_STATUS": "postfire",
        "TILE_Z": 17,
        "TILE_X": 22051,
        "TILE_Y": 50888,
        "TILEXYZ": [
          17,
          22051,
          50888
        ],
        "OUTPUT_FILE": "/Users/maples/GitHub/mortalitree_testing/notebooks/single_tiles/postfire/17/22051/50888.geojson",
        "OUTPUT_STATUS_DIR": "postfire",
        "FEATURE_COUNT": 326
      },
      "geometry": {
        "type": "Polygon",
        "coordinates": [
          [
            [
              -119.43285074282396,
              37.282043404057404
            ],
            [
              -119.43280160892014,
              37.28204192149462
            ],
            [
              -119.43280305200834,
              37.28201138528048
            ],
            [
              -119.4328521858924,
              37.28201286784164
            ],
            [
              -119.43285074282396,
              37.282043404057404
            ]
          ]
        ]
      }
    },
    {
      "id": "128",
      "type": "Feature",
      "properties": {
        "id": null,
        "SOURCE_FILE": "/Users/maples/GitHub/mortalitree_testing/labels/gwynethb_mortalitree_postfire_labels.geojson",
        "SUNETID": "gwynethb",
        "FIRENAME": "CREEK",
        "FIRE_SLUG": "CREEK",
        "PREFIRE": 0,
        "PREFIRE_STATUS": "postfire",
        "TILE_Z": 17,
        "TILE_X": 22051,
        "TILE_Y": 50888,
        "TILEXYZ": [
          17,
          22051,
          50888
        ],
        "OUTPUT_FILE": "/Users/maples/GitHub/mortalitree_testing/notebooks/single_tiles/postfire/17/22051/50888.geojson",
        "OUTPUT_STATUS_DIR": "postfire",
        "FEATURE_COUNT": 326
      },
      "geometry": {
        "type": "Polygon",
        "coordinates": [
          [
            [
              -119.4329684701238,
              37.28232872690586
            ],
            [
              -119.43285382390629,
              37.28232526765258
            ],
            [
              -119.43285815314542,
              37.282233659008696
            ],
            [
              -119.4329727992245,
              37.28223711825056
            ],
            [
              -119.4329684701238,
              37.28232872690586
            ]
          ]
        ]
      }
    },
    {
      "id": "129",
      "type": "Feature",
      "properties": {
        "id": null,
        "SOURCE_FILE": "/Users/maples/GitHub/mortalitree_testing/labels/gwynethb_mortalitree_postfire_labels.geojson",
        "SUNETID": "gwynethb",
        "FIRENAME": "CREEK",
        "FIRE_SLUG": "CREEK",
        "PREFIRE": 0,
        "PREFIRE_STATUS": "postfire",
        "TILE_Z": 17,
        "TILE_X": 22051,
        "TILE_Y": 50888,
        "TILEXYZ": [
          17,
          22051,
          50888
        ],
        "OUTPUT_FILE": "/Users/maples/GitHub/mortalitree_testing/notebooks/single_tiles/postfire/17/22051/50888.geojson",
        "OUTPUT_STATUS_DIR": "postfire",
        "FEATURE_COUNT": 326
      },
      "geometry": {
        "type": "Polygon",
        "coordinates": [
          [
            [
              -119.43297048185033,
              37.28222831125505
            ],
            [
              -119.43289405113784,
              37.28222600510508
            ],
            [
              -119.43289611265212,
              37.28218238193891
            ],
            [
              -119.43297254332064,
              37.28218468808527
            ],
            [
              -119.43297048185033,
              37.28222831125505
            ]
          ]
        ]
      }
    },
    {
      "id": "130",
      "type": "Feature",
      "properties": {
        "id": null,
        "SOURCE_FILE": "/Users/maples/GitHub/mortalitree_testing/labels/gwynethb_mortalitree_postfire_labels.geojson",
        "SUNETID": "gwynethb",
        "FIRENAME": "CREEK",
        "FIRE_SLUG": "CREEK",
        "PREFIRE": 0,
        "PREFIRE_STATUS": "postfire",
        "TILE_Z": 17,
        "TILE_X": 22051,
        "TILE_Y": 50888,
        "TILEXYZ": [
          17,
          22051,
          50888
        ],
        "OUTPUT_FILE": "/Users/maples/GitHub/mortalitree_testing/notebooks/single_tiles/postfire/17/22051/50888.geojson",
        "OUTPUT_STATUS_DIR": "postfire",
        "FEATURE_COUNT": 326
      },
      "geometry": {
        "type": "Polygon",
        "coordinates": [
          [
            [
              -119.43289853309207,
              37.28218900777709
            ],
            [
              -119.43283848042462,
              37.28218719577138
            ],
            [
              -119.43284116043024,
              37.28213048565835
            ],
            [
              -119.4329012130528,
              37.28213229766037
            ],
            [
              -119.43289853309207,
              37.28218900777709
            ]
          ]
        ]
      }
    },
    {
      "id": "131",
      "type": "Feature",
      "properties": {
        "id": null,
        "SOURCE_FILE": "/Users/maples/GitHub/mortalitree_testing/labels/gwynethb_mortalitree_postfire_labels.geojson",
        "SUNETID": "gwynethb",
        "FIRENAME": "CREEK",
        "FIRE_SLUG": "CREEK",
        "PREFIRE": 0,
        "PREFIRE_STATUS": "postfire",
        "TILE_Z": 17,
        "TILE_X": 22051,
        "TILE_Y": 50888,
        "TILEXYZ": [
          17,
          22051,
          50888
        ],
        "OUTPUT_FILE": "/Users/maples/GitHub/mortalitree_testing/notebooks/single_tiles/postfire/17/22051/50888.geojson",
        "OUTPUT_STATUS_DIR": "postfire",
        "FEATURE_COUNT": 326
      },
      "geometry": {
        "type": "Polygon",
        "coordinates": [
          [
            [
              -119.43280212050267,
              37.28214678181524
            ],
            [
              -119.43275844586388,
              37.28214546396161
            ],
            [
              -119.43276050745042,
              37.28210184080129
            ],
            [
              -119.43280418206407,
              37.28210315865286
            ],
            [
              -119.43280212050267,
              37.28214678181524
            ]
          ]
        ]
      }
    },
    {
      "id": "132",
      "type": "Feature",
      "properties": {
        "id": null,
        "SOURCE_FILE": "/Users/maples/GitHub/mortalitree_testing/labels/gwynethb_mortalitree_postfire_labels.geojson",
        "SUNETID": "gwynethb",
        "FIRENAME": "CREEK",
        "FIRE_SLUG": "CREEK",
        "PREFIRE": 0,
        "PREFIRE_STATUS": "postfire",
        "TILE_Z": 17,
        "TILE_X": 22051,
        "TILE_Y": 50888,
        "TILEXYZ": [
          17,
          22051,
          50888
        ],
        "OUTPUT_FILE": "/Users/maples/GitHub/mortalitree_testing/notebooks/single_tiles/postfire/17/22051/50888.geojson",
        "OUTPUT_STATUS_DIR": "postfire",
        "FEATURE_COUNT": 326
      },
      "geometry": {
        "type": "Polygon",
        "coordinates": [
          [
            [
              -119.43276585982669,
              37.28221995279896
            ],
            [
              -119.43263483579723,
              37.28221599914313
            ],
            [
              -119.4326387529534,
              37.28213311515036
            ],
            [
              -119.43276977683972,
              37.28213706879439
            ],
            [
              -119.43276585982669,
              37.28221995279896
            ]
          ]
        ]
      }
    },
    {
      "id": "133",
      "type": "Feature",
      "properties": {
        "id": null,
        "SOURCE_FILE": "/Users/maples/GitHub/mortalitree_testing/labels/gwynethb_mortalitree_postfire_labels.geojson",
        "SUNETID": "gwynethb",
        "FIRENAME": "CREEK",
        "FIRE_SLUG": "CREEK",
        "PREFIRE": 0,
        "PREFIRE_STATUS": "postfire",
        "TILE_Z": 17,
        "TILE_X": 22051,
        "TILE_Y": 50888,
        "TILEXYZ": [
          17,
          22051,
          50888
        ],
        "OUTPUT_FILE": "/Users/maples/GitHub/mortalitree_testing/notebooks/single_tiles/postfire/17/22051/50888.geojson",
        "OUTPUT_STATUS_DIR": "postfire",
        "FEATURE_COUNT": 326
      },
      "geometry": {
        "type": "Polygon",
        "coordinates": [
          [
            [
              -119.4328034032504,
              37.28229316650321
            ],
            [
              -119.4327324318263,
              37.28229102497652
            ],
            [
              -119.43273428727764,
              37.28225176413436
            ],
            [
              -119.43280525866504,
              37.282253905658
            ],
            [
              -119.4328034032504,
              37.28229316650321
            ]
          ]
        ]
      }
    },
    {
      "id": "134",
      "type": "Feature",
      "properties": {
        "id": null,
        "SOURCE_FILE": "/Users/maples/GitHub/mortalitree_testing/labels/gwynethb_mortalitree_postfire_labels.geojson",
        "SUNETID": "gwynethb",
        "FIRENAME": "CREEK",
        "FIRE_SLUG": "CREEK",
        "PREFIRE": 0,
        "PREFIRE_STATUS": "postfire",
        "TILE_Z": 17,
        "TILE_X": 22051,
        "TILE_Y": 50888,
        "TILEXYZ": [
          17,
          22051,
          50888
        ],
        "OUTPUT_FILE": "/Users/maples/GitHub/mortalitree_testing/notebooks/single_tiles/postfire/17/22051/50888.geojson",
        "OUTPUT_STATUS_DIR": "postfire",
        "FEATURE_COUNT": 326
      },
      "geometry": {
        "type": "Polygon",
        "coordinates": [
          [
            [
              -119.43264369280409,
              37.28225995177397
            ],
            [
              -119.4325781807602,
              37.28225797489473
            ],
            [
              -119.43258065479843,
              37.28220562711361
            ],
            [
              -119.4326461667971,
              37.28220760398912
            ],
            [
              -119.43264369280409,
              37.28225995177397
            ]
          ]
        ]
      }
    },
    {
      "id": "135",
      "type": "Feature",
      "properties": {
        "id": null,
        "SOURCE_FILE": "/Users/maples/GitHub/mortalitree_testing/labels/gwynethb_mortalitree_postfire_labels.geojson",
        "SUNETID": "gwynethb",
        "FIRENAME": "CREEK",
        "FIRE_SLUG": "CREEK",
        "PREFIRE": 0,
        "PREFIRE_STATUS": "postfire",
        "TILE_Z": 17,
        "TILE_X": 22051,
        "TILE_Y": 50888,
        "TILEXYZ": [
          17,
          22051,
          50888
        ],
        "OUTPUT_FILE": "/Users/maples/GitHub/mortalitree_testing/notebooks/single_tiles/postfire/17/22051/50888.geojson",
        "OUTPUT_STATUS_DIR": "postfire",
        "FEATURE_COUNT": 326
      },
      "geometry": {
        "type": "Polygon",
        "coordinates": [
          [
            [
              -119.43269622454449,
              37.282305222301886
            ],
            [
              -119.43261433443693,
              37.282302751230965
            ],
            [
              -119.43261660228626,
              37.28225476576344
            ],
            [
              -119.43269849234203,
              37.28225723683008
            ],
            [
              -119.43269622454449,
              37.282305222301886
            ]
          ]
        ]
      }
    },
    {
      "id": "136",
      "type": "Feature",
      "properties": {
        "id": null,
        "SOURCE_FILE": "/Users/maples/GitHub/mortalitree_testing/labels/gwynethb_mortalitree_postfire_labels.geojson",
        "SUNETID": "gwynethb",
        "FIRENAME": "CREEK",
        "FIRE_SLUG": "CREEK",
        "PREFIRE": 0,
        "PREFIRE_STATUS": "postfire",
        "TILE_Z": 17,
        "TILE_X": 22051,
        "TILE_Y": 50888,
        "TILEXYZ": [
          17,
          22051,
          50888
        ],
        "OUTPUT_FILE": "/Users/maples/GitHub/mortalitree_testing/notebooks/single_tiles/postfire/17/22051/50888.geojson",
        "OUTPUT_STATUS_DIR": "postfire",
        "FEATURE_COUNT": 326
      },
      "geometry": {
        "type": "Polygon",
        "coordinates": [
          [
            [
              -119.43265028198869,
              37.28235188987347
            ],
            [
              -119.43254655446191,
              37.28234875979717
            ],
            [
              -119.43255005939004,
              37.282274600444104
            ],
            [
              -119.43265378681542,
              37.28227773051203
            ],
            [
              -119.43265028198869,
              37.28235188987347
            ]
          ]
        ]
      }
    },
    {
      "id": "137",
      "type": "Feature",
      "properties": {
        "id": null,
        "SOURCE_FILE": "/Users/maples/GitHub/mortalitree_testing/labels/gwynethb_mortalitree_postfire_labels.geojson",
        "SUNETID": "gwynethb",
        "FIRENAME": "CREEK",
        "FIRE_SLUG": "CREEK",
        "PREFIRE": 0,
        "PREFIRE_STATUS": "postfire",
        "TILE_Z": 17,
        "TILE_X": 22051,
        "TILE_Y": 50888,
        "TILEXYZ": [
          17,
          22051,
          50888
        ],
        "OUTPUT_FILE": "/Users/maples/GitHub/mortalitree_testing/notebooks/single_tiles/postfire/17/22051/50888.geojson",
        "OUTPUT_STATUS_DIR": "postfire",
        "FEATURE_COUNT": 326
      },
      "geometry": {
        "type": "Polygon",
        "coordinates": [
          [
            [
              -119.43511394548091,
              37.28187358617902
            ],
            [
              -119.43501567765509,
              37.28187062292335
            ],
            [
              -119.43502021022833,
              37.2817746517294
            ],
            [
              -119.43511847792985,
              37.28177761497482
            ],
            [
              -119.43511394548091,
              37.28187358617902
            ]
          ]
        ]
      }
    },
    {
      "id": "138",
      "type": "Feature",
      "properties": {
        "id": null,
        "SOURCE_FILE": "/Users/maples/GitHub/mortalitree_testing/labels/gwynethb_mortalitree_postfire_labels.geojson",
        "SUNETID": "gwynethb",
        "FIRENAME": "CREEK",
        "FIRE_SLUG": "CREEK",
        "PREFIRE": 0,
        "PREFIRE_STATUS": "postfire",
        "TILE_Z": 17,
        "TILE_X": 22051,
        "TILE_Y": 50888,
        "TILEXYZ": [
          17,
          22051,
          50888
        ],
        "OUTPUT_FILE": "/Users/maples/GitHub/mortalitree_testing/notebooks/single_tiles/postfire/17/22051/50888.geojson",
        "OUTPUT_STATUS_DIR": "postfire",
        "FEATURE_COUNT": 326
      },
      "geometry": {
        "type": "Polygon",
        "coordinates": [
          [
            [
              -119.43479014597546,
              37.28184197903327
            ],
            [
              -119.4346427443558,
              37.281837533719255
            ],
            [
              -119.43464645320942,
              37.28175901186492
            ],
            [
              -119.43479385467651,
              37.28176345716638
            ],
            [
              -119.43479014597546,
              37.28184197903327
            ]
          ]
        ]
      }
    },
    {
      "id": "139",
      "type": "Feature",
      "properties": {
        "id": null,
        "SOURCE_FILE": "/Users/maples/GitHub/mortalitree_testing/labels/gwynethb_mortalitree_postfire_labels.geojson",
        "SUNETID": "gwynethb",
        "FIRENAME": "CREEK",
        "FIRE_SLUG": "CREEK",
        "PREFIRE": 0,
        "PREFIRE_STATUS": "postfire",
        "TILE_Z": 17,
        "TILE_X": 22051,
        "TILE_Y": 50888,
        "TILEXYZ": [
          17,
          22051,
          50888
        ],
        "OUTPUT_FILE": "/Users/maples/GitHub/mortalitree_testing/notebooks/single_tiles/postfire/17/22051/50888.geojson",
        "OUTPUT_STATUS_DIR": "postfire",
        "FEATURE_COUNT": 326
      },
      "geometry": {
        "type": "Polygon",
        "coordinates": [
          [
            [
              -119.434940586334,
              37.28183996298977
            ],
            [
              -119.43485323721018,
              37.281837328862856
            ],
            [
              -119.43485570963504,
              37.28178498094809
            ],
            [
              -119.43494305869862,
              37.281787615070044
            ],
            [
              -119.434940586334,
              37.28183996298977
            ]
          ]
        ]
      }
    },
    {
      "id": "140",
      "type": "Feature",
      "properties": {
        "id": null,
        "SOURCE_FILE": "/Users/maples/GitHub/mortalitree_testing/labels/gwynethb_mortalitree_postfire_labels.geojson",
        "SUNETID": "gwynethb",
        "FIRENAME": "CREEK",
        "FIRE_SLUG": "CREEK",
        "PREFIRE": 0,
        "PREFIRE_STATUS": "postfire",
        "TILE_Z": 17,
        "TILE_X": 22051,
        "TILE_Y": 50888,
        "TILEXYZ": [
          17,
          22051,
          50888
        ],
        "OUTPUT_FILE": "/Users/maples/GitHub/mortalitree_testing/notebooks/single_tiles/postfire/17/22051/50888.geojson",
        "OUTPUT_STATUS_DIR": "postfire",
        "FEATURE_COUNT": 326
      },
      "geometry": {
        "type": "Polygon",
        "coordinates": [
          [
            [
              -119.4350274720895,
              37.28179452914146
            ],
            [
              -119.43496196027874,
              37.281792553602415
            ],
            [
              -119.4349644326243,
              37.281740205681075
            ],
            [
              -119.43502994438987,
              37.28174218121639
            ],
            [
              -119.4350274720895,
              37.28179452914146
            ]
          ]
        ]
      }
    },
    {
      "id": "141",
      "type": "Feature",
      "properties": {
        "id": null,
        "SOURCE_FILE": "/Users/maples/GitHub/mortalitree_testing/labels/gwynethb_mortalitree_postfire_labels.geojson",
        "SUNETID": "gwynethb",
        "FIRENAME": "CREEK",
        "FIRE_SLUG": "CREEK",
        "PREFIRE": 0,
        "PREFIRE_STATUS": "postfire",
        "TILE_Z": 17,
        "TILE_X": 22051,
        "TILE_Y": 50888,
        "TILEXYZ": [
          17,
          22051,
          50888
        ],
        "OUTPUT_FILE": "/Users/maples/GitHub/mortalitree_testing/notebooks/single_tiles/postfire/17/22051/50888.geojson",
        "OUTPUT_STATUS_DIR": "postfire",
        "FEATURE_COUNT": 326
      },
      "geometry": {
        "type": "Polygon",
        "coordinates": [
          [
            [
              -119.43498513672809,
              37.28176485699479
            ],
            [
              -119.43490870631635,
              37.28176255216996
            ],
            [
              -119.43491365106951,
              37.2816578563322
            ],
            [
              -119.43499008137577,
              37.281660161148345
            ],
            [
              -119.43498513672809,
              37.28176485699479
            ]
          ]
        ]
      }
    },
    {
      "id": "142",
      "type": "Feature",
      "properties": {
        "id": null,
        "SOURCE_FILE": "/Users/maples/GitHub/mortalitree_testing/labels/gwynethb_mortalitree_postfire_labels.geojson",
        "SUNETID": "gwynethb",
        "FIRENAME": "CREEK",
        "FIRE_SLUG": "CREEK",
        "PREFIRE": 0,
        "PREFIRE_STATUS": "postfire",
        "TILE_Z": 17,
        "TILE_X": 22051,
        "TILE_Y": 50888,
        "TILEXYZ": [
          17,
          22051,
          50888
        ],
        "OUTPUT_FILE": "/Users/maples/GitHub/mortalitree_testing/notebooks/single_tiles/postfire/17/22051/50888.geojson",
        "OUTPUT_STATUS_DIR": "postfire",
        "FEATURE_COUNT": 326
      },
      "geometry": {
        "type": "Polygon",
        "coordinates": [
          [
            [
              -119.43511662395997,
              37.2817011096206
            ],
            [
              -119.43504565291276,
              37.28169896950968
            ],
            [
              -119.43504791916897,
              37.28165098391
            ],
            [
              -119.43511889017131,
              37.28165312401722
            ],
            [
              -119.43511662395997,
              37.2817011096206
            ]
          ]
        ]
      }
    },
    {
      "id": "143",
      "type": "Feature",
      "properties": {
        "id": null,
        "SOURCE_FILE": "/Users/maples/GitHub/mortalitree_testing/labels/gwynethb_mortalitree_postfire_labels.geojson",
        "SUNETID": "gwynethb",
        "FIRENAME": "CREEK",
        "FIRE_SLUG": "CREEK",
        "PREFIRE": 0,
        "PREFIRE_STATUS": "postfire",
        "TILE_Z": 17,
        "TILE_X": 22051,
        "TILE_Y": 50888,
        "TILEXYZ": [
          17,
          22051,
          50888
        ],
        "OUTPUT_FILE": "/Users/maples/GitHub/mortalitree_testing/notebooks/single_tiles/postfire/17/22051/50888.geojson",
        "OUTPUT_STATUS_DIR": "postfire",
        "FEATURE_COUNT": 326
      },
      "geometry": {
        "type": "Polygon",
        "coordinates": [
          [
            [
              -119.43506908696305,
              37.28160793682309
            ],
            [
              -119.43497627879124,
              37.28160513817664
            ],
            [
              -119.43497936918888,
              37.28153970327176
            ],
            [
              -119.43507217728063,
              37.28154250191163
            ],
            [
              -119.43506908696305,
              37.28160793682309
            ]
          ]
        ]
      }
    },
    {
      "id": "144",
      "type": "Feature",
      "properties": {
        "id": null,
        "SOURCE_FILE": "/Users/maples/GitHub/mortalitree_testing/labels/gwynethb_mortalitree_postfire_labels.geojson",
        "SUNETID": "gwynethb",
        "FIRENAME": "CREEK",
        "FIRE_SLUG": "CREEK",
        "PREFIRE": 0,
        "PREFIRE_STATUS": "postfire",
        "TILE_Z": 17,
        "TILE_X": 22051,
        "TILE_Y": 50888,
        "TILEXYZ": [
          17,
          22051,
          50888
        ],
        "OUTPUT_FILE": "/Users/maples/GitHub/mortalitree_testing/notebooks/single_tiles/postfire/17/22051/50888.geojson",
        "OUTPUT_STATUS_DIR": "postfire",
        "FEATURE_COUNT": 326
      },
      "geometry": {
        "type": "Polygon",
        "coordinates": [
          [
            [
              -119.43511889035852,
              37.28153735771282
            ],
            [
              -119.43500970437142,
              37.28153406523126
            ],
            [
              -119.43501279473216,
              37.28146863032322
            ],
            [
              -119.43511962890625,
              37.281471851881506
            ],
            [
              -119.43511962890625,
              37.281521719318164
            ],
            [
              -119.43511889035852,
              37.28153735771282
            ]
          ]
        ]
      }
    },
    {
      "id": "145",
      "type": "Feature",
      "properties": {
        "id": null,
        "SOURCE_FILE": "/Users/maples/GitHub/mortalitree_testing/labels/gwynethb_mortalitree_postfire_labels.geojson",
        "SUNETID": "gwynethb",
        "FIRENAME": "CREEK",
        "FIRE_SLUG": "CREEK",
        "PREFIRE": 0,
        "PREFIRE_STATUS": "postfire",
        "TILE_Z": 17,
        "TILE_X": 22051,
        "TILE_Y": 50888,
        "TILEXYZ": [
          17,
          22051,
          50888
        ],
        "OUTPUT_FILE": "/Users/maples/GitHub/mortalitree_testing/notebooks/single_tiles/postfire/17/22051/50888.geojson",
        "OUTPUT_STATUS_DIR": "postfire",
        "FEATURE_COUNT": 326
      },
      "geometry": {
        "type": "Polygon",
        "coordinates": [
          [
            [
              -119.43511950858279,
              37.28140850442324
            ],
            [
              -119.43503761923036,
              37.28140603507915
            ],
            [
              -119.43503988546765,
              37.28135804947752
            ],
            [
              -119.43511962890625,
              37.2813604541097
            ],
            [
              -119.43511962890625,
              37.281405956620226
            ],
            [
              -119.43511950858279,
              37.28140850442324
            ]
          ]
        ]
      }
    },
    {
      "id": "146",
      "type": "Feature",
      "properties": {
        "id": null,
        "SOURCE_FILE": "/Users/maples/GitHub/mortalitree_testing/labels/gwynethb_mortalitree_postfire_labels.geojson",
        "SUNETID": "gwynethb",
        "FIRENAME": "CREEK",
        "FIRE_SLUG": "CREEK",
        "PREFIRE": 0,
        "PREFIRE_STATUS": "postfire",
        "TILE_Z": 17,
        "TILE_X": 22051,
        "TILE_Y": 50888,
        "TILEXYZ": [
          17,
          22051,
          50888
        ],
        "OUTPUT_FILE": "/Users/maples/GitHub/mortalitree_testing/notebooks/single_tiles/postfire/17/22051/50888.geojson",
        "OUTPUT_STATUS_DIR": "postfire",
        "FEATURE_COUNT": 326
      },
      "geometry": {
        "type": "Polygon",
        "coordinates": [
          [
            [
              -119.43500867424898,
              37.28155587686706
            ],
            [
              -119.43493770334646,
              37.28155373669849
            ],
            [
              -119.43494017568747,
              37.28150138877641
            ],
            [
              -119.43501114654102,
              37.28150352894095
            ],
            [
              -119.43500867424898,
              37.28155587686706
            ]
          ]
        ]
      }
    },
    {
      "id": "147",
      "type": "Feature",
      "properties": {
        "id": null,
        "SOURCE_FILE": "/Users/maples/GitHub/mortalitree_testing/labels/gwynethb_mortalitree_postfire_labels.geojson",
        "SUNETID": "gwynethb",
        "FIRENAME": "CREEK",
        "FIRE_SLUG": "CREEK",
        "PREFIRE": 0,
        "PREFIRE_STATUS": "postfire",
        "TILE_Z": 17,
        "TILE_X": 22051,
        "TILE_Y": 50888,
        "TILEXYZ": [
          17,
          22051,
          50888
        ],
        "OUTPUT_FILE": "/Users/maples/GitHub/mortalitree_testing/notebooks/single_tiles/postfire/17/22051/50888.geojson",
        "OUTPUT_STATUS_DIR": "postfire",
        "FEATURE_COUNT": 326
      },
      "geometry": {
        "type": "Polygon",
        "coordinates": [
          [
            [
              -119.43498112001534,
              37.28161838978585
            ],
            [
              -119.4349101490563,
              37.281616249597725
            ],
            [
              -119.43491303348229,
              37.28155517702438
            ],
            [
              -119.43498400438425,
              37.2815573172078
            ],
            [
              -119.43498112001534,
              37.28161838978585
            ]
          ]
        ]
      }
    },
    {
      "id": "148",
      "type": "Feature",
      "properties": {
        "id": null,
        "SOURCE_FILE": "/Users/maples/GitHub/mortalitree_testing/labels/gwynethb_mortalitree_postfire_labels.geojson",
        "SUNETID": "gwynethb",
        "FIRENAME": "CREEK",
        "FIRE_SLUG": "CREEK",
        "PREFIRE": 0,
        "PREFIRE_STATUS": "postfire",
        "TILE_Z": 17,
        "TILE_X": 22051,
        "TILE_Y": 50888,
        "TILEXYZ": [
          17,
          22051,
          50888
        ],
        "OUTPUT_FILE": "/Users/maples/GitHub/mortalitree_testing/notebooks/single_tiles/postfire/17/22051/50888.geojson",
        "OUTPUT_STATUS_DIR": "postfire",
        "FEATURE_COUNT": 326
      },
      "geometry": {
        "type": "Polygon",
        "coordinates": [
          [
            [
              -119.43487626005145,
              37.28163925459986
            ],
            [
              -119.43476161464122,
              37.281635797248576
            ],
            [
              -119.43476655957545,
              37.28153110142537
            ],
            [
              -119.43488120482748,
              37.28153455876362
            ],
            [
              -119.43487626005145,
              37.28163925459986
            ]
          ]
        ]
      }
    },
    {
      "id": "149",
      "type": "Feature",
      "properties": {
        "id": null,
        "SOURCE_FILE": "/Users/maples/GitHub/mortalitree_testing/labels/gwynethb_mortalitree_postfire_labels.geojson",
        "SUNETID": "gwynethb",
        "FIRENAME": "CREEK",
        "FIRE_SLUG": "CREEK",
        "PREFIRE": 0,
        "PREFIRE_STATUS": "postfire",
        "TILE_Z": 17,
        "TILE_X": 22051,
        "TILE_Y": 50888,
        "TILEXYZ": [
          17,
          22051,
          50888
        ],
        "OUTPUT_FILE": "/Users/maples/GitHub/mortalitree_testing/notebooks/single_tiles/postfire/17/22051/50888.geojson",
        "OUTPUT_STATUS_DIR": "postfire",
        "FEATURE_COUNT": 326
      },
      "geometry": {
        "type": "Polygon",
        "coordinates": [
          [
            [
              -119.43475327152936,
              37.2815809388976
            ],
            [
              -119.43469867852386,
              37.28157929249913
            ],
            [
              -119.43470135707483,
              37.28152258226522
            ],
            [
              -119.43475595003952,
              37.281524228660324
            ],
            [
              -119.43475327152936,
              37.2815809388976
            ]
          ]
        ]
      }
    },
    {
      "id": "150",
      "type": "Feature",
      "properties": {
        "id": null,
        "SOURCE_FILE": "/Users/maples/GitHub/mortalitree_testing/labels/gwynethb_mortalitree_postfire_labels.geojson",
        "SUNETID": "gwynethb",
        "FIRENAME": "CREEK",
        "FIRE_SLUG": "CREEK",
        "PREFIRE": 0,
        "PREFIRE_STATUS": "postfire",
        "TILE_Z": 17,
        "TILE_X": 22051,
        "TILE_Y": 50888,
        "TILEXYZ": [
          17,
          22051,
          50888
        ],
        "OUTPUT_FILE": "/Users/maples/GitHub/mortalitree_testing/notebooks/single_tiles/postfire/17/22051/50888.geojson",
        "OUTPUT_STATUS_DIR": "postfire",
        "FEATURE_COUNT": 326
      },
      "geometry": {
        "type": "Polygon",
        "coordinates": [
          [
            [
              -119.43489577914363,
              37.281746872446284
            ],
            [
              -119.43480297081878,
              37.28174407365509
            ],
            [
              -119.43480585534473,
              37.2816830010902
            ],
            [
              -119.43489866359488,
              37.28168579987524
            ],
            [
              -119.43489577914363,
              37.281746872446284
            ]
          ]
        ]
      }
    },
    {
      "id": "151",
      "type": "Feature",
      "properties": {
        "id": null,
        "SOURCE_FILE": "/Users/maples/GitHub/mortalitree_testing/labels/gwynethb_mortalitree_postfire_labels.geojson",
        "SUNETID": "gwynethb",
        "FIRENAME": "CREEK",
        "FIRE_SLUG": "CREEK",
        "PREFIRE": 0,
        "PREFIRE_STATUS": "postfire",
        "TILE_Z": 17,
        "TILE_X": 22051,
        "TILE_Y": 50888,
        "TILEXYZ": [
          17,
          22051,
          50888
        ],
        "OUTPUT_FILE": "/Users/maples/GitHub/mortalitree_testing/notebooks/single_tiles/postfire/17/22051/50888.geojson",
        "OUTPUT_STATUS_DIR": "postfire",
        "FEATURE_COUNT": 326
      },
      "geometry": {
        "type": "Polygon",
        "coordinates": [
          [
            [
              -119.4347760863339,
              37.28173452581557
            ],
            [
              -119.43469419665887,
              37.281732056215596
            ],
            [
              -119.43469687522801,
              37.281675345983416
            ],
            [
              -119.43477876484181,
              37.28167781557836
            ],
            [
              -119.4347760863339,
              37.28173452581557
            ]
          ]
        ]
      }
    },
    {
      "id": "152",
      "type": "Feature",
      "properties": {
        "id": null,
        "SOURCE_FILE": "/Users/maples/GitHub/mortalitree_testing/labels/gwynethb_mortalitree_postfire_labels.geojson",
        "SUNETID": "gwynethb",
        "FIRENAME": "CREEK",
        "FIRE_SLUG": "CREEK",
        "PREFIRE": 0,
        "PREFIRE_STATUS": "postfire",
        "TILE_Z": 17,
        "TILE_X": 22051,
        "TILE_Y": 50888,
        "TILEXYZ": [
          17,
          22051,
          50888
        ],
        "OUTPUT_FILE": "/Users/maples/GitHub/mortalitree_testing/notebooks/single_tiles/postfire/17/22051/50888.geojson",
        "OUTPUT_STATUS_DIR": "postfire",
        "FEATURE_COUNT": 326
      },
      "geometry": {
        "type": "Polygon",
        "coordinates": [
          [
            [
              -119.43469224009563,
              37.2816577320395
            ],
            [
              -119.43459943190082,
              37.281654933094416
            ],
            [
              -119.43460272867854,
              37.28158513589177
            ],
            [
              -119.43469553678798,
              37.28158793482983
            ],
            [
              -119.43469224009563,
              37.2816577320395
            ]
          ]
        ]
      }
    },
    {
      "id": "153",
      "type": "Feature",
      "properties": {
        "id": null,
        "SOURCE_FILE": "/Users/maples/GitHub/mortalitree_testing/labels/gwynethb_mortalitree_postfire_labels.geojson",
        "SUNETID": "gwynethb",
        "FIRENAME": "CREEK",
        "FIRE_SLUG": "CREEK",
        "PREFIRE": 0,
        "PREFIRE_STATUS": "postfire",
        "TILE_Z": 17,
        "TILE_X": 22051,
        "TILE_Y": 50888,
        "TILEXYZ": [
          17,
          22051,
          50888
        ],
        "OUTPUT_FILE": "/Users/maples/GitHub/mortalitree_testing/notebooks/single_tiles/postfire/17/22051/50888.geojson",
        "OUTPUT_STATUS_DIR": "postfire",
        "FEATURE_COUNT": 326
      },
      "geometry": {
        "type": "Polygon",
        "coordinates": [
          [
            [
              -119.43462255644074,
              37.28168621027533
            ],
            [
              -119.43454066683178,
              37.28168374057186
            ],
            [
              -119.43454396366721,
              37.281613943374026
            ],
            [
              -119.43462585320083,
              37.2816164130713
            ],
            [
              -119.43462255644074,
              37.28168621027533
            ]
          ]
        ]
      }
    },
    {
      "id": "154",
      "type": "Feature",
      "properties": {
        "id": null,
        "SOURCE_FILE": "/Users/maples/GitHub/mortalitree_testing/labels/gwynethb_mortalitree_postfire_labels.geojson",
        "SUNETID": "gwynethb",
        "FIRENAME": "CREEK",
        "FIRE_SLUG": "CREEK",
        "PREFIRE": 0,
        "PREFIRE_STATUS": "postfire",
        "TILE_Z": 17,
        "TILE_X": 22051,
        "TILE_Y": 50888,
        "TILEXYZ": [
          17,
          22051,
          50888
        ],
        "OUTPUT_FILE": "/Users/maples/GitHub/mortalitree_testing/notebooks/single_tiles/postfire/17/22051/50888.geojson",
        "OUTPUT_STATUS_DIR": "postfire",
        "FEATURE_COUNT": 326
      },
      "geometry": {
        "type": "Polygon",
        "coordinates": [
          [
            [
              -119.43456688107239,
              37.28176534914763
            ],
            [
              -119.43447953207036,
              37.281762714749426
            ],
            [
              -119.43448303502761,
              37.281688555232634
            ],
            [
              -119.43457038394425,
              37.281691189623814
            ],
            [
              -119.43456688107239,
              37.28176534914763
            ]
          ]
        ]
      }
    },
    {
      "id": "155",
      "type": "Feature",
      "properties": {
        "id": null,
        "SOURCE_FILE": "/Users/maples/GitHub/mortalitree_testing/labels/gwynethb_mortalitree_postfire_labels.geojson",
        "SUNETID": "gwynethb",
        "FIRENAME": "CREEK",
        "FIRE_SLUG": "CREEK",
        "PREFIRE": 0,
        "PREFIRE_STATUS": "postfire",
        "TILE_Z": 17,
        "TILE_X": 22051,
        "TILE_Y": 50888,
        "TILEXYZ": [
          17,
          22051,
          50888
        ],
        "OUTPUT_FILE": "/Users/maples/GitHub/mortalitree_testing/notebooks/single_tiles/postfire/17/22051/50888.geojson",
        "OUTPUT_STATUS_DIR": "postfire",
        "FEATURE_COUNT": 326
      },
      "geometry": {
        "type": "Polygon",
        "coordinates": [
          [
            [
              -119.43448030418749,
              37.28180423915784
            ],
            [
              -119.43439841446336,
              37.281801769349336
            ],
            [
              -119.43440294780912,
              37.28170579821885
            ],
            [
              -119.43448483742966,
              37.28170826801884
            ],
            [
              -119.43448030418749,
              37.28180423915784
            ]
          ]
        ]
      }
    },
    {
      "id": "156",
      "type": "Feature",
      "properties": {
        "id": null,
        "SOURCE_FILE": "/Users/maples/GitHub/mortalitree_testing/labels/gwynethb_mortalitree_postfire_labels.geojson",
        "SUNETID": "gwynethb",
        "FIRENAME": "CREEK",
        "FIRE_SLUG": "CREEK",
        "PREFIRE": 0,
        "PREFIRE_STATUS": "postfire",
        "TILE_Z": 17,
        "TILE_X": 22051,
        "TILE_Y": 50888,
        "TILEXYZ": [
          17,
          22051,
          50888
        ],
        "OUTPUT_FILE": "/Users/maples/GitHub/mortalitree_testing/notebooks/single_tiles/postfire/17/22051/50888.geojson",
        "OUTPUT_STATUS_DIR": "postfire",
        "FEATURE_COUNT": 326
      },
      "geometry": {
        "type": "Polygon",
        "coordinates": [
          [
            [
              -119.43446521226609,
              37.28195013004511
            ],
            [
              -119.43437240373522,
              37.28194733090339
            ],
            [
              -119.43437652501123,
              37.281860084425844
            ],
            [
              -119.43446933343539,
              37.28186288355877
            ],
            [
              -119.43446521226609,
              37.28195013004511
            ]
          ]
        ]
      }
    },
    {
      "id": "157",
      "type": "Feature",
      "properties": {
        "id": null,
        "SOURCE_FILE": "/Users/maples/GitHub/mortalitree_testing/labels/gwynethb_mortalitree_postfire_labels.geojson",
        "SUNETID": "gwynethb",
        "FIRENAME": "CREEK",
        "FIRE_SLUG": "CREEK",
        "PREFIRE": 0,
        "PREFIRE_STATUS": "postfire",
        "TILE_Z": 17,
        "TILE_X": 22051,
        "TILE_Y": 50888,
        "TILEXYZ": [
          17,
          22051,
          50888
        ],
        "OUTPUT_FILE": "/Users/maples/GitHub/mortalitree_testing/notebooks/single_tiles/postfire/17/22051/50888.geojson",
        "OUTPUT_STATUS_DIR": "postfire",
        "FEATURE_COUNT": 326
      },
      "geometry": {
        "type": "Polygon",
        "coordinates": [
          [
            [
              -119.43495711993774,
              37.281547769411546
            ],
            [
              -119.43486431185114,
              37.28154497068114
            ],
            [
              -119.43486678424219,
              37.28149262276316
            ],
            [
              -119.43495959226476,
              37.2814954214883
            ],
            [
              -119.43495711993774,
              37.281547769411546
            ]
          ]
        ]
      }
    },
    {
      "id": "158",
      "type": "Feature",
      "properties": {
        "id": null,
        "SOURCE_FILE": "/Users/maples/GitHub/mortalitree_testing/labels/gwynethb_mortalitree_postfire_labels.geojson",
        "SUNETID": "gwynethb",
        "FIRENAME": "CREEK",
        "FIRE_SLUG": "CREEK",
        "PREFIRE": 0,
        "PREFIRE_STATUS": "postfire",
        "TILE_Z": 17,
        "TILE_X": 22051,
        "TILE_Y": 50888,
        "TILEXYZ": [
          17,
          22051,
          50888
        ],
        "OUTPUT_FILE": "/Users/maples/GitHub/mortalitree_testing/notebooks/single_tiles/postfire/17/22051/50888.geojson",
        "OUTPUT_STATUS_DIR": "postfire",
        "FEATURE_COUNT": 326
      },
      "geometry": {
        "type": "Polygon",
        "coordinates": [
          [
            [
              -119.43471989839342,
              37.28147727176534
            ],
            [
              -119.43464346829461,
              37.28147496678433
            ],
            [
              -119.43464861940774,
              37.28136590864619
            ],
            [
              -119.43472504939669,
              37.281368213618144
            ],
            [
              -119.43471989839342,
              37.28147727176534
            ]
          ]
        ]
      }
    },
    {
      "id": "159",
      "type": "Feature",
      "properties": {
        "id": null,
        "SOURCE_FILE": "/Users/maples/GitHub/mortalitree_testing/labels/gwynethb_mortalitree_postfire_labels.geojson",
        "SUNETID": "gwynethb",
        "FIRENAME": "CREEK",
        "FIRE_SLUG": "CREEK",
        "PREFIRE": 0,
        "PREFIRE_STATUS": "postfire",
        "TILE_Z": 17,
        "TILE_X": 22051,
        "TILE_Y": 50888,
        "TILEXYZ": [
          17,
          22051,
          50888
        ],
        "OUTPUT_FILE": "/Users/maples/GitHub/mortalitree_testing/notebooks/single_tiles/postfire/17/22051/50888.geojson",
        "OUTPUT_STATUS_DIR": "postfire",
        "FEATURE_COUNT": 326
      },
      "geometry": {
        "type": "Polygon",
        "coordinates": [
          [
            [
              -119.43481147016938,
              37.281506244562244
            ],
            [
              -119.43475141791912,
              37.28150443355514
            ],
            [
              -119.43475368434618,
              37.281456447969276
            ],
            [
              -119.43481373655847,
              37.281458258973245
            ],
            [
              -119.43481147016938,
              37.281506244562244
            ]
          ]
        ]
      }
    },
    {
      "id": "160",
      "type": "Feature",
      "properties": {
        "id": null,
        "SOURCE_FILE": "/Users/maples/GitHub/mortalitree_testing/labels/gwynethb_mortalitree_postfire_labels.geojson",
        "SUNETID": "gwynethb",
        "FIRENAME": "CREEK",
        "FIRE_SLUG": "CREEK",
        "PREFIRE": 0,
        "PREFIRE_STATUS": "postfire",
        "TILE_Z": 17,
        "TILE_X": 22051,
        "TILE_Y": 50888,
        "TILEXYZ": [
          17,
          22051,
          50888
        ],
        "OUTPUT_FILE": "/Users/maples/GitHub/mortalitree_testing/notebooks/single_tiles/postfire/17/22051/50888.geojson",
        "OUTPUT_STATUS_DIR": "postfire",
        "FEATURE_COUNT": 326
      },
      "geometry": {
        "type": "Polygon",
        "coordinates": [
          [
            [
              -119.43398005572557,
              37.281804440574135
            ],
            [
              -119.43387632879967,
              37.2818013117021
            ],
            [
              -119.43388024453564,
              37.281718427591244
            ],
            [
              -119.43398397134821,
              37.28172155645395
            ],
            [
              -119.43398005572557,
              37.281804440574135
            ]
          ]
        ]
      }
    },
    {
      "id": "161",
      "type": "Feature",
      "properties": {
        "id": null,
        "SOURCE_FILE": "/Users/maples/GitHub/mortalitree_testing/labels/gwynethb_mortalitree_postfire_labels.geojson",
        "SUNETID": "gwynethb",
        "FIRENAME": "CREEK",
        "FIRE_SLUG": "CREEK",
        "PREFIRE": 0,
        "PREFIRE_STATUS": "postfire",
        "TILE_Z": 17,
        "TILE_X": 22051,
        "TILE_Y": 50888,
        "TILEXYZ": [
          17,
          22051,
          50888
        ],
        "OUTPUT_FILE": "/Users/maples/GitHub/mortalitree_testing/notebooks/single_tiles/postfire/17/22051/50888.geojson",
        "OUTPUT_STATUS_DIR": "postfire",
        "FEATURE_COUNT": 326
      },
      "geometry": {
        "type": "Polygon",
        "coordinates": [
          [
            [
              -119.43381813123158,
              37.28176023931656
            ],
            [
              -119.43366527062066,
              37.28175562811113
            ],
            [
              -119.43367248422051,
              37.28160294688711
            ],
            [
              -119.43382534452385,
              37.2816075580672
            ],
            [
              -119.43381813123158,
              37.28176023931656
            ]
          ]
        ]
      }
    },
    {
      "id": "162",
      "type": "Feature",
      "properties": {
        "id": null,
        "SOURCE_FILE": "/Users/maples/GitHub/mortalitree_testing/labels/gwynethb_mortalitree_postfire_labels.geojson",
        "SUNETID": "gwynethb",
        "FIRENAME": "CREEK",
        "FIRE_SLUG": "CREEK",
        "PREFIRE": 0,
        "PREFIRE_STATUS": "postfire",
        "TILE_Z": 17,
        "TILE_X": 22051,
        "TILE_Y": 50888,
        "TILEXYZ": [
          17,
          22051,
          50888
        ],
        "OUTPUT_FILE": "/Users/maples/GitHub/mortalitree_testing/notebooks/single_tiles/postfire/17/22051/50888.geojson",
        "OUTPUT_STATUS_DIR": "postfire",
        "FEATURE_COUNT": 326
      },
      "geometry": {
        "type": "Polygon",
        "coordinates": [
          [
            [
              -119.4337087893132,
              37.28181810045341
            ],
            [
              -119.43362689964296,
              37.28181563011038
            ],
            [
              -119.43362937291525,
              37.28176328226545
            ],
            [
              -119.433711262529,
              37.28176575260382
            ],
            [
              -119.4337087893132,
              37.28181810045341
            ]
          ]
        ]
      }
    },
    {
      "id": "163",
      "type": "Feature",
      "properties": {
        "id": null,
        "SOURCE_FILE": "/Users/maples/GitHub/mortalitree_testing/labels/gwynethb_mortalitree_postfire_labels.geojson",
        "SUNETID": "gwynethb",
        "FIRENAME": "CREEK",
        "FIRE_SLUG": "CREEK",
        "PREFIRE": 0,
        "PREFIRE_STATUS": "postfire",
        "TILE_Z": 17,
        "TILE_X": 22051,
        "TILE_Y": 50888,
        "TILEXYZ": [
          17,
          22051,
          50888
        ],
        "OUTPUT_FILE": "/Users/maples/GitHub/mortalitree_testing/notebooks/single_tiles/postfire/17/22051/50888.geojson",
        "OUTPUT_STATUS_DIR": "postfire",
        "FEATURE_COUNT": 326
      },
      "geometry": {
        "type": "Polygon",
        "coordinates": [
          [
            [
              -119.433622008379,
              37.28174558594688
            ],
            [
              -119.43351282226931,
              37.281742292069005
            ],
            [
              -119.43351776895244,
              37.28163759639026
            ],
            [
              -119.43362695491146,
              37.28164089025572
            ],
            [
              -119.433622008379,
              37.28174558594688
            ]
          ]
        ]
      }
    },
    {
      "id": "164",
      "type": "Feature",
      "properties": {
        "id": null,
        "SOURCE_FILE": "/Users/maples/GitHub/mortalitree_testing/labels/gwynethb_mortalitree_postfire_labels.geojson",
        "SUNETID": "gwynethb",
        "FIRENAME": "CREEK",
        "FIRE_SLUG": "CREEK",
        "PREFIRE": 0,
        "PREFIRE_STATUS": "postfire",
        "TILE_Z": 17,
        "TILE_X": 22051,
        "TILE_Y": 50888,
        "TILEXYZ": [
          17,
          22051,
          50888
        ],
        "OUTPUT_FILE": "/Users/maples/GitHub/mortalitree_testing/notebooks/single_tiles/postfire/17/22051/50888.geojson",
        "OUTPUT_STATUS_DIR": "postfire",
        "FEATURE_COUNT": 326
      },
      "geometry": {
        "type": "Polygon",
        "coordinates": [
          [
            [
              -119.43408986200409,
              37.28167888083798
            ],
            [
              -119.4339042456973,
              37.281673281927944
            ],
            [
              -119.4339102222661,
              37.28154677459368
            ],
            [
              -119.43409583826342,
              37.28155237347823
            ],
            [
              -119.43408986200409,
              37.28167888083798
            ]
          ]
        ]
      }
    },
    {
      "id": "754",
      "type": "Feature",
      "properties": {
        "id": null,
        "SOURCE_FILE": "/Users/maples/GitHub/mortalitree_testing/labels/gwynethb_mortalitree_postfire_labels.geojson",
        "SUNETID": "gwynethb",
        "FIRENAME": "CREEK",
        "FIRE_SLUG": "CREEK",
        "PREFIRE": 0,
        "PREFIRE_STATUS": "postfire",
        "TILE_Z": 17,
        "TILE_X": 22051,
        "TILE_Y": 50888,
        "TILEXYZ": [
          17,
          22051,
          50888
        ],
        "OUTPUT_FILE": "/Users/maples/GitHub/mortalitree_testing/notebooks/single_tiles/postfire/17/22051/50888.geojson",
        "OUTPUT_STATUS_DIR": "postfire",
        "FEATURE_COUNT": 326
      },
      "geometry": {
        "type": "Polygon",
        "coordinates": [
          [
            [
              -119.43502747992041,
              37.2813450126413
            ],
            [
              -119.43503287607857,
              37.281230753575564
            ],
            [
              -119.43511962890625,
              37.281233369561804
            ],
            [
              -119.43511962890625,
              37.28134779135312
            ],
            [
              -119.43502747992041,
              37.2813450126413
            ]
          ]
        ]
      }
    },
    {
      "id": "755",
      "type": "Feature",
      "properties": {
        "id": null,
        "SOURCE_FILE": "/Users/maples/GitHub/mortalitree_testing/labels/gwynethb_mortalitree_postfire_labels.geojson",
        "SUNETID": "gwynethb",
        "FIRENAME": "CREEK",
        "FIRE_SLUG": "CREEK",
        "PREFIRE": 0,
        "PREFIRE_STATUS": "postfire",
        "TILE_Z": 17,
        "TILE_X": 22051,
        "TILE_Y": 50888,
        "TILEXYZ": [
          17,
          22051,
          50888
        ],
        "OUTPUT_FILE": "/Users/maples/GitHub/mortalitree_testing/notebooks/single_tiles/postfire/17/22051/50888.geojson",
        "OUTPUT_STATUS_DIR": "postfire",
        "FEATURE_COUNT": 326
      },
      "geometry": {
        "type": "Polygon",
        "coordinates": [
          [
            [
              -119.4350634915017,
              37.28137346029883
            ],
            [
              -119.43490806663434,
              37.28136877339697
            ],
            [
              -119.43491393222347,
              37.28124457877682
            ],
            [
              -119.43506935683642,
              37.28124926565775
            ],
            [
              -119.4350634915017,
              37.28137346029883
            ]
          ]
        ]
      }
    },
    {
      "id": "756",
      "type": "Feature",
      "properties": {
        "id": null,
        "SOURCE_FILE": "/Users/maples/GitHub/mortalitree_testing/labels/gwynethb_mortalitree_postfire_labels.geojson",
        "SUNETID": "gwynethb",
        "FIRENAME": "CREEK",
        "FIRE_SLUG": "CREEK",
        "PREFIRE": 0,
        "PREFIRE_STATUS": "postfire",
        "TILE_Z": 17,
        "TILE_X": 22051,
        "TILE_Y": 50888,
        "TILEXYZ": [
          17,
          22051,
          50888
        ],
        "OUTPUT_FILE": "/Users/maples/GitHub/mortalitree_testing/notebooks/single_tiles/postfire/17/22051/50888.geojson",
        "OUTPUT_STATUS_DIR": "postfire",
        "FEATURE_COUNT": 326
      },
      "geometry": {
        "type": "Polygon",
        "coordinates": [
          [
            [
              -119.43511604324326,
              37.28091984523649
            ],
            [
              -119.43501035495778,
              37.280916658245175
            ],
            [
              -119.43501434338282,
              37.280832205887975
            ],
            [
              -119.43511962890625,
              37.28083538072803
            ],
            [
              -119.43511962890625,
              37.2808439188603
            ],
            [
              -119.43511604324326,
              37.28091984523649
            ]
          ]
        ]
      }
    },
    {
      "id": "757",
      "type": "Feature",
      "properties": {
        "id": null,
        "SOURCE_FILE": "/Users/maples/GitHub/mortalitree_testing/labels/gwynethb_mortalitree_postfire_labels.geojson",
        "SUNETID": "gwynethb",
        "FIRENAME": "CREEK",
        "FIRE_SLUG": "CREEK",
        "PREFIRE": 0,
        "PREFIRE_STATUS": "postfire",
        "TILE_Z": 17,
        "TILE_X": 22051,
        "TILE_Y": 50888,
        "TILEXYZ": [
          17,
          22051,
          50888
        ],
        "OUTPUT_FILE": "/Users/maples/GitHub/mortalitree_testing/notebooks/single_tiles/postfire/17/22051/50888.geojson",
        "OUTPUT_STATUS_DIR": "postfire",
        "FEATURE_COUNT": 326
      },
      "geometry": {
        "type": "Polygon",
        "coordinates": [
          [
            [
              -119.43491557557195,
              37.28094613671934
            ],
            [
              -119.4348098872728,
              37.28094294954716
            ],
            [
              -119.43481504905563,
              37.28083365828543
            ],
            [
              -119.43492073720255,
              37.280836845445094
            ],
            [
              -119.43491557557195,
              37.28094613671934
            ]
          ]
        ]
      }
    },
    {
      "id": "758",
      "type": "Feature",
      "properties": {
        "id": null,
        "SOURCE_FILE": "/Users/maples/GitHub/mortalitree_testing/labels/gwynethb_mortalitree_postfire_labels.geojson",
        "SUNETID": "gwynethb",
        "FIRENAME": "CREEK",
        "FIRE_SLUG": "CREEK",
        "PREFIRE": 0,
        "PREFIRE_STATUS": "postfire",
        "TILE_Z": 17,
        "TILE_X": 22051,
        "TILE_Y": 50888,
        "TILEXYZ": [
          17,
          22051,
          50888
        ],
        "OUTPUT_FILE": "/Users/maples/GitHub/mortalitree_testing/notebooks/single_tiles/postfire/17/22051/50888.geojson",
        "OUTPUT_STATUS_DIR": "postfire",
        "FEATURE_COUNT": 326
      },
      "geometry": {
        "type": "Polygon",
        "coordinates": [
          [
            [
              -119.43501006184205,
              37.280856951080466
            ],
            [
              -119.43489815670519,
              37.28085357652079
            ],
            [
              -119.43490050290796,
              37.28080389866937
            ],
            [
              -119.43501240797157,
              37.280807273223004
            ],
            [
              -119.43501006184205,
              37.280856951080466
            ]
          ]
        ]
      }
    },
    {
      "id": "759",
      "type": "Feature",
      "properties": {
        "id": null,
        "SOURCE_FILE": "/Users/maples/GitHub/mortalitree_testing/labels/gwynethb_mortalitree_postfire_labels.geojson",
        "SUNETID": "gwynethb",
        "FIRENAME": "CREEK",
        "FIRE_SLUG": "CREEK",
        "PREFIRE": 0,
        "PREFIRE_STATUS": "postfire",
        "TILE_Z": 17,
        "TILE_X": 22051,
        "TILE_Y": 50888,
        "TILEXYZ": [
          17,
          22051,
          50888
        ],
        "OUTPUT_FILE": "/Users/maples/GitHub/mortalitree_testing/notebooks/single_tiles/postfire/17/22051/50888.geojson",
        "OUTPUT_STATUS_DIR": "postfire",
        "FEATURE_COUNT": 326
      },
      "geometry": {
        "type": "Polygon",
        "coordinates": [
          [
            [
              -119.43493475498315,
              37.2807377709534
            ],
            [
              -119.43481663309072,
              37.28073420884961
            ],
            [
              -119.43482109095363,
              37.28063982093788
            ],
            [
              -119.43493921269912,
              37.28064338302957
            ],
            [
              -119.43493475498315,
              37.2807377709534
            ]
          ]
        ]
      }
    },
    {
      "id": "760",
      "type": "Feature",
      "properties": {
        "id": null,
        "SOURCE_FILE": "/Users/maples/GitHub/mortalitree_testing/labels/gwynethb_mortalitree_postfire_labels.geojson",
        "SUNETID": "gwynethb",
        "FIRENAME": "CREEK",
        "FIRE_SLUG": "CREEK",
        "PREFIRE": 0,
        "PREFIRE_STATUS": "postfire",
        "TILE_Z": 17,
        "TILE_X": 22051,
        "TILE_Y": 50888,
        "TILEXYZ": [
          17,
          22051,
          50888
        ],
        "OUTPUT_FILE": "/Users/maples/GitHub/mortalitree_testing/notebooks/single_tiles/postfire/17/22051/50888.geojson",
        "OUTPUT_STATUS_DIR": "postfire",
        "FEATURE_COUNT": 326
      },
      "geometry": {
        "type": "Polygon",
        "coordinates": [
          [
            [
              -119.43472701497994,
              37.28078622969334
            ],
            [
              -119.43460889303856,
              37.28078266737833
            ],
            [
              -119.43461311653081,
              37.28069324727249
            ],
            [
              -119.43473123833299,
              37.28069680957603
            ],
            [
              -119.43472701497994,
              37.28078622969334
            ]
          ]
        ]
      }
    },
    {
      "id": "761",
      "type": "Feature",
      "properties": {
        "id": null,
        "SOURCE_FILE": "/Users/maples/GitHub/mortalitree_testing/labels/gwynethb_mortalitree_postfire_labels.geojson",
        "SUNETID": "gwynethb",
        "FIRENAME": "CREEK",
        "FIRE_SLUG": "CREEK",
        "PREFIRE": 0,
        "PREFIRE_STATUS": "postfire",
        "TILE_Z": 17,
        "TILE_X": 22051,
        "TILE_Y": 50888,
        "TILEXYZ": [
          17,
          22051,
          50888
        ],
        "OUTPUT_FILE": "/Users/maples/GitHub/mortalitree_testing/notebooks/single_tiles/postfire/17/22051/50888.geojson",
        "OUTPUT_STATUS_DIR": "postfire",
        "FEATURE_COUNT": 326
      },
      "geometry": {
        "type": "Polygon",
        "coordinates": [
          [
            [
              -119.43479023957379,
              37.28089758329272
            ],
            [
              -119.43462238182549,
              37.280892521097236
            ],
            [
              -119.43462637068053,
              37.28080806877542
            ],
            [
              -119.43479422824203,
              37.280813130955515
            ],
            [
              -119.43479023957379,
              37.28089758329272
            ]
          ]
        ]
      }
    },
    {
      "id": "762",
      "type": "Feature",
      "properties": {
        "id": null,
        "SOURCE_FILE": "/Users/maples/GitHub/mortalitree_testing/labels/gwynethb_mortalitree_postfire_labels.geojson",
        "SUNETID": "gwynethb",
        "FIRENAME": "CREEK",
        "FIRE_SLUG": "CREEK",
        "PREFIRE": 0,
        "PREFIRE_STATUS": "postfire",
        "TILE_Z": 17,
        "TILE_X": 22051,
        "TILE_Y": 50888,
        "TILEXYZ": [
          17,
          22051,
          50888
        ],
        "OUTPUT_FILE": "/Users/maples/GitHub/mortalitree_testing/notebooks/single_tiles/postfire/17/22051/50888.geojson",
        "OUTPUT_STATUS_DIR": "postfire",
        "FEATURE_COUNT": 326
      },
      "geometry": {
        "type": "Polygon",
        "coordinates": [
          [
            [
              -119.4344641936456,
              37.281671290664505
            ],
            [
              -119.43435228736963,
              37.28166791552625
            ],
            [
              -119.43435510332573,
              37.281608302148136
            ],
            [
              -119.43446700951375,
              37.281611677279166
            ],
            [
              -119.4344641936456,
              37.281671290664505
            ]
          ]
        ]
      }
    },
    {
      "id": "763",
      "type": "Feature",
      "properties": {
        "id": null,
        "SOURCE_FILE": "/Users/maples/GitHub/mortalitree_testing/labels/gwynethb_mortalitree_postfire_labels.geojson",
        "SUNETID": "gwynethb",
        "FIRENAME": "CREEK",
        "FIRE_SLUG": "CREEK",
        "PREFIRE": 0,
        "PREFIRE_STATUS": "postfire",
        "TILE_Z": 17,
        "TILE_X": 22051,
        "TILE_Y": 50888,
        "TILEXYZ": [
          17,
          22051,
          50888
        ],
        "OUTPUT_FILE": "/Users/maples/GitHub/mortalitree_testing/notebooks/single_tiles/postfire/17/22051/50888.geojson",
        "OUTPUT_STATUS_DIR": "postfire",
        "FEATURE_COUNT": 326
      },
      "geometry": {
        "type": "Polygon",
        "coordinates": [
          [
            [
              -119.43463492906422,
              37.281417747209794
            ],
            [
              -119.43447950417846,
              37.28141305974049
            ],
            [
              -119.43448537048116,
              37.281288865179306
            ],
            [
              -119.43464079511257,
              37.281293552627666
            ],
            [
              -119.43463492906422,
              37.281417747209794
            ]
          ]
        ]
      }
    },
    {
      "id": "764",
      "type": "Feature",
      "properties": {
        "id": null,
        "SOURCE_FILE": "/Users/maples/GitHub/mortalitree_testing/labels/gwynethb_mortalitree_postfire_labels.geojson",
        "SUNETID": "gwynethb",
        "FIRENAME": "CREEK",
        "FIRE_SLUG": "CREEK",
        "PREFIRE": 0,
        "PREFIRE_STATUS": "postfire",
        "TILE_Z": 17,
        "TILE_X": 22051,
        "TILE_Y": 50888,
        "TILEXYZ": [
          17,
          22051,
          50888
        ],
        "OUTPUT_FILE": "/Users/maples/GitHub/mortalitree_testing/notebooks/single_tiles/postfire/17/22051/50888.geojson",
        "OUTPUT_STATUS_DIR": "postfire",
        "FEATURE_COUNT": 326
      },
      "geometry": {
        "type": "Polygon",
        "coordinates": [
          [
            [
              -119.43497041231961,
              37.281432839233744
            ],
            [
              -119.43485850633493,
              37.28142946459236
            ],
            [
              -119.43486061798514,
              37.28138475453239
            ],
            [
              -119.43497252390385,
              37.28138812916833
            ],
            [
              -119.43497041231961,
              37.281432839233744
            ]
          ]
        ]
      }
    },
    {
      "id": "765",
      "type": "Feature",
      "properties": {
        "id": null,
        "SOURCE_FILE": "/Users/maples/GitHub/mortalitree_testing/labels/gwynethb_mortalitree_postfire_labels.geojson",
        "SUNETID": "gwynethb",
        "FIRENAME": "CREEK",
        "FIRE_SLUG": "CREEK",
        "PREFIRE": 0,
        "PREFIRE_STATUS": "postfire",
        "TILE_Z": 17,
        "TILE_X": 22051,
        "TILE_Y": 50888,
        "TILEXYZ": [
          17,
          22051,
          50888
        ],
        "OUTPUT_FILE": "/Users/maples/GitHub/mortalitree_testing/notebooks/single_tiles/postfire/17/22051/50888.geojson",
        "OUTPUT_STATUS_DIR": "postfire",
        "FEATURE_COUNT": 326
      },
      "geometry": {
        "type": "Polygon",
        "coordinates": [
          [
            [
              -119.43492636515377,
              37.28150862128922
            ],
            [
              -119.4347771570359,
              37.28150412168065
            ],
            [
              -119.43478114580621,
              37.281419669353305
            ],
            [
              -119.434930353758,
              37.2814241689482
            ],
            [
              -119.43492636515377,
              37.28150862128922
            ]
          ]
        ]
      }
    },
    {
      "id": "766",
      "type": "Feature",
      "properties": {
        "id": null,
        "SOURCE_FILE": "/Users/maples/GitHub/mortalitree_testing/labels/gwynethb_mortalitree_postfire_labels.geojson",
        "SUNETID": "gwynethb",
        "FIRENAME": "CREEK",
        "FIRE_SLUG": "CREEK",
        "PREFIRE": 0,
        "PREFIRE_STATUS": "postfire",
        "TILE_Z": 17,
        "TILE_X": 22051,
        "TILE_Y": 50888,
        "TILEXYZ": [
          17,
          22051,
          50888
        ],
        "OUTPUT_FILE": "/Users/maples/GitHub/mortalitree_testing/notebooks/single_tiles/postfire/17/22051/50888.geojson",
        "OUTPUT_STATUS_DIR": "postfire",
        "FEATURE_COUNT": 326
      },
      "geometry": {
        "type": "Polygon",
        "coordinates": [
          [
            [
              -119.43425680451938,
              37.281580463038
            ],
            [
              -119.43410759636863,
              37.28157596257809
            ],
            [
              -119.43411158589748,
              37.28149151031345
            ],
            [
              -119.43426079388215,
              37.281496010759675
            ],
            [
              -119.43425680451938,
              37.281580463038
            ]
          ]
        ]
      }
    },
    {
      "id": "767",
      "type": "Feature",
      "properties": {
        "id": null,
        "SOURCE_FILE": "/Users/maples/GitHub/mortalitree_testing/labels/gwynethb_mortalitree_postfire_labels.geojson",
        "SUNETID": "gwynethb",
        "FIRENAME": "CREEK",
        "FIRE_SLUG": "CREEK",
        "PREFIRE": 0,
        "PREFIRE_STATUS": "postfire",
        "TILE_Z": 17,
        "TILE_X": 22051,
        "TILE_Y": 50888,
        "TILEXYZ": [
          17,
          22051,
          50888
        ],
        "OUTPUT_FILE": "/Users/maples/GitHub/mortalitree_testing/notebooks/single_tiles/postfire/17/22051/50888.geojson",
        "OUTPUT_STATUS_DIR": "postfire",
        "FEATURE_COUNT": 326
      },
      "geometry": {
        "type": "Polygon",
        "coordinates": [
          [
            [
              -119.43440313885841,
              37.28157990177471
            ],
            [
              -119.43425393068497,
              37.28157540149931
            ],
            [
              -119.43425909338976,
              37.28146611031555
            ],
            [
              -119.4344083013483,
              37.28147061057323
            ],
            [
              -119.43440313885841,
              37.28157990177471
            ]
          ]
        ]
      }
    },
    {
      "id": "768",
      "type": "Feature",
      "properties": {
        "id": null,
        "SOURCE_FILE": "/Users/maples/GitHub/mortalitree_testing/labels/gwynethb_mortalitree_postfire_labels.geojson",
        "SUNETID": "gwynethb",
        "FIRENAME": "CREEK",
        "FIRE_SLUG": "CREEK",
        "PREFIRE": 0,
        "PREFIRE_STATUS": "postfire",
        "TILE_Z": 17,
        "TILE_X": 22051,
        "TILE_Y": 50888,
        "TILEXYZ": [
          17,
          22051,
          50888
        ],
        "OUTPUT_FILE": "/Users/maples/GitHub/mortalitree_testing/notebooks/single_tiles/postfire/17/22051/50888.geojson",
        "OUTPUT_STATUS_DIR": "postfire",
        "FEATURE_COUNT": 326
      },
      "geometry": {
        "type": "Polygon",
        "coordinates": [
          [
            [
              -119.43428630803903,
              37.2814171825585
            ],
            [
              -119.43413088321348,
              37.2814124946315
            ],
            [
              -119.43413534204213,
              37.28131810680121
            ],
            [
              -119.43429076667432,
              37.28132279471227
            ],
            [
              -119.43428630803903,
              37.2814171825585
            ]
          ]
        ]
      }
    },
    {
      "id": "769",
      "type": "Feature",
      "properties": {
        "id": null,
        "SOURCE_FILE": "/Users/maples/GitHub/mortalitree_testing/labels/gwynethb_mortalitree_postfire_labels.geojson",
        "SUNETID": "gwynethb",
        "FIRENAME": "CREEK",
        "FIRE_SLUG": "CREEK",
        "PREFIRE": 0,
        "PREFIRE_STATUS": "postfire",
        "TILE_Z": 17,
        "TILE_X": 22051,
        "TILE_Y": 50888,
        "TILEXYZ": [
          17,
          22051,
          50888
        ],
        "OUTPUT_FILE": "/Users/maples/GitHub/mortalitree_testing/notebooks/single_tiles/postfire/17/22051/50888.geojson",
        "OUTPUT_STATUS_DIR": "postfire",
        "FEATURE_COUNT": 326
      },
      "geometry": {
        "type": "Polygon",
        "coordinates": [
          [
            [
              -119.43462302457853,
              37.28120844408136
            ],
            [
              -119.43451111896847,
              37.281205069128795
            ],
            [
              -119.4345155772888,
              37.281110681256045
            ],
            [
              -119.43462748275965,
              37.281114056197126
            ],
            [
              -119.43462302457853,
              37.28120844408136
            ]
          ]
        ]
      }
    },
    {
      "id": "770",
      "type": "Feature",
      "properties": {
        "id": null,
        "SOURCE_FILE": "/Users/maples/GitHub/mortalitree_testing/labels/gwynethb_mortalitree_postfire_labels.geojson",
        "SUNETID": "gwynethb",
        "FIRENAME": "CREEK",
        "FIRE_SLUG": "CREEK",
        "PREFIRE": 0,
        "PREFIRE_STATUS": "postfire",
        "TILE_Z": 17,
        "TILE_X": 22051,
        "TILE_Y": 50888,
        "TILEXYZ": [
          17,
          22051,
          50888
        ],
        "OUTPUT_FILE": "/Users/maples/GitHub/mortalitree_testing/notebooks/single_tiles/postfire/17/22051/50888.geojson",
        "OUTPUT_STATUS_DIR": "postfire",
        "FEATURE_COUNT": 326
      },
      "geometry": {
        "type": "Polygon",
        "coordinates": [
          [
            [
              -119.434847246133,
              37.28127241693316
            ],
            [
              -119.4347477743702,
              37.2812694171646
            ],
            [
              -119.43475246703824,
              37.28117006148445
            ],
            [
              -119.43485193867079,
              37.281173061242285
            ],
            [
              -119.434847246133,
              37.28127241693316
            ]
          ]
        ]
      }
    },
    {
      "id": "771",
      "type": "Feature",
      "properties": {
        "id": null,
        "SOURCE_FILE": "/Users/maples/GitHub/mortalitree_testing/labels/gwynethb_mortalitree_postfire_labels.geojson",
        "SUNETID": "gwynethb",
        "FIRENAME": "CREEK",
        "FIRE_SLUG": "CREEK",
        "PREFIRE": 0,
        "PREFIRE_STATUS": "postfire",
        "TILE_Z": 17,
        "TILE_X": 22051,
        "TILE_Y": 50888,
        "TILEXYZ": [
          17,
          22051,
          50888
        ],
        "OUTPUT_FILE": "/Users/maples/GitHub/mortalitree_testing/notebooks/single_tiles/postfire/17/22051/50888.geojson",
        "OUTPUT_STATUS_DIR": "postfire",
        "FEATURE_COUNT": 326
      },
      "geometry": {
        "type": "Polygon",
        "coordinates": [
          [
            [
              -119.43477264230953,
              37.28127016711456
            ],
            [
              -119.434629651671,
              37.281265854831126
            ],
            [
              -119.43463387521247,
              37.28117643473055
            ],
            [
              -119.43477686568248,
              37.2811807470001
            ],
            [
              -119.43477264230953,
              37.28127016711456
            ]
          ]
        ]
      }
    },
    {
      "id": "772",
      "type": "Feature",
      "properties": {
        "id": null,
        "SOURCE_FILE": "/Users/maples/GitHub/mortalitree_testing/labels/gwynethb_mortalitree_postfire_labels.geojson",
        "SUNETID": "gwynethb",
        "FIRENAME": "CREEK",
        "FIRE_SLUG": "CREEK",
        "PREFIRE": 0,
        "PREFIRE_STATUS": "postfire",
        "TILE_Z": 17,
        "TILE_X": 22051,
        "TILE_Y": 50888,
        "TILEXYZ": [
          17,
          22051,
          50888
        ],
        "OUTPUT_FILE": "/Users/maples/GitHub/mortalitree_testing/notebooks/single_tiles/postfire/17/22051/50888.geojson",
        "OUTPUT_STATUS_DIR": "postfire",
        "FEATURE_COUNT": 326
      },
      "geometry": {
        "type": "Polygon",
        "coordinates": [
          [
            [
              -119.43508748022609,
              37.28106325489422
            ],
            [
              -119.43499422568165,
              37.281060442816276
            ],
            [
              -119.4349991526051,
              37.28095611932035
            ],
            [
              -119.43509240702132,
              37.28095893138774
            ],
            [
              -119.43508748022609,
              37.28106325489422
            ]
          ]
        ]
      }
    },
    {
      "id": "773",
      "type": "Feature",
      "properties": {
        "id": null,
        "SOURCE_FILE": "/Users/maples/GitHub/mortalitree_testing/labels/gwynethb_mortalitree_postfire_labels.geojson",
        "SUNETID": "gwynethb",
        "FIRENAME": "CREEK",
        "FIRE_SLUG": "CREEK",
        "PREFIRE": 0,
        "PREFIRE_STATUS": "postfire",
        "TILE_Z": 17,
        "TILE_X": 22051,
        "TILE_Y": 50888,
        "TILEXYZ": [
          17,
          22051,
          50888
        ],
        "OUTPUT_FILE": "/Users/maples/GitHub/mortalitree_testing/notebooks/single_tiles/postfire/17/22051/50888.geojson",
        "OUTPUT_STATUS_DIR": "postfire",
        "FEATURE_COUNT": 326
      },
      "geometry": {
        "type": "Polygon",
        "coordinates": [
          [
            [
              -119.43507346254933,
              37.281162329406946
            ],
            [
              -119.43507674710695,
              37.281092780405125
            ],
            [
              -119.43511962890625,
              37.28109407347139
            ],
            [
              -119.43511962890625,
              37.28116372151863
            ],
            [
              -119.43507346254933,
              37.281162329406946
            ]
          ]
        ]
      }
    },
    {
      "id": "774",
      "type": "Feature",
      "properties": {
        "id": null,
        "SOURCE_FILE": "/Users/maples/GitHub/mortalitree_testing/labels/gwynethb_mortalitree_postfire_labels.geojson",
        "SUNETID": "gwynethb",
        "FIRENAME": "CREEK",
        "FIRE_SLUG": "CREEK",
        "PREFIRE": 0,
        "PREFIRE_STATUS": "postfire",
        "TILE_Z": 17,
        "TILE_X": 22051,
        "TILE_Y": 50888,
        "TILEXYZ": [
          17,
          22051,
          50888
        ],
        "OUTPUT_FILE": "/Users/maples/GitHub/mortalitree_testing/notebooks/single_tiles/postfire/17/22051/50888.geojson",
        "OUTPUT_STATUS_DIR": "postfire",
        "FEATURE_COUNT": 326
      },
      "geometry": {
        "type": "Polygon",
        "coordinates": [
          [
            [
              -119.43505140999268,
              37.281101966093566
            ],
            [
              -119.43496437237633,
              37.281099341460944
            ],
            [
              -119.43496624932085,
              37.281059599178604
            ],
            [
              -119.43505328689163,
              37.28106222380749
            ],
            [
              -119.43505140999268,
              37.281101966093566
            ]
          ]
        ]
      }
    },
    {
      "id": "775",
      "type": "Feature",
      "properties": {
        "id": null,
        "SOURCE_FILE": "/Users/maples/GitHub/mortalitree_testing/labels/gwynethb_mortalitree_postfire_labels.geojson",
        "SUNETID": "gwynethb",
        "FIRENAME": "CREEK",
        "FIRE_SLUG": "CREEK",
        "PREFIRE": 0,
        "PREFIRE_STATUS": "postfire",
        "TILE_Z": 17,
        "TILE_X": 22051,
        "TILE_Y": 50888,
        "TILEXYZ": [
          17,
          22051,
          50888
        ],
        "OUTPUT_FILE": "/Users/maples/GitHub/mortalitree_testing/notebooks/single_tiles/postfire/17/22051/50888.geojson",
        "OUTPUT_STATUS_DIR": "postfire",
        "FEATURE_COUNT": 326
      },
      "geometry": {
        "type": "Polygon",
        "coordinates": [
          [
            [
              -119.43501228971773,
              37.28120525849092
            ],
            [
              -119.43488795010464,
              37.28120150894628
            ],
            [
              -119.434891469461,
              37.281126992174144
            ],
            [
              -119.43501580895197,
              37.281130741708736
            ],
            [
              -119.43501228971773,
              37.28120525849092
            ]
          ]
        ]
      }
    },
    {
      "id": "776",
      "type": "Feature",
      "properties": {
        "id": null,
        "SOURCE_FILE": "/Users/maples/GitHub/mortalitree_testing/labels/gwynethb_mortalitree_postfire_labels.geojson",
        "SUNETID": "gwynethb",
        "FIRENAME": "CREEK",
        "FIRE_SLUG": "CREEK",
        "PREFIRE": 0,
        "PREFIRE_STATUS": "postfire",
        "TILE_Z": 17,
        "TILE_X": 22051,
        "TILE_Y": 50888,
        "TILEXYZ": [
          17,
          22051,
          50888
        ],
        "OUTPUT_FILE": "/Users/maples/GitHub/mortalitree_testing/notebooks/single_tiles/postfire/17/22051/50888.geojson",
        "OUTPUT_STATUS_DIR": "postfire",
        "FEATURE_COUNT": 326
      },
      "geometry": {
        "type": "Polygon",
        "coordinates": [
          [
            [
              -119.43487639627479,
              37.28111658790361
            ],
            [
              -119.43478935865821,
              37.28111396314141
            ],
            [
              -119.43479217421317,
              37.28105434972932
            ],
            [
              -119.43487921176136,
              37.281056974485885
            ],
            [
              -119.43487639627479,
              37.28111658790361
            ]
          ]
        ]
      }
    },
    {
      "id": "777",
      "type": "Feature",
      "properties": {
        "id": null,
        "SOURCE_FILE": "/Users/maples/GitHub/mortalitree_testing/labels/gwynethb_mortalitree_postfire_labels.geojson",
        "SUNETID": "gwynethb",
        "FIRENAME": "CREEK",
        "FIRE_SLUG": "CREEK",
        "PREFIRE": 0,
        "PREFIRE_STATUS": "postfire",
        "TILE_Z": 17,
        "TILE_X": 22051,
        "TILE_Y": 50888,
        "TILEXYZ": [
          17,
          22051,
          50888
        ],
        "OUTPUT_FILE": "/Users/maples/GitHub/mortalitree_testing/notebooks/single_tiles/postfire/17/22051/50888.geojson",
        "OUTPUT_STATUS_DIR": "postfire",
        "FEATURE_COUNT": 326
      },
      "geometry": {
        "type": "Polygon",
        "coordinates": [
          [
            [
              -119.43472337655032,
              37.28112689787972
            ],
            [
              -119.43457416921903,
              37.28112239805438
            ],
            [
              -119.4345790967333,
              37.281018074607324
            ],
            [
              -119.43472830385943,
              37.281022574415786
            ],
            [
              -119.43472337655032,
              37.28112689787972
            ]
          ]
        ]
      }
    },
    {
      "id": "778",
      "type": "Feature",
      "properties": {
        "id": null,
        "SOURCE_FILE": "/Users/maples/GitHub/mortalitree_testing/labels/gwynethb_mortalitree_postfire_labels.geojson",
        "SUNETID": "gwynethb",
        "FIRENAME": "CREEK",
        "FIRE_SLUG": "CREEK",
        "PREFIRE": 0,
        "PREFIRE_STATUS": "postfire",
        "TILE_Z": 17,
        "TILE_X": 22051,
        "TILE_Y": 50888,
        "TILEXYZ": [
          17,
          22051,
          50888
        ],
        "OUTPUT_FILE": "/Users/maples/GitHub/mortalitree_testing/notebooks/single_tiles/postfire/17/22051/50888.geojson",
        "OUTPUT_STATUS_DIR": "postfire",
        "FEATURE_COUNT": 326
      },
      "geometry": {
        "type": "Polygon",
        "coordinates": [
          [
            [
              -119.43449317072675,
              37.281321437018505
            ],
            [
              -119.43437504797907,
              37.281317874426755
            ],
            [
              -119.43437974114528,
              37.28121851878781
            ],
            [
              -119.43449786373829,
              37.28122208136683
            ],
            [
              -119.43449317072675,
              37.281321437018505
            ]
          ]
        ]
      }
    },
    {
      "id": "779",
      "type": "Feature",
      "properties": {
        "id": null,
        "SOURCE_FILE": "/Users/maples/GitHub/mortalitree_testing/labels/gwynethb_mortalitree_postfire_labels.geojson",
        "SUNETID": "gwynethb",
        "FIRENAME": "CREEK",
        "FIRE_SLUG": "CREEK",
        "PREFIRE": 0,
        "PREFIRE_STATUS": "postfire",
        "TILE_Z": 17,
        "TILE_X": 22051,
        "TILE_Y": 50888,
        "TILEXYZ": [
          17,
          22051,
          50888
        ],
        "OUTPUT_FILE": "/Users/maples/GitHub/mortalitree_testing/notebooks/single_tiles/postfire/17/22051/50888.geojson",
        "OUTPUT_STATUS_DIR": "postfire",
        "FEATURE_COUNT": 326
      },
      "geometry": {
        "type": "Polygon",
        "coordinates": [
          [
            [
              -119.43436994488162,
              37.28136000681852
            ],
            [
              -119.43425182208954,
              37.28135644410067
            ],
            [
              -119.43425698475647,
              37.28124715291309
            ],
            [
              -119.43437510737844,
              37.28125071561693
            ],
            [
              -119.43436994488162,
              37.28136000681852
            ]
          ]
        ]
      }
    },
    {
      "id": "780",
      "type": "Feature",
      "properties": {
        "id": null,
        "SOURCE_FILE": "/Users/maples/GitHub/mortalitree_testing/labels/gwynethb_mortalitree_postfire_labels.geojson",
        "SUNETID": "gwynethb",
        "FIRENAME": "CREEK",
        "FIRE_SLUG": "CREEK",
        "PREFIRE": 0,
        "PREFIRE_STATUS": "postfire",
        "TILE_Z": 17,
        "TILE_X": 22051,
        "TILE_Y": 50888,
        "TILEXYZ": [
          17,
          22051,
          50888
        ],
        "OUTPUT_FILE": "/Users/maples/GitHub/mortalitree_testing/notebooks/single_tiles/postfire/17/22051/50888.geojson",
        "OUTPUT_STATUS_DIR": "postfire",
        "FEATURE_COUNT": 326
      },
      "geometry": {
        "type": "Polygon",
        "coordinates": [
          [
            [
              -119.43437662970392,
              37.28148209248945
            ],
            [
              -119.43423985572461,
              37.28147796722271
            ],
            [
              -119.43424478376367,
              37.28137364381997
            ],
            [
              -119.43438155755491,
              37.28137776907121
            ],
            [
              -119.43437662970392,
              37.28148209248945
            ]
          ]
        ]
      }
    },
    {
      "id": "781",
      "type": "Feature",
      "properties": {
        "id": null,
        "SOURCE_FILE": "/Users/maples/GitHub/mortalitree_testing/labels/gwynethb_mortalitree_postfire_labels.geojson",
        "SUNETID": "gwynethb",
        "FIRENAME": "CREEK",
        "FIRE_SLUG": "CREEK",
        "PREFIRE": 0,
        "PREFIRE_STATUS": "postfire",
        "TILE_Z": 17,
        "TILE_X": 22051,
        "TILE_Y": 50888,
        "TILEXYZ": [
          17,
          22051,
          50888
        ],
        "OUTPUT_FILE": "/Users/maples/GitHub/mortalitree_testing/notebooks/single_tiles/postfire/17/22051/50888.geojson",
        "OUTPUT_STATUS_DIR": "postfire",
        "FEATURE_COUNT": 326
      },
      "geometry": {
        "type": "Polygon",
        "coordinates": [
          [
            [
              -119.43449874179169,
              37.28140120279135
            ],
            [
              -119.43436818493316,
              37.281397265182086
            ],
            [
              -119.43437170482684,
              37.28132274845463
            ],
            [
              -119.43450226155716,
              37.28132668605333
            ],
            [
              -119.43449874179169,
              37.28140120279135
            ]
          ]
        ]
      }
    },
    {
      "id": "782",
      "type": "Feature",
      "properties": {
        "id": null,
        "SOURCE_FILE": "/Users/maples/GitHub/mortalitree_testing/labels/gwynethb_mortalitree_postfire_labels.geojson",
        "SUNETID": "gwynethb",
        "FIRENAME": "CREEK",
        "FIRE_SLUG": "CREEK",
        "PREFIRE": 0,
        "PREFIRE_STATUS": "postfire",
        "TILE_Z": 17,
        "TILE_X": 22051,
        "TILE_Y": 50888,
        "TILEXYZ": [
          17,
          22051,
          50888
        ],
        "OUTPUT_FILE": "/Users/maples/GitHub/mortalitree_testing/notebooks/single_tiles/postfire/17/22051/50888.geojson",
        "OUTPUT_STATUS_DIR": "postfire",
        "FEATURE_COUNT": 326
      },
      "geometry": {
        "type": "Polygon",
        "coordinates": [
          [
            [
              -119.43478947804932,
              37.28071597793
            ],
            [
              -119.4346900070251,
              37.28071297815088
            ],
            [
              -119.43469469967467,
              37.28061362246764
            ],
            [
              -119.43479417056864,
              37.28061662223603
            ],
            [
              -119.43478947804932,
              37.28071597793
            ]
          ]
        ]
      }
    },
    {
      "id": "783",
      "type": "Feature",
      "properties": {
        "id": null,
        "SOURCE_FILE": "/Users/maples/GitHub/mortalitree_testing/labels/gwynethb_mortalitree_postfire_labels.geojson",
        "SUNETID": "gwynethb",
        "FIRENAME": "CREEK",
        "FIRE_SLUG": "CREEK",
        "PREFIRE": 0,
        "PREFIRE_STATUS": "postfire",
        "TILE_Z": 17,
        "TILE_X": 22051,
        "TILE_Y": 50888,
        "TILEXYZ": [
          17,
          22051,
          50888
        ],
        "OUTPUT_FILE": "/Users/maples/GitHub/mortalitree_testing/notebooks/single_tiles/postfire/17/22051/50888.geojson",
        "OUTPUT_STATUS_DIR": "postfire",
        "FEATURE_COUNT": 326
      },
      "geometry": {
        "type": "Polygon",
        "coordinates": [
          [
            [
              -119.4346152864476,
              37.28071321215368
            ],
            [
              -119.43454068319494,
              37.280710962217505
            ],
            [
              -119.43454373354714,
              37.280646381034146
            ],
            [
              -119.4346183367363,
              37.28064863096508
            ],
            [
              -119.4346152864476,
              37.28071321215368
            ]
          ]
        ]
      }
    },
    {
      "id": "784",
      "type": "Feature",
      "properties": {
        "id": null,
        "SOURCE_FILE": "/Users/maples/GitHub/mortalitree_testing/labels/gwynethb_mortalitree_postfire_labels.geojson",
        "SUNETID": "gwynethb",
        "FIRENAME": "CREEK",
        "FIRE_SLUG": "CREEK",
        "PREFIRE": 0,
        "PREFIRE_STATUS": "postfire",
        "TILE_Z": 17,
        "TILE_X": 22051,
        "TILE_Y": 50888,
        "TILEXYZ": [
          17,
          22051,
          50888
        ],
        "OUTPUT_FILE": "/Users/maples/GitHub/mortalitree_testing/notebooks/single_tiles/postfire/17/22051/50888.geojson",
        "OUTPUT_STATUS_DIR": "postfire",
        "FEATURE_COUNT": 326
      },
      "geometry": {
        "type": "Polygon",
        "coordinates": [
          [
            [
              -119.4345857258924,
              37.28081181785043
            ],
            [
              -119.4344924717092,
              37.2808090053933
            ],
            [
              -119.43449669534321,
              37.2807195852992
            ],
            [
              -119.43458994941649,
              37.28072239774728
            ],
            [
              -119.4345857258924,
              37.28081181785043
            ]
          ]
        ]
      }
    },
    {
      "id": "785",
      "type": "Feature",
      "properties": {
        "id": null,
        "SOURCE_FILE": "/Users/maples/GitHub/mortalitree_testing/labels/gwynethb_mortalitree_postfire_labels.geojson",
        "SUNETID": "gwynethb",
        "FIRENAME": "CREEK",
        "FIRE_SLUG": "CREEK",
        "PREFIRE": 0,
        "PREFIRE_STATUS": "postfire",
        "TILE_Z": 17,
        "TILE_X": 22051,
        "TILE_Y": 50888,
        "TILEXYZ": [
          17,
          22051,
          50888
        ],
        "OUTPUT_FILE": "/Users/maples/GitHub/mortalitree_testing/notebooks/single_tiles/postfire/17/22051/50888.geojson",
        "OUTPUT_STATUS_DIR": "postfire",
        "FEATURE_COUNT": 326
      },
      "geometry": {
        "type": "Polygon",
        "coordinates": [
          [
            [
              -119.43454443527504,
              37.28089514519099
            ],
            [
              -119.43443874709,
              37.280891957691125
            ],
            [
              -119.43444203219956,
              37.280822408734245
            ],
            [
              -119.43454772028774,
              37.28082559622613
            ],
            [
              -119.43454443527504,
              37.28089514519099
            ]
          ]
        ]
      }
    },
    {
      "id": "786",
      "type": "Feature",
      "properties": {
        "id": null,
        "SOURCE_FILE": "/Users/maples/GitHub/mortalitree_testing/labels/gwynethb_mortalitree_postfire_labels.geojson",
        "SUNETID": "gwynethb",
        "FIRENAME": "CREEK",
        "FIRE_SLUG": "CREEK",
        "PREFIRE": 0,
        "PREFIRE_STATUS": "postfire",
        "TILE_Z": 17,
        "TILE_X": 22051,
        "TILE_Y": 50888,
        "TILEXYZ": [
          17,
          22051,
          50888
        ],
        "OUTPUT_FILE": "/Users/maples/GitHub/mortalitree_testing/notebooks/single_tiles/postfire/17/22051/50888.geojson",
        "OUTPUT_STATUS_DIR": "postfire",
        "FEATURE_COUNT": 326
      },
      "geometry": {
        "type": "Polygon",
        "coordinates": [
          [
            [
              -119.43459035744792,
              37.28104328851504
            ],
            [
              -119.43451575387147,
              37.28104103854627
            ],
            [
              -119.43451903892789,
              37.2809714895853
            ],
            [
              -119.43459364243593,
              37.28097373954845
            ],
            [
              -119.43459035744792,
              37.28104328851504
            ]
          ]
        ]
      }
    },
    {
      "id": "787",
      "type": "Feature",
      "properties": {
        "id": null,
        "SOURCE_FILE": "/Users/maples/GitHub/mortalitree_testing/labels/gwynethb_mortalitree_postfire_labels.geojson",
        "SUNETID": "gwynethb",
        "FIRENAME": "CREEK",
        "FIRE_SLUG": "CREEK",
        "PREFIRE": 0,
        "PREFIRE_STATUS": "postfire",
        "TILE_Z": 17,
        "TILE_X": 22051,
        "TILE_Y": 50888,
        "TILEXYZ": [
          17,
          22051,
          50888
        ],
        "OUTPUT_FILE": "/Users/maples/GitHub/mortalitree_testing/notebooks/single_tiles/postfire/17/22051/50888.geojson",
        "OUTPUT_STATUS_DIR": "postfire",
        "FEATURE_COUNT": 326
      },
      "geometry": {
        "type": "Polygon",
        "coordinates": [
          [
            [
              -119.43447598826101,
              37.2810920752622
            ],
            [
              -119.43433921497265,
              37.28108795014689
            ],
            [
              -119.43434531609478,
              37.28095878781585
            ],
            [
              -119.4344820891503,
              37.28096291291199
            ],
            [
              -119.43447598826101,
              37.2810920752622
            ]
          ]
        ]
      }
    },
    {
      "id": "788",
      "type": "Feature",
      "properties": {
        "id": null,
        "SOURCE_FILE": "/Users/maples/GitHub/mortalitree_testing/labels/gwynethb_mortalitree_postfire_labels.geojson",
        "SUNETID": "gwynethb",
        "FIRENAME": "CREEK",
        "FIRE_SLUG": "CREEK",
        "PREFIRE": 0,
        "PREFIRE_STATUS": "postfire",
        "TILE_Z": 17,
        "TILE_X": 22051,
        "TILE_Y": 50888,
        "TILEXYZ": [
          17,
          22051,
          50888
        ],
        "OUTPUT_FILE": "/Users/maples/GitHub/mortalitree_testing/notebooks/single_tiles/postfire/17/22051/50888.geojson",
        "OUTPUT_STATUS_DIR": "postfire",
        "FEATURE_COUNT": 326
      },
      "geometry": {
        "type": "Polygon",
        "coordinates": [
          [
            [
              -119.43431340846091,
              37.28110707123597
            ],
            [
              -119.4341890691041,
              37.281103320965606
            ],
            [
              -119.43419399714648,
              37.28099899756202
            ],
            [
              -119.43431833633235,
              37.28100274781832
            ],
            [
              -119.43431340846091,
              37.28110707123597
            ]
          ]
        ]
      }
    },
    {
      "id": "789",
      "type": "Feature",
      "properties": {
        "id": null,
        "SOURCE_FILE": "/Users/maples/GitHub/mortalitree_testing/labels/gwynethb_mortalitree_postfire_labels.geojson",
        "SUNETID": "gwynethb",
        "FIRENAME": "CREEK",
        "FIRE_SLUG": "CREEK",
        "PREFIRE": 0,
        "PREFIRE_STATUS": "postfire",
        "TILE_Z": 17,
        "TILE_X": 22051,
        "TILE_Y": 50888,
        "TILEXYZ": [
          17,
          22051,
          50888
        ],
        "OUTPUT_FILE": "/Users/maples/GitHub/mortalitree_testing/notebooks/single_tiles/postfire/17/22051/50888.geojson",
        "OUTPUT_STATUS_DIR": "postfire",
        "FEATURE_COUNT": 326
      },
      "geometry": {
        "type": "Polygon",
        "coordinates": [
          [
            [
              -119.43421522591609,
              37.28120858195012
            ],
            [
              -119.43408466943067,
              37.28120464404543
            ],
            [
              -119.43408818957936,
              37.281130127338585
            ],
            [
              -119.43421874593656,
              37.28113406523273
            ],
            [
              -119.43421522591609,
              37.28120858195012
            ]
          ]
        ]
      }
    },
    {
      "id": "790",
      "type": "Feature",
      "properties": {
        "id": null,
        "SOURCE_FILE": "/Users/maples/GitHub/mortalitree_testing/labels/gwynethb_mortalitree_postfire_labels.geojson",
        "SUNETID": "gwynethb",
        "FIRENAME": "CREEK",
        "FIRE_SLUG": "CREEK",
        "PREFIRE": 0,
        "PREFIRE_STATUS": "postfire",
        "TILE_Z": 17,
        "TILE_X": 22051,
        "TILE_Y": 50888,
        "TILEXYZ": [
          17,
          22051,
          50888
        ],
        "OUTPUT_FILE": "/Users/maples/GitHub/mortalitree_testing/notebooks/single_tiles/postfire/17/22051/50888.geojson",
        "OUTPUT_STATUS_DIR": "postfire",
        "FEATURE_COUNT": 326
      },
      "geometry": {
        "type": "Polygon",
        "coordinates": [
          [
            [
              -119.43383827513364,
              37.281346457551706
            ],
            [
              -119.43373258639889,
              37.281343269388614
            ],
            [
              -119.43373634161279,
              37.281263784933664
            ],
            [
              -119.43384203023682,
              37.28126697308763
            ],
            [
              -119.43383827513364,
              37.281346457551706
            ]
          ]
        ]
      }
    },
    {
      "id": "791",
      "type": "Feature",
      "properties": {
        "id": null,
        "SOURCE_FILE": "/Users/maples/GitHub/mortalitree_testing/labels/gwynethb_mortalitree_postfire_labels.geojson",
        "SUNETID": "gwynethb",
        "FIRENAME": "CREEK",
        "FIRE_SLUG": "CREEK",
        "PREFIRE": 0,
        "PREFIRE_STATUS": "postfire",
        "TILE_Z": 17,
        "TILE_X": 22051,
        "TILE_Y": 50888,
        "TILEXYZ": [
          17,
          22051,
          50888
        ],
        "OUTPUT_FILE": "/Users/maples/GitHub/mortalitree_testing/notebooks/single_tiles/postfire/17/22051/50888.geojson",
        "OUTPUT_STATUS_DIR": "postfire",
        "FEATURE_COUNT": 326
      },
      "geometry": {
        "type": "Polygon",
        "coordinates": [
          [
            [
              -119.4338020268742,
              37.28145481099859
            ],
            [
              -119.43367768701465,
              37.28145106016139
            ],
            [
              -119.43368097289095,
              37.281381511268805
            ],
            [
              -119.43380531263652,
              37.28138526209663
            ],
            [
              -119.4338020268742,
              37.28145481099859
            ]
          ]
        ]
      }
    },
    {
      "id": "792",
      "type": "Feature",
      "properties": {
        "id": null,
        "SOURCE_FILE": "/Users/maples/GitHub/mortalitree_testing/labels/gwynethb_mortalitree_postfire_labels.geojson",
        "SUNETID": "gwynethb",
        "FIRENAME": "CREEK",
        "FIRE_SLUG": "CREEK",
        "PREFIRE": 0,
        "PREFIRE_STATUS": "postfire",
        "TILE_Z": 17,
        "TILE_X": 22051,
        "TILE_Y": 50888,
        "TILEXYZ": [
          17,
          22051,
          50888
        ],
        "OUTPUT_FILE": "/Users/maples/GitHub/mortalitree_testing/notebooks/single_tiles/postfire/17/22051/50888.geojson",
        "OUTPUT_STATUS_DIR": "postfire",
        "FEATURE_COUNT": 326
      },
      "geometry": {
        "type": "Polygon",
        "coordinates": [
          [
            [
              -119.4337902370484,
              37.28150669136556
            ],
            [
              -119.43370319908566,
              37.281504065781434
            ],
            [
              -119.43370601553703,
              37.281444452443885
            ],
            [
              -119.43379305343137,
              37.281447078022374
            ],
            [
              -119.4337902370484,
              37.28150669136556
            ]
          ]
        ]
      }
    },
    {
      "id": "793",
      "type": "Feature",
      "properties": {
        "id": null,
        "SOURCE_FILE": "/Users/maples/GitHub/mortalitree_testing/labels/gwynethb_mortalitree_postfire_labels.geojson",
        "SUNETID": "gwynethb",
        "FIRENAME": "CREEK",
        "FIRE_SLUG": "CREEK",
        "PREFIRE": 0,
        "PREFIRE_STATUS": "postfire",
        "TILE_Z": 17,
        "TILE_X": 22051,
        "TILE_Y": 50888,
        "TILEXYZ": [
          17,
          22051,
          50888
        ],
        "OUTPUT_FILE": "/Users/maples/GitHub/mortalitree_testing/notebooks/single_tiles/postfire/17/22051/50888.geojson",
        "OUTPUT_STATUS_DIR": "postfire",
        "FEATURE_COUNT": 326
      },
      "geometry": {
        "type": "Polygon",
        "coordinates": [
          [
            [
              -119.43406683585305,
              37.28145036164479
            ],
            [
              -119.43393006197738,
              37.28144623602309
            ],
            [
              -119.43393475575033,
              37.281346880434505
            ],
            [
              -119.4340715294469,
              37.28135100604146
            ],
            [
              -119.43406683585305,
              37.28145036164479
            ]
          ]
        ]
      }
    },
    {
      "id": "794",
      "type": "Feature",
      "properties": {
        "id": null,
        "SOURCE_FILE": "/Users/maples/GitHub/mortalitree_testing/labels/gwynethb_mortalitree_postfire_labels.geojson",
        "SUNETID": "gwynethb",
        "FIRENAME": "CREEK",
        "FIRE_SLUG": "CREEK",
        "PREFIRE": 0,
        "PREFIRE_STATUS": "postfire",
        "TILE_Z": 17,
        "TILE_X": 22051,
        "TILE_Y": 50888,
        "TILEXYZ": [
          17,
          22051,
          50888
        ],
        "OUTPUT_FILE": "/Users/maples/GitHub/mortalitree_testing/notebooks/single_tiles/postfire/17/22051/50888.geojson",
        "OUTPUT_STATUS_DIR": "postfire",
        "FEATURE_COUNT": 326
      },
      "geometry": {
        "type": "Polygon",
        "coordinates": [
          [
            [
              -119.433759796198,
              37.281558009107826
            ],
            [
              -119.4336541071765,
              37.28155482085931
            ],
            [
              -119.43365739308679,
              37.28148527196975
            ],
            [
              -119.43376308201144,
              37.28148846021028
            ],
            [
              -119.433759796198,
              37.281558009107826
            ]
          ]
        ]
      }
    },
    {
      "id": "795",
      "type": "Feature",
      "properties": {
        "id": null,
        "SOURCE_FILE": "/Users/maples/GitHub/mortalitree_testing/labels/gwynethb_mortalitree_postfire_labels.geojson",
        "SUNETID": "gwynethb",
        "FIRENAME": "CREEK",
        "FIRE_SLUG": "CREEK",
        "PREFIRE": 0,
        "PREFIRE_STATUS": "postfire",
        "TILE_Z": 17,
        "TILE_X": 22051,
        "TILE_Y": 50888,
        "TILEXYZ": [
          17,
          22051,
          50888
        ],
        "OUTPUT_FILE": "/Users/maples/GitHub/mortalitree_testing/notebooks/single_tiles/postfire/17/22051/50888.geojson",
        "OUTPUT_STATUS_DIR": "postfire",
        "FEATURE_COUNT": 326
      },
      "geometry": {
        "type": "Polygon",
        "coordinates": [
          [
            [
              -119.4336117016277,
              37.281595827907395
            ],
            [
              -119.43351222957327,
              37.281592827078484
            ],
            [
              -119.43351668920356,
              37.28149843931474
            ],
            [
              -119.43361616113422,
              37.28150144013346
            ],
            [
              -119.4336117016277,
              37.281595827907395
            ]
          ]
        ]
      }
    },
    {
      "id": "796",
      "type": "Feature",
      "properties": {
        "id": null,
        "SOURCE_FILE": "/Users/maples/GitHub/mortalitree_testing/labels/gwynethb_mortalitree_postfire_labels.geojson",
        "SUNETID": "gwynethb",
        "FIRENAME": "CREEK",
        "FIRE_SLUG": "CREEK",
        "PREFIRE": 0,
        "PREFIRE_STATUS": "postfire",
        "TILE_Z": 17,
        "TILE_X": 22051,
        "TILE_Y": 50888,
        "TILEXYZ": [
          17,
          22051,
          50888
        ],
        "OUTPUT_FILE": "/Users/maples/GitHub/mortalitree_testing/notebooks/single_tiles/postfire/17/22051/50888.geojson",
        "OUTPUT_STATUS_DIR": "postfire",
        "FEATURE_COUNT": 326
      },
      "geometry": {
        "type": "Polygon",
        "coordinates": [
          [
            [
              -119.43443868907612,
              37.2808272827657
            ],
            [
              -119.43432678405289,
              37.28082390766816
            ],
            [
              -119.43433077322834,
              37.28073945537259
            ],
            [
              -119.43444267812701,
              37.28074283045987
            ],
            [
              -119.43443868907612,
              37.2808272827657
            ]
          ]
        ]
      }
    },
    {
      "id": "797",
      "type": "Feature",
      "properties": {
        "id": null,
        "SOURCE_FILE": "/Users/maples/GitHub/mortalitree_testing/labels/gwynethb_mortalitree_postfire_labels.geojson",
        "SUNETID": "gwynethb",
        "FIRENAME": "CREEK",
        "FIRE_SLUG": "CREEK",
        "PREFIRE": 0,
        "PREFIRE_STATUS": "postfire",
        "TILE_Z": 17,
        "TILE_X": 22051,
        "TILE_Y": 50888,
        "TILEXYZ": [
          17,
          22051,
          50888
        ],
        "OUTPUT_FILE": "/Users/maples/GitHub/mortalitree_testing/notebooks/single_tiles/postfire/17/22051/50888.geojson",
        "OUTPUT_STATUS_DIR": "postfire",
        "FEATURE_COUNT": 326
      },
      "geometry": {
        "type": "Polygon",
        "coordinates": [
          [
            [
              -119.43418971707203,
              37.28089190899201
            ],
            [
              -119.43406537808593,
              37.28088815861007
            ],
            [
              -119.4340700715863,
              37.280788802997456
            ],
            [
              -119.43419441040959,
              37.280792553365984
            ],
            [
              -119.43418971707203,
              37.28089190899201
            ]
          ]
        ]
      }
    },
    {
      "id": "798",
      "type": "Feature",
      "properties": {
        "id": null,
        "SOURCE_FILE": "/Users/maples/GitHub/mortalitree_testing/labels/gwynethb_mortalitree_postfire_labels.geojson",
        "SUNETID": "gwynethb",
        "FIRENAME": "CREEK",
        "FIRE_SLUG": "CREEK",
        "PREFIRE": 0,
        "PREFIRE_STATUS": "postfire",
        "TILE_Z": 17,
        "TILE_X": 22051,
        "TILE_Y": 50888,
        "TILEXYZ": [
          17,
          22051,
          50888
        ],
        "OUTPUT_FILE": "/Users/maples/GitHub/mortalitree_testing/notebooks/single_tiles/postfire/17/22051/50888.geojson",
        "OUTPUT_STATUS_DIR": "postfire",
        "FEATURE_COUNT": 326
      },
      "geometry": {
        "type": "Polygon",
        "coordinates": [
          [
            [
              -119.43397980861364,
              37.28078856778892
            ],
            [
              -119.43387412064271,
              37.28078537979266
            ],
            [
              -119.433877875632,
              37.28070589531794
            ],
            [
              -119.43398356349225,
              37.28070908330508
            ],
            [
              -119.43397980861364,
              37.28078856778892
            ]
          ]
        ]
      }
    },
    {
      "id": "799",
      "type": "Feature",
      "properties": {
        "id": null,
        "SOURCE_FILE": "/Users/maples/GitHub/mortalitree_testing/labels/gwynethb_mortalitree_postfire_labels.geojson",
        "SUNETID": "gwynethb",
        "FIRENAME": "CREEK",
        "FIRE_SLUG": "CREEK",
        "PREFIRE": 0,
        "PREFIRE_STATUS": "postfire",
        "TILE_Z": 17,
        "TILE_X": 22051,
        "TILE_Y": 50888,
        "TILEXYZ": [
          17,
          22051,
          50888
        ],
        "OUTPUT_FILE": "/Users/maples/GitHub/mortalitree_testing/notebooks/single_tiles/postfire/17/22051/50888.geojson",
        "OUTPUT_STATUS_DIR": "postfire",
        "FEATURE_COUNT": 326
      },
      "geometry": {
        "type": "Polygon",
        "coordinates": [
          [
            [
              -119.43391934177045,
              37.28068475925556
            ],
            [
              -119.43380122009168,
              37.280681196142815
            ],
            [
              -119.43380403638193,
              37.2806215827906
            ],
            [
              -119.43392215796788,
              37.2806251458957
            ],
            [
              -119.43391934177045,
              37.28068475925556
            ]
          ]
        ]
      }
    },
    {
      "id": "800",
      "type": "Feature",
      "properties": {
        "id": null,
        "SOURCE_FILE": "/Users/maples/GitHub/mortalitree_testing/labels/gwynethb_mortalitree_postfire_labels.geojson",
        "SUNETID": "gwynethb",
        "FIRENAME": "CREEK",
        "FIRE_SLUG": "CREEK",
        "PREFIRE": 0,
        "PREFIRE_STATUS": "postfire",
        "TILE_Z": 17,
        "TILE_X": 22051,
        "TILE_Y": 50888,
        "TILEXYZ": [
          17,
          22051,
          50888
        ],
        "OUTPUT_FILE": "/Users/maples/GitHub/mortalitree_testing/notebooks/single_tiles/postfire/17/22051/50888.geojson",
        "OUTPUT_STATUS_DIR": "postfire",
        "FEATURE_COUNT": 326
      },
      "geometry": {
        "type": "Polygon",
        "coordinates": [
          [
            [
              -119.43453751661508,
              37.28064619353778
            ],
            [
              -119.43444426264116,
              37.28064338105327
            ],
            [
              -119.43444587315778,
              37.28060928450999
            ],
            [
              -119.4345392599311,
              37.28060928450999
            ],
            [
              -119.43453751661508,
              37.28064619353778
            ]
          ]
        ]
      }
    },
    {
      "id": "801",
      "type": "Feature",
      "properties": {
        "id": null,
        "SOURCE_FILE": "/Users/maples/GitHub/mortalitree_testing/labels/gwynethb_mortalitree_postfire_labels.geojson",
        "SUNETID": "gwynethb",
        "FIRENAME": "CREEK",
        "FIRE_SLUG": "CREEK",
        "PREFIRE": 0,
        "PREFIRE_STATUS": "postfire",
        "TILE_Z": 17,
        "TILE_X": 22051,
        "TILE_Y": 50888,
        "TILEXYZ": [
          17,
          22051,
          50888
        ],
        "OUTPUT_FILE": "/Users/maples/GitHub/mortalitree_testing/notebooks/single_tiles/postfire/17/22051/50888.geojson",
        "OUTPUT_STATUS_DIR": "postfire",
        "FEATURE_COUNT": 326
      },
      "geometry": {
        "type": "Polygon",
        "coordinates": [
          [
            [
              -119.43448613863893,
              37.2806794680365
            ],
            [
              -119.43439910156276,
              37.28067684301349
            ],
            [
              -119.4344016827298,
              37.280622197404966
            ],
            [
              -119.43448871974333,
              37.28062482242284
            ],
            [
              -119.43448613863893,
              37.2806794680365
            ]
          ]
        ]
      }
    },
    {
      "id": "802",
      "type": "Feature",
      "properties": {
        "id": null,
        "SOURCE_FILE": "/Users/maples/GitHub/mortalitree_testing/labels/gwynethb_mortalitree_postfire_labels.geojson",
        "SUNETID": "gwynethb",
        "FIRENAME": "CREEK",
        "FIRE_SLUG": "CREEK",
        "PREFIRE": 0,
        "PREFIRE_STATUS": "postfire",
        "TILE_Z": 17,
        "TILE_X": 22051,
        "TILE_Y": 50888,
        "TILEXYZ": [
          17,
          22051,
          50888
        ],
        "OUTPUT_FILE": "/Users/maples/GitHub/mortalitree_testing/notebooks/single_tiles/postfire/17/22051/50888.geojson",
        "OUTPUT_STATUS_DIR": "postfire",
        "FEATURE_COUNT": 326
      },
      "geometry": {
        "type": "Polygon",
        "coordinates": [
          [
            [
              -119.43413827919207,
              37.280992342123305
            ],
            [
              -119.43403259091791,
              37.28098915425375
            ],
            [
              -119.4340368151235,
              37.28089973420723
            ],
            [
              -119.4341425032731,
              37.280902922066524
            ],
            [
              -119.43413827919207,
              37.280992342123305
            ]
          ]
        ]
      }
    },
    {
      "id": "803",
      "type": "Feature",
      "properties": {
        "id": null,
        "SOURCE_FILE": "/Users/maples/GitHub/mortalitree_testing/labels/gwynethb_mortalitree_postfire_labels.geojson",
        "SUNETID": "gwynethb",
        "FIRENAME": "CREEK",
        "FIRE_SLUG": "CREEK",
        "PREFIRE": 0,
        "PREFIRE_STATUS": "postfire",
        "TILE_Z": 17,
        "TILE_X": 22051,
        "TILE_Y": 50888,
        "TILEXYZ": [
          17,
          22051,
          50888
        ],
        "OUTPUT_FILE": "/Users/maples/GitHub/mortalitree_testing/notebooks/single_tiles/postfire/17/22051/50888.geojson",
        "OUTPUT_STATUS_DIR": "postfire",
        "FEATURE_COUNT": 326
      },
      "geometry": {
        "type": "Polygon",
        "coordinates": [
          [
            [
              -119.4341122360938,
              37.28114826465691
            ],
            [
              -119.43396302881979,
              37.28114376405903
            ],
            [
              -119.43396842654784,
              37.28102950512203
            ],
            [
              -119.43411763359717,
              37.2810340057014
            ],
            [
              -119.4341122360938,
              37.28114826465691
            ]
          ]
        ]
      }
    },
    {
      "id": "804",
      "type": "Feature",
      "properties": {
        "id": null,
        "SOURCE_FILE": "/Users/maples/GitHub/mortalitree_testing/labels/gwynethb_mortalitree_postfire_labels.geojson",
        "SUNETID": "gwynethb",
        "FIRENAME": "CREEK",
        "FIRE_SLUG": "CREEK",
        "PREFIRE": 0,
        "PREFIRE_STATUS": "postfire",
        "TILE_Z": 17,
        "TILE_X": 22051,
        "TILE_Y": 50888,
        "TILEXYZ": [
          17,
          22051,
          50888
        ],
        "OUTPUT_FILE": "/Users/maples/GitHub/mortalitree_testing/notebooks/single_tiles/postfire/17/22051/50888.geojson",
        "OUTPUT_STATUS_DIR": "postfire",
        "FEATURE_COUNT": 326
      },
      "geometry": {
        "type": "Polygon",
        "coordinates": [
          [
            [
              -119.4340515341368,
              37.281049423952325
            ],
            [
              -119.43393962883195,
              37.28104604847173
            ],
            [
              -119.43394385315618,
              37.28095662843512
            ],
            [
              -119.43405575832917,
              37.280960003904866
            ],
            [
              -119.4340515341368,
              37.281049423952325
            ]
          ]
        ]
      }
    },
    {
      "id": "805",
      "type": "Feature",
      "properties": {
        "id": null,
        "SOURCE_FILE": "/Users/maples/GitHub/mortalitree_testing/labels/gwynethb_mortalitree_postfire_labels.geojson",
        "SUNETID": "gwynethb",
        "FIRENAME": "CREEK",
        "FIRE_SLUG": "CREEK",
        "PREFIRE": 0,
        "PREFIRE_STATUS": "postfire",
        "TILE_Z": 17,
        "TILE_X": 22051,
        "TILE_Y": 50888,
        "TILEXYZ": [
          17,
          22051,
          50888
        ],
        "OUTPUT_FILE": "/Users/maples/GitHub/mortalitree_testing/notebooks/single_tiles/postfire/17/22051/50888.geojson",
        "OUTPUT_STATUS_DIR": "postfire",
        "FEATURE_COUNT": 326
      },
      "geometry": {
        "type": "Polygon",
        "coordinates": [
          [
            [
              -119.43395681185078,
              37.281143576530056
            ],
            [
              -119.43385112338603,
              37.281140388487515
            ],
            [
              -119.43385769473434,
              37.28100129066768
            ],
            [
              -119.43396338300532,
              37.281004478694264
            ],
            [
              -119.43395681185078,
              37.281143576530056
            ]
          ]
        ]
      }
    },
    {
      "id": "806",
      "type": "Feature",
      "properties": {
        "id": null,
        "SOURCE_FILE": "/Users/maples/GitHub/mortalitree_testing/labels/gwynethb_mortalitree_postfire_labels.geojson",
        "SUNETID": "gwynethb",
        "FIRENAME": "CREEK",
        "FIRE_SLUG": "CREEK",
        "PREFIRE": 0,
        "PREFIRE_STATUS": "postfire",
        "TILE_Z": 17,
        "TILE_X": 22051,
        "TILE_Y": 50888,
        "TILEXYZ": [
          17,
          22051,
          50888
        ],
        "OUTPUT_FILE": "/Users/maples/GitHub/mortalitree_testing/notebooks/single_tiles/postfire/17/22051/50888.geojson",
        "OUTPUT_STATUS_DIR": "postfire",
        "FEATURE_COUNT": 326
      },
      "geometry": {
        "type": "Polygon",
        "coordinates": [
          [
            [
              -119.43384478907194,
              37.28114268484227
            ],
            [
              -119.43376396849062,
              37.281140246859415
            ],
            [
              -119.43376936651889,
              37.28102598794714
            ],
            [
              -119.4338501869785,
              37.28102842591996
            ],
            [
              -119.43384478907194,
              37.28114268484227
            ]
          ]
        ]
      }
    },
    {
      "id": "807",
      "type": "Feature",
      "properties": {
        "id": null,
        "SOURCE_FILE": "/Users/maples/GitHub/mortalitree_testing/labels/gwynethb_mortalitree_postfire_labels.geojson",
        "SUNETID": "gwynethb",
        "FIRENAME": "CREEK",
        "FIRE_SLUG": "CREEK",
        "PREFIRE": 0,
        "PREFIRE_STATUS": "postfire",
        "TILE_Z": 17,
        "TILE_X": 22051,
        "TILE_Y": 50888,
        "TILEXYZ": [
          17,
          22051,
          50888
        ],
        "OUTPUT_FILE": "/Users/maples/GitHub/mortalitree_testing/notebooks/single_tiles/postfire/17/22051/50888.geojson",
        "OUTPUT_STATUS_DIR": "postfire",
        "FEATURE_COUNT": 326
      },
      "geometry": {
        "type": "Polygon",
        "coordinates": [
          [
            [
              -119.43379534546449,
              37.28120089166701
            ],
            [
              -119.43365857208076,
              37.281196765755055
            ],
            [
              -119.43366279676053,
              37.28110734574812
            ],
            [
              -119.4337995699831,
              37.28111147164681
            ],
            [
              -119.43379534546449,
              37.28120089166701
            ]
          ]
        ]
      }
    },
    {
      "id": "808",
      "type": "Feature",
      "properties": {
        "id": null,
        "SOURCE_FILE": "/Users/maples/GitHub/mortalitree_testing/labels/gwynethb_mortalitree_postfire_labels.geojson",
        "SUNETID": "gwynethb",
        "FIRENAME": "CREEK",
        "FIRE_SLUG": "CREEK",
        "PREFIRE": 0,
        "PREFIRE_STATUS": "postfire",
        "TILE_Z": 17,
        "TILE_X": 22051,
        "TILE_Y": 50888,
        "TILEXYZ": [
          17,
          22051,
          50888
        ],
        "OUTPUT_FILE": "/Users/maples/GitHub/mortalitree_testing/notebooks/single_tiles/postfire/17/22051/50888.geojson",
        "OUTPUT_STATUS_DIR": "postfire",
        "FEATURE_COUNT": 326
      },
      "geometry": {
        "type": "Polygon",
        "coordinates": [
          [
            [
              -119.4337696586416,
              37.28108569506243
            ],
            [
              -119.4336701872414,
              37.2810826944011
            ],
            [
              -119.43367441189002,
              37.28099327439132
            ],
            [
              -119.43377388317298,
              37.280996275043
            ],
            [
              -119.4337696586416,
              37.28108569506243
            ]
          ]
        ]
      }
    },
    {
      "id": "809",
      "type": "Feature",
      "properties": {
        "id": null,
        "SOURCE_FILE": "/Users/maples/GitHub/mortalitree_testing/labels/gwynethb_mortalitree_postfire_labels.geojson",
        "SUNETID": "gwynethb",
        "FIRENAME": "CREEK",
        "FIRE_SLUG": "CREEK",
        "PREFIRE": 0,
        "PREFIRE_STATUS": "postfire",
        "TILE_Z": 17,
        "TILE_X": 22051,
        "TILE_Y": 50888,
        "TILEXYZ": [
          17,
          22051,
          50888
        ],
        "OUTPUT_FILE": "/Users/maples/GitHub/mortalitree_testing/notebooks/single_tiles/postfire/17/22051/50888.geojson",
        "OUTPUT_STATUS_DIR": "postfire",
        "FEATURE_COUNT": 326
      },
      "geometry": {
        "type": "Polygon",
        "coordinates": [
          [
            [
              -119.43362942493044,
              37.281088927025685
            ],
            [
              -119.4335361705026,
              37.281086113797436
            ],
            [
              -119.43354016059926,
              37.28100166157843
            ],
            [
              -119.43363341492329,
              37.281004474798124
            ],
            [
              -119.43362942493044,
              37.281088927025685
            ]
          ]
        ]
      }
    },
    {
      "id": "810",
      "type": "Feature",
      "properties": {
        "id": null,
        "SOURCE_FILE": "/Users/maples/GitHub/mortalitree_testing/labels/gwynethb_mortalitree_postfire_labels.geojson",
        "SUNETID": "gwynethb",
        "FIRENAME": "CREEK",
        "FIRE_SLUG": "CREEK",
        "PREFIRE": 0,
        "PREFIRE_STATUS": "postfire",
        "TILE_Z": 17,
        "TILE_X": 22051,
        "TILE_Y": 50888,
        "TILEXYZ": [
          17,
          22051,
          50888
        ],
        "OUTPUT_FILE": "/Users/maples/GitHub/mortalitree_testing/notebooks/single_tiles/postfire/17/22051/50888.geojson",
        "OUTPUT_STATUS_DIR": "postfire",
        "FEATURE_COUNT": 326
      },
      "geometry": {
        "type": "Polygon",
        "coordinates": [
          [
            [
              -119.43354443974272,
              37.281108750122684
            ],
            [
              -119.43345118529909,
              37.28110593682622
            ],
            [
              -119.43345517549353,
              37.281021484615316
            ],
            [
              -119.4335484298334,
              37.28102429790323
            ],
            [
              -119.43354443974272,
              37.281108750122684
            ]
          ]
        ]
      }
    },
    {
      "id": "811",
      "type": "Feature",
      "properties": {
        "id": null,
        "SOURCE_FILE": "/Users/maples/GitHub/mortalitree_testing/labels/gwynethb_mortalitree_postfire_labels.geojson",
        "SUNETID": "gwynethb",
        "FIRENAME": "CREEK",
        "FIRE_SLUG": "CREEK",
        "PREFIRE": 0,
        "PREFIRE_STATUS": "postfire",
        "TILE_Z": 17,
        "TILE_X": 22051,
        "TILE_Y": 50888,
        "TILEXYZ": [
          17,
          22051,
          50888
        ],
        "OUTPUT_FILE": "/Users/maples/GitHub/mortalitree_testing/notebooks/single_tiles/postfire/17/22051/50888.geojson",
        "OUTPUT_STATUS_DIR": "postfire",
        "FEATURE_COUNT": 326
      },
      "geometry": {
        "type": "Polygon",
        "coordinates": [
          [
            [
              -119.4335773364147,
              37.2814007717366
            ],
            [
              -119.43344677968811,
              37.28139683311114
            ],
            [
              -119.43345123936852,
              37.28130244535099
            ],
            [
              -119.4335817959327,
              37.28130638396307
            ],
            [
              -119.4335773364147,
              37.2814007717366
            ]
          ]
        ]
      }
    },
    {
      "id": "812",
      "type": "Feature",
      "properties": {
        "id": null,
        "SOURCE_FILE": "/Users/maples/GitHub/mortalitree_testing/labels/gwynethb_mortalitree_postfire_labels.geojson",
        "SUNETID": "gwynethb",
        "FIRENAME": "CREEK",
        "FIRE_SLUG": "CREEK",
        "PREFIRE": 0,
        "PREFIRE_STATUS": "postfire",
        "TILE_Z": 17,
        "TILE_X": 22051,
        "TILE_Y": 50888,
        "TILEXYZ": [
          17,
          22051,
          50888
        ],
        "OUTPUT_FILE": "/Users/maples/GitHub/mortalitree_testing/notebooks/single_tiles/postfire/17/22051/50888.geojson",
        "OUTPUT_STATUS_DIR": "postfire",
        "FEATURE_COUNT": 326
      },
      "geometry": {
        "type": "Polygon",
        "coordinates": [
          [
            [
              -119.43316361163966,
              37.28146042545684
            ],
            [
              -119.43300818691553,
              37.28145573605113
            ],
            [
              -119.4330152293865,
              37.28130670281756
            ],
            [
              -119.43317065380536,
              37.28131139219812
            ],
            [
              -119.43316361163966,
              37.28146042545684
            ]
          ]
        ]
      }
    },
    {
      "id": "813",
      "type": "Feature",
      "properties": {
        "id": null,
        "SOURCE_FILE": "/Users/maples/GitHub/mortalitree_testing/labels/gwynethb_mortalitree_postfire_labels.geojson",
        "SUNETID": "gwynethb",
        "FIRENAME": "CREEK",
        "FIRE_SLUG": "CREEK",
        "PREFIRE": 0,
        "PREFIRE_STATUS": "postfire",
        "TILE_Z": 17,
        "TILE_X": 22051,
        "TILE_Y": 50888,
        "TILEXYZ": [
          17,
          22051,
          50888
        ],
        "OUTPUT_FILE": "/Users/maples/GitHub/mortalitree_testing/notebooks/single_tiles/postfire/17/22051/50888.geojson",
        "OUTPUT_STATUS_DIR": "postfire",
        "FEATURE_COUNT": 326
      },
      "geometry": {
        "type": "Polygon",
        "coordinates": [
          [
            [
              -119.43369494554598,
              37.280690427441755
            ],
            [
              -119.43354573924367,
              37.28068592636481
            ],
            [
              -119.43354925985767,
              37.28061140969524
            ],
            [
              -119.43369846601344,
              37.28061591076012
            ],
            [
              -119.43369494554598,
              37.280690427441755
            ]
          ]
        ]
      }
    },
    {
      "id": "814",
      "type": "Feature",
      "properties": {
        "id": null,
        "SOURCE_FILE": "/Users/maples/GitHub/mortalitree_testing/labels/gwynethb_mortalitree_postfire_labels.geojson",
        "SUNETID": "gwynethb",
        "FIRENAME": "CREEK",
        "FIRE_SLUG": "CREEK",
        "PREFIRE": 0,
        "PREFIRE_STATUS": "postfire",
        "TILE_Z": 17,
        "TILE_X": 22051,
        "TILE_Y": 50888,
        "TILEXYZ": [
          17,
          22051,
          50888
        ],
        "OUTPUT_FILE": "/Users/maples/GitHub/mortalitree_testing/notebooks/single_tiles/postfire/17/22051/50888.geojson",
        "OUTPUT_STATUS_DIR": "postfire",
        "FEATURE_COUNT": 326
      },
      "geometry": {
        "type": "Polygon",
        "coordinates": [
          [
            [
              -119.43364948941964,
              37.280796015655476
            ],
            [
              -119.43351893372741,
              37.280792077163795
            ],
            [
              -119.4335233932202,
              37.280697689386585
            ],
            [
              -119.43365394875003,
              37.28070162786489
            ],
            [
              -119.43364948941964,
              37.280796015655476
            ]
          ]
        ]
      }
    },
    {
      "id": "815",
      "type": "Feature",
      "properties": {
        "id": null,
        "SOURCE_FILE": "/Users/maples/GitHub/mortalitree_testing/labels/gwynethb_mortalitree_postfire_labels.geojson",
        "SUNETID": "gwynethb",
        "FIRENAME": "CREEK",
        "FIRE_SLUG": "CREEK",
        "PREFIRE": 0,
        "PREFIRE_STATUS": "postfire",
        "TILE_Z": 17,
        "TILE_X": 22051,
        "TILE_Y": 50888,
        "TILEXYZ": [
          17,
          22051,
          50888
        ],
        "OUTPUT_FILE": "/Users/maples/GitHub/mortalitree_testing/notebooks/single_tiles/postfire/17/22051/50888.geojson",
        "OUTPUT_STATUS_DIR": "postfire",
        "FEATURE_COUNT": 326
      },
      "geometry": {
        "type": "Polygon",
        "coordinates": [
          [
            [
              -119.4335134810505,
              37.28070982750557
            ],
            [
              -119.4333704916684,
              37.280705513756125
            ],
            [
              -119.43337448189526,
              37.280621061546945
            ],
            [
              -119.4335174711182,
              37.280625375283286
            ],
            [
              -119.4335134810505,
              37.28070982750557
            ]
          ]
        ]
      }
    },
    {
      "id": "816",
      "type": "Feature",
      "properties": {
        "id": null,
        "SOURCE_FILE": "/Users/maples/GitHub/mortalitree_testing/labels/gwynethb_mortalitree_postfire_labels.geojson",
        "SUNETID": "gwynethb",
        "FIRENAME": "CREEK",
        "FIRE_SLUG": "CREEK",
        "PREFIRE": 0,
        "PREFIRE_STATUS": "postfire",
        "TILE_Z": 17,
        "TILE_X": 22051,
        "TILE_Y": 50888,
        "TILEXYZ": [
          17,
          22051,
          50888
        ],
        "OUTPUT_FILE": "/Users/maples/GitHub/mortalitree_testing/notebooks/single_tiles/postfire/17/22051/50888.geojson",
        "OUTPUT_STATUS_DIR": "postfire",
        "FEATURE_COUNT": 326
      },
      "geometry": {
        "type": "Polygon",
        "coordinates": [
          [
            [
              -119.4335247413628,
              37.280735041495035
            ],
            [
              -119.43343148738228,
              37.28073222820698
            ],
            [
              -119.43343406925405,
              37.280677582656644
            ],
            [
              -119.43352732316744,
              37.280680395939164
            ],
            [
              -119.4335247413628,
              37.280735041495035
            ]
          ]
        ]
      }
    },
    {
      "id": "817",
      "type": "Feature",
      "properties": {
        "id": null,
        "SOURCE_FILE": "/Users/maples/GitHub/mortalitree_testing/labels/gwynethb_mortalitree_postfire_labels.geojson",
        "SUNETID": "gwynethb",
        "FIRENAME": "CREEK",
        "FIRE_SLUG": "CREEK",
        "PREFIRE": 0,
        "PREFIRE_STATUS": "postfire",
        "TILE_Z": 17,
        "TILE_X": 22051,
        "TILE_Y": 50888,
        "TILEXYZ": [
          17,
          22051,
          50888
        ],
        "OUTPUT_FILE": "/Users/maples/GitHub/mortalitree_testing/notebooks/single_tiles/postfire/17/22051/50888.geojson",
        "OUTPUT_STATUS_DIR": "postfire",
        "FEATURE_COUNT": 326
      },
      "geometry": {
        "type": "Polygon",
        "coordinates": [
          [
            [
              -119.43316568514261,
              37.28069187249869
            ],
            [
              -119.43302891277392,
              37.28068774590698
            ],
            [
              -119.43303262029886,
              37.28060928450999
            ],
            [
              -119.43306657535514,
              37.28060928450999
            ],
            [
              -119.43316944086423,
              37.28061238808414
            ],
            [
              -119.43316568514261,
              37.28069187249869
            ]
          ]
        ]
      }
    },
    {
      "id": "818",
      "type": "Feature",
      "properties": {
        "id": null,
        "SOURCE_FILE": "/Users/maples/GitHub/mortalitree_testing/labels/gwynethb_mortalitree_postfire_labels.geojson",
        "SUNETID": "gwynethb",
        "FIRENAME": "CREEK",
        "FIRE_SLUG": "CREEK",
        "PREFIRE": 0,
        "PREFIRE_STATUS": "postfire",
        "TILE_Z": 17,
        "TILE_X": 22051,
        "TILE_Y": 50888,
        "TILEXYZ": [
          17,
          22051,
          50888
        ],
        "OUTPUT_FILE": "/Users/maples/GitHub/mortalitree_testing/notebooks/single_tiles/postfire/17/22051/50888.geojson",
        "OUTPUT_STATUS_DIR": "postfire",
        "FEATURE_COUNT": 326
      },
      "geometry": {
        "type": "Polygon",
        "coordinates": [
          [
            [
              -119.43322550711754,
              37.280743425931824
            ],
            [
              -119.4331571208786,
              37.28074136268781
            ],
            [
              -119.43316064188278,
              37.280666846050536
            ],
            [
              -119.43322902805454,
              37.28066890928901
            ],
            [
              -119.43322550711754,
              37.280743425931824
            ]
          ]
        ]
      }
    },
    {
      "id": "819",
      "type": "Feature",
      "properties": {
        "id": null,
        "SOURCE_FILE": "/Users/maples/GitHub/mortalitree_testing/labels/gwynethb_mortalitree_postfire_labels.geojson",
        "SUNETID": "gwynethb",
        "FIRENAME": "CREEK",
        "FIRE_SLUG": "CREEK",
        "PREFIRE": 0,
        "PREFIRE_STATUS": "postfire",
        "TILE_Z": 17,
        "TILE_X": 22051,
        "TILE_Y": 50888,
        "TILEXYZ": [
          17,
          22051,
          50888
        ],
        "OUTPUT_FILE": "/Users/maples/GitHub/mortalitree_testing/notebooks/single_tiles/postfire/17/22051/50888.geojson",
        "OUTPUT_STATUS_DIR": "postfire",
        "FEATURE_COUNT": 326
      },
      "geometry": {
        "type": "Polygon",
        "coordinates": [
          [
            [
              -119.4332999326128,
              37.28081531935085
            ],
            [
              -119.43321911242954,
              37.280812881014164
            ],
            [
              -119.43322310284101,
              37.280728428820446
            ],
            [
              -119.43330392293433,
              37.28073086714973
            ],
            [
              -119.4332999326128,
              37.28081531935085
            ]
          ]
        ]
      }
    },
    {
      "id": "820",
      "type": "Feature",
      "properties": {
        "id": null,
        "SOURCE_FILE": "/Users/maples/GitHub/mortalitree_testing/labels/gwynethb_mortalitree_postfire_labels.geojson",
        "SUNETID": "gwynethb",
        "FIRENAME": "CREEK",
        "FIRE_SLUG": "CREEK",
        "PREFIRE": 0,
        "PREFIRE_STATUS": "postfire",
        "TILE_Z": 17,
        "TILE_X": 22051,
        "TILE_Y": 50888,
        "TILEXYZ": [
          17,
          22051,
          50888
        ],
        "OUTPUT_FILE": "/Users/maples/GitHub/mortalitree_testing/notebooks/single_tiles/postfire/17/22051/50888.geojson",
        "OUTPUT_STATUS_DIR": "postfire",
        "FEATURE_COUNT": 326
      },
      "geometry": {
        "type": "Polygon",
        "coordinates": [
          [
            [
              -119.4331951231945,
              37.28085941840064
            ],
            [
              -119.43305835051822,
              37.28085529182722
            ],
            [
              -119.43306304533677,
              37.28075593632318
            ],
            [
              -119.43319981783394,
              37.28076006288185
            ],
            [
              -119.4331951231945,
              37.28085941840064
            ]
          ]
        ]
      }
    },
    {
      "id": "821",
      "type": "Feature",
      "properties": {
        "id": null,
        "SOURCE_FILE": "/Users/maples/GitHub/mortalitree_testing/labels/gwynethb_mortalitree_postfire_labels.geojson",
        "SUNETID": "gwynethb",
        "FIRENAME": "CREEK",
        "FIRE_SLUG": "CREEK",
        "PREFIRE": 0,
        "PREFIRE_STATUS": "postfire",
        "TILE_Z": 17,
        "TILE_X": 22051,
        "TILE_Y": 50888,
        "TILEXYZ": [
          17,
          22051,
          50888
        ],
        "OUTPUT_FILE": "/Users/maples/GitHub/mortalitree_testing/notebooks/single_tiles/postfire/17/22051/50888.geojson",
        "OUTPUT_STATUS_DIR": "postfire",
        "FEATURE_COUNT": 326
      },
      "geometry": {
        "type": "Polygon",
        "coordinates": [
          [
            [
              -119.4326963073573,
              37.28067771012846
            ],
            [
              -119.43257196892613,
              37.28067395819614
            ],
            [
              -119.43257502533261,
              37.28060928450999
            ],
            [
              -119.43269954096337,
              37.28060928450999
            ],
            [
              -119.4326963073573,
              37.28067771012846
            ]
          ]
        ]
      }
    },
    {
      "id": "822",
      "type": "Feature",
      "properties": {
        "id": null,
        "SOURCE_FILE": "/Users/maples/GitHub/mortalitree_testing/labels/gwynethb_mortalitree_postfire_labels.geojson",
        "SUNETID": "gwynethb",
        "FIRENAME": "CREEK",
        "FIRE_SLUG": "CREEK",
        "PREFIRE": 0,
        "PREFIRE_STATUS": "postfire",
        "TILE_Z": 17,
        "TILE_X": 22051,
        "TILE_Y": 50888,
        "TILEXYZ": [
          17,
          22051,
          50888
        ],
        "OUTPUT_FILE": "/Users/maples/GitHub/mortalitree_testing/notebooks/single_tiles/postfire/17/22051/50888.geojson",
        "OUTPUT_STATUS_DIR": "postfire",
        "FEATURE_COUNT": 326
      },
      "geometry": {
        "type": "Polygon",
        "coordinates": [
          [
            [
              -119.43247905311163,
              37.28105919319401
            ],
            [
              -119.43237336493529,
              37.281056003838195
            ],
            [
              -119.43237946940974,
              37.28092684178343
            ],
            [
              -119.43248515740619,
              37.28093003112443
            ],
            [
              -119.43247905311163,
              37.28105919319401
            ]
          ]
        ]
      }
    },
    {
      "id": "823",
      "type": "Feature",
      "properties": {
        "id": null,
        "SOURCE_FILE": "/Users/maples/GitHub/mortalitree_testing/labels/gwynethb_mortalitree_postfire_labels.geojson",
        "SUNETID": "gwynethb",
        "FIRENAME": "CREEK",
        "FIRE_SLUG": "CREEK",
        "PREFIRE": 0,
        "PREFIRE_STATUS": "postfire",
        "TILE_Z": 17,
        "TILE_X": 22051,
        "TILE_Y": 50888,
        "TILEXYZ": [
          17,
          22051,
          50888
        ],
        "OUTPUT_FILE": "/Users/maples/GitHub/mortalitree_testing/notebooks/single_tiles/postfire/17/22051/50888.geojson",
        "OUTPUT_STATUS_DIR": "postfire",
        "FEATURE_COUNT": 326
      },
      "geometry": {
        "type": "Polygon",
        "coordinates": [
          [
            [
              -119.43261694349049,
              37.28097380674935
            ],
            [
              -119.43252990625282,
              37.28097118033436
            ],
            [
              -119.43253201924544,
              37.28092647038447
            ],
            [
              -119.43261905643185,
              37.28092909679524
            ],
            [
              -119.43261694349049,
              37.28097380674935
            ]
          ]
        ]
      }
    },
    {
      "id": "824",
      "type": "Feature",
      "properties": {
        "id": null,
        "SOURCE_FILE": "/Users/maples/GitHub/mortalitree_testing/labels/gwynethb_mortalitree_postfire_labels.geojson",
        "SUNETID": "gwynethb",
        "FIRENAME": "CREEK",
        "FIRE_SLUG": "CREEK",
        "PREFIRE": 0,
        "PREFIRE_STATUS": "postfire",
        "TILE_Z": 17,
        "TILE_X": 22051,
        "TILE_Y": 50888,
        "TILEXYZ": [
          17,
          22051,
          50888
        ],
        "OUTPUT_FILE": "/Users/maples/GitHub/mortalitree_testing/notebooks/single_tiles/postfire/17/22051/50888.geojson",
        "OUTPUT_STATUS_DIR": "postfire",
        "FEATURE_COUNT": 326
      },
      "geometry": {
        "type": "Polygon",
        "coordinates": [
          [
            [
              -119.43278849221878,
              37.281098379747725
            ],
            [
              -119.4326641530831,
              37.28109462787632
            ],
            [
              -119.43266884846042,
              37.28099527241903
            ],
            [
              -119.43279318743335,
              37.28099902427701
            ],
            [
              -119.43278849221878,
              37.281098379747725
            ]
          ]
        ]
      }
    },
    {
      "id": "825",
      "type": "Feature",
      "properties": {
        "id": null,
        "SOURCE_FILE": "/Users/maples/GitHub/mortalitree_testing/labels/gwynethb_mortalitree_postfire_labels.geojson",
        "SUNETID": "gwynethb",
        "FIRENAME": "CREEK",
        "FIRE_SLUG": "CREEK",
        "PREFIRE": 0,
        "PREFIRE_STATUS": "postfire",
        "TILE_Z": 17,
        "TILE_X": 22051,
        "TILE_Y": 50888,
        "TILEXYZ": [
          17,
          22051,
          50888
        ],
        "OUTPUT_FILE": "/Users/maples/GitHub/mortalitree_testing/notebooks/single_tiles/postfire/17/22051/50888.geojson",
        "OUTPUT_STATUS_DIR": "postfire",
        "FEATURE_COUNT": 326
      },
      "geometry": {
        "type": "Polygon",
        "coordinates": [
          [
            [
              -119.43299095223875,
              37.28116169945808
            ],
            [
              -119.43286661297142,
              37.281157947793936
            ],
            [
              -119.43287107333782,
              37.281063560089734
            ],
            [
              -119.43299541245047,
              37.28106731174113
            ],
            [
              -119.43299095223875,
              37.28116169945808
            ]
          ]
        ]
      }
    },
    {
      "id": "826",
      "type": "Feature",
      "properties": {
        "id": null,
        "SOURCE_FILE": "/Users/maples/GitHub/mortalitree_testing/labels/gwynethb_mortalitree_postfire_labels.geojson",
        "SUNETID": "gwynethb",
        "FIRENAME": "CREEK",
        "FIRE_SLUG": "CREEK",
        "PREFIRE": 0,
        "PREFIRE_STATUS": "postfire",
        "TILE_Z": 17,
        "TILE_X": 22051,
        "TILE_Y": 50888,
        "TILEXYZ": [
          17,
          22051,
          50888
        ],
        "OUTPUT_FILE": "/Users/maples/GitHub/mortalitree_testing/notebooks/single_tiles/postfire/17/22051/50888.geojson",
        "OUTPUT_STATUS_DIR": "postfire",
        "FEATURE_COUNT": 326
      },
      "geometry": {
        "type": "Polygon",
        "coordinates": [
          [
            [
              -119.43322773022466,
              37.280959899323044
            ],
            [
              -119.43313447599688,
              37.280957085786596
            ],
            [
              -119.4331387012601,
              37.280867665827174
            ],
            [
              -119.43323195537796,
              37.28087047935456
            ],
            [
              -119.43322773022466,
              37.280959899323044
            ]
          ]
        ]
      }
    },
    {
      "id": "827",
      "type": "Feature",
      "properties": {
        "id": null,
        "SOURCE_FILE": "/Users/maples/GitHub/mortalitree_testing/labels/gwynethb_mortalitree_postfire_labels.geojson",
        "SUNETID": "gwynethb",
        "FIRENAME": "CREEK",
        "FIRE_SLUG": "CREEK",
        "PREFIRE": 0,
        "PREFIRE_STATUS": "postfire",
        "TILE_Z": 17,
        "TILE_X": 22051,
        "TILE_Y": 50888,
        "TILEXYZ": [
          17,
          22051,
          50888
        ],
        "OUTPUT_FILE": "/Users/maples/GitHub/mortalitree_testing/notebooks/single_tiles/postfire/17/22051/50888.geojson",
        "OUTPUT_STATUS_DIR": "postfire",
        "FEATURE_COUNT": 326
      },
      "geometry": {
        "type": "Polygon",
        "coordinates": [
          [
            [
              -119.43310773029123,
              37.28099607770039
            ],
            [
              -119.43297717433059,
              37.280992138593255
            ],
            [
              -119.43298210402588,
              37.28088781532563
            ],
            [
              -119.43311265980702,
              37.280891754417965
            ],
            [
              -119.43310773029123,
              37.28099607770039
            ]
          ]
        ]
      }
    },
    {
      "id": "828",
      "type": "Feature",
      "properties": {
        "id": null,
        "SOURCE_FILE": "/Users/maples/GitHub/mortalitree_testing/labels/gwynethb_mortalitree_postfire_labels.geojson",
        "SUNETID": "gwynethb",
        "FIRENAME": "CREEK",
        "FIRE_SLUG": "CREEK",
        "PREFIRE": 0,
        "PREFIRE_STATUS": "postfire",
        "TILE_Z": 17,
        "TILE_X": 22051,
        "TILE_Y": 50888,
        "TILEXYZ": [
          17,
          22051,
          50888
        ],
        "OUTPUT_FILE": "/Users/maples/GitHub/mortalitree_testing/notebooks/single_tiles/postfire/17/22051/50888.geojson",
        "OUTPUT_STATUS_DIR": "postfire",
        "FEATURE_COUNT": 326
      },
      "geometry": {
        "type": "Polygon",
        "coordinates": [
          [
            [
              -119.43343992188164,
              37.281212556475445
            ],
            [
              -119.43334666732058,
              37.281209743089995
            ],
            [
              -119.43335042292219,
              37.28113025866671
            ],
            [
              -119.43344367738558,
              37.281133072044106
            ],
            [
              -119.43343992188164,
              37.281212556475445
            ]
          ]
        ]
      }
    },
    {
      "id": "829",
      "type": "Feature",
      "properties": {
        "id": null,
        "SOURCE_FILE": "/Users/maples/GitHub/mortalitree_testing/labels/gwynethb_mortalitree_postfire_labels.geojson",
        "SUNETID": "gwynethb",
        "FIRENAME": "CREEK",
        "FIRE_SLUG": "CREEK",
        "PREFIRE": 0,
        "PREFIRE_STATUS": "postfire",
        "TILE_Z": 17,
        "TILE_X": 22051,
        "TILE_Y": 50888,
        "TILEXYZ": [
          17,
          22051,
          50888
        ],
        "OUTPUT_FILE": "/Users/maples/GitHub/mortalitree_testing/notebooks/single_tiles/postfire/17/22051/50888.geojson",
        "OUTPUT_STATUS_DIR": "postfire",
        "FEATURE_COUNT": 326
      },
      "geometry": {
        "type": "Polygon",
        "coordinates": [
          [
            [
              -119.43350549198412,
              37.28127423290521
            ],
            [
              -119.43340602036446,
              37.28127123200901
            ],
            [
              -119.43340907174796,
              37.281206650911685
            ],
            [
              -119.43350854328297,
              37.28120965180091
            ],
            [
              -119.43350549198412,
              37.28127423290521
            ]
          ]
        ]
      }
    },
    {
      "id": "830",
      "type": "Feature",
      "properties": {
        "id": null,
        "SOURCE_FILE": "/Users/maples/GitHub/mortalitree_testing/labels/gwynethb_mortalitree_postfire_labels.geojson",
        "SUNETID": "gwynethb",
        "FIRENAME": "CREEK",
        "FIRE_SLUG": "CREEK",
        "PREFIRE": 0,
        "PREFIRE_STATUS": "postfire",
        "TILE_Z": 17,
        "TILE_X": 22051,
        "TILE_Y": 50888,
        "TILEXYZ": [
          17,
          22051,
          50888
        ],
        "OUTPUT_FILE": "/Users/maples/GitHub/mortalitree_testing/notebooks/single_tiles/postfire/17/22051/50888.geojson",
        "OUTPUT_STATUS_DIR": "postfire",
        "FEATURE_COUNT": 326
      },
      "geometry": {
        "type": "Polygon",
        "coordinates": [
          [
            [
              -119.43280473469684,
              37.28121577898987
            ],
            [
              -119.43270526323019,
              37.2812127775088
            ],
            [
              -119.43271042810663,
              37.28110348650295
            ],
            [
              -119.43280989943004,
              37.28110648797221
            ],
            [
              -119.43280473469684,
              37.28121577898987
            ]
          ]
        ]
      }
    },
    {
      "id": "831",
      "type": "Feature",
      "properties": {
        "id": null,
        "SOURCE_FILE": "/Users/maples/GitHub/mortalitree_testing/labels/gwynethb_mortalitree_postfire_labels.geojson",
        "SUNETID": "gwynethb",
        "FIRENAME": "CREEK",
        "FIRE_SLUG": "CREEK",
        "PREFIRE": 0,
        "PREFIRE_STATUS": "postfire",
        "TILE_Z": 17,
        "TILE_X": 22051,
        "TILE_Y": 50888,
        "TILEXYZ": [
          17,
          22051,
          50888
        ],
        "OUTPUT_FILE": "/Users/maples/GitHub/mortalitree_testing/notebooks/single_tiles/postfire/17/22051/50888.geojson",
        "OUTPUT_STATUS_DIR": "postfire",
        "FEATURE_COUNT": 326
      },
      "geometry": {
        "type": "Polygon",
        "coordinates": [
          [
            [
              -119.43445716329508,
              37.28089748798064
            ],
            [
              -119.43433282426355,
              37.280893737879154
            ],
            [
              -119.43433634412803,
              37.280819221148235
            ],
            [
              -119.43446068303746,
              37.28082297123965
            ],
            [
              -119.43445716329508,
              37.28089748798064
            ]
          ]
        ]
      }
    },
    {
      "id": "832",
      "type": "Feature",
      "properties": {
        "id": null,
        "SOURCE_FILE": "/Users/maples/GitHub/mortalitree_testing/labels/gwynethb_mortalitree_postfire_labels.geojson",
        "SUNETID": "gwynethb",
        "FIRENAME": "CREEK",
        "FIRE_SLUG": "CREEK",
        "PREFIRE": 0,
        "PREFIRE_STATUS": "postfire",
        "TILE_Z": 17,
        "TILE_X": 22051,
        "TILE_Y": 50888,
        "TILEXYZ": [
          17,
          22051,
          50888
        ],
        "OUTPUT_FILE": "/Users/maples/GitHub/mortalitree_testing/notebooks/single_tiles/postfire/17/22051/50888.geojson",
        "OUTPUT_STATUS_DIR": "postfire",
        "FEATURE_COUNT": 326
      },
      "geometry": {
        "type": "Polygon",
        "coordinates": [
          [
            [
              -119.43427876430054,
              37.28094627979685
            ],
            [
              -119.4341564406246,
              37.28094259029335
            ],
            [
              -119.43415984285883,
              37.28087056753919
            ],
            [
              -119.43428216641867,
              37.28087425703314
            ],
            [
              -119.43427876430054,
              37.28094627979685
            ]
          ]
        ]
      }
    },
    {
      "id": "833",
      "type": "Feature",
      "properties": {
        "id": null,
        "SOURCE_FILE": "/Users/maples/GitHub/mortalitree_testing/labels/gwynethb_mortalitree_postfire_labels.geojson",
        "SUNETID": "gwynethb",
        "FIRENAME": "CREEK",
        "FIRE_SLUG": "CREEK",
        "PREFIRE": 0,
        "PREFIRE_STATUS": "postfire",
        "TILE_Z": 17,
        "TILE_X": 22051,
        "TILE_Y": 50888,
        "TILEXYZ": [
          17,
          22051,
          50888
        ],
        "OUTPUT_FILE": "/Users/maples/GitHub/mortalitree_testing/notebooks/single_tiles/postfire/17/22051/50888.geojson",
        "OUTPUT_STATUS_DIR": "postfire",
        "FEATURE_COUNT": 326
      },
      "geometry": {
        "type": "Polygon",
        "coordinates": [
          [
            [
              -119.43482424150123,
              37.2807952968983
            ],
            [
              -119.43474054646954,
              37.28079277290914
            ],
            [
              -119.43474394812874,
              37.28072075010727
            ],
            [
              -119.43482764308101,
              37.28072327408989
            ],
            [
              -119.43482424150123,
              37.2807952968983
            ]
          ]
        ]
      }
    },
    {
      "id": "834",
      "type": "Feature",
      "properties": {
        "id": null,
        "SOURCE_FILE": "/Users/maples/GitHub/mortalitree_testing/labels/gwynethb_mortalitree_postfire_labels.geojson",
        "SUNETID": "gwynethb",
        "FIRENAME": "CREEK",
        "FIRE_SLUG": "CREEK",
        "PREFIRE": 0,
        "PREFIRE_STATUS": "postfire",
        "TILE_Z": 17,
        "TILE_X": 22051,
        "TILE_Y": 50888,
        "TILEXYZ": [
          17,
          22051,
          50888
        ],
        "OUTPUT_FILE": "/Users/maples/GitHub/mortalitree_testing/notebooks/single_tiles/postfire/17/22051/50888.geojson",
        "OUTPUT_STATUS_DIR": "postfire",
        "FEATURE_COUNT": 326
      },
      "geometry": {
        "type": "Polygon",
        "coordinates": [
          [
            [
              -119.43288515004815,
              37.28130865547737
            ],
            [
              -119.43276282597166,
              37.281304964503306
            ],
            [
              -119.4327672020353,
              37.28121236396563
            ],
            [
              -119.4328895259625,
              37.281216054927384
            ],
            [
              -119.43288515004815,
              37.28130865547737
            ]
          ]
        ]
      }
    },
    {
      "id": "835",
      "type": "Feature",
      "properties": {
        "id": null,
        "SOURCE_FILE": "/Users/maples/GitHub/mortalitree_testing/labels/gwynethb_mortalitree_postfire_labels.geojson",
        "SUNETID": "gwynethb",
        "FIRENAME": "CREEK",
        "FIRE_SLUG": "CREEK",
        "PREFIRE": 0,
        "PREFIRE_STATUS": "postfire",
        "TILE_Z": 17,
        "TILE_X": 22051,
        "TILE_Y": 50888,
        "TILEXYZ": [
          17,
          22051,
          50888
        ],
        "OUTPUT_FILE": "/Users/maples/GitHub/mortalitree_testing/notebooks/single_tiles/postfire/17/22051/50888.geojson",
        "OUTPUT_STATUS_DIR": "postfire",
        "FEATURE_COUNT": 326
      },
      "geometry": {
        "type": "Polygon",
        "coordinates": [
          [
            [
              -119.43300868963922,
              37.281286623947125
            ],
            [
              -119.43291211801316,
              37.28128371013295
            ],
            [
              -119.43291600768295,
              37.281201398530285
            ],
            [
              -119.43301257920422,
              37.28120431233584
            ],
            [
              -119.43300868963922,
              37.281286623947125
            ]
          ]
        ]
      }
    },
    {
      "id": "836",
      "type": "Feature",
      "properties": {
        "id": null,
        "SOURCE_FILE": "/Users/maples/GitHub/mortalitree_testing/labels/gwynethb_mortalitree_postfire_labels.geojson",
        "SUNETID": "gwynethb",
        "FIRENAME": "CREEK",
        "FIRE_SLUG": "CREEK",
        "PREFIRE": 0,
        "PREFIRE_STATUS": "postfire",
        "TILE_Z": 17,
        "TILE_X": 22051,
        "TILE_Y": 50888,
        "TILEXYZ": [
          17,
          22051,
          50888
        ],
        "OUTPUT_FILE": "/Users/maples/GitHub/mortalitree_testing/notebooks/single_tiles/postfire/17/22051/50888.geojson",
        "OUTPUT_STATUS_DIR": "postfire",
        "FEATURE_COUNT": 326
      },
      "geometry": {
        "type": "Polygon",
        "coordinates": [
          [
            [
              -119.43268805377312,
              37.28145468667747
            ],
            [
              -119.43255929136687,
              37.2814508012108
            ],
            [
              -119.4325648833483,
              37.2813324783304
            ],
            [
              -119.43269364555378,
              37.28133636378052
            ],
            [
              -119.43268805377312,
              37.28145468667747
            ]
          ]
        ]
      }
    },
    {
      "id": "837",
      "type": "Feature",
      "properties": {
        "id": null,
        "SOURCE_FILE": "/Users/maples/GitHub/mortalitree_testing/labels/gwynethb_mortalitree_postfire_labels.geojson",
        "SUNETID": "gwynethb",
        "FIRENAME": "CREEK",
        "FIRE_SLUG": "CREEK",
        "PREFIRE": 0,
        "PREFIRE_STATUS": "postfire",
        "TILE_Z": 17,
        "TILE_X": 22051,
        "TILE_Y": 50888,
        "TILEXYZ": [
          17,
          22051,
          50888
        ],
        "OUTPUT_FILE": "/Users/maples/GitHub/mortalitree_testing/notebooks/single_tiles/postfire/17/22051/50888.geojson",
        "OUTPUT_STATUS_DIR": "postfire",
        "FEATURE_COUNT": 326
      },
      "geometry": {
        "type": "Polygon",
        "coordinates": [
          [
            [
              -119.43269352855825,
              37.28120241319024
            ],
            [
              -119.43260983327025,
              37.28119988767118
            ],
            [
              -119.43261299388604,
              37.281133009515244
            ],
            [
              -119.43269668910027,
              37.28113553502824
            ],
            [
              -119.43269352855825,
              37.28120241319024
            ]
          ]
        ]
      }
    },
    {
      "id": "838",
      "type": "Feature",
      "properties": {
        "id": null,
        "SOURCE_FILE": "/Users/maples/GitHub/mortalitree_testing/labels/gwynethb_mortalitree_postfire_labels.geojson",
        "SUNETID": "gwynethb",
        "FIRENAME": "CREEK",
        "FIRE_SLUG": "CREEK",
        "PREFIRE": 0,
        "PREFIRE_STATUS": "postfire",
        "TILE_Z": 17,
        "TILE_X": 22051,
        "TILE_Y": 50888,
        "TILEXYZ": [
          17,
          22051,
          50888
        ],
        "OUTPUT_FILE": "/Users/maples/GitHub/mortalitree_testing/notebooks/single_tiles/postfire/17/22051/50888.geojson",
        "OUTPUT_STATUS_DIR": "postfire",
        "FEATURE_COUNT": 326
      },
      "geometry": {
        "type": "Polygon",
        "coordinates": [
          [
            [
              -119.43249145785332,
              37.28118086014299
            ],
            [
              -119.43241420070308,
              37.281178528765984
            ],
            [
              -119.43241784776343,
              37.28110136167908
            ],
            [
              -119.43249510483513,
              37.2811036930496
            ],
            [
              -119.43249145785332,
              37.28118086014299
            ]
          ]
        ]
      }
    },
    {
      "id": "839",
      "type": "Feature",
      "properties": {
        "id": null,
        "SOURCE_FILE": "/Users/maples/GitHub/mortalitree_testing/labels/gwynethb_mortalitree_postfire_labels.geojson",
        "SUNETID": "gwynethb",
        "FIRENAME": "CREEK",
        "FIRE_SLUG": "CREEK",
        "PREFIRE": 0,
        "PREFIRE_STATUS": "postfire",
        "TILE_Z": 17,
        "TILE_X": 22051,
        "TILE_Y": 50888,
        "TILEXYZ": [
          17,
          22051,
          50888
        ],
        "OUTPUT_FILE": "/Users/maples/GitHub/mortalitree_testing/notebooks/single_tiles/postfire/17/22051/50888.geojson",
        "OUTPUT_STATUS_DIR": "postfire",
        "FEATURE_COUNT": 326
      },
      "geometry": {
        "type": "Polygon",
        "coordinates": [
          [
            [
              -119.43253063104915,
              37.28123871215475
            ],
            [
              -119.43242118333382,
              37.281235409387676
            ],
            [
              -119.4324241009835,
              37.28117367571837
            ],
            [
              -119.4325335486098,
              37.281176978478115
            ],
            [
              -119.43253063104915,
              37.28123871215475
            ]
          ]
        ]
      }
    },
    {
      "id": "840",
      "type": "Feature",
      "properties": {
        "id": null,
        "SOURCE_FILE": "/Users/maples/GitHub/mortalitree_testing/labels/gwynethb_mortalitree_postfire_labels.geojson",
        "SUNETID": "gwynethb",
        "FIRENAME": "CREEK",
        "FIRE_SLUG": "CREEK",
        "PREFIRE": 0,
        "PREFIRE_STATUS": "postfire",
        "TILE_Z": 17,
        "TILE_X": 22051,
        "TILE_Y": 50888,
        "TILEXYZ": [
          17,
          22051,
          50888
        ],
        "OUTPUT_FILE": "/Users/maples/GitHub/mortalitree_testing/notebooks/single_tiles/postfire/17/22051/50888.geojson",
        "OUTPUT_STATUS_DIR": "postfire",
        "FEATURE_COUNT": 326
      },
      "geometry": {
        "type": "Polygon",
        "coordinates": [
          [
            [
              -119.43266030248458,
              37.28129156726944
            ],
            [
              -119.43252510225456,
              37.281287487509225
            ],
            [
              -119.43252874921603,
              37.2812103204144
            ],
            [
              -119.43266394930858,
              37.28121440016328
            ],
            [
              -119.43266030248458,
              37.28129156726944
            ]
          ]
        ]
      }
    },
    {
      "id": "841",
      "type": "Feature",
      "properties": {
        "id": null,
        "SOURCE_FILE": "/Users/maples/GitHub/mortalitree_testing/labels/gwynethb_mortalitree_postfire_labels.geojson",
        "SUNETID": "gwynethb",
        "FIRENAME": "CREEK",
        "FIRE_SLUG": "CREEK",
        "PREFIRE": 0,
        "PREFIRE_STATUS": "postfire",
        "TILE_Z": 17,
        "TILE_X": 22051,
        "TILE_Y": 50888,
        "TILEXYZ": [
          17,
          22051,
          50888
        ],
        "OUTPUT_FILE": "/Users/maples/GitHub/mortalitree_testing/notebooks/single_tiles/postfire/17/22051/50888.geojson",
        "OUTPUT_STATUS_DIR": "postfire",
        "FEATURE_COUNT": 326
      },
      "geometry": {
        "type": "Polygon",
        "coordinates": [
          [
            [
              -119.43258989683778,
              37.281621734478215
            ],
            [
              -119.43249332482766,
              37.28161882030017
            ],
            [
              -119.43249770127116,
              37.28152621979462
            ],
            [
              -119.43259427316342,
              37.28152913396296
            ],
            [
              -119.43258989683778,
              37.281621734478215
            ]
          ]
        ]
      }
    },
    {
      "id": "842",
      "type": "Feature",
      "properties": {
        "id": null,
        "SOURCE_FILE": "/Users/maples/GitHub/mortalitree_testing/labels/gwynethb_mortalitree_postfire_labels.geojson",
        "SUNETID": "gwynethb",
        "FIRENAME": "CREEK",
        "FIRE_SLUG": "CREEK",
        "PREFIRE": 0,
        "PREFIRE_STATUS": "postfire",
        "TILE_Z": 17,
        "TILE_X": 22051,
        "TILE_Y": 50888,
        "TILEXYZ": [
          17,
          22051,
          50888
        ],
        "OUTPUT_FILE": "/Users/maples/GitHub/mortalitree_testing/notebooks/single_tiles/postfire/17/22051/50888.geojson",
        "OUTPUT_STATUS_DIR": "postfire",
        "FEATURE_COUNT": 326
      },
      "geometry": {
        "type": "Polygon",
        "coordinates": [
          [
            [
              -119.43250164973867,
              37.28151088351701
            ],
            [
              -119.43243726849768,
              37.28150894069728
            ],
            [
              -119.43244091557806,
              37.28143177361273
            ],
            [
              -119.43250529675358,
              37.281433716427074
            ],
            [
              -119.43250164973867,
              37.28151088351701
            ]
          ]
        ]
      }
    },
    {
      "id": "843",
      "type": "Feature",
      "properties": {
        "id": null,
        "SOURCE_FILE": "/Users/maples/GitHub/mortalitree_testing/labels/gwynethb_mortalitree_postfire_labels.geojson",
        "SUNETID": "gwynethb",
        "FIRENAME": "CREEK",
        "FIRE_SLUG": "CREEK",
        "PREFIRE": 0,
        "PREFIRE_STATUS": "postfire",
        "TILE_Z": 17,
        "TILE_X": 22051,
        "TILE_Y": 50888,
        "TILEXYZ": [
          17,
          22051,
          50888
        ],
        "OUTPUT_FILE": "/Users/maples/GitHub/mortalitree_testing/notebooks/single_tiles/postfire/17/22051/50888.geojson",
        "OUTPUT_STATUS_DIR": "postfire",
        "FEATURE_COUNT": 326
      },
      "geometry": {
        "type": "Polygon",
        "coordinates": [
          [
            [
              -119.4326893278605,
              37.281495939602
            ],
            [
              -119.43258631787715,
              37.28149283123805
            ],
            [
              -119.43258874916273,
              37.281441386506664
            ],
            [
              -119.43269175907625,
              37.28144449486487
            ],
            [
              -119.4326893278605,
              37.281495939602
            ]
          ]
        ]
      }
    },
    {
      "id": "844",
      "type": "Feature",
      "properties": {
        "id": null,
        "SOURCE_FILE": "/Users/maples/GitHub/mortalitree_testing/labels/gwynethb_mortalitree_postfire_labels.geojson",
        "SUNETID": "gwynethb",
        "FIRENAME": "CREEK",
        "FIRE_SLUG": "CREEK",
        "PREFIRE": 0,
        "PREFIRE_STATUS": "postfire",
        "TILE_Z": 17,
        "TILE_X": 22051,
        "TILE_Y": 50888,
        "TILEXYZ": [
          17,
          22051,
          50888
        ],
        "OUTPUT_FILE": "/Users/maples/GitHub/mortalitree_testing/notebooks/single_tiles/postfire/17/22051/50888.geojson",
        "OUTPUT_STATUS_DIR": "postfire",
        "FEATURE_COUNT": 326
      },
      "geometry": {
        "type": "Polygon",
        "coordinates": [
          [
            [
              -119.4329166657848,
              37.28152855833998
            ],
            [
              -119.43282009385932,
              37.281525644434694
            ],
            [
              -119.43282422677555,
              37.28143818836917
            ],
            [
              -119.43292079858972,
              37.281441102265276
            ],
            [
              -119.4329166657848,
              37.28152855833998
            ]
          ]
        ]
      }
    },
    {
      "id": "845",
      "type": "Feature",
      "properties": {
        "id": null,
        "SOURCE_FILE": "/Users/maples/GitHub/mortalitree_testing/labels/gwynethb_mortalitree_postfire_labels.geojson",
        "SUNETID": "gwynethb",
        "FIRENAME": "CREEK",
        "FIRE_SLUG": "CREEK",
        "PREFIRE": 0,
        "PREFIRE_STATUS": "postfire",
        "TILE_Z": 17,
        "TILE_X": 22051,
        "TILE_Y": 50888,
        "TILEXYZ": [
          17,
          22051,
          50888
        ],
        "OUTPUT_FILE": "/Users/maples/GitHub/mortalitree_testing/notebooks/single_tiles/postfire/17/22051/50888.geojson",
        "OUTPUT_STATUS_DIR": "postfire",
        "FEATURE_COUNT": 326
      },
      "geometry": {
        "type": "Polygon",
        "coordinates": [
          [
            [
              -119.43283193470711,
              37.281616158393575
            ],
            [
              -119.43270317200557,
              37.28161227306914
            ],
            [
              -119.4327082775532,
              37.281504239120984
            ],
            [
              -119.43283704007142,
              37.2815081244303
            ],
            [
              -119.43283193470711,
              37.281616158393575
            ]
          ]
        ]
      }
    },
    {
      "id": "846",
      "type": "Feature",
      "properties": {
        "id": null,
        "SOURCE_FILE": "/Users/maples/GitHub/mortalitree_testing/labels/gwynethb_mortalitree_postfire_labels.geojson",
        "SUNETID": "gwynethb",
        "FIRENAME": "CREEK",
        "FIRE_SLUG": "CREEK",
        "PREFIRE": 0,
        "PREFIRE_STATUS": "postfire",
        "TILE_Z": 17,
        "TILE_X": 22051,
        "TILE_Y": 50888,
        "TILEXYZ": [
          17,
          22051,
          50888
        ],
        "OUTPUT_FILE": "/Users/maples/GitHub/mortalitree_testing/notebooks/single_tiles/postfire/17/22051/50888.geojson",
        "OUTPUT_STATUS_DIR": "postfire",
        "FEATURE_COUNT": 326
      },
      "geometry": {
        "type": "Polygon",
        "coordinates": [
          [
            [
              -119.43269011108123,
              37.28168400429412
            ],
            [
              -119.4326192915397,
              37.281681867294814
            ],
            [
              -119.43262269532964,
              37.28160984467043
            ],
            [
              -119.43269351480396,
              37.281611981664184
            ],
            [
              -119.43269011108123,
              37.28168400429412
            ]
          ]
        ]
      }
    },
    {
      "id": "847",
      "type": "Feature",
      "properties": {
        "id": null,
        "SOURCE_FILE": "/Users/maples/GitHub/mortalitree_testing/labels/gwynethb_mortalitree_postfire_labels.geojson",
        "SUNETID": "gwynethb",
        "FIRENAME": "CREEK",
        "FIRE_SLUG": "CREEK",
        "PREFIRE": 0,
        "PREFIRE_STATUS": "postfire",
        "TILE_Z": 17,
        "TILE_X": 22051,
        "TILE_Y": 50888,
        "TILEXYZ": [
          17,
          22051,
          50888
        ],
        "OUTPUT_FILE": "/Users/maples/GitHub/mortalitree_testing/notebooks/single_tiles/postfire/17/22051/50888.geojson",
        "OUTPUT_STATUS_DIR": "postfire",
        "FEATURE_COUNT": 326
      },
      "geometry": {
        "type": "Polygon",
        "coordinates": [
          [
            [
              -119.43265336411622,
              37.28171123040296
            ],
            [
              -119.43254391570197,
              37.28170792771385
            ],
            [
              -119.43254659016834,
              37.28165133851398
            ],
            [
              -119.43265603850097,
              37.28165464119637
            ],
            [
              -119.43265336411622,
              37.28171123040296
            ]
          ]
        ]
      }
    },
    {
      "id": "848",
      "type": "Feature",
      "properties": {
        "id": null,
        "SOURCE_FILE": "/Users/maples/GitHub/mortalitree_testing/labels/gwynethb_mortalitree_postfire_labels.geojson",
        "SUNETID": "gwynethb",
        "FIRENAME": "CREEK",
        "FIRE_SLUG": "CREEK",
        "PREFIRE": 0,
        "PREFIRE_STATUS": "postfire",
        "TILE_Z": 17,
        "TILE_X": 22051,
        "TILE_Y": 50888,
        "TILEXYZ": [
          17,
          22051,
          50888
        ],
        "OUTPUT_FILE": "/Users/maples/GitHub/mortalitree_testing/notebooks/single_tiles/postfire/17/22051/50888.geojson",
        "OUTPUT_STATUS_DIR": "postfire",
        "FEATURE_COUNT": 326
      },
      "geometry": {
        "type": "Polygon",
        "coordinates": [
          [
            [
              -119.4325566071941,
              37.28178043602802
            ],
            [
              -119.43241496795844,
              37.28177616181805
            ],
            [
              -119.4324195876647,
              37.28167841685088
            ],
            [
              -119.4325612267179,
              37.281682691045816
            ],
            [
              -119.4325566071941,
              37.28178043602802
            ]
          ]
        ]
      }
    },
    {
      "id": "849",
      "type": "Feature",
      "properties": {
        "id": null,
        "SOURCE_FILE": "/Users/maples/GitHub/mortalitree_testing/labels/gwynethb_mortalitree_postfire_labels.geojson",
        "SUNETID": "gwynethb",
        "FIRENAME": "CREEK",
        "FIRE_SLUG": "CREEK",
        "PREFIRE": 0,
        "PREFIRE_STATUS": "postfire",
        "TILE_Z": 17,
        "TILE_X": 22051,
        "TILE_Y": 50888,
        "TILEXYZ": [
          17,
          22051,
          50888
        ],
        "OUTPUT_FILE": "/Users/maples/GitHub/mortalitree_testing/notebooks/single_tiles/postfire/17/22051/50888.geojson",
        "OUTPUT_STATUS_DIR": "postfire",
        "FEATURE_COUNT": 326
      },
      "geometry": {
        "type": "Polygon",
        "coordinates": [
          [
            [
              -119.43258624505225,
              37.28183542438064
            ],
            [
              -119.4324832346178,
              37.28183231590296
            ],
            [
              -119.43248663855593,
              37.2817602932911
            ],
            [
              -119.43258964889257,
              37.28176340176071
            ],
            [
              -119.43258624505225,
              37.28183542438064
            ]
          ]
        ]
      }
    },
    {
      "id": "850",
      "type": "Feature",
      "properties": {
        "id": null,
        "SOURCE_FILE": "/Users/maples/GitHub/mortalitree_testing/labels/gwynethb_mortalitree_postfire_labels.geojson",
        "SUNETID": "gwynethb",
        "FIRENAME": "CREEK",
        "FIRE_SLUG": "CREEK",
        "PREFIRE": 0,
        "PREFIRE_STATUS": "postfire",
        "TILE_Z": 17,
        "TILE_X": 22051,
        "TILE_Y": 50888,
        "TILEXYZ": [
          17,
          22051,
          50888
        ],
        "OUTPUT_FILE": "/Users/maples/GitHub/mortalitree_testing/notebooks/single_tiles/postfire/17/22051/50888.geojson",
        "OUTPUT_STATUS_DIR": "postfire",
        "FEATURE_COUNT": 326
      },
      "geometry": {
        "type": "Polygon",
        "coordinates": [
          [
            [
              -119.43283235358811,
              37.28181193981157
            ],
            [
              -119.43273578130945,
              37.28180902581871
            ],
            [
              -119.43273894188337,
              37.28174214766047
            ],
            [
              -119.43283551407693,
              37.28174506164631
            ],
            [
              -119.43283235358811,
              37.28181193981157
            ]
          ]
        ]
      }
    },
    {
      "id": "851",
      "type": "Feature",
      "properties": {
        "id": null,
        "SOURCE_FILE": "/Users/maples/GitHub/mortalitree_testing/labels/gwynethb_mortalitree_postfire_labels.geojson",
        "SUNETID": "gwynethb",
        "FIRENAME": "CREEK",
        "FIRE_SLUG": "CREEK",
        "PREFIRE": 0,
        "PREFIRE_STATUS": "postfire",
        "TILE_Z": 17,
        "TILE_X": 22051,
        "TILE_Y": 50888,
        "TILEXYZ": [
          17,
          22051,
          50888
        ],
        "OUTPUT_FILE": "/Users/maples/GitHub/mortalitree_testing/notebooks/single_tiles/postfire/17/22051/50888.geojson",
        "OUTPUT_STATUS_DIR": "postfire",
        "FEATURE_COUNT": 326
      },
      "geometry": {
        "type": "Polygon",
        "coordinates": [
          [
            [
              -119.43296172856078,
              37.281666440981944
            ],
            [
              -119.43285228017456,
              37.2816631385813
            ],
            [
              -119.43285616996286,
              37.281580826989305
            ],
            [
              -119.43296561823034,
              37.28158412938015
            ],
            [
              -119.43296172856078,
              37.281666440981944
            ]
          ]
        ]
      }
    },
    {
      "id": "852",
      "type": "Feature",
      "properties": {
        "id": null,
        "SOURCE_FILE": "/Users/maples/GitHub/mortalitree_testing/labels/gwynethb_mortalitree_postfire_labels.geojson",
        "SUNETID": "gwynethb",
        "FIRENAME": "CREEK",
        "FIRE_SLUG": "CREEK",
        "PREFIRE": 0,
        "PREFIRE_STATUS": "postfire",
        "TILE_Z": 17,
        "TILE_X": 22051,
        "TILE_Y": 50888,
        "TILEXYZ": [
          17,
          22051,
          50888
        ],
        "OUTPUT_FILE": "/Users/maples/GitHub/mortalitree_testing/notebooks/single_tiles/postfire/17/22051/50888.geojson",
        "OUTPUT_STATUS_DIR": "postfire",
        "FEATURE_COUNT": 326
      },
      "geometry": {
        "type": "Polygon",
        "coordinates": [
          [
            [
              -119.43290457327682,
              37.28171623454155
            ],
            [
              -119.43279512482536,
              37.281712932084325
            ],
            [
              -119.43279877156725,
              37.28163576497232
            ],
            [
              -119.43290821990745,
              37.28163906742037
            ],
            [
              -119.43290457327682,
              37.28171623454155
            ]
          ]
        ]
      }
    },
    {
      "id": "853",
      "type": "Feature",
      "properties": {
        "id": null,
        "SOURCE_FILE": "/Users/maples/GitHub/mortalitree_testing/labels/gwynethb_mortalitree_postfire_labels.geojson",
        "SUNETID": "gwynethb",
        "FIRENAME": "CREEK",
        "FIRE_SLUG": "CREEK",
        "PREFIRE": 0,
        "PREFIRE_STATUS": "postfire",
        "TILE_Z": 17,
        "TILE_X": 22051,
        "TILE_Y": 50888,
        "TILEXYZ": [
          17,
          22051,
          50888
        ],
        "OUTPUT_FILE": "/Users/maples/GitHub/mortalitree_testing/notebooks/single_tiles/postfire/17/22051/50888.geojson",
        "OUTPUT_STATUS_DIR": "postfire",
        "FEATURE_COUNT": 326
      },
      "geometry": {
        "type": "Polygon",
        "coordinates": [
          [
            [
              -119.43301073986693,
              37.281788987313995
            ],
            [
              -119.43288841499627,
              37.28178529642937
            ],
            [
              -119.43289279098205,
              37.28169269588651
            ],
            [
              -119.4330151157034,
              37.28169638675885
            ],
            [
              -119.43301073986693,
              37.281788987313995
            ]
          ]
        ]
      }
    },
    {
      "id": "854",
      "type": "Feature",
      "properties": {
        "id": null,
        "SOURCE_FILE": "/Users/maples/GitHub/mortalitree_testing/labels/gwynethb_mortalitree_postfire_labels.geojson",
        "SUNETID": "gwynethb",
        "FIRENAME": "CREEK",
        "FIRE_SLUG": "CREEK",
        "PREFIRE": 0,
        "PREFIRE_STATUS": "postfire",
        "TILE_Z": 17,
        "TILE_X": 22051,
        "TILE_Y": 50888,
        "TILEXYZ": [
          17,
          22051,
          50888
        ],
        "OUTPUT_FILE": "/Users/maples/GitHub/mortalitree_testing/notebooks/single_tiles/postfire/17/22051/50888.geojson",
        "OUTPUT_STATUS_DIR": "postfire",
        "FEATURE_COUNT": 326
      },
      "geometry": {
        "type": "Polygon",
        "coordinates": [
          [
            [
              -119.43322533141102,
              37.28154559902373
            ],
            [
              -119.43311588316833,
              37.281542296875905
            ],
            [
              -119.43312025883696,
              37.28144969630628
            ],
            [
              -119.43322970694608,
              37.28145299844309
            ],
            [
              -119.43322533141102,
              37.28154559902373
            ]
          ]
        ]
      }
    },
    {
      "id": "855",
      "type": "Feature",
      "properties": {
        "id": null,
        "SOURCE_FILE": "/Users/maples/GitHub/mortalitree_testing/labels/gwynethb_mortalitree_postfire_labels.geojson",
        "SUNETID": "gwynethb",
        "FIRENAME": "CREEK",
        "FIRE_SLUG": "CREEK",
        "PREFIRE": 0,
        "PREFIRE_STATUS": "postfire",
        "TILE_Z": 17,
        "TILE_X": 22051,
        "TILE_Y": 50888,
        "TILEXYZ": [
          17,
          22051,
          50888
        ],
        "OUTPUT_FILE": "/Users/maples/GitHub/mortalitree_testing/notebooks/single_tiles/postfire/17/22051/50888.geojson",
        "OUTPUT_STATUS_DIR": "postfire",
        "FEATURE_COUNT": 326
      },
      "geometry": {
        "type": "Polygon",
        "coordinates": [
          [
            [
              -119.43333405043605,
              37.28156433450234
            ],
            [
              -119.43323104028701,
              37.28156122669459
            ],
            [
              -119.43323420039442,
              37.281494348497425
            ],
            [
              -119.43333721045263,
              37.2814974562977
            ],
            [
              -119.43333405043605,
              37.28156433450234
            ]
          ]
        ]
      }
    },
    {
      "id": "856",
      "type": "Feature",
      "properties": {
        "id": null,
        "SOURCE_FILE": "/Users/maples/GitHub/mortalitree_testing/labels/gwynethb_mortalitree_postfire_labels.geojson",
        "SUNETID": "gwynethb",
        "FIRENAME": "CREEK",
        "FIRE_SLUG": "CREEK",
        "PREFIRE": 0,
        "PREFIRE_STATUS": "postfire",
        "TILE_Z": 17,
        "TILE_X": 22051,
        "TILE_Y": 50888,
        "TILEXYZ": [
          17,
          22051,
          50888
        ],
        "OUTPUT_FILE": "/Users/maples/GitHub/mortalitree_testing/notebooks/single_tiles/postfire/17/22051/50888.geojson",
        "OUTPUT_STATUS_DIR": "postfire",
        "FEATURE_COUNT": 326
      },
      "geometry": {
        "type": "Polygon",
        "coordinates": [
          [
            [
              -119.43344726309064,
              37.281624419935625
            ],
            [
              -119.43331850028856,
              37.28162053527981
            ],
            [
              -119.43332238956314,
              37.281538223645335
            ],
            [
              -119.43345115222553,
              37.28154210828965
            ],
            [
              -119.43344726309064,
              37.281624419935625
            ]
          ]
        ]
      }
    },
    {
      "id": "857",
      "type": "Feature",
      "properties": {
        "id": null,
        "SOURCE_FILE": "/Users/maples/GitHub/mortalitree_testing/labels/gwynethb_mortalitree_postfire_labels.geojson",
        "SUNETID": "gwynethb",
        "FIRENAME": "CREEK",
        "FIRE_SLUG": "CREEK",
        "PREFIRE": 0,
        "PREFIRE_STATUS": "postfire",
        "TILE_Z": 17,
        "TILE_X": 22051,
        "TILE_Y": 50888,
        "TILEXYZ": [
          17,
          22051,
          50888
        ],
        "OUTPUT_FILE": "/Users/maples/GitHub/mortalitree_testing/notebooks/single_tiles/postfire/17/22051/50888.geojson",
        "OUTPUT_STATUS_DIR": "postfire",
        "FEATURE_COUNT": 326
      },
      "geometry": {
        "type": "Polygon",
        "coordinates": [
          [
            [
              -119.43350538708447,
              37.28169057107484
            ],
            [
              -119.43338950045273,
              37.28168707494252
            ],
            [
              -119.4333941188838,
              37.28158932986996
            ],
            [
              -119.43351000536627,
              37.28159282598998
            ],
            [
              -119.43350538708447,
              37.28169057107484
            ]
          ]
        ]
      }
    },
    {
      "id": "858",
      "type": "Feature",
      "properties": {
        "id": null,
        "SOURCE_FILE": "/Users/maples/GitHub/mortalitree_testing/labels/gwynethb_mortalitree_postfire_labels.geojson",
        "SUNETID": "gwynethb",
        "FIRENAME": "CREEK",
        "FIRE_SLUG": "CREEK",
        "PREFIRE": 0,
        "PREFIRE_STATUS": "postfire",
        "TILE_Z": 17,
        "TILE_X": 22051,
        "TILE_Y": 50888,
        "TILEXYZ": [
          17,
          22051,
          50888
        ],
        "OUTPUT_FILE": "/Users/maples/GitHub/mortalitree_testing/notebooks/single_tiles/postfire/17/22051/50888.geojson",
        "OUTPUT_STATUS_DIR": "postfire",
        "FEATURE_COUNT": 326
      },
      "geometry": {
        "type": "Polygon",
        "coordinates": [
          [
            [
              -119.43339338630257,
              37.281741286188335
            ],
            [
              -119.43328393775646,
              37.2817379841812
            ],
            [
              -119.43328831325016,
              37.281645383597635
            ],
            [
              -119.43339776166269,
              37.28164868559377
            ],
            [
              -119.43339338630257,
              37.281741286188335
            ]
          ]
        ]
      }
    },
    {
      "id": "859",
      "type": "Feature",
      "properties": {
        "id": null,
        "SOURCE_FILE": "/Users/maples/GitHub/mortalitree_testing/labels/gwynethb_mortalitree_postfire_labels.geojson",
        "SUNETID": "gwynethb",
        "FIRENAME": "CREEK",
        "FIRE_SLUG": "CREEK",
        "PREFIRE": 0,
        "PREFIRE_STATUS": "postfire",
        "TILE_Z": 17,
        "TILE_X": 22051,
        "TILE_Y": 50888,
        "TILEXYZ": [
          17,
          22051,
          50888
        ],
        "OUTPUT_FILE": "/Users/maples/GitHub/mortalitree_testing/notebooks/single_tiles/postfire/17/22051/50888.geojson",
        "OUTPUT_STATUS_DIR": "postfire",
        "FEATURE_COUNT": 326
      },
      "geometry": {
        "type": "Polygon",
        "coordinates": [
          [
            [
              -119.43332001429998,
              37.28179316661547
            ],
            [
              -119.43322988014721,
              37.28179044726373
            ],
            [
              -119.43323352645547,
              37.281713280116136
            ],
            [
              -119.43332366051656,
              37.281715999460324
            ],
            [
              -119.43332001429998,
              37.28179316661547
            ]
          ]
        ]
      }
    },
    {
      "id": "860",
      "type": "Feature",
      "properties": {
        "id": null,
        "SOURCE_FILE": "/Users/maples/GitHub/mortalitree_testing/labels/gwynethb_mortalitree_postfire_labels.geojson",
        "SUNETID": "gwynethb",
        "FIRENAME": "CREEK",
        "FIRE_SLUG": "CREEK",
        "PREFIRE": 0,
        "PREFIRE_STATUS": "postfire",
        "TILE_Z": 17,
        "TILE_X": 22051,
        "TILE_Y": 50888,
        "TILEXYZ": [
          17,
          22051,
          50888
        ],
        "OUTPUT_FILE": "/Users/maples/GitHub/mortalitree_testing/notebooks/single_tiles/postfire/17/22051/50888.geojson",
        "OUTPUT_STATUS_DIR": "postfire",
        "FEATURE_COUNT": 326
      },
      "geometry": {
        "type": "Polygon",
        "coordinates": [
          [
            [
              -119.43331333657387,
              37.28166159397815
            ],
            [
              -119.43322320257869,
              37.28165887462948
            ],
            [
              -119.43322636270418,
              37.28159199643397
            ],
            [
              -119.43331649661994,
              37.2815947157761
            ],
            [
              -119.43331333657387,
              37.28166159397815
            ]
          ]
        ]
      }
    },
    {
      "id": "861",
      "type": "Feature",
      "properties": {
        "id": null,
        "SOURCE_FILE": "/Users/maples/GitHub/mortalitree_testing/labels/gwynethb_mortalitree_postfire_labels.geojson",
        "SUNETID": "gwynethb",
        "FIRENAME": "CREEK",
        "FIRE_SLUG": "CREEK",
        "PREFIRE": 0,
        "PREFIRE_STATUS": "postfire",
        "TILE_Z": 17,
        "TILE_X": 22051,
        "TILE_Y": 50888,
        "TILEXYZ": [
          17,
          22051,
          50888
        ],
        "OUTPUT_FILE": "/Users/maples/GitHub/mortalitree_testing/notebooks/single_tiles/postfire/17/22051/50888.geojson",
        "OUTPUT_STATUS_DIR": "postfire",
        "FEATURE_COUNT": 326
      },
      "geometry": {
        "type": "Polygon",
        "coordinates": [
          [
            [
              -119.43323207158312,
              37.28160762410488
            ],
            [
              -119.43312906138657,
              37.281604516205334
            ],
            [
              -119.43313197849703,
              37.28154278249222
            ],
            [
              -119.43323498860977,
              37.28154589038487
            ],
            [
              -119.43323207158312,
              37.28160762410488
            ]
          ]
        ]
      }
    },
    {
      "id": "862",
      "type": "Feature",
      "properties": {
        "id": null,
        "SOURCE_FILE": "/Users/maples/GitHub/mortalitree_testing/labels/gwynethb_mortalitree_postfire_labels.geojson",
        "SUNETID": "gwynethb",
        "FIRENAME": "CREEK",
        "FIRE_SLUG": "CREEK",
        "PREFIRE": 0,
        "PREFIRE_STATUS": "postfire",
        "TILE_Z": 17,
        "TILE_X": 22051,
        "TILE_Y": 50888,
        "TILEXYZ": [
          17,
          22051,
          50888
        ],
        "OUTPUT_FILE": "/Users/maples/GitHub/mortalitree_testing/notebooks/single_tiles/postfire/17/22051/50888.geojson",
        "OUTPUT_STATUS_DIR": "postfire",
        "FEATURE_COUNT": 326
      },
      "geometry": {
        "type": "Polygon",
        "coordinates": [
          [
            [
              -119.4332270883087,
              37.28171308587465
            ],
            [
              -119.43313051611474,
              37.28171017221038
            ],
            [
              -119.43313489179201,
              37.281617571641895
            ],
            [
              -119.43323146386813,
              37.28162048529645
            ],
            [
              -119.4332270883087,
              37.28171308587465
            ]
          ]
        ]
      }
    },
    {
      "id": "863",
      "type": "Feature",
      "properties": {
        "id": null,
        "SOURCE_FILE": "/Users/maples/GitHub/mortalitree_testing/labels/gwynethb_mortalitree_postfire_labels.geojson",
        "SUNETID": "gwynethb",
        "FIRENAME": "CREEK",
        "FIRE_SLUG": "CREEK",
        "PREFIRE": 0,
        "PREFIRE_STATUS": "postfire",
        "TILE_Z": 17,
        "TILE_X": 22051,
        "TILE_Y": 50888,
        "TILEXYZ": [
          17,
          22051,
          50888
        ],
        "OUTPUT_FILE": "/Users/maples/GitHub/mortalitree_testing/notebooks/single_tiles/postfire/17/22051/50888.geojson",
        "OUTPUT_STATUS_DIR": "postfire",
        "FEATURE_COUNT": 326
      },
      "geometry": {
        "type": "Polygon",
        "coordinates": [
          [
            [
              -119.43309783919455,
              37.28171948992306
            ],
            [
              -119.43297551442478,
              37.28171579913428
            ],
            [
              -119.43298013339603,
              37.28161805410634
            ],
            [
              -119.43310245800825,
              37.28162174488214
            ],
            [
              -119.43309783919455,
              37.28171948992306
            ]
          ]
        ]
      }
    },
    {
      "id": "864",
      "type": "Feature",
      "properties": {
        "id": null,
        "SOURCE_FILE": "/Users/maples/GitHub/mortalitree_testing/labels/gwynethb_mortalitree_postfire_labels.geojson",
        "SUNETID": "gwynethb",
        "FIRENAME": "CREEK",
        "FIRE_SLUG": "CREEK",
        "PREFIRE": 0,
        "PREFIRE_STATUS": "postfire",
        "TILE_Z": 17,
        "TILE_X": 22051,
        "TILE_Y": 50888,
        "TILEXYZ": [
          17,
          22051,
          50888
        ],
        "OUTPUT_FILE": "/Users/maples/GitHub/mortalitree_testing/notebooks/single_tiles/postfire/17/22051/50888.geojson",
        "OUTPUT_STATUS_DIR": "postfire",
        "FEATURE_COUNT": 326
      },
      "geometry": {
        "type": "Polygon",
        "coordinates": [
          [
            [
              -119.43310840995734,
              37.281632228081854
            ],
            [
              -119.43301827601731,
              37.28162950857896
            ],
            [
              -119.43302240871976,
              37.28154205249604
            ],
            [
              -119.4331125425559,
              37.28154477199039
            ],
            [
              -119.43310840995734,
              37.281632228081854
            ]
          ]
        ]
      }
    },
    {
      "id": "865",
      "type": "Feature",
      "properties": {
        "id": null,
        "SOURCE_FILE": "/Users/maples/GitHub/mortalitree_testing/labels/gwynethb_mortalitree_postfire_labels.geojson",
        "SUNETID": "gwynethb",
        "FIRENAME": "CREEK",
        "FIRE_SLUG": "CREEK",
        "PREFIRE": 0,
        "PREFIRE_STATUS": "postfire",
        "TILE_Z": 17,
        "TILE_X": 22051,
        "TILE_Y": 50888,
        "TILEXYZ": [
          17,
          22051,
          50888
        ],
        "OUTPUT_FILE": "/Users/maples/GitHub/mortalitree_testing/notebooks/single_tiles/postfire/17/22051/50888.geojson",
        "OUTPUT_STATUS_DIR": "postfire",
        "FEATURE_COUNT": 326
      },
      "geometry": {
        "type": "Polygon",
        "coordinates": [
          [
            [
              -119.43308362192923,
              37.281883918895076
            ],
            [
              -119.43296129689521,
              37.28188022807779
            ],
            [
              -119.43296445727775,
              37.2818133499039
            ],
            [
              -119.43308678220396,
              37.281817040712305
            ],
            [
              -119.43308362192923,
              37.281883918895076
            ]
          ]
        ]
      }
    },
    {
      "id": "866",
      "type": "Feature",
      "properties": {
        "id": null,
        "SOURCE_FILE": "/Users/maples/GitHub/mortalitree_testing/labels/gwynethb_mortalitree_postfire_labels.geojson",
        "SUNETID": "gwynethb",
        "FIRENAME": "CREEK",
        "FIRE_SLUG": "CREEK",
        "PREFIRE": 0,
        "PREFIRE_STATUS": "postfire",
        "TILE_Z": 17,
        "TILE_X": 22051,
        "TILE_Y": 50888,
        "TILEXYZ": [
          17,
          22051,
          50888
        ],
        "OUTPUT_FILE": "/Users/maples/GitHub/mortalitree_testing/notebooks/single_tiles/postfire/17/22051/50888.geojson",
        "OUTPUT_STATUS_DIR": "postfire",
        "FEATURE_COUNT": 326
      },
      "geometry": {
        "type": "Polygon",
        "coordinates": [
          [
            [
              -119.43304541638474,
              37.28194201197985
            ],
            [
              -119.4329230912618,
              37.28193832111821
            ],
            [
              -119.43292625168479,
              37.28187144294775
            ],
            [
              -119.43304857669989,
              37.28187513380051
            ],
            [
              -119.43304541638474,
              37.28194201197985
            ]
          ]
        ]
      }
    },
    {
      "id": "867",
      "type": "Feature",
      "properties": {
        "id": null,
        "SOURCE_FILE": "/Users/maples/GitHub/mortalitree_testing/labels/gwynethb_mortalitree_postfire_labels.geojson",
        "SUNETID": "gwynethb",
        "FIRENAME": "CREEK",
        "FIRE_SLUG": "CREEK",
        "PREFIRE": 0,
        "PREFIRE_STATUS": "postfire",
        "TILE_Z": 17,
        "TILE_X": 22051,
        "TILE_Y": 50888,
        "TILEXYZ": [
          17,
          22051,
          50888
        ],
        "OUTPUT_FILE": "/Users/maples/GitHub/mortalitree_testing/notebooks/single_tiles/postfire/17/22051/50888.geojson",
        "OUTPUT_STATUS_DIR": "postfire",
        "FEATURE_COUNT": 326
      },
      "geometry": {
        "type": "Polygon",
        "coordinates": [
          [
            [
              -119.43243962129547,
              37.281936611875956
            ],
            [
              -119.432373046875,
              37.28193460281358
            ],
            [
              -119.432373046875,
              37.28185732567605
            ],
            [
              -119.43244326842985,
              37.281859444796794
            ],
            [
              -119.43243962129547,
              37.281936611875956
            ]
          ]
        ]
      }
    },
    {
      "id": "868",
      "type": "Feature",
      "properties": {
        "id": null,
        "SOURCE_FILE": "/Users/maples/GitHub/mortalitree_testing/labels/gwynethb_mortalitree_postfire_labels.geojson",
        "SUNETID": "gwynethb",
        "FIRENAME": "CREEK",
        "FIRE_SLUG": "CREEK",
        "PREFIRE": 0,
        "PREFIRE_STATUS": "postfire",
        "TILE_Z": 17,
        "TILE_X": 22051,
        "TILE_Y": 50888,
        "TILEXYZ": [
          17,
          22051,
          50888
        ],
        "OUTPUT_FILE": "/Users/maples/GitHub/mortalitree_testing/notebooks/single_tiles/postfire/17/22051/50888.geojson",
        "OUTPUT_STATUS_DIR": "postfire",
        "FEATURE_COUNT": 326
      },
      "geometry": {
        "type": "Polygon",
        "coordinates": [
          [
            [
              -119.43454344888443,
              37.28162142248111
            ],
            [
              -119.43442756222751,
              37.28161792737056
            ],
            [
              -119.43443193630107,
              37.28152532666963
            ],
            [
              -119.43454782281655,
              37.281528821768546
            ],
            [
              -119.43454344888443,
              37.28162142248111
            ]
          ]
        ]
      }
    },
    {
      "id": "869",
      "type": "Feature",
      "properties": {
        "id": null,
        "SOURCE_FILE": "/Users/maples/GitHub/mortalitree_testing/labels/gwynethb_mortalitree_postfire_labels.geojson",
        "SUNETID": "gwynethb",
        "FIRENAME": "CREEK",
        "FIRE_SLUG": "CREEK",
        "PREFIRE": 0,
        "PREFIRE_STATUS": "postfire",
        "TILE_Z": 17,
        "TILE_X": 22051,
        "TILE_Y": 50888,
        "TILEXYZ": [
          17,
          22051,
          50888
        ],
        "OUTPUT_FILE": "/Users/maples/GitHub/mortalitree_testing/notebooks/single_tiles/postfire/17/22051/50888.geojson",
        "OUTPUT_STATUS_DIR": "postfire",
        "FEATURE_COUNT": 326
      },
      "geometry": {
        "type": "Polygon",
        "coordinates": [
          [
            [
              -119.43460218252336,
              37.28153818891915
            ],
            [
              -119.43447985784631,
              37.28153449970015
            ],
            [
              -119.43448447484182,
              37.28143675450884
            ],
            [
              -119.43460679936129,
              37.28144044371485
            ],
            [
              -119.43460218252336,
              37.28153818891915
            ]
          ]
        ]
      }
    },
    {
      "id": "870",
      "type": "Feature",
      "properties": {
        "id": null,
        "SOURCE_FILE": "/Users/maples/GitHub/mortalitree_testing/labels/gwynethb_mortalitree_postfire_labels.geojson",
        "SUNETID": "gwynethb",
        "FIRENAME": "CREEK",
        "FIRE_SLUG": "CREEK",
        "PREFIRE": 0,
        "PREFIRE_STATUS": "postfire",
        "TILE_Z": 17,
        "TILE_X": 22051,
        "TILE_Y": 50888,
        "TILEXYZ": [
          17,
          22051,
          50888
        ],
        "OUTPUT_FILE": "/Users/maples/GitHub/mortalitree_testing/notebooks/single_tiles/postfire/17/22051/50888.geojson",
        "OUTPUT_STATUS_DIR": "postfire",
        "FEATURE_COUNT": 326
      },
      "geometry": {
        "type": "Polygon",
        "coordinates": [
          [
            [
              -119.43428118245252,
              37.28185049579094
            ],
            [
              -119.4341652954775,
              37.28184700040541
            ],
            [
              -119.43416869781456,
              37.28177497766157
            ],
            [
              -119.43428458467955,
              37.281778473038045
            ],
            [
              -119.43428118245252,
              37.28185049579094
            ]
          ]
        ]
      }
    },
    {
      "id": "871",
      "type": "Feature",
      "properties": {
        "id": null,
        "SOURCE_FILE": "/Users/maples/GitHub/mortalitree_testing/labels/gwynethb_mortalitree_postfire_labels.geojson",
        "SUNETID": "gwynethb",
        "FIRENAME": "CREEK",
        "FIRE_SLUG": "CREEK",
        "PREFIRE": 0,
        "PREFIRE_STATUS": "postfire",
        "TILE_Z": 17,
        "TILE_X": 22051,
        "TILE_Y": 50888,
        "TILEXYZ": [
          17,
          22051,
          50888
        ],
        "OUTPUT_FILE": "/Users/maples/GitHub/mortalitree_testing/notebooks/single_tiles/postfire/17/22051/50888.geojson",
        "OUTPUT_STATUS_DIR": "postfire",
        "FEATURE_COUNT": 326
      },
      "geometry": {
        "type": "Polygon",
        "coordinates": [
          [
            [
              -119.43416918188612,
              37.28190121165396
            ],
            [
              -119.43405973301579,
              37.28189791035212
            ],
            [
              -119.4340643506153,
              37.28180016521159
            ],
            [
              -119.43417379934462,
              37.28180346650182
            ],
            [
              -119.43416918188612,
              37.28190121165396
            ]
          ]
        ]
      }
    },
    {
      "id": "872",
      "type": "Feature",
      "properties": {
        "id": null,
        "SOURCE_FILE": "/Users/maples/GitHub/mortalitree_testing/labels/gwynethb_mortalitree_postfire_labels.geojson",
        "SUNETID": "gwynethb",
        "FIRENAME": "CREEK",
        "FIRE_SLUG": "CREEK",
        "PREFIRE": 0,
        "PREFIRE_STATUS": "postfire",
        "TILE_Z": 17,
        "TILE_X": 22051,
        "TILE_Y": 50888,
        "TILEXYZ": [
          17,
          22051,
          50888
        ],
        "OUTPUT_FILE": "/Users/maples/GitHub/mortalitree_testing/notebooks/single_tiles/postfire/17/22051/50888.geojson",
        "OUTPUT_STATUS_DIR": "postfire",
        "FEATURE_COUNT": 326
      },
      "geometry": {
        "type": "Polygon",
        "coordinates": [
          [
            [
              -119.4343651847886,
              37.28164180509813
            ],
            [
              -119.43422998368064,
              37.28163772725266
            ],
            [
              -119.43423289989536,
              37.28157599346577
            ],
            [
              -119.43436810089332,
              37.28158007130219
            ],
            [
              -119.4343651847886,
              37.28164180509813
            ]
          ]
        ]
      }
    },
    {
      "id": "873",
      "type": "Feature",
      "properties": {
        "id": null,
        "SOURCE_FILE": "/Users/maples/GitHub/mortalitree_testing/labels/gwynethb_mortalitree_postfire_labels.geojson",
        "SUNETID": "gwynethb",
        "FIRENAME": "CREEK",
        "FIRE_SLUG": "CREEK",
        "PREFIRE": 0,
        "PREFIRE_STATUS": "postfire",
        "TILE_Z": 17,
        "TILE_X": 22051,
        "TILE_Y": 50888,
        "TILEXYZ": [
          17,
          22051,
          50888
        ],
        "OUTPUT_FILE": "/Users/maples/GitHub/mortalitree_testing/notebooks/single_tiles/postfire/17/22051/50888.geojson",
        "OUTPUT_STATUS_DIR": "postfire",
        "FEATURE_COUNT": 326
      },
      "geometry": {
        "type": "Polygon",
        "coordinates": [
          [
            [
              -119.4341719786281,
              37.2817055271575
            ],
            [
              -119.43408828264799,
              37.281703002654865
            ],
            [
              -119.43409241412328,
              37.281615546471
            ],
            [
              -119.43417611000692,
              37.281618070965685
            ],
            [
              -119.4341719786281,
              37.2817055271575
            ]
          ]
        ]
      }
    },
    {
      "id": "874",
      "type": "Feature",
      "properties": {
        "id": null,
        "SOURCE_FILE": "/Users/maples/GitHub/mortalitree_testing/labels/gwynethb_mortalitree_postfire_labels.geojson",
        "SUNETID": "gwynethb",
        "FIRENAME": "CREEK",
        "FIRE_SLUG": "CREEK",
        "PREFIRE": 0,
        "PREFIRE_STATUS": "postfire",
        "TILE_Z": 17,
        "TILE_X": 22051,
        "TILE_Y": 50888,
        "TILEXYZ": [
          17,
          22051,
          50888
        ],
        "OUTPUT_FILE": "/Users/maples/GitHub/mortalitree_testing/notebooks/single_tiles/postfire/17/22051/50888.geojson",
        "OUTPUT_STATUS_DIR": "postfire",
        "FEATURE_COUNT": 326
      },
      "geometry": {
        "type": "Polygon",
        "coordinates": [
          [
            [
              -119.4343607490526,
              37.281803953398786
            ],
            [
              -119.43425773846165,
              37.281800846467554
            ],
            [
              -119.43426235578886,
              37.2817031013043
            ],
            [
              -119.4343653662471,
              37.28170620822461
            ],
            [
              -119.4343607490526,
              37.281803953398786
            ]
          ]
        ]
      }
    },
    {
      "id": "875",
      "type": "Feature",
      "properties": {
        "id": null,
        "SOURCE_FILE": "/Users/maples/GitHub/mortalitree_testing/labels/gwynethb_mortalitree_postfire_labels.geojson",
        "SUNETID": "gwynethb",
        "FIRENAME": "CREEK",
        "FIRE_SLUG": "CREEK",
        "PREFIRE": 0,
        "PREFIRE_STATUS": "postfire",
        "TILE_Z": 17,
        "TILE_X": 22051,
        "TILE_Y": 50888,
        "TILEXYZ": [
          17,
          22051,
          50888
        ],
        "OUTPUT_FILE": "/Users/maples/GitHub/mortalitree_testing/notebooks/single_tiles/postfire/17/22051/50888.geojson",
        "OUTPUT_STATUS_DIR": "postfire",
        "FEATURE_COUNT": 326
      },
      "geometry": {
        "type": "Polygon",
        "coordinates": [
          [
            [
              -119.43363608863562,
              37.281926345515714
            ],
            [
              -119.43350088712616,
              37.28192226681108
            ],
            [
              -119.4335052623832,
              37.2818296662085
            ],
            [
              -119.43364046372766,
              37.28183374489955
            ],
            [
              -119.43363608863562,
              37.281926345515714
            ]
          ]
        ]
      }
    },
    {
      "id": "876",
      "type": "Feature",
      "properties": {
        "id": null,
        "SOURCE_FILE": "/Users/maples/GitHub/mortalitree_testing/labels/gwynethb_mortalitree_postfire_labels.geojson",
        "SUNETID": "gwynethb",
        "FIRENAME": "CREEK",
        "FIRE_SLUG": "CREEK",
        "PREFIRE": 0,
        "PREFIRE_STATUS": "postfire",
        "TILE_Z": 17,
        "TILE_X": 22051,
        "TILE_Y": 50888,
        "TILEXYZ": [
          17,
          22051,
          50888
        ],
        "OUTPUT_FILE": "/Users/maples/GitHub/mortalitree_testing/notebooks/single_tiles/postfire/17/22051/50888.geojson",
        "OUTPUT_STATUS_DIR": "postfire",
        "FEATURE_COUNT": 326
      },
      "geometry": {
        "type": "Polygon",
        "coordinates": [
          [
            [
              -119.4334986498339,
              37.28149202310015
            ],
            [
              -119.43336344912164,
              37.28148794427886
            ],
            [
              -119.43336758140352,
              37.28140048816093
            ],
            [
              -119.43350278195996,
              37.28140456696939
            ],
            [
              -119.4334986498339,
              37.28149202310015
            ]
          ]
        ]
      }
    },
    {
      "id": "877",
      "type": "Feature",
      "properties": {
        "id": null,
        "SOURCE_FILE": "/Users/maples/GitHub/mortalitree_testing/labels/gwynethb_mortalitree_postfire_labels.geojson",
        "SUNETID": "gwynethb",
        "FIRENAME": "CREEK",
        "FIRE_SLUG": "CREEK",
        "PREFIRE": 0,
        "PREFIRE_STATUS": "postfire",
        "TILE_Z": 17,
        "TILE_X": 22051,
        "TILE_Y": 50888,
        "TILEXYZ": [
          17,
          22051,
          50888
        ],
        "OUTPUT_FILE": "/Users/maples/GitHub/mortalitree_testing/notebooks/single_tiles/postfire/17/22051/50888.geojson",
        "OUTPUT_STATUS_DIR": "postfire",
        "FEATURE_COUNT": 326
      },
      "geometry": {
        "type": "Polygon",
        "coordinates": [
          [
            [
              -119.43364485028432,
              37.28119505262849
            ],
            [
              -119.43349677387339,
              37.28119058555307
            ],
            [
              -119.43350017676673,
              37.28111856285376
            ],
            [
              -119.43364825303712,
              37.28112302991761
            ],
            [
              -119.43364485028432,
              37.28119505262849
            ]
          ]
        ]
      }
    },
    {
      "id": "878",
      "type": "Feature",
      "properties": {
        "id": null,
        "SOURCE_FILE": "/Users/maples/GitHub/mortalitree_testing/labels/gwynethb_mortalitree_postfire_labels.geojson",
        "SUNETID": "gwynethb",
        "FIRENAME": "CREEK",
        "FIRE_SLUG": "CREEK",
        "PREFIRE": 0,
        "PREFIRE_STATUS": "postfire",
        "TILE_Z": 17,
        "TILE_X": 22051,
        "TILE_Y": 50888,
        "TILEXYZ": [
          17,
          22051,
          50888
        ],
        "OUTPUT_FILE": "/Users/maples/GitHub/mortalitree_testing/notebooks/single_tiles/postfire/17/22051/50888.geojson",
        "OUTPUT_STATUS_DIR": "postfire",
        "FEATURE_COUNT": 326
      },
      "geometry": {
        "type": "Polygon",
        "coordinates": [
          [
            [
              -119.43360063132901,
              37.281312210339884
            ],
            [
              -119.4335426882947,
              37.281310462349545
            ],
            [
              -119.43354487585172,
              37.28126416204159
            ],
            [
              -119.43360281885069,
              37.28126591002901
            ],
            [
              -119.43360063132901,
              37.281312210339884
            ]
          ]
        ]
      }
    },
    {
      "id": "879",
      "type": "Feature",
      "properties": {
        "id": null,
        "SOURCE_FILE": "/Users/maples/GitHub/mortalitree_testing/labels/gwynethb_mortalitree_postfire_labels.geojson",
        "SUNETID": "gwynethb",
        "FIRENAME": "CREEK",
        "FIRE_SLUG": "CREEK",
        "PREFIRE": 0,
        "PREFIRE_STATUS": "postfire",
        "TILE_Z": 17,
        "TILE_X": 22051,
        "TILE_Y": 50888,
        "TILEXYZ": [
          17,
          22051,
          50888
        ],
        "OUTPUT_FILE": "/Users/maples/GitHub/mortalitree_testing/notebooks/single_tiles/postfire/17/22051/50888.geojson",
        "OUTPUT_STATUS_DIR": "postfire",
        "FEATURE_COUNT": 326
      },
      "geometry": {
        "type": "Polygon",
        "coordinates": [
          [
            [
              -119.43366974922442,
              37.281350358089426
            ],
            [
              -119.43359892991981,
              37.28134822169245
            ],
            [
              -119.43360160356151,
              37.28129163242401
            ],
            [
              -119.43367242281326,
              37.28129376881664
            ],
            [
              -119.43366974922442,
              37.281350358089426
            ]
          ]
        ]
      }
    },
    {
      "id": "880",
      "type": "Feature",
      "properties": {
        "id": null,
        "SOURCE_FILE": "/Users/maples/GitHub/mortalitree_testing/labels/gwynethb_mortalitree_postfire_labels.geojson",
        "SUNETID": "gwynethb",
        "FIRENAME": "CREEK",
        "FIRE_SLUG": "CREEK",
        "PREFIRE": 0,
        "PREFIRE_STATUS": "postfire",
        "TILE_Z": 17,
        "TILE_X": 22051,
        "TILE_Y": 50888,
        "TILEXYZ": [
          17,
          22051,
          50888
        ],
        "OUTPUT_FILE": "/Users/maples/GitHub/mortalitree_testing/notebooks/single_tiles/postfire/17/22051/50888.geojson",
        "OUTPUT_STATUS_DIR": "postfire",
        "FEATURE_COUNT": 326
      },
      "geometry": {
        "type": "Polygon",
        "coordinates": [
          [
            [
              -119.43412455513062,
              37.28077208891718
            ],
            [
              -119.43404469137303,
              37.28076967999559
            ],
            [
              -119.4340471740502,
              37.28071712492308
            ],
            [
              -119.43412703775248,
              37.28071953384011
            ],
            [
              -119.43412455513062,
              37.28077208891718
            ]
          ]
        ]
      }
    },
    {
      "id": "881",
      "type": "Feature",
      "properties": {
        "id": null,
        "SOURCE_FILE": "/Users/maples/GitHub/mortalitree_testing/labels/gwynethb_mortalitree_postfire_labels.geojson",
        "SUNETID": "gwynethb",
        "FIRENAME": "CREEK",
        "FIRE_SLUG": "CREEK",
        "PREFIRE": 0,
        "PREFIRE_STATUS": "postfire",
        "TILE_Z": 17,
        "TILE_X": 22051,
        "TILE_Y": 50888,
        "TILEXYZ": [
          17,
          22051,
          50888
        ],
        "OUTPUT_FILE": "/Users/maples/GitHub/mortalitree_testing/notebooks/single_tiles/postfire/17/22051/50888.geojson",
        "OUTPUT_STATUS_DIR": "postfire",
        "FEATURE_COUNT": 326
      },
      "geometry": {
        "type": "Polygon",
        "coordinates": [
          [
            [
              -119.43399221524496,
              37.28088463489596
            ],
            [
              -119.43385127901905,
              37.28088038365314
            ],
            [
              -119.43385500324905,
              37.28080155106224
            ],
            [
              -119.43399593932853,
              37.280805802293
            ],
            [
              -119.43399221524496,
              37.28088463489596
            ]
          ]
        ]
      }
    },
    {
      "id": "882",
      "type": "Feature",
      "properties": {
        "id": null,
        "SOURCE_FILE": "/Users/maples/GitHub/mortalitree_testing/labels/gwynethb_mortalitree_postfire_labels.geojson",
        "SUNETID": "gwynethb",
        "FIRENAME": "CREEK",
        "FIRE_SLUG": "CREEK",
        "PREFIRE": 0,
        "PREFIRE_STATUS": "postfire",
        "TILE_Z": 17,
        "TILE_X": 22051,
        "TILE_Y": 50888,
        "TILEXYZ": [
          17,
          22051,
          50888
        ],
        "OUTPUT_FILE": "/Users/maples/GitHub/mortalitree_testing/notebooks/single_tiles/postfire/17/22051/50888.geojson",
        "OUTPUT_STATUS_DIR": "postfire",
        "FEATURE_COUNT": 326
      },
      "geometry": {
        "type": "Polygon",
        "coordinates": [
          [
            [
              -119.43352632549397,
              37.28098711876007
            ],
            [
              -119.43341357641529,
              37.280983717327516
            ],
            [
              -119.43341907477749,
              37.28086734546473
            ],
            [
              -119.43353182368325,
              37.28087074688303
            ],
            [
              -119.43352632549397,
              37.28098711876007
            ]
          ]
        ]
      }
    },
    {
      "id": "883",
      "type": "Feature",
      "properties": {
        "id": null,
        "SOURCE_FILE": "/Users/maples/GitHub/mortalitree_testing/labels/gwynethb_mortalitree_postfire_labels.geojson",
        "SUNETID": "gwynethb",
        "FIRENAME": "CREEK",
        "FIRE_SLUG": "CREEK",
        "PREFIRE": 0,
        "PREFIRE_STATUS": "postfire",
        "TILE_Z": 17,
        "TILE_X": 22051,
        "TILE_Y": 50888,
        "TILEXYZ": [
          17,
          22051,
          50888
        ],
        "OUTPUT_FILE": "/Users/maples/GitHub/mortalitree_testing/notebooks/single_tiles/postfire/17/22051/50888.geojson",
        "OUTPUT_STATUS_DIR": "postfire",
        "FEATURE_COUNT": 326
      },
      "geometry": {
        "type": "Polygon",
        "coordinates": [
          [
            [
              -119.43330920197393,
              37.28105199480068
            ],
            [
              -119.4332293379916,
              37.281049585313646
            ],
            [
              -119.43323235338914,
              37.28098576849957
            ],
            [
              -119.43331221730429,
              37.28098817798107
            ],
            [
              -119.43330920197393,
              37.28105199480068
            ]
          ]
        ]
      }
    },
    {
      "id": "884",
      "type": "Feature",
      "properties": {
        "id": null,
        "SOURCE_FILE": "/Users/maples/GitHub/mortalitree_testing/labels/gwynethb_mortalitree_postfire_labels.geojson",
        "SUNETID": "gwynethb",
        "FIRENAME": "CREEK",
        "FIRE_SLUG": "CREEK",
        "PREFIRE": 0,
        "PREFIRE_STATUS": "postfire",
        "TILE_Z": 17,
        "TILE_X": 22051,
        "TILE_Y": 50888,
        "TILEXYZ": [
          17,
          22051,
          50888
        ],
        "OUTPUT_FILE": "/Users/maples/GitHub/mortalitree_testing/notebooks/single_tiles/postfire/17/22051/50888.geojson",
        "OUTPUT_STATUS_DIR": "postfire",
        "FEATURE_COUNT": 326
      },
      "geometry": {
        "type": "Polygon",
        "coordinates": [
          [
            [
              -119.43321768197771,
              37.2810473540077
            ],
            [
              -119.43309553708711,
              37.28104366879407
            ],
            [
              -119.43309926212734,
              37.28096483627033
            ],
            [
              -119.43322140689102,
              37.28096852147349
            ],
            [
              -119.43321768197771,
              37.2810473540077
            ]
          ]
        ]
      }
    },
    {
      "id": "885",
      "type": "Feature",
      "properties": {
        "id": null,
        "SOURCE_FILE": "/Users/maples/GitHub/mortalitree_testing/labels/gwynethb_mortalitree_postfire_labels.geojson",
        "SUNETID": "gwynethb",
        "FIRENAME": "CREEK",
        "FIRE_SLUG": "CREEK",
        "PREFIRE": 0,
        "PREFIRE_STATUS": "postfire",
        "TILE_Z": 17,
        "TILE_X": 22051,
        "TILE_Y": 50888,
        "TILEXYZ": [
          17,
          22051,
          50888
        ],
        "OUTPUT_FILE": "/Users/maples/GitHub/mortalitree_testing/notebooks/single_tiles/postfire/17/22051/50888.geojson",
        "OUTPUT_STATUS_DIR": "postfire",
        "FEATURE_COUNT": 326
      },
      "geometry": {
        "type": "Polygon",
        "coordinates": [
          [
            [
              -119.43325109669661,
              37.28113670525594
            ],
            [
              -119.4331148580002,
              37.281132594847364
            ],
            [
              -119.43311929256046,
              37.2810387466041
            ],
            [
              -119.43325553108838,
              37.2810428569988
            ],
            [
              -119.43325109669661,
              37.28113670525594
            ]
          ]
        ]
      }
    },
    {
      "id": "886",
      "type": "Feature",
      "properties": {
        "id": null,
        "SOURCE_FILE": "/Users/maples/GitHub/mortalitree_testing/labels/gwynethb_mortalitree_postfire_labels.geojson",
        "SUNETID": "gwynethb",
        "FIRENAME": "CREEK",
        "FIRE_SLUG": "CREEK",
        "PREFIRE": 0,
        "PREFIRE_STATUS": "postfire",
        "TILE_Z": 17,
        "TILE_X": 22051,
        "TILE_Y": 50888,
        "TILEXYZ": [
          17,
          22051,
          50888
        ],
        "OUTPUT_FILE": "/Users/maples/GitHub/mortalitree_testing/notebooks/single_tiles/postfire/17/22051/50888.geojson",
        "OUTPUT_STATUS_DIR": "postfire",
        "FEATURE_COUNT": 326
      },
      "geometry": {
        "type": "Polygon",
        "coordinates": [
          [
            [
              -119.43336437809486,
              37.28112884506296
            ],
            [
              -119.43325632671058,
              37.28112558520056
            ],
            [
              -119.4332600515941,
              37.2810467526641
            ],
            [
              -119.43336810286614,
              37.28105001251725
            ],
            [
              -119.43336437809486,
              37.28112884506296
            ]
          ]
        ]
      }
    },
    {
      "id": "887",
      "type": "Feature",
      "properties": {
        "id": null,
        "SOURCE_FILE": "/Users/maples/GitHub/mortalitree_testing/labels/gwynethb_mortalitree_postfire_labels.geojson",
        "SUNETID": "gwynethb",
        "FIRENAME": "CREEK",
        "FIRE_SLUG": "CREEK",
        "PREFIRE": 0,
        "PREFIRE_STATUS": "postfire",
        "TILE_Z": 17,
        "TILE_X": 22051,
        "TILE_Y": 50888,
        "TILEXYZ": [
          17,
          22051,
          50888
        ],
        "OUTPUT_FILE": "/Users/maples/GitHub/mortalitree_testing/notebooks/single_tiles/postfire/17/22051/50888.geojson",
        "OUTPUT_STATUS_DIR": "postfire",
        "FEATURE_COUNT": 326
      },
      "geometry": {
        "type": "Polygon",
        "coordinates": [
          [
            [
              -119.43308906537108,
              37.28108106634891
            ],
            [
              -119.43300920137722,
              37.281078656711756
            ],
            [
              -119.43301328128618,
              37.28099231633718
            ],
            [
              -119.43309314518916,
              37.28099472596685
            ],
            [
              -119.43308906537108,
              37.28108106634891
            ]
          ]
        ]
      }
    },
    {
      "id": "888",
      "type": "Feature",
      "properties": {
        "id": null,
        "SOURCE_FILE": "/Users/maples/GitHub/mortalitree_testing/labels/gwynethb_mortalitree_postfire_labels.geojson",
        "SUNETID": "gwynethb",
        "FIRENAME": "CREEK",
        "FIRE_SLUG": "CREEK",
        "PREFIRE": 0,
        "PREFIRE_STATUS": "postfire",
        "TILE_Z": 17,
        "TILE_X": 22051,
        "TILE_Y": 50888,
        "TILEXYZ": [
          17,
          22051,
          50888
        ],
        "OUTPUT_FILE": "/Users/maples/GitHub/mortalitree_testing/notebooks/single_tiles/postfire/17/22051/50888.geojson",
        "OUTPUT_STATUS_DIR": "postfire",
        "FEATURE_COUNT": 326
      },
      "geometry": {
        "type": "Polygon",
        "coordinates": [
          [
            [
              -119.43252320486073,
              37.280710619763504
            ],
            [
              -119.43240106060685,
              37.28070693386152
            ],
            [
              -119.43240407666634,
              37.2806431171014
            ],
            [
              -119.43252622081751,
              37.28064680299493
            ],
            [
              -119.43252320486073,
              37.280710619763504
            ]
          ]
        ]
      }
    },
    {
      "id": "889",
      "type": "Feature",
      "properties": {
        "id": null,
        "SOURCE_FILE": "/Users/maples/GitHub/mortalitree_testing/labels/gwynethb_mortalitree_postfire_labels.geojson",
        "SUNETID": "gwynethb",
        "FIRENAME": "CREEK",
        "FIRE_SLUG": "CREEK",
        "PREFIRE": 0,
        "PREFIRE_STATUS": "postfire",
        "TILE_Z": 17,
        "TILE_X": 22051,
        "TILE_Y": 50888,
        "TILEXYZ": [
          17,
          22051,
          50888
        ],
        "OUTPUT_FILE": "/Users/maples/GitHub/mortalitree_testing/notebooks/single_tiles/postfire/17/22051/50888.geojson",
        "OUTPUT_STATUS_DIR": "postfire",
        "FEATURE_COUNT": 326
      },
      "geometry": {
        "type": "Polygon",
        "coordinates": [
          [
            [
              -119.43401291541223,
              37.28069541551346
            ],
            [
              -119.43393774960788,
              37.2806931482277
            ],
            [
              -119.43394094170695,
              37.28062557742708
            ],
            [
              -119.43401610744438,
              37.28062784470733
            ],
            [
              -119.43401291541223,
              37.28069541551346
            ]
          ]
        ]
      }
    },
    {
      "id": "890",
      "type": "Feature",
      "properties": {
        "id": null,
        "SOURCE_FILE": "/Users/maples/GitHub/mortalitree_testing/labels/gwynethb_mortalitree_postfire_labels.geojson",
        "SUNETID": "gwynethb",
        "FIRENAME": "CREEK",
        "FIRE_SLUG": "CREEK",
        "PREFIRE": 0,
        "PREFIRE_STATUS": "postfire",
        "TILE_Z": 17,
        "TILE_X": 22051,
        "TILE_Y": 50888,
        "TILEXYZ": [
          17,
          22051,
          50888
        ],
        "OUTPUT_FILE": "/Users/maples/GitHub/mortalitree_testing/notebooks/single_tiles/postfire/17/22051/50888.geojson",
        "OUTPUT_STATUS_DIR": "postfire",
        "FEATURE_COUNT": 326
      },
      "geometry": {
        "type": "Polygon",
        "coordinates": [
          [
            [
              -119.43333832168801,
              37.28098332661165
            ],
            [
              -119.4332302705148,
              37.28098006673626
            ],
            [
              -119.43323399540591,
              37.28090123420009
            ],
            [
              -119.43334204646685,
              37.280904494066235
            ],
            [
              -119.43333832168801,
              37.28098332661165
            ]
          ]
        ]
      }
    },
    {
      "id": "891",
      "type": "Feature",
      "properties": {
        "id": null,
        "SOURCE_FILE": "/Users/maples/GitHub/mortalitree_testing/labels/gwynethb_mortalitree_postfire_labels.geojson",
        "SUNETID": "gwynethb",
        "FIRENAME": "CREEK",
        "FIRE_SLUG": "CREEK",
        "PREFIRE": 0,
        "PREFIRE_STATUS": "postfire",
        "TILE_Z": 17,
        "TILE_X": 22051,
        "TILE_Y": 50888,
        "TILEXYZ": [
          17,
          22051,
          50888
        ],
        "OUTPUT_FILE": "/Users/maples/GitHub/mortalitree_testing/notebooks/single_tiles/postfire/17/22051/50888.geojson",
        "OUTPUT_STATUS_DIR": "postfire",
        "FEATURE_COUNT": 326
      },
      "geometry": {
        "type": "Polygon",
        "coordinates": [
          [
            [
              -119.43345018851387,
              37.28080625596378
            ],
            [
              -119.4333186482496,
              37.28080228754712
            ],
            [
              -119.43332166354477,
              37.28073847072416
            ],
            [
              -119.43345320369838,
              37.28074243913171
            ],
            [
              -119.43345018851387,
              37.28080625596378
            ]
          ]
        ]
      }
    },
    {
      "id": "892",
      "type": "Feature",
      "properties": {
        "id": null,
        "SOURCE_FILE": "/Users/maples/GitHub/mortalitree_testing/labels/gwynethb_mortalitree_postfire_labels.geojson",
        "SUNETID": "gwynethb",
        "FIRENAME": "CREEK",
        "FIRE_SLUG": "CREEK",
        "PREFIRE": 0,
        "PREFIRE_STATUS": "postfire",
        "TILE_Z": 17,
        "TILE_X": 22051,
        "TILE_Y": 50888,
        "TILEXYZ": [
          17,
          22051,
          50888
        ],
        "OUTPUT_FILE": "/Users/maples/GitHub/mortalitree_testing/notebooks/single_tiles/postfire/17/22051/50888.geojson",
        "OUTPUT_STATUS_DIR": "postfire",
        "FEATURE_COUNT": 326
      },
      "geometry": {
        "type": "Polygon",
        "coordinates": [
          [
            [
              -119.43281633466404,
              37.280679992462936
            ],
            [
              -119.43271767969645,
              37.2806770156444
            ],
            [
              -119.43272087288442,
              37.280609444933525
            ],
            [
              -119.43281952776415,
              37.280612421744834
            ],
            [
              -119.43281633466404,
              37.280679992462936
            ]
          ]
        ]
      }
    },
    {
      "id": "893",
      "type": "Feature",
      "properties": {
        "id": null,
        "SOURCE_FILE": "/Users/maples/GitHub/mortalitree_testing/labels/gwynethb_mortalitree_postfire_labels.geojson",
        "SUNETID": "gwynethb",
        "FIRENAME": "CREEK",
        "FIRE_SLUG": "CREEK",
        "PREFIRE": 0,
        "PREFIRE_STATUS": "postfire",
        "TILE_Z": 17,
        "TILE_X": 22051,
        "TILE_Y": 50888,
        "TILEXYZ": [
          17,
          22051,
          50888
        ],
        "OUTPUT_FILE": "/Users/maples/GitHub/mortalitree_testing/notebooks/single_tiles/postfire/17/22051/50888.geojson",
        "OUTPUT_STATUS_DIR": "postfire",
        "FEATURE_COUNT": 326
      },
      "geometry": {
        "type": "Polygon",
        "coordinates": [
          [
            [
              -119.43291193115762,
              37.280697914042314
            ],
            [
              -119.43281797401323,
              37.28069507905361
            ],
            [
              -119.43282045753666,
              37.280642524050755
            ],
            [
              -119.43291441461598,
              37.2806453590341
            ],
            [
              -119.43291193115762,
              37.280697914042314
            ]
          ]
        ]
      }
    },
    {
      "id": "894",
      "type": "Feature",
      "properties": {
        "id": null,
        "SOURCE_FILE": "/Users/maples/GitHub/mortalitree_testing/labels/gwynethb_mortalitree_postfire_labels.geojson",
        "SUNETID": "gwynethb",
        "FIRENAME": "CREEK",
        "FIRE_SLUG": "CREEK",
        "PREFIRE": 0,
        "PREFIRE_STATUS": "postfire",
        "TILE_Z": 17,
        "TILE_X": 22051,
        "TILE_Y": 50888,
        "TILEXYZ": [
          17,
          22051,
          50888
        ],
        "OUTPUT_FILE": "/Users/maples/GitHub/mortalitree_testing/notebooks/single_tiles/postfire/17/22051/50888.geojson",
        "OUTPUT_STATUS_DIR": "postfire",
        "FEATURE_COUNT": 326
      },
      "geometry": {
        "type": "Polygon",
        "coordinates": [
          [
            [
              -119.43304781427356,
              37.28070953250316
            ],
            [
              -119.43296795067586,
              37.280707122858544
            ],
            [
              -119.43297025670914,
              37.2806583217766
            ],
            [
              -119.43305012025547,
              37.28066073141698
            ],
            [
              -119.43304781427356,
              37.28070953250316
            ]
          ]
        ]
      }
    },
    {
      "id": "895",
      "type": "Feature",
      "properties": {
        "id": null,
        "SOURCE_FILE": "/Users/maples/GitHub/mortalitree_testing/labels/gwynethb_mortalitree_postfire_labels.geojson",
        "SUNETID": "gwynethb",
        "FIRENAME": "CREEK",
        "FIRE_SLUG": "CREEK",
        "PREFIRE": 0,
        "PREFIRE_STATUS": "postfire",
        "TILE_Z": 17,
        "TILE_X": 22051,
        "TILE_Y": 50888,
        "TILEXYZ": [
          17,
          22051,
          50888
        ],
        "OUTPUT_FILE": "/Users/maples/GitHub/mortalitree_testing/notebooks/single_tiles/postfire/17/22051/50888.geojson",
        "OUTPUT_STATUS_DIR": "postfire",
        "FEATURE_COUNT": 326
      },
      "geometry": {
        "type": "Polygon",
        "coordinates": [
          [
            [
              -119.43296883761239,
              37.28068835321171
            ],
            [
              -119.43290776547099,
              37.28068651050728
            ],
            [
              -119.43291042632099,
              37.280630201570034
            ],
            [
              -119.43297149841707,
              37.28063204427072
            ],
            [
              -119.43296883761239,
              37.28068835321171
            ]
          ]
        ]
      }
    },
    {
      "id": "896",
      "type": "Feature",
      "properties": {
        "id": null,
        "SOURCE_FILE": "/Users/maples/GitHub/mortalitree_testing/labels/gwynethb_mortalitree_postfire_labels.geojson",
        "SUNETID": "gwynethb",
        "FIRENAME": "CREEK",
        "FIRE_SLUG": "CREEK",
        "PREFIRE": 0,
        "PREFIRE_STATUS": "postfire",
        "TILE_Z": 17,
        "TILE_X": 22051,
        "TILE_Y": 50888,
        "TILEXYZ": [
          17,
          22051,
          50888
        ],
        "OUTPUT_FILE": "/Users/maples/GitHub/mortalitree_testing/notebooks/single_tiles/postfire/17/22051/50888.geojson",
        "OUTPUT_STATUS_DIR": "postfire",
        "FEATURE_COUNT": 326
      },
      "geometry": {
        "type": "Polygon",
        "coordinates": [
          [
            [
              -119.43300668369031,
              37.28078347714948
            ],
            [
              -119.4328610499422,
              37.2807790829933
            ],
            [
              -119.43286548476094,
              37.28068523477041
            ],
            [
              -119.43301111832895,
              37.28068962891175
            ],
            [
              -119.43300668369031,
              37.28078347714948
            ]
          ]
        ]
      }
    },
    {
      "id": "897",
      "type": "Feature",
      "properties": {
        "id": null,
        "SOURCE_FILE": "/Users/maples/GitHub/mortalitree_testing/labels/gwynethb_mortalitree_postfire_labels.geojson",
        "SUNETID": "gwynethb",
        "FIRENAME": "CREEK",
        "FIRE_SLUG": "CREEK",
        "PREFIRE": 0,
        "PREFIRE_STATUS": "postfire",
        "TILE_Z": 17,
        "TILE_X": 22051,
        "TILE_Y": 50888,
        "TILEXYZ": [
          17,
          22051,
          50888
        ],
        "OUTPUT_FILE": "/Users/maples/GitHub/mortalitree_testing/notebooks/single_tiles/postfire/17/22051/50888.geojson",
        "OUTPUT_STATUS_DIR": "postfire",
        "FEATURE_COUNT": 326
      },
      "geometry": {
        "type": "Polygon",
        "coordinates": [
          [
            [
              -119.43482941211674,
              37.28098882983934
            ],
            [
              -119.43468377768342,
              37.280984437905126
            ],
            [
              -119.43468732375584,
              37.28090935918032
            ],
            [
              -119.43483295804508,
              37.28091375110268
            ],
            [
              -119.43482941211674,
              37.28098882983934
            ]
          ]
        ]
      }
    },
    {
      "id": "898",
      "type": "Feature",
      "properties": {
        "id": null,
        "SOURCE_FILE": "/Users/maples/GitHub/mortalitree_testing/labels/gwynethb_mortalitree_postfire_labels.geojson",
        "SUNETID": "gwynethb",
        "FIRENAME": "CREEK",
        "FIRE_SLUG": "CREEK",
        "PREFIRE": 0,
        "PREFIRE_STATUS": "postfire",
        "TILE_Z": 17,
        "TILE_X": 22051,
        "TILE_Y": 50888,
        "TILEXYZ": [
          17,
          22051,
          50888
        ],
        "OUTPUT_FILE": "/Users/maples/GitHub/mortalitree_testing/notebooks/single_tiles/postfire/17/22051/50888.geojson",
        "OUTPUT_STATUS_DIR": "postfire",
        "FEATURE_COUNT": 326
      },
      "geometry": {
        "type": "Polygon",
        "coordinates": [
          [
            [
              -119.43499432579992,
              37.28093365442715
            ],
            [
              -119.4349191596782,
              37.28093138775228
            ],
            [
              -119.4349219963447,
              37.28087132475659
            ],
            [
              -119.43499716240692,
              37.28087359142656
            ],
            [
              -119.43499432579992,
              37.28093365442715
            ]
          ]
        ]
      }
    },
    {
      "id": "899",
      "type": "Feature",
      "properties": {
        "id": null,
        "SOURCE_FILE": "/Users/maples/GitHub/mortalitree_testing/labels/gwynethb_mortalitree_postfire_labels.geojson",
        "SUNETID": "gwynethb",
        "FIRENAME": "CREEK",
        "FIRE_SLUG": "CREEK",
        "PREFIRE": 0,
        "PREFIRE_STATUS": "postfire",
        "TILE_Z": 17,
        "TILE_X": 22051,
        "TILE_Y": 50888,
        "TILEXYZ": [
          17,
          22051,
          50888
        ],
        "OUTPUT_FILE": "/Users/maples/GitHub/mortalitree_testing/notebooks/single_tiles/postfire/17/22051/50888.geojson",
        "OUTPUT_STATUS_DIR": "postfire",
        "FEATURE_COUNT": 326
      },
      "geometry": {
        "type": "Polygon",
        "coordinates": [
          [
            [
              -119.43506076089761,
              37.280971370969006
            ],
            [
              -119.43506324288639,
              37.280918815840046
            ],
            [
              -119.43511962890625,
              37.280920516122855
            ],
            [
              -119.43511962890625,
              37.280973146096656
            ],
            [
              -119.43506076089761,
              37.280971370969006
            ]
          ]
        ]
      }
    },
    {
      "id": "900",
      "type": "Feature",
      "properties": {
        "id": null,
        "SOURCE_FILE": "/Users/maples/GitHub/mortalitree_testing/labels/gwynethb_mortalitree_postfire_labels.geojson",
        "SUNETID": "gwynethb",
        "FIRENAME": "CREEK",
        "FIRE_SLUG": "CREEK",
        "PREFIRE": 0,
        "PREFIRE_STATUS": "postfire",
        "TILE_Z": 17,
        "TILE_X": 22051,
        "TILE_Y": 50888,
        "TILEXYZ": [
          17,
          22051,
          50888
        ],
        "OUTPUT_FILE": "/Users/maples/GitHub/mortalitree_testing/notebooks/single_tiles/postfire/17/22051/50888.geojson",
        "OUTPUT_STATUS_DIR": "postfire",
        "FEATURE_COUNT": 326
      },
      "geometry": {
        "type": "Polygon",
        "coordinates": [
          [
            [
              -119.43489296634513,
              37.28103773744807
            ],
            [
              -119.43480840435168,
              37.281035187357034
            ],
            [
              -119.43481124111685,
              37.28097512436964
            ],
            [
              -119.43489580304336,
              37.28097767445516
            ],
            [
              -119.43489296634513,
              37.28103773744807
            ]
          ]
        ]
      }
    },
    {
      "id": "901",
      "type": "Feature",
      "properties": {
        "id": null,
        "SOURCE_FILE": "/Users/maples/GitHub/mortalitree_testing/labels/gwynethb_mortalitree_postfire_labels.geojson",
        "SUNETID": "gwynethb",
        "FIRENAME": "CREEK",
        "FIRE_SLUG": "CREEK",
        "PREFIRE": 0,
        "PREFIRE_STATUS": "postfire",
        "TILE_Z": 17,
        "TILE_X": 22051,
        "TILE_Y": 50888,
        "TILEXYZ": [
          17,
          22051,
          50888
        ],
        "OUTPUT_FILE": "/Users/maples/GitHub/mortalitree_testing/notebooks/single_tiles/postfire/17/22051/50888.geojson",
        "OUTPUT_STATUS_DIR": "postfire",
        "FEATURE_COUNT": 326
      },
      "geometry": {
        "type": "Polygon",
        "coordinates": [
          [
            [
              -119.43309634385736,
              37.28227259544634
            ],
            [
              -119.43298634979804,
              37.2822692766872
            ],
            [
              -119.43299086436888,
              37.28217374257909
            ],
            [
              -119.43310085828969,
              37.28217706132681
            ],
            [
              -119.43309634385736,
              37.28227259544634
            ]
          ]
        ]
      }
    },
    {
      "id": "902",
      "type": "Feature",
      "properties": {
        "id": null,
        "SOURCE_FILE": "/Users/maples/GitHub/mortalitree_testing/labels/gwynethb_mortalitree_postfire_labels.geojson",
        "SUNETID": "gwynethb",
        "FIRENAME": "CREEK",
        "FIRE_SLUG": "CREEK",
        "PREFIRE": 0,
        "PREFIRE_STATUS": "postfire",
        "TILE_Z": 17,
        "TILE_X": 22051,
        "TILE_Y": 50888,
        "TILEXYZ": [
          17,
          22051,
          50888
        ],
        "OUTPUT_FILE": "/Users/maples/GitHub/mortalitree_testing/notebooks/single_tiles/postfire/17/22051/50888.geojson",
        "OUTPUT_STATUS_DIR": "postfire",
        "FEATURE_COUNT": 326
      },
      "geometry": {
        "type": "Polygon",
        "coordinates": [
          [
            [
              -119.43307806771834,
              37.28240598247879
            ],
            [
              -119.43293459695943,
              37.282401653607
            ],
            [
              -119.4329396533748,
              37.28229465541421
            ],
            [
              -119.43308312393138,
              37.28229898426934
            ],
            [
              -119.43307806771834,
              37.28240598247879
            ]
          ]
        ]
      }
    },
    {
      "id": "903",
      "type": "Feature",
      "properties": {
        "id": null,
        "SOURCE_FILE": "/Users/maples/GitHub/mortalitree_testing/labels/gwynethb_mortalitree_postfire_labels.geojson",
        "SUNETID": "gwynethb",
        "FIRENAME": "CREEK",
        "FIRE_SLUG": "CREEK",
        "PREFIRE": 0,
        "PREFIRE_STATUS": "postfire",
        "TILE_Z": 17,
        "TILE_X": 22051,
        "TILE_Y": 50888,
        "TILEXYZ": [
          17,
          22051,
          50888
        ],
        "OUTPUT_FILE": "/Users/maples/GitHub/mortalitree_testing/notebooks/single_tiles/postfire/17/22051/50888.geojson",
        "OUTPUT_STATUS_DIR": "postfire",
        "FEATURE_COUNT": 326
      },
      "geometry": {
        "type": "Polygon",
        "coordinates": [
          [
            [
              -119.43363484488131,
              37.28273466549211
            ],
            [
              -119.43351050293886,
              37.28273091437004
            ],
            [
              -119.43351483636357,
              37.28263920158101
            ],
            [
              -119.4336391781557,
              37.28264295269068
            ],
            [
              -119.43363484488131,
              37.28273466549211
            ]
          ]
        ]
      }
    },
    {
      "id": "904",
      "type": "Feature",
      "properties": {
        "id": null,
        "SOURCE_FILE": "/Users/maples/GitHub/mortalitree_testing/labels/gwynethb_mortalitree_postfire_labels.geojson",
        "SUNETID": "gwynethb",
        "FIRENAME": "CREEK",
        "FIRE_SLUG": "CREEK",
        "PREFIRE": 0,
        "PREFIRE_STATUS": "postfire",
        "TILE_Z": 17,
        "TILE_X": 22051,
        "TILE_Y": 50888,
        "TILEXYZ": [
          17,
          22051,
          50888
        ],
        "OUTPUT_FILE": "/Users/maples/GitHub/mortalitree_testing/notebooks/single_tiles/postfire/17/22051/50888.geojson",
        "OUTPUT_STATUS_DIR": "postfire",
        "FEATURE_COUNT": 326
      },
      "geometry": {
        "type": "Polygon",
        "coordinates": [
          [
            [
              -119.43266077819443,
              37.2825713381074
            ],
            [
              -119.43254600138597,
              37.2825678746062
            ],
            [
              -119.43254997474216,
              37.2824838046358
            ],
            [
              -119.43266475142342,
              37.28248726812652
            ],
            [
              -119.43266077819443,
              37.2825713381074
            ]
          ]
        ]
      }
    },
    {
      "id": "905",
      "type": "Feature",
      "properties": {
        "id": null,
        "SOURCE_FILE": "/Users/maples/GitHub/mortalitree_testing/labels/gwynethb_mortalitree_postfire_labels.geojson",
        "SUNETID": "gwynethb",
        "FIRENAME": "CREEK",
        "FIRE_SLUG": "CREEK",
        "PREFIRE": 0,
        "PREFIRE_STATUS": "postfire",
        "TILE_Z": 17,
        "TILE_X": 22051,
        "TILE_Y": 50888,
        "TILEXYZ": [
          17,
          22051,
          50888
        ],
        "OUTPUT_FILE": "/Users/maples/GitHub/mortalitree_testing/notebooks/single_tiles/postfire/17/22051/50888.geojson",
        "OUTPUT_STATUS_DIR": "postfire",
        "FEATURE_COUNT": 326
      },
      "geometry": {
        "type": "Polygon",
        "coordinates": [
          [
            [
              -119.43269967275214,
              37.282457707386776
            ],
            [
              -119.4325944608307,
              37.28245453255769
            ],
            [
              -119.43259807290953,
              37.28237810530643
            ],
            [
              -119.43270328472498,
              37.28238128012678
            ],
            [
              -119.43269967275214,
              37.282457707386776
            ]
          ]
        ]
      }
    },
    {
      "id": "906",
      "type": "Feature",
      "properties": {
        "id": null,
        "SOURCE_FILE": "/Users/maples/GitHub/mortalitree_testing/labels/gwynethb_mortalitree_postfire_labels.geojson",
        "SUNETID": "gwynethb",
        "FIRENAME": "CREEK",
        "FIRE_SLUG": "CREEK",
        "PREFIRE": 0,
        "PREFIRE_STATUS": "postfire",
        "TILE_Z": 17,
        "TILE_X": 22051,
        "TILE_Y": 50888,
        "TILEXYZ": [
          17,
          22051,
          50888
        ],
        "OUTPUT_FILE": "/Users/maples/GitHub/mortalitree_testing/notebooks/single_tiles/postfire/17/22051/50888.geojson",
        "OUTPUT_STATUS_DIR": "postfire",
        "FEATURE_COUNT": 326
      },
      "geometry": {
        "type": "Polygon",
        "coordinates": [
          [
            [
              -119.43321432682795,
              37.282157523924134
            ],
            [
              -119.4331138976087,
              37.28215449386482
            ],
            [
              -119.43311660624579,
              37.282097173391115
            ],
            [
              -119.43321703538916,
              37.282100203444166
            ],
            [
              -119.43321432682795,
              37.282157523924134
            ]
          ]
        ]
      }
    },
    {
      "id": "907",
      "type": "Feature",
      "properties": {
        "id": null,
        "SOURCE_FILE": "/Users/maples/GitHub/mortalitree_testing/labels/gwynethb_mortalitree_postfire_labels.geojson",
        "SUNETID": "gwynethb",
        "FIRENAME": "CREEK",
        "FIRE_SLUG": "CREEK",
        "PREFIRE": 0,
        "PREFIRE_STATUS": "postfire",
        "TILE_Z": 17,
        "TILE_X": 22051,
        "TILE_Y": 50888,
        "TILEXYZ": [
          17,
          22051,
          50888
        ],
        "OUTPUT_FILE": "/Users/maples/GitHub/mortalitree_testing/notebooks/single_tiles/postfire/17/22051/50888.geojson",
        "OUTPUT_STATUS_DIR": "postfire",
        "FEATURE_COUNT": 326
      },
      "geometry": {
        "type": "Polygon",
        "coordinates": [
          [
            [
              -119.43322104613243,
              37.28226870423381
            ],
            [
              -119.43310148736306,
              37.28226509700838
            ],
            [
              -119.43310564063448,
              37.282177205617884
            ],
            [
              -119.43322519926537,
              37.28218081283191
            ],
            [
              -119.43322104613243,
              37.28226870423381
            ]
          ]
        ]
      }
    },
    {
      "id": "908",
      "type": "Feature",
      "properties": {
        "id": null,
        "SOURCE_FILE": "/Users/maples/GitHub/mortalitree_testing/labels/gwynethb_mortalitree_postfire_labels.geojson",
        "SUNETID": "gwynethb",
        "FIRENAME": "CREEK",
        "FIRE_SLUG": "CREEK",
        "PREFIRE": 0,
        "PREFIRE_STATUS": "postfire",
        "TILE_Z": 17,
        "TILE_X": 22051,
        "TILE_Y": 50888,
        "TILEXYZ": [
          17,
          22051,
          50888
        ],
        "OUTPUT_FILE": "/Users/maples/GitHub/mortalitree_testing/notebooks/single_tiles/postfire/17/22051/50888.geojson",
        "OUTPUT_STATUS_DIR": "postfire",
        "FEATURE_COUNT": 326
      },
      "geometry": {
        "type": "Polygon",
        "coordinates": [
          [
            [
              -119.43323466812369,
              37.28238583302012
            ],
            [
              -119.4331007620939,
              37.2823817929242
            ],
            [
              -119.43310401249616,
              37.282313008359274
            ],
            [
              -119.43323791840453,
              37.28231704844521
            ],
            [
              -119.43323466812369,
              37.28238583302012
            ]
          ]
        ]
      }
    },
    {
      "id": "909",
      "type": "Feature",
      "properties": {
        "id": null,
        "SOURCE_FILE": "/Users/maples/GitHub/mortalitree_testing/labels/gwynethb_mortalitree_postfire_labels.geojson",
        "SUNETID": "gwynethb",
        "FIRENAME": "CREEK",
        "FIRE_SLUG": "CREEK",
        "PREFIRE": 0,
        "PREFIRE_STATUS": "postfire",
        "TILE_Z": 17,
        "TILE_X": 22051,
        "TILE_Y": 50888,
        "TILEXYZ": [
          17,
          22051,
          50888
        ],
        "OUTPUT_FILE": "/Users/maples/GitHub/mortalitree_testing/notebooks/single_tiles/postfire/17/22051/50888.geojson",
        "OUTPUT_STATUS_DIR": "postfire",
        "FEATURE_COUNT": 326
      },
      "geometry": {
        "type": "Polygon",
        "coordinates": [
          [
            [
              -119.43331123234864,
              37.28233648100159
            ],
            [
              -119.43320602052577,
              37.28233330672484
            ],
            [
              -119.43320872911049,
              37.2822759862471
            ],
            [
              -119.43331394085389,
              37.282279160517305
            ],
            [
              -119.43331123234864,
              37.28233648100159
            ]
          ]
        ]
      }
    },
    {
      "id": "910",
      "type": "Feature",
      "properties": {
        "id": null,
        "SOURCE_FILE": "/Users/maples/GitHub/mortalitree_testing/labels/gwynethb_mortalitree_postfire_labels.geojson",
        "SUNETID": "gwynethb",
        "FIRENAME": "CREEK",
        "FIRE_SLUG": "CREEK",
        "PREFIRE": 0,
        "PREFIRE_STATUS": "postfire",
        "TILE_Z": 17,
        "TILE_X": 22051,
        "TILE_Y": 50888,
        "TILEXYZ": [
          17,
          22051,
          50888
        ],
        "OUTPUT_FILE": "/Users/maples/GitHub/mortalitree_testing/notebooks/single_tiles/postfire/17/22051/50888.geojson",
        "OUTPUT_STATUS_DIR": "postfire",
        "FEATURE_COUNT": 326
      },
      "geometry": {
        "type": "Polygon",
        "coordinates": [
          [
            [
              -119.43339790030988,
              37.28237736386704
            ],
            [
              -119.43329747077841,
              37.282374333948326
            ],
            [
              -119.43330054043312,
              37.282309370734126
            ],
            [
              -119.4334009698786,
              37.28231240064575
            ],
            [
              -119.43339790030988,
              37.28237736386704
            ]
          ]
        ]
      }
    },
    {
      "id": "911",
      "type": "Feature",
      "properties": {
        "id": null,
        "SOURCE_FILE": "/Users/maples/GitHub/mortalitree_testing/labels/gwynethb_mortalitree_postfire_labels.geojson",
        "SUNETID": "gwynethb",
        "FIRENAME": "CREEK",
        "FIRE_SLUG": "CREEK",
        "PREFIRE": 0,
        "PREFIRE_STATUS": "postfire",
        "TILE_Z": 17,
        "TILE_X": 22051,
        "TILE_Y": 50888,
        "TILEXYZ": [
          17,
          22051,
          50888
        ],
        "OUTPUT_FILE": "/Users/maples/GitHub/mortalitree_testing/notebooks/single_tiles/postfire/17/22051/50888.geojson",
        "OUTPUT_STATUS_DIR": "postfire",
        "FEATURE_COUNT": 326
      },
      "geometry": {
        "type": "Polygon",
        "coordinates": [
          [
            [
              -119.4333367692221,
              37.28230281012373
            ],
            [
              -119.43324112214965,
              37.2822999244443
            ],
            [
              -119.4332438307045,
              37.28224260396404
            ],
            [
              -119.43333947770468,
              37.28224548963754
            ],
            [
              -119.4333367692221,
              37.28230281012373
            ]
          ]
        ]
      }
    },
    {
      "id": "912",
      "type": "Feature",
      "properties": {
        "id": null,
        "SOURCE_FILE": "/Users/maples/GitHub/mortalitree_testing/labels/gwynethb_mortalitree_postfire_labels.geojson",
        "SUNETID": "gwynethb",
        "FIRENAME": "CREEK",
        "FIRE_SLUG": "CREEK",
        "PREFIRE": 0,
        "PREFIRE_STATUS": "postfire",
        "TILE_Z": 17,
        "TILE_X": 22051,
        "TILE_Y": 50888,
        "TILEXYZ": [
          17,
          22051,
          50888
        ],
        "OUTPUT_FILE": "/Users/maples/GitHub/mortalitree_testing/notebooks/single_tiles/postfire/17/22051/50888.geojson",
        "OUTPUT_STATUS_DIR": "postfire",
        "FEATURE_COUNT": 326
      },
      "geometry": {
        "type": "Polygon",
        "coordinates": [
          [
            [
              -119.43276709088607,
              37.28204453253761
            ],
            [
              -119.43266666186598,
              37.282041502106665
            ],
            [
              -119.43266955142859,
              37.281980360296664
            ],
            [
              -119.43276998036777,
              37.28198339072095
            ],
            [
              -119.43276709088607,
              37.28204453253761
            ]
          ]
        ]
      }
    },
    {
      "id": "913",
      "type": "Feature",
      "properties": {
        "id": null,
        "SOURCE_FILE": "/Users/maples/GitHub/mortalitree_testing/labels/gwynethb_mortalitree_postfire_labels.geojson",
        "SUNETID": "gwynethb",
        "FIRENAME": "CREEK",
        "FIRE_SLUG": "CREEK",
        "PREFIRE": 0,
        "PREFIRE_STATUS": "postfire",
        "TILE_Z": 17,
        "TILE_X": 22051,
        "TILE_Y": 50888,
        "TILEXYZ": [
          17,
          22051,
          50888
        ],
        "OUTPUT_FILE": "/Users/maples/GitHub/mortalitree_testing/notebooks/single_tiles/postfire/17/22051/50888.geojson",
        "OUTPUT_STATUS_DIR": "postfire",
        "FEATURE_COUNT": 326
      },
      "geometry": {
        "type": "Polygon",
        "coordinates": [
          [
            [
              -119.43281184419136,
              37.28211093875276
            ],
            [
              -119.43270663273977,
              37.28210776404843
            ],
            [
              -119.43270970287276,
              37.28204280087319
            ],
            [
              -119.43281491423427,
              37.2820459755701
            ],
            [
              -119.43281184419136,
              37.28211093875276
            ]
          ]
        ]
      }
    },
    {
      "id": "914",
      "type": "Feature",
      "properties": {
        "id": null,
        "SOURCE_FILE": "/Users/maples/GitHub/mortalitree_testing/labels/gwynethb_mortalitree_postfire_labels.geojson",
        "SUNETID": "gwynethb",
        "FIRENAME": "CREEK",
        "FIRE_SLUG": "CREEK",
        "PREFIRE": 0,
        "PREFIRE_STATUS": "postfire",
        "TILE_Z": 17,
        "TILE_X": 22051,
        "TILE_Y": 50888,
        "TILEXYZ": [
          17,
          22051,
          50888
        ],
        "OUTPUT_FILE": "/Users/maples/GitHub/mortalitree_testing/notebooks/single_tiles/postfire/17/22051/50888.geojson",
        "OUTPUT_STATUS_DIR": "postfire",
        "FEATURE_COUNT": 326
      },
      "geometry": {
        "type": "Polygon",
        "coordinates": [
          [
            [
              -119.43254014238167,
              37.28083180849964
            ],
            [
              -119.4324630380864,
              37.28082948177492
            ],
            [
              -119.43246556165863,
              37.28077608486763
            ],
            [
              -119.43254266589963,
              37.280778411587875
            ],
            [
              -119.43254014238167,
              37.28083180849964
            ]
          ]
        ]
      }
    }
  ],
  "properties": {
    "SOURCE_FILE": "/Users/maples/GitHub/mortalitree_testing/labels/gwynethb_mortalitree_postfire_labels.geojson",
    "SUNETID": "gwynethb",
    "FIRENAME": "CREEK",
    "FIRE_SLUG": "CREEK",
    "PREFIRE": 0,
    "PREFIRE_STATUS": "postfire",
    "TILE_Z": 17,
    "TILE_X": 22051,
    "TILE_Y": 50888,
    "TILEXYZ": [
      17,
      22051,
      50888
    ],
    "OUTPUT_FILE": "/Users/maples/GitHub/mortalitree_testing/notebooks/single_tiles/postfire/17/22051/50888.geojson",
    "OUTPUT_STATUS_DIR": "postfire",
    "FEATURE_COUNT": 326
  }
}