{
  "type": "FeatureCollection",
  "features": [
    {
      "id": "525",
      "type": "Feature",
      "properties": {
        "id": null,
        "SOURCE_FILE": "/Users/maples/GitHub/mortalitree_testing/labels/annayu_mortalitree_postfire_labels.geojson",
        "SUNETID": "annayu",
        "FIRENAME": "CASTLE",
        "FIRE_SLUG": "CASTLE",
        "PREFIRE": 0,
        "PREFIRE_STATUS": "postfire",
        "TILE_Z": 17,
        "TILE_X": 22370,
        "TILE_Y": 51403,
        "TILEXYZ": [
          17,
          22370,
          51403
        ],
        "OUTPUT_FILE": "/Users/maples/GitHub/mortalitree_testing/notebooks/single_tiles/postfire/17/22370/51403.geojson",
        "OUTPUT_STATUS_DIR": "postfire",
        "FEATURE_COUNT": 212
      },
      "geometry": {
        "type": "Polygon",
        "coordinates": [
          [
            [
              -118.55732303966111,
              36.14734629496114
            ],
            [
              -118.55725505155793,
              36.14734376777287
            ],
            [
              -118.55725816751847,
              36.14728862593151
            ],
            [
              -118.55732615557436,
              36.147291153114715
            ],
            [
              -118.55732303966111,
              36.14734629496114
            ]
          ]
        ]
      }
    },
    {
      "id": "526",
      "type": "Feature",
      "properties": {
        "id": null,
        "SOURCE_FILE": "/Users/maples/GitHub/mortalitree_testing/labels/annayu_mortalitree_postfire_labels.geojson",
        "SUNETID": "annayu",
        "FIRENAME": "CASTLE",
        "FIRE_SLUG": "CASTLE",
        "PREFIRE": 0,
        "PREFIRE_STATUS": "postfire",
        "TILE_Z": 17,
        "TILE_X": 22370,
        "TILE_Y": 51403,
        "TILEXYZ": [
          17,
          22370,
          51403
        ],
        "OUTPUT_FILE": "/Users/maples/GitHub/mortalitree_testing/notebooks/single_tiles/postfire/17/22370/51403.geojson",
        "OUTPUT_STATUS_DIR": "postfire",
        "FEATURE_COUNT": 212
      },
      "geometry": {
        "type": "Polygon",
        "coordinates": [
          [
            [
              -118.55726732771434,
              36.14752841631133
            ],
            [
              -118.55718800808408,
              36.14752546787164
            ],
            [
              -118.55719164344946,
              36.147461135731135
            ],
            [
              -118.55727096301534,
              36.147464084163936
            ],
            [
              -118.55726732771434,
              36.14752841631133
            ]
          ]
        ]
      }
    },
    {
      "id": "527",
      "type": "Feature",
      "properties": {
        "id": null,
        "SOURCE_FILE": "/Users/maples/GitHub/mortalitree_testing/labels/annayu_mortalitree_postfire_labels.geojson",
        "SUNETID": "annayu",
        "FIRENAME": "CASTLE",
        "FIRE_SLUG": "CASTLE",
        "PREFIRE": 0,
        "PREFIRE_STATUS": "postfire",
        "TILE_Z": 17,
        "TILE_X": 22370,
        "TILE_Y": 51403,
        "TILEXYZ": [
          17,
          22370,
          51403
        ],
        "OUTPUT_FILE": "/Users/maples/GitHub/mortalitree_testing/notebooks/single_tiles/postfire/17/22370/51403.geojson",
        "OUTPUT_STATUS_DIR": "postfire",
        "FEATURE_COUNT": 212
      },
      "geometry": {
        "type": "Polygon",
        "coordinates": [
          [
            [
              -118.55741498875047,
              36.14732668871363
            ],
            [
              -118.5573470006557,
              36.14732416157873
            ],
            [
              -118.55735011654963,
              36.14726901973032
            ],
            [
              -118.55741810459712,
              36.14727154686013
            ],
            [
              -118.55741498875047,
              36.14732668871363
            ]
          ]
        ]
      }
    },
    {
      "id": "528",
      "type": "Feature",
      "properties": {
        "id": null,
        "SOURCE_FILE": "/Users/maples/GitHub/mortalitree_testing/labels/annayu_mortalitree_postfire_labels.geojson",
        "SUNETID": "annayu",
        "FIRENAME": "CASTLE",
        "FIRE_SLUG": "CASTLE",
        "PREFIRE": 0,
        "PREFIRE_STATUS": "postfire",
        "TILE_Z": 17,
        "TILE_X": 22370,
        "TILE_Y": 51403,
        "TILEXYZ": [
          17,
          22370,
          51403
        ],
        "OUTPUT_FILE": "/Users/maples/GitHub/mortalitree_testing/notebooks/single_tiles/postfire/17/22370/51403.geojson",
        "OUTPUT_STATUS_DIR": "postfire",
        "FEATURE_COUNT": 212
      },
      "geometry": {
        "type": "Polygon",
        "coordinates": [
          [
            [
              -118.55652668129893,
              36.14747325440131
            ],
            [
              -118.5564586931598,
              36.14747072675331
            ],
            [
              -118.55646180969224,
              36.14741558497286
            ],
            [
              -118.55652979778407,
              36.14741811261578
            ],
            [
              -118.55652668129893,
              36.14747325440131
            ]
          ]
        ]
      }
    },
    {
      "id": "529",
      "type": "Feature",
      "properties": {
        "id": null,
        "SOURCE_FILE": "/Users/maples/GitHub/mortalitree_testing/labels/annayu_mortalitree_postfire_labels.geojson",
        "SUNETID": "annayu",
        "FIRENAME": "CASTLE",
        "FIRE_SLUG": "CASTLE",
        "PREFIRE": 0,
        "PREFIRE_STATUS": "postfire",
        "TILE_Z": 17,
        "TILE_X": 22370,
        "TILE_Y": 51403,
        "TILEXYZ": [
          17,
          22370,
          51403
        ],
        "OUTPUT_FILE": "/Users/maples/GitHub/mortalitree_testing/notebooks/single_tiles/postfire/17/22370/51403.geojson",
        "OUTPUT_STATUS_DIR": "postfire",
        "FEATURE_COUNT": 212
      },
      "geometry": {
        "type": "Polygon",
        "coordinates": [
          [
            [
              -118.55647080364768,
              36.1474573625854
            ],
            [
              -118.55639148417488,
              36.14745441362311
            ],
            [
              -118.5563946007525,
              36.14739927184755
            ],
            [
              -118.55647392017009,
              36.147402220803926
            ],
            [
              -118.55647080364768,
              36.1474573625854
            ]
          ]
        ]
      }
    },
    {
      "id": "530",
      "type": "Feature",
      "properties": {
        "id": null,
        "SOURCE_FILE": "/Users/maples/GitHub/mortalitree_testing/labels/annayu_mortalitree_postfire_labels.geojson",
        "SUNETID": "annayu",
        "FIRENAME": "CASTLE",
        "FIRE_SLUG": "CASTLE",
        "PREFIRE": 0,
        "PREFIRE_STATUS": "postfire",
        "TILE_Z": 17,
        "TILE_X": 22370,
        "TILE_Y": 51403,
        "TILEXYZ": [
          17,
          22370,
          51403
        ],
        "OUTPUT_FILE": "/Users/maples/GitHub/mortalitree_testing/notebooks/single_tiles/postfire/17/22370/51403.geojson",
        "OUTPUT_STATUS_DIR": "postfire",
        "FEATURE_COUNT": 212
      },
      "geometry": {
        "type": "Polygon",
        "coordinates": [
          [
            [
              -118.55805435540682,
              36.146963648448974
            ],
            [
              -118.55799769887244,
              36.14696154282651
            ],
            [
              -118.55800081426956,
              36.14690640092596
            ],
            [
              -118.55805747076457,
              36.14690850654419
            ],
            [
              -118.55805435540682,
              36.146963648448974
            ]
          ]
        ]
      }
    },
    {
      "id": "531",
      "type": "Feature",
      "properties": {
        "id": null,
        "SOURCE_FILE": "/Users/maples/GitHub/mortalitree_testing/labels/annayu_mortalitree_postfire_labels.geojson",
        "SUNETID": "annayu",
        "FIRENAME": "CASTLE",
        "FIRE_SLUG": "CASTLE",
        "PREFIRE": 0,
        "PREFIRE_STATUS": "postfire",
        "TILE_Z": 17,
        "TILE_X": 22370,
        "TILE_Y": 51403,
        "TILEXYZ": [
          17,
          22370,
          51403
        ],
        "OUTPUT_FILE": "/Users/maples/GitHub/mortalitree_testing/notebooks/single_tiles/postfire/17/22370/51403.geojson",
        "OUTPUT_STATUS_DIR": "postfire",
        "FEATURE_COUNT": 212
      },
      "geometry": {
        "type": "Polygon",
        "coordinates": [
          [
            [
              -118.55833950081026,
              36.14684070595859
            ],
            [
              -118.55827151304943,
              36.14683817937767
            ],
            [
              -118.55827462824087,
              36.14678303745544
            ],
            [
              -118.55834261595437,
              36.14678556403128
            ],
            [
              -118.55833950081026,
              36.14684070595859
            ]
          ]
        ]
      }
    },
    {
      "id": "532",
      "type": "Feature",
      "properties": {
        "id": null,
        "SOURCE_FILE": "/Users/maples/GitHub/mortalitree_testing/labels/annayu_mortalitree_postfire_labels.geojson",
        "SUNETID": "annayu",
        "FIRENAME": "CASTLE",
        "FIRE_SLUG": "CASTLE",
        "PREFIRE": 0,
        "PREFIRE_STATUS": "postfire",
        "TILE_Z": 17,
        "TILE_X": 22370,
        "TILE_Y": 51403,
        "TILEXYZ": [
          17,
          22370,
          51403
        ],
        "OUTPUT_FILE": "/Users/maples/GitHub/mortalitree_testing/notebooks/single_tiles/postfire/17/22370/51403.geojson",
        "OUTPUT_STATUS_DIR": "postfire",
        "FEATURE_COUNT": 212
      },
      "geometry": {
        "type": "Polygon",
        "coordinates": [
          [
            [
              -118.55808393592588,
              36.1470430295104
            ],
            [
              -118.55799328537866,
              36.14703966051769
            ],
            [
              -118.55799743925564,
              36.14696613798485
            ],
            [
              -118.55808808971874,
              36.146969506968546
            ],
            [
              -118.55808393592588,
              36.1470430295104
            ]
          ]
        ]
      }
    },
    {
      "id": "533",
      "type": "Feature",
      "properties": {
        "id": null,
        "SOURCE_FILE": "/Users/maples/GitHub/mortalitree_testing/labels/annayu_mortalitree_postfire_labels.geojson",
        "SUNETID": "annayu",
        "FIRENAME": "CASTLE",
        "FIRE_SLUG": "CASTLE",
        "PREFIRE": 0,
        "PREFIRE_STATUS": "postfire",
        "TILE_Z": 17,
        "TILE_X": 22370,
        "TILE_Y": 51403,
        "TILEXYZ": [
          17,
          22370,
          51403
        ],
        "OUTPUT_FILE": "/Users/maples/GitHub/mortalitree_testing/notebooks/single_tiles/postfire/17/22370/51403.geojson",
        "OUTPUT_STATUS_DIR": "postfire",
        "FEATURE_COUNT": 212
      },
      "geometry": {
        "type": "Polygon",
        "coordinates": [
          [
            [
              -118.55837569475479,
              36.147104525031615
            ],
            [
              -118.55830770676292,
              36.14710199845543
            ],
            [
              -118.55831030276029,
              36.14705604685339
            ],
            [
              -118.55837829071275,
              36.14705857342535
            ],
            [
              -118.55837569475479,
              36.147104525031615
            ]
          ]
        ]
      }
    },
    {
      "id": "534",
      "type": "Feature",
      "properties": {
        "id": null,
        "SOURCE_FILE": "/Users/maples/GitHub/mortalitree_testing/labels/annayu_mortalitree_postfire_labels.geojson",
        "SUNETID": "annayu",
        "FIRENAME": "CASTLE",
        "FIRE_SLUG": "CASTLE",
        "PREFIRE": 0,
        "PREFIRE_STATUS": "postfire",
        "TILE_Z": 17,
        "TILE_X": 22370,
        "TILE_Y": 51403,
        "TILEXYZ": [
          17,
          22370,
          51403
        ],
        "OUTPUT_FILE": "/Users/maples/GitHub/mortalitree_testing/notebooks/single_tiles/postfire/17/22370/51403.geojson",
        "OUTPUT_STATUS_DIR": "postfire",
        "FEATURE_COUNT": 212
      },
      "geometry": {
        "type": "Polygon",
        "coordinates": [
          [
            [
              -118.55842434941363,
              36.147147776386575
            ],
            [
              -118.5583790240569,
              36.14714609202341
            ],
            [
              -118.55838162001689,
              36.14710014041726
            ],
            [
              -118.55842694534732,
              36.14710182477761
            ],
            [
              -118.55842434941363,
              36.147147776386575
            ]
          ]
        ]
      }
    },
    {
      "id": "535",
      "type": "Feature",
      "properties": {
        "id": null,
        "SOURCE_FILE": "/Users/maples/GitHub/mortalitree_testing/labels/annayu_mortalitree_postfire_labels.geojson",
        "SUNETID": "annayu",
        "FIRENAME": "CASTLE",
        "FIRE_SLUG": "CASTLE",
        "PREFIRE": 0,
        "PREFIRE_STATUS": "postfire",
        "TILE_Z": 17,
        "TILE_X": 22370,
        "TILE_Y": 51403,
        "TILEXYZ": [
          17,
          22370,
          51403
        ],
        "OUTPUT_FILE": "/Users/maples/GitHub/mortalitree_testing/notebooks/single_tiles/postfire/17/22370/51403.geojson",
        "OUTPUT_STATUS_DIR": "postfire",
        "FEATURE_COUNT": 212
      },
      "geometry": {
        "type": "Polygon",
        "coordinates": [
          [
            [
              -118.55830905028562,
              36.14697771857996
            ],
            [
              -118.55825239372149,
              36.14697561307729
            ],
            [
              -118.55825602814456,
              36.14691128083778
            ],
            [
              -118.55831268466271,
              36.14691338633552
            ],
            [
              -118.55830905028562,
              36.14697771857996
            ]
          ]
        ]
      }
    },
    {
      "id": "536",
      "type": "Feature",
      "properties": {
        "id": null,
        "SOURCE_FILE": "/Users/maples/GitHub/mortalitree_testing/labels/annayu_mortalitree_postfire_labels.geojson",
        "SUNETID": "annayu",
        "FIRENAME": "CASTLE",
        "FIRE_SLUG": "CASTLE",
        "PREFIRE": 0,
        "PREFIRE_STATUS": "postfire",
        "TILE_Z": 17,
        "TILE_X": 22370,
        "TILE_Y": 51403,
        "TILEXYZ": [
          17,
          22370,
          51403
        ],
        "OUTPUT_FILE": "/Users/maples/GitHub/mortalitree_testing/notebooks/single_tiles/postfire/17/22370/51403.geojson",
        "OUTPUT_STATUS_DIR": "postfire",
        "FEATURE_COUNT": 212
      },
      "geometry": {
        "type": "Polygon",
        "coordinates": [
          [
            [
              -118.55826705427806,
              36.147017601171
            ],
            [
              -118.55818773505432,
              36.147014653429174
            ],
            [
              -118.55819085032446,
              36.14695951151487
            ],
            [
              -118.55827016949306,
              36.146962459250766
            ],
            [
              -118.55826705427806,
              36.147017601171
            ]
          ]
        ]
      }
    },
    {
      "id": "537",
      "type": "Feature",
      "properties": {
        "id": null,
        "SOURCE_FILE": "/Users/maples/GitHub/mortalitree_testing/labels/annayu_mortalitree_postfire_labels.geojson",
        "SUNETID": "annayu",
        "FIRENAME": "CASTLE",
        "FIRE_SLUG": "CASTLE",
        "PREFIRE": 0,
        "PREFIRE_STATUS": "postfire",
        "TILE_Z": 17,
        "TILE_X": 22370,
        "TILE_Y": 51403,
        "TILEXYZ": [
          17,
          22370,
          51403
        ],
        "OUTPUT_FILE": "/Users/maples/GitHub/mortalitree_testing/notebooks/single_tiles/postfire/17/22370/51403.geojson",
        "OUTPUT_STATUS_DIR": "postfire",
        "FEATURE_COUNT": 212
      },
      "geometry": {
        "type": "Polygon",
        "coordinates": [
          [
            [
              -118.55818929269046,
              36.1469870824721
            ],
            [
              -118.55812130481719,
              36.146984555797154
            ],
            [
              -118.55812442013043,
              36.14692941388754
            ],
            [
              -118.5581924079564,
              36.14693194055743
            ],
            [
              -118.55818929269046,
              36.1469870824721
            ]
          ]
        ]
      }
    },
    {
      "id": "538",
      "type": "Feature",
      "properties": {
        "id": null,
        "SOURCE_FILE": "/Users/maples/GitHub/mortalitree_testing/labels/annayu_mortalitree_postfire_labels.geojson",
        "SUNETID": "annayu",
        "FIRENAME": "CASTLE",
        "FIRE_SLUG": "CASTLE",
        "PREFIRE": 0,
        "PREFIRE_STATUS": "postfire",
        "TILE_Z": 17,
        "TILE_X": 22370,
        "TILE_Y": 51403,
        "TILEXYZ": [
          17,
          22370,
          51403
        ],
        "OUTPUT_FILE": "/Users/maples/GitHub/mortalitree_testing/notebooks/single_tiles/postfire/17/22370/51403.geojson",
        "OUTPUT_STATUS_DIR": "postfire",
        "FEATURE_COUNT": 212
      },
      "geometry": {
        "type": "Polygon",
        "coordinates": [
          [
            [
              -118.55819002583146,
              36.147074601057355
            ],
            [
              -118.55811070655861,
              36.147071653260525
            ],
            [
              -118.55811330266802,
              36.14702570167057
            ],
            [
              -118.55819262189488,
              36.14702864946246
            ],
            [
              -118.55819002583146,
              36.147074601057355
            ]
          ]
        ]
      }
    },
    {
      "id": "539",
      "type": "Feature",
      "properties": {
        "id": null,
        "SOURCE_FILE": "/Users/maples/GitHub/mortalitree_testing/labels/annayu_mortalitree_postfire_labels.geojson",
        "SUNETID": "annayu",
        "FIRENAME": "CASTLE",
        "FIRE_SLUG": "CASTLE",
        "PREFIRE": 0,
        "PREFIRE_STATUS": "postfire",
        "TILE_Z": 17,
        "TILE_X": 22370,
        "TILE_Y": 51403,
        "TILEXYZ": [
          17,
          22370,
          51403
        ],
        "OUTPUT_FILE": "/Users/maples/GitHub/mortalitree_testing/notebooks/single_tiles/postfire/17/22370/51403.geojson",
        "OUTPUT_STATUS_DIR": "postfire",
        "FEATURE_COUNT": 212
      },
      "geometry": {
        "type": "Polygon",
        "coordinates": [
          [
            [
              -118.55825541775891,
              36.1471230792973
            ],
            [
              -118.5581760984302,
              36.147120131540404
            ],
            [
              -118.55817921372054,
              36.147064989627935
            ],
            [
              -118.55825853299406,
              36.147067937378914
            ],
            [
              -118.55825541775891,
              36.1471230792973
            ]
          ]
        ]
      }
    },
    {
      "id": "540",
      "type": "Feature",
      "properties": {
        "id": null,
        "SOURCE_FILE": "/Users/maples/GitHub/mortalitree_testing/labels/annayu_mortalitree_postfire_labels.geojson",
        "SUNETID": "annayu",
        "FIRENAME": "CASTLE",
        "FIRE_SLUG": "CASTLE",
        "PREFIRE": 0,
        "PREFIRE_STATUS": "postfire",
        "TILE_Z": 17,
        "TILE_X": 22370,
        "TILE_Y": 51403,
        "TILEXYZ": [
          17,
          22370,
          51403
        ],
        "OUTPUT_FILE": "/Users/maples/GitHub/mortalitree_testing/notebooks/single_tiles/postfire/17/22370/51403.geojson",
        "OUTPUT_STATUS_DIR": "postfire",
        "FEATURE_COUNT": 212
      },
      "geometry": {
        "type": "Polygon",
        "coordinates": [
          [
            [
              -118.55830662281642,
              36.14722168316871
            ],
            [
              -118.55823863472985,
              36.14721915654629
            ],
            [
              -118.55824174998769,
              36.14716401463004
            ],
            [
              -118.55830973802698,
              36.14716654124739
            ],
            [
              -118.55830662281642,
              36.14722168316871
            ]
          ]
        ]
      }
    },
    {
      "id": "541",
      "type": "Feature",
      "properties": {
        "id": null,
        "SOURCE_FILE": "/Users/maples/GitHub/mortalitree_testing/labels/annayu_mortalitree_postfire_labels.geojson",
        "SUNETID": "annayu",
        "FIRENAME": "CASTLE",
        "FIRE_SLUG": "CASTLE",
        "PREFIRE": 0,
        "PREFIRE_STATUS": "postfire",
        "TILE_Z": 17,
        "TILE_X": 22370,
        "TILE_Y": 51403,
        "TILEXYZ": [
          17,
          22370,
          51403
        ],
        "OUTPUT_FILE": "/Users/maples/GitHub/mortalitree_testing/notebooks/single_tiles/postfire/17/22370/51403.geojson",
        "OUTPUT_STATUS_DIR": "postfire",
        "FEATURE_COUNT": 212
      },
      "geometry": {
        "type": "Polygon",
        "coordinates": [
          [
            [
              -118.5583606835793,
              36.147269740262075
            ],
            [
              -118.55830402680115,
              36.14726763476924
            ],
            [
              -118.55830610361384,
              36.14723087348886
            ],
            [
              -118.55836276036568,
              36.147232978978884
            ],
            [
              -118.5583606835793,
              36.147269740262075
            ]
          ]
        ]
      }
    },
    {
      "id": "542",
      "type": "Feature",
      "properties": {
        "id": null,
        "SOURCE_FILE": "/Users/maples/GitHub/mortalitree_testing/labels/annayu_mortalitree_postfire_labels.geojson",
        "SUNETID": "annayu",
        "FIRENAME": "CASTLE",
        "FIRE_SLUG": "CASTLE",
        "PREFIRE": 0,
        "PREFIRE_STATUS": "postfire",
        "TILE_Z": 17,
        "TILE_X": 22370,
        "TILE_Y": 51403,
        "TILEXYZ": [
          17,
          22370,
          51403
        ],
        "OUTPUT_FILE": "/Users/maples/GitHub/mortalitree_testing/notebooks/single_tiles/postfire/17/22370/51403.geojson",
        "OUTPUT_STATUS_DIR": "postfire",
        "FEATURE_COUNT": 212
      },
      "geometry": {
        "type": "Polygon",
        "coordinates": [
          [
            [
              -118.55825277610106,
              36.14727033496258
            ],
            [
              -118.55817345662435,
              36.14726738719362
            ],
            [
              -118.55817709115067,
              36.147203054964145
            ],
            [
              -118.55825641056299,
              36.1472060027262
            ],
            [
              -118.55825277610106,
              36.14727033496258
            ]
          ]
        ]
      }
    },
    {
      "id": "543",
      "type": "Feature",
      "properties": {
        "id": null,
        "SOURCE_FILE": "/Users/maples/GitHub/mortalitree_testing/labels/annayu_mortalitree_postfire_labels.geojson",
        "SUNETID": "annayu",
        "FIRENAME": "CASTLE",
        "FIRE_SLUG": "CASTLE",
        "PREFIRE": 0,
        "PREFIRE_STATUS": "postfire",
        "TILE_Z": 17,
        "TILE_X": 22370,
        "TILE_Y": 51403,
        "TILEXYZ": [
          17,
          22370,
          51403
        ],
        "OUTPUT_FILE": "/Users/maples/GitHub/mortalitree_testing/notebooks/single_tiles/postfire/17/22370/51403.geojson",
        "OUTPUT_STATUS_DIR": "postfire",
        "FEATURE_COUNT": 212
      },
      "geometry": {
        "type": "Polygon",
        "coordinates": [
          [
            [
              -118.55800712102021,
              36.14719673815496
            ],
            [
              -118.5579504643218,
              36.147194632498504
            ],
            [
              -118.55795254129394,
              36.14715787123535
            ],
            [
              -118.55800919796606,
              36.14715997688899
            ],
            [
              -118.55800712102021,
              36.14719673815496
            ]
          ]
        ]
      }
    },
    {
      "id": "544",
      "type": "Feature",
      "properties": {
        "id": null,
        "SOURCE_FILE": "/Users/maples/GitHub/mortalitree_testing/labels/annayu_mortalitree_postfire_labels.geojson",
        "SUNETID": "annayu",
        "FIRENAME": "CASTLE",
        "FIRE_SLUG": "CASTLE",
        "PREFIRE": 0,
        "PREFIRE_STATUS": "postfire",
        "TILE_Z": 17,
        "TILE_X": 22370,
        "TILE_Y": 51403,
        "TILEXYZ": [
          17,
          22370,
          51403
        ],
        "OUTPUT_FILE": "/Users/maples/GitHub/mortalitree_testing/notebooks/single_tiles/postfire/17/22370/51403.geojson",
        "OUTPUT_STATUS_DIR": "postfire",
        "FEATURE_COUNT": 212
      },
      "geometry": {
        "type": "Polygon",
        "coordinates": [
          [
            [
              -118.55808665418157,
              36.14729639492231
            ],
            [
              -118.55802999740538,
              36.14729428929851
            ],
            [
              -118.55803259358301,
              36.1472483377153
            ],
            [
              -118.55808925032635,
              36.14725044333559
            ],
            [
              -118.55808665418157,
              36.14729639492231
            ]
          ]
        ]
      }
    },
    {
      "id": "545",
      "type": "Feature",
      "properties": {
        "id": null,
        "SOURCE_FILE": "/Users/maples/GitHub/mortalitree_testing/labels/annayu_mortalitree_postfire_labels.geojson",
        "SUNETID": "annayu",
        "FIRENAME": "CASTLE",
        "FIRE_SLUG": "CASTLE",
        "PREFIRE": 0,
        "PREFIRE_STATUS": "postfire",
        "TILE_Z": 17,
        "TILE_X": 22370,
        "TILE_Y": 51403,
        "TILEXYZ": [
          17,
          22370,
          51403
        ],
        "OUTPUT_FILE": "/Users/maples/GitHub/mortalitree_testing/notebooks/single_tiles/postfire/17/22370/51403.geojson",
        "OUTPUT_STATUS_DIR": "postfire",
        "FEATURE_COUNT": 212
      },
      "geometry": {
        "type": "Polygon",
        "coordinates": [
          [
            [
              -118.55796611722725,
              36.14731954402882
            ],
            [
              -118.5578754663764,
              36.147316174924825
            ],
            [
              -118.55787910115254,
              36.14725184272194
            ],
            [
              -118.55796975192983,
              36.14725521181806
            ],
            [
              -118.55796611722725,
              36.14731954402882
            ]
          ]
        ]
      }
    },
    {
      "id": "546",
      "type": "Feature",
      "properties": {
        "id": null,
        "SOURCE_FILE": "/Users/maples/GitHub/mortalitree_testing/labels/annayu_mortalitree_postfire_labels.geojson",
        "SUNETID": "annayu",
        "FIRENAME": "CASTLE",
        "FIRE_SLUG": "CASTLE",
        "PREFIRE": 0,
        "PREFIRE_STATUS": "postfire",
        "TILE_Z": 17,
        "TILE_X": 22370,
        "TILE_Y": 51403,
        "TILEXYZ": [
          17,
          22370,
          51403
        ],
        "OUTPUT_FILE": "/Users/maples/GitHub/mortalitree_testing/notebooks/single_tiles/postfire/17/22370/51403.geojson",
        "OUTPUT_STATUS_DIR": "postfire",
        "FEATURE_COUNT": 212
      },
      "geometry": {
        "type": "Polygon",
        "coordinates": [
          [
            [
              -118.55785046700632,
              36.147356689052486
            ],
            [
              -118.55777114748605,
              36.14735374101103
            ],
            [
              -118.55777426308649,
              36.14729859913106
            ],
            [
              -118.55785358255156,
              36.1473015471666
            ],
            [
              -118.55785046700632,
              36.147356689052486
            ]
          ]
        ]
      }
    },
    {
      "id": "547",
      "type": "Feature",
      "properties": {
        "id": null,
        "SOURCE_FILE": "/Users/maples/GitHub/mortalitree_testing/labels/annayu_mortalitree_postfire_labels.geojson",
        "SUNETID": "annayu",
        "FIRENAME": "CASTLE",
        "FIRE_SLUG": "CASTLE",
        "PREFIRE": 0,
        "PREFIRE_STATUS": "postfire",
        "TILE_Z": 17,
        "TILE_X": 22370,
        "TILE_Y": 51403,
        "TILEXYZ": [
          17,
          22370,
          51403
        ],
        "OUTPUT_FILE": "/Users/maples/GitHub/mortalitree_testing/notebooks/single_tiles/postfire/17/22370/51403.geojson",
        "OUTPUT_STATUS_DIR": "postfire",
        "FEATURE_COUNT": 212
      },
      "geometry": {
        "type": "Polygon",
        "coordinates": [
          [
            [
              -118.55723493855261,
              36.147398277809124
            ],
            [
              -118.55715561905687,
              36.147395329357074
            ],
            [
              -118.55715925443141,
              36.14733099721801
            ],
            [
              -118.55723857386278,
              36.147333945663156
            ],
            [
              -118.55723493855261,
              36.147398277809124
            ]
          ]
        ]
      }
    },
    {
      "id": "548",
      "type": "Feature",
      "properties": {
        "id": null,
        "SOURCE_FILE": "/Users/maples/GitHub/mortalitree_testing/labels/annayu_mortalitree_postfire_labels.geojson",
        "SUNETID": "annayu",
        "FIRENAME": "CASTLE",
        "FIRE_SLUG": "CASTLE",
        "PREFIRE": 0,
        "PREFIRE_STATUS": "postfire",
        "TILE_Z": 17,
        "TILE_X": 22370,
        "TILE_Y": 51403,
        "TILEXYZ": [
          17,
          22370,
          51403
        ],
        "OUTPUT_FILE": "/Users/maples/GitHub/mortalitree_testing/notebooks/single_tiles/postfire/17/22370/51403.geojson",
        "OUTPUT_STATUS_DIR": "postfire",
        "FEATURE_COUNT": 212
      },
      "geometry": {
        "type": "Polygon",
        "coordinates": [
          [
            [
              -118.55710177155225,
              36.14744398057247
            ],
            [
              -118.5570451147458,
              36.14744187447534
            ],
            [
              -118.55704771151194,
              36.147395922954814
            ],
            [
              -118.55710436828556,
              36.147398029048404
            ],
            [
              -118.55710177155225,
              36.14744398057247
            ]
          ]
        ]
      }
    },
    {
      "id": "549",
      "type": "Feature",
      "properties": {
        "id": null,
        "SOURCE_FILE": "/Users/maples/GitHub/mortalitree_testing/labels/annayu_mortalitree_postfire_labels.geojson",
        "SUNETID": "annayu",
        "FIRENAME": "CASTLE",
        "FIRE_SLUG": "CASTLE",
        "PREFIRE": 0,
        "PREFIRE_STATUS": "postfire",
        "TILE_Z": 17,
        "TILE_X": 22370,
        "TILE_Y": 51403,
        "TILEXYZ": [
          17,
          22370,
          51403
        ],
        "OUTPUT_FILE": "/Users/maples/GitHub/mortalitree_testing/notebooks/single_tiles/postfire/17/22370/51403.geojson",
        "OUTPUT_STATUS_DIR": "postfire",
        "FEATURE_COUNT": 212
      },
      "geometry": {
        "type": "Polygon",
        "coordinates": [
          [
            [
              -118.55657387247523,
              36.14734146952142
            ],
            [
              -118.55649455310801,
              36.147338520635515
            ],
            [
              -118.55649766960026,
              36.14728337885115
            ],
            [
              -118.55657698891228,
              36.147286327731145
            ],
            [
              -118.55657387247523,
              36.14734146952142
            ]
          ]
        ]
      }
    },
    {
      "id": "550",
      "type": "Feature",
      "properties": {
        "id": null,
        "SOURCE_FILE": "/Users/maples/GitHub/mortalitree_testing/labels/annayu_mortalitree_postfire_labels.geojson",
        "SUNETID": "annayu",
        "FIRENAME": "CASTLE",
        "FIRE_SLUG": "CASTLE",
        "PREFIRE": 0,
        "PREFIRE_STATUS": "postfire",
        "TILE_Z": 17,
        "TILE_X": 22370,
        "TILE_Y": 51403,
        "TILEXYZ": [
          17,
          22370,
          51403
        ],
        "OUTPUT_FILE": "/Users/maples/GitHub/mortalitree_testing/notebooks/single_tiles/postfire/17/22370/51403.geojson",
        "OUTPUT_STATUS_DIR": "postfire",
        "FEATURE_COUNT": 212
      },
      "geometry": {
        "type": "Polygon",
        "coordinates": [
          [
            [
              -118.55657322986774,
              36.14815649594608
            ],
            [
              -118.55645991531728,
              36.14815228315382
            ],
            [
              -118.55646510966137,
              36.14806038019628
            ],
            [
              -118.55657842408046,
              36.14806459297444
            ],
            [
              -118.55657322986774,
              36.14815649594608
            ]
          ]
        ]
      }
    },
    {
      "id": "551",
      "type": "Feature",
      "properties": {
        "id": null,
        "SOURCE_FILE": "/Users/maples/GitHub/mortalitree_testing/labels/annayu_mortalitree_postfire_labels.geojson",
        "SUNETID": "annayu",
        "FIRENAME": "CASTLE",
        "FIRE_SLUG": "CASTLE",
        "PREFIRE": 0,
        "PREFIRE_STATUS": "postfire",
        "TILE_Z": 17,
        "TILE_X": 22370,
        "TILE_Y": 51403,
        "TILEXYZ": [
          17,
          22370,
          51403
        ],
        "OUTPUT_FILE": "/Users/maples/GitHub/mortalitree_testing/notebooks/single_tiles/postfire/17/22370/51403.geojson",
        "OUTPUT_STATUS_DIR": "postfire",
        "FEATURE_COUNT": 212
      },
      "geometry": {
        "type": "Polygon",
        "coordinates": [
          [
            [
              -118.55650774226228,
              36.14831062459837
            ],
            [
              -118.55642842192636,
              36.14830767560084
            ],
            [
              -118.55643309689674,
              36.148224962944845
            ],
            [
              -118.5565124171499,
              36.14822791193349
            ],
            [
              -118.55650774226228,
              36.14831062459837
            ]
          ]
        ]
      }
    },
    {
      "id": "552",
      "type": "Feature",
      "properties": {
        "id": null,
        "SOURCE_FILE": "/Users/maples/GitHub/mortalitree_testing/labels/annayu_mortalitree_postfire_labels.geojson",
        "SUNETID": "annayu",
        "FIRENAME": "CASTLE",
        "FIRE_SLUG": "CASTLE",
        "PREFIRE": 0,
        "PREFIRE_STATUS": "postfire",
        "TILE_Z": 17,
        "TILE_X": 22370,
        "TILE_Y": 51403,
        "TILEXYZ": [
          17,
          22370,
          51403
        ],
        "OUTPUT_FILE": "/Users/maples/GitHub/mortalitree_testing/notebooks/single_tiles/postfire/17/22370/51403.geojson",
        "OUTPUT_STATUS_DIR": "postfire",
        "FEATURE_COUNT": 212
      },
      "geometry": {
        "type": "Polygon",
        "coordinates": [
          [
            [
              -118.55622943867974,
              36.148111480571046
            ],
            [
              -118.55621337890625,
              36.14811088346232
            ],
            [
              -118.55621337890625,
              36.148074045036324
            ],
            [
              -118.55623151652466,
              36.148074719399546
            ],
            [
              -118.55622943867974,
              36.148111480571046
            ]
          ]
        ]
      }
    },
    {
      "id": "553",
      "type": "Feature",
      "properties": {
        "id": null,
        "SOURCE_FILE": "/Users/maples/GitHub/mortalitree_testing/labels/annayu_mortalitree_postfire_labels.geojson",
        "SUNETID": "annayu",
        "FIRENAME": "CASTLE",
        "FIRE_SLUG": "CASTLE",
        "PREFIRE": 0,
        "PREFIRE_STATUS": "postfire",
        "TILE_Z": 17,
        "TILE_X": 22370,
        "TILE_Y": 51403,
        "TILEXYZ": [
          17,
          22370,
          51403
        ],
        "OUTPUT_FILE": "/Users/maples/GitHub/mortalitree_testing/notebooks/single_tiles/postfire/17/22370/51403.geojson",
        "OUTPUT_STATUS_DIR": "postfire",
        "FEATURE_COUNT": 212
      },
      "geometry": {
        "type": "Polygon",
        "coordinates": [
          [
            [
              -118.55626525111487,
              36.148080578457616
            ],
            [
              -118.55621992535451,
              36.148078893240005
            ],
            [
              -118.55622356158408,
              36.14801456119015
            ],
            [
              -118.55626888730764,
              36.14801624640382
            ],
            [
              -118.55626525111487,
              36.148080578457616
            ]
          ]
        ]
      }
    },
    {
      "id": "554",
      "type": "Feature",
      "properties": {
        "id": null,
        "SOURCE_FILE": "/Users/maples/GitHub/mortalitree_testing/labels/annayu_mortalitree_postfire_labels.geojson",
        "SUNETID": "annayu",
        "FIRENAME": "CASTLE",
        "FIRE_SLUG": "CASTLE",
        "PREFIRE": 0,
        "PREFIRE_STATUS": "postfire",
        "TILE_Z": 17,
        "TILE_X": 22370,
        "TILE_Y": 51403,
        "TILEXYZ": [
          17,
          22370,
          51403
        ],
        "OUTPUT_FILE": "/Users/maples/GitHub/mortalitree_testing/notebooks/single_tiles/postfire/17/22370/51403.geojson",
        "OUTPUT_STATUS_DIR": "postfire",
        "FEATURE_COUNT": 212
      },
      "geometry": {
        "type": "Polygon",
        "coordinates": [
          [
            [
              -118.55626244240781,
              36.14802982119313
            ],
            [
              -118.55621337890625,
              36.14802799699868
            ],
            [
              -118.55621337890625,
              36.14798194896615
            ],
            [
              -118.55626503968634,
              36.14798386972602
            ],
            [
              -118.55626244240781,
              36.14802982119313
            ]
          ]
        ]
      }
    },
    {
      "id": "555",
      "type": "Feature",
      "properties": {
        "id": null,
        "SOURCE_FILE": "/Users/maples/GitHub/mortalitree_testing/labels/annayu_mortalitree_postfire_labels.geojson",
        "SUNETID": "annayu",
        "FIRENAME": "CASTLE",
        "FIRE_SLUG": "CASTLE",
        "PREFIRE": 0,
        "PREFIRE_STATUS": "postfire",
        "TILE_Z": 17,
        "TILE_X": 22370,
        "TILE_Y": 51403,
        "TILEXYZ": [
          17,
          22370,
          51403
        ],
        "OUTPUT_FILE": "/Users/maples/GitHub/mortalitree_testing/notebooks/single_tiles/postfire/17/22370/51403.geojson",
        "OUTPUT_STATUS_DIR": "postfire",
        "FEATURE_COUNT": 212
      },
      "geometry": {
        "type": "Polygon",
        "coordinates": [
          [
            [
              -118.55682575519477,
              36.148409938540176
            ],
            [
              -118.55672377173515,
              36.14840614722419
            ],
            [
              -118.5567284464123,
              36.14832343453634
            ],
            [
              -118.55683042976547,
              36.14832722584088
            ],
            [
              -118.55682575519477,
              36.148409938540176
            ]
          ]
        ]
      }
    },
    {
      "id": "556",
      "type": "Feature",
      "properties": {
        "id": null,
        "SOURCE_FILE": "/Users/maples/GitHub/mortalitree_testing/labels/annayu_mortalitree_postfire_labels.geojson",
        "SUNETID": "annayu",
        "FIRENAME": "CASTLE",
        "FIRE_SLUG": "CASTLE",
        "PREFIRE": 0,
        "PREFIRE_STATUS": "postfire",
        "TILE_Z": 17,
        "TILE_X": 22370,
        "TILE_Y": 51403,
        "TILEXYZ": [
          17,
          22370,
          51403
        ],
        "OUTPUT_FILE": "/Users/maples/GitHub/mortalitree_testing/notebooks/single_tiles/postfire/17/22370/51403.geojson",
        "OUTPUT_STATUS_DIR": "postfire",
        "FEATURE_COUNT": 212
      },
      "geometry": {
        "type": "Polygon",
        "coordinates": [
          [
            [
              -118.55674523164713,
              36.148227357657234
            ],
            [
              -118.55667724283697,
              36.1482248300881
            ],
            [
              -118.55668191753195,
              36.148142117402955
            ],
            [
              -118.55674990627114,
              36.14814464496448
            ],
            [
              -118.55674523164713,
              36.148227357657234
            ]
          ]
        ]
      }
    },
    {
      "id": "557",
      "type": "Feature",
      "properties": {
        "id": null,
        "SOURCE_FILE": "/Users/maples/GitHub/mortalitree_testing/labels/annayu_mortalitree_postfire_labels.geojson",
        "SUNETID": "annayu",
        "FIRENAME": "CASTLE",
        "FIRE_SLUG": "CASTLE",
        "PREFIRE": 0,
        "PREFIRE_STATUS": "postfire",
        "TILE_Z": 17,
        "TILE_X": 22370,
        "TILE_Y": 51403,
        "TILEXYZ": [
          17,
          22370,
          51403
        ],
        "OUTPUT_FILE": "/Users/maples/GitHub/mortalitree_testing/notebooks/single_tiles/postfire/17/22370/51403.geojson",
        "OUTPUT_STATUS_DIR": "postfire",
        "FEATURE_COUNT": 212
      },
      "geometry": {
        "type": "Polygon",
        "coordinates": [
          [
            [
              -118.55676315093574,
              36.14791029232598
            ],
            [
              -118.55666116813163,
              36.14790650100163
            ],
            [
              -118.55666532338361,
              36.14783297861263
            ],
            [
              -118.5567673060931,
              36.14783676992681
            ],
            [
              -118.55676315093574,
              36.14791029232598
            ]
          ]
        ]
      }
    },
    {
      "id": "558",
      "type": "Feature",
      "properties": {
        "id": null,
        "SOURCE_FILE": "/Users/maples/GitHub/mortalitree_testing/labels/annayu_mortalitree_postfire_labels.geojson",
        "SUNETID": "annayu",
        "FIRENAME": "CASTLE",
        "FIRE_SLUG": "CASTLE",
        "PREFIRE": 0,
        "PREFIRE_STATUS": "postfire",
        "TILE_Z": 17,
        "TILE_X": 22370,
        "TILE_Y": 51403,
        "TILEXYZ": [
          17,
          22370,
          51403
        ],
        "OUTPUT_FILE": "/Users/maples/GitHub/mortalitree_testing/notebooks/single_tiles/postfire/17/22370/51403.geojson",
        "OUTPUT_STATUS_DIR": "postfire",
        "FEATURE_COUNT": 212
      },
      "geometry": {
        "type": "Polygon",
        "coordinates": [
          [
            [
              -118.55676652700225,
              36.147850555376756
            ],
            [
              -118.5566985385153,
              36.1478480278423
            ],
            [
              -118.5567011355222,
              36.14780207634655
            ],
            [
              -118.55676912396973,
              36.14780460387677
            ],
            [
              -118.55676652700225,
              36.147850555376756
            ]
          ]
        ]
      }
    },
    {
      "id": "559",
      "type": "Feature",
      "properties": {
        "id": null,
        "SOURCE_FILE": "/Users/maples/GitHub/mortalitree_testing/labels/annayu_mortalitree_postfire_labels.geojson",
        "SUNETID": "annayu",
        "FIRENAME": "CASTLE",
        "FIRE_SLUG": "CASTLE",
        "PREFIRE": 0,
        "PREFIRE_STATUS": "postfire",
        "TILE_Z": 17,
        "TILE_X": 22370,
        "TILE_Y": 51403,
        "TILEXYZ": [
          17,
          22370,
          51403
        ],
        "OUTPUT_FILE": "/Users/maples/GitHub/mortalitree_testing/notebooks/single_tiles/postfire/17/22370/51403.geojson",
        "OUTPUT_STATUS_DIR": "postfire",
        "FEATURE_COUNT": 212
      },
      "geometry": {
        "type": "Polygon",
        "coordinates": [
          [
            [
              -118.55702075215203,
              36.14777251479426
            ],
            [
              -118.55695276370892,
              36.14776998740883
            ],
            [
              -118.55695536056012,
              36.14772403589657
            ],
            [
              -118.55702334896378,
              36.14772656327779
            ],
            [
              -118.55702075215203,
              36.14777251479426
            ]
          ]
        ]
      }
    },
    {
      "id": "560",
      "type": "Feature",
      "properties": {
        "id": null,
        "SOURCE_FILE": "/Users/maples/GitHub/mortalitree_testing/labels/annayu_mortalitree_postfire_labels.geojson",
        "SUNETID": "annayu",
        "FIRENAME": "CASTLE",
        "FIRE_SLUG": "CASTLE",
        "PREFIRE": 0,
        "PREFIRE_STATUS": "postfire",
        "TILE_Z": 17,
        "TILE_X": 22370,
        "TILE_Y": 51403,
        "TILEXYZ": [
          17,
          22370,
          51403
        ],
        "OUTPUT_FILE": "/Users/maples/GitHub/mortalitree_testing/notebooks/single_tiles/postfire/17/22370/51403.geojson",
        "OUTPUT_STATUS_DIR": "postfire",
        "FEATURE_COUNT": 212
      },
      "geometry": {
        "type": "Polygon",
        "coordinates": [
          [
            [
              -118.55702278231425,
              36.14783705753067
            ],
            [
              -118.55696612523117,
              36.14783495137654
            ],
            [
              -118.55696872208071,
              36.14778899986397
            ],
            [
              -118.55702537913095,
              36.14779110601457
            ],
            [
              -118.55702278231425,
              36.14783705753067
            ]
          ]
        ]
      }
    },
    {
      "id": "561",
      "type": "Feature",
      "properties": {
        "id": null,
        "SOURCE_FILE": "/Users/maples/GitHub/mortalitree_testing/labels/annayu_mortalitree_postfire_labels.geojson",
        "SUNETID": "annayu",
        "FIRENAME": "CASTLE",
        "FIRE_SLUG": "CASTLE",
        "PREFIRE": 0,
        "PREFIRE_STATUS": "postfire",
        "TILE_Z": 17,
        "TILE_X": 22370,
        "TILE_Y": 51403,
        "TILEXYZ": [
          17,
          22370,
          51403
        ],
        "OUTPUT_FILE": "/Users/maples/GitHub/mortalitree_testing/notebooks/single_tiles/postfire/17/22370/51403.geojson",
        "OUTPUT_STATUS_DIR": "postfire",
        "FEATURE_COUNT": 212
      },
      "geometry": {
        "type": "Polygon",
        "coordinates": [
          [
            [
              -118.55698416109205,
              36.14781720262018
            ],
            [
              -118.55690484120154,
              36.14781425397273
            ],
            [
              -118.55690847683658,
              36.147749921860125
            ],
            [
              -118.55698779666271,
              36.14775287050066
            ],
            [
              -118.55698416109205,
              36.14781720262018
            ]
          ]
        ]
      }
    },
    {
      "id": "562",
      "type": "Feature",
      "properties": {
        "id": null,
        "SOURCE_FILE": "/Users/maples/GitHub/mortalitree_testing/labels/annayu_mortalitree_postfire_labels.geojson",
        "SUNETID": "annayu",
        "FIRENAME": "CASTLE",
        "FIRE_SLUG": "CASTLE",
        "PREFIRE": 0,
        "PREFIRE_STATUS": "postfire",
        "TILE_Z": 17,
        "TILE_X": 22370,
        "TILE_Y": 51403,
        "TILEXYZ": [
          17,
          22370,
          51403
        ],
        "OUTPUT_FILE": "/Users/maples/GitHub/mortalitree_testing/notebooks/single_tiles/postfire/17/22370/51403.geojson",
        "OUTPUT_STATUS_DIR": "postfire",
        "FEATURE_COUNT": 212
      },
      "geometry": {
        "type": "Polygon",
        "coordinates": [
          [
            [
              -118.55788000127995,
              36.14753737418719
            ],
            [
              -118.55776668741868,
              36.14753316269326
            ],
            [
              -118.55777239938952,
              36.14743206924975
            ],
            [
              -118.55788571310627,
              36.147436280728186
            ],
            [
              -118.55788000127995,
              36.14753737418719
            ]
          ]
        ]
      }
    },
    {
      "id": "563",
      "type": "Feature",
      "properties": {
        "id": null,
        "SOURCE_FILE": "/Users/maples/GitHub/mortalitree_testing/labels/annayu_mortalitree_postfire_labels.geojson",
        "SUNETID": "annayu",
        "FIRENAME": "CASTLE",
        "FIRE_SLUG": "CASTLE",
        "PREFIRE": 0,
        "PREFIRE_STATUS": "postfire",
        "TILE_Z": 17,
        "TILE_X": 22370,
        "TILE_Y": 51403,
        "TILEXYZ": [
          17,
          22370,
          51403
        ],
        "OUTPUT_FILE": "/Users/maples/GitHub/mortalitree_testing/notebooks/single_tiles/postfire/17/22370/51403.geojson",
        "OUTPUT_STATUS_DIR": "postfire",
        "FEATURE_COUNT": 212
      },
      "geometry": {
        "type": "Polygon",
        "coordinates": [
          [
            [
              -118.55828932060908,
              36.147326950746475
            ],
            [
              -118.55821000107142,
              36.14732400299776
            ],
            [
              -118.55821311636126,
              36.14726886108463
            ],
            [
              -118.55829243584374,
              36.147271808827426
            ],
            [
              -118.55828932060908,
              36.147326950746475
            ]
          ]
        ]
      }
    },
    {
      "id": "564",
      "type": "Feature",
      "properties": {
        "id": null,
        "SOURCE_FILE": "/Users/maples/GitHub/mortalitree_testing/labels/annayu_mortalitree_postfire_labels.geojson",
        "SUNETID": "annayu",
        "FIRENAME": "CASTLE",
        "FIRE_SLUG": "CASTLE",
        "PREFIRE": 0,
        "PREFIRE_STATUS": "postfire",
        "TILE_Z": 17,
        "TILE_X": 22370,
        "TILE_Y": 51403,
        "TILEXYZ": [
          17,
          22370,
          51403
        ],
        "OUTPUT_FILE": "/Users/maples/GitHub/mortalitree_testing/notebooks/single_tiles/postfire/17/22370/51403.geojson",
        "OUTPUT_STATUS_DIR": "postfire",
        "FEATURE_COUNT": 212
      },
      "geometry": {
        "type": "Polygon",
        "coordinates": [
          [
            [
              -118.55803431906891,
              36.14741877969939
            ],
            [
              -118.55794366809542,
              36.14741541063909
            ],
            [
              -118.5579483413223,
              36.14733269780034
            ],
            [
              -118.55803899220116,
              36.147336066850485
            ],
            [
              -118.55803431906891,
              36.14741877969939
            ]
          ]
        ]
      }
    },
    {
      "id": "565",
      "type": "Feature",
      "properties": {
        "id": null,
        "SOURCE_FILE": "/Users/maples/GitHub/mortalitree_testing/labels/annayu_mortalitree_postfire_labels.geojson",
        "SUNETID": "annayu",
        "FIRENAME": "CASTLE",
        "FIRE_SLUG": "CASTLE",
        "PREFIRE": 0,
        "PREFIRE_STATUS": "postfire",
        "TILE_Z": 17,
        "TILE_X": 22370,
        "TILE_Y": 51403,
        "TILEXYZ": [
          17,
          22370,
          51403
        ],
        "OUTPUT_FILE": "/Users/maples/GitHub/mortalitree_testing/notebooks/single_tiles/postfire/17/22370/51403.geojson",
        "OUTPUT_STATUS_DIR": "postfire",
        "FEATURE_COUNT": 212
      },
      "geometry": {
        "type": "Polygon",
        "coordinates": [
          [
            [
              -118.5579256325382,
              36.14743315956285
            ],
            [
              -118.55785764430432,
              36.14743063271146
            ],
            [
              -118.55786075985294,
              36.147375490825745
            ],
            [
              -118.55792874803954,
              36.147378017672054
            ],
            [
              -118.5579256325382,
              36.14743315956285
            ]
          ]
        ]
      }
    },
    {
      "id": "566",
      "type": "Feature",
      "properties": {
        "id": null,
        "SOURCE_FILE": "/Users/maples/GitHub/mortalitree_testing/labels/annayu_mortalitree_postfire_labels.geojson",
        "SUNETID": "annayu",
        "FIRENAME": "CASTLE",
        "FIRE_SLUG": "CASTLE",
        "PREFIRE": 0,
        "PREFIRE_STATUS": "postfire",
        "TILE_Z": 17,
        "TILE_X": 22370,
        "TILE_Y": 51403,
        "TILEXYZ": [
          17,
          22370,
          51403
        ],
        "OUTPUT_FILE": "/Users/maples/GitHub/mortalitree_testing/notebooks/single_tiles/postfire/17/22370/51403.geojson",
        "OUTPUT_STATUS_DIR": "postfire",
        "FEATURE_COUNT": 212
      },
      "geometry": {
        "type": "Polygon",
        "coordinates": [
          [
            [
              -118.55856684858838,
              36.14753987564066
            ],
            [
              -118.55846486601371,
              36.14753608588562
            ],
            [
              -118.55846901952596,
              36.14746256331171
            ],
            [
              -118.55857100200606,
              36.14746635305663
            ],
            [
              -118.55856684858838,
              36.14753987564066
            ]
          ]
        ]
      }
    },
    {
      "id": "567",
      "type": "Feature",
      "properties": {
        "id": null,
        "SOURCE_FILE": "/Users/maples/GitHub/mortalitree_testing/labels/annayu_mortalitree_postfire_labels.geojson",
        "SUNETID": "annayu",
        "FIRENAME": "CASTLE",
        "FIRE_SLUG": "CASTLE",
        "PREFIRE": 0,
        "PREFIRE_STATUS": "postfire",
        "TILE_Z": 17,
        "TILE_X": 22370,
        "TILE_Y": 51403,
        "TILEXYZ": [
          17,
          22370,
          51403
        ],
        "OUTPUT_FILE": "/Users/maples/GitHub/mortalitree_testing/notebooks/single_tiles/postfire/17/22370/51403.geojson",
        "OUTPUT_STATUS_DIR": "postfire",
        "FEATURE_COUNT": 212
      },
      "geometry": {
        "type": "Polygon",
        "coordinates": [
          [
            [
              -118.55803537075629,
              36.14850555317831
            ],
            [
              -118.5579787131144,
              36.148503447469835
            ],
            [
              -118.55798234796411,
              36.14843911527068
            ],
            [
              -118.55803900556002,
              36.14844122097423
            ],
            [
              -118.55803537075629,
              36.14850555317831
            ]
          ]
        ]
      }
    },
    {
      "id": "568",
      "type": "Feature",
      "properties": {
        "id": null,
        "SOURCE_FILE": "/Users/maples/GitHub/mortalitree_testing/labels/annayu_mortalitree_postfire_labels.geojson",
        "SUNETID": "annayu",
        "FIRENAME": "CASTLE",
        "FIRE_SLUG": "CASTLE",
        "PREFIRE": 0,
        "PREFIRE_STATUS": "postfire",
        "TILE_Z": 17,
        "TILE_X": 22370,
        "TILE_Y": 51403,
        "TILEXYZ": [
          17,
          22370,
          51403
        ],
        "OUTPUT_FILE": "/Users/maples/GitHub/mortalitree_testing/notebooks/single_tiles/postfire/17/22370/51403.geojson",
        "OUTPUT_STATUS_DIR": "postfire",
        "FEATURE_COUNT": 212
      },
      "geometry": {
        "type": "Polygon",
        "coordinates": [
          [
            [
              -118.55766034525357,
              36.14861133962706
            ],
            [
              -118.5575923560274,
              36.148608812554436
            ],
            [
              -118.55759495258516,
              36.148562861008635
            ],
            [
              -118.55766294177195,
              36.148565388077046
            ],
            [
              -118.55766034525357,
              36.14861133962706
            ]
          ]
        ]
      }
    },
    {
      "id": "569",
      "type": "Feature",
      "properties": {
        "id": null,
        "SOURCE_FILE": "/Users/maples/GitHub/mortalitree_testing/labels/annayu_mortalitree_postfire_labels.geojson",
        "SUNETID": "annayu",
        "FIRENAME": "CASTLE",
        "FIRE_SLUG": "CASTLE",
        "PREFIRE": 0,
        "PREFIRE_STATUS": "postfire",
        "TILE_Z": 17,
        "TILE_X": 22370,
        "TILE_Y": 51403,
        "TILEXYZ": [
          17,
          22370,
          51403
        ],
        "OUTPUT_FILE": "/Users/maples/GitHub/mortalitree_testing/notebooks/single_tiles/postfire/17/22370/51403.geojson",
        "OUTPUT_STATUS_DIR": "postfire",
        "FEATURE_COUNT": 212
      },
      "geometry": {
        "type": "Polygon",
        "coordinates": [
          [
            [
              -118.55802061792059,
              36.14866617311326
            ],
            [
              -118.55795262861378,
              36.148663646241886
            ],
            [
              -118.55795626350609,
              36.14859931404672
            ],
            [
              -118.55802425275773,
              36.14860184091218
            ],
            [
              -118.55802061792059,
              36.14866617311326
            ]
          ]
        ]
      }
    },
    {
      "id": "570",
      "type": "Feature",
      "properties": {
        "id": null,
        "SOURCE_FILE": "/Users/maples/GitHub/mortalitree_testing/labels/annayu_mortalitree_postfire_labels.geojson",
        "SUNETID": "annayu",
        "FIRENAME": "CASTLE",
        "FIRE_SLUG": "CASTLE",
        "PREFIRE": 0,
        "PREFIRE_STATUS": "postfire",
        "TILE_Z": 17,
        "TILE_X": 22370,
        "TILE_Y": 51403,
        "TILEXYZ": [
          17,
          22370,
          51403
        ],
        "OUTPUT_FILE": "/Users/maples/GitHub/mortalitree_testing/notebooks/single_tiles/postfire/17/22370/51403.geojson",
        "OUTPUT_STATUS_DIR": "postfire",
        "FEATURE_COUNT": 212
      },
      "geometry": {
        "type": "Polygon",
        "coordinates": [
          [
            [
              -118.5581228615224,
              36.14866536819042
            ],
            [
              -118.55807753531107,
              36.148663683652515
            ],
            [
              -118.55808013159107,
              36.14861773207683
            ],
            [
              -118.55812545777611,
              36.148619416611936
            ],
            [
              -118.5581228615224,
              36.14866536819042
            ]
          ]
        ]
      }
    },
    {
      "id": "571",
      "type": "Feature",
      "properties": {
        "id": null,
        "SOURCE_FILE": "/Users/maples/GitHub/mortalitree_testing/labels/annayu_mortalitree_postfire_labels.geojson",
        "SUNETID": "annayu",
        "FIRENAME": "CASTLE",
        "FIRE_SLUG": "CASTLE",
        "PREFIRE": 0,
        "PREFIRE_STATUS": "postfire",
        "TILE_Z": 17,
        "TILE_X": 22370,
        "TILE_Y": 51403,
        "TILEXYZ": [
          17,
          22370,
          51403
        ],
        "OUTPUT_FILE": "/Users/maples/GitHub/mortalitree_testing/notebooks/single_tiles/postfire/17/22370/51403.geojson",
        "OUTPUT_STATUS_DIR": "postfire",
        "FEATURE_COUNT": 212
      },
      "geometry": {
        "type": "Polygon",
        "coordinates": [
          [
            [
              -118.55799894719638,
              36.1487482542256
            ],
            [
              -118.55789696313606,
              36.14874446387829
            ],
            [
              -118.5579005980846,
              36.148680131688856
            ],
            [
              -118.55800258206216,
              36.1486839220273
            ],
            [
              -118.55799894719638,
              36.1487482542256
            ]
          ]
        ]
      }
    },
    {
      "id": "572",
      "type": "Feature",
      "properties": {
        "id": null,
        "SOURCE_FILE": "/Users/maples/GitHub/mortalitree_testing/labels/annayu_mortalitree_postfire_labels.geojson",
        "SUNETID": "annayu",
        "FIRENAME": "CASTLE",
        "FIRE_SLUG": "CASTLE",
        "PREFIRE": 0,
        "PREFIRE_STATUS": "postfire",
        "TILE_Z": 17,
        "TILE_X": 22370,
        "TILE_Y": 51403,
        "TILEXYZ": [
          17,
          22370,
          51403
        ],
        "OUTPUT_FILE": "/Users/maples/GitHub/mortalitree_testing/notebooks/single_tiles/postfire/17/22370/51403.geojson",
        "OUTPUT_STATUS_DIR": "postfire",
        "FEATURE_COUNT": 212
      },
      "geometry": {
        "type": "Polygon",
        "coordinates": [
          [
            [
              -118.55756865432384,
              36.14862635080595
            ],
            [
              -118.55748933355555,
              36.14862340248903
            ],
            [
              -118.55749296882088,
              36.14855907033397
            ],
            [
              -118.5575722895248,
              36.148562018643986
            ],
            [
              -118.55756865432384,
              36.14862635080595
            ]
          ]
        ]
      }
    },
    {
      "id": "573",
      "type": "Feature",
      "properties": {
        "id": null,
        "SOURCE_FILE": "/Users/maples/GitHub/mortalitree_testing/labels/annayu_mortalitree_postfire_labels.geojson",
        "SUNETID": "annayu",
        "FIRENAME": "CASTLE",
        "FIRE_SLUG": "CASTLE",
        "PREFIRE": 0,
        "PREFIRE_STATUS": "postfire",
        "TILE_Z": 17,
        "TILE_X": 22370,
        "TILE_Y": 51403,
        "TILEXYZ": [
          17,
          22370,
          51403
        ],
        "OUTPUT_FILE": "/Users/maples/GitHub/mortalitree_testing/notebooks/single_tiles/postfire/17/22370/51403.geojson",
        "OUTPUT_STATUS_DIR": "postfire",
        "FEATURE_COUNT": 212
      },
      "geometry": {
        "type": "Polygon",
        "coordinates": [
          [
            [
              -118.55706241824839,
              36.1484417603646
            ],
            [
              -118.55699442922385,
              36.14843923296268
            ],
            [
              -118.55699702611432,
              36.14839328145297
            ],
            [
              -118.55706501509944,
              36.14839580885066
            ],
            [
              -118.55706241824839,
              36.1484417603646
            ]
          ]
        ]
      }
    },
    {
      "id": "574",
      "type": "Feature",
      "properties": {
        "id": null,
        "SOURCE_FILE": "/Users/maples/GitHub/mortalitree_testing/labels/annayu_mortalitree_postfire_labels.geojson",
        "SUNETID": "annayu",
        "FIRENAME": "CASTLE",
        "FIRE_SLUG": "CASTLE",
        "PREFIRE": 0,
        "PREFIRE_STATUS": "postfire",
        "TILE_Z": 17,
        "TILE_X": 22370,
        "TILE_Y": 51403,
        "TILEXYZ": [
          17,
          22370,
          51403
        ],
        "OUTPUT_FILE": "/Users/maples/GitHub/mortalitree_testing/notebooks/single_tiles/postfire/17/22370/51403.geojson",
        "OUTPUT_STATUS_DIR": "postfire",
        "FEATURE_COUNT": 212
      },
      "geometry": {
        "type": "Polygon",
        "coordinates": [
          [
            [
              -118.5570041551822,
              36.1485685290442
            ],
            [
              -118.55693616605363,
              36.148566001601594
            ],
            [
              -118.5569398017631,
              36.14850166949431
            ],
            [
              -118.55700779083648,
              36.14850419693098
            ],
            [
              -118.5570041551822,
              36.1485685290442
            ]
          ]
        ]
      }
    },
    {
      "id": "575",
      "type": "Feature",
      "properties": {
        "id": null,
        "SOURCE_FILE": "/Users/maples/GitHub/mortalitree_testing/labels/annayu_mortalitree_postfire_labels.geojson",
        "SUNETID": "annayu",
        "FIRENAME": "CASTLE",
        "FIRE_SLUG": "CASTLE",
        "PREFIRE": 0,
        "PREFIRE_STATUS": "postfire",
        "TILE_Z": 17,
        "TILE_X": 22370,
        "TILE_Y": 51403,
        "TILEXYZ": [
          17,
          22370,
          51403
        ],
        "OUTPUT_FILE": "/Users/maples/GitHub/mortalitree_testing/notebooks/single_tiles/postfire/17/22370/51403.geojson",
        "OUTPUT_STATUS_DIR": "postfire",
        "FEATURE_COUNT": 212
      },
      "geometry": {
        "type": "Polygon",
        "coordinates": [
          [
            [
              -118.55746213700498,
              36.14840136092978
            ],
            [
              -118.55737148497133,
              36.14839799135782
            ],
            [
              -118.55737512030294,
              36.148333659210635
            ],
            [
              -118.55746577226299,
              36.14833702877471
            ],
            [
              -118.55746213700498,
              36.14840136092978
            ]
          ]
        ]
      }
    },
    {
      "id": "576",
      "type": "Feature",
      "properties": {
        "id": null,
        "SOURCE_FILE": "/Users/maples/GitHub/mortalitree_testing/labels/annayu_mortalitree_postfire_labels.geojson",
        "SUNETID": "annayu",
        "FIRENAME": "CASTLE",
        "FIRE_SLUG": "CASTLE",
        "PREFIRE": 0,
        "PREFIRE_STATUS": "postfire",
        "TILE_Z": 17,
        "TILE_X": 22370,
        "TILE_Y": 51403,
        "TILEXYZ": [
          17,
          22370,
          51403
        ],
        "OUTPUT_FILE": "/Users/maples/GitHub/mortalitree_testing/notebooks/single_tiles/postfire/17/22370/51403.geojson",
        "OUTPUT_STATUS_DIR": "postfire",
        "FEATURE_COUNT": 212
      },
      "geometry": {
        "type": "Polygon",
        "coordinates": [
          [
            [
              -118.55763907361982,
              36.14838491350594
            ],
            [
              -118.55754842158329,
              36.148381544069224
            ],
            [
              -118.55755205676822,
              36.148317211906395
            ],
            [
              -118.55764270873114,
              36.14832058133523
            ],
            [
              -118.55763907361982,
              36.14838491350594
            ]
          ]
        ]
      }
    },
    {
      "id": "577",
      "type": "Feature",
      "properties": {
        "id": null,
        "SOURCE_FILE": "/Users/maples/GitHub/mortalitree_testing/labels/annayu_mortalitree_postfire_labels.geojson",
        "SUNETID": "annayu",
        "FIRENAME": "CASTLE",
        "FIRE_SLUG": "CASTLE",
        "PREFIRE": 0,
        "PREFIRE_STATUS": "postfire",
        "TILE_Z": 17,
        "TILE_X": 22370,
        "TILE_Y": 51403,
        "TILEXYZ": [
          17,
          22370,
          51403
        ],
        "OUTPUT_FILE": "/Users/maples/GitHub/mortalitree_testing/notebooks/single_tiles/postfire/17/22370/51403.geojson",
        "OUTPUT_STATUS_DIR": "postfire",
        "FEATURE_COUNT": 212
      },
      "geometry": {
        "type": "Polygon",
        "coordinates": [
          [
            [
              -118.55788036430633,
              36.14843532493702
            ],
            [
              -118.55778971218203,
              36.148431955678916
            ],
            [
              -118.55779438574434,
              36.14834924287151
            ],
            [
              -118.55788503777403,
              36.14835261211945
            ],
            [
              -118.55788036430633,
              36.14843532493702
            ]
          ]
        ]
      }
    },
    {
      "id": "578",
      "type": "Feature",
      "properties": {
        "id": null,
        "SOURCE_FILE": "/Users/maples/GitHub/mortalitree_testing/labels/annayu_mortalitree_postfire_labels.geojson",
        "SUNETID": "annayu",
        "FIRENAME": "CASTLE",
        "FIRE_SLUG": "CASTLE",
        "PREFIRE": 0,
        "PREFIRE_STATUS": "postfire",
        "TILE_Z": 17,
        "TILE_X": 22370,
        "TILE_Y": 51403,
        "TILEXYZ": [
          17,
          22370,
          51403
        ],
        "OUTPUT_FILE": "/Users/maples/GitHub/mortalitree_testing/notebooks/single_tiles/postfire/17/22370/51403.geojson",
        "OUTPUT_STATUS_DIR": "postfire",
        "FEATURE_COUNT": 212
      },
      "geometry": {
        "type": "Polygon",
        "coordinates": [
          [
            [
              -118.55790553121061,
              36.14859282371588
            ],
            [
              -118.55783754197773,
              36.14859029678355
            ],
            [
              -118.55784013839073,
              36.148544345222334
            ],
            [
              -118.55790812758418,
              36.14854687215041
            ],
            [
              -118.55790553121061,
              36.14859282371588
            ]
          ]
        ]
      }
    },
    {
      "id": "579",
      "type": "Feature",
      "properties": {
        "id": null,
        "SOURCE_FILE": "/Users/maples/GitHub/mortalitree_testing/labels/annayu_mortalitree_postfire_labels.geojson",
        "SUNETID": "annayu",
        "FIRENAME": "CASTLE",
        "FIRE_SLUG": "CASTLE",
        "PREFIRE": 0,
        "PREFIRE_STATUS": "postfire",
        "TILE_Z": 17,
        "TILE_X": 22370,
        "TILE_Y": 51403,
        "TILEXYZ": [
          17,
          22370,
          51403
        ],
        "OUTPUT_FILE": "/Users/maples/GitHub/mortalitree_testing/notebooks/single_tiles/postfire/17/22370/51403.geojson",
        "OUTPUT_STATUS_DIR": "postfire",
        "FEATURE_COUNT": 212
      },
      "geometry": {
        "type": "Polygon",
        "coordinates": [
          [
            [
              -118.55783879383678,
              36.14866862501626
            ],
            [
              -118.55773680990177,
              36.1486648345397
            ],
            [
              -118.5577404449705,
              36.148600502363436
            ],
            [
              -118.55784242882275,
              36.1486042928311
            ],
            [
              -118.55783879383678,
              36.14866862501626
            ]
          ]
        ]
      }
    },
    {
      "id": "580",
      "type": "Feature",
      "properties": {
        "id": null,
        "SOURCE_FILE": "/Users/maples/GitHub/mortalitree_testing/labels/annayu_mortalitree_postfire_labels.geojson",
        "SUNETID": "annayu",
        "FIRENAME": "CASTLE",
        "FIRE_SLUG": "CASTLE",
        "PREFIRE": 0,
        "PREFIRE_STATUS": "postfire",
        "TILE_Z": 17,
        "TILE_X": 22370,
        "TILE_Y": 51403,
        "TILEXYZ": [
          17,
          22370,
          51403
        ],
        "OUTPUT_FILE": "/Users/maples/GitHub/mortalitree_testing/notebooks/single_tiles/postfire/17/22370/51403.geojson",
        "OUTPUT_STATUS_DIR": "postfire",
        "FEATURE_COUNT": 212
      },
      "geometry": {
        "type": "Polygon",
        "coordinates": [
          [
            [
              -118.55784757531052,
              36.148613693722396
            ],
            [
              -118.55774559144541,
              36.14860990325827
            ],
            [
              -118.55775026508447,
              36.148527190458275
            ],
            [
              -118.55785224884318,
              36.14853098091099
            ],
            [
              -118.55784757531052,
              36.148613693722396
            ]
          ]
        ]
      }
    },
    {
      "id": "581",
      "type": "Feature",
      "properties": {
        "id": null,
        "SOURCE_FILE": "/Users/maples/GitHub/mortalitree_testing/labels/annayu_mortalitree_postfire_labels.geojson",
        "SUNETID": "annayu",
        "FIRENAME": "CASTLE",
        "FIRE_SLUG": "CASTLE",
        "PREFIRE": 0,
        "PREFIRE_STATUS": "postfire",
        "TILE_Z": 17,
        "TILE_X": 22370,
        "TILE_Y": 51403,
        "TILEXYZ": [
          17,
          22370,
          51403
        ],
        "OUTPUT_FILE": "/Users/maples/GitHub/mortalitree_testing/notebooks/single_tiles/postfire/17/22370/51403.geojson",
        "OUTPUT_STATUS_DIR": "postfire",
        "FEATURE_COUNT": 212
      },
      "geometry": {
        "type": "Polygon",
        "coordinates": [
          [
            [
              -118.55741801556277,
              36.14857930833814
            ],
            [
              -118.55735002638666,
              36.14857678112986
            ],
            [
              -118.55735262308274,
              36.14853082959899
            ],
            [
              -118.55742061221946,
              36.14853335680305
            ],
            [
              -118.55741801556277,
              36.14857930833814
            ]
          ]
        ]
      }
    },
    {
      "id": "582",
      "type": "Feature",
      "properties": {
        "id": null,
        "SOURCE_FILE": "/Users/maples/GitHub/mortalitree_testing/labels/annayu_mortalitree_postfire_labels.geojson",
        "SUNETID": "annayu",
        "FIRENAME": "CASTLE",
        "FIRE_SLUG": "CASTLE",
        "PREFIRE": 0,
        "PREFIRE_STATUS": "postfire",
        "TILE_Z": 17,
        "TILE_X": 22370,
        "TILE_Y": 51403,
        "TILEXYZ": [
          17,
          22370,
          51403
        ],
        "OUTPUT_FILE": "/Users/maples/GitHub/mortalitree_testing/notebooks/single_tiles/postfire/17/22370/51403.geojson",
        "OUTPUT_STATUS_DIR": "postfire",
        "FEATURE_COUNT": 212
      },
      "geometry": {
        "type": "Polygon",
        "coordinates": [
          [
            [
              -118.55823492481107,
              36.14859125120438
            ],
            [
              -118.5581329409213,
              36.148587461072125
            ],
            [
              -118.55813657565623,
              36.14852312886036
            ],
            [
              -118.55823855946323,
              36.148526918983734
            ],
            [
              -118.55823492481107,
              36.14859125120438
            ]
          ]
        ]
      }
    },
    {
      "id": "583",
      "type": "Feature",
      "properties": {
        "id": null,
        "SOURCE_FILE": "/Users/maples/GitHub/mortalitree_testing/labels/annayu_mortalitree_postfire_labels.geojson",
        "SUNETID": "annayu",
        "FIRENAME": "CASTLE",
        "FIRE_SLUG": "CASTLE",
        "PREFIRE": 0,
        "PREFIRE_STATUS": "postfire",
        "TILE_Z": 17,
        "TILE_X": 22370,
        "TILE_Y": 51403,
        "TILEXYZ": [
          17,
          22370,
          51403
        ],
        "OUTPUT_FILE": "/Users/maples/GitHub/mortalitree_testing/notebooks/single_tiles/postfire/17/22370/51403.geojson",
        "OUTPUT_STATUS_DIR": "postfire",
        "FEATURE_COUNT": 212
      },
      "geometry": {
        "type": "Polygon",
        "coordinates": [
          [
            [
              -118.55820425936793,
              36.14863155482398
            ],
            [
              -118.55812493852582,
              36.14862860692768
            ],
            [
              -118.55812753477483,
              36.14858265534877
            ],
            [
              -118.55820685557092,
              36.14858560324013
            ],
            [
              -118.55820425936793,
              36.14863155482398
            ]
          ]
        ]
      }
    },
    {
      "id": "584",
      "type": "Feature",
      "properties": {
        "id": null,
        "SOURCE_FILE": "/Users/maples/GitHub/mortalitree_testing/labels/annayu_mortalitree_postfire_labels.geojson",
        "SUNETID": "annayu",
        "FIRENAME": "CASTLE",
        "FIRE_SLUG": "CASTLE",
        "PREFIRE": 0,
        "PREFIRE_STATUS": "postfire",
        "TILE_Z": 17,
        "TILE_X": 22370,
        "TILE_Y": 51403,
        "TILEXYZ": [
          17,
          22370,
          51403
        ],
        "OUTPUT_FILE": "/Users/maples/GitHub/mortalitree_testing/notebooks/single_tiles/postfire/17/22370/51403.geojson",
        "OUTPUT_STATUS_DIR": "postfire",
        "FEATURE_COUNT": 212
      },
      "geometry": {
        "type": "Polygon",
        "coordinates": [
          [
            [
              -118.55803095705056,
              36.14858367085337
            ],
            [
              -118.55792897319887,
              36.14857988054811
            ],
            [
              -118.55793416591032,
              36.14848797741352
            ],
            [
              -118.55803614964377,
              36.14849176770609
            ],
            [
              -118.55803095705056,
              36.14858367085337
            ]
          ]
        ]
      }
    },
    {
      "id": "585",
      "type": "Feature",
      "properties": {
        "id": null,
        "SOURCE_FILE": "/Users/maples/GitHub/mortalitree_testing/labels/annayu_mortalitree_postfire_labels.geojson",
        "SUNETID": "annayu",
        "FIRENAME": "CASTLE",
        "FIRE_SLUG": "CASTLE",
        "PREFIRE": 0,
        "PREFIRE_STATUS": "postfire",
        "TILE_Z": 17,
        "TILE_X": 22370,
        "TILE_Y": 51403,
        "TILEXYZ": [
          17,
          22370,
          51403
        ],
        "OUTPUT_FILE": "/Users/maples/GitHub/mortalitree_testing/notebooks/single_tiles/postfire/17/22370/51403.geojson",
        "OUTPUT_STATUS_DIR": "postfire",
        "FEATURE_COUNT": 212
      },
      "geometry": {
        "type": "Polygon",
        "coordinates": [
          [
            [
              -118.55813678932294,
              36.14861983774304
            ],
            [
              -118.55804613695474,
              36.148616468664294
            ],
            [
              -118.55804977176442,
              36.148552136460445
            ],
            [
              -118.55814042405906,
              36.1485555055313
            ],
            [
              -118.55813678932294,
              36.14861983774304
            ]
          ]
        ]
      }
    },
    {
      "id": "586",
      "type": "Feature",
      "properties": {
        "id": null,
        "SOURCE_FILE": "/Users/maples/GitHub/mortalitree_testing/labels/annayu_mortalitree_postfire_labels.geojson",
        "SUNETID": "annayu",
        "FIRENAME": "CASTLE",
        "FIRE_SLUG": "CASTLE",
        "PREFIRE": 0,
        "PREFIRE_STATUS": "postfire",
        "TILE_Z": 17,
        "TILE_X": 22370,
        "TILE_Y": 51403,
        "TILEXYZ": [
          17,
          22370,
          51403
        ],
        "OUTPUT_FILE": "/Users/maples/GitHub/mortalitree_testing/notebooks/single_tiles/postfire/17/22370/51403.geojson",
        "OUTPUT_STATUS_DIR": "postfire",
        "FEATURE_COUNT": 212
      },
      "geometry": {
        "type": "Polygon",
        "coordinates": [
          [
            [
              -118.55809509790987,
              36.14855382100442
            ],
            [
              -118.55800444562276,
              36.148550451899396
            ],
            [
              -118.55800911897987,
              36.14846773906947
            ],
            [
              -118.55809977117237,
              36.148471108164344
            ],
            [
              -118.55809509790987,
              36.14855382100442
            ]
          ]
        ]
      }
    },
    {
      "id": "587",
      "type": "Feature",
      "properties": {
        "id": null,
        "SOURCE_FILE": "/Users/maples/GitHub/mortalitree_testing/labels/annayu_mortalitree_postfire_labels.geojson",
        "SUNETID": "annayu",
        "FIRENAME": "CASTLE",
        "FIRE_SLUG": "CASTLE",
        "PREFIRE": 0,
        "PREFIRE_STATUS": "postfire",
        "TILE_Z": 17,
        "TILE_X": 22370,
        "TILE_Y": 51403,
        "TILEXYZ": [
          17,
          22370,
          51403
        ],
        "OUTPUT_FILE": "/Users/maples/GitHub/mortalitree_testing/notebooks/single_tiles/postfire/17/22370/51403.geojson",
        "OUTPUT_STATUS_DIR": "postfire",
        "FEATURE_COUNT": 212
      },
      "geometry": {
        "type": "Polygon",
        "coordinates": [
          [
            [
              -118.55826122253404,
              36.14852776122162
            ],
            [
              -118.55819323332443,
              36.14852523449514
            ],
            [
              -118.55819634876293,
              36.14847009259434
            ],
            [
              -118.55826433792524,
              36.14847261931574
            ],
            [
              -118.55826122253404,
              36.14852776122162
            ]
          ]
        ]
      }
    },
    {
      "id": "588",
      "type": "Feature",
      "properties": {
        "id": null,
        "SOURCE_FILE": "/Users/maples/GitHub/mortalitree_testing/labels/annayu_mortalitree_postfire_labels.geojson",
        "SUNETID": "annayu",
        "FIRENAME": "CASTLE",
        "FIRE_SLUG": "CASTLE",
        "PREFIRE": 0,
        "PREFIRE_STATUS": "postfire",
        "TILE_Z": 17,
        "TILE_X": 22370,
        "TILE_Y": 51403,
        "TILEXYZ": [
          17,
          22370,
          51403
        ],
        "OUTPUT_FILE": "/Users/maples/GitHub/mortalitree_testing/notebooks/single_tiles/postfire/17/22370/51403.geojson",
        "OUTPUT_STATUS_DIR": "postfire",
        "FEATURE_COUNT": 212
      },
      "geometry": {
        "type": "Polygon",
        "coordinates": [
          [
            [
              -118.55819120223939,
              36.14846069171566
            ],
            [
              -118.55811188157074,
              36.14845774382268
            ],
            [
              -118.55811603555253,
              36.148384221295395
            ],
            [
              -118.55819535614759,
              36.14838716918049
            ],
            [
              -118.55819120223939,
              36.14846069171566
            ]
          ]
        ]
      }
    },
    {
      "id": "589",
      "type": "Feature",
      "properties": {
        "id": null,
        "SOURCE_FILE": "/Users/maples/GitHub/mortalitree_testing/labels/annayu_mortalitree_postfire_labels.geojson",
        "SUNETID": "annayu",
        "FIRENAME": "CASTLE",
        "FIRE_SLUG": "CASTLE",
        "PREFIRE": 0,
        "PREFIRE_STATUS": "postfire",
        "TILE_Z": 17,
        "TILE_X": 22370,
        "TILE_Y": 51403,
        "TILEXYZ": [
          17,
          22370,
          51403
        ],
        "OUTPUT_FILE": "/Users/maples/GitHub/mortalitree_testing/notebooks/single_tiles/postfire/17/22370/51403.geojson",
        "OUTPUT_STATUS_DIR": "postfire",
        "FEATURE_COUNT": 212
      },
      "geometry": {
        "type": "Polygon",
        "coordinates": [
          [
            [
              -118.5580014222862,
              36.14840298572658
            ],
            [
              -118.55789943867252,
              36.14839919541241
            ],
            [
              -118.55790359284369,
              36.14832567290564
            ],
            [
              -118.55800557636275,
              36.14832946320966
            ],
            [
              -118.5580014222862,
              36.14840298572658
            ]
          ]
        ]
      }
    },
    {
      "id": "590",
      "type": "Feature",
      "properties": {
        "id": null,
        "SOURCE_FILE": "/Users/maples/GitHub/mortalitree_testing/labels/annayu_mortalitree_postfire_labels.geojson",
        "SUNETID": "annayu",
        "FIRENAME": "CASTLE",
        "FIRE_SLUG": "CASTLE",
        "PREFIRE": 0,
        "PREFIRE_STATUS": "postfire",
        "TILE_Z": 17,
        "TILE_X": 22370,
        "TILE_Y": 51403,
        "TILEXYZ": [
          17,
          22370,
          51403
        ],
        "OUTPUT_FILE": "/Users/maples/GitHub/mortalitree_testing/notebooks/single_tiles/postfire/17/22370/51403.geojson",
        "OUTPUT_STATUS_DIR": "postfire",
        "FEATURE_COUNT": 212
      },
      "geometry": {
        "type": "Polygon",
        "coordinates": [
          [
            [
              -118.55800937861025,
              36.1484631439122
            ],
            [
              -118.55789606339737,
              36.14845893244819
            ],
            [
              -118.55790021758077,
              36.14838540994249
            ],
            [
              -118.55801353268852,
              36.14838962139523
            ],
            [
              -118.55800937861025,
              36.1484631439122
            ]
          ]
        ]
      }
    },
    {
      "id": "591",
      "type": "Feature",
      "properties": {
        "id": null,
        "SOURCE_FILE": "/Users/maples/GitHub/mortalitree_testing/labels/annayu_mortalitree_postfire_labels.geojson",
        "SUNETID": "annayu",
        "FIRENAME": "CASTLE",
        "FIRE_SLUG": "CASTLE",
        "PREFIRE": 0,
        "PREFIRE_STATUS": "postfire",
        "TILE_Z": 17,
        "TILE_X": 22370,
        "TILE_Y": 51403,
        "TILEXYZ": [
          17,
          22370,
          51403
        ],
        "OUTPUT_FILE": "/Users/maples/GitHub/mortalitree_testing/notebooks/single_tiles/postfire/17/22370/51403.geojson",
        "OUTPUT_STATUS_DIR": "postfire",
        "FEATURE_COUNT": 212
      },
      "geometry": {
        "type": "Polygon",
        "coordinates": [
          [
            [
              -118.55753699664142,
              36.14858373086013
            ],
            [
              -118.55743501285815,
              36.14857994013421
            ],
            [
              -118.55743968681819,
              36.148497227368736
            ],
            [
              -118.55754167049503,
              36.14850101808323
            ],
            [
              -118.55753699664142,
              36.14858373086013
            ]
          ]
        ]
      }
    },
    {
      "id": "592",
      "type": "Feature",
      "properties": {
        "id": null,
        "SOURCE_FILE": "/Users/maples/GitHub/mortalitree_testing/labels/annayu_mortalitree_postfire_labels.geojson",
        "SUNETID": "annayu",
        "FIRENAME": "CASTLE",
        "FIRE_SLUG": "CASTLE",
        "PREFIRE": 0,
        "PREFIRE_STATUS": "postfire",
        "TILE_Z": 17,
        "TILE_X": 22370,
        "TILE_Y": 51403,
        "TILEXYZ": [
          17,
          22370,
          51403
        ],
        "OUTPUT_FILE": "/Users/maples/GitHub/mortalitree_testing/notebooks/single_tiles/postfire/17/22370/51403.geojson",
        "OUTPUT_STATUS_DIR": "postfire",
        "FEATURE_COUNT": 212
      },
      "geometry": {
        "type": "Polygon",
        "coordinates": [
          [
            [
              -118.55745824207288,
              36.148470288237675
            ],
            [
              -118.55737892147366,
              36.14846733985855
            ],
            [
              -118.55738255680839,
              36.14840300771146
            ],
            [
              -118.55746187734324,
              36.148405956083685
            ],
            [
              -118.55745824207288,
              36.148470288237675
            ]
          ]
        ]
      }
    },
    {
      "id": "593",
      "type": "Feature",
      "properties": {
        "id": null,
        "SOURCE_FILE": "/Users/maples/GitHub/mortalitree_testing/labels/annayu_mortalitree_postfire_labels.geojson",
        "SUNETID": "annayu",
        "FIRENAME": "CASTLE",
        "FIRE_SLUG": "CASTLE",
        "PREFIRE": 0,
        "PREFIRE_STATUS": "postfire",
        "TILE_Z": 17,
        "TILE_X": 22370,
        "TILE_Y": 51403,
        "TILEXYZ": [
          17,
          22370,
          51403
        ],
        "OUTPUT_FILE": "/Users/maples/GitHub/mortalitree_testing/notebooks/single_tiles/postfire/17/22370/51403.geojson",
        "OUTPUT_STATUS_DIR": "postfire",
        "FEATURE_COUNT": 212
      },
      "geometry": {
        "type": "Polygon",
        "coordinates": [
          [
            [
              -118.55733182471135,
              36.14839651714858
            ],
            [
              -118.55724117269935,
              36.14839314747836
            ],
            [
              -118.55724532748398,
              36.14831962503734
            ],
            [
              -118.55733597941186,
              36.14832299469854
            ],
            [
              -118.55733182471135,
              36.14839651714858
            ]
          ]
        ]
      }
    },
    {
      "id": "594",
      "type": "Feature",
      "properties": {
        "id": null,
        "SOURCE_FILE": "/Users/maples/GitHub/mortalitree_testing/labels/annayu_mortalitree_postfire_labels.geojson",
        "SUNETID": "annayu",
        "FIRENAME": "CASTLE",
        "FIRE_SLUG": "CASTLE",
        "PREFIRE": 0,
        "PREFIRE_STATUS": "postfire",
        "TILE_Z": 17,
        "TILE_X": 22370,
        "TILE_Y": 51403,
        "TILEXYZ": [
          17,
          22370,
          51403
        ],
        "OUTPUT_FILE": "/Users/maples/GitHub/mortalitree_testing/notebooks/single_tiles/postfire/17/22370/51403.geojson",
        "OUTPUT_STATUS_DIR": "postfire",
        "FEATURE_COUNT": 212
      },
      "geometry": {
        "type": "Polygon",
        "coordinates": [
          [
            [
              -118.55715592677231,
              36.14839458350245
            ],
            [
              -118.55706527478422,
              36.148391213699234
            ],
            [
              -118.55706994910022,
              36.14830850097274
            ],
            [
              -118.55716060099371,
              36.1483118707658
            ],
            [
              -118.55715592677231,
              36.14839458350245
            ]
          ]
        ]
      }
    },
    {
      "id": "595",
      "type": "Feature",
      "properties": {
        "id": null,
        "SOURCE_FILE": "/Users/maples/GitHub/mortalitree_testing/labels/annayu_mortalitree_postfire_labels.geojson",
        "SUNETID": "annayu",
        "FIRENAME": "CASTLE",
        "FIRE_SLUG": "CASTLE",
        "PREFIRE": 0,
        "PREFIRE_STATUS": "postfire",
        "TILE_Z": 17,
        "TILE_X": 22370,
        "TILE_Y": 51403,
        "TILEXYZ": [
          17,
          22370,
          51403
        ],
        "OUTPUT_FILE": "/Users/maples/GitHub/mortalitree_testing/notebooks/single_tiles/postfire/17/22370/51403.geojson",
        "OUTPUT_STATUS_DIR": "postfire",
        "FEATURE_COUNT": 212
      },
      "geometry": {
        "type": "Polygon",
        "coordinates": [
          [
            [
              -118.55727884963659,
              36.14822877500714
            ],
            [
              -118.5571655348734,
              36.14822456287533
            ],
            [
              -118.55716968970299,
              36.148151040439785
            ],
            [
              -118.55728300436107,
              36.14815525256033
            ],
            [
              -118.55727884963659,
              36.14822877500714
            ]
          ]
        ]
      }
    },
    {
      "id": "596",
      "type": "Feature",
      "properties": {
        "id": null,
        "SOURCE_FILE": "/Users/maples/GitHub/mortalitree_testing/labels/annayu_mortalitree_postfire_labels.geojson",
        "SUNETID": "annayu",
        "FIRENAME": "CASTLE",
        "FIRE_SLUG": "CASTLE",
        "PREFIRE": 0,
        "PREFIRE_STATUS": "postfire",
        "TILE_Z": 17,
        "TILE_X": 22370,
        "TILE_Y": 51403,
        "TILEXYZ": [
          17,
          22370,
          51403
        ],
        "OUTPUT_FILE": "/Users/maples/GitHub/mortalitree_testing/notebooks/single_tiles/postfire/17/22370/51403.geojson",
        "OUTPUT_STATUS_DIR": "postfire",
        "FEATURE_COUNT": 212
      },
      "geometry": {
        "type": "Polygon",
        "coordinates": [
          [
            [
              -118.55725363700806,
              36.14817258015133
            ],
            [
              -118.5571629852634,
              36.148169210439825
            ],
            [
              -118.55716662073483,
              36.14810487830844
            ],
            [
              -118.5572572724059,
              36.14810824801205
            ],
            [
              -118.55725363700806,
              36.14817258015133
            ]
          ]
        ]
      }
    },
    {
      "id": "597",
      "type": "Feature",
      "properties": {
        "id": null,
        "SOURCE_FILE": "/Users/maples/GitHub/mortalitree_testing/labels/annayu_mortalitree_postfire_labels.geojson",
        "SUNETID": "annayu",
        "FIRENAME": "CASTLE",
        "FIRE_SLUG": "CASTLE",
        "PREFIRE": 0,
        "PREFIRE_STATUS": "postfire",
        "TILE_Z": 17,
        "TILE_X": 22370,
        "TILE_Y": 51403,
        "TILEXYZ": [
          17,
          22370,
          51403
        ],
        "OUTPUT_FILE": "/Users/maples/GitHub/mortalitree_testing/notebooks/single_tiles/postfire/17/22370/51403.geojson",
        "OUTPUT_STATUS_DIR": "postfire",
        "FEATURE_COUNT": 212
      },
      "geometry": {
        "type": "Polygon",
        "coordinates": [
          [
            [
              -118.55706178111696,
              36.14815163397794
            ],
            [
              -118.556959797959,
              36.148147842886196
            ],
            [
              -118.55696447234413,
              36.14806513016822
            ],
            [
              -118.55706645539567,
              36.148068921248544
            ],
            [
              -118.55706178111696,
              36.14815163397794
            ]
          ]
        ]
      }
    },
    {
      "id": "598",
      "type": "Feature",
      "properties": {
        "id": null,
        "SOURCE_FILE": "/Users/maples/GitHub/mortalitree_testing/labels/annayu_mortalitree_postfire_labels.geojson",
        "SUNETID": "annayu",
        "FIRENAME": "CASTLE",
        "FIRE_SLUG": "CASTLE",
        "PREFIRE": 0,
        "PREFIRE_STATUS": "postfire",
        "TILE_Z": 17,
        "TILE_X": 22370,
        "TILE_Y": 51403,
        "TILEXYZ": [
          17,
          22370,
          51403
        ],
        "OUTPUT_FILE": "/Users/maples/GitHub/mortalitree_testing/notebooks/single_tiles/postfire/17/22370/51403.geojson",
        "OUTPUT_STATUS_DIR": "postfire",
        "FEATURE_COUNT": 212
      },
      "geometry": {
        "type": "Polygon",
        "coordinates": [
          [
            [
              -118.55689794680795,
              36.14823763969771
            ],
            [
              -118.55682995797478,
              36.14823511221466
            ],
            [
              -118.5568325549418,
              36.148189160713656
            ],
            [
              -118.55690054373555,
              36.14819168819248
            ],
            [
              -118.55689794680795,
              36.14823763969771
            ]
          ]
        ]
      }
    },
    {
      "id": "599",
      "type": "Feature",
      "properties": {
        "id": null,
        "SOURCE_FILE": "/Users/maples/GitHub/mortalitree_testing/labels/annayu_mortalitree_postfire_labels.geojson",
        "SUNETID": "annayu",
        "FIRENAME": "CASTLE",
        "FIRE_SLUG": "CASTLE",
        "PREFIRE": 0,
        "PREFIRE_STATUS": "postfire",
        "TILE_Z": 17,
        "TILE_X": 22370,
        "TILE_Y": 51403,
        "TILEXYZ": [
          17,
          22370,
          51403
        ],
        "OUTPUT_FILE": "/Users/maples/GitHub/mortalitree_testing/notebooks/single_tiles/postfire/17/22370/51403.geojson",
        "OUTPUT_STATUS_DIR": "postfire",
        "FEATURE_COUNT": 212
      },
      "geometry": {
        "type": "Polygon",
        "coordinates": [
          [
            [
              -118.55709244690229,
              36.14811133067755
            ],
            [
              -118.55703578961658,
              36.14810922454267
            ],
            [
              -118.55703838645157,
              36.148063273027844
            ],
            [
              -118.55709504370442,
              36.14806537915919
            ],
            [
              -118.55709244690229,
              36.14811133067755
            ]
          ]
        ]
      }
    },
    {
      "id": "600",
      "type": "Feature",
      "properties": {
        "id": null,
        "SOURCE_FILE": "/Users/maples/GitHub/mortalitree_testing/labels/annayu_mortalitree_postfire_labels.geojson",
        "SUNETID": "annayu",
        "FIRENAME": "CASTLE",
        "FIRE_SLUG": "CASTLE",
        "PREFIRE": 0,
        "PREFIRE_STATUS": "postfire",
        "TILE_Z": 17,
        "TILE_X": 22370,
        "TILE_Y": 51403,
        "TILEXYZ": [
          17,
          22370,
          51403
        ],
        "OUTPUT_FILE": "/Users/maples/GitHub/mortalitree_testing/notebooks/single_tiles/postfire/17/22370/51403.geojson",
        "OUTPUT_STATUS_DIR": "postfire",
        "FEATURE_COUNT": 212
      },
      "geometry": {
        "type": "Polygon",
        "coordinates": [
          [
            [
              -118.55785814599187,
              36.148024671394055
            ],
            [
              -118.5577788257982,
              36.14802172331097
            ],
            [
              -118.55778246074709,
              36.1479573911241
            ],
            [
              -118.5578617808764,
              36.1479603392003
            ],
            [
              -118.55785814599187,
              36.148024671394055
            ]
          ]
        ]
      }
    },
    {
      "id": "601",
      "type": "Feature",
      "properties": {
        "id": null,
        "SOURCE_FILE": "/Users/maples/GitHub/mortalitree_testing/labels/annayu_mortalitree_postfire_labels.geojson",
        "SUNETID": "annayu",
        "FIRENAME": "CASTLE",
        "FIRE_SLUG": "CASTLE",
        "PREFIRE": 0,
        "PREFIRE_STATUS": "postfire",
        "TILE_Z": 17,
        "TILE_X": 22370,
        "TILE_Y": 51403,
        "TILEXYZ": [
          17,
          22370,
          51403
        ],
        "OUTPUT_FILE": "/Users/maples/GitHub/mortalitree_testing/notebooks/single_tiles/postfire/17/22370/51403.geojson",
        "OUTPUT_STATUS_DIR": "postfire",
        "FEATURE_COUNT": 212
      },
      "geometry": {
        "type": "Polygon",
        "coordinates": [
          [
            [
              -118.5577319421239,
              36.148047609603786
            ],
            [
              -118.55766395337763,
              36.148045082605606
            ],
            [
              -118.55766654984008,
              36.147999131051016
            ],
            [
              -118.55773453854694,
              36.14800165804498
            ],
            [
              -118.5577319421239,
              36.148047609603786
            ]
          ]
        ]
      }
    },
    {
      "id": "602",
      "type": "Feature",
      "properties": {
        "id": null,
        "SOURCE_FILE": "/Users/maples/GitHub/mortalitree_testing/labels/annayu_mortalitree_postfire_labels.geojson",
        "SUNETID": "annayu",
        "FIRENAME": "CASTLE",
        "FIRE_SLUG": "CASTLE",
        "PREFIRE": 0,
        "PREFIRE_STATUS": "postfire",
        "TILE_Z": 17,
        "TILE_X": 22370,
        "TILE_Y": 51403,
        "TILEXYZ": [
          17,
          22370,
          51403
        ],
        "OUTPUT_FILE": "/Users/maples/GitHub/mortalitree_testing/notebooks/single_tiles/postfire/17/22370/51403.geojson",
        "OUTPUT_STATUS_DIR": "postfire",
        "FEATURE_COUNT": 212
      },
      "geometry": {
        "type": "Polygon",
        "coordinates": [
          [
            [
              -118.55773539142511,
              36.14838849345757
            ],
            [
              -118.55766740238433,
              36.1483859664409
            ],
            [
              -118.55767207606719,
              36.14830325364661
            ],
            [
              -118.55774006503702,
              36.14830578065567
            ],
            [
              -118.55773539142511,
              36.14838849345757
            ]
          ]
        ]
      }
    },
    {
      "id": "603",
      "type": "Feature",
      "properties": {
        "id": null,
        "SOURCE_FILE": "/Users/maples/GitHub/mortalitree_testing/labels/annayu_mortalitree_postfire_labels.geojson",
        "SUNETID": "annayu",
        "FIRENAME": "CASTLE",
        "FIRE_SLUG": "CASTLE",
        "PREFIRE": 0,
        "PREFIRE_STATUS": "postfire",
        "TILE_Z": 17,
        "TILE_X": 22370,
        "TILE_Y": 51403,
        "TILEXYZ": [
          17,
          22370,
          51403
        ],
        "OUTPUT_FILE": "/Users/maples/GitHub/mortalitree_testing/notebooks/single_tiles/postfire/17/22370/51403.geojson",
        "OUTPUT_STATUS_DIR": "postfire",
        "FEATURE_COUNT": 212
      },
      "geometry": {
        "type": "Polygon",
        "coordinates": [
          [
            [
              -118.55780982515269,
              36.14837744554733
            ],
            [
              -118.55771917310372,
              36.148374076240465
            ],
            [
              -118.55772488531127,
              36.148272982817666
            ],
            [
              -118.55781553724464,
              36.14827635211213
            ],
            [
              -118.55780982515269,
              36.14837744554733
            ]
          ]
        ]
      }
    },
    {
      "id": "604",
      "type": "Feature",
      "properties": {
        "id": null,
        "SOURCE_FILE": "/Users/maples/GitHub/mortalitree_testing/labels/annayu_mortalitree_postfire_labels.geojson",
        "SUNETID": "annayu",
        "FIRENAME": "CASTLE",
        "FIRE_SLUG": "CASTLE",
        "PREFIRE": 0,
        "PREFIRE_STATUS": "postfire",
        "TILE_Z": 17,
        "TILE_X": 22370,
        "TILE_Y": 51403,
        "TILEXYZ": [
          17,
          22370,
          51403
        ],
        "OUTPUT_FILE": "/Users/maples/GitHub/mortalitree_testing/notebooks/single_tiles/postfire/17/22370/51403.geojson",
        "OUTPUT_STATUS_DIR": "postfire",
        "FEATURE_COUNT": 212
      },
      "geometry": {
        "type": "Polygon",
        "coordinates": [
          [
            [
              -118.55810644937843,
              36.14796066834923
            ],
            [
              -118.55802603282534,
              36.14795767968738
            ],
            [
              -118.55803023705205,
              36.14788326793518
            ],
            [
              -118.55811065352965,
              36.14788625658893
            ],
            [
              -118.55810644937843,
              36.14796066834923
            ]
          ]
        ]
      }
    },
    {
      "id": "605",
      "type": "Feature",
      "properties": {
        "id": null,
        "SOURCE_FILE": "/Users/maples/GitHub/mortalitree_testing/labels/annayu_mortalitree_postfire_labels.geojson",
        "SUNETID": "annayu",
        "FIRENAME": "CASTLE",
        "FIRE_SLUG": "CASTLE",
        "PREFIRE": 0,
        "PREFIRE_STATUS": "postfire",
        "TILE_Z": 17,
        "TILE_X": 22370,
        "TILE_Y": 51403,
        "TILEXYZ": [
          17,
          22370,
          51403
        ],
        "OUTPUT_FILE": "/Users/maples/GitHub/mortalitree_testing/notebooks/single_tiles/postfire/17/22370/51403.geojson",
        "OUTPUT_STATUS_DIR": "postfire",
        "FEATURE_COUNT": 212
      },
      "geometry": {
        "type": "Polygon",
        "coordinates": [
          [
            [
              -118.5579262658008,
              36.14800217415656
            ],
            [
              -118.55787234952297,
              36.14800017029452
            ],
            [
              -118.55787531439823,
              36.147947696094406
            ],
            [
              -118.55792923064037,
              36.14794969995261
            ],
            [
              -118.5579262658008,
              36.14800217415656
            ]
          ]
        ]
      }
    },
    {
      "id": "606",
      "type": "Feature",
      "properties": {
        "id": null,
        "SOURCE_FILE": "/Users/maples/GitHub/mortalitree_testing/labels/annayu_mortalitree_postfire_labels.geojson",
        "SUNETID": "annayu",
        "FIRENAME": "CASTLE",
        "FIRE_SLUG": "CASTLE",
        "PREFIRE": 0,
        "PREFIRE_STATUS": "postfire",
        "TILE_Z": 17,
        "TILE_X": 22370,
        "TILE_Y": 51403,
        "TILEXYZ": [
          17,
          22370,
          51403
        ],
        "OUTPUT_FILE": "/Users/maples/GitHub/mortalitree_testing/notebooks/single_tiles/postfire/17/22370/51403.geojson",
        "OUTPUT_STATUS_DIR": "postfire",
        "FEATURE_COUNT": 212
      },
      "geometry": {
        "type": "Polygon",
        "coordinates": [
          [
            [
              -118.55796623081014,
              36.14796422119069
            ],
            [
              -118.55792309780585,
              36.147962618118825
            ],
            [
              -118.55792606264323,
              36.14791014391476
            ],
            [
              -118.55796919561894,
              36.147911746983546
            ],
            [
              -118.55796623081014,
              36.14796422119069
            ]
          ]
        ]
      }
    },
    {
      "id": "607",
      "type": "Feature",
      "properties": {
        "id": null,
        "SOURCE_FILE": "/Users/maples/GitHub/mortalitree_testing/labels/annayu_mortalitree_postfire_labels.geojson",
        "SUNETID": "annayu",
        "FIRENAME": "CASTLE",
        "FIRE_SLUG": "CASTLE",
        "PREFIRE": 0,
        "PREFIRE_STATUS": "postfire",
        "TILE_Z": 17,
        "TILE_X": 22370,
        "TILE_Y": 51403,
        "TILEXYZ": [
          17,
          22370,
          51403
        ],
        "OUTPUT_FILE": "/Users/maples/GitHub/mortalitree_testing/notebooks/single_tiles/postfire/17/22370/51403.geojson",
        "OUTPUT_STATUS_DIR": "postfire",
        "FEATURE_COUNT": 212
      },
      "geometry": {
        "type": "Polygon",
        "coordinates": [
          [
            [
              -118.55767335350966,
              36.14798401009714
            ],
            [
              -118.55761943726279,
              36.147982006122106
            ],
            [
              -118.55762141395813,
              36.14794702333403
            ],
            [
              -118.55767533018121,
              36.1479490273065
            ],
            [
              -118.55767335350966,
              36.14798401009714
            ]
          ]
        ]
      }
    },
    {
      "id": "608",
      "type": "Feature",
      "properties": {
        "id": null,
        "SOURCE_FILE": "/Users/maples/GitHub/mortalitree_testing/labels/annayu_mortalitree_postfire_labels.geojson",
        "SUNETID": "annayu",
        "FIRENAME": "CASTLE",
        "FIRE_SLUG": "CASTLE",
        "PREFIRE": 0,
        "PREFIRE_STATUS": "postfire",
        "TILE_Z": 17,
        "TILE_X": 22370,
        "TILE_Y": 51403,
        "TILEXYZ": [
          17,
          22370,
          51403
        ],
        "OUTPUT_FILE": "/Users/maples/GitHub/mortalitree_testing/notebooks/single_tiles/postfire/17/22370/51403.geojson",
        "OUTPUT_STATUS_DIR": "postfire",
        "FEATURE_COUNT": 212
      },
      "geometry": {
        "type": "Polygon",
        "coordinates": [
          [
            [
              -118.55758169589316,
              36.1479806033252
            ],
            [
              -118.5575169964084,
              36.147978198502926
            ],
            [
              -118.55752045570216,
              36.14791697863206
            ],
            [
              -118.55758515513692,
              36.14791938344898
            ],
            [
              -118.55758169589316,
              36.1479806033252
            ]
          ]
        ]
      }
    },
    {
      "id": "609",
      "type": "Feature",
      "properties": {
        "id": null,
        "SOURCE_FILE": "/Users/maples/GitHub/mortalitree_testing/labels/annayu_mortalitree_postfire_labels.geojson",
        "SUNETID": "annayu",
        "FIRENAME": "CASTLE",
        "FIRE_SLUG": "CASTLE",
        "PREFIRE": 0,
        "PREFIRE_STATUS": "postfire",
        "TILE_Z": 17,
        "TILE_X": 22370,
        "TILE_Y": 51403,
        "TILEXYZ": [
          17,
          22370,
          51403
        ],
        "OUTPUT_FILE": "/Users/maples/GitHub/mortalitree_testing/notebooks/single_tiles/postfire/17/22370/51403.geojson",
        "OUTPUT_STATUS_DIR": "postfire",
        "FEATURE_COUNT": 212
      },
      "geometry": {
        "type": "Polygon",
        "coordinates": [
          [
            [
              -118.5575667121107,
              36.14805454094273
            ],
            [
              -118.55751279582337,
              36.148052536916325
            ],
            [
              -118.55751576094382,
              36.1480000627423
            ],
            [
              -118.55756967719545,
              36.148002066764874
            ],
            [
              -118.5575667121107,
              36.14805454094273
            ]
          ]
        ]
      }
    },
    {
      "id": "610",
      "type": "Feature",
      "properties": {
        "id": null,
        "SOURCE_FILE": "/Users/maples/GitHub/mortalitree_testing/labels/annayu_mortalitree_postfire_labels.geojson",
        "SUNETID": "annayu",
        "FIRENAME": "CASTLE",
        "FIRE_SLUG": "CASTLE",
        "PREFIRE": 0,
        "PREFIRE_STATUS": "postfire",
        "TILE_Z": 17,
        "TILE_X": 22370,
        "TILE_Y": 51403,
        "TILEXYZ": [
          17,
          22370,
          51403
        ],
        "OUTPUT_FILE": "/Users/maples/GitHub/mortalitree_testing/notebooks/single_tiles/postfire/17/22370/51403.geojson",
        "OUTPUT_STATUS_DIR": "postfire",
        "FEATURE_COUNT": 212
      },
      "geometry": {
        "type": "Polygon",
        "coordinates": [
          [
            [
              -118.55759036937646,
              36.148305196095166
            ],
            [
              -118.55751488633311,
              36.14830239044965
            ],
            [
              -118.5575188398596,
              36.148232424886864
            ],
            [
              -118.55759432283634,
              36.148235230525216
            ],
            [
              -118.55759036937646,
              36.148305196095166
            ]
          ]
        ]
      }
    },
    {
      "id": "611",
      "type": "Feature",
      "properties": {
        "id": null,
        "SOURCE_FILE": "/Users/maples/GitHub/mortalitree_testing/labels/annayu_mortalitree_postfire_labels.geojson",
        "SUNETID": "annayu",
        "FIRENAME": "CASTLE",
        "FIRE_SLUG": "CASTLE",
        "PREFIRE": 0,
        "PREFIRE_STATUS": "postfire",
        "TILE_Z": 17,
        "TILE_X": 22370,
        "TILE_Y": 51403,
        "TILEXYZ": [
          17,
          22370,
          51403
        ],
        "OUTPUT_FILE": "/Users/maples/GitHub/mortalitree_testing/notebooks/single_tiles/postfire/17/22370/51403.geojson",
        "OUTPUT_STATUS_DIR": "postfire",
        "FEATURE_COUNT": 212
      },
      "geometry": {
        "type": "Polygon",
        "coordinates": [
          [
            [
              -118.55756633186034,
              36.148348122966325
            ],
            [
              -118.55748006548173,
              36.14834491648987
            ],
            [
              -118.55748303065569,
              36.148292442320745
            ],
            [
              -118.55756929697718,
              36.14829564879108
            ],
            [
              -118.55756633186034,
              36.148348122966325
            ]
          ]
        ]
      }
    },
    {
      "id": "612",
      "type": "Feature",
      "properties": {
        "id": null,
        "SOURCE_FILE": "/Users/maples/GitHub/mortalitree_testing/labels/annayu_mortalitree_postfire_labels.geojson",
        "SUNETID": "annayu",
        "FIRENAME": "CASTLE",
        "FIRE_SLUG": "CASTLE",
        "PREFIRE": 0,
        "PREFIRE_STATUS": "postfire",
        "TILE_Z": 17,
        "TILE_X": 22370,
        "TILE_Y": 51403,
        "TILEXYZ": [
          17,
          22370,
          51403
        ],
        "OUTPUT_FILE": "/Users/maples/GitHub/mortalitree_testing/notebooks/single_tiles/postfire/17/22370/51403.geojson",
        "OUTPUT_STATUS_DIR": "postfire",
        "FEATURE_COUNT": 212
      },
      "geometry": {
        "type": "Polygon",
        "coordinates": [
          [
            [
              -118.55737335480528,
              36.14803420779357
            ],
            [
              -118.55728708879306,
              36.14803100120198
            ],
            [
              -118.55729054827218,
              36.14796978135081
            ],
            [
              -118.55737681421776,
              36.14797298793523
            ],
            [
              -118.55737335480528,
              36.14803420779357
            ]
          ]
        ]
      }
    },
    {
      "id": "613",
      "type": "Feature",
      "properties": {
        "id": null,
        "SOURCE_FILE": "/Users/maples/GitHub/mortalitree_testing/labels/annayu_mortalitree_postfire_labels.geojson",
        "SUNETID": "annayu",
        "FIRENAME": "CASTLE",
        "FIRE_SLUG": "CASTLE",
        "PREFIRE": 0,
        "PREFIRE_STATUS": "postfire",
        "TILE_Z": 17,
        "TILE_X": 22370,
        "TILE_Y": 51403,
        "TILEXYZ": [
          17,
          22370,
          51403
        ],
        "OUTPUT_FILE": "/Users/maples/GitHub/mortalitree_testing/notebooks/single_tiles/postfire/17/22370/51403.geojson",
        "OUTPUT_STATUS_DIR": "postfire",
        "FEATURE_COUNT": 212
      },
      "geometry": {
        "type": "Polygon",
        "coordinates": [
          [
            [
              -118.55741134328906,
              36.148031237810706
            ],
            [
              -118.55734664377772,
              36.148028832893516
            ],
            [
              -118.55734960900628,
              36.14797635873114
            ],
            [
              -118.55741430847478,
              36.14797876364375
            ],
            [
              -118.55741134328906,
              36.148031237810706
            ]
          ]
        ]
      }
    },
    {
      "id": "614",
      "type": "Feature",
      "properties": {
        "id": null,
        "SOURCE_FILE": "/Users/maples/GitHub/mortalitree_testing/labels/annayu_mortalitree_postfire_labels.geojson",
        "SUNETID": "annayu",
        "FIRENAME": "CASTLE",
        "FIRE_SLUG": "CASTLE",
        "PREFIRE": 0,
        "PREFIRE_STATUS": "postfire",
        "TILE_Z": 17,
        "TILE_X": 22370,
        "TILE_Y": 51403,
        "TILEXYZ": [
          17,
          22370,
          51403
        ],
        "OUTPUT_FILE": "/Users/maples/GitHub/mortalitree_testing/notebooks/single_tiles/postfire/17/22370/51403.geojson",
        "OUTPUT_STATUS_DIR": "postfire",
        "FEATURE_COUNT": 212
      },
      "geometry": {
        "type": "Polygon",
        "coordinates": [
          [
            [
              -118.55815596959604,
              36.14785733992891
            ],
            [
              -118.55810205340048,
              36.14785533617717
            ],
            [
              -118.55810501810701,
              36.14780286195939
            ],
            [
              -118.55815893426687,
              36.14780486570729
            ],
            [
              -118.55815596959604,
              36.14785733992891
            ]
          ]
        ]
      }
    },
    {
      "id": "615",
      "type": "Feature",
      "properties": {
        "id": null,
        "SOURCE_FILE": "/Users/maples/GitHub/mortalitree_testing/labels/annayu_mortalitree_postfire_labels.geojson",
        "SUNETID": "annayu",
        "FIRENAME": "CASTLE",
        "FIRE_SLUG": "CASTLE",
        "PREFIRE": 0,
        "PREFIRE_STATUS": "postfire",
        "TILE_Z": 17,
        "TILE_X": 22370,
        "TILE_Y": 51403,
        "TILEXYZ": [
          17,
          22370,
          51403
        ],
        "OUTPUT_FILE": "/Users/maples/GitHub/mortalitree_testing/notebooks/single_tiles/postfire/17/22370/51403.geojson",
        "OUTPUT_STATUS_DIR": "postfire",
        "FEATURE_COUNT": 212
      },
      "geometry": {
        "type": "Polygon",
        "coordinates": [
          [
            [
              -118.55810757599232,
              36.14756632722198
            ],
            [
              -118.55802131040635,
              36.14756312119488
            ],
            [
              -118.55802427513498,
              36.14751064698028
            ],
            [
              -118.55811054066382,
              36.14751385300127
            ],
            [
              -118.55810757599232,
              36.14756632722198
            ]
          ]
        ]
      }
    },
    {
      "id": "616",
      "type": "Feature",
      "properties": {
        "id": null,
        "SOURCE_FILE": "/Users/maples/GitHub/mortalitree_testing/labels/annayu_mortalitree_postfire_labels.geojson",
        "SUNETID": "annayu",
        "FIRENAME": "CASTLE",
        "FIRE_SLUG": "CASTLE",
        "PREFIRE": 0,
        "PREFIRE_STATUS": "postfire",
        "TILE_Z": 17,
        "TILE_X": 22370,
        "TILE_Y": 51403,
        "TILEXYZ": [
          17,
          22370,
          51403
        ],
        "OUTPUT_FILE": "/Users/maples/GitHub/mortalitree_testing/notebooks/single_tiles/postfire/17/22370/51403.geojson",
        "OUTPUT_STATUS_DIR": "postfire",
        "FEATURE_COUNT": 212
      },
      "geometry": {
        "type": "Polygon",
        "coordinates": [
          [
            [
              -118.55781173531017,
              36.14763859078111
            ],
            [
              -118.55772546967975,
              36.1476353845354
            ],
            [
              -118.55772892876813,
              36.147574164643686
            ],
            [
              -118.55781519433188,
              36.147577370882246
            ],
            [
              -118.55781173531017,
              36.14763859078111
            ]
          ]
        ]
      }
    },
    {
      "id": "617",
      "type": "Feature",
      "properties": {
        "id": null,
        "SOURCE_FILE": "/Users/maples/GitHub/mortalitree_testing/labels/annayu_mortalitree_postfire_labels.geojson",
        "SUNETID": "annayu",
        "FIRENAME": "CASTLE",
        "FIRE_SLUG": "CASTLE",
        "PREFIRE": 0,
        "PREFIRE_STATUS": "postfire",
        "TILE_Z": 17,
        "TILE_X": 22370,
        "TILE_Y": 51403,
        "TILEXYZ": [
          17,
          22370,
          51403
        ],
        "OUTPUT_FILE": "/Users/maples/GitHub/mortalitree_testing/notebooks/single_tiles/postfire/17/22370/51403.geojson",
        "OUTPUT_STATUS_DIR": "postfire",
        "FEATURE_COUNT": 212
      },
      "geometry": {
        "type": "Polygon",
        "coordinates": [
          [
            [
              -118.55741830656756,
              36.14781239503708
            ],
            [
              -118.55734282401406,
              36.147809589315926
            ],
            [
              -118.55734578922134,
              36.14775711515191
            ],
            [
              -118.55742127172489,
              36.14775992086771
            ],
            [
              -118.55741830656756,
              36.14781239503708
            ]
          ]
        ]
      }
    },
    {
      "id": "618",
      "type": "Feature",
      "properties": {
        "id": null,
        "SOURCE_FILE": "/Users/maples/GitHub/mortalitree_testing/labels/annayu_mortalitree_postfire_labels.geojson",
        "SUNETID": "annayu",
        "FIRENAME": "CASTLE",
        "FIRE_SLUG": "CASTLE",
        "PREFIRE": 0,
        "PREFIRE_STATUS": "postfire",
        "TILE_Z": 17,
        "TILE_X": 22370,
        "TILE_Y": 51403,
        "TILEXYZ": [
          17,
          22370,
          51403
        ],
        "OUTPUT_FILE": "/Users/maples/GitHub/mortalitree_testing/notebooks/single_tiles/postfire/17/22370/51403.geojson",
        "OUTPUT_STATUS_DIR": "postfire",
        "FEATURE_COUNT": 212
      },
      "geometry": {
        "type": "Polygon",
        "coordinates": [
          [
            [
              -118.55734796852401,
              36.147814162573155
            ],
            [
              -118.55728326919655,
              36.14781175763411
            ],
            [
              -118.55728623444375,
              36.147759283474365
            ],
            [
              -118.5573509337284,
              36.147761688408806
            ],
            [
              -118.55734796852401,
              36.147814162573155
            ]
          ]
        ]
      }
    },
    {
      "id": "619",
      "type": "Feature",
      "properties": {
        "id": null,
        "SOURCE_FILE": "/Users/maples/GitHub/mortalitree_testing/labels/annayu_mortalitree_postfire_labels.geojson",
        "SUNETID": "annayu",
        "FIRENAME": "CASTLE",
        "FIRE_SLUG": "CASTLE",
        "PREFIRE": 0,
        "PREFIRE_STATUS": "postfire",
        "TILE_Z": 17,
        "TILE_X": 22370,
        "TILE_Y": 51403,
        "TILEXYZ": [
          17,
          22370,
          51403
        ],
        "OUTPUT_FILE": "/Users/maples/GitHub/mortalitree_testing/notebooks/single_tiles/postfire/17/22370/51403.geojson",
        "OUTPUT_STATUS_DIR": "postfire",
        "FEATURE_COUNT": 212
      },
      "geometry": {
        "type": "Polygon",
        "coordinates": [
          [
            [
              -118.55718058150045,
              36.14781232258876
            ],
            [
              -118.55709431575383,
              36.1478091158752
            ],
            [
              -118.55709777535465,
              36.1477478960378
            ],
            [
              -118.55718404103465,
              36.147751102744216
            ],
            [
              -118.55718058150045,
              36.14781232258876
            ]
          ]
        ]
      }
    },
    {
      "id": "620",
      "type": "Feature",
      "properties": {
        "id": null,
        "SOURCE_FILE": "/Users/maples/GitHub/mortalitree_testing/labels/annayu_mortalitree_postfire_labels.geojson",
        "SUNETID": "annayu",
        "FIRENAME": "CASTLE",
        "FIRE_SLUG": "CASTLE",
        "PREFIRE": 0,
        "PREFIRE_STATUS": "postfire",
        "TILE_Z": 17,
        "TILE_X": 22370,
        "TILE_Y": 51403,
        "TILEXYZ": [
          17,
          22370,
          51403
        ],
        "OUTPUT_FILE": "/Users/maples/GitHub/mortalitree_testing/notebooks/single_tiles/postfire/17/22370/51403.geojson",
        "OUTPUT_STATUS_DIR": "postfire",
        "FEATURE_COUNT": 212
      },
      "geometry": {
        "type": "Polygon",
        "coordinates": [
          [
            [
              -118.55697787940503,
              36.14786175395205
            ],
            [
              -118.55692396329282,
              36.14785974966972
            ],
            [
              -118.55692643453648,
              36.14781602122503
            ],
            [
              -118.55698035061894,
              36.14781802550417
            ],
            [
              -118.55697787940503,
              36.14786175395205
            ]
          ]
        ]
      }
    },
    {
      "id": "621",
      "type": "Feature",
      "properties": {
        "id": null,
        "SOURCE_FILE": "/Users/maples/GitHub/mortalitree_testing/labels/annayu_mortalitree_postfire_labels.geojson",
        "SUNETID": "annayu",
        "FIRENAME": "CASTLE",
        "FIRE_SLUG": "CASTLE",
        "PREFIRE": 0,
        "PREFIRE_STATUS": "postfire",
        "TILE_Z": 17,
        "TILE_X": 22370,
        "TILE_Y": 51403,
        "TILEXYZ": [
          17,
          22370,
          51403
        ],
        "OUTPUT_FILE": "/Users/maples/GitHub/mortalitree_testing/notebooks/single_tiles/postfire/17/22370/51403.geojson",
        "OUTPUT_STATUS_DIR": "postfire",
        "FEATURE_COUNT": 212
      },
      "geometry": {
        "type": "Polygon",
        "coordinates": [
          [
            [
              -118.55670524241908,
              36.148097012390075
            ],
            [
              -118.55666210941608,
              36.14809540885901
            ],
            [
              -118.55666458082639,
              36.148051680431614
            ],
            [
              -118.55670771380561,
              36.14805328396013
            ],
            [
              -118.55670524241908,
              36.148097012390075
            ]
          ]
        ]
      }
    },
    {
      "id": "622",
      "type": "Feature",
      "properties": {
        "id": null,
        "SOURCE_FILE": "/Users/maples/GitHub/mortalitree_testing/labels/annayu_mortalitree_postfire_labels.geojson",
        "SUNETID": "annayu",
        "FIRENAME": "CASTLE",
        "FIRE_SLUG": "CASTLE",
        "PREFIRE": 0,
        "PREFIRE_STATUS": "postfire",
        "TILE_Z": 17,
        "TILE_X": 22370,
        "TILE_Y": 51403,
        "TILEXYZ": [
          17,
          22370,
          51403
        ],
        "OUTPUT_FILE": "/Users/maples/GitHub/mortalitree_testing/notebooks/single_tiles/postfire/17/22370/51403.geojson",
        "OUTPUT_STATUS_DIR": "postfire",
        "FEATURE_COUNT": 212
      },
      "geometry": {
        "type": "Polygon",
        "coordinates": [
          [
            [
              -118.55665671779093,
              36.14809520841653
            ],
            [
              -118.5566028015425,
              36.1480932039785
            ],
            [
              -118.55660576727351,
              36.148040729869784
            ],
            [
              -118.55665968348626,
              36.14804273430398
            ],
            [
              -118.55665671779093,
              36.14809520841653
            ]
          ]
        ]
      }
    },
    {
      "id": "623",
      "type": "Feature",
      "properties": {
        "id": null,
        "SOURCE_FILE": "/Users/maples/GitHub/mortalitree_testing/labels/annayu_mortalitree_postfire_labels.geojson",
        "SUNETID": "annayu",
        "FIRENAME": "CASTLE",
        "FIRE_SLUG": "CASTLE",
        "PREFIRE": 0,
        "PREFIRE_STATUS": "postfire",
        "TILE_Z": 17,
        "TILE_X": 22370,
        "TILE_Y": 51403,
        "TILEXYZ": [
          17,
          22370,
          51403
        ],
        "OUTPUT_FILE": "/Users/maples/GitHub/mortalitree_testing/notebooks/single_tiles/postfire/17/22370/51403.geojson",
        "OUTPUT_STATUS_DIR": "postfire",
        "FEATURE_COUNT": 212
      },
      "geometry": {
        "type": "Polygon",
        "coordinates": [
          [
            [
              -118.55668585472051,
              36.14815325802474
            ],
            [
              -118.5566319384302,
              36.14815125359707
            ],
            [
              -118.55663440986233,
              36.14810752517187
            ],
            [
              -118.55668832612287,
              36.14810952959635
            ],
            [
              -118.55668585472051,
              36.14815325802474
            ]
          ]
        ]
      }
    },
    {
      "id": "624",
      "type": "Feature",
      "properties": {
        "id": null,
        "SOURCE_FILE": "/Users/maples/GitHub/mortalitree_testing/labels/annayu_mortalitree_postfire_labels.geojson",
        "SUNETID": "annayu",
        "FIRENAME": "CASTLE",
        "FIRE_SLUG": "CASTLE",
        "PREFIRE": 0,
        "PREFIRE_STATUS": "postfire",
        "TILE_Z": 17,
        "TILE_X": 22370,
        "TILE_Y": 51403,
        "TILEXYZ": [
          17,
          22370,
          51403
        ],
        "OUTPUT_FILE": "/Users/maples/GitHub/mortalitree_testing/notebooks/single_tiles/postfire/17/22370/51403.geojson",
        "OUTPUT_STATUS_DIR": "postfire",
        "FEATURE_COUNT": 212
      },
      "geometry": {
        "type": "Polygon",
        "coordinates": [
          [
            [
              -118.55837529674399,
              36.1478961650297
            ],
            [
              -118.55827824751904,
              36.14789255843358
            ],
            [
              -118.55828220030828,
              36.14782259279339
            ],
            [
              -118.55837924944755,
              36.14782619938031
            ],
            [
              -118.55837529674399,
              36.1478961650297
            ]
          ]
        ]
      }
    },
    {
      "id": "625",
      "type": "Feature",
      "properties": {
        "id": null,
        "SOURCE_FILE": "/Users/maples/GitHub/mortalitree_testing/labels/annayu_mortalitree_postfire_labels.geojson",
        "SUNETID": "annayu",
        "FIRENAME": "CASTLE",
        "FIRE_SLUG": "CASTLE",
        "PREFIRE": 0,
        "PREFIRE_STATUS": "postfire",
        "TILE_Z": 17,
        "TILE_X": 22370,
        "TILE_Y": 51403,
        "TILEXYZ": [
          17,
          22370,
          51403
        ],
        "OUTPUT_FILE": "/Users/maples/GitHub/mortalitree_testing/notebooks/single_tiles/postfire/17/22370/51403.geojson",
        "OUTPUT_STATUS_DIR": "postfire",
        "FEATURE_COUNT": 212
      },
      "geometry": {
        "type": "Polygon",
        "coordinates": [
          [
            [
              -118.55855470257438,
              36.147876539794424
            ],
            [
              -118.55847921984278,
              36.147873734785264
            ],
            [
              -118.55848267837555,
              36.14781251483325
            ],
            [
              -118.55855816104884,
              36.14781531983615
            ],
            [
              -118.55855470257438,
              36.147876539794424
            ]
          ]
        ]
      }
    },
    {
      "id": "626",
      "type": "Feature",
      "properties": {
        "id": null,
        "SOURCE_FILE": "/Users/maples/GitHub/mortalitree_testing/labels/annayu_mortalitree_postfire_labels.geojson",
        "SUNETID": "annayu",
        "FIRENAME": "CASTLE",
        "FIRE_SLUG": "CASTLE",
        "PREFIRE": 0,
        "PREFIRE_STATUS": "postfire",
        "TILE_Z": 17,
        "TILE_X": 22370,
        "TILE_Y": 51403,
        "TILEXYZ": [
          17,
          22370,
          51403
        ],
        "OUTPUT_FILE": "/Users/maples/GitHub/mortalitree_testing/notebooks/single_tiles/postfire/17/22370/51403.geojson",
        "OUTPUT_STATUS_DIR": "postfire",
        "FEATURE_COUNT": 212
      },
      "geometry": {
        "type": "Polygon",
        "coordinates": [
          [
            [
              -118.55858384089301,
              36.1479345890325
            ],
            [
              -118.55851914135789,
              36.14793218475426
            ],
            [
              -118.55852309393889,
              36.14786221909161
            ],
            [
              -118.55858779341689,
              36.147864623363716
            ],
            [
              -118.55858384089301,
              36.1479345890325
            ]
          ]
        ]
      }
    },
    {
      "id": "627",
      "type": "Feature",
      "properties": {
        "id": null,
        "SOURCE_FILE": "/Users/maples/GitHub/mortalitree_testing/labels/annayu_mortalitree_postfire_labels.geojson",
        "SUNETID": "annayu",
        "FIRENAME": "CASTLE",
        "FIRE_SLUG": "CASTLE",
        "PREFIRE": 0,
        "PREFIRE_STATUS": "postfire",
        "TILE_Z": 17,
        "TILE_X": 22370,
        "TILE_Y": 51403,
        "TILEXYZ": [
          17,
          22370,
          51403
        ],
        "OUTPUT_FILE": "/Users/maples/GitHub/mortalitree_testing/notebooks/single_tiles/postfire/17/22370/51403.geojson",
        "OUTPUT_STATUS_DIR": "postfire",
        "FEATURE_COUNT": 212
      },
      "geometry": {
        "type": "Polygon",
        "coordinates": [
          [
            [
              -118.55861861791514,
              36.14798846576553
            ],
            [
              -118.5585539183327,
              36.14798606150301
            ],
            [
              -118.55855737682162,
              36.147924841545915
            ],
            [
              -118.55862207635407,
              36.147927245803075
            ],
            [
              -118.55861861791514,
              36.14798846576553
            ]
          ]
        ]
      }
    },
    {
      "id": "628",
      "type": "Feature",
      "properties": {
        "id": null,
        "SOURCE_FILE": "/Users/maples/GitHub/mortalitree_testing/labels/annayu_mortalitree_postfire_labels.geojson",
        "SUNETID": "annayu",
        "FIRENAME": "CASTLE",
        "FIRE_SLUG": "CASTLE",
        "PREFIRE": 0,
        "PREFIRE_STATUS": "postfire",
        "TILE_Z": 17,
        "TILE_X": 22370,
        "TILE_Y": 51403,
        "TILEXYZ": [
          17,
          22370,
          51403
        ],
        "OUTPUT_FILE": "/Users/maples/GitHub/mortalitree_testing/notebooks/single_tiles/postfire/17/22370/51403.geojson",
        "OUTPUT_STATUS_DIR": "postfire",
        "FEATURE_COUNT": 212
      },
      "geometry": {
        "type": "Polygon",
        "coordinates": [
          [
            [
              -118.55859956479044,
              36.147847532654716
            ],
            [
              -118.55854564856907,
              36.14784552910316
            ],
            [
              -118.55854861297905,
              36.14779305485363
            ],
            [
              -118.55860252916473,
              36.14779505840136
            ],
            [
              -118.55859956479044,
              36.147847532654716
            ]
          ]
        ]
      }
    },
    {
      "id": "629",
      "type": "Feature",
      "properties": {
        "id": null,
        "SOURCE_FILE": "/Users/maples/GitHub/mortalitree_testing/labels/annayu_mortalitree_postfire_labels.geojson",
        "SUNETID": "annayu",
        "FIRENAME": "CASTLE",
        "FIRE_SLUG": "CASTLE",
        "PREFIRE": 0,
        "PREFIRE_STATUS": "postfire",
        "TILE_Z": 17,
        "TILE_X": 22370,
        "TILE_Y": 51403,
        "TILEXYZ": [
          17,
          22370,
          51403
        ],
        "OUTPUT_FILE": "/Users/maples/GitHub/mortalitree_testing/notebooks/single_tiles/postfire/17/22370/51403.geojson",
        "OUTPUT_STATUS_DIR": "postfire",
        "FEATURE_COUNT": 212
      },
      "geometry": {
        "type": "Polygon",
        "coordinates": [
          [
            [
              -118.55838740185561,
              36.147681895224686
            ],
            [
              -118.55827956967603,
              36.14767788792211
            ],
            [
              -118.55828352243306,
              36.14760792227928
            ],
            [
              -118.55839135451743,
              36.147611929571646
            ],
            [
              -118.55838740185561,
              36.147681895224686
            ]
          ]
        ]
      }
    },
    {
      "id": "630",
      "type": "Feature",
      "properties": {
        "id": null,
        "SOURCE_FILE": "/Users/maples/GitHub/mortalitree_testing/labels/annayu_mortalitree_postfire_labels.geojson",
        "SUNETID": "annayu",
        "FIRENAME": "CASTLE",
        "FIRE_SLUG": "CASTLE",
        "PREFIRE": 0,
        "PREFIRE_STATUS": "postfire",
        "TILE_Z": 17,
        "TILE_X": 22370,
        "TILE_Y": 51403,
        "TILEXYZ": [
          17,
          22370,
          51403
        ],
        "OUTPUT_FILE": "/Users/maples/GitHub/mortalitree_testing/notebooks/single_tiles/postfire/17/22370/51403.geojson",
        "OUTPUT_STATUS_DIR": "postfire",
        "FEATURE_COUNT": 212
      },
      "geometry": {
        "type": "Polygon",
        "coordinates": [
          [
            [
              -118.558430083907,
              36.14759584068679
            ],
            [
              -118.55835460145714,
              36.14759303561776
            ],
            [
              -118.55835954230264,
              36.14750557855388
            ],
            [
              -118.55843502466922,
              36.147508383613975
            ],
            [
              -118.558430083907,
              36.14759584068679
            ]
          ]
        ]
      }
    },
    {
      "id": "631",
      "type": "Feature",
      "properties": {
        "id": null,
        "SOURCE_FILE": "/Users/maples/GitHub/mortalitree_testing/labels/annayu_mortalitree_postfire_labels.geojson",
        "SUNETID": "annayu",
        "FIRENAME": "CASTLE",
        "FIRE_SLUG": "CASTLE",
        "PREFIRE": 0,
        "PREFIRE_STATUS": "postfire",
        "TILE_Z": 17,
        "TILE_X": 22370,
        "TILE_Y": 51403,
        "TILEXYZ": [
          17,
          22370,
          51403
        ],
        "OUTPUT_FILE": "/Users/maples/GitHub/mortalitree_testing/notebooks/single_tiles/postfire/17/22370/51403.geojson",
        "OUTPUT_STATUS_DIR": "postfire",
        "FEATURE_COUNT": 212
      },
      "geometry": {
        "type": "Polygon",
        "coordinates": [
          [
            [
              -118.55834896281085,
              36.147597208106994
            ],
            [
              -118.55825191395769,
              36.14759360151512
            ],
            [
              -118.55825537263165,
              36.14753238157915
            ],
            [
              -118.55835242140985,
              36.14753598816298
            ],
            [
              -118.55834896281085,
              36.147597208106994
            ]
          ]
        ]
      }
    },
    {
      "id": "632",
      "type": "Feature",
      "properties": {
        "id": null,
        "SOURCE_FILE": "/Users/maples/GitHub/mortalitree_testing/labels/annayu_mortalitree_postfire_labels.geojson",
        "SUNETID": "annayu",
        "FIRENAME": "CASTLE",
        "FIRE_SLUG": "CASTLE",
        "PREFIRE": 0,
        "PREFIRE_STATUS": "postfire",
        "TILE_Z": 17,
        "TILE_X": 22370,
        "TILE_Y": 51403,
        "TILEXYZ": [
          17,
          22370,
          51403
        ],
        "OUTPUT_FILE": "/Users/maples/GitHub/mortalitree_testing/notebooks/single_tiles/postfire/17/22370/51403.geojson",
        "OUTPUT_STATUS_DIR": "postfire",
        "FEATURE_COUNT": 212
      },
      "geometry": {
        "type": "Polygon",
        "coordinates": [
          [
            [
              -118.55816791535838,
              36.14745463680346
            ],
            [
              -118.55807086670474,
              36.147451030077065
            ],
            [
              -118.55807531372706,
              36.14737231874816
            ],
            [
              -118.55817236228431,
              36.14737592546421
            ],
            [
              -118.55816791535838,
              36.14745463680346
            ]
          ]
        ]
      }
    },
    {
      "id": "633",
      "type": "Feature",
      "properties": {
        "id": null,
        "SOURCE_FILE": "/Users/maples/GitHub/mortalitree_testing/labels/annayu_mortalitree_postfire_labels.geojson",
        "SUNETID": "annayu",
        "FIRENAME": "CASTLE",
        "FIRE_SLUG": "CASTLE",
        "PREFIRE": 0,
        "PREFIRE_STATUS": "postfire",
        "TILE_Z": 17,
        "TILE_X": 22370,
        "TILE_Y": 51403,
        "TILEXYZ": [
          17,
          22370,
          51403
        ],
        "OUTPUT_FILE": "/Users/maples/GitHub/mortalitree_testing/notebooks/single_tiles/postfire/17/22370/51403.geojson",
        "OUTPUT_STATUS_DIR": "postfire",
        "FEATURE_COUNT": 212
      },
      "geometry": {
        "type": "Polygon",
        "coordinates": [
          [
            [
              -118.55719614932217,
              36.1475368332811
            ],
            [
              -118.55708831751583,
              36.147532824919686
            ],
            [
              -118.55709325975627,
              36.14744536800552
            ],
            [
              -118.5572010914436,
              36.14744937635416
            ],
            [
              -118.55719614932217,
              36.1475368332811
            ]
          ]
        ]
      }
    },
    {
      "id": "634",
      "type": "Feature",
      "properties": {
        "id": null,
        "SOURCE_FILE": "/Users/maples/GitHub/mortalitree_testing/labels/annayu_mortalitree_postfire_labels.geojson",
        "SUNETID": "annayu",
        "FIRENAME": "CASTLE",
        "FIRE_SLUG": "CASTLE",
        "PREFIRE": 0,
        "PREFIRE_STATUS": "postfire",
        "TILE_Z": 17,
        "TILE_X": 22370,
        "TILE_Y": 51403,
        "TILEXYZ": [
          17,
          22370,
          51403
        ],
        "OUTPUT_FILE": "/Users/maples/GitHub/mortalitree_testing/notebooks/single_tiles/postfire/17/22370/51403.geojson",
        "OUTPUT_STATUS_DIR": "postfire",
        "FEATURE_COUNT": 212
      },
      "geometry": {
        "type": "Polygon",
        "coordinates": [
          [
            [
              -118.55722701623834,
              36.14756427284953
            ],
            [
              -118.55716231712675,
              36.14756186785939
            ],
            [
              -118.55716478821115,
              36.14751813939836
            ],
            [
              -118.55722948728707,
              36.14752054438466
            ],
            [
              -118.55722701623834,
              36.14756427284953
            ]
          ]
        ]
      }
    },
    {
      "id": "635",
      "type": "Feature",
      "properties": {
        "id": null,
        "SOURCE_FILE": "/Users/maples/GitHub/mortalitree_testing/labels/annayu_mortalitree_postfire_labels.geojson",
        "SUNETID": "annayu",
        "FIRENAME": "CASTLE",
        "FIRE_SLUG": "CASTLE",
        "PREFIRE": 0,
        "PREFIRE_STATUS": "postfire",
        "TILE_Z": 17,
        "TILE_X": 22370,
        "TILE_Y": 51403,
        "TILEXYZ": [
          17,
          22370,
          51403
        ],
        "OUTPUT_FILE": "/Users/maples/GitHub/mortalitree_testing/notebooks/single_tiles/postfire/17/22370/51403.geojson",
        "OUTPUT_STATUS_DIR": "postfire",
        "FEATURE_COUNT": 212
      },
      "geometry": {
        "type": "Polygon",
        "coordinates": [
          [
            [
              -118.55720055248739,
              36.14755452508193
            ],
            [
              -118.55713585338613,
              36.147552120078046
            ],
            [
              -118.55713832448434,
              36.14750839161851
            ],
            [
              -118.55720302354993,
              36.147510796618555
            ],
            [
              -118.55720055248739,
              36.14755452508193
            ]
          ]
        ]
      }
    },
    {
      "id": "636",
      "type": "Feature",
      "properties": {
        "id": null,
        "SOURCE_FILE": "/Users/maples/GitHub/mortalitree_testing/labels/annayu_mortalitree_postfire_labels.geojson",
        "SUNETID": "annayu",
        "FIRENAME": "CASTLE",
        "FIRE_SLUG": "CASTLE",
        "PREFIRE": 0,
        "PREFIRE_STATUS": "postfire",
        "TILE_Z": 17,
        "TILE_X": 22370,
        "TILE_Y": 51403,
        "TILEXYZ": [
          17,
          22370,
          51403
        ],
        "OUTPUT_FILE": "/Users/maples/GitHub/mortalitree_testing/notebooks/single_tiles/postfire/17/22370/51403.geojson",
        "OUTPUT_STATUS_DIR": "postfire",
        "FEATURE_COUNT": 212
      },
      "geometry": {
        "type": "Polygon",
        "coordinates": [
          [
            [
              -118.55694440586184,
              36.148167251785324
            ],
            [
              -118.55687970627986,
              36.1481648466081
            ],
            [
              -118.5568826718342,
              36.148112372480256
            ],
            [
              -118.55694737137334,
              36.14811477765287
            ],
            [
              -118.55694440586184,
              36.148167251785324
            ]
          ]
        ]
      }
    },
    {
      "id": "637",
      "type": "Feature",
      "properties": {
        "id": null,
        "SOURCE_FILE": "/Users/maples/GitHub/mortalitree_testing/labels/annayu_mortalitree_postfire_labels.geojson",
        "SUNETID": "annayu",
        "FIRENAME": "CASTLE",
        "FIRE_SLUG": "CASTLE",
        "PREFIRE": 0,
        "PREFIRE_STATUS": "postfire",
        "TILE_Z": 17,
        "TILE_X": 22370,
        "TILE_Y": 51403,
        "TILEXYZ": [
          17,
          22370,
          51403
        ],
        "OUTPUT_FILE": "/Users/maples/GitHub/mortalitree_testing/notebooks/single_tiles/postfire/17/22370/51403.geojson",
        "OUTPUT_STATUS_DIR": "postfire",
        "FEATURE_COUNT": 212
      },
      "geometry": {
        "type": "Polygon",
        "coordinates": [
          [
            [
              -118.55830599020943,
              36.147784038589634
            ],
            [
              -118.55821972436176,
              36.14778083268889
            ],
            [
              -118.55822367718683,
              36.14771086705296
            ],
            [
              -118.55830994295835,
              36.14771407294554
            ],
            [
              -118.55830599020943,
              36.147784038589634
            ]
          ]
        ]
      }
    },
    {
      "id": "638",
      "type": "Feature",
      "properties": {
        "id": null,
        "SOURCE_FILE": "/Users/maples/GitHub/mortalitree_testing/labels/annayu_mortalitree_postfire_labels.geojson",
        "SUNETID": "annayu",
        "FIRENAME": "CASTLE",
        "FIRE_SLUG": "CASTLE",
        "PREFIRE": 0,
        "PREFIRE_STATUS": "postfire",
        "TILE_Z": 17,
        "TILE_X": 22370,
        "TILE_Y": 51403,
        "TILEXYZ": [
          17,
          22370,
          51403
        ],
        "OUTPUT_FILE": "/Users/maples/GitHub/mortalitree_testing/notebooks/single_tiles/postfire/17/22370/51403.geojson",
        "OUTPUT_STATUS_DIR": "postfire",
        "FEATURE_COUNT": 212
      },
      "geometry": {
        "type": "Polygon",
        "coordinates": [
          [
            [
              -118.5581782219296,
              36.14842584852358
            ],
            [
              -118.55808014692279,
              36.1484222036227
            ],
            [
              -118.55808339269757,
              36.148364756074514
            ],
            [
              -118.55818146763328,
              36.148368400967755
            ],
            [
              -118.5581782219296,
              36.14842584852358
            ]
          ]
        ]
      }
    },
    {
      "id": "639",
      "type": "Feature",
      "properties": {
        "id": null,
        "SOURCE_FILE": "/Users/maples/GitHub/mortalitree_testing/labels/annayu_mortalitree_postfire_labels.geojson",
        "SUNETID": "annayu",
        "FIRENAME": "CASTLE",
        "FIRE_SLUG": "CASTLE",
        "PREFIRE": 0,
        "PREFIRE_STATUS": "postfire",
        "TILE_Z": 17,
        "TILE_X": 22370,
        "TILE_Y": 51403,
        "TILEXYZ": [
          17,
          22370,
          51403
        ],
        "OUTPUT_FILE": "/Users/maples/GitHub/mortalitree_testing/notebooks/single_tiles/postfire/17/22370/51403.geojson",
        "OUTPUT_STATUS_DIR": "postfire",
        "FEATURE_COUNT": 212
      },
      "geometry": {
        "type": "Polygon",
        "coordinates": [
          [
            [
              -118.55812635737503,
              36.148377423643076
            ],
            [
              -118.55806097408002,
              36.14837499369253
            ],
            [
              -118.55806446953842,
              36.148313127103265
            ],
            [
              -118.55812985278239,
              36.14831555704835
            ],
            [
              -118.55812635737503,
              36.148377423643076
            ]
          ]
        ]
      }
    },
    {
      "id": "640",
      "type": "Feature",
      "properties": {
        "id": null,
        "SOURCE_FILE": "/Users/maples/GitHub/mortalitree_testing/labels/annayu_mortalitree_postfire_labels.geojson",
        "SUNETID": "annayu",
        "FIRENAME": "CASTLE",
        "FIRE_SLUG": "CASTLE",
        "PREFIRE": 0,
        "PREFIRE_STATUS": "postfire",
        "TILE_Z": 17,
        "TILE_X": 22370,
        "TILE_Y": 51403,
        "TILEXYZ": [
          17,
          22370,
          51403
        ],
        "OUTPUT_FILE": "/Users/maples/GitHub/mortalitree_testing/notebooks/single_tiles/postfire/17/22370/51403.geojson",
        "OUTPUT_STATUS_DIR": "postfire",
        "FEATURE_COUNT": 212
      },
      "geometry": {
        "type": "Polygon",
        "coordinates": [
          [
            [
              -118.55754130146401,
              36.148247185092764
            ],
            [
              -118.55748136692338,
              36.14824495735353
            ],
            [
              -118.55748336458008,
              36.148209605044016
            ],
            [
              -118.55754329909398,
              36.148211832780376
            ],
            [
              -118.55754130146401,
              36.148247185092764
            ]
          ]
        ]
      }
    },
    {
      "id": "641",
      "type": "Feature",
      "properties": {
        "id": null,
        "SOURCE_FILE": "/Users/maples/GitHub/mortalitree_testing/labels/annayu_mortalitree_postfire_labels.geojson",
        "SUNETID": "annayu",
        "FIRENAME": "CASTLE",
        "FIRE_SLUG": "CASTLE",
        "PREFIRE": 0,
        "PREFIRE_STATUS": "postfire",
        "TILE_Z": 17,
        "TILE_X": 22370,
        "TILE_Y": 51403,
        "TILEXYZ": [
          17,
          22370,
          51403
        ],
        "OUTPUT_FILE": "/Users/maples/GitHub/mortalitree_testing/notebooks/single_tiles/postfire/17/22370/51403.geojson",
        "OUTPUT_STATUS_DIR": "postfire",
        "FEATURE_COUNT": 212
      },
      "geometry": {
        "type": "Polygon",
        "coordinates": [
          [
            [
              -118.5588780210906,
              36.1481197296051
            ],
            [
              -118.55880718934735,
              36.14811709761774
            ],
            [
              -118.55881018492461,
              36.14806406905663
            ],
            [
              -118.55888101662046,
              36.14806670103891
            ],
            [
              -118.5588780210906,
              36.1481197296051
            ]
          ]
        ]
      }
    },
    {
      "id": "642",
      "type": "Feature",
      "properties": {
        "id": null,
        "SOURCE_FILE": "/Users/maples/GitHub/mortalitree_testing/labels/annayu_mortalitree_postfire_labels.geojson",
        "SUNETID": "annayu",
        "FIRENAME": "CASTLE",
        "FIRE_SLUG": "CASTLE",
        "PREFIRE": 0,
        "PREFIRE_STATUS": "postfire",
        "TILE_Z": 17,
        "TILE_X": 22370,
        "TILE_Y": 51403,
        "TILEXYZ": [
          17,
          22370,
          51403
        ],
        "OUTPUT_FILE": "/Users/maples/GitHub/mortalitree_testing/notebooks/single_tiles/postfire/17/22370/51403.geojson",
        "OUTPUT_STATUS_DIR": "postfire",
        "FEATURE_COUNT": 212
      },
      "geometry": {
        "type": "Polygon",
        "coordinates": [
          [
            [
              -118.55888026773874,
              36.148079958180524
            ],
            [
              -118.5588148846236,
              36.14807752865874
            ],
            [
              -118.55881812982163,
              36.14802008104986
            ],
            [
              -118.5588835128894,
              36.14802251056657
            ],
            [
              -118.55888026773874,
              36.148079958180524
            ]
          ]
        ]
      }
    },
    {
      "id": "643",
      "type": "Feature",
      "properties": {
        "id": null,
        "SOURCE_FILE": "/Users/maples/GitHub/mortalitree_testing/labels/annayu_mortalitree_postfire_labels.geojson",
        "SUNETID": "annayu",
        "FIRENAME": "CASTLE",
        "FIRE_SLUG": "CASTLE",
        "PREFIRE": 0,
        "PREFIRE_STATUS": "postfire",
        "TILE_Z": 17,
        "TILE_X": 22370,
        "TILE_Y": 51403,
        "TILEXYZ": [
          17,
          22370,
          51403
        ],
        "OUTPUT_FILE": "/Users/maples/GitHub/mortalitree_testing/notebooks/single_tiles/postfire/17/22370/51403.geojson",
        "OUTPUT_STATUS_DIR": "postfire",
        "FEATURE_COUNT": 212
      },
      "geometry": {
        "type": "Polygon",
        "coordinates": [
          [
            [
              -118.55867369877926,
              36.14811213722044
            ],
            [
              -118.55861921284247,
              36.148110112525885
            ],
            [
              -118.55862195890387,
              36.148061503023925
            ],
            [
              -118.55867644480725,
              36.1480635277149
            ],
            [
              -118.55867369877926,
              36.14811213722044
            ]
          ]
        ]
      }
    },
    {
      "id": "644",
      "type": "Feature",
      "properties": {
        "id": null,
        "SOURCE_FILE": "/Users/maples/GitHub/mortalitree_testing/labels/annayu_mortalitree_postfire_labels.geojson",
        "SUNETID": "annayu",
        "FIRENAME": "CASTLE",
        "FIRE_SLUG": "CASTLE",
        "PREFIRE": 0,
        "PREFIRE_STATUS": "postfire",
        "TILE_Z": 17,
        "TILE_X": 22370,
        "TILE_Y": 51403,
        "TILEXYZ": [
          17,
          22370,
          51403
        ],
        "OUTPUT_FILE": "/Users/maples/GitHub/mortalitree_testing/notebooks/single_tiles/postfire/17/22370/51403.geojson",
        "OUTPUT_STATUS_DIR": "postfire",
        "FEATURE_COUNT": 212
      },
      "geometry": {
        "type": "Polygon",
        "coordinates": [
          [
            [
              -118.55895209794872,
              36.148064913931826
            ],
            [
              -118.55888671483966,
              36.14806248445011
            ],
            [
              -118.55889070886158,
              36.14799177969353
            ],
            [
              -118.55895609191231,
              36.14799420916898
            ],
            [
              -118.55895209794872,
              36.148064913931826
            ]
          ]
        ]
      }
    },
    {
      "id": "645",
      "type": "Feature",
      "properties": {
        "id": null,
        "SOURCE_FILE": "/Users/maples/GitHub/mortalitree_testing/labels/annayu_mortalitree_postfire_labels.geojson",
        "SUNETID": "annayu",
        "FIRENAME": "CASTLE",
        "FIRE_SLUG": "CASTLE",
        "PREFIRE": 0,
        "PREFIRE_STATUS": "postfire",
        "TILE_Z": 17,
        "TILE_X": 22370,
        "TILE_Y": 51403,
        "TILEXYZ": [
          17,
          22370,
          51403
        ],
        "OUTPUT_FILE": "/Users/maples/GitHub/mortalitree_testing/notebooks/single_tiles/postfire/17/22370/51403.geojson",
        "OUTPUT_STATUS_DIR": "postfire",
        "FEATURE_COUNT": 212
      },
      "geometry": {
        "type": "Polygon",
        "coordinates": [
          [
            [
              -118.55891067418064,
              36.147928310877596
            ],
            [
              -118.55891616590065,
              36.14783109183163
            ],
            [
              -118.5589599609375,
              36.14783271912963
            ],
            [
              -118.5589599609375,
              36.14793014223641
            ],
            [
              -118.55891067418064,
              36.147928310877596
            ]
          ]
        ]
      }
    },
    {
      "id": "646",
      "type": "Feature",
      "properties": {
        "id": null,
        "SOURCE_FILE": "/Users/maples/GitHub/mortalitree_testing/labels/annayu_mortalitree_postfire_labels.geojson",
        "SUNETID": "annayu",
        "FIRENAME": "CASTLE",
        "FIRE_SLUG": "CASTLE",
        "PREFIRE": 0,
        "PREFIRE_STATUS": "postfire",
        "TILE_Z": 17,
        "TILE_X": 22370,
        "TILE_Y": 51403,
        "TILEXYZ": [
          17,
          22370,
          51403
        ],
        "OUTPUT_FILE": "/Users/maples/GitHub/mortalitree_testing/notebooks/single_tiles/postfire/17/22370/51403.geojson",
        "OUTPUT_STATUS_DIR": "postfire",
        "FEATURE_COUNT": 212
      },
      "geometry": {
        "type": "Polygon",
        "coordinates": [
          [
            [
              -118.5588565411846,
              36.14796836847718
            ],
            [
              -118.55886103447324,
              36.14788882562795
            ],
            [
              -118.5589599609375,
              36.147892501499896
            ],
            [
              -118.5589599609375,
              36.147972211316315
            ],
            [
              -118.5588565411846,
              36.14796836847718
            ]
          ]
        ]
      }
    },
    {
      "id": "647",
      "type": "Feature",
      "properties": {
        "id": null,
        "SOURCE_FILE": "/Users/maples/GitHub/mortalitree_testing/labels/annayu_mortalitree_postfire_labels.geojson",
        "SUNETID": "annayu",
        "FIRENAME": "CASTLE",
        "FIRE_SLUG": "CASTLE",
        "PREFIRE": 0,
        "PREFIRE_STATUS": "postfire",
        "TILE_Z": 17,
        "TILE_X": 22370,
        "TILE_Y": 51403,
        "TILEXYZ": [
          17,
          22370,
          51403
        ],
        "OUTPUT_FILE": "/Users/maples/GitHub/mortalitree_testing/notebooks/single_tiles/postfire/17/22370/51403.geojson",
        "OUTPUT_STATUS_DIR": "postfire",
        "FEATURE_COUNT": 212
      },
      "geometry": {
        "type": "Polygon",
        "coordinates": [
          [
            [
              -118.55887558963254,
              36.1480177878317
            ],
            [
              -118.55878841221677,
              36.148014548462776
            ],
            [
              -118.55879165742664,
              36.14795710085535
            ],
            [
              -118.5588788347792,
              36.14796034021751
            ],
            [
              -118.55887558963254,
              36.1480177878317
            ]
          ]
        ]
      }
    },
    {
      "id": "648",
      "type": "Feature",
      "properties": {
        "id": null,
        "SOURCE_FILE": "/Users/maples/GitHub/mortalitree_testing/labels/annayu_mortalitree_postfire_labels.geojson",
        "SUNETID": "annayu",
        "FIRENAME": "CASTLE",
        "FIRE_SLUG": "CASTLE",
        "PREFIRE": 0,
        "PREFIRE_STATUS": "postfire",
        "TILE_Z": 17,
        "TILE_X": 22370,
        "TILE_Y": 51403,
        "TILEXYZ": [
          17,
          22370,
          51403
        ],
        "OUTPUT_FILE": "/Users/maples/GitHub/mortalitree_testing/notebooks/single_tiles/postfire/17/22370/51403.geojson",
        "OUTPUT_STATUS_DIR": "postfire",
        "FEATURE_COUNT": 212
      },
      "geometry": {
        "type": "Polygon",
        "coordinates": [
          [
            [
              -118.55890597447106,
              36.147914851278514
            ],
            [
              -118.55879700284142,
              36.14791080209502
            ],
            [
              -118.55880224506892,
              36.147818002110704
            ],
            [
              -118.55891121657096,
              36.14782205128052
            ],
            [
              -118.55890597447106,
              36.147914851278514
            ]
          ]
        ]
      }
    },
    {
      "id": "649",
      "type": "Feature",
      "properties": {
        "id": null,
        "SOURCE_FILE": "/Users/maples/GitHub/mortalitree_testing/labels/annayu_mortalitree_postfire_labels.geojson",
        "SUNETID": "annayu",
        "FIRENAME": "CASTLE",
        "FIRE_SLUG": "CASTLE",
        "PREFIRE": 0,
        "PREFIRE_STATUS": "postfire",
        "TILE_Z": 17,
        "TILE_X": 22370,
        "TILE_Y": 51403,
        "TILEXYZ": [
          17,
          22370,
          51403
        ],
        "OUTPUT_FILE": "/Users/maples/GitHub/mortalitree_testing/notebooks/single_tiles/postfire/17/22370/51403.geojson",
        "OUTPUT_STATUS_DIR": "postfire",
        "FEATURE_COUNT": 212
      },
      "geometry": {
        "type": "Polygon",
        "coordinates": [
          [
            [
              -118.55877695593843,
              36.14787905891952
            ],
            [
              -118.55867343295496,
              36.14787521208928
            ],
            [
              -118.5586779264132,
              36.14779566925862
            ],
            [
              -118.55878144929278,
              36.14779951607771
            ],
            [
              -118.55877695593843,
              36.14787905891952
            ]
          ]
        ]
      }
    },
    {
      "id": "650",
      "type": "Feature",
      "properties": {
        "id": null,
        "SOURCE_FILE": "/Users/maples/GitHub/mortalitree_testing/labels/annayu_mortalitree_postfire_labels.geojson",
        "SUNETID": "annayu",
        "FIRENAME": "CASTLE",
        "FIRE_SLUG": "CASTLE",
        "PREFIRE": 0,
        "PREFIRE_STATUS": "postfire",
        "TILE_Z": 17,
        "TILE_X": 22370,
        "TILE_Y": 51403,
        "TILEXYZ": [
          17,
          22370,
          51403
        ],
        "OUTPUT_FILE": "/Users/maples/GitHub/mortalitree_testing/notebooks/single_tiles/postfire/17/22370/51403.geojson",
        "OUTPUT_STATUS_DIR": "postfire",
        "FEATURE_COUNT": 212
      },
      "geometry": {
        "type": "Polygon",
        "coordinates": [
          [
            [
              -118.5587498595324,
              36.14782712633697
            ],
            [
              -118.55863543947355,
              36.14782287455141
            ],
            [
              -118.55864043223691,
              36.147734493632136
            ],
            [
              -118.55875485216816,
              36.14773874540402
            ],
            [
              -118.5587498595324,
              36.14782712633697
            ]
          ]
        ]
      }
    },
    {
      "id": "651",
      "type": "Feature",
      "properties": {
        "id": null,
        "SOURCE_FILE": "/Users/maples/GitHub/mortalitree_testing/labels/annayu_mortalitree_postfire_labels.geojson",
        "SUNETID": "annayu",
        "FIRENAME": "CASTLE",
        "FIRE_SLUG": "CASTLE",
        "PREFIRE": 0,
        "PREFIRE_STATUS": "postfire",
        "TILE_Z": 17,
        "TILE_X": 22370,
        "TILE_Y": 51403,
        "TILEXYZ": [
          17,
          22370,
          51403
        ],
        "OUTPUT_FILE": "/Users/maples/GitHub/mortalitree_testing/notebooks/single_tiles/postfire/17/22370/51403.geojson",
        "OUTPUT_STATUS_DIR": "postfire",
        "FEATURE_COUNT": 212
      },
      "geometry": {
        "type": "Polygon",
        "coordinates": [
          [
            [
              -118.55879970548747,
              36.14795961407166
            ],
            [
              -118.55871797672856,
              36.14795657711755
            ],
            [
              -118.55872197088647,
              36.14788587237592
            ],
            [
              -118.55880369957245,
              36.14788890932221
            ],
            [
              -118.55879970548747,
              36.14795961407166
            ]
          ]
        ]
      }
    },
    {
      "id": "652",
      "type": "Feature",
      "properties": {
        "id": null,
        "SOURCE_FILE": "/Users/maples/GitHub/mortalitree_testing/labels/annayu_mortalitree_postfire_labels.geojson",
        "SUNETID": "annayu",
        "FIRENAME": "CASTLE",
        "FIRE_SLUG": "CASTLE",
        "PREFIRE": 0,
        "PREFIRE_STATUS": "postfire",
        "TILE_Z": 17,
        "TILE_X": 22370,
        "TILE_Y": 51403,
        "TILEXYZ": [
          17,
          22370,
          51403
        ],
        "OUTPUT_FILE": "/Users/maples/GitHub/mortalitree_testing/notebooks/single_tiles/postfire/17/22370/51403.geojson",
        "OUTPUT_STATUS_DIR": "postfire",
        "FEATURE_COUNT": 212
      },
      "geometry": {
        "type": "Polygon",
        "coordinates": [
          [
            [
              -118.55887981168722,
              36.14799137477749
            ],
            [
              -118.55874359702611,
              36.14798631324375
            ],
            [
              -118.55874858969798,
              36.14789793231389
            ],
            [
              -118.55888480420718,
              36.147902993831345
            ],
            [
              -118.55887981168722,
              36.14799137477749
            ]
          ]
        ]
      }
    },
    {
      "id": "653",
      "type": "Feature",
      "properties": {
        "id": null,
        "SOURCE_FILE": "/Users/maples/GitHub/mortalitree_testing/labels/annayu_mortalitree_postfire_labels.geojson",
        "SUNETID": "annayu",
        "FIRENAME": "CASTLE",
        "FIRE_SLUG": "CASTLE",
        "PREFIRE": 0,
        "PREFIRE_STATUS": "postfire",
        "TILE_Z": 17,
        "TILE_X": 22370,
        "TILE_Y": 51403,
        "TILEXYZ": [
          17,
          22370,
          51403
        ],
        "OUTPUT_FILE": "/Users/maples/GitHub/mortalitree_testing/notebooks/single_tiles/postfire/17/22370/51403.geojson",
        "OUTPUT_STATUS_DIR": "postfire",
        "FEATURE_COUNT": 212
      },
      "geometry": {
        "type": "Polygon",
        "coordinates": [
          [
            [
              -118.55886334589434,
              36.14770292195424
            ],
            [
              -118.55875437456416,
              36.14769887275233
            ],
            [
              -118.55875961680124,
              36.14760607277012
            ],
            [
              -118.5588685880038,
              36.14761012195836
            ],
            [
              -118.55886334589434,
              36.14770292195424
            ]
          ]
        ]
      }
    },
    {
      "id": "654",
      "type": "Feature",
      "properties": {
        "id": null,
        "SOURCE_FILE": "/Users/maples/GitHub/mortalitree_testing/labels/annayu_mortalitree_postfire_labels.geojson",
        "SUNETID": "annayu",
        "FIRENAME": "CASTLE",
        "FIRE_SLUG": "CASTLE",
        "PREFIRE": 0,
        "PREFIRE_STATUS": "postfire",
        "TILE_Z": 17,
        "TILE_X": 22370,
        "TILE_Y": 51403,
        "TILEXYZ": [
          17,
          22370,
          51403
        ],
        "OUTPUT_FILE": "/Users/maples/GitHub/mortalitree_testing/notebooks/single_tiles/postfire/17/22370/51403.geojson",
        "OUTPUT_STATUS_DIR": "postfire",
        "FEATURE_COUNT": 212
      },
      "geometry": {
        "type": "Polygon",
        "coordinates": [
          [
            [
              -118.55885302962683,
              36.14778889091874
            ],
            [
              -118.55875495532307,
              36.14778524662557
            ],
            [
              -118.55875894942272,
              36.14771454187838
            ],
            [
              -118.558857023639,
              36.14771818616215
            ],
            [
              -118.55885302962683,
              36.14778889091874
            ]
          ]
        ]
      }
    },
    {
      "id": "655",
      "type": "Feature",
      "properties": {
        "id": null,
        "SOURCE_FILE": "/Users/maples/GitHub/mortalitree_testing/labels/annayu_mortalitree_postfire_labels.geojson",
        "SUNETID": "annayu",
        "FIRENAME": "CASTLE",
        "FIRE_SLUG": "CASTLE",
        "PREFIRE": 0,
        "PREFIRE_STATUS": "postfire",
        "TILE_Z": 17,
        "TILE_X": 22370,
        "TILE_Y": 51403,
        "TILEXYZ": [
          17,
          22370,
          51403
        ],
        "OUTPUT_FILE": "/Users/maples/GitHub/mortalitree_testing/notebooks/single_tiles/postfire/17/22370/51403.geojson",
        "OUTPUT_STATUS_DIR": "postfire",
        "FEATURE_COUNT": 212
      },
      "geometry": {
        "type": "Polygon",
        "coordinates": [
          [
            [
              -118.55878758685327,
              36.14764253868258
            ],
            [
              -118.55872220410942,
              36.14764010913541
            ],
            [
              -118.55872519969161,
              36.147587080576194
            ],
            [
              -118.55879058239172,
              36.147589510118685
            ],
            [
              -118.55878758685327,
              36.14764253868258
            ]
          ]
        ]
      }
    },
    {
      "id": "656",
      "type": "Feature",
      "properties": {
        "id": null,
        "SOURCE_FILE": "/Users/maples/GitHub/mortalitree_testing/labels/annayu_mortalitree_postfire_labels.geojson",
        "SUNETID": "annayu",
        "FIRENAME": "CASTLE",
        "FIRE_SLUG": "CASTLE",
        "PREFIRE": 0,
        "PREFIRE_STATUS": "postfire",
        "TILE_Z": 17,
        "TILE_X": 22370,
        "TILE_Y": 51403,
        "TILEXYZ": [
          17,
          22370,
          51403
        ],
        "OUTPUT_FILE": "/Users/maples/GitHub/mortalitree_testing/notebooks/single_tiles/postfire/17/22370/51403.geojson",
        "OUTPUT_STATUS_DIR": "postfire",
        "FEATURE_COUNT": 212
      },
      "geometry": {
        "type": "Polygon",
        "coordinates": [
          [
            [
              -118.558692340145,
              36.14768549680062
            ],
            [
              -118.55863785450192,
              36.147683472135036
            ],
            [
              -118.55864060050897,
              36.14763486262839
            ],
            [
              -118.55869508611865,
              36.147636887290375
            ],
            [
              -118.558692340145,
              36.14768549680062
            ]
          ]
        ]
      }
    },
    {
      "id": "657",
      "type": "Feature",
      "properties": {
        "id": null,
        "SOURCE_FILE": "/Users/maples/GitHub/mortalitree_testing/labels/annayu_mortalitree_postfire_labels.geojson",
        "SUNETID": "annayu",
        "FIRENAME": "CASTLE",
        "FIRE_SLUG": "CASTLE",
        "PREFIRE": 0,
        "PREFIRE_STATUS": "postfire",
        "TILE_Z": 17,
        "TILE_X": 22370,
        "TILE_Y": 51403,
        "TILEXYZ": [
          17,
          22370,
          51403
        ],
        "OUTPUT_FILE": "/Users/maples/GitHub/mortalitree_testing/notebooks/single_tiles/postfire/17/22370/51403.geojson",
        "OUTPUT_STATUS_DIR": "postfire",
        "FEATURE_COUNT": 212
      },
      "geometry": {
        "type": "Polygon",
        "coordinates": [
          [
            [
              -118.55863460921239,
              36.14774091973306
            ],
            [
              -118.55858012353528,
              36.14773889503856
            ],
            [
              -118.55858311922393,
              36.14768586649047
            ],
            [
              -118.55863760486459,
              36.147687891181064
            ],
            [
              -118.55863460921239,
              36.14774091973306
            ]
          ]
        ]
      }
    },
    {
      "id": "658",
      "type": "Feature",
      "properties": {
        "id": null,
        "SOURCE_FILE": "/Users/maples/GitHub/mortalitree_testing/labels/annayu_mortalitree_postfire_labels.geojson",
        "SUNETID": "annayu",
        "FIRENAME": "CASTLE",
        "FIRE_SLUG": "CASTLE",
        "PREFIRE": 0,
        "PREFIRE_STATUS": "postfire",
        "TILE_Z": 17,
        "TILE_X": 22370,
        "TILE_Y": 51403,
        "TILEXYZ": [
          17,
          22370,
          51403
        ],
        "OUTPUT_FILE": "/Users/maples/GitHub/mortalitree_testing/notebooks/single_tiles/postfire/17/22370/51403.geojson",
        "OUTPUT_STATUS_DIR": "postfire",
        "FEATURE_COUNT": 212
      },
      "geometry": {
        "type": "Polygon",
        "coordinates": [
          [
            [
              -118.55858035140731,
              36.147783186730244
            ],
            [
              -118.55850951999533,
              36.14778055458785
            ],
            [
              -118.55851301502545,
              36.14771868795471
            ],
            [
              -118.55858384638213,
              36.14772132009119
            ],
            [
              -118.55858035140731,
              36.147783186730244
            ]
          ]
        ]
      }
    },
    {
      "id": "659",
      "type": "Feature",
      "properties": {
        "id": null,
        "SOURCE_FILE": "/Users/maples/GitHub/mortalitree_testing/labels/annayu_mortalitree_postfire_labels.geojson",
        "SUNETID": "annayu",
        "FIRENAME": "CASTLE",
        "FIRE_SLUG": "CASTLE",
        "PREFIRE": 0,
        "PREFIRE_STATUS": "postfire",
        "TILE_Z": 17,
        "TILE_X": 22370,
        "TILE_Y": 51403,
        "TILEXYZ": [
          17,
          22370,
          51403
        ],
        "OUTPUT_FILE": "/Users/maples/GitHub/mortalitree_testing/notebooks/single_tiles/postfire/17/22370/51403.geojson",
        "OUTPUT_STATUS_DIR": "postfire",
        "FEATURE_COUNT": 212
      },
      "geometry": {
        "type": "Polygon",
        "coordinates": [
          [
            [
              -118.55848290126411,
              36.147768494601685
            ],
            [
              -118.55843386414739,
              36.14776667231442
            ],
            [
              -118.55843735923513,
              36.14770480568752
            ],
            [
              -118.55848639631357,
              36.14770662797067
            ],
            [
              -118.55848290126411,
              36.147768494601685
            ]
          ]
        ]
      }
    },
    {
      "id": "660",
      "type": "Feature",
      "properties": {
        "id": null,
        "SOURCE_FILE": "/Users/maples/GitHub/mortalitree_testing/labels/annayu_mortalitree_postfire_labels.geojson",
        "SUNETID": "annayu",
        "FIRENAME": "CASTLE",
        "FIRE_SLUG": "CASTLE",
        "PREFIRE": 0,
        "PREFIRE_STATUS": "postfire",
        "TILE_Z": 17,
        "TILE_X": 22370,
        "TILE_Y": 51403,
        "TILEXYZ": [
          17,
          22370,
          51403
        ],
        "OUTPUT_FILE": "/Users/maples/GitHub/mortalitree_testing/notebooks/single_tiles/postfire/17/22370/51403.geojson",
        "OUTPUT_STATUS_DIR": "postfire",
        "FEATURE_COUNT": 212
      },
      "geometry": {
        "type": "Polygon",
        "coordinates": [
          [
            [
              -118.55841839221891,
              36.1477505982246
            ],
            [
              -118.55832576658688,
              36.14774715606122
            ],
            [
              -118.55832926175701,
              36.14768528944322
            ],
            [
              -118.55842188731675,
              36.14768873159882
            ],
            [
              -118.55841839221891,
              36.1477505982246
            ]
          ]
        ]
      }
    },
    {
      "id": "661",
      "type": "Feature",
      "properties": {
        "id": null,
        "SOURCE_FILE": "/Users/maples/GitHub/mortalitree_testing/labels/annayu_mortalitree_postfire_labels.geojson",
        "SUNETID": "annayu",
        "FIRENAME": "CASTLE",
        "FIRE_SLUG": "CASTLE",
        "PREFIRE": 0,
        "PREFIRE_STATUS": "postfire",
        "TILE_Z": 17,
        "TILE_X": 22370,
        "TILE_Y": 51403,
        "TILEXYZ": [
          17,
          22370,
          51403
        ],
        "OUTPUT_FILE": "/Users/maples/GitHub/mortalitree_testing/notebooks/single_tiles/postfire/17/22370/51403.geojson",
        "OUTPUT_STATUS_DIR": "postfire",
        "FEATURE_COUNT": 212
      },
      "geometry": {
        "type": "Polygon",
        "coordinates": [
          [
            [
              -118.55836141001575,
              36.147792763874406
            ],
            [
              -118.55829057861621,
              36.14779013160191
            ],
            [
              -118.5582935745054,
              36.14773710307516
            ],
            [
              -118.55836440585753,
              36.14773973534257
            ],
            [
              -118.55836141001575,
              36.147792763874406
            ]
          ]
        ]
      }
    },
    {
      "id": "662",
      "type": "Feature",
      "properties": {
        "id": null,
        "SOURCE_FILE": "/Users/maples/GitHub/mortalitree_testing/labels/annayu_mortalitree_postfire_labels.geojson",
        "SUNETID": "annayu",
        "FIRENAME": "CASTLE",
        "FIRE_SLUG": "CASTLE",
        "PREFIRE": 0,
        "PREFIRE_STATUS": "postfire",
        "TILE_Z": 17,
        "TILE_X": 22370,
        "TILE_Y": 51403,
        "TILEXYZ": [
          17,
          22370,
          51403
        ],
        "OUTPUT_FILE": "/Users/maples/GitHub/mortalitree_testing/notebooks/single_tiles/postfire/17/22370/51403.geojson",
        "OUTPUT_STATUS_DIR": "postfire",
        "FEATURE_COUNT": 212
      },
      "geometry": {
        "type": "Polygon",
        "coordinates": [
          [
            [
              -118.5584103004397,
              36.14784550644437
            ],
            [
              -118.55836126327989,
              36.14784368412407
            ],
            [
              -118.55836425912734,
              36.14779065559267
            ],
            [
              -118.55841329625436,
              36.14779247790946
            ],
            [
              -118.5584103004397,
              36.14784550644437
            ]
          ]
        ]
      }
    },
    {
      "id": "663",
      "type": "Feature",
      "properties": {
        "id": null,
        "SOURCE_FILE": "/Users/maples/GitHub/mortalitree_testing/labels/annayu_mortalitree_postfire_labels.geojson",
        "SUNETID": "annayu",
        "FIRENAME": "CASTLE",
        "FIRE_SLUG": "CASTLE",
        "PREFIRE": 0,
        "PREFIRE_STATUS": "postfire",
        "TILE_Z": 17,
        "TILE_X": 22370,
        "TILE_Y": 51403,
        "TILEXYZ": [
          17,
          22370,
          51403
        ],
        "OUTPUT_FILE": "/Users/maples/GitHub/mortalitree_testing/notebooks/single_tiles/postfire/17/22370/51403.geojson",
        "OUTPUT_STATUS_DIR": "postfire",
        "FEATURE_COUNT": 212
      },
      "geometry": {
        "type": "Polygon",
        "coordinates": [
          [
            [
              -118.55814793922038,
              36.14775383238529
            ],
            [
              -118.55808800500563,
              36.14775160497573
            ],
            [
              -118.55809100102698,
              36.147698576463235
            ],
            [
              -118.55815093520158,
              36.1477008038685
            ],
            [
              -118.55814793922038,
              36.14775383238529
            ]
          ]
        ]
      }
    },
    {
      "id": "664",
      "type": "Feature",
      "properties": {
        "id": null,
        "SOURCE_FILE": "/Users/maples/GitHub/mortalitree_testing/labels/annayu_mortalitree_postfire_labels.geojson",
        "SUNETID": "annayu",
        "FIRENAME": "CASTLE",
        "FIRE_SLUG": "CASTLE",
        "PREFIRE": 0,
        "PREFIRE_STATUS": "postfire",
        "TILE_Z": 17,
        "TILE_X": 22370,
        "TILE_Y": 51403,
        "TILEXYZ": [
          17,
          22370,
          51403
        ],
        "OUTPUT_FILE": "/Users/maples/GitHub/mortalitree_testing/notebooks/single_tiles/postfire/17/22370/51403.geojson",
        "OUTPUT_STATUS_DIR": "postfire",
        "FEATURE_COUNT": 212
      },
      "geometry": {
        "type": "Polygon",
        "coordinates": [
          [
            [
              -118.55795166606755,
              36.147748752091104
            ],
            [
              -118.55788628330986,
              36.147746322081424
            ],
            [
              -118.55788977882504,
              36.14768445550037
            ],
            [
              -118.55795516153171,
              36.14768688550458
            ],
            [
              -118.55795166606755,
              36.147748752091104
            ]
          ]
        ]
      }
    },
    {
      "id": "665",
      "type": "Feature",
      "properties": {
        "id": null,
        "SOURCE_FILE": "/Users/maples/GitHub/mortalitree_testing/labels/annayu_mortalitree_postfire_labels.geojson",
        "SUNETID": "annayu",
        "FIRENAME": "CASTLE",
        "FIRE_SLUG": "CASTLE",
        "PREFIRE": 0,
        "PREFIRE_STATUS": "postfire",
        "TILE_Z": 17,
        "TILE_X": 22370,
        "TILE_Y": 51403,
        "TILEXYZ": [
          17,
          22370,
          51403
        ],
        "OUTPUT_FILE": "/Users/maples/GitHub/mortalitree_testing/notebooks/single_tiles/postfire/17/22370/51403.geojson",
        "OUTPUT_STATUS_DIR": "postfire",
        "FEATURE_COUNT": 212
      },
      "geometry": {
        "type": "Polygon",
        "coordinates": [
          [
            [
              -118.55780268223776,
              36.14777642732656
            ],
            [
              -118.55776454228916,
              36.14777500977686
            ],
            [
              -118.55776629009773,
              36.14774407649172
            ],
            [
              -118.55780443003144,
              36.147745494039825
            ],
            [
              -118.55780268223776,
              36.14777642732656
            ]
          ]
        ]
      }
    },
    {
      "id": "666",
      "type": "Feature",
      "properties": {
        "id": null,
        "SOURCE_FILE": "/Users/maples/GitHub/mortalitree_testing/labels/annayu_mortalitree_postfire_labels.geojson",
        "SUNETID": "annayu",
        "FIRENAME": "CASTLE",
        "FIRE_SLUG": "CASTLE",
        "PREFIRE": 0,
        "PREFIRE_STATUS": "postfire",
        "TILE_Z": 17,
        "TILE_X": 22370,
        "TILE_Y": 51403,
        "TILEXYZ": [
          17,
          22370,
          51403
        ],
        "OUTPUT_FILE": "/Users/maples/GitHub/mortalitree_testing/notebooks/single_tiles/postfire/17/22370/51403.geojson",
        "OUTPUT_STATUS_DIR": "postfire",
        "FEATURE_COUNT": 212
      },
      "geometry": {
        "type": "Polygon",
        "coordinates": [
          [
            [
              -118.55819225472264,
              36.147790905891306
            ],
            [
              -118.55815411474681,
              36.147789488465186
            ],
            [
              -118.55815636173328,
              36.14774971707756
            ],
            [
              -118.55819450168997,
              36.147751134501625
            ],
            [
              -118.55819225472264,
              36.147790905891306
            ]
          ]
        ]
      }
    },
    {
      "id": "667",
      "type": "Feature",
      "properties": {
        "id": null,
        "SOURCE_FILE": "/Users/maples/GitHub/mortalitree_testing/labels/annayu_mortalitree_postfire_labels.geojson",
        "SUNETID": "annayu",
        "FIRENAME": "CASTLE",
        "FIRE_SLUG": "CASTLE",
        "PREFIRE": 0,
        "PREFIRE_STATUS": "postfire",
        "TILE_Z": 17,
        "TILE_X": 22370,
        "TILE_Y": 51403,
        "TILEXYZ": [
          17,
          22370,
          51403
        ],
        "OUTPUT_FILE": "/Users/maples/GitHub/mortalitree_testing/notebooks/single_tiles/postfire/17/22370/51403.geojson",
        "OUTPUT_STATUS_DIR": "postfire",
        "FEATURE_COUNT": 212
      },
      "geometry": {
        "type": "Polygon",
        "coordinates": [
          [
            [
              -118.55827223563887,
              36.147824876498504
            ],
            [
              -118.55820685278947,
              36.14782244665945
            ],
            [
              -118.55820984873854,
              36.14776941813901
            ],
            [
              -118.55827523154417,
              36.14777184797337
            ],
            [
              -118.55827223563887,
              36.147824876498504
            ]
          ]
        ]
      }
    },
    {
      "id": "668",
      "type": "Feature",
      "properties": {
        "id": null,
        "SOURCE_FILE": "/Users/maples/GitHub/mortalitree_testing/labels/annayu_mortalitree_postfire_labels.geojson",
        "SUNETID": "annayu",
        "FIRENAME": "CASTLE",
        "FIRE_SLUG": "CASTLE",
        "PREFIRE": 0,
        "PREFIRE_STATUS": "postfire",
        "TILE_Z": 17,
        "TILE_X": 22370,
        "TILE_Y": 51403,
        "TILEXYZ": [
          17,
          22370,
          51403
        ],
        "OUTPUT_FILE": "/Users/maples/GitHub/mortalitree_testing/notebooks/single_tiles/postfire/17/22370/51403.geojson",
        "OUTPUT_STATUS_DIR": "postfire",
        "FEATURE_COUNT": 212
      },
      "geometry": {
        "type": "Polygon",
        "coordinates": [
          [
            [
              -118.5584975430881,
              36.14770261387459
            ],
            [
              -118.55843760888386,
              36.147700386642704
            ],
            [
              -118.55844060466423,
              36.14764735810454
            ],
            [
              -118.55850053882835,
              36.14764958533213
            ],
            [
              -118.5584975430881,
              36.14770261387459
            ]
          ]
        ]
      }
    },
    {
      "id": "669",
      "type": "Feature",
      "properties": {
        "id": null,
        "SOURCE_FILE": "/Users/maples/GitHub/mortalitree_testing/labels/annayu_mortalitree_postfire_labels.geojson",
        "SUNETID": "annayu",
        "FIRENAME": "CASTLE",
        "FIRE_SLUG": "CASTLE",
        "PREFIRE": 0,
        "PREFIRE_STATUS": "postfire",
        "TILE_Z": 17,
        "TILE_X": 22370,
        "TILE_Y": 51403,
        "TILEXYZ": [
          17,
          22370,
          51403
        ],
        "OUTPUT_FILE": "/Users/maples/GitHub/mortalitree_testing/notebooks/single_tiles/postfire/17/22370/51403.geojson",
        "OUTPUT_STATUS_DIR": "postfire",
        "FEATURE_COUNT": 212
      },
      "geometry": {
        "type": "Polygon",
        "coordinates": [
          [
            [
              -118.55817485158683,
              36.147664051959055
            ],
            [
              -118.55810402032098,
              36.14766141958425
            ],
            [
              -118.5581080149868,
              36.14759071489818
            ],
            [
              -118.55817884618942,
              36.147593347266195
            ],
            [
              -118.55817485158683,
              36.147664051959055
            ]
          ]
        ]
      }
    },
    {
      "id": "670",
      "type": "Feature",
      "properties": {
        "id": null,
        "SOURCE_FILE": "/Users/maples/GitHub/mortalitree_testing/labels/annayu_mortalitree_postfire_labels.geojson",
        "SUNETID": "annayu",
        "FIRENAME": "CASTLE",
        "FIRE_SLUG": "CASTLE",
        "PREFIRE": 0,
        "PREFIRE_STATUS": "postfire",
        "TILE_Z": 17,
        "TILE_X": 22370,
        "TILE_Y": 51403,
        "TILEXYZ": [
          17,
          22370,
          51403
        ],
        "OUTPUT_FILE": "/Users/maples/GitHub/mortalitree_testing/notebooks/single_tiles/postfire/17/22370/51403.geojson",
        "OUTPUT_STATUS_DIR": "postfire",
        "FEATURE_COUNT": 212
      },
      "geometry": {
        "type": "Polygon",
        "coordinates": [
          [
            [
              -118.55825075693349,
              36.14767351534313
            ],
            [
              -118.55819627133144,
              36.14767149047722
            ],
            [
              -118.55819926727108,
              36.14761846195621
            ],
            [
              -118.55825375283669,
              36.147620486818205
            ],
            [
              -118.55825075693349,
              36.14767351534313
            ]
          ]
        ]
      }
    },
    {
      "id": "671",
      "type": "Feature",
      "properties": {
        "id": null,
        "SOURCE_FILE": "/Users/maples/GitHub/mortalitree_testing/labels/annayu_mortalitree_postfire_labels.geojson",
        "SUNETID": "annayu",
        "FIRENAME": "CASTLE",
        "FIRE_SLUG": "CASTLE",
        "PREFIRE": 0,
        "PREFIRE_STATUS": "postfire",
        "TILE_Z": 17,
        "TILE_X": 22370,
        "TILE_Y": 51403,
        "TILEXYZ": [
          17,
          22370,
          51403
        ],
        "OUTPUT_FILE": "/Users/maples/GitHub/mortalitree_testing/notebooks/single_tiles/postfire/17/22370/51403.geojson",
        "OUTPUT_STATUS_DIR": "postfire",
        "FEATURE_COUNT": 212
      },
      "geometry": {
        "type": "Polygon",
        "coordinates": [
          [
            [
              -118.55775587006809,
              36.147783544095965
            ],
            [
              -118.55770138442657,
              36.147781518999615
            ],
            [
              -118.55770388133116,
              36.14773732859604
            ],
            [
              -118.55775836694231,
              36.14773935368912
            ],
            [
              -118.55775587006809,
              36.147783544095965
            ]
          ]
        ]
      }
    },
    {
      "id": "672",
      "type": "Feature",
      "properties": {
        "id": null,
        "SOURCE_FILE": "/Users/maples/GitHub/mortalitree_testing/labels/annayu_mortalitree_postfire_labels.geojson",
        "SUNETID": "annayu",
        "FIRENAME": "CASTLE",
        "FIRE_SLUG": "CASTLE",
        "PREFIRE": 0,
        "PREFIRE_STATUS": "postfire",
        "TILE_Z": 17,
        "TILE_X": 22370,
        "TILE_Y": 51403,
        "TILEXYZ": [
          17,
          22370,
          51403
        ],
        "OUTPUT_FILE": "/Users/maples/GitHub/mortalitree_testing/notebooks/single_tiles/postfire/17/22370/51403.geojson",
        "OUTPUT_STATUS_DIR": "postfire",
        "FEATURE_COUNT": 212
      },
      "geometry": {
        "type": "Polygon",
        "coordinates": [
          [
            [
              -118.55789696680016,
              36.14794377943517
            ],
            [
              -118.55782068673378,
              36.14794094437246
            ],
            [
              -118.55782418232538,
              36.14787907779893
            ],
            [
              -118.55790046233221,
              36.147881912855254
            ],
            [
              -118.55789696680016,
              36.14794377943517
            ]
          ]
        ]
      }
    },
    {
      "id": "674",
      "type": "Feature",
      "properties": {
        "id": null,
        "SOURCE_FILE": "/Users/maples/GitHub/mortalitree_testing/labels/annayu_mortalitree_postfire_labels.geojson",
        "SUNETID": "annayu",
        "FIRENAME": "CASTLE",
        "FIRE_SLUG": "CASTLE",
        "PREFIRE": 0,
        "PREFIRE_STATUS": "postfire",
        "TILE_Z": 17,
        "TILE_X": 22370,
        "TILE_Y": 51403,
        "TILEXYZ": [
          17,
          22370,
          51403
        ],
        "OUTPUT_FILE": "/Users/maples/GitHub/mortalitree_testing/notebooks/single_tiles/postfire/17/22370/51403.geojson",
        "OUTPUT_STATUS_DIR": "postfire",
        "FEATURE_COUNT": 212
      },
      "geometry": {
        "type": "Polygon",
        "coordinates": [
          [
            [
              -118.557929430765,
              36.14790070278063
            ],
            [
              -118.55786404788317,
              36.14789827275005
            ],
            [
              -118.55786729375332,
              36.14784082521372
            ],
            [
              -118.55793267658777,
              36.14784325523921
            ],
            [
              -118.557929430765,
              36.14790070278063
            ]
          ]
        ]
      }
    },
    {
      "id": "675",
      "type": "Feature",
      "properties": {
        "id": null,
        "SOURCE_FILE": "/Users/maples/GitHub/mortalitree_testing/labels/annayu_mortalitree_postfire_labels.geojson",
        "SUNETID": "annayu",
        "FIRENAME": "CASTLE",
        "FIRE_SLUG": "CASTLE",
        "PREFIRE": 0,
        "PREFIRE_STATUS": "postfire",
        "TILE_Z": 17,
        "TILE_X": 22370,
        "TILE_Y": 51403,
        "TILEXYZ": [
          17,
          22370,
          51403
        ],
        "OUTPUT_FILE": "/Users/maples/GitHub/mortalitree_testing/notebooks/single_tiles/postfire/17/22370/51403.geojson",
        "OUTPUT_STATUS_DIR": "postfire",
        "FEATURE_COUNT": 212
      },
      "geometry": {
        "type": "Polygon",
        "coordinates": [
          [
            [
              -118.55775529040928,
              36.1476971702943
            ],
            [
              -118.55768990771186,
              36.14769474018039
            ],
            [
              -118.55769240461497,
              36.147650549776856
            ],
            [
              -118.55775778727592,
              36.14765297988687
            ],
            [
              -118.55775529040928,
              36.1476971702943
            ]
          ]
        ]
      }
    },
    {
      "id": "676",
      "type": "Feature",
      "properties": {
        "id": null,
        "SOURCE_FILE": "/Users/maples/GitHub/mortalitree_testing/labels/annayu_mortalitree_postfire_labels.geojson",
        "SUNETID": "annayu",
        "FIRENAME": "CASTLE",
        "FIRE_SLUG": "CASTLE",
        "PREFIRE": 0,
        "PREFIRE_STATUS": "postfire",
        "TILE_Z": 17,
        "TILE_X": 22370,
        "TILE_Y": 51403,
        "TILEXYZ": [
          17,
          22370,
          51403
        ],
        "OUTPUT_FILE": "/Users/maples/GitHub/mortalitree_testing/notebooks/single_tiles/postfire/17/22370/51403.geojson",
        "OUTPUT_STATUS_DIR": "postfire",
        "FEATURE_COUNT": 212
      },
      "geometry": {
        "type": "Polygon",
        "coordinates": [
          [
            [
              -118.55762392314395,
              36.14765464693441
            ],
            [
              -118.55754764338586,
              36.14765181171724
            ],
            [
              -118.55755063975998,
              36.14759878324282
            ],
            [
              -118.55762691946704,
              36.147601618454516
            ],
            [
              -118.55762392314395,
              36.14765464693441
            ]
          ]
        ]
      }
    },
    {
      "id": "677",
      "type": "Feature",
      "properties": {
        "id": null,
        "SOURCE_FILE": "/Users/maples/GitHub/mortalitree_testing/labels/annayu_mortalitree_postfire_labels.geojson",
        "SUNETID": "annayu",
        "FIRENAME": "CASTLE",
        "FIRE_SLUG": "CASTLE",
        "PREFIRE": 0,
        "PREFIRE_STATUS": "postfire",
        "TILE_Z": 17,
        "TILE_X": 22370,
        "TILE_Y": 51403,
        "TILEXYZ": [
          17,
          22370,
          51403
        ],
        "OUTPUT_FILE": "/Users/maples/GitHub/mortalitree_testing/notebooks/single_tiles/postfire/17/22370/51403.geojson",
        "OUTPUT_STATUS_DIR": "postfire",
        "FEATURE_COUNT": 212
      },
      "geometry": {
        "type": "Polygon",
        "coordinates": [
          [
            [
              -118.5576187019233,
              36.1476987360767
            ],
            [
              -118.55755876779362,
              36.1476965084052
            ],
            [
              -118.55756151446782,
              36.14764789896997
            ],
            [
              -118.55762144856074,
              36.14765012663754
            ],
            [
              -118.5576187019233,
              36.1476987360767
            ]
          ]
        ]
      }
    },
    {
      "id": "678",
      "type": "Feature",
      "properties": {
        "id": null,
        "SOURCE_FILE": "/Users/maples/GitHub/mortalitree_testing/labels/annayu_mortalitree_postfire_labels.geojson",
        "SUNETID": "annayu",
        "FIRENAME": "CASTLE",
        "FIRE_SLUG": "CASTLE",
        "PREFIRE": 0,
        "PREFIRE_STATUS": "postfire",
        "TILE_Z": 17,
        "TILE_X": 22370,
        "TILE_Y": 51403,
        "TILEXYZ": [
          17,
          22370,
          51403
        ],
        "OUTPUT_FILE": "/Users/maples/GitHub/mortalitree_testing/notebooks/single_tiles/postfire/17/22370/51403.geojson",
        "OUTPUT_STATUS_DIR": "postfire",
        "FEATURE_COUNT": 212
      },
      "geometry": {
        "type": "Polygon",
        "coordinates": [
          [
            [
              -118.55848117778329,
              36.14758694055931
            ],
            [
              -118.55843343211134,
              36.14758516626704
            ],
            [
              -118.55843593229515,
              36.147540910185846
            ],
            [
              -118.55848367794043,
              36.14754268447525
            ],
            [
              -118.55848117778329,
              36.14758694055931
            ]
          ]
        ]
      }
    },
    {
      "id": "679",
      "type": "Feature",
      "properties": {
        "id": null,
        "SOURCE_FILE": "/Users/maples/GitHub/mortalitree_testing/labels/annayu_mortalitree_postfire_labels.geojson",
        "SUNETID": "annayu",
        "FIRENAME": "CASTLE",
        "FIRE_SLUG": "CASTLE",
        "PREFIRE": 0,
        "PREFIRE_STATUS": "postfire",
        "TILE_Z": 17,
        "TILE_X": 22370,
        "TILE_Y": 51403,
        "TILEXYZ": [
          17,
          22370,
          51403
        ],
        "OUTPUT_FILE": "/Users/maples/GitHub/mortalitree_testing/notebooks/single_tiles/postfire/17/22370/51403.geojson",
        "OUTPUT_STATUS_DIR": "postfire",
        "FEATURE_COUNT": 212
      },
      "geometry": {
        "type": "Polygon",
        "coordinates": [
          [
            [
              -118.55839910547962,
              36.147043387293756
            ],
            [
              -118.55834453938034,
              36.14704135951837
            ],
            [
              -118.55834797713192,
              36.14698050740843
            ],
            [
              -118.55840254318932,
              36.14698253517929
            ],
            [
              -118.55839910547962,
              36.147043387293756
            ]
          ]
        ]
      }
    },
    {
      "id": "680",
      "type": "Feature",
      "properties": {
        "id": null,
        "SOURCE_FILE": "/Users/maples/GitHub/mortalitree_testing/labels/annayu_mortalitree_postfire_labels.geojson",
        "SUNETID": "annayu",
        "FIRENAME": "CASTLE",
        "FIRE_SLUG": "CASTLE",
        "PREFIRE": 0,
        "PREFIRE_STATUS": "postfire",
        "TILE_Z": 17,
        "TILE_X": 22370,
        "TILE_Y": 51403,
        "TILEXYZ": [
          17,
          22370,
          51403
        ],
        "OUTPUT_FILE": "/Users/maples/GitHub/mortalitree_testing/notebooks/single_tiles/postfire/17/22370/51403.geojson",
        "OUTPUT_STATUS_DIR": "postfire",
        "FEATURE_COUNT": 212
      },
      "geometry": {
        "type": "Polygon",
        "coordinates": [
          [
            [
              -118.55825714703705,
              36.14695495745146
            ],
            [
              -118.55818211875062,
              36.14695216917086
            ],
            [
              -118.55818586914921,
              36.14688578506454
            ],
            [
              -118.55826089737279,
              36.14688857333841
            ],
            [
              -118.55825714703705,
              36.14695495745146
            ]
          ]
        ]
      }
    },
    {
      "id": "681",
      "type": "Feature",
      "properties": {
        "id": null,
        "SOURCE_FILE": "/Users/maples/GitHub/mortalitree_testing/labels/annayu_mortalitree_postfire_labels.geojson",
        "SUNETID": "annayu",
        "FIRENAME": "CASTLE",
        "FIRE_SLUG": "CASTLE",
        "PREFIRE": 0,
        "PREFIRE_STATUS": "postfire",
        "TILE_Z": 17,
        "TILE_X": 22370,
        "TILE_Y": 51403,
        "TILEXYZ": [
          17,
          22370,
          51403
        ],
        "OUTPUT_FILE": "/Users/maples/GitHub/mortalitree_testing/notebooks/single_tiles/postfire/17/22370/51403.geojson",
        "OUTPUT_STATUS_DIR": "postfire",
        "FEATURE_COUNT": 212
      },
      "geometry": {
        "type": "Polygon",
        "coordinates": [
          [
            [
              -118.55843880729235,
              36.14700605730025
            ],
            [
              -118.55837059969772,
              36.14700352260203
            ],
            [
              -118.55837403742443,
              36.146942670489544
            ],
            [
              -118.55844224496667,
              36.14694520518215
            ],
            [
              -118.55843880729235,
              36.14700605730025
            ]
          ]
        ]
      }
    },
    {
      "id": "682",
      "type": "Feature",
      "properties": {
        "id": null,
        "SOURCE_FILE": "/Users/maples/GitHub/mortalitree_testing/labels/annayu_mortalitree_postfire_labels.geojson",
        "SUNETID": "annayu",
        "FIRENAME": "CASTLE",
        "FIRE_SLUG": "CASTLE",
        "PREFIRE": 0,
        "PREFIRE_STATUS": "postfire",
        "TILE_Z": 17,
        "TILE_X": 22370,
        "TILE_Y": 51403,
        "TILEXYZ": [
          17,
          22370,
          51403
        ],
        "OUTPUT_FILE": "/Users/maples/GitHub/mortalitree_testing/notebooks/single_tiles/postfire/17/22370/51403.geojson",
        "OUTPUT_STATUS_DIR": "postfire",
        "FEATURE_COUNT": 212
      },
      "geometry": {
        "type": "Polygon",
        "coordinates": [
          [
            [
              -118.55840007036667,
              36.146965812413065
            ],
            [
              -118.55835232507646,
              36.14696403811462
            ],
            [
              -118.55835482524898,
              36.14691978203369
            ],
            [
              -118.55840257051257,
              36.146921556329275
            ],
            [
              -118.55840007036667,
              36.146965812413065
            ]
          ]
        ]
      }
    },
    {
      "id": "683",
      "type": "Feature",
      "properties": {
        "id": null,
        "SOURCE_FILE": "/Users/maples/GitHub/mortalitree_testing/labels/annayu_mortalitree_postfire_labels.geojson",
        "SUNETID": "annayu",
        "FIRENAME": "CASTLE",
        "FIRE_SLUG": "CASTLE",
        "PREFIRE": 0,
        "PREFIRE_STATUS": "postfire",
        "TILE_Z": 17,
        "TILE_X": 22370,
        "TILE_Y": 51403,
        "TILEXYZ": [
          17,
          22370,
          51403
        ],
        "OUTPUT_FILE": "/Users/maples/GitHub/mortalitree_testing/notebooks/single_tiles/postfire/17/22370/51403.geojson",
        "OUTPUT_STATUS_DIR": "postfire",
        "FEATURE_COUNT": 212
      },
      "geometry": {
        "type": "Polygon",
        "coordinates": [
          [
            [
              -118.55814140554506,
              36.14682592459391
            ],
            [
              -118.55807319813397,
              36.146823389737136
            ],
            [
              -118.55807601098964,
              36.1467736016638
            ],
            [
              -118.55814421835787,
              36.146776136515975
            ],
            [
              -118.55814140554506,
              36.14682592459391
            ]
          ]
        ]
      }
    },
    {
      "id": "684",
      "type": "Feature",
      "properties": {
        "id": null,
        "SOURCE_FILE": "/Users/maples/GitHub/mortalitree_testing/labels/annayu_mortalitree_postfire_labels.geojson",
        "SUNETID": "annayu",
        "FIRENAME": "CASTLE",
        "FIRE_SLUG": "CASTLE",
        "PREFIRE": 0,
        "PREFIRE_STATUS": "postfire",
        "TILE_Z": 17,
        "TILE_X": 22370,
        "TILE_Y": 51403,
        "TILEXYZ": [
          17,
          22370,
          51403
        ],
        "OUTPUT_FILE": "/Users/maples/GitHub/mortalitree_testing/notebooks/single_tiles/postfire/17/22370/51403.geojson",
        "OUTPUT_STATUS_DIR": "postfire",
        "FEATURE_COUNT": 212
      },
      "geometry": {
        "type": "Polygon",
        "coordinates": [
          [
            [
              -118.5581757942953,
              36.14688263883733
            ],
            [
              -118.55810758683192,
              36.14688010399673
            ],
            [
              -118.5581113372834,
              36.14681371989636
            ],
            [
              -118.55817954468966,
              36.14681625473082
            ],
            [
              -118.5581757942953,
              36.14688263883733
            ]
          ]
        ]
      }
    },
    {
      "id": "685",
      "type": "Feature",
      "properties": {
        "id": null,
        "SOURCE_FILE": "/Users/maples/GitHub/mortalitree_testing/labels/annayu_mortalitree_postfire_labels.geojson",
        "SUNETID": "annayu",
        "FIRENAME": "CASTLE",
        "FIRE_SLUG": "CASTLE",
        "PREFIRE": 0,
        "PREFIRE_STATUS": "postfire",
        "TILE_Z": 17,
        "TILE_X": 22370,
        "TILE_Y": 51403,
        "TILEXYZ": [
          17,
          22370,
          51403
        ],
        "OUTPUT_FILE": "/Users/maples/GitHub/mortalitree_testing/notebooks/single_tiles/postfire/17/22370/51403.geojson",
        "OUTPUT_STATUS_DIR": "postfire",
        "FEATURE_COUNT": 212
      },
      "geometry": {
        "type": "Polygon",
        "coordinates": [
          [
            [
              -118.55824171268247,
              36.146804706025286
            ],
            [
              -118.55817350528045,
              36.146802171226916
            ],
            [
              -118.55817600553866,
              36.14675791515556
            ],
            [
              -118.55824421290257,
              36.14676044994985
            ],
            [
              -118.55824171268247,
              36.146804706025286
            ]
          ]
        ]
      }
    },
    {
      "id": "686",
      "type": "Feature",
      "properties": {
        "id": null,
        "SOURCE_FILE": "/Users/maples/GitHub/mortalitree_testing/labels/annayu_mortalitree_postfire_labels.geojson",
        "SUNETID": "annayu",
        "FIRENAME": "CASTLE",
        "FIRE_SLUG": "CASTLE",
        "PREFIRE": 0,
        "PREFIRE_STATUS": "postfire",
        "TILE_Z": 17,
        "TILE_X": 22370,
        "TILE_Y": 51403,
        "TILEXYZ": [
          17,
          22370,
          51403
        ],
        "OUTPUT_FILE": "/Users/maples/GitHub/mortalitree_testing/notebooks/single_tiles/postfire/17/22370/51403.geojson",
        "OUTPUT_STATUS_DIR": "postfire",
        "FEATURE_COUNT": 212
      },
      "geometry": {
        "type": "Polygon",
        "coordinates": [
          [
            [
              -118.55853210315269,
              36.147411437017226
            ],
            [
              -118.55847753678862,
              36.14740940928474
            ],
            [
              -118.55848128700097,
              36.147343025156836
            ],
            [
              -118.55853585331934,
              36.147345052884404
            ],
            [
              -118.55853210315269,
              36.147411437017226
            ]
          ]
        ]
      }
    },
    {
      "id": "687",
      "type": "Feature",
      "properties": {
        "id": null,
        "SOURCE_FILE": "/Users/maples/GitHub/mortalitree_testing/labels/annayu_mortalitree_postfire_labels.geojson",
        "SUNETID": "annayu",
        "FIRENAME": "CASTLE",
        "FIRE_SLUG": "CASTLE",
        "PREFIRE": 0,
        "PREFIRE_STATUS": "postfire",
        "TILE_Z": 17,
        "TILE_X": 22370,
        "TILE_Y": 51403,
        "TILEXYZ": [
          17,
          22370,
          51403
        ],
        "OUTPUT_FILE": "/Users/maples/GitHub/mortalitree_testing/notebooks/single_tiles/postfire/17/22370/51403.geojson",
        "OUTPUT_STATUS_DIR": "postfire",
        "FEATURE_COUNT": 212
      },
      "geometry": {
        "type": "Polygon",
        "coordinates": [
          [
            [
              -118.55827463189922,
              36.147371379017315
            ],
            [
              -118.55820642400352,
              36.147368844203605
            ],
            [
              -118.55820892429506,
              36.14732458813447
            ],
            [
              -118.55827713215267,
              36.14732712294409
            ],
            [
              -118.55827463189922,
              36.147371379017315
            ]
          ]
        ]
      }
    },
    {
      "id": "688",
      "type": "Feature",
      "properties": {
        "id": null,
        "SOURCE_FILE": "/Users/maples/GitHub/mortalitree_testing/labels/annayu_mortalitree_postfire_labels.geojson",
        "SUNETID": "annayu",
        "FIRENAME": "CASTLE",
        "FIRE_SLUG": "CASTLE",
        "PREFIRE": 0,
        "PREFIRE_STATUS": "postfire",
        "TILE_Z": 17,
        "TILE_X": 22370,
        "TILE_Y": 51403,
        "TILEXYZ": [
          17,
          22370,
          51403
        ],
        "OUTPUT_FILE": "/Users/maples/GitHub/mortalitree_testing/notebooks/single_tiles/postfire/17/22370/51403.geojson",
        "OUTPUT_STATUS_DIR": "postfire",
        "FEATURE_COUNT": 212
      },
      "geometry": {
        "type": "Polygon",
        "coordinates": [
          [
            [
              -118.5582409692667,
              36.147422792440096
            ],
            [
              -118.55820004450342,
              36.14742127154316
            ],
            [
              -118.55820316987747,
              36.147365951457616
            ],
            [
              -118.55824409461216,
              36.14736747235148
            ],
            [
              -118.5582409692667,
              36.147422792440096
            ]
          ]
        ]
      }
    },
    {
      "id": "689",
      "type": "Feature",
      "properties": {
        "id": null,
        "SOURCE_FILE": "/Users/maples/GitHub/mortalitree_testing/labels/annayu_mortalitree_postfire_labels.geojson",
        "SUNETID": "annayu",
        "FIRENAME": "CASTLE",
        "FIRE_SLUG": "CASTLE",
        "PREFIRE": 0,
        "PREFIRE_STATUS": "postfire",
        "TILE_Z": 17,
        "TILE_X": 22370,
        "TILE_Y": 51403,
        "TILEXYZ": [
          17,
          22370,
          51403
        ],
        "OUTPUT_FILE": "/Users/maples/GitHub/mortalitree_testing/notebooks/single_tiles/postfire/17/22370/51403.geojson",
        "OUTPUT_STATUS_DIR": "postfire",
        "FEATURE_COUNT": 212
      },
      "geometry": {
        "type": "Polygon",
        "coordinates": [
          [
            [
              -118.55834500009013,
              36.14739616856863
            ],
            [
              -118.55829043375047,
              36.147394140751636
            ],
            [
              -118.55829324652758,
              36.14734435266835
            ],
            [
              -118.55834781283293,
              36.14734638048167
            ],
            [
              -118.55834500009013,
              36.14739616856863
            ]
          ]
        ]
      }
    },
    {
      "id": "690",
      "type": "Feature",
      "properties": {
        "id": null,
        "SOURCE_FILE": "/Users/maples/GitHub/mortalitree_testing/labels/annayu_mortalitree_postfire_labels.geojson",
        "SUNETID": "annayu",
        "FIRENAME": "CASTLE",
        "FIRE_SLUG": "CASTLE",
        "PREFIRE": 0,
        "PREFIRE_STATUS": "postfire",
        "TILE_Z": 17,
        "TILE_X": 22370,
        "TILE_Y": 51403,
        "TILEXYZ": [
          17,
          22370,
          51403
        ],
        "OUTPUT_FILE": "/Users/maples/GitHub/mortalitree_testing/notebooks/single_tiles/postfire/17/22370/51403.geojson",
        "OUTPUT_STATUS_DIR": "postfire",
        "FEATURE_COUNT": 212
      },
      "geometry": {
        "type": "Polygon",
        "coordinates": [
          [
            [
              -118.55637194980207,
              36.14686588869052
            ],
            [
              -118.55627583922322,
              36.14686231540036
            ],
            [
              -118.55628064550856,
              36.14677727784382
            ],
            [
              -118.55637675598429,
              36.146780851122905
            ],
            [
              -118.55637194980207,
              36.14686588869052
            ]
          ]
        ]
      }
    },
    {
      "id": "691",
      "type": "Feature",
      "properties": {
        "id": null,
        "SOURCE_FILE": "/Users/maples/GitHub/mortalitree_testing/labels/annayu_mortalitree_postfire_labels.geojson",
        "SUNETID": "annayu",
        "FIRENAME": "CASTLE",
        "FIRE_SLUG": "CASTLE",
        "PREFIRE": 0,
        "PREFIRE_STATUS": "postfire",
        "TILE_Z": 17,
        "TILE_X": 22370,
        "TILE_Y": 51403,
        "TILEXYZ": [
          17,
          22370,
          51403
        ],
        "OUTPUT_FILE": "/Users/maples/GitHub/mortalitree_testing/notebooks/single_tiles/postfire/17/22370/51403.geojson",
        "OUTPUT_STATUS_DIR": "postfire",
        "FEATURE_COUNT": 212
      },
      "geometry": {
        "type": "Polygon",
        "coordinates": [
          [
            [
              -118.55650022187143,
              36.147307390908544
            ],
            [
              -118.556430322863,
              36.147304792207336
            ],
            [
              -118.55643392751217,
              36.14724101403141
            ],
            [
              -118.55650382646435,
              36.14724361272657
            ],
            [
              -118.55650022187143,
              36.147307390908544
            ]
          ]
        ]
      }
    },
    {
      "id": "692",
      "type": "Feature",
      "properties": {
        "id": null,
        "SOURCE_FILE": "/Users/maples/GitHub/mortalitree_testing/labels/annayu_mortalitree_postfire_labels.geojson",
        "SUNETID": "annayu",
        "FIRENAME": "CASTLE",
        "FIRE_SLUG": "CASTLE",
        "PREFIRE": 0,
        "PREFIRE_STATUS": "postfire",
        "TILE_Z": 17,
        "TILE_X": 22370,
        "TILE_Y": 51403,
        "TILEXYZ": [
          17,
          22370,
          51403
        ],
        "OUTPUT_FILE": "/Users/maples/GitHub/mortalitree_testing/notebooks/single_tiles/postfire/17/22370/51403.geojson",
        "OUTPUT_STATUS_DIR": "postfire",
        "FEATURE_COUNT": 212
      },
      "geometry": {
        "type": "Polygon",
        "coordinates": [
          [
            [
              -118.55643833317912,
              36.147163062926126
            ],
            [
              -118.55636843430463,
              36.147160464197704
            ],
            [
              -118.5563712379458,
              36.147110858952814
            ],
            [
              -118.55644113677653,
              36.147113457676554
            ],
            [
              -118.55643833317912,
              36.147163062926126
            ]
          ]
        ]
      }
    },
    {
      "id": "693",
      "type": "Feature",
      "properties": {
        "id": null,
        "SOURCE_FILE": "/Users/maples/GitHub/mortalitree_testing/labels/annayu_mortalitree_postfire_labels.geojson",
        "SUNETID": "annayu",
        "FIRENAME": "CASTLE",
        "FIRE_SLUG": "CASTLE",
        "PREFIRE": 0,
        "PREFIRE_STATUS": "postfire",
        "TILE_Z": 17,
        "TILE_X": 22370,
        "TILE_Y": 51403,
        "TILEXYZ": [
          17,
          22370,
          51403
        ],
        "OUTPUT_FILE": "/Users/maples/GitHub/mortalitree_testing/notebooks/single_tiles/postfire/17/22370/51403.geojson",
        "OUTPUT_STATUS_DIR": "postfire",
        "FEATURE_COUNT": 212
      },
      "geometry": {
        "type": "Polygon",
        "coordinates": [
          [
            [
              -118.55646651086695,
              36.14720671864368
            ],
            [
              -118.55640534931507,
              36.147204444770566
            ],
            [
              -118.55640775242043,
              36.14716192598745
            ],
            [
              -118.55646891393951,
              36.14716419985703
            ],
            [
              -118.55646651086695,
              36.14720671864368
            ]
          ]
        ]
      }
    },
    {
      "id": "694",
      "type": "Feature",
      "properties": {
        "id": null,
        "SOURCE_FILE": "/Users/maples/GitHub/mortalitree_testing/labels/annayu_mortalitree_postfire_labels.geojson",
        "SUNETID": "annayu",
        "FIRENAME": "CASTLE",
        "FIRE_SLUG": "CASTLE",
        "PREFIRE": 0,
        "PREFIRE_STATUS": "postfire",
        "TILE_Z": 17,
        "TILE_X": 22370,
        "TILE_Y": 51403,
        "TILEXYZ": [
          17,
          22370,
          51403
        ],
        "OUTPUT_FILE": "/Users/maples/GitHub/mortalitree_testing/notebooks/single_tiles/postfire/17/22370/51403.geojson",
        "OUTPUT_STATUS_DIR": "postfire",
        "FEATURE_COUNT": 212
      },
      "geometry": {
        "type": "Polygon",
        "coordinates": [
          [
            [
              -118.55640514905605,
              36.14720798800246
            ],
            [
              -118.55635272487183,
              36.147206038943345
            ],
            [
              -118.55635552852758,
              36.147156433699905
            ],
            [
              -118.55640795267897,
              36.14715838275551
            ],
            [
              -118.55640514905605,
              36.14720798800246
            ]
          ]
        ]
      }
    },
    {
      "id": "695",
      "type": "Feature",
      "properties": {
        "id": null,
        "SOURCE_FILE": "/Users/maples/GitHub/mortalitree_testing/labels/annayu_mortalitree_postfire_labels.geojson",
        "SUNETID": "annayu",
        "FIRENAME": "CASTLE",
        "FIRE_SLUG": "CASTLE",
        "PREFIRE": 0,
        "PREFIRE_STATUS": "postfire",
        "TILE_Z": 17,
        "TILE_X": 22370,
        "TILE_Y": 51403,
        "TILEXYZ": [
          17,
          22370,
          51403
        ],
        "OUTPUT_FILE": "/Users/maples/GitHub/mortalitree_testing/notebooks/single_tiles/postfire/17/22370/51403.geojson",
        "OUTPUT_STATUS_DIR": "postfire",
        "FEATURE_COUNT": 212
      },
      "geometry": {
        "type": "Polygon",
        "coordinates": [
          [
            [
              -118.5563693985567,
              36.147220861559184
            ],
            [
              -118.55630823700191,
              36.147218587635706
            ],
            [
              -118.55631064016094,
              36.14717606885831
            ],
            [
              -118.55637180168293,
              36.14717834277827
            ],
            [
              -118.5563693985567,
              36.147220861559184
            ]
          ]
        ]
      }
    },
    {
      "id": "696",
      "type": "Feature",
      "properties": {
        "id": null,
        "SOURCE_FILE": "/Users/maples/GitHub/mortalitree_testing/labels/annayu_mortalitree_postfire_labels.geojson",
        "SUNETID": "annayu",
        "FIRENAME": "CASTLE",
        "FIRE_SLUG": "CASTLE",
        "PREFIRE": 0,
        "PREFIRE_STATUS": "postfire",
        "TILE_Z": 17,
        "TILE_X": 22370,
        "TILE_Y": 51403,
        "TILEXYZ": [
          17,
          22370,
          51403
        ],
        "OUTPUT_FILE": "/Users/maples/GitHub/mortalitree_testing/notebooks/single_tiles/postfire/17/22370/51403.geojson",
        "OUTPUT_STATUS_DIR": "postfire",
        "FEATURE_COUNT": 212
      },
      "geometry": {
        "type": "Polygon",
        "coordinates": [
          [
            [
              -118.55627567606581,
              36.14678774511483
            ],
            [
              -118.55621337890625,
              36.14678542893047
            ],
            [
              -118.55621337890625,
              36.146746777814364
            ],
            [
              -118.55627799151418,
              36.146746777814364
            ],
            [
              -118.55627567606581,
              36.14678774511483
            ]
          ]
        ]
      }
    },
    {
      "id": "697",
      "type": "Feature",
      "properties": {
        "id": null,
        "SOURCE_FILE": "/Users/maples/GitHub/mortalitree_testing/labels/annayu_mortalitree_postfire_labels.geojson",
        "SUNETID": "annayu",
        "FIRENAME": "CASTLE",
        "FIRE_SLUG": "CASTLE",
        "PREFIRE": 0,
        "PREFIRE_STATUS": "postfire",
        "TILE_Z": 17,
        "TILE_X": 22370,
        "TILE_Y": 51403,
        "TILEXYZ": [
          17,
          22370,
          51403
        ],
        "OUTPUT_FILE": "/Users/maples/GitHub/mortalitree_testing/notebooks/single_tiles/postfire/17/22370/51403.geojson",
        "OUTPUT_STATUS_DIR": "postfire",
        "FEATURE_COUNT": 212
      },
      "geometry": {
        "type": "Polygon",
        "coordinates": [
          [
            [
              -118.55634262275194,
              36.14715240320079
            ],
            [
              -118.55625524918344,
              36.14714915471491
            ],
            [
              -118.55625925448317,
              36.14707829008994
            ],
            [
              -118.55634662797355,
              36.147081538567456
            ],
            [
              -118.55634262275194,
              36.14715240320079
            ]
          ]
        ]
      }
    },
    {
      "id": "698",
      "type": "Feature",
      "properties": {
        "id": null,
        "SOURCE_FILE": "/Users/maples/GitHub/mortalitree_testing/labels/annayu_mortalitree_postfire_labels.geojson",
        "SUNETID": "annayu",
        "FIRENAME": "CASTLE",
        "FIRE_SLUG": "CASTLE",
        "PREFIRE": 0,
        "PREFIRE_STATUS": "postfire",
        "TILE_Z": 17,
        "TILE_X": 22370,
        "TILE_Y": 51403,
        "TILEXYZ": [
          17,
          22370,
          51403
        ],
        "OUTPUT_FILE": "/Users/maples/GitHub/mortalitree_testing/notebooks/single_tiles/postfire/17/22370/51403.geojson",
        "OUTPUT_STATUS_DIR": "postfire",
        "FEATURE_COUNT": 212
      },
      "geometry": {
        "type": "Polygon",
        "coordinates": [
          [
            [
              -118.5563678335235,
              36.14717109389295
            ],
            [
              -118.55628045993126,
              36.14716784542401
            ],
            [
              -118.55628246257291,
              36.147132413110576
            ],
            [
              -118.55636983612607,
              36.14713566157534
            ],
            [
              -118.5563678335235,
              36.14717109389295
            ]
          ]
        ]
      }
    },
    {
      "id": "699",
      "type": "Feature",
      "properties": {
        "id": null,
        "SOURCE_FILE": "/Users/maples/GitHub/mortalitree_testing/labels/annayu_mortalitree_postfire_labels.geojson",
        "SUNETID": "annayu",
        "FIRENAME": "CASTLE",
        "FIRE_SLUG": "CASTLE",
        "PREFIRE": 0,
        "PREFIRE_STATUS": "postfire",
        "TILE_Z": 17,
        "TILE_X": 22370,
        "TILE_Y": 51403,
        "TILEXYZ": [
          17,
          22370,
          51403
        ],
        "OUTPUT_FILE": "/Users/maples/GitHub/mortalitree_testing/notebooks/single_tiles/postfire/17/22370/51403.geojson",
        "OUTPUT_STATUS_DIR": "postfire",
        "FEATURE_COUNT": 212
      },
      "geometry": {
        "type": "Polygon",
        "coordinates": [
          [
            [
              -118.55631320647383,
              36.14720812036546
            ],
            [
              -118.5562520449336,
              36.14720584641397
            ],
            [
              -118.55625524918344,
              36.14714915471491
            ],
            [
              -118.55631641067993,
              36.1471514286617
            ],
            [
              -118.55631320647383,
              36.14720812036546
            ]
          ]
        ]
      }
    },
    {
      "id": "700",
      "type": "Feature",
      "properties": {
        "id": null,
        "SOURCE_FILE": "/Users/maples/GitHub/mortalitree_testing/labels/annayu_mortalitree_postfire_labels.geojson",
        "SUNETID": "annayu",
        "FIRENAME": "CASTLE",
        "FIRE_SLUG": "CASTLE",
        "PREFIRE": 0,
        "PREFIRE_STATUS": "postfire",
        "TILE_Z": 17,
        "TILE_X": 22370,
        "TILE_Y": 51403,
        "TILEXYZ": [
          17,
          22370,
          51403
        ],
        "OUTPUT_FILE": "/Users/maples/GitHub/mortalitree_testing/notebooks/single_tiles/postfire/17/22370/51403.geojson",
        "OUTPUT_STATUS_DIR": "postfire",
        "FEATURE_COUNT": 212
      },
      "geometry": {
        "type": "Polygon",
        "coordinates": [
          [
            [
              -118.55630840014788,
              36.14729315791967
            ],
            [
              -118.55626471328586,
              36.14729153366675
            ],
            [
              -118.55626671594365,
              36.14725610135482
            ],
            [
              -118.55631040278612,
              36.14725772560564
            ],
            [
              -118.55630840014788,
              36.14729315791967
            ]
          ]
        ]
      }
    },
    {
      "id": "701",
      "type": "Feature",
      "properties": {
        "id": null,
        "SOURCE_FILE": "/Users/maples/GitHub/mortalitree_testing/labels/annayu_mortalitree_postfire_labels.geojson",
        "SUNETID": "annayu",
        "FIRENAME": "CASTLE",
        "FIRE_SLUG": "CASTLE",
        "PREFIRE": 0,
        "PREFIRE_STATUS": "postfire",
        "TILE_Z": 17,
        "TILE_X": 22370,
        "TILE_Y": 51403,
        "TILEXYZ": [
          17,
          22370,
          51403
        ],
        "OUTPUT_FILE": "/Users/maples/GitHub/mortalitree_testing/notebooks/single_tiles/postfire/17/22370/51403.geojson",
        "OUTPUT_STATUS_DIR": "postfire",
        "FEATURE_COUNT": 212
      },
      "geometry": {
        "type": "Polygon",
        "coordinates": [
          [
            [
              -118.55690252271486,
              36.14778038427347
            ],
            [
              -118.55686757298056,
              36.147779085030756
            ],
            [
              -118.55687037637091,
              36.14772947975732
            ],
            [
              -118.55690532608332,
              36.14773077899767
            ],
            [
              -118.55690252271486,
              36.14778038427347
            ]
          ]
        ]
      }
    },
    {
      "id": "702",
      "type": "Feature",
      "properties": {
        "id": null,
        "SOURCE_FILE": "/Users/maples/GitHub/mortalitree_testing/labels/annayu_mortalitree_postfire_labels.geojson",
        "SUNETID": "annayu",
        "FIRENAME": "CASTLE",
        "FIRE_SLUG": "CASTLE",
        "PREFIRE": 0,
        "PREFIRE_STATUS": "postfire",
        "TILE_Z": 17,
        "TILE_X": 22370,
        "TILE_Y": 51403,
        "TILEXYZ": [
          17,
          22370,
          51403
        ],
        "OUTPUT_FILE": "/Users/maples/GitHub/mortalitree_testing/notebooks/single_tiles/postfire/17/22370/51403.geojson",
        "OUTPUT_STATUS_DIR": "postfire",
        "FEATURE_COUNT": 212
      },
      "geometry": {
        "type": "Polygon",
        "coordinates": [
          [
            [
              -118.5571402355512,
              36.14775726477996
            ],
            [
              -118.55703538635191,
              36.14775336723165
            ],
            [
              -118.55703979150627,
              36.14767541606928
            ],
            [
              -118.55714464060244,
              36.147679313606524
            ],
            [
              -118.5571402355512,
              36.14775726477996
            ]
          ]
        ]
      }
    },
    {
      "id": "703",
      "type": "Feature",
      "properties": {
        "id": null,
        "SOURCE_FILE": "/Users/maples/GitHub/mortalitree_testing/labels/annayu_mortalitree_postfire_labels.geojson",
        "SUNETID": "annayu",
        "FIRENAME": "CASTLE",
        "FIRE_SLUG": "CASTLE",
        "PREFIRE": 0,
        "PREFIRE_STATUS": "postfire",
        "TILE_Z": 17,
        "TILE_X": 22370,
        "TILE_Y": 51403,
        "TILEXYZ": [
          17,
          22370,
          51403
        ],
        "OUTPUT_FILE": "/Users/maples/GitHub/mortalitree_testing/notebooks/single_tiles/postfire/17/22370/51403.geojson",
        "OUTPUT_STATUS_DIR": "postfire",
        "FEATURE_COUNT": 212
      },
      "geometry": {
        "type": "Polygon",
        "coordinates": [
          [
            [
              -118.55754632617686,
              36.14777591015313
            ],
            [
              -118.5574764266533,
              36.14777331203363
            ],
            [
              -118.55748003051731,
              36.14770953377193
            ],
            [
              -118.55754992998465,
              36.14771213188541
            ],
            [
              -118.55754632617686,
              36.14777591015313
            ]
          ]
        ]
      }
    },
    {
      "id": "704",
      "type": "Feature",
      "properties": {
        "id": null,
        "SOURCE_FILE": "/Users/maples/GitHub/mortalitree_testing/labels/annayu_mortalitree_postfire_labels.geojson",
        "SUNETID": "annayu",
        "FIRENAME": "CASTLE",
        "FIRE_SLUG": "CASTLE",
        "PREFIRE": 0,
        "PREFIRE_STATUS": "postfire",
        "TILE_Z": 17,
        "TILE_X": 22370,
        "TILE_Y": 51403,
        "TILEXYZ": [
          17,
          22370,
          51403
        ],
        "OUTPUT_FILE": "/Users/maples/GitHub/mortalitree_testing/notebooks/single_tiles/postfire/17/22370/51403.geojson",
        "OUTPUT_STATUS_DIR": "postfire",
        "FEATURE_COUNT": 212
      },
      "geometry": {
        "type": "Polygon",
        "coordinates": [
          [
            [
              -118.55728482797274,
              36.14847934454478
            ],
            [
              -118.55721778832306,
              36.1484768525591
            ],
            [
              -118.55722129986651,
              36.14841471335384
            ],
            [
              -118.55728833946362,
              36.148417205333864
            ],
            [
              -118.55728482797274,
              36.14847934454478
            ]
          ]
        ]
      }
    },
    {
      "id": "705",
      "type": "Feature",
      "properties": {
        "id": null,
        "SOURCE_FILE": "/Users/maples/GitHub/mortalitree_testing/labels/annayu_mortalitree_postfire_labels.geojson",
        "SUNETID": "annayu",
        "FIRENAME": "CASTLE",
        "FIRE_SLUG": "CASTLE",
        "PREFIRE": 0,
        "PREFIRE_STATUS": "postfire",
        "TILE_Z": 17,
        "TILE_X": 22370,
        "TILE_Y": 51403,
        "TILEXYZ": [
          17,
          22370,
          51403
        ],
        "OUTPUT_FILE": "/Users/maples/GitHub/mortalitree_testing/notebooks/single_tiles/postfire/17/22370/51403.geojson",
        "OUTPUT_STATUS_DIR": "postfire",
        "FEATURE_COUNT": 212
      },
      "geometry": {
        "type": "Polygon",
        "coordinates": [
          [
            [
              -118.55726439674943,
              36.148416315345294
            ],
            [
              -118.55715904881941,
              36.1484123993389
            ],
            [
              -118.55716168250655,
              36.148365794938265
            ],
            [
              -118.55726703037462,
              36.148369710938
            ],
            [
              -118.55726439674943,
              36.148416315345294
            ]
          ]
        ]
      }
    },
    {
      "id": "706",
      "type": "Feature",
      "properties": {
        "id": null,
        "SOURCE_FILE": "/Users/maples/GitHub/mortalitree_testing/labels/annayu_mortalitree_postfire_labels.geojson",
        "SUNETID": "annayu",
        "FIRENAME": "CASTLE",
        "FIRE_SLUG": "CASTLE",
        "PREFIRE": 0,
        "PREFIRE_STATUS": "postfire",
        "TILE_Z": 17,
        "TILE_X": 22370,
        "TILE_Y": 51403,
        "TILEXYZ": [
          17,
          22370,
          51403
        ],
        "OUTPUT_FILE": "/Users/maples/GitHub/mortalitree_testing/notebooks/single_tiles/postfire/17/22370/51403.geojson",
        "OUTPUT_STATUS_DIR": "postfire",
        "FEATURE_COUNT": 212
      },
      "geometry": {
        "type": "Polygon",
        "coordinates": [
          [
            [
              -118.55728618453462,
              36.148370422928046
            ],
            [
              -118.55715210542863,
              36.14836543893371
            ],
            [
              -118.55715649490314,
              36.14828776493246
            ],
            [
              -118.55729057387774,
              36.148292748912695
            ],
            [
              -118.55728618453462,
              36.148370422928046
            ]
          ]
        ]
      }
    },
    {
      "id": "707",
      "type": "Feature",
      "properties": {
        "id": null,
        "SOURCE_FILE": "/Users/maples/GitHub/mortalitree_testing/labels/annayu_mortalitree_postfire_labels.geojson",
        "SUNETID": "annayu",
        "FIRENAME": "CASTLE",
        "FIRE_SLUG": "CASTLE",
        "PREFIRE": 0,
        "PREFIRE_STATUS": "postfire",
        "TILE_Z": 17,
        "TILE_X": 22370,
        "TILE_Y": 51403,
        "TILEXYZ": [
          17,
          22370,
          51403
        ],
        "OUTPUT_FILE": "/Users/maples/GitHub/mortalitree_testing/notebooks/single_tiles/postfire/17/22370/51403.geojson",
        "OUTPUT_STATUS_DIR": "postfire",
        "FEATURE_COUNT": 212
      },
      "geometry": {
        "type": "Polygon",
        "coordinates": [
          [
            [
              -118.55710144673031,
              36.14824290819717
            ],
            [
              -118.55701525317671,
              36.14823970409471
            ],
            [
              -118.55701876484947,
              36.1481775649041
            ],
            [
              -118.55710495833547,
              36.14818076899932
            ],
            [
              -118.55710144673031,
              36.14824290819717
            ]
          ]
        ]
      }
    },
    {
      "id": "708",
      "type": "Feature",
      "properties": {
        "id": null,
        "SOURCE_FILE": "/Users/maples/GitHub/mortalitree_testing/labels/annayu_mortalitree_postfire_labels.geojson",
        "SUNETID": "annayu",
        "FIRENAME": "CASTLE",
        "FIRE_SLUG": "CASTLE",
        "PREFIRE": 0,
        "PREFIRE_STATUS": "postfire",
        "TILE_Z": 17,
        "TILE_X": 22370,
        "TILE_Y": 51403,
        "TILEXYZ": [
          17,
          22370,
          51403
        ],
        "OUTPUT_FILE": "/Users/maples/GitHub/mortalitree_testing/notebooks/single_tiles/postfire/17/22370/51403.geojson",
        "OUTPUT_STATUS_DIR": "postfire",
        "FEATURE_COUNT": 212
      },
      "geometry": {
        "type": "Polygon",
        "coordinates": [
          [
            [
              -118.55714322667019,
              36.14826781242553
            ],
            [
              -118.55707618721344,
              36.148265320373106
            ],
            [
              -118.5570805767467,
              36.148187646378595
            ],
            [
              -118.55714761613775,
              36.14819013842399
            ],
            [
              -118.55714322667019,
              36.14826781242553
            ]
          ]
        ]
      }
    },
    {
      "id": "709",
      "type": "Feature",
      "properties": {
        "id": null,
        "SOURCE_FILE": "/Users/maples/GitHub/mortalitree_testing/labels/annayu_mortalitree_postfire_labels.geojson",
        "SUNETID": "annayu",
        "FIRENAME": "CASTLE",
        "FIRE_SLUG": "CASTLE",
        "PREFIRE": 0,
        "PREFIRE_STATUS": "postfire",
        "TILE_Z": 17,
        "TILE_X": 22370,
        "TILE_Y": 51403,
        "TILEXYZ": [
          17,
          22370,
          51403
        ],
        "OUTPUT_FILE": "/Users/maples/GitHub/mortalitree_testing/notebooks/single_tiles/postfire/17/22370/51403.geojson",
        "OUTPUT_STATUS_DIR": "postfire",
        "FEATURE_COUNT": 212
      },
      "geometry": {
        "type": "Polygon",
        "coordinates": [
          [
            [
              -118.55717433220539,
              36.148311779139924
            ],
            [
              -118.5571072927084,
              36.1483092871023
            ],
            [
              -118.5571121211681,
              36.14822384570526
            ],
            [
              -118.55717916059284,
              36.14822633773514
            ],
            [
              -118.55717433220539,
              36.148311779139924
            ]
          ]
        ]
      }
    },
    {
      "id": "710",
      "type": "Feature",
      "properties": {
        "id": null,
        "SOURCE_FILE": "/Users/maples/GitHub/mortalitree_testing/labels/annayu_mortalitree_postfire_labels.geojson",
        "SUNETID": "annayu",
        "FIRENAME": "CASTLE",
        "FIRE_SLUG": "CASTLE",
        "PREFIRE": 0,
        "PREFIRE_STATUS": "postfire",
        "TILE_Z": 17,
        "TILE_X": 22370,
        "TILE_Y": 51403,
        "TILEXYZ": [
          17,
          22370,
          51403
        ],
        "OUTPUT_FILE": "/Users/maples/GitHub/mortalitree_testing/notebooks/single_tiles/postfire/17/22370/51403.geojson",
        "OUTPUT_STATUS_DIR": "postfire",
        "FEATURE_COUNT": 212
      },
      "geometry": {
        "type": "Polygon",
        "coordinates": [
          [
            [
              -118.55726162319795,
              36.14829556463017
            ],
            [
              -118.55717542956796,
              36.14829236063898
            ],
            [
              -118.55717806323385,
              36.14824575623638
            ],
            [
              -118.55726425681314,
              36.148248960222105
            ],
            [
              -118.55726162319795,
              36.14829556463017
            ]
          ]
        ]
      }
    },
    {
      "id": "711",
      "type": "Feature",
      "properties": {
        "id": null,
        "SOURCE_FILE": "/Users/maples/GitHub/mortalitree_testing/labels/annayu_mortalitree_postfire_labels.geojson",
        "SUNETID": "annayu",
        "FIRENAME": "CASTLE",
        "FIRE_SLUG": "CASTLE",
        "PREFIRE": 0,
        "PREFIRE_STATUS": "postfire",
        "TILE_Z": 17,
        "TILE_X": 22370,
        "TILE_Y": 51403,
        "TILEXYZ": [
          17,
          22370,
          51403
        ],
        "OUTPUT_FILE": "/Users/maples/GitHub/mortalitree_testing/notebooks/single_tiles/postfire/17/22370/51403.geojson",
        "OUTPUT_STATUS_DIR": "postfire",
        "FEATURE_COUNT": 212
      },
      "geometry": {
        "type": "Polygon",
        "coordinates": [
          [
            [
              -118.5574304991376,
              36.14836411165156
            ],
            [
              -118.55731557417424,
              36.14835983980472
            ],
            [
              -118.55732040241695,
              36.14827439838418
            ],
            [
              -118.55743532725641,
              36.14827867021775
            ],
            [
              -118.5574304991376,
              36.14836411165156
            ]
          ]
        ]
      }
    },
    {
      "id": "712",
      "type": "Feature",
      "properties": {
        "id": null,
        "SOURCE_FILE": "/Users/maples/GitHub/mortalitree_testing/labels/annayu_mortalitree_postfire_labels.geojson",
        "SUNETID": "annayu",
        "FIRENAME": "CASTLE",
        "FIRE_SLUG": "CASTLE",
        "PREFIRE": 0,
        "PREFIRE_STATUS": "postfire",
        "TILE_Z": 17,
        "TILE_X": 22370,
        "TILE_Y": 51403,
        "TILEXYZ": [
          17,
          22370,
          51403
        ],
        "OUTPUT_FILE": "/Users/maples/GitHub/mortalitree_testing/notebooks/single_tiles/postfire/17/22370/51403.geojson",
        "OUTPUT_STATUS_DIR": "postfire",
        "FEATURE_COUNT": 212
      },
      "geometry": {
        "type": "Polygon",
        "coordinates": [
          [
            [
              -118.55732247794758,
              36.148492419622364
            ],
            [
              -118.55726501537772,
              36.14849028365433
            ],
            [
              -118.55726852688564,
              36.14842814444519
            ],
            [
              -118.55732598941044,
              36.14843028040839
            ],
            [
              -118.55732247794758,
              36.148492419622364
            ]
          ]
        ]
      }
    },
    {
      "id": "713",
      "type": "Feature",
      "properties": {
        "id": null,
        "SOURCE_FILE": "/Users/maples/GitHub/mortalitree_testing/labels/annayu_mortalitree_postfire_labels.geojson",
        "SUNETID": "annayu",
        "FIRENAME": "CASTLE",
        "FIRE_SLUG": "CASTLE",
        "PREFIRE": 0,
        "PREFIRE_STATUS": "postfire",
        "TILE_Z": 17,
        "TILE_X": 22370,
        "TILE_Y": 51403,
        "TILEXYZ": [
          17,
          22370,
          51403
        ],
        "OUTPUT_FILE": "/Users/maples/GitHub/mortalitree_testing/notebooks/single_tiles/postfire/17/22370/51403.geojson",
        "OUTPUT_STATUS_DIR": "postfire",
        "FEATURE_COUNT": 212
      },
      "geometry": {
        "type": "Polygon",
        "coordinates": [
          [
            [
              -118.55763580997989,
              36.14872201025973
            ],
            [
              -118.55756877009168,
              36.1487195184562
            ],
            [
              -118.55757184247781,
              36.148665146627884
            ],
            [
              -118.55763888232002,
              36.148667638426495
            ],
            [
              -118.55763580997989,
              36.14872201025973
            ]
          ]
        ]
      }
    },
    {
      "id": "714",
      "type": "Feature",
      "properties": {
        "id": null,
        "SOURCE_FILE": "/Users/maples/GitHub/mortalitree_testing/labels/annayu_mortalitree_postfire_labels.geojson",
        "SUNETID": "annayu",
        "FIRENAME": "CASTLE",
        "FIRE_SLUG": "CASTLE",
        "PREFIRE": 0,
        "PREFIRE_STATUS": "postfire",
        "TILE_Z": 17,
        "TILE_X": 22370,
        "TILE_Y": 51403,
        "TILEXYZ": [
          17,
          22370,
          51403
        ],
        "OUTPUT_FILE": "/Users/maples/GitHub/mortalitree_testing/notebooks/single_tiles/postfire/17/22370/51403.geojson",
        "OUTPUT_STATUS_DIR": "postfire",
        "FEATURE_COUNT": 212
      },
      "geometry": {
        "type": "Polygon",
        "coordinates": [
          [
            [
              -118.55776685678934,
              36.14869574615095
            ],
            [
              -118.55769023978682,
              36.14869289845803
            ],
            [
              -118.55769375098534,
              36.148630759215074
            ],
            [
              -118.55777036792777,
              36.14863360690154
            ],
            [
              -118.55776685678934,
              36.14869574615095
            ]
          ]
        ]
      }
    },
    {
      "id": "715",
      "type": "Feature",
      "properties": {
        "id": null,
        "SOURCE_FILE": "/Users/maples/GitHub/mortalitree_testing/labels/annayu_mortalitree_postfire_labels.geojson",
        "SUNETID": "annayu",
        "FIRENAME": "CASTLE",
        "FIRE_SLUG": "CASTLE",
        "PREFIRE": 0,
        "PREFIRE_STATUS": "postfire",
        "TILE_Z": 17,
        "TILE_X": 22370,
        "TILE_Y": 51403,
        "TILEXYZ": [
          17,
          22370,
          51403
        ],
        "OUTPUT_FILE": "/Users/maples/GitHub/mortalitree_testing/notebooks/single_tiles/postfire/17/22370/51403.geojson",
        "OUTPUT_STATUS_DIR": "postfire",
        "FEATURE_COUNT": 212
      },
      "geometry": {
        "type": "Polygon",
        "coordinates": [
          [
            [
              -118.55772982567393,
              36.14875663953693
            ],
            [
              -118.55765320861605,
              36.14875379181621
            ],
            [
              -118.55765628094773,
              36.14869941998198
            ],
            [
              -118.55773289795307,
              36.14870226769706
            ],
            [
              -118.55772982567393,
              36.14875663953693
            ]
          ]
        ]
      }
    },
    {
      "id": "716",
      "type": "Feature",
      "properties": {
        "id": null,
        "SOURCE_FILE": "/Users/maples/GitHub/mortalitree_testing/labels/annayu_mortalitree_postfire_labels.geojson",
        "SUNETID": "annayu",
        "FIRENAME": "CASTLE",
        "FIRE_SLUG": "CASTLE",
        "PREFIRE": 0,
        "PREFIRE_STATUS": "postfire",
        "TILE_Z": 17,
        "TILE_X": 22370,
        "TILE_Y": 51403,
        "TILEXYZ": [
          17,
          22370,
          51403
        ],
        "OUTPUT_FILE": "/Users/maples/GitHub/mortalitree_testing/notebooks/single_tiles/postfire/17/22370/51403.geojson",
        "OUTPUT_STATUS_DIR": "postfire",
        "FEATURE_COUNT": 212
      },
      "geometry": {
        "type": "Polygon",
        "coordinates": [
          [
            [
              -118.5582489400559,
              36.14831669330559
            ],
            [
              -118.55818190045677,
              36.14831420186923
            ],
            [
              -118.55818453352929,
              36.148267597403006
            ],
            [
              -118.55825157308904,
              36.148270088835126
            ],
            [
              -118.5582489400559,
              36.14831669330559
            ]
          ]
        ]
      }
    },
    {
      "id": "717",
      "type": "Feature",
      "properties": {
        "id": null,
        "SOURCE_FILE": "/Users/maples/GitHub/mortalitree_testing/labels/annayu_mortalitree_postfire_labels.geojson",
        "SUNETID": "annayu",
        "FIRENAME": "CASTLE",
        "FIRE_SLUG": "CASTLE",
        "PREFIRE": 0,
        "PREFIRE_STATUS": "postfire",
        "TILE_Z": 17,
        "TILE_X": 22370,
        "TILE_Y": 51403,
        "TILEXYZ": [
          17,
          22370,
          51403
        ],
        "OUTPUT_FILE": "/Users/maples/GitHub/mortalitree_testing/notebooks/single_tiles/postfire/17/22370/51403.geojson",
        "OUTPUT_STATUS_DIR": "postfire",
        "FEATURE_COUNT": 212
      },
      "geometry": {
        "type": "Polygon",
        "coordinates": [
          [
            [
              -118.55826611945827,
              36.14835235849108
            ],
            [
              -118.55820865691685,
              36.14835022298293
            ],
            [
              -118.55821085113406,
              36.1483113859266
            ],
            [
              -118.55826831364735,
              36.14831352143172
            ],
            [
              -118.55826611945827,
              36.14835235849108
            ]
          ]
        ]
      }
    },
    {
      "id": "718",
      "type": "Feature",
      "properties": {
        "id": null,
        "SOURCE_FILE": "/Users/maples/GitHub/mortalitree_testing/labels/annayu_mortalitree_postfire_labels.geojson",
        "SUNETID": "annayu",
        "FIRENAME": "CASTLE",
        "FIRE_SLUG": "CASTLE",
        "PREFIRE": 0,
        "PREFIRE_STATUS": "postfire",
        "TILE_Z": 17,
        "TILE_X": 22370,
        "TILE_Y": 51403,
        "TILEXYZ": [
          17,
          22370,
          51403
        ],
        "OUTPUT_FILE": "/Users/maples/GitHub/mortalitree_testing/notebooks/single_tiles/postfire/17/22370/51403.geojson",
        "OUTPUT_STATUS_DIR": "postfire",
        "FEATURE_COUNT": 212
      },
      "geometry": {
        "type": "Polygon",
        "coordinates": [
          [
            [
              -118.55825636162932,
              36.14827026679314
            ],
            [
              -118.55818932206901,
              36.14826777536368
            ],
            [
              -118.55819151628916,
              36.14822893830783
            ],
            [
              -118.55825855581662,
              36.14823142973376
            ],
            [
              -118.55825636162932,
              36.14827026679314
            ]
          ]
        ]
      }
    },
    {
      "id": "719",
      "type": "Feature",
      "properties": {
        "id": null,
        "SOURCE_FILE": "/Users/maples/GitHub/mortalitree_testing/labels/annayu_mortalitree_postfire_labels.geojson",
        "SUNETID": "annayu",
        "FIRENAME": "CASTLE",
        "FIRE_SLUG": "CASTLE",
        "PREFIRE": 0,
        "PREFIRE_STATUS": "postfire",
        "TILE_Z": 17,
        "TILE_X": 22370,
        "TILE_Y": 51403,
        "TILEXYZ": [
          17,
          22370,
          51403
        ],
        "OUTPUT_FILE": "/Users/maples/GitHub/mortalitree_testing/notebooks/single_tiles/postfire/17/22370/51403.geojson",
        "OUTPUT_STATUS_DIR": "postfire",
        "FEATURE_COUNT": 212
      },
      "geometry": {
        "type": "Polygon",
        "coordinates": [
          [
            [
              -118.55892003261461,
              36.148244334946526
            ],
            [
              -118.5588338388463,
              36.148241132152855
            ],
            [
              -118.55883866542133,
              36.14815569055425
            ],
            [
              -118.55892485909669,
              36.14815889333795
            ],
            [
              -118.55892003261461,
              36.148244334946526
            ]
          ]
        ]
      }
    },
    {
      "id": "720",
      "type": "Feature",
      "properties": {
        "id": null,
        "SOURCE_FILE": "/Users/maples/GitHub/mortalitree_testing/labels/annayu_mortalitree_postfire_labels.geojson",
        "SUNETID": "annayu",
        "FIRENAME": "CASTLE",
        "FIRE_SLUG": "CASTLE",
        "PREFIRE": 0,
        "PREFIRE_STATUS": "postfire",
        "TILE_Z": 17,
        "TILE_X": 22370,
        "TILE_Y": 51403,
        "TILEXYZ": [
          17,
          22370,
          51403
        ],
        "OUTPUT_FILE": "/Users/maples/GitHub/mortalitree_testing/notebooks/single_tiles/postfire/17/22370/51403.geojson",
        "OUTPUT_STATUS_DIR": "postfire",
        "FEATURE_COUNT": 212
      },
      "geometry": {
        "type": "Polygon",
        "coordinates": [
          [
            [
              -118.55895088187557,
              36.14837780451621
            ],
            [
              -118.55895395326935,
              36.14832343258262
            ],
            [
              -118.5589599609375,
              36.14832365581081
            ],
            [
              -118.5589599609375,
              36.14837814186926
            ],
            [
              -118.55895088187557,
              36.14837780451621
            ]
          ]
        ]
      }
    },
    {
      "id": "721",
      "type": "Feature",
      "properties": {
        "id": null,
        "SOURCE_FILE": "/Users/maples/GitHub/mortalitree_testing/labels/annayu_mortalitree_postfire_labels.geojson",
        "SUNETID": "annayu",
        "FIRENAME": "CASTLE",
        "FIRE_SLUG": "CASTLE",
        "PREFIRE": 0,
        "PREFIRE_STATUS": "postfire",
        "TILE_Z": 17,
        "TILE_X": 22370,
        "TILE_Y": 51403,
        "TILEXYZ": [
          17,
          22370,
          51403
        ],
        "OUTPUT_FILE": "/Users/maples/GitHub/mortalitree_testing/notebooks/single_tiles/postfire/17/22370/51403.geojson",
        "OUTPUT_STATUS_DIR": "postfire",
        "FEATURE_COUNT": 212
      },
      "geometry": {
        "type": "Polygon",
        "coordinates": [
          [
            [
              -118.55888709498994,
              36.14840267736659
            ],
            [
              -118.5588923603116,
              36.14830946834561
            ],
            [
              -118.5589599609375,
              36.14831198022546
            ],
            [
              -118.5589599609375,
              36.14840538489938
            ],
            [
              -118.55888709498994,
              36.14840267736659
            ]
          ]
        ]
      }
    },
    {
      "id": "722",
      "type": "Feature",
      "properties": {
        "id": null,
        "SOURCE_FILE": "/Users/maples/GitHub/mortalitree_testing/labels/annayu_mortalitree_postfire_labels.geojson",
        "SUNETID": "annayu",
        "FIRENAME": "CASTLE",
        "FIRE_SLUG": "CASTLE",
        "PREFIRE": 0,
        "PREFIRE_STATUS": "postfire",
        "TILE_Z": 17,
        "TILE_X": 22370,
        "TILE_Y": 51403,
        "TILEXYZ": [
          17,
          22370,
          51403
        ],
        "OUTPUT_FILE": "/Users/maples/GitHub/mortalitree_testing/notebooks/single_tiles/postfire/17/22370/51403.geojson",
        "OUTPUT_STATUS_DIR": "postfire",
        "FEATURE_COUNT": 212
      },
      "geometry": {
        "type": "Polygon",
        "coordinates": [
          [
            [
              -118.55893366419664,
              36.148427758945985
            ],
            [
              -118.55893629683536,
              36.14838115443301
            ],
            [
              -118.5589599609375,
              36.148382033728154
            ],
            [
              -118.5589599609375,
              36.14842873606407
            ],
            [
              -118.55893366419664,
              36.148427758945985
            ]
          ]
        ]
      }
    },
    {
      "id": "723",
      "type": "Feature",
      "properties": {
        "id": null,
        "SOURCE_FILE": "/Users/maples/GitHub/mortalitree_testing/labels/annayu_mortalitree_postfire_labels.geojson",
        "SUNETID": "annayu",
        "FIRENAME": "CASTLE",
        "FIRE_SLUG": "CASTLE",
        "PREFIRE": 0,
        "PREFIRE_STATUS": "postfire",
        "TILE_Z": 17,
        "TILE_X": 22370,
        "TILE_Y": 51403,
        "TILEXYZ": [
          17,
          22370,
          51403
        ],
        "OUTPUT_FILE": "/Users/maples/GitHub/mortalitree_testing/notebooks/single_tiles/postfire/17/22370/51403.geojson",
        "OUTPUT_STATUS_DIR": "postfire",
        "FEATURE_COUNT": 212
      },
      "geometry": {
        "type": "Polygon",
        "coordinates": [
          [
            [
              -118.55888402354114,
              36.148457049294514
            ],
            [
              -118.55888709498994,
              36.14840267736659
            ],
            [
              -118.5589599609375,
              36.148405384896456
            ],
            [
              -118.5589599609375,
              36.148459870955946
            ],
            [
              -118.55888402354114,
              36.148457049294514
            ]
          ]
        ]
      }
    },
    {
      "id": "724",
      "type": "Feature",
      "properties": {
        "id": null,
        "SOURCE_FILE": "/Users/maples/GitHub/mortalitree_testing/labels/annayu_mortalitree_postfire_labels.geojson",
        "SUNETID": "annayu",
        "FIRENAME": "CASTLE",
        "FIRE_SLUG": "CASTLE",
        "PREFIRE": 0,
        "PREFIRE_STATUS": "postfire",
        "TILE_Z": 17,
        "TILE_X": 22370,
        "TILE_Y": 51403,
        "TILEXYZ": [
          17,
          22370,
          51403
        ],
        "OUTPUT_FILE": "/Users/maples/GitHub/mortalitree_testing/notebooks/single_tiles/postfire/17/22370/51403.geojson",
        "OUTPUT_STATUS_DIR": "postfire",
        "FEATURE_COUNT": 212
      },
      "geometry": {
        "type": "Polygon",
        "coordinates": [
          [
            [
              -118.55889140676037,
              36.148496242252776
            ],
            [
              -118.55889447820849,
              36.14844187032466
            ],
            [
              -118.5589599609375,
              36.14844430351085
            ],
            [
              -118.5589599609375,
              36.14849878957014
            ],
            [
              -118.55889140676037,
              36.148496242252776
            ]
          ]
        ]
      }
    },
    {
      "id": "725",
      "type": "Feature",
      "properties": {
        "id": null,
        "SOURCE_FILE": "/Users/maples/GitHub/mortalitree_testing/labels/annayu_mortalitree_postfire_labels.geojson",
        "SUNETID": "annayu",
        "FIRENAME": "CASTLE",
        "FIRE_SLUG": "CASTLE",
        "PREFIRE": 0,
        "PREFIRE_STATUS": "postfire",
        "TILE_Z": 17,
        "TILE_X": 22370,
        "TILE_Y": 51403,
        "TILEXYZ": [
          17,
          22370,
          51403
        ],
        "OUTPUT_FILE": "/Users/maples/GitHub/mortalitree_testing/notebooks/single_tiles/postfire/17/22370/51403.geojson",
        "OUTPUT_STATUS_DIR": "postfire",
        "FEATURE_COUNT": 212
      },
      "geometry": {
        "type": "Polygon",
        "coordinates": [
          [
            [
              -118.55894079009529,
              36.148556455150064
            ],
            [
              -118.55888332735229,
              36.148554319955295
            ],
            [
              -118.5588863988125,
              36.148499948028295
            ],
            [
              -118.5589438615161,
              36.14850208321884
            ],
            [
              -118.55894079009529,
              36.148556455150064
            ]
          ]
        ]
      }
    },
    {
      "id": "726",
      "type": "Feature",
      "properties": {
        "id": null,
        "SOURCE_FILE": "/Users/maples/GitHub/mortalitree_testing/labels/annayu_mortalitree_postfire_labels.geojson",
        "SUNETID": "annayu",
        "FIRENAME": "CASTLE",
        "FIRE_SLUG": "CASTLE",
        "PREFIRE": 0,
        "PREFIRE_STATUS": "postfire",
        "TILE_Z": 17,
        "TILE_X": 22370,
        "TILE_Y": 51403,
        "TILEXYZ": [
          17,
          22370,
          51403
        ],
        "OUTPUT_FILE": "/Users/maples/GitHub/mortalitree_testing/notebooks/single_tiles/postfire/17/22370/51403.geojson",
        "OUTPUT_STATUS_DIR": "postfire",
        "FEATURE_COUNT": 212
      },
      "geometry": {
        "type": "Polygon",
        "coordinates": [
          [
            [
              -118.55888522580557,
              36.14869060563909
            ],
            [
              -118.55888917484235,
              36.14862069887709
            ],
            [
              -118.5589599609375,
              36.148623329132384
            ],
            [
              -118.5589599609375,
              36.14869338263651
            ],
            [
              -118.55888522580557,
              36.14869060563909
            ]
          ]
        ]
      }
    },
    {
      "id": "727",
      "type": "Feature",
      "properties": {
        "id": null,
        "SOURCE_FILE": "/Users/maples/GitHub/mortalitree_testing/labels/annayu_mortalitree_postfire_labels.geojson",
        "SUNETID": "annayu",
        "FIRENAME": "CASTLE",
        "FIRE_SLUG": "CASTLE",
        "PREFIRE": 0,
        "PREFIRE_STATUS": "postfire",
        "TILE_Z": 17,
        "TILE_X": 22370,
        "TILE_Y": 51403,
        "TILEXYZ": [
          17,
          22370,
          51403
        ],
        "OUTPUT_FILE": "/Users/maples/GitHub/mortalitree_testing/notebooks/single_tiles/postfire/17/22370/51403.geojson",
        "OUTPUT_STATUS_DIR": "postfire",
        "FEATURE_COUNT": 212
      },
      "geometry": {
        "type": "Polygon",
        "coordinates": [
          [
            [
              -118.55889692947079,
              36.14831352998743
            ],
            [
              -118.5588490440017,
              36.14831175065309
            ],
            [
              -118.55885167667934,
              36.14826514614459
            ],
            [
              -118.55889956212025,
              36.14826692547591
            ],
            [
              -118.55889692947079,
              36.14831352998743
            ]
          ]
        ]
      }
    },
    {
      "id": "728",
      "type": "Feature",
      "properties": {
        "id": null,
        "SOURCE_FILE": "/Users/maples/GitHub/mortalitree_testing/labels/annayu_mortalitree_postfire_labels.geojson",
        "SUNETID": "annayu",
        "FIRENAME": "CASTLE",
        "FIRE_SLUG": "CASTLE",
        "PREFIRE": 0,
        "PREFIRE_STATUS": "postfire",
        "TILE_Z": 17,
        "TILE_X": 22370,
        "TILE_Y": 51403,
        "TILEXYZ": [
          17,
          22370,
          51403
        ],
        "OUTPUT_FILE": "/Users/maples/GitHub/mortalitree_testing/notebooks/single_tiles/postfire/17/22370/51403.geojson",
        "OUTPUT_STATUS_DIR": "postfire",
        "FEATURE_COUNT": 212
      },
      "geometry": {
        "type": "Polygon",
        "coordinates": [
          [
            [
              -118.55883796921846,
              36.14825296121448
            ],
            [
              -118.55879966087538,
              36.1482515377317
            ],
            [
              -118.55880229357642,
              36.14820493322585
            ],
            [
              -118.55884060189695,
              36.1482063567062
            ],
            [
              -118.55883796921846,
              36.14825296121448
            ]
          ]
        ]
      }
    },
    {
      "id": "729",
      "type": "Feature",
      "properties": {
        "id": null,
        "SOURCE_FILE": "/Users/maples/GitHub/mortalitree_testing/labels/annayu_mortalitree_postfire_labels.geojson",
        "SUNETID": "annayu",
        "FIRENAME": "CASTLE",
        "FIRE_SLUG": "CASTLE",
        "PREFIRE": 0,
        "PREFIRE_STATUS": "postfire",
        "TILE_Z": 17,
        "TILE_X": 22370,
        "TILE_Y": 51403,
        "TILEXYZ": [
          17,
          22370,
          51403
        ],
        "OUTPUT_FILE": "/Users/maples/GitHub/mortalitree_testing/notebooks/single_tiles/postfire/17/22370/51403.geojson",
        "OUTPUT_STATUS_DIR": "postfire",
        "FEATURE_COUNT": 212
      },
      "geometry": {
        "type": "Polygon",
        "coordinates": [
          [
            [
              -118.55880163540172,
              36.14821658435236
            ],
            [
              -118.5587441729175,
              36.148214449108046
            ],
            [
              -118.55874812201064,
              36.14814454235389
            ],
            [
              -118.55880558444419,
              36.14814667759277
            ],
            [
              -118.55880163540172,
              36.14821658435236
            ]
          ]
        ]
      }
    },
    {
      "id": "730",
      "type": "Feature",
      "properties": {
        "id": null,
        "SOURCE_FILE": "/Users/maples/GitHub/mortalitree_testing/labels/annayu_mortalitree_postfire_labels.geojson",
        "SUNETID": "annayu",
        "FIRENAME": "CASTLE",
        "FIRE_SLUG": "CASTLE",
        "PREFIRE": 0,
        "PREFIRE_STATUS": "postfire",
        "TILE_Z": 17,
        "TILE_X": 22370,
        "TILE_Y": 51403,
        "TILEXYZ": [
          17,
          22370,
          51403
        ],
        "OUTPUT_FILE": "/Users/maples/GitHub/mortalitree_testing/notebooks/single_tiles/postfire/17/22370/51403.geojson",
        "OUTPUT_STATUS_DIR": "postfire",
        "FEATURE_COUNT": 212
      },
      "geometry": {
        "type": "Polygon",
        "coordinates": [
          [
            [
              -118.55691649005104,
              36.148119276919005
            ],
            [
              -118.55684945074135,
              36.148116784748424
            ],
            [
              -118.55685252355622,
              36.14806241296783
            ],
            [
              -118.5569195628199,
              36.14806490513348
            ],
            [
              -118.55691649005104,
              36.148119276919005
            ]
          ]
        ]
      }
    },
    {
      "id": "731",
      "type": "Feature",
      "properties": {
        "id": null,
        "SOURCE_FILE": "/Users/maples/GitHub/mortalitree_testing/labels/annayu_mortalitree_postfire_labels.geojson",
        "SUNETID": "annayu",
        "FIRENAME": "CASTLE",
        "FIRE_SLUG": "CASTLE",
        "PREFIRE": 0,
        "PREFIRE_STATUS": "postfire",
        "TILE_Z": 17,
        "TILE_X": 22370,
        "TILE_Y": 51403,
        "TILEXYZ": [
          17,
          22370,
          51403
        ],
        "OUTPUT_FILE": "/Users/maples/GitHub/mortalitree_testing/notebooks/single_tiles/postfire/17/22370/51403.geojson",
        "OUTPUT_STATUS_DIR": "postfire",
        "FEATURE_COUNT": 212
      },
      "geometry": {
        "type": "Polygon",
        "coordinates": [
          [
            [
              -118.55647718198729,
              36.14825083564115
            ],
            [
              -118.55638141144469,
              36.14824727502358
            ],
            [
              -118.5563849236184,
              36.148185135886614
            ],
            [
              -118.55648069408589,
              36.14818869649611
            ],
            [
              -118.55647718198729,
              36.14825083564115
            ]
          ]
        ]
      }
    },
    {
      "id": "732",
      "type": "Feature",
      "properties": {
        "id": null,
        "SOURCE_FILE": "/Users/maples/GitHub/mortalitree_testing/labels/annayu_mortalitree_postfire_labels.geojson",
        "SUNETID": "annayu",
        "FIRENAME": "CASTLE",
        "FIRE_SLUG": "CASTLE",
        "PREFIRE": 0,
        "PREFIRE_STATUS": "postfire",
        "TILE_Z": 17,
        "TILE_X": 22370,
        "TILE_Y": 51403,
        "TILEXYZ": [
          17,
          22370,
          51403
        ],
        "OUTPUT_FILE": "/Users/maples/GitHub/mortalitree_testing/notebooks/single_tiles/postfire/17/22370/51403.geojson",
        "OUTPUT_STATUS_DIR": "postfire",
        "FEATURE_COUNT": 212
      },
      "geometry": {
        "type": "Polygon",
        "coordinates": [
          [
            [
              -118.558903034342,
              36.14829040566397
            ],
            [
              -118.55890654453214,
              36.14822826631438
            ],
            [
              -118.5589599609375,
              36.14823025113819
            ],
            [
              -118.5589599609375,
              36.14829252092105
            ],
            [
              -118.558903034342,
              36.14829040566397
            ]
          ]
        ]
      }
    },
    {
      "id": "733",
      "type": "Feature",
      "properties": {
        "id": null,
        "SOURCE_FILE": "/Users/maples/GitHub/mortalitree_testing/labels/annayu_mortalitree_postfire_labels.geojson",
        "SUNETID": "annayu",
        "FIRENAME": "CASTLE",
        "FIRE_SLUG": "CASTLE",
        "PREFIRE": 0,
        "PREFIRE_STATUS": "postfire",
        "TILE_Z": 17,
        "TILE_X": 22370,
        "TILE_Y": 51403,
        "TILEXYZ": [
          17,
          22370,
          51403
        ],
        "OUTPUT_FILE": "/Users/maples/GitHub/mortalitree_testing/notebooks/single_tiles/postfire/17/22370/51403.geojson",
        "OUTPUT_STATUS_DIR": "postfire",
        "FEATURE_COUNT": 212
      },
      "geometry": {
        "type": "Polygon",
        "coordinates": [
          [
            [
              -118.55796434184268,
              36.14786115878656
            ],
            [
              -118.55792138052453,
              36.14785956209672
            ],
            [
              -118.55792433355461,
              36.14780729669111
            ],
            [
              -118.55796729484439,
              36.14780889337791
            ],
            [
              -118.55796434184268,
              36.14786115878656
            ]
          ]
        ]
      }
    },
    {
      "id": "734",
      "type": "Feature",
      "properties": {
        "id": null,
        "SOURCE_FILE": "/Users/maples/GitHub/mortalitree_testing/labels/annayu_mortalitree_postfire_labels.geojson",
        "SUNETID": "annayu",
        "FIRENAME": "CASTLE",
        "FIRE_SLUG": "CASTLE",
        "PREFIRE": 0,
        "PREFIRE_STATUS": "postfire",
        "TILE_Z": 17,
        "TILE_X": 22370,
        "TILE_Y": 51403,
        "TILEXYZ": [
          17,
          22370,
          51403
        ],
        "OUTPUT_FILE": "/Users/maples/GitHub/mortalitree_testing/notebooks/single_tiles/postfire/17/22370/51403.geojson",
        "OUTPUT_STATUS_DIR": "postfire",
        "FEATURE_COUNT": 212
      },
      "geometry": {
        "type": "Polygon",
        "coordinates": [
          [
            [
              -118.55769124579729,
              36.147741893800564
            ],
            [
              -118.55764828456014,
              36.14774029701727
            ],
            [
              -118.55765123775852,
              36.14768803163003
            ],
            [
              -118.55769419896733,
              36.14768962841028
            ],
            [
              -118.55769124579729,
              36.147741893800564
            ]
          ]
        ]
      }
    },
    {
      "id": "735",
      "type": "Feature",
      "properties": {
        "id": null,
        "SOURCE_FILE": "/Users/maples/GitHub/mortalitree_testing/labels/annayu_mortalitree_postfire_labels.geojson",
        "SUNETID": "annayu",
        "FIRENAME": "CASTLE",
        "FIRE_SLUG": "CASTLE",
        "PREFIRE": 0,
        "PREFIRE_STATUS": "postfire",
        "TILE_Z": 17,
        "TILE_X": 22370,
        "TILE_Y": 51403,
        "TILEXYZ": [
          17,
          22370,
          51403
        ],
        "OUTPUT_FILE": "/Users/maples/GitHub/mortalitree_testing/notebooks/single_tiles/postfire/17/22370/51403.geojson",
        "OUTPUT_STATUS_DIR": "postfire",
        "FEATURE_COUNT": 212
      },
      "geometry": {
        "type": "Polygon",
        "coordinates": [
          [
            [
              -118.55842961457054,
              36.14725894646144
            ],
            [
              -118.55838496787291,
              36.1472572873184
            ],
            [
              -118.55838792273649,
              36.14720498282313
            ],
            [
              -118.55843256940466,
              36.14720664196301
            ],
            [
              -118.55842961457054,
              36.14725894646144
            ]
          ]
        ]
      }
    },
    {
      "id": "736",
      "type": "Feature",
      "properties": {
        "id": null,
        "SOURCE_FILE": "/Users/maples/GitHub/mortalitree_testing/labels/annayu_mortalitree_postfire_labels.geojson",
        "SUNETID": "annayu",
        "FIRENAME": "CASTLE",
        "FIRE_SLUG": "CASTLE",
        "PREFIRE": 0,
        "PREFIRE_STATUS": "postfire",
        "TILE_Z": 17,
        "TILE_X": 22370,
        "TILE_Y": 51403,
        "TILEXYZ": [
          17,
          22370,
          51403
        ],
        "OUTPUT_FILE": "/Users/maples/GitHub/mortalitree_testing/notebooks/single_tiles/postfire/17/22370/51403.geojson",
        "OUTPUT_STATUS_DIR": "postfire",
        "FEATURE_COUNT": 212
      },
      "geometry": {
        "type": "Polygon",
        "coordinates": [
          [
            [
              -118.55883275504009,
              36.14760252447078
            ],
            [
              -118.55875338274602,
              36.147599575114846
            ],
            [
              -118.5587565646829,
              36.14754324717186
            ],
            [
              -118.55883593692054,
              36.14754619652174
            ],
            [
              -118.55883275504009,
              36.14760252447078
            ]
          ]
        ]
      }
    },
    {
      "id": "737",
      "type": "Feature",
      "properties": {
        "id": null,
        "SOURCE_FILE": "/Users/maples/GitHub/mortalitree_testing/labels/annayu_mortalitree_postfire_labels.geojson",
        "SUNETID": "annayu",
        "FIRENAME": "CASTLE",
        "FIRE_SLUG": "CASTLE",
        "PREFIRE": 0,
        "PREFIRE_STATUS": "postfire",
        "TILE_Z": 17,
        "TILE_X": 22370,
        "TILE_Y": 51403,
        "TILEXYZ": [
          17,
          22370,
          51403
        ],
        "OUTPUT_FILE": "/Users/maples/GitHub/mortalitree_testing/notebooks/single_tiles/postfire/17/22370/51403.geojson",
        "OUTPUT_STATUS_DIR": "postfire",
        "FEATURE_COUNT": 212
      },
      "geometry": {
        "type": "Polygon",
        "coordinates": [
          [
            [
              -118.5587932219064,
              36.14751033840863
            ],
            [
              -118.558743614282,
              36.14750849505497
            ],
            [
              -118.55874679621526,
              36.14745216711186
            ],
            [
              -118.55879640380442,
              36.14745401046174
            ],
            [
              -118.5587932219064,
              36.14751033840863
            ]
          ]
        ]
      }
    }
  ],
  "properties": {
    "SOURCE_FILE": "/Users/maples/GitHub/mortalitree_testing/labels/annayu_mortalitree_postfire_labels.geojson",
    "SUNETID": "annayu",
    "FIRENAME": "CASTLE",
    "FIRE_SLUG": "CASTLE",
    "PREFIRE": 0,
    "PREFIRE_STATUS": "postfire",
    "TILE_Z": 17,
    "TILE_X": 22370,
    "TILE_Y": 51403,
    "TILEXYZ": [
      17,
      22370,
      51403
    ],
    "OUTPUT_FILE": "/Users/maples/GitHub/mortalitree_testing/notebooks/single_tiles/postfire/17/22370/51403.geojson",
    "OUTPUT_STATUS_DIR": "postfire",
    "FEATURE_COUNT": 212
  }
}