{
  "type": "FeatureCollection",
  "features": [
    {
      "id": "525",
      "type": "Feature",
      "properties": {
        "id": null,
        "SOURCE_FILE": "/Users/maples/GitHub/mortalitree_testing/labels/annayu_mortalitree_prefire_labels.geojson",
        "SUNETID": "annayu",
        "FIRENAME": "CASTLE",
        "FIRE_SLUG": "CASTLE",
        "PREFIRE": 1,
        "PREFIRE_STATUS": "prefire",
        "TILE_Z": 17,
        "TILE_X": 22370,
        "TILE_Y": 51403,
        "TILEXYZ": [
          17,
          22370,
          51403
        ],
        "OUTPUT_FILE": "/Users/maples/GitHub/mortalitree_testing/notebooks/single_tiles/prefire/17/22370/51403.geojson",
        "OUTPUT_STATUS_DIR": "prefire",
        "FEATURE_COUNT": 458
      },
      "geometry": {
        "type": "Polygon",
        "coordinates": [
          [
            [
              -118.55732303966111,
              36.14734629496114
            ],
            [
              -118.55725505155793,
              36.14734376777287
            ],
            [
              -118.55725816751847,
              36.14728862593151
            ],
            [
              -118.55732615557436,
              36.147291153114715
            ],
            [
              -118.55732303966111,
              36.14734629496114
            ]
          ]
        ]
      }
    },
    {
      "id": "526",
      "type": "Feature",
      "properties": {
        "id": null,
        "SOURCE_FILE": "/Users/maples/GitHub/mortalitree_testing/labels/annayu_mortalitree_prefire_labels.geojson",
        "SUNETID": "annayu",
        "FIRENAME": "CASTLE",
        "FIRE_SLUG": "CASTLE",
        "PREFIRE": 1,
        "PREFIRE_STATUS": "prefire",
        "TILE_Z": 17,
        "TILE_X": 22370,
        "TILE_Y": 51403,
        "TILEXYZ": [
          17,
          22370,
          51403
        ],
        "OUTPUT_FILE": "/Users/maples/GitHub/mortalitree_testing/notebooks/single_tiles/prefire/17/22370/51403.geojson",
        "OUTPUT_STATUS_DIR": "prefire",
        "FEATURE_COUNT": 458
      },
      "geometry": {
        "type": "Polygon",
        "coordinates": [
          [
            [
              -118.55726732771434,
              36.14752841631133
            ],
            [
              -118.55718800808408,
              36.14752546787164
            ],
            [
              -118.55719164344946,
              36.147461135731135
            ],
            [
              -118.55727096301534,
              36.147464084163936
            ],
            [
              -118.55726732771434,
              36.14752841631133
            ]
          ]
        ]
      }
    },
    {
      "id": "527",
      "type": "Feature",
      "properties": {
        "id": null,
        "SOURCE_FILE": "/Users/maples/GitHub/mortalitree_testing/labels/annayu_mortalitree_prefire_labels.geojson",
        "SUNETID": "annayu",
        "FIRENAME": "CASTLE",
        "FIRE_SLUG": "CASTLE",
        "PREFIRE": 1,
        "PREFIRE_STATUS": "prefire",
        "TILE_Z": 17,
        "TILE_X": 22370,
        "TILE_Y": 51403,
        "TILEXYZ": [
          17,
          22370,
          51403
        ],
        "OUTPUT_FILE": "/Users/maples/GitHub/mortalitree_testing/notebooks/single_tiles/prefire/17/22370/51403.geojson",
        "OUTPUT_STATUS_DIR": "prefire",
        "FEATURE_COUNT": 458
      },
      "geometry": {
        "type": "Polygon",
        "coordinates": [
          [
            [
              -118.55741498875047,
              36.14732668871363
            ],
            [
              -118.5573470006557,
              36.14732416157873
            ],
            [
              -118.55735011654963,
              36.14726901973032
            ],
            [
              -118.55741810459712,
              36.14727154686013
            ],
            [
              -118.55741498875047,
              36.14732668871363
            ]
          ]
        ]
      }
    },
    {
      "id": "528",
      "type": "Feature",
      "properties": {
        "id": null,
        "SOURCE_FILE": "/Users/maples/GitHub/mortalitree_testing/labels/annayu_mortalitree_prefire_labels.geojson",
        "SUNETID": "annayu",
        "FIRENAME": "CASTLE",
        "FIRE_SLUG": "CASTLE",
        "PREFIRE": 1,
        "PREFIRE_STATUS": "prefire",
        "TILE_Z": 17,
        "TILE_X": 22370,
        "TILE_Y": 51403,
        "TILEXYZ": [
          17,
          22370,
          51403
        ],
        "OUTPUT_FILE": "/Users/maples/GitHub/mortalitree_testing/notebooks/single_tiles/prefire/17/22370/51403.geojson",
        "OUTPUT_STATUS_DIR": "prefire",
        "FEATURE_COUNT": 458
      },
      "geometry": {
        "type": "Polygon",
        "coordinates": [
          [
            [
              -118.55652668129893,
              36.14747325440131
            ],
            [
              -118.5564586931598,
              36.14747072675331
            ],
            [
              -118.55646180969224,
              36.14741558497286
            ],
            [
              -118.55652979778407,
              36.14741811261578
            ],
            [
              -118.55652668129893,
              36.14747325440131
            ]
          ]
        ]
      }
    },
    {
      "id": "529",
      "type": "Feature",
      "properties": {
        "id": null,
        "SOURCE_FILE": "/Users/maples/GitHub/mortalitree_testing/labels/annayu_mortalitree_prefire_labels.geojson",
        "SUNETID": "annayu",
        "FIRENAME": "CASTLE",
        "FIRE_SLUG": "CASTLE",
        "PREFIRE": 1,
        "PREFIRE_STATUS": "prefire",
        "TILE_Z": 17,
        "TILE_X": 22370,
        "TILE_Y": 51403,
        "TILEXYZ": [
          17,
          22370,
          51403
        ],
        "OUTPUT_FILE": "/Users/maples/GitHub/mortalitree_testing/notebooks/single_tiles/prefire/17/22370/51403.geojson",
        "OUTPUT_STATUS_DIR": "prefire",
        "FEATURE_COUNT": 458
      },
      "geometry": {
        "type": "Polygon",
        "coordinates": [
          [
            [
              -118.55647080364768,
              36.1474573625854
            ],
            [
              -118.55639148417488,
              36.14745441362311
            ],
            [
              -118.5563946007525,
              36.14739927184755
            ],
            [
              -118.55647392017009,
              36.147402220803926
            ],
            [
              -118.55647080364768,
              36.1474573625854
            ]
          ]
        ]
      }
    },
    {
      "id": "530",
      "type": "Feature",
      "properties": {
        "id": null,
        "SOURCE_FILE": "/Users/maples/GitHub/mortalitree_testing/labels/annayu_mortalitree_prefire_labels.geojson",
        "SUNETID": "annayu",
        "FIRENAME": "CASTLE",
        "FIRE_SLUG": "CASTLE",
        "PREFIRE": 1,
        "PREFIRE_STATUS": "prefire",
        "TILE_Z": 17,
        "TILE_X": 22370,
        "TILE_Y": 51403,
        "TILEXYZ": [
          17,
          22370,
          51403
        ],
        "OUTPUT_FILE": "/Users/maples/GitHub/mortalitree_testing/notebooks/single_tiles/prefire/17/22370/51403.geojson",
        "OUTPUT_STATUS_DIR": "prefire",
        "FEATURE_COUNT": 458
      },
      "geometry": {
        "type": "Polygon",
        "coordinates": [
          [
            [
              -118.55805435540682,
              36.146963648448974
            ],
            [
              -118.55799769887244,
              36.14696154282651
            ],
            [
              -118.55800081426956,
              36.14690640092596
            ],
            [
              -118.55805747076457,
              36.14690850654419
            ],
            [
              -118.55805435540682,
              36.146963648448974
            ]
          ]
        ]
      }
    },
    {
      "id": "531",
      "type": "Feature",
      "properties": {
        "id": null,
        "SOURCE_FILE": "/Users/maples/GitHub/mortalitree_testing/labels/annayu_mortalitree_prefire_labels.geojson",
        "SUNETID": "annayu",
        "FIRENAME": "CASTLE",
        "FIRE_SLUG": "CASTLE",
        "PREFIRE": 1,
        "PREFIRE_STATUS": "prefire",
        "TILE_Z": 17,
        "TILE_X": 22370,
        "TILE_Y": 51403,
        "TILEXYZ": [
          17,
          22370,
          51403
        ],
        "OUTPUT_FILE": "/Users/maples/GitHub/mortalitree_testing/notebooks/single_tiles/prefire/17/22370/51403.geojson",
        "OUTPUT_STATUS_DIR": "prefire",
        "FEATURE_COUNT": 458
      },
      "geometry": {
        "type": "Polygon",
        "coordinates": [
          [
            [
              -118.55833950081026,
              36.14684070595859
            ],
            [
              -118.55827151304943,
              36.14683817937767
            ],
            [
              -118.55827462824087,
              36.14678303745544
            ],
            [
              -118.55834261595437,
              36.14678556403128
            ],
            [
              -118.55833950081026,
              36.14684070595859
            ]
          ]
        ]
      }
    },
    {
      "id": "532",
      "type": "Feature",
      "properties": {
        "id": null,
        "SOURCE_FILE": "/Users/maples/GitHub/mortalitree_testing/labels/annayu_mortalitree_prefire_labels.geojson",
        "SUNETID": "annayu",
        "FIRENAME": "CASTLE",
        "FIRE_SLUG": "CASTLE",
        "PREFIRE": 1,
        "PREFIRE_STATUS": "prefire",
        "TILE_Z": 17,
        "TILE_X": 22370,
        "TILE_Y": 51403,
        "TILEXYZ": [
          17,
          22370,
          51403
        ],
        "OUTPUT_FILE": "/Users/maples/GitHub/mortalitree_testing/notebooks/single_tiles/prefire/17/22370/51403.geojson",
        "OUTPUT_STATUS_DIR": "prefire",
        "FEATURE_COUNT": 458
      },
      "geometry": {
        "type": "Polygon",
        "coordinates": [
          [
            [
              -118.55808393592588,
              36.1470430295104
            ],
            [
              -118.55799328537866,
              36.14703966051769
            ],
            [
              -118.55799743925564,
              36.14696613798485
            ],
            [
              -118.55808808971874,
              36.146969506968546
            ],
            [
              -118.55808393592588,
              36.1470430295104
            ]
          ]
        ]
      }
    },
    {
      "id": "533",
      "type": "Feature",
      "properties": {
        "id": null,
        "SOURCE_FILE": "/Users/maples/GitHub/mortalitree_testing/labels/annayu_mortalitree_prefire_labels.geojson",
        "SUNETID": "annayu",
        "FIRENAME": "CASTLE",
        "FIRE_SLUG": "CASTLE",
        "PREFIRE": 1,
        "PREFIRE_STATUS": "prefire",
        "TILE_Z": 17,
        "TILE_X": 22370,
        "TILE_Y": 51403,
        "TILEXYZ": [
          17,
          22370,
          51403
        ],
        "OUTPUT_FILE": "/Users/maples/GitHub/mortalitree_testing/notebooks/single_tiles/prefire/17/22370/51403.geojson",
        "OUTPUT_STATUS_DIR": "prefire",
        "FEATURE_COUNT": 458
      },
      "geometry": {
        "type": "Polygon",
        "coordinates": [
          [
            [
              -118.55837569475479,
              36.147104525031615
            ],
            [
              -118.55830770676292,
              36.14710199845543
            ],
            [
              -118.55831030276029,
              36.14705604685339
            ],
            [
              -118.55837829071275,
              36.14705857342535
            ],
            [
              -118.55837569475479,
              36.147104525031615
            ]
          ]
        ]
      }
    },
    {
      "id": "534",
      "type": "Feature",
      "properties": {
        "id": null,
        "SOURCE_FILE": "/Users/maples/GitHub/mortalitree_testing/labels/annayu_mortalitree_prefire_labels.geojson",
        "SUNETID": "annayu",
        "FIRENAME": "CASTLE",
        "FIRE_SLUG": "CASTLE",
        "PREFIRE": 1,
        "PREFIRE_STATUS": "prefire",
        "TILE_Z": 17,
        "TILE_X": 22370,
        "TILE_Y": 51403,
        "TILEXYZ": [
          17,
          22370,
          51403
        ],
        "OUTPUT_FILE": "/Users/maples/GitHub/mortalitree_testing/notebooks/single_tiles/prefire/17/22370/51403.geojson",
        "OUTPUT_STATUS_DIR": "prefire",
        "FEATURE_COUNT": 458
      },
      "geometry": {
        "type": "Polygon",
        "coordinates": [
          [
            [
              -118.55842434941363,
              36.147147776386575
            ],
            [
              -118.5583790240569,
              36.14714609202341
            ],
            [
              -118.55838162001689,
              36.14710014041726
            ],
            [
              -118.55842694534732,
              36.14710182477761
            ],
            [
              -118.55842434941363,
              36.147147776386575
            ]
          ]
        ]
      }
    },
    {
      "id": "535",
      "type": "Feature",
      "properties": {
        "id": null,
        "SOURCE_FILE": "/Users/maples/GitHub/mortalitree_testing/labels/annayu_mortalitree_prefire_labels.geojson",
        "SUNETID": "annayu",
        "FIRENAME": "CASTLE",
        "FIRE_SLUG": "CASTLE",
        "PREFIRE": 1,
        "PREFIRE_STATUS": "prefire",
        "TILE_Z": 17,
        "TILE_X": 22370,
        "TILE_Y": 51403,
        "TILEXYZ": [
          17,
          22370,
          51403
        ],
        "OUTPUT_FILE": "/Users/maples/GitHub/mortalitree_testing/notebooks/single_tiles/prefire/17/22370/51403.geojson",
        "OUTPUT_STATUS_DIR": "prefire",
        "FEATURE_COUNT": 458
      },
      "geometry": {
        "type": "Polygon",
        "coordinates": [
          [
            [
              -118.55830905028562,
              36.14697771857996
            ],
            [
              -118.55825239372149,
              36.14697561307729
            ],
            [
              -118.55825602814456,
              36.14691128083778
            ],
            [
              -118.55831268466271,
              36.14691338633552
            ],
            [
              -118.55830905028562,
              36.14697771857996
            ]
          ]
        ]
      }
    },
    {
      "id": "536",
      "type": "Feature",
      "properties": {
        "id": null,
        "SOURCE_FILE": "/Users/maples/GitHub/mortalitree_testing/labels/annayu_mortalitree_prefire_labels.geojson",
        "SUNETID": "annayu",
        "FIRENAME": "CASTLE",
        "FIRE_SLUG": "CASTLE",
        "PREFIRE": 1,
        "PREFIRE_STATUS": "prefire",
        "TILE_Z": 17,
        "TILE_X": 22370,
        "TILE_Y": 51403,
        "TILEXYZ": [
          17,
          22370,
          51403
        ],
        "OUTPUT_FILE": "/Users/maples/GitHub/mortalitree_testing/notebooks/single_tiles/prefire/17/22370/51403.geojson",
        "OUTPUT_STATUS_DIR": "prefire",
        "FEATURE_COUNT": 458
      },
      "geometry": {
        "type": "Polygon",
        "coordinates": [
          [
            [
              -118.55826705427806,
              36.147017601171
            ],
            [
              -118.55818773505432,
              36.147014653429174
            ],
            [
              -118.55819085032446,
              36.14695951151487
            ],
            [
              -118.55827016949306,
              36.146962459250766
            ],
            [
              -118.55826705427806,
              36.147017601171
            ]
          ]
        ]
      }
    },
    {
      "id": "537",
      "type": "Feature",
      "properties": {
        "id": null,
        "SOURCE_FILE": "/Users/maples/GitHub/mortalitree_testing/labels/annayu_mortalitree_prefire_labels.geojson",
        "SUNETID": "annayu",
        "FIRENAME": "CASTLE",
        "FIRE_SLUG": "CASTLE",
        "PREFIRE": 1,
        "PREFIRE_STATUS": "prefire",
        "TILE_Z": 17,
        "TILE_X": 22370,
        "TILE_Y": 51403,
        "TILEXYZ": [
          17,
          22370,
          51403
        ],
        "OUTPUT_FILE": "/Users/maples/GitHub/mortalitree_testing/notebooks/single_tiles/prefire/17/22370/51403.geojson",
        "OUTPUT_STATUS_DIR": "prefire",
        "FEATURE_COUNT": 458
      },
      "geometry": {
        "type": "Polygon",
        "coordinates": [
          [
            [
              -118.55818929269046,
              36.1469870824721
            ],
            [
              -118.55812130481719,
              36.146984555797154
            ],
            [
              -118.55812442013043,
              36.14692941388754
            ],
            [
              -118.5581924079564,
              36.14693194055743
            ],
            [
              -118.55818929269046,
              36.1469870824721
            ]
          ]
        ]
      }
    },
    {
      "id": "538",
      "type": "Feature",
      "properties": {
        "id": null,
        "SOURCE_FILE": "/Users/maples/GitHub/mortalitree_testing/labels/annayu_mortalitree_prefire_labels.geojson",
        "SUNETID": "annayu",
        "FIRENAME": "CASTLE",
        "FIRE_SLUG": "CASTLE",
        "PREFIRE": 1,
        "PREFIRE_STATUS": "prefire",
        "TILE_Z": 17,
        "TILE_X": 22370,
        "TILE_Y": 51403,
        "TILEXYZ": [
          17,
          22370,
          51403
        ],
        "OUTPUT_FILE": "/Users/maples/GitHub/mortalitree_testing/notebooks/single_tiles/prefire/17/22370/51403.geojson",
        "OUTPUT_STATUS_DIR": "prefire",
        "FEATURE_COUNT": 458
      },
      "geometry": {
        "type": "Polygon",
        "coordinates": [
          [
            [
              -118.55819002583146,
              36.147074601057355
            ],
            [
              -118.55811070655861,
              36.147071653260525
            ],
            [
              -118.55811330266802,
              36.14702570167057
            ],
            [
              -118.55819262189488,
              36.14702864946246
            ],
            [
              -118.55819002583146,
              36.147074601057355
            ]
          ]
        ]
      }
    },
    {
      "id": "539",
      "type": "Feature",
      "properties": {
        "id": null,
        "SOURCE_FILE": "/Users/maples/GitHub/mortalitree_testing/labels/annayu_mortalitree_prefire_labels.geojson",
        "SUNETID": "annayu",
        "FIRENAME": "CASTLE",
        "FIRE_SLUG": "CASTLE",
        "PREFIRE": 1,
        "PREFIRE_STATUS": "prefire",
        "TILE_Z": 17,
        "TILE_X": 22370,
        "TILE_Y": 51403,
        "TILEXYZ": [
          17,
          22370,
          51403
        ],
        "OUTPUT_FILE": "/Users/maples/GitHub/mortalitree_testing/notebooks/single_tiles/prefire/17/22370/51403.geojson",
        "OUTPUT_STATUS_DIR": "prefire",
        "FEATURE_COUNT": 458
      },
      "geometry": {
        "type": "Polygon",
        "coordinates": [
          [
            [
              -118.55825541775891,
              36.1471230792973
            ],
            [
              -118.5581760984302,
              36.147120131540404
            ],
            [
              -118.55817921372054,
              36.147064989627935
            ],
            [
              -118.55825853299406,
              36.147067937378914
            ],
            [
              -118.55825541775891,
              36.1471230792973
            ]
          ]
        ]
      }
    },
    {
      "id": "540",
      "type": "Feature",
      "properties": {
        "id": null,
        "SOURCE_FILE": "/Users/maples/GitHub/mortalitree_testing/labels/annayu_mortalitree_prefire_labels.geojson",
        "SUNETID": "annayu",
        "FIRENAME": "CASTLE",
        "FIRE_SLUG": "CASTLE",
        "PREFIRE": 1,
        "PREFIRE_STATUS": "prefire",
        "TILE_Z": 17,
        "TILE_X": 22370,
        "TILE_Y": 51403,
        "TILEXYZ": [
          17,
          22370,
          51403
        ],
        "OUTPUT_FILE": "/Users/maples/GitHub/mortalitree_testing/notebooks/single_tiles/prefire/17/22370/51403.geojson",
        "OUTPUT_STATUS_DIR": "prefire",
        "FEATURE_COUNT": 458
      },
      "geometry": {
        "type": "Polygon",
        "coordinates": [
          [
            [
              -118.55830662281642,
              36.14722168316871
            ],
            [
              -118.55823863472985,
              36.14721915654629
            ],
            [
              -118.55824174998769,
              36.14716401463004
            ],
            [
              -118.55830973802698,
              36.14716654124739
            ],
            [
              -118.55830662281642,
              36.14722168316871
            ]
          ]
        ]
      }
    },
    {
      "id": "541",
      "type": "Feature",
      "properties": {
        "id": null,
        "SOURCE_FILE": "/Users/maples/GitHub/mortalitree_testing/labels/annayu_mortalitree_prefire_labels.geojson",
        "SUNETID": "annayu",
        "FIRENAME": "CASTLE",
        "FIRE_SLUG": "CASTLE",
        "PREFIRE": 1,
        "PREFIRE_STATUS": "prefire",
        "TILE_Z": 17,
        "TILE_X": 22370,
        "TILE_Y": 51403,
        "TILEXYZ": [
          17,
          22370,
          51403
        ],
        "OUTPUT_FILE": "/Users/maples/GitHub/mortalitree_testing/notebooks/single_tiles/prefire/17/22370/51403.geojson",
        "OUTPUT_STATUS_DIR": "prefire",
        "FEATURE_COUNT": 458
      },
      "geometry": {
        "type": "Polygon",
        "coordinates": [
          [
            [
              -118.5583606835793,
              36.147269740262075
            ],
            [
              -118.55830402680115,
              36.14726763476924
            ],
            [
              -118.55830610361384,
              36.14723087348886
            ],
            [
              -118.55836276036568,
              36.147232978978884
            ],
            [
              -118.5583606835793,
              36.147269740262075
            ]
          ]
        ]
      }
    },
    {
      "id": "542",
      "type": "Feature",
      "properties": {
        "id": null,
        "SOURCE_FILE": "/Users/maples/GitHub/mortalitree_testing/labels/annayu_mortalitree_prefire_labels.geojson",
        "SUNETID": "annayu",
        "FIRENAME": "CASTLE",
        "FIRE_SLUG": "CASTLE",
        "PREFIRE": 1,
        "PREFIRE_STATUS": "prefire",
        "TILE_Z": 17,
        "TILE_X": 22370,
        "TILE_Y": 51403,
        "TILEXYZ": [
          17,
          22370,
          51403
        ],
        "OUTPUT_FILE": "/Users/maples/GitHub/mortalitree_testing/notebooks/single_tiles/prefire/17/22370/51403.geojson",
        "OUTPUT_STATUS_DIR": "prefire",
        "FEATURE_COUNT": 458
      },
      "geometry": {
        "type": "Polygon",
        "coordinates": [
          [
            [
              -118.55825277610106,
              36.14727033496258
            ],
            [
              -118.55817345662435,
              36.14726738719362
            ],
            [
              -118.55817709115067,
              36.147203054964145
            ],
            [
              -118.55825641056299,
              36.1472060027262
            ],
            [
              -118.55825277610106,
              36.14727033496258
            ]
          ]
        ]
      }
    },
    {
      "id": "543",
      "type": "Feature",
      "properties": {
        "id": null,
        "SOURCE_FILE": "/Users/maples/GitHub/mortalitree_testing/labels/annayu_mortalitree_prefire_labels.geojson",
        "SUNETID": "annayu",
        "FIRENAME": "CASTLE",
        "FIRE_SLUG": "CASTLE",
        "PREFIRE": 1,
        "PREFIRE_STATUS": "prefire",
        "TILE_Z": 17,
        "TILE_X": 22370,
        "TILE_Y": 51403,
        "TILEXYZ": [
          17,
          22370,
          51403
        ],
        "OUTPUT_FILE": "/Users/maples/GitHub/mortalitree_testing/notebooks/single_tiles/prefire/17/22370/51403.geojson",
        "OUTPUT_STATUS_DIR": "prefire",
        "FEATURE_COUNT": 458
      },
      "geometry": {
        "type": "Polygon",
        "coordinates": [
          [
            [
              -118.55800712102021,
              36.14719673815496
            ],
            [
              -118.5579504643218,
              36.147194632498504
            ],
            [
              -118.55795254129394,
              36.14715787123535
            ],
            [
              -118.55800919796606,
              36.14715997688899
            ],
            [
              -118.55800712102021,
              36.14719673815496
            ]
          ]
        ]
      }
    },
    {
      "id": "544",
      "type": "Feature",
      "properties": {
        "id": null,
        "SOURCE_FILE": "/Users/maples/GitHub/mortalitree_testing/labels/annayu_mortalitree_prefire_labels.geojson",
        "SUNETID": "annayu",
        "FIRENAME": "CASTLE",
        "FIRE_SLUG": "CASTLE",
        "PREFIRE": 1,
        "PREFIRE_STATUS": "prefire",
        "TILE_Z": 17,
        "TILE_X": 22370,
        "TILE_Y": 51403,
        "TILEXYZ": [
          17,
          22370,
          51403
        ],
        "OUTPUT_FILE": "/Users/maples/GitHub/mortalitree_testing/notebooks/single_tiles/prefire/17/22370/51403.geojson",
        "OUTPUT_STATUS_DIR": "prefire",
        "FEATURE_COUNT": 458
      },
      "geometry": {
        "type": "Polygon",
        "coordinates": [
          [
            [
              -118.55808665418157,
              36.14729639492231
            ],
            [
              -118.55802999740538,
              36.14729428929851
            ],
            [
              -118.55803259358301,
              36.1472483377153
            ],
            [
              -118.55808925032635,
              36.14725044333559
            ],
            [
              -118.55808665418157,
              36.14729639492231
            ]
          ]
        ]
      }
    },
    {
      "id": "545",
      "type": "Feature",
      "properties": {
        "id": null,
        "SOURCE_FILE": "/Users/maples/GitHub/mortalitree_testing/labels/annayu_mortalitree_prefire_labels.geojson",
        "SUNETID": "annayu",
        "FIRENAME": "CASTLE",
        "FIRE_SLUG": "CASTLE",
        "PREFIRE": 1,
        "PREFIRE_STATUS": "prefire",
        "TILE_Z": 17,
        "TILE_X": 22370,
        "TILE_Y": 51403,
        "TILEXYZ": [
          17,
          22370,
          51403
        ],
        "OUTPUT_FILE": "/Users/maples/GitHub/mortalitree_testing/notebooks/single_tiles/prefire/17/22370/51403.geojson",
        "OUTPUT_STATUS_DIR": "prefire",
        "FEATURE_COUNT": 458
      },
      "geometry": {
        "type": "Polygon",
        "coordinates": [
          [
            [
              -118.55796611722725,
              36.14731954402882
            ],
            [
              -118.5578754663764,
              36.147316174924825
            ],
            [
              -118.55787910115254,
              36.14725184272194
            ],
            [
              -118.55796975192983,
              36.14725521181806
            ],
            [
              -118.55796611722725,
              36.14731954402882
            ]
          ]
        ]
      }
    },
    {
      "id": "546",
      "type": "Feature",
      "properties": {
        "id": null,
        "SOURCE_FILE": "/Users/maples/GitHub/mortalitree_testing/labels/annayu_mortalitree_prefire_labels.geojson",
        "SUNETID": "annayu",
        "FIRENAME": "CASTLE",
        "FIRE_SLUG": "CASTLE",
        "PREFIRE": 1,
        "PREFIRE_STATUS": "prefire",
        "TILE_Z": 17,
        "TILE_X": 22370,
        "TILE_Y": 51403,
        "TILEXYZ": [
          17,
          22370,
          51403
        ],
        "OUTPUT_FILE": "/Users/maples/GitHub/mortalitree_testing/notebooks/single_tiles/prefire/17/22370/51403.geojson",
        "OUTPUT_STATUS_DIR": "prefire",
        "FEATURE_COUNT": 458
      },
      "geometry": {
        "type": "Polygon",
        "coordinates": [
          [
            [
              -118.55785046700632,
              36.147356689052486
            ],
            [
              -118.55777114748605,
              36.14735374101103
            ],
            [
              -118.55777426308649,
              36.14729859913106
            ],
            [
              -118.55785358255156,
              36.1473015471666
            ],
            [
              -118.55785046700632,
              36.147356689052486
            ]
          ]
        ]
      }
    },
    {
      "id": "547",
      "type": "Feature",
      "properties": {
        "id": null,
        "SOURCE_FILE": "/Users/maples/GitHub/mortalitree_testing/labels/annayu_mortalitree_prefire_labels.geojson",
        "SUNETID": "annayu",
        "FIRENAME": "CASTLE",
        "FIRE_SLUG": "CASTLE",
        "PREFIRE": 1,
        "PREFIRE_STATUS": "prefire",
        "TILE_Z": 17,
        "TILE_X": 22370,
        "TILE_Y": 51403,
        "TILEXYZ": [
          17,
          22370,
          51403
        ],
        "OUTPUT_FILE": "/Users/maples/GitHub/mortalitree_testing/notebooks/single_tiles/prefire/17/22370/51403.geojson",
        "OUTPUT_STATUS_DIR": "prefire",
        "FEATURE_COUNT": 458
      },
      "geometry": {
        "type": "Polygon",
        "coordinates": [
          [
            [
              -118.55723493855261,
              36.147398277809124
            ],
            [
              -118.55715561905687,
              36.147395329357074
            ],
            [
              -118.55715925443141,
              36.14733099721801
            ],
            [
              -118.55723857386278,
              36.147333945663156
            ],
            [
              -118.55723493855261,
              36.147398277809124
            ]
          ]
        ]
      }
    },
    {
      "id": "548",
      "type": "Feature",
      "properties": {
        "id": null,
        "SOURCE_FILE": "/Users/maples/GitHub/mortalitree_testing/labels/annayu_mortalitree_prefire_labels.geojson",
        "SUNETID": "annayu",
        "FIRENAME": "CASTLE",
        "FIRE_SLUG": "CASTLE",
        "PREFIRE": 1,
        "PREFIRE_STATUS": "prefire",
        "TILE_Z": 17,
        "TILE_X": 22370,
        "TILE_Y": 51403,
        "TILEXYZ": [
          17,
          22370,
          51403
        ],
        "OUTPUT_FILE": "/Users/maples/GitHub/mortalitree_testing/notebooks/single_tiles/prefire/17/22370/51403.geojson",
        "OUTPUT_STATUS_DIR": "prefire",
        "FEATURE_COUNT": 458
      },
      "geometry": {
        "type": "Polygon",
        "coordinates": [
          [
            [
              -118.55710177155225,
              36.14744398057247
            ],
            [
              -118.5570451147458,
              36.14744187447534
            ],
            [
              -118.55704771151194,
              36.147395922954814
            ],
            [
              -118.55710436828556,
              36.147398029048404
            ],
            [
              -118.55710177155225,
              36.14744398057247
            ]
          ]
        ]
      }
    },
    {
      "id": "549",
      "type": "Feature",
      "properties": {
        "id": null,
        "SOURCE_FILE": "/Users/maples/GitHub/mortalitree_testing/labels/annayu_mortalitree_prefire_labels.geojson",
        "SUNETID": "annayu",
        "FIRENAME": "CASTLE",
        "FIRE_SLUG": "CASTLE",
        "PREFIRE": 1,
        "PREFIRE_STATUS": "prefire",
        "TILE_Z": 17,
        "TILE_X": 22370,
        "TILE_Y": 51403,
        "TILEXYZ": [
          17,
          22370,
          51403
        ],
        "OUTPUT_FILE": "/Users/maples/GitHub/mortalitree_testing/notebooks/single_tiles/prefire/17/22370/51403.geojson",
        "OUTPUT_STATUS_DIR": "prefire",
        "FEATURE_COUNT": 458
      },
      "geometry": {
        "type": "Polygon",
        "coordinates": [
          [
            [
              -118.55657387247523,
              36.14734146952142
            ],
            [
              -118.55649455310801,
              36.147338520635515
            ],
            [
              -118.55649766960026,
              36.14728337885115
            ],
            [
              -118.55657698891228,
              36.147286327731145
            ],
            [
              -118.55657387247523,
              36.14734146952142
            ]
          ]
        ]
      }
    },
    {
      "id": "550",
      "type": "Feature",
      "properties": {
        "id": null,
        "SOURCE_FILE": "/Users/maples/GitHub/mortalitree_testing/labels/annayu_mortalitree_prefire_labels.geojson",
        "SUNETID": "annayu",
        "FIRENAME": "CASTLE",
        "FIRE_SLUG": "CASTLE",
        "PREFIRE": 1,
        "PREFIRE_STATUS": "prefire",
        "TILE_Z": 17,
        "TILE_X": 22370,
        "TILE_Y": 51403,
        "TILEXYZ": [
          17,
          22370,
          51403
        ],
        "OUTPUT_FILE": "/Users/maples/GitHub/mortalitree_testing/notebooks/single_tiles/prefire/17/22370/51403.geojson",
        "OUTPUT_STATUS_DIR": "prefire",
        "FEATURE_COUNT": 458
      },
      "geometry": {
        "type": "Polygon",
        "coordinates": [
          [
            [
              -118.55657322986774,
              36.14815649594608
            ],
            [
              -118.55645991531728,
              36.14815228315382
            ],
            [
              -118.55646510966137,
              36.14806038019628
            ],
            [
              -118.55657842408046,
              36.14806459297444
            ],
            [
              -118.55657322986774,
              36.14815649594608
            ]
          ]
        ]
      }
    },
    {
      "id": "551",
      "type": "Feature",
      "properties": {
        "id": null,
        "SOURCE_FILE": "/Users/maples/GitHub/mortalitree_testing/labels/annayu_mortalitree_prefire_labels.geojson",
        "SUNETID": "annayu",
        "FIRENAME": "CASTLE",
        "FIRE_SLUG": "CASTLE",
        "PREFIRE": 1,
        "PREFIRE_STATUS": "prefire",
        "TILE_Z": 17,
        "TILE_X": 22370,
        "TILE_Y": 51403,
        "TILEXYZ": [
          17,
          22370,
          51403
        ],
        "OUTPUT_FILE": "/Users/maples/GitHub/mortalitree_testing/notebooks/single_tiles/prefire/17/22370/51403.geojson",
        "OUTPUT_STATUS_DIR": "prefire",
        "FEATURE_COUNT": 458
      },
      "geometry": {
        "type": "Polygon",
        "coordinates": [
          [
            [
              -118.55650774226228,
              36.14831062459837
            ],
            [
              -118.55642842192636,
              36.14830767560084
            ],
            [
              -118.55643309689674,
              36.148224962944845
            ],
            [
              -118.5565124171499,
              36.14822791193349
            ],
            [
              -118.55650774226228,
              36.14831062459837
            ]
          ]
        ]
      }
    },
    {
      "id": "552",
      "type": "Feature",
      "properties": {
        "id": null,
        "SOURCE_FILE": "/Users/maples/GitHub/mortalitree_testing/labels/annayu_mortalitree_prefire_labels.geojson",
        "SUNETID": "annayu",
        "FIRENAME": "CASTLE",
        "FIRE_SLUG": "CASTLE",
        "PREFIRE": 1,
        "PREFIRE_STATUS": "prefire",
        "TILE_Z": 17,
        "TILE_X": 22370,
        "TILE_Y": 51403,
        "TILEXYZ": [
          17,
          22370,
          51403
        ],
        "OUTPUT_FILE": "/Users/maples/GitHub/mortalitree_testing/notebooks/single_tiles/prefire/17/22370/51403.geojson",
        "OUTPUT_STATUS_DIR": "prefire",
        "FEATURE_COUNT": 458
      },
      "geometry": {
        "type": "Polygon",
        "coordinates": [
          [
            [
              -118.55622943867974,
              36.148111480571046
            ],
            [
              -118.55621337890625,
              36.14811088346232
            ],
            [
              -118.55621337890625,
              36.148074045036324
            ],
            [
              -118.55623151652466,
              36.148074719399546
            ],
            [
              -118.55622943867974,
              36.148111480571046
            ]
          ]
        ]
      }
    },
    {
      "id": "553",
      "type": "Feature",
      "properties": {
        "id": null,
        "SOURCE_FILE": "/Users/maples/GitHub/mortalitree_testing/labels/annayu_mortalitree_prefire_labels.geojson",
        "SUNETID": "annayu",
        "FIRENAME": "CASTLE",
        "FIRE_SLUG": "CASTLE",
        "PREFIRE": 1,
        "PREFIRE_STATUS": "prefire",
        "TILE_Z": 17,
        "TILE_X": 22370,
        "TILE_Y": 51403,
        "TILEXYZ": [
          17,
          22370,
          51403
        ],
        "OUTPUT_FILE": "/Users/maples/GitHub/mortalitree_testing/notebooks/single_tiles/prefire/17/22370/51403.geojson",
        "OUTPUT_STATUS_DIR": "prefire",
        "FEATURE_COUNT": 458
      },
      "geometry": {
        "type": "Polygon",
        "coordinates": [
          [
            [
              -118.55626525111487,
              36.148080578457616
            ],
            [
              -118.55621992535451,
              36.148078893240005
            ],
            [
              -118.55622356158408,
              36.14801456119015
            ],
            [
              -118.55626888730764,
              36.14801624640382
            ],
            [
              -118.55626525111487,
              36.148080578457616
            ]
          ]
        ]
      }
    },
    {
      "id": "554",
      "type": "Feature",
      "properties": {
        "id": null,
        "SOURCE_FILE": "/Users/maples/GitHub/mortalitree_testing/labels/annayu_mortalitree_prefire_labels.geojson",
        "SUNETID": "annayu",
        "FIRENAME": "CASTLE",
        "FIRE_SLUG": "CASTLE",
        "PREFIRE": 1,
        "PREFIRE_STATUS": "prefire",
        "TILE_Z": 17,
        "TILE_X": 22370,
        "TILE_Y": 51403,
        "TILEXYZ": [
          17,
          22370,
          51403
        ],
        "OUTPUT_FILE": "/Users/maples/GitHub/mortalitree_testing/notebooks/single_tiles/prefire/17/22370/51403.geojson",
        "OUTPUT_STATUS_DIR": "prefire",
        "FEATURE_COUNT": 458
      },
      "geometry": {
        "type": "Polygon",
        "coordinates": [
          [
            [
              -118.55626244240781,
              36.14802982119313
            ],
            [
              -118.55621337890625,
              36.14802799699868
            ],
            [
              -118.55621337890625,
              36.14798194896615
            ],
            [
              -118.55626503968634,
              36.14798386972602
            ],
            [
              -118.55626244240781,
              36.14802982119313
            ]
          ]
        ]
      }
    },
    {
      "id": "555",
      "type": "Feature",
      "properties": {
        "id": null,
        "SOURCE_FILE": "/Users/maples/GitHub/mortalitree_testing/labels/annayu_mortalitree_prefire_labels.geojson",
        "SUNETID": "annayu",
        "FIRENAME": "CASTLE",
        "FIRE_SLUG": "CASTLE",
        "PREFIRE": 1,
        "PREFIRE_STATUS": "prefire",
        "TILE_Z": 17,
        "TILE_X": 22370,
        "TILE_Y": 51403,
        "TILEXYZ": [
          17,
          22370,
          51403
        ],
        "OUTPUT_FILE": "/Users/maples/GitHub/mortalitree_testing/notebooks/single_tiles/prefire/17/22370/51403.geojson",
        "OUTPUT_STATUS_DIR": "prefire",
        "FEATURE_COUNT": 458
      },
      "geometry": {
        "type": "Polygon",
        "coordinates": [
          [
            [
              -118.55682575519477,
              36.148409938540176
            ],
            [
              -118.55672377173515,
              36.14840614722419
            ],
            [
              -118.5567284464123,
              36.14832343453634
            ],
            [
              -118.55683042976547,
              36.14832722584088
            ],
            [
              -118.55682575519477,
              36.148409938540176
            ]
          ]
        ]
      }
    },
    {
      "id": "556",
      "type": "Feature",
      "properties": {
        "id": null,
        "SOURCE_FILE": "/Users/maples/GitHub/mortalitree_testing/labels/annayu_mortalitree_prefire_labels.geojson",
        "SUNETID": "annayu",
        "FIRENAME": "CASTLE",
        "FIRE_SLUG": "CASTLE",
        "PREFIRE": 1,
        "PREFIRE_STATUS": "prefire",
        "TILE_Z": 17,
        "TILE_X": 22370,
        "TILE_Y": 51403,
        "TILEXYZ": [
          17,
          22370,
          51403
        ],
        "OUTPUT_FILE": "/Users/maples/GitHub/mortalitree_testing/notebooks/single_tiles/prefire/17/22370/51403.geojson",
        "OUTPUT_STATUS_DIR": "prefire",
        "FEATURE_COUNT": 458
      },
      "geometry": {
        "type": "Polygon",
        "coordinates": [
          [
            [
              -118.55674523164713,
              36.148227357657234
            ],
            [
              -118.55667724283697,
              36.1482248300881
            ],
            [
              -118.55668191753195,
              36.148142117402955
            ],
            [
              -118.55674990627114,
              36.14814464496448
            ],
            [
              -118.55674523164713,
              36.148227357657234
            ]
          ]
        ]
      }
    },
    {
      "id": "557",
      "type": "Feature",
      "properties": {
        "id": null,
        "SOURCE_FILE": "/Users/maples/GitHub/mortalitree_testing/labels/annayu_mortalitree_prefire_labels.geojson",
        "SUNETID": "annayu",
        "FIRENAME": "CASTLE",
        "FIRE_SLUG": "CASTLE",
        "PREFIRE": 1,
        "PREFIRE_STATUS": "prefire",
        "TILE_Z": 17,
        "TILE_X": 22370,
        "TILE_Y": 51403,
        "TILEXYZ": [
          17,
          22370,
          51403
        ],
        "OUTPUT_FILE": "/Users/maples/GitHub/mortalitree_testing/notebooks/single_tiles/prefire/17/22370/51403.geojson",
        "OUTPUT_STATUS_DIR": "prefire",
        "FEATURE_COUNT": 458
      },
      "geometry": {
        "type": "Polygon",
        "coordinates": [
          [
            [
              -118.55676315093574,
              36.14791029232598
            ],
            [
              -118.55666116813163,
              36.14790650100163
            ],
            [
              -118.55666532338361,
              36.14783297861263
            ],
            [
              -118.5567673060931,
              36.14783676992681
            ],
            [
              -118.55676315093574,
              36.14791029232598
            ]
          ]
        ]
      }
    },
    {
      "id": "558",
      "type": "Feature",
      "properties": {
        "id": null,
        "SOURCE_FILE": "/Users/maples/GitHub/mortalitree_testing/labels/annayu_mortalitree_prefire_labels.geojson",
        "SUNETID": "annayu",
        "FIRENAME": "CASTLE",
        "FIRE_SLUG": "CASTLE",
        "PREFIRE": 1,
        "PREFIRE_STATUS": "prefire",
        "TILE_Z": 17,
        "TILE_X": 22370,
        "TILE_Y": 51403,
        "TILEXYZ": [
          17,
          22370,
          51403
        ],
        "OUTPUT_FILE": "/Users/maples/GitHub/mortalitree_testing/notebooks/single_tiles/prefire/17/22370/51403.geojson",
        "OUTPUT_STATUS_DIR": "prefire",
        "FEATURE_COUNT": 458
      },
      "geometry": {
        "type": "Polygon",
        "coordinates": [
          [
            [
              -118.55676652700225,
              36.147850555376756
            ],
            [
              -118.5566985385153,
              36.1478480278423
            ],
            [
              -118.5567011355222,
              36.14780207634655
            ],
            [
              -118.55676912396973,
              36.14780460387677
            ],
            [
              -118.55676652700225,
              36.147850555376756
            ]
          ]
        ]
      }
    },
    {
      "id": "559",
      "type": "Feature",
      "properties": {
        "id": null,
        "SOURCE_FILE": "/Users/maples/GitHub/mortalitree_testing/labels/annayu_mortalitree_prefire_labels.geojson",
        "SUNETID": "annayu",
        "FIRENAME": "CASTLE",
        "FIRE_SLUG": "CASTLE",
        "PREFIRE": 1,
        "PREFIRE_STATUS": "prefire",
        "TILE_Z": 17,
        "TILE_X": 22370,
        "TILE_Y": 51403,
        "TILEXYZ": [
          17,
          22370,
          51403
        ],
        "OUTPUT_FILE": "/Users/maples/GitHub/mortalitree_testing/notebooks/single_tiles/prefire/17/22370/51403.geojson",
        "OUTPUT_STATUS_DIR": "prefire",
        "FEATURE_COUNT": 458
      },
      "geometry": {
        "type": "Polygon",
        "coordinates": [
          [
            [
              -118.55702075215203,
              36.14777251479426
            ],
            [
              -118.55695276370892,
              36.14776998740883
            ],
            [
              -118.55695536056012,
              36.14772403589657
            ],
            [
              -118.55702334896378,
              36.14772656327779
            ],
            [
              -118.55702075215203,
              36.14777251479426
            ]
          ]
        ]
      }
    },
    {
      "id": "560",
      "type": "Feature",
      "properties": {
        "id": null,
        "SOURCE_FILE": "/Users/maples/GitHub/mortalitree_testing/labels/annayu_mortalitree_prefire_labels.geojson",
        "SUNETID": "annayu",
        "FIRENAME": "CASTLE",
        "FIRE_SLUG": "CASTLE",
        "PREFIRE": 1,
        "PREFIRE_STATUS": "prefire",
        "TILE_Z": 17,
        "TILE_X": 22370,
        "TILE_Y": 51403,
        "TILEXYZ": [
          17,
          22370,
          51403
        ],
        "OUTPUT_FILE": "/Users/maples/GitHub/mortalitree_testing/notebooks/single_tiles/prefire/17/22370/51403.geojson",
        "OUTPUT_STATUS_DIR": "prefire",
        "FEATURE_COUNT": 458
      },
      "geometry": {
        "type": "Polygon",
        "coordinates": [
          [
            [
              -118.55702278231425,
              36.14783705753067
            ],
            [
              -118.55696612523117,
              36.14783495137654
            ],
            [
              -118.55696872208071,
              36.14778899986397
            ],
            [
              -118.55702537913095,
              36.14779110601457
            ],
            [
              -118.55702278231425,
              36.14783705753067
            ]
          ]
        ]
      }
    },
    {
      "id": "561",
      "type": "Feature",
      "properties": {
        "id": null,
        "SOURCE_FILE": "/Users/maples/GitHub/mortalitree_testing/labels/annayu_mortalitree_prefire_labels.geojson",
        "SUNETID": "annayu",
        "FIRENAME": "CASTLE",
        "FIRE_SLUG": "CASTLE",
        "PREFIRE": 1,
        "PREFIRE_STATUS": "prefire",
        "TILE_Z": 17,
        "TILE_X": 22370,
        "TILE_Y": 51403,
        "TILEXYZ": [
          17,
          22370,
          51403
        ],
        "OUTPUT_FILE": "/Users/maples/GitHub/mortalitree_testing/notebooks/single_tiles/prefire/17/22370/51403.geojson",
        "OUTPUT_STATUS_DIR": "prefire",
        "FEATURE_COUNT": 458
      },
      "geometry": {
        "type": "Polygon",
        "coordinates": [
          [
            [
              -118.55698416109205,
              36.14781720262018
            ],
            [
              -118.55690484120154,
              36.14781425397273
            ],
            [
              -118.55690847683658,
              36.147749921860125
            ],
            [
              -118.55698779666271,
              36.14775287050066
            ],
            [
              -118.55698416109205,
              36.14781720262018
            ]
          ]
        ]
      }
    },
    {
      "id": "562",
      "type": "Feature",
      "properties": {
        "id": null,
        "SOURCE_FILE": "/Users/maples/GitHub/mortalitree_testing/labels/annayu_mortalitree_prefire_labels.geojson",
        "SUNETID": "annayu",
        "FIRENAME": "CASTLE",
        "FIRE_SLUG": "CASTLE",
        "PREFIRE": 1,
        "PREFIRE_STATUS": "prefire",
        "TILE_Z": 17,
        "TILE_X": 22370,
        "TILE_Y": 51403,
        "TILEXYZ": [
          17,
          22370,
          51403
        ],
        "OUTPUT_FILE": "/Users/maples/GitHub/mortalitree_testing/notebooks/single_tiles/prefire/17/22370/51403.geojson",
        "OUTPUT_STATUS_DIR": "prefire",
        "FEATURE_COUNT": 458
      },
      "geometry": {
        "type": "Polygon",
        "coordinates": [
          [
            [
              -118.55788000127995,
              36.14753737418719
            ],
            [
              -118.55776668741868,
              36.14753316269326
            ],
            [
              -118.55777239938952,
              36.14743206924975
            ],
            [
              -118.55788571310627,
              36.147436280728186
            ],
            [
              -118.55788000127995,
              36.14753737418719
            ]
          ]
        ]
      }
    },
    {
      "id": "563",
      "type": "Feature",
      "properties": {
        "id": null,
        "SOURCE_FILE": "/Users/maples/GitHub/mortalitree_testing/labels/annayu_mortalitree_prefire_labels.geojson",
        "SUNETID": "annayu",
        "FIRENAME": "CASTLE",
        "FIRE_SLUG": "CASTLE",
        "PREFIRE": 1,
        "PREFIRE_STATUS": "prefire",
        "TILE_Z": 17,
        "TILE_X": 22370,
        "TILE_Y": 51403,
        "TILEXYZ": [
          17,
          22370,
          51403
        ],
        "OUTPUT_FILE": "/Users/maples/GitHub/mortalitree_testing/notebooks/single_tiles/prefire/17/22370/51403.geojson",
        "OUTPUT_STATUS_DIR": "prefire",
        "FEATURE_COUNT": 458
      },
      "geometry": {
        "type": "Polygon",
        "coordinates": [
          [
            [
              -118.55828932060908,
              36.147326950746475
            ],
            [
              -118.55821000107142,
              36.14732400299776
            ],
            [
              -118.55821311636126,
              36.14726886108463
            ],
            [
              -118.55829243584374,
              36.147271808827426
            ],
            [
              -118.55828932060908,
              36.147326950746475
            ]
          ]
        ]
      }
    },
    {
      "id": "564",
      "type": "Feature",
      "properties": {
        "id": null,
        "SOURCE_FILE": "/Users/maples/GitHub/mortalitree_testing/labels/annayu_mortalitree_prefire_labels.geojson",
        "SUNETID": "annayu",
        "FIRENAME": "CASTLE",
        "FIRE_SLUG": "CASTLE",
        "PREFIRE": 1,
        "PREFIRE_STATUS": "prefire",
        "TILE_Z": 17,
        "TILE_X": 22370,
        "TILE_Y": 51403,
        "TILEXYZ": [
          17,
          22370,
          51403
        ],
        "OUTPUT_FILE": "/Users/maples/GitHub/mortalitree_testing/notebooks/single_tiles/prefire/17/22370/51403.geojson",
        "OUTPUT_STATUS_DIR": "prefire",
        "FEATURE_COUNT": 458
      },
      "geometry": {
        "type": "Polygon",
        "coordinates": [
          [
            [
              -118.55803431906891,
              36.14741877969939
            ],
            [
              -118.55794366809542,
              36.14741541063909
            ],
            [
              -118.5579483413223,
              36.14733269780034
            ],
            [
              -118.55803899220116,
              36.147336066850485
            ],
            [
              -118.55803431906891,
              36.14741877969939
            ]
          ]
        ]
      }
    },
    {
      "id": "565",
      "type": "Feature",
      "properties": {
        "id": null,
        "SOURCE_FILE": "/Users/maples/GitHub/mortalitree_testing/labels/annayu_mortalitree_prefire_labels.geojson",
        "SUNETID": "annayu",
        "FIRENAME": "CASTLE",
        "FIRE_SLUG": "CASTLE",
        "PREFIRE": 1,
        "PREFIRE_STATUS": "prefire",
        "TILE_Z": 17,
        "TILE_X": 22370,
        "TILE_Y": 51403,
        "TILEXYZ": [
          17,
          22370,
          51403
        ],
        "OUTPUT_FILE": "/Users/maples/GitHub/mortalitree_testing/notebooks/single_tiles/prefire/17/22370/51403.geojson",
        "OUTPUT_STATUS_DIR": "prefire",
        "FEATURE_COUNT": 458
      },
      "geometry": {
        "type": "Polygon",
        "coordinates": [
          [
            [
              -118.5579256325382,
              36.14743315956285
            ],
            [
              -118.55785764430432,
              36.14743063271146
            ],
            [
              -118.55786075985294,
              36.147375490825745
            ],
            [
              -118.55792874803954,
              36.147378017672054
            ],
            [
              -118.5579256325382,
              36.14743315956285
            ]
          ]
        ]
      }
    },
    {
      "id": "566",
      "type": "Feature",
      "properties": {
        "id": null,
        "SOURCE_FILE": "/Users/maples/GitHub/mortalitree_testing/labels/annayu_mortalitree_prefire_labels.geojson",
        "SUNETID": "annayu",
        "FIRENAME": "CASTLE",
        "FIRE_SLUG": "CASTLE",
        "PREFIRE": 1,
        "PREFIRE_STATUS": "prefire",
        "TILE_Z": 17,
        "TILE_X": 22370,
        "TILE_Y": 51403,
        "TILEXYZ": [
          17,
          22370,
          51403
        ],
        "OUTPUT_FILE": "/Users/maples/GitHub/mortalitree_testing/notebooks/single_tiles/prefire/17/22370/51403.geojson",
        "OUTPUT_STATUS_DIR": "prefire",
        "FEATURE_COUNT": 458
      },
      "geometry": {
        "type": "Polygon",
        "coordinates": [
          [
            [
              -118.55856684858838,
              36.14753987564066
            ],
            [
              -118.55846486601371,
              36.14753608588562
            ],
            [
              -118.55846901952596,
              36.14746256331171
            ],
            [
              -118.55857100200606,
              36.14746635305663
            ],
            [
              -118.55856684858838,
              36.14753987564066
            ]
          ]
        ]
      }
    },
    {
      "id": "567",
      "type": "Feature",
      "properties": {
        "id": null,
        "SOURCE_FILE": "/Users/maples/GitHub/mortalitree_testing/labels/annayu_mortalitree_prefire_labels.geojson",
        "SUNETID": "annayu",
        "FIRENAME": "CASTLE",
        "FIRE_SLUG": "CASTLE",
        "PREFIRE": 1,
        "PREFIRE_STATUS": "prefire",
        "TILE_Z": 17,
        "TILE_X": 22370,
        "TILE_Y": 51403,
        "TILEXYZ": [
          17,
          22370,
          51403
        ],
        "OUTPUT_FILE": "/Users/maples/GitHub/mortalitree_testing/notebooks/single_tiles/prefire/17/22370/51403.geojson",
        "OUTPUT_STATUS_DIR": "prefire",
        "FEATURE_COUNT": 458
      },
      "geometry": {
        "type": "Polygon",
        "coordinates": [
          [
            [
              -118.55803537075629,
              36.14850555317831
            ],
            [
              -118.5579787131144,
              36.148503447469835
            ],
            [
              -118.55798234796411,
              36.14843911527068
            ],
            [
              -118.55803900556002,
              36.14844122097423
            ],
            [
              -118.55803537075629,
              36.14850555317831
            ]
          ]
        ]
      }
    },
    {
      "id": "568",
      "type": "Feature",
      "properties": {
        "id": null,
        "SOURCE_FILE": "/Users/maples/GitHub/mortalitree_testing/labels/annayu_mortalitree_prefire_labels.geojson",
        "SUNETID": "annayu",
        "FIRENAME": "CASTLE",
        "FIRE_SLUG": "CASTLE",
        "PREFIRE": 1,
        "PREFIRE_STATUS": "prefire",
        "TILE_Z": 17,
        "TILE_X": 22370,
        "TILE_Y": 51403,
        "TILEXYZ": [
          17,
          22370,
          51403
        ],
        "OUTPUT_FILE": "/Users/maples/GitHub/mortalitree_testing/notebooks/single_tiles/prefire/17/22370/51403.geojson",
        "OUTPUT_STATUS_DIR": "prefire",
        "FEATURE_COUNT": 458
      },
      "geometry": {
        "type": "Polygon",
        "coordinates": [
          [
            [
              -118.55766034525357,
              36.14861133962706
            ],
            [
              -118.5575923560274,
              36.148608812554436
            ],
            [
              -118.55759495258516,
              36.148562861008635
            ],
            [
              -118.55766294177195,
              36.148565388077046
            ],
            [
              -118.55766034525357,
              36.14861133962706
            ]
          ]
        ]
      }
    },
    {
      "id": "569",
      "type": "Feature",
      "properties": {
        "id": null,
        "SOURCE_FILE": "/Users/maples/GitHub/mortalitree_testing/labels/annayu_mortalitree_prefire_labels.geojson",
        "SUNETID": "annayu",
        "FIRENAME": "CASTLE",
        "FIRE_SLUG": "CASTLE",
        "PREFIRE": 1,
        "PREFIRE_STATUS": "prefire",
        "TILE_Z": 17,
        "TILE_X": 22370,
        "TILE_Y": 51403,
        "TILEXYZ": [
          17,
          22370,
          51403
        ],
        "OUTPUT_FILE": "/Users/maples/GitHub/mortalitree_testing/notebooks/single_tiles/prefire/17/22370/51403.geojson",
        "OUTPUT_STATUS_DIR": "prefire",
        "FEATURE_COUNT": 458
      },
      "geometry": {
        "type": "Polygon",
        "coordinates": [
          [
            [
              -118.55802061792059,
              36.14866617311326
            ],
            [
              -118.55795262861378,
              36.148663646241886
            ],
            [
              -118.55795626350609,
              36.14859931404672
            ],
            [
              -118.55802425275773,
              36.14860184091218
            ],
            [
              -118.55802061792059,
              36.14866617311326
            ]
          ]
        ]
      }
    },
    {
      "id": "570",
      "type": "Feature",
      "properties": {
        "id": null,
        "SOURCE_FILE": "/Users/maples/GitHub/mortalitree_testing/labels/annayu_mortalitree_prefire_labels.geojson",
        "SUNETID": "annayu",
        "FIRENAME": "CASTLE",
        "FIRE_SLUG": "CASTLE",
        "PREFIRE": 1,
        "PREFIRE_STATUS": "prefire",
        "TILE_Z": 17,
        "TILE_X": 22370,
        "TILE_Y": 51403,
        "TILEXYZ": [
          17,
          22370,
          51403
        ],
        "OUTPUT_FILE": "/Users/maples/GitHub/mortalitree_testing/notebooks/single_tiles/prefire/17/22370/51403.geojson",
        "OUTPUT_STATUS_DIR": "prefire",
        "FEATURE_COUNT": 458
      },
      "geometry": {
        "type": "Polygon",
        "coordinates": [
          [
            [
              -118.5581228615224,
              36.14866536819042
            ],
            [
              -118.55807753531107,
              36.148663683652515
            ],
            [
              -118.55808013159107,
              36.14861773207683
            ],
            [
              -118.55812545777611,
              36.148619416611936
            ],
            [
              -118.5581228615224,
              36.14866536819042
            ]
          ]
        ]
      }
    },
    {
      "id": "571",
      "type": "Feature",
      "properties": {
        "id": null,
        "SOURCE_FILE": "/Users/maples/GitHub/mortalitree_testing/labels/annayu_mortalitree_prefire_labels.geojson",
        "SUNETID": "annayu",
        "FIRENAME": "CASTLE",
        "FIRE_SLUG": "CASTLE",
        "PREFIRE": 1,
        "PREFIRE_STATUS": "prefire",
        "TILE_Z": 17,
        "TILE_X": 22370,
        "TILE_Y": 51403,
        "TILEXYZ": [
          17,
          22370,
          51403
        ],
        "OUTPUT_FILE": "/Users/maples/GitHub/mortalitree_testing/notebooks/single_tiles/prefire/17/22370/51403.geojson",
        "OUTPUT_STATUS_DIR": "prefire",
        "FEATURE_COUNT": 458
      },
      "geometry": {
        "type": "Polygon",
        "coordinates": [
          [
            [
              -118.55799894719638,
              36.1487482542256
            ],
            [
              -118.55789696313606,
              36.14874446387829
            ],
            [
              -118.5579005980846,
              36.148680131688856
            ],
            [
              -118.55800258206216,
              36.1486839220273
            ],
            [
              -118.55799894719638,
              36.1487482542256
            ]
          ]
        ]
      }
    },
    {
      "id": "572",
      "type": "Feature",
      "properties": {
        "id": null,
        "SOURCE_FILE": "/Users/maples/GitHub/mortalitree_testing/labels/annayu_mortalitree_prefire_labels.geojson",
        "SUNETID": "annayu",
        "FIRENAME": "CASTLE",
        "FIRE_SLUG": "CASTLE",
        "PREFIRE": 1,
        "PREFIRE_STATUS": "prefire",
        "TILE_Z": 17,
        "TILE_X": 22370,
        "TILE_Y": 51403,
        "TILEXYZ": [
          17,
          22370,
          51403
        ],
        "OUTPUT_FILE": "/Users/maples/GitHub/mortalitree_testing/notebooks/single_tiles/prefire/17/22370/51403.geojson",
        "OUTPUT_STATUS_DIR": "prefire",
        "FEATURE_COUNT": 458
      },
      "geometry": {
        "type": "Polygon",
        "coordinates": [
          [
            [
              -118.55756865432384,
              36.14862635080595
            ],
            [
              -118.55748933355555,
              36.14862340248903
            ],
            [
              -118.55749296882088,
              36.14855907033397
            ],
            [
              -118.5575722895248,
              36.148562018643986
            ],
            [
              -118.55756865432384,
              36.14862635080595
            ]
          ]
        ]
      }
    },
    {
      "id": "573",
      "type": "Feature",
      "properties": {
        "id": null,
        "SOURCE_FILE": "/Users/maples/GitHub/mortalitree_testing/labels/annayu_mortalitree_prefire_labels.geojson",
        "SUNETID": "annayu",
        "FIRENAME": "CASTLE",
        "FIRE_SLUG": "CASTLE",
        "PREFIRE": 1,
        "PREFIRE_STATUS": "prefire",
        "TILE_Z": 17,
        "TILE_X": 22370,
        "TILE_Y": 51403,
        "TILEXYZ": [
          17,
          22370,
          51403
        ],
        "OUTPUT_FILE": "/Users/maples/GitHub/mortalitree_testing/notebooks/single_tiles/prefire/17/22370/51403.geojson",
        "OUTPUT_STATUS_DIR": "prefire",
        "FEATURE_COUNT": 458
      },
      "geometry": {
        "type": "Polygon",
        "coordinates": [
          [
            [
              -118.55706241824839,
              36.1484417603646
            ],
            [
              -118.55699442922385,
              36.14843923296268
            ],
            [
              -118.55699702611432,
              36.14839328145297
            ],
            [
              -118.55706501509944,
              36.14839580885066
            ],
            [
              -118.55706241824839,
              36.1484417603646
            ]
          ]
        ]
      }
    },
    {
      "id": "574",
      "type": "Feature",
      "properties": {
        "id": null,
        "SOURCE_FILE": "/Users/maples/GitHub/mortalitree_testing/labels/annayu_mortalitree_prefire_labels.geojson",
        "SUNETID": "annayu",
        "FIRENAME": "CASTLE",
        "FIRE_SLUG": "CASTLE",
        "PREFIRE": 1,
        "PREFIRE_STATUS": "prefire",
        "TILE_Z": 17,
        "TILE_X": 22370,
        "TILE_Y": 51403,
        "TILEXYZ": [
          17,
          22370,
          51403
        ],
        "OUTPUT_FILE": "/Users/maples/GitHub/mortalitree_testing/notebooks/single_tiles/prefire/17/22370/51403.geojson",
        "OUTPUT_STATUS_DIR": "prefire",
        "FEATURE_COUNT": 458
      },
      "geometry": {
        "type": "Polygon",
        "coordinates": [
          [
            [
              -118.5570041551822,
              36.1485685290442
            ],
            [
              -118.55693616605363,
              36.148566001601594
            ],
            [
              -118.5569398017631,
              36.14850166949431
            ],
            [
              -118.55700779083648,
              36.14850419693098
            ],
            [
              -118.5570041551822,
              36.1485685290442
            ]
          ]
        ]
      }
    },
    {
      "id": "575",
      "type": "Feature",
      "properties": {
        "id": null,
        "SOURCE_FILE": "/Users/maples/GitHub/mortalitree_testing/labels/annayu_mortalitree_prefire_labels.geojson",
        "SUNETID": "annayu",
        "FIRENAME": "CASTLE",
        "FIRE_SLUG": "CASTLE",
        "PREFIRE": 1,
        "PREFIRE_STATUS": "prefire",
        "TILE_Z": 17,
        "TILE_X": 22370,
        "TILE_Y": 51403,
        "TILEXYZ": [
          17,
          22370,
          51403
        ],
        "OUTPUT_FILE": "/Users/maples/GitHub/mortalitree_testing/notebooks/single_tiles/prefire/17/22370/51403.geojson",
        "OUTPUT_STATUS_DIR": "prefire",
        "FEATURE_COUNT": 458
      },
      "geometry": {
        "type": "Polygon",
        "coordinates": [
          [
            [
              -118.55746213700498,
              36.14840136092978
            ],
            [
              -118.55737148497133,
              36.14839799135782
            ],
            [
              -118.55737512030294,
              36.148333659210635
            ],
            [
              -118.55746577226299,
              36.14833702877471
            ],
            [
              -118.55746213700498,
              36.14840136092978
            ]
          ]
        ]
      }
    },
    {
      "id": "576",
      "type": "Feature",
      "properties": {
        "id": null,
        "SOURCE_FILE": "/Users/maples/GitHub/mortalitree_testing/labels/annayu_mortalitree_prefire_labels.geojson",
        "SUNETID": "annayu",
        "FIRENAME": "CASTLE",
        "FIRE_SLUG": "CASTLE",
        "PREFIRE": 1,
        "PREFIRE_STATUS": "prefire",
        "TILE_Z": 17,
        "TILE_X": 22370,
        "TILE_Y": 51403,
        "TILEXYZ": [
          17,
          22370,
          51403
        ],
        "OUTPUT_FILE": "/Users/maples/GitHub/mortalitree_testing/notebooks/single_tiles/prefire/17/22370/51403.geojson",
        "OUTPUT_STATUS_DIR": "prefire",
        "FEATURE_COUNT": 458
      },
      "geometry": {
        "type": "Polygon",
        "coordinates": [
          [
            [
              -118.55763907361982,
              36.14838491350594
            ],
            [
              -118.55754842158329,
              36.148381544069224
            ],
            [
              -118.55755205676822,
              36.148317211906395
            ],
            [
              -118.55764270873114,
              36.14832058133523
            ],
            [
              -118.55763907361982,
              36.14838491350594
            ]
          ]
        ]
      }
    },
    {
      "id": "577",
      "type": "Feature",
      "properties": {
        "id": null,
        "SOURCE_FILE": "/Users/maples/GitHub/mortalitree_testing/labels/annayu_mortalitree_prefire_labels.geojson",
        "SUNETID": "annayu",
        "FIRENAME": "CASTLE",
        "FIRE_SLUG": "CASTLE",
        "PREFIRE": 1,
        "PREFIRE_STATUS": "prefire",
        "TILE_Z": 17,
        "TILE_X": 22370,
        "TILE_Y": 51403,
        "TILEXYZ": [
          17,
          22370,
          51403
        ],
        "OUTPUT_FILE": "/Users/maples/GitHub/mortalitree_testing/notebooks/single_tiles/prefire/17/22370/51403.geojson",
        "OUTPUT_STATUS_DIR": "prefire",
        "FEATURE_COUNT": 458
      },
      "geometry": {
        "type": "Polygon",
        "coordinates": [
          [
            [
              -118.55788036430633,
              36.14843532493702
            ],
            [
              -118.55778971218203,
              36.148431955678916
            ],
            [
              -118.55779438574434,
              36.14834924287151
            ],
            [
              -118.55788503777403,
              36.14835261211945
            ],
            [
              -118.55788036430633,
              36.14843532493702
            ]
          ]
        ]
      }
    },
    {
      "id": "578",
      "type": "Feature",
      "properties": {
        "id": null,
        "SOURCE_FILE": "/Users/maples/GitHub/mortalitree_testing/labels/annayu_mortalitree_prefire_labels.geojson",
        "SUNETID": "annayu",
        "FIRENAME": "CASTLE",
        "FIRE_SLUG": "CASTLE",
        "PREFIRE": 1,
        "PREFIRE_STATUS": "prefire",
        "TILE_Z": 17,
        "TILE_X": 22370,
        "TILE_Y": 51403,
        "TILEXYZ": [
          17,
          22370,
          51403
        ],
        "OUTPUT_FILE": "/Users/maples/GitHub/mortalitree_testing/notebooks/single_tiles/prefire/17/22370/51403.geojson",
        "OUTPUT_STATUS_DIR": "prefire",
        "FEATURE_COUNT": 458
      },
      "geometry": {
        "type": "Polygon",
        "coordinates": [
          [
            [
              -118.55790553121061,
              36.14859282371588
            ],
            [
              -118.55783754197773,
              36.14859029678355
            ],
            [
              -118.55784013839073,
              36.148544345222334
            ],
            [
              -118.55790812758418,
              36.14854687215041
            ],
            [
              -118.55790553121061,
              36.14859282371588
            ]
          ]
        ]
      }
    },
    {
      "id": "579",
      "type": "Feature",
      "properties": {
        "id": null,
        "SOURCE_FILE": "/Users/maples/GitHub/mortalitree_testing/labels/annayu_mortalitree_prefire_labels.geojson",
        "SUNETID": "annayu",
        "FIRENAME": "CASTLE",
        "FIRE_SLUG": "CASTLE",
        "PREFIRE": 1,
        "PREFIRE_STATUS": "prefire",
        "TILE_Z": 17,
        "TILE_X": 22370,
        "TILE_Y": 51403,
        "TILEXYZ": [
          17,
          22370,
          51403
        ],
        "OUTPUT_FILE": "/Users/maples/GitHub/mortalitree_testing/notebooks/single_tiles/prefire/17/22370/51403.geojson",
        "OUTPUT_STATUS_DIR": "prefire",
        "FEATURE_COUNT": 458
      },
      "geometry": {
        "type": "Polygon",
        "coordinates": [
          [
            [
              -118.55783879383678,
              36.14866862501626
            ],
            [
              -118.55773680990177,
              36.1486648345397
            ],
            [
              -118.5577404449705,
              36.148600502363436
            ],
            [
              -118.55784242882275,
              36.1486042928311
            ],
            [
              -118.55783879383678,
              36.14866862501626
            ]
          ]
        ]
      }
    },
    {
      "id": "580",
      "type": "Feature",
      "properties": {
        "id": null,
        "SOURCE_FILE": "/Users/maples/GitHub/mortalitree_testing/labels/annayu_mortalitree_prefire_labels.geojson",
        "SUNETID": "annayu",
        "FIRENAME": "CASTLE",
        "FIRE_SLUG": "CASTLE",
        "PREFIRE": 1,
        "PREFIRE_STATUS": "prefire",
        "TILE_Z": 17,
        "TILE_X": 22370,
        "TILE_Y": 51403,
        "TILEXYZ": [
          17,
          22370,
          51403
        ],
        "OUTPUT_FILE": "/Users/maples/GitHub/mortalitree_testing/notebooks/single_tiles/prefire/17/22370/51403.geojson",
        "OUTPUT_STATUS_DIR": "prefire",
        "FEATURE_COUNT": 458
      },
      "geometry": {
        "type": "Polygon",
        "coordinates": [
          [
            [
              -118.55784757531052,
              36.148613693722396
            ],
            [
              -118.55774559144541,
              36.14860990325827
            ],
            [
              -118.55775026508447,
              36.148527190458275
            ],
            [
              -118.55785224884318,
              36.14853098091099
            ],
            [
              -118.55784757531052,
              36.148613693722396
            ]
          ]
        ]
      }
    },
    {
      "id": "581",
      "type": "Feature",
      "properties": {
        "id": null,
        "SOURCE_FILE": "/Users/maples/GitHub/mortalitree_testing/labels/annayu_mortalitree_prefire_labels.geojson",
        "SUNETID": "annayu",
        "FIRENAME": "CASTLE",
        "FIRE_SLUG": "CASTLE",
        "PREFIRE": 1,
        "PREFIRE_STATUS": "prefire",
        "TILE_Z": 17,
        "TILE_X": 22370,
        "TILE_Y": 51403,
        "TILEXYZ": [
          17,
          22370,
          51403
        ],
        "OUTPUT_FILE": "/Users/maples/GitHub/mortalitree_testing/notebooks/single_tiles/prefire/17/22370/51403.geojson",
        "OUTPUT_STATUS_DIR": "prefire",
        "FEATURE_COUNT": 458
      },
      "geometry": {
        "type": "Polygon",
        "coordinates": [
          [
            [
              -118.55741801556277,
              36.14857930833814
            ],
            [
              -118.55735002638666,
              36.14857678112986
            ],
            [
              -118.55735262308274,
              36.14853082959899
            ],
            [
              -118.55742061221946,
              36.14853335680305
            ],
            [
              -118.55741801556277,
              36.14857930833814
            ]
          ]
        ]
      }
    },
    {
      "id": "582",
      "type": "Feature",
      "properties": {
        "id": null,
        "SOURCE_FILE": "/Users/maples/GitHub/mortalitree_testing/labels/annayu_mortalitree_prefire_labels.geojson",
        "SUNETID": "annayu",
        "FIRENAME": "CASTLE",
        "FIRE_SLUG": "CASTLE",
        "PREFIRE": 1,
        "PREFIRE_STATUS": "prefire",
        "TILE_Z": 17,
        "TILE_X": 22370,
        "TILE_Y": 51403,
        "TILEXYZ": [
          17,
          22370,
          51403
        ],
        "OUTPUT_FILE": "/Users/maples/GitHub/mortalitree_testing/notebooks/single_tiles/prefire/17/22370/51403.geojson",
        "OUTPUT_STATUS_DIR": "prefire",
        "FEATURE_COUNT": 458
      },
      "geometry": {
        "type": "Polygon",
        "coordinates": [
          [
            [
              -118.55823492481107,
              36.14859125120438
            ],
            [
              -118.5581329409213,
              36.148587461072125
            ],
            [
              -118.55813657565623,
              36.14852312886036
            ],
            [
              -118.55823855946323,
              36.148526918983734
            ],
            [
              -118.55823492481107,
              36.14859125120438
            ]
          ]
        ]
      }
    },
    {
      "id": "583",
      "type": "Feature",
      "properties": {
        "id": null,
        "SOURCE_FILE": "/Users/maples/GitHub/mortalitree_testing/labels/annayu_mortalitree_prefire_labels.geojson",
        "SUNETID": "annayu",
        "FIRENAME": "CASTLE",
        "FIRE_SLUG": "CASTLE",
        "PREFIRE": 1,
        "PREFIRE_STATUS": "prefire",
        "TILE_Z": 17,
        "TILE_X": 22370,
        "TILE_Y": 51403,
        "TILEXYZ": [
          17,
          22370,
          51403
        ],
        "OUTPUT_FILE": "/Users/maples/GitHub/mortalitree_testing/notebooks/single_tiles/prefire/17/22370/51403.geojson",
        "OUTPUT_STATUS_DIR": "prefire",
        "FEATURE_COUNT": 458
      },
      "geometry": {
        "type": "Polygon",
        "coordinates": [
          [
            [
              -118.55820425936793,
              36.14863155482398
            ],
            [
              -118.55812493852582,
              36.14862860692768
            ],
            [
              -118.55812753477483,
              36.14858265534877
            ],
            [
              -118.55820685557092,
              36.14858560324013
            ],
            [
              -118.55820425936793,
              36.14863155482398
            ]
          ]
        ]
      }
    },
    {
      "id": "584",
      "type": "Feature",
      "properties": {
        "id": null,
        "SOURCE_FILE": "/Users/maples/GitHub/mortalitree_testing/labels/annayu_mortalitree_prefire_labels.geojson",
        "SUNETID": "annayu",
        "FIRENAME": "CASTLE",
        "FIRE_SLUG": "CASTLE",
        "PREFIRE": 1,
        "PREFIRE_STATUS": "prefire",
        "TILE_Z": 17,
        "TILE_X": 22370,
        "TILE_Y": 51403,
        "TILEXYZ": [
          17,
          22370,
          51403
        ],
        "OUTPUT_FILE": "/Users/maples/GitHub/mortalitree_testing/notebooks/single_tiles/prefire/17/22370/51403.geojson",
        "OUTPUT_STATUS_DIR": "prefire",
        "FEATURE_COUNT": 458
      },
      "geometry": {
        "type": "Polygon",
        "coordinates": [
          [
            [
              -118.55803095705056,
              36.14858367085337
            ],
            [
              -118.55792897319887,
              36.14857988054811
            ],
            [
              -118.55793416591032,
              36.14848797741352
            ],
            [
              -118.55803614964377,
              36.14849176770609
            ],
            [
              -118.55803095705056,
              36.14858367085337
            ]
          ]
        ]
      }
    },
    {
      "id": "585",
      "type": "Feature",
      "properties": {
        "id": null,
        "SOURCE_FILE": "/Users/maples/GitHub/mortalitree_testing/labels/annayu_mortalitree_prefire_labels.geojson",
        "SUNETID": "annayu",
        "FIRENAME": "CASTLE",
        "FIRE_SLUG": "CASTLE",
        "PREFIRE": 1,
        "PREFIRE_STATUS": "prefire",
        "TILE_Z": 17,
        "TILE_X": 22370,
        "TILE_Y": 51403,
        "TILEXYZ": [
          17,
          22370,
          51403
        ],
        "OUTPUT_FILE": "/Users/maples/GitHub/mortalitree_testing/notebooks/single_tiles/prefire/17/22370/51403.geojson",
        "OUTPUT_STATUS_DIR": "prefire",
        "FEATURE_COUNT": 458
      },
      "geometry": {
        "type": "Polygon",
        "coordinates": [
          [
            [
              -118.55813678932294,
              36.14861983774304
            ],
            [
              -118.55804613695474,
              36.148616468664294
            ],
            [
              -118.55804977176442,
              36.148552136460445
            ],
            [
              -118.55814042405906,
              36.1485555055313
            ],
            [
              -118.55813678932294,
              36.14861983774304
            ]
          ]
        ]
      }
    },
    {
      "id": "586",
      "type": "Feature",
      "properties": {
        "id": null,
        "SOURCE_FILE": "/Users/maples/GitHub/mortalitree_testing/labels/annayu_mortalitree_prefire_labels.geojson",
        "SUNETID": "annayu",
        "FIRENAME": "CASTLE",
        "FIRE_SLUG": "CASTLE",
        "PREFIRE": 1,
        "PREFIRE_STATUS": "prefire",
        "TILE_Z": 17,
        "TILE_X": 22370,
        "TILE_Y": 51403,
        "TILEXYZ": [
          17,
          22370,
          51403
        ],
        "OUTPUT_FILE": "/Users/maples/GitHub/mortalitree_testing/notebooks/single_tiles/prefire/17/22370/51403.geojson",
        "OUTPUT_STATUS_DIR": "prefire",
        "FEATURE_COUNT": 458
      },
      "geometry": {
        "type": "Polygon",
        "coordinates": [
          [
            [
              -118.55809509790987,
              36.14855382100442
            ],
            [
              -118.55800444562276,
              36.148550451899396
            ],
            [
              -118.55800911897987,
              36.14846773906947
            ],
            [
              -118.55809977117237,
              36.148471108164344
            ],
            [
              -118.55809509790987,
              36.14855382100442
            ]
          ]
        ]
      }
    },
    {
      "id": "587",
      "type": "Feature",
      "properties": {
        "id": null,
        "SOURCE_FILE": "/Users/maples/GitHub/mortalitree_testing/labels/annayu_mortalitree_prefire_labels.geojson",
        "SUNETID": "annayu",
        "FIRENAME": "CASTLE",
        "FIRE_SLUG": "CASTLE",
        "PREFIRE": 1,
        "PREFIRE_STATUS": "prefire",
        "TILE_Z": 17,
        "TILE_X": 22370,
        "TILE_Y": 51403,
        "TILEXYZ": [
          17,
          22370,
          51403
        ],
        "OUTPUT_FILE": "/Users/maples/GitHub/mortalitree_testing/notebooks/single_tiles/prefire/17/22370/51403.geojson",
        "OUTPUT_STATUS_DIR": "prefire",
        "FEATURE_COUNT": 458
      },
      "geometry": {
        "type": "Polygon",
        "coordinates": [
          [
            [
              -118.55826122253404,
              36.14852776122162
            ],
            [
              -118.55819323332443,
              36.14852523449514
            ],
            [
              -118.55819634876293,
              36.14847009259434
            ],
            [
              -118.55826433792524,
              36.14847261931574
            ],
            [
              -118.55826122253404,
              36.14852776122162
            ]
          ]
        ]
      }
    },
    {
      "id": "588",
      "type": "Feature",
      "properties": {
        "id": null,
        "SOURCE_FILE": "/Users/maples/GitHub/mortalitree_testing/labels/annayu_mortalitree_prefire_labels.geojson",
        "SUNETID": "annayu",
        "FIRENAME": "CASTLE",
        "FIRE_SLUG": "CASTLE",
        "PREFIRE": 1,
        "PREFIRE_STATUS": "prefire",
        "TILE_Z": 17,
        "TILE_X": 22370,
        "TILE_Y": 51403,
        "TILEXYZ": [
          17,
          22370,
          51403
        ],
        "OUTPUT_FILE": "/Users/maples/GitHub/mortalitree_testing/notebooks/single_tiles/prefire/17/22370/51403.geojson",
        "OUTPUT_STATUS_DIR": "prefire",
        "FEATURE_COUNT": 458
      },
      "geometry": {
        "type": "Polygon",
        "coordinates": [
          [
            [
              -118.55819120223939,
              36.14846069171566
            ],
            [
              -118.55811188157074,
              36.14845774382268
            ],
            [
              -118.55811603555253,
              36.148384221295395
            ],
            [
              -118.55819535614759,
              36.14838716918049
            ],
            [
              -118.55819120223939,
              36.14846069171566
            ]
          ]
        ]
      }
    },
    {
      "id": "589",
      "type": "Feature",
      "properties": {
        "id": null,
        "SOURCE_FILE": "/Users/maples/GitHub/mortalitree_testing/labels/annayu_mortalitree_prefire_labels.geojson",
        "SUNETID": "annayu",
        "FIRENAME": "CASTLE",
        "FIRE_SLUG": "CASTLE",
        "PREFIRE": 1,
        "PREFIRE_STATUS": "prefire",
        "TILE_Z": 17,
        "TILE_X": 22370,
        "TILE_Y": 51403,
        "TILEXYZ": [
          17,
          22370,
          51403
        ],
        "OUTPUT_FILE": "/Users/maples/GitHub/mortalitree_testing/notebooks/single_tiles/prefire/17/22370/51403.geojson",
        "OUTPUT_STATUS_DIR": "prefire",
        "FEATURE_COUNT": 458
      },
      "geometry": {
        "type": "Polygon",
        "coordinates": [
          [
            [
              -118.5580014222862,
              36.14840298572658
            ],
            [
              -118.55789943867252,
              36.14839919541241
            ],
            [
              -118.55790359284369,
              36.14832567290564
            ],
            [
              -118.55800557636275,
              36.14832946320966
            ],
            [
              -118.5580014222862,
              36.14840298572658
            ]
          ]
        ]
      }
    },
    {
      "id": "590",
      "type": "Feature",
      "properties": {
        "id": null,
        "SOURCE_FILE": "/Users/maples/GitHub/mortalitree_testing/labels/annayu_mortalitree_prefire_labels.geojson",
        "SUNETID": "annayu",
        "FIRENAME": "CASTLE",
        "FIRE_SLUG": "CASTLE",
        "PREFIRE": 1,
        "PREFIRE_STATUS": "prefire",
        "TILE_Z": 17,
        "TILE_X": 22370,
        "TILE_Y": 51403,
        "TILEXYZ": [
          17,
          22370,
          51403
        ],
        "OUTPUT_FILE": "/Users/maples/GitHub/mortalitree_testing/notebooks/single_tiles/prefire/17/22370/51403.geojson",
        "OUTPUT_STATUS_DIR": "prefire",
        "FEATURE_COUNT": 458
      },
      "geometry": {
        "type": "Polygon",
        "coordinates": [
          [
            [
              -118.55800937861025,
              36.1484631439122
            ],
            [
              -118.55789606339737,
              36.14845893244819
            ],
            [
              -118.55790021758077,
              36.14838540994249
            ],
            [
              -118.55801353268852,
              36.14838962139523
            ],
            [
              -118.55800937861025,
              36.1484631439122
            ]
          ]
        ]
      }
    },
    {
      "id": "591",
      "type": "Feature",
      "properties": {
        "id": null,
        "SOURCE_FILE": "/Users/maples/GitHub/mortalitree_testing/labels/annayu_mortalitree_prefire_labels.geojson",
        "SUNETID": "annayu",
        "FIRENAME": "CASTLE",
        "FIRE_SLUG": "CASTLE",
        "PREFIRE": 1,
        "PREFIRE_STATUS": "prefire",
        "TILE_Z": 17,
        "TILE_X": 22370,
        "TILE_Y": 51403,
        "TILEXYZ": [
          17,
          22370,
          51403
        ],
        "OUTPUT_FILE": "/Users/maples/GitHub/mortalitree_testing/notebooks/single_tiles/prefire/17/22370/51403.geojson",
        "OUTPUT_STATUS_DIR": "prefire",
        "FEATURE_COUNT": 458
      },
      "geometry": {
        "type": "Polygon",
        "coordinates": [
          [
            [
              -118.55753699664142,
              36.14858373086013
            ],
            [
              -118.55743501285815,
              36.14857994013421
            ],
            [
              -118.55743968681819,
              36.148497227368736
            ],
            [
              -118.55754167049503,
              36.14850101808323
            ],
            [
              -118.55753699664142,
              36.14858373086013
            ]
          ]
        ]
      }
    },
    {
      "id": "592",
      "type": "Feature",
      "properties": {
        "id": null,
        "SOURCE_FILE": "/Users/maples/GitHub/mortalitree_testing/labels/annayu_mortalitree_prefire_labels.geojson",
        "SUNETID": "annayu",
        "FIRENAME": "CASTLE",
        "FIRE_SLUG": "CASTLE",
        "PREFIRE": 1,
        "PREFIRE_STATUS": "prefire",
        "TILE_Z": 17,
        "TILE_X": 22370,
        "TILE_Y": 51403,
        "TILEXYZ": [
          17,
          22370,
          51403
        ],
        "OUTPUT_FILE": "/Users/maples/GitHub/mortalitree_testing/notebooks/single_tiles/prefire/17/22370/51403.geojson",
        "OUTPUT_STATUS_DIR": "prefire",
        "FEATURE_COUNT": 458
      },
      "geometry": {
        "type": "Polygon",
        "coordinates": [
          [
            [
              -118.55745824207288,
              36.148470288237675
            ],
            [
              -118.55737892147366,
              36.14846733985855
            ],
            [
              -118.55738255680839,
              36.14840300771146
            ],
            [
              -118.55746187734324,
              36.148405956083685
            ],
            [
              -118.55745824207288,
              36.148470288237675
            ]
          ]
        ]
      }
    },
    {
      "id": "593",
      "type": "Feature",
      "properties": {
        "id": null,
        "SOURCE_FILE": "/Users/maples/GitHub/mortalitree_testing/labels/annayu_mortalitree_prefire_labels.geojson",
        "SUNETID": "annayu",
        "FIRENAME": "CASTLE",
        "FIRE_SLUG": "CASTLE",
        "PREFIRE": 1,
        "PREFIRE_STATUS": "prefire",
        "TILE_Z": 17,
        "TILE_X": 22370,
        "TILE_Y": 51403,
        "TILEXYZ": [
          17,
          22370,
          51403
        ],
        "OUTPUT_FILE": "/Users/maples/GitHub/mortalitree_testing/notebooks/single_tiles/prefire/17/22370/51403.geojson",
        "OUTPUT_STATUS_DIR": "prefire",
        "FEATURE_COUNT": 458
      },
      "geometry": {
        "type": "Polygon",
        "coordinates": [
          [
            [
              -118.55733182471135,
              36.14839651714858
            ],
            [
              -118.55724117269935,
              36.14839314747836
            ],
            [
              -118.55724532748398,
              36.14831962503734
            ],
            [
              -118.55733597941186,
              36.14832299469854
            ],
            [
              -118.55733182471135,
              36.14839651714858
            ]
          ]
        ]
      }
    },
    {
      "id": "594",
      "type": "Feature",
      "properties": {
        "id": null,
        "SOURCE_FILE": "/Users/maples/GitHub/mortalitree_testing/labels/annayu_mortalitree_prefire_labels.geojson",
        "SUNETID": "annayu",
        "FIRENAME": "CASTLE",
        "FIRE_SLUG": "CASTLE",
        "PREFIRE": 1,
        "PREFIRE_STATUS": "prefire",
        "TILE_Z": 17,
        "TILE_X": 22370,
        "TILE_Y": 51403,
        "TILEXYZ": [
          17,
          22370,
          51403
        ],
        "OUTPUT_FILE": "/Users/maples/GitHub/mortalitree_testing/notebooks/single_tiles/prefire/17/22370/51403.geojson",
        "OUTPUT_STATUS_DIR": "prefire",
        "FEATURE_COUNT": 458
      },
      "geometry": {
        "type": "Polygon",
        "coordinates": [
          [
            [
              -118.55715592677231,
              36.14839458350245
            ],
            [
              -118.55706527478422,
              36.148391213699234
            ],
            [
              -118.55706994910022,
              36.14830850097274
            ],
            [
              -118.55716060099371,
              36.1483118707658
            ],
            [
              -118.55715592677231,
              36.14839458350245
            ]
          ]
        ]
      }
    },
    {
      "id": "595",
      "type": "Feature",
      "properties": {
        "id": null,
        "SOURCE_FILE": "/Users/maples/GitHub/mortalitree_testing/labels/annayu_mortalitree_prefire_labels.geojson",
        "SUNETID": "annayu",
        "FIRENAME": "CASTLE",
        "FIRE_SLUG": "CASTLE",
        "PREFIRE": 1,
        "PREFIRE_STATUS": "prefire",
        "TILE_Z": 17,
        "TILE_X": 22370,
        "TILE_Y": 51403,
        "TILEXYZ": [
          17,
          22370,
          51403
        ],
        "OUTPUT_FILE": "/Users/maples/GitHub/mortalitree_testing/notebooks/single_tiles/prefire/17/22370/51403.geojson",
        "OUTPUT_STATUS_DIR": "prefire",
        "FEATURE_COUNT": 458
      },
      "geometry": {
        "type": "Polygon",
        "coordinates": [
          [
            [
              -118.55727884963659,
              36.14822877500714
            ],
            [
              -118.5571655348734,
              36.14822456287533
            ],
            [
              -118.55716968970299,
              36.148151040439785
            ],
            [
              -118.55728300436107,
              36.14815525256033
            ],
            [
              -118.55727884963659,
              36.14822877500714
            ]
          ]
        ]
      }
    },
    {
      "id": "596",
      "type": "Feature",
      "properties": {
        "id": null,
        "SOURCE_FILE": "/Users/maples/GitHub/mortalitree_testing/labels/annayu_mortalitree_prefire_labels.geojson",
        "SUNETID": "annayu",
        "FIRENAME": "CASTLE",
        "FIRE_SLUG": "CASTLE",
        "PREFIRE": 1,
        "PREFIRE_STATUS": "prefire",
        "TILE_Z": 17,
        "TILE_X": 22370,
        "TILE_Y": 51403,
        "TILEXYZ": [
          17,
          22370,
          51403
        ],
        "OUTPUT_FILE": "/Users/maples/GitHub/mortalitree_testing/notebooks/single_tiles/prefire/17/22370/51403.geojson",
        "OUTPUT_STATUS_DIR": "prefire",
        "FEATURE_COUNT": 458
      },
      "geometry": {
        "type": "Polygon",
        "coordinates": [
          [
            [
              -118.55725363700806,
              36.14817258015133
            ],
            [
              -118.5571629852634,
              36.148169210439825
            ],
            [
              -118.55716662073483,
              36.14810487830844
            ],
            [
              -118.5572572724059,
              36.14810824801205
            ],
            [
              -118.55725363700806,
              36.14817258015133
            ]
          ]
        ]
      }
    },
    {
      "id": "597",
      "type": "Feature",
      "properties": {
        "id": null,
        "SOURCE_FILE": "/Users/maples/GitHub/mortalitree_testing/labels/annayu_mortalitree_prefire_labels.geojson",
        "SUNETID": "annayu",
        "FIRENAME": "CASTLE",
        "FIRE_SLUG": "CASTLE",
        "PREFIRE": 1,
        "PREFIRE_STATUS": "prefire",
        "TILE_Z": 17,
        "TILE_X": 22370,
        "TILE_Y": 51403,
        "TILEXYZ": [
          17,
          22370,
          51403
        ],
        "OUTPUT_FILE": "/Users/maples/GitHub/mortalitree_testing/notebooks/single_tiles/prefire/17/22370/51403.geojson",
        "OUTPUT_STATUS_DIR": "prefire",
        "FEATURE_COUNT": 458
      },
      "geometry": {
        "type": "Polygon",
        "coordinates": [
          [
            [
              -118.55706178111696,
              36.14815163397794
            ],
            [
              -118.556959797959,
              36.148147842886196
            ],
            [
              -118.55696447234413,
              36.14806513016822
            ],
            [
              -118.55706645539567,
              36.148068921248544
            ],
            [
              -118.55706178111696,
              36.14815163397794
            ]
          ]
        ]
      }
    },
    {
      "id": "598",
      "type": "Feature",
      "properties": {
        "id": null,
        "SOURCE_FILE": "/Users/maples/GitHub/mortalitree_testing/labels/annayu_mortalitree_prefire_labels.geojson",
        "SUNETID": "annayu",
        "FIRENAME": "CASTLE",
        "FIRE_SLUG": "CASTLE",
        "PREFIRE": 1,
        "PREFIRE_STATUS": "prefire",
        "TILE_Z": 17,
        "TILE_X": 22370,
        "TILE_Y": 51403,
        "TILEXYZ": [
          17,
          22370,
          51403
        ],
        "OUTPUT_FILE": "/Users/maples/GitHub/mortalitree_testing/notebooks/single_tiles/prefire/17/22370/51403.geojson",
        "OUTPUT_STATUS_DIR": "prefire",
        "FEATURE_COUNT": 458
      },
      "geometry": {
        "type": "Polygon",
        "coordinates": [
          [
            [
              -118.55689794680795,
              36.14823763969771
            ],
            [
              -118.55682995797478,
              36.14823511221466
            ],
            [
              -118.5568325549418,
              36.148189160713656
            ],
            [
              -118.55690054373555,
              36.14819168819248
            ],
            [
              -118.55689794680795,
              36.14823763969771
            ]
          ]
        ]
      }
    },
    {
      "id": "599",
      "type": "Feature",
      "properties": {
        "id": null,
        "SOURCE_FILE": "/Users/maples/GitHub/mortalitree_testing/labels/annayu_mortalitree_prefire_labels.geojson",
        "SUNETID": "annayu",
        "FIRENAME": "CASTLE",
        "FIRE_SLUG": "CASTLE",
        "PREFIRE": 1,
        "PREFIRE_STATUS": "prefire",
        "TILE_Z": 17,
        "TILE_X": 22370,
        "TILE_Y": 51403,
        "TILEXYZ": [
          17,
          22370,
          51403
        ],
        "OUTPUT_FILE": "/Users/maples/GitHub/mortalitree_testing/notebooks/single_tiles/prefire/17/22370/51403.geojson",
        "OUTPUT_STATUS_DIR": "prefire",
        "FEATURE_COUNT": 458
      },
      "geometry": {
        "type": "Polygon",
        "coordinates": [
          [
            [
              -118.55709244690229,
              36.14811133067755
            ],
            [
              -118.55703578961658,
              36.14810922454267
            ],
            [
              -118.55703838645157,
              36.148063273027844
            ],
            [
              -118.55709504370442,
              36.14806537915919
            ],
            [
              -118.55709244690229,
              36.14811133067755
            ]
          ]
        ]
      }
    },
    {
      "id": "600",
      "type": "Feature",
      "properties": {
        "id": null,
        "SOURCE_FILE": "/Users/maples/GitHub/mortalitree_testing/labels/annayu_mortalitree_prefire_labels.geojson",
        "SUNETID": "annayu",
        "FIRENAME": "CASTLE",
        "FIRE_SLUG": "CASTLE",
        "PREFIRE": 1,
        "PREFIRE_STATUS": "prefire",
        "TILE_Z": 17,
        "TILE_X": 22370,
        "TILE_Y": 51403,
        "TILEXYZ": [
          17,
          22370,
          51403
        ],
        "OUTPUT_FILE": "/Users/maples/GitHub/mortalitree_testing/notebooks/single_tiles/prefire/17/22370/51403.geojson",
        "OUTPUT_STATUS_DIR": "prefire",
        "FEATURE_COUNT": 458
      },
      "geometry": {
        "type": "Polygon",
        "coordinates": [
          [
            [
              -118.55785814599187,
              36.148024671394055
            ],
            [
              -118.5577788257982,
              36.14802172331097
            ],
            [
              -118.55778246074709,
              36.1479573911241
            ],
            [
              -118.5578617808764,
              36.1479603392003
            ],
            [
              -118.55785814599187,
              36.148024671394055
            ]
          ]
        ]
      }
    },
    {
      "id": "601",
      "type": "Feature",
      "properties": {
        "id": null,
        "SOURCE_FILE": "/Users/maples/GitHub/mortalitree_testing/labels/annayu_mortalitree_prefire_labels.geojson",
        "SUNETID": "annayu",
        "FIRENAME": "CASTLE",
        "FIRE_SLUG": "CASTLE",
        "PREFIRE": 1,
        "PREFIRE_STATUS": "prefire",
        "TILE_Z": 17,
        "TILE_X": 22370,
        "TILE_Y": 51403,
        "TILEXYZ": [
          17,
          22370,
          51403
        ],
        "OUTPUT_FILE": "/Users/maples/GitHub/mortalitree_testing/notebooks/single_tiles/prefire/17/22370/51403.geojson",
        "OUTPUT_STATUS_DIR": "prefire",
        "FEATURE_COUNT": 458
      },
      "geometry": {
        "type": "Polygon",
        "coordinates": [
          [
            [
              -118.5577319421239,
              36.148047609603786
            ],
            [
              -118.55766395337763,
              36.148045082605606
            ],
            [
              -118.55766654984008,
              36.147999131051016
            ],
            [
              -118.55773453854694,
              36.14800165804498
            ],
            [
              -118.5577319421239,
              36.148047609603786
            ]
          ]
        ]
      }
    },
    {
      "id": "602",
      "type": "Feature",
      "properties": {
        "id": null,
        "SOURCE_FILE": "/Users/maples/GitHub/mortalitree_testing/labels/annayu_mortalitree_prefire_labels.geojson",
        "SUNETID": "annayu",
        "FIRENAME": "CASTLE",
        "FIRE_SLUG": "CASTLE",
        "PREFIRE": 1,
        "PREFIRE_STATUS": "prefire",
        "TILE_Z": 17,
        "TILE_X": 22370,
        "TILE_Y": 51403,
        "TILEXYZ": [
          17,
          22370,
          51403
        ],
        "OUTPUT_FILE": "/Users/maples/GitHub/mortalitree_testing/notebooks/single_tiles/prefire/17/22370/51403.geojson",
        "OUTPUT_STATUS_DIR": "prefire",
        "FEATURE_COUNT": 458
      },
      "geometry": {
        "type": "Polygon",
        "coordinates": [
          [
            [
              -118.55773539142511,
              36.14838849345757
            ],
            [
              -118.55766740238433,
              36.1483859664409
            ],
            [
              -118.55767207606719,
              36.14830325364661
            ],
            [
              -118.55774006503702,
              36.14830578065567
            ],
            [
              -118.55773539142511,
              36.14838849345757
            ]
          ]
        ]
      }
    },
    {
      "id": "603",
      "type": "Feature",
      "properties": {
        "id": null,
        "SOURCE_FILE": "/Users/maples/GitHub/mortalitree_testing/labels/annayu_mortalitree_prefire_labels.geojson",
        "SUNETID": "annayu",
        "FIRENAME": "CASTLE",
        "FIRE_SLUG": "CASTLE",
        "PREFIRE": 1,
        "PREFIRE_STATUS": "prefire",
        "TILE_Z": 17,
        "TILE_X": 22370,
        "TILE_Y": 51403,
        "TILEXYZ": [
          17,
          22370,
          51403
        ],
        "OUTPUT_FILE": "/Users/maples/GitHub/mortalitree_testing/notebooks/single_tiles/prefire/17/22370/51403.geojson",
        "OUTPUT_STATUS_DIR": "prefire",
        "FEATURE_COUNT": 458
      },
      "geometry": {
        "type": "Polygon",
        "coordinates": [
          [
            [
              -118.55780982515269,
              36.14837744554733
            ],
            [
              -118.55771917310372,
              36.148374076240465
            ],
            [
              -118.55772488531127,
              36.148272982817666
            ],
            [
              -118.55781553724464,
              36.14827635211213
            ],
            [
              -118.55780982515269,
              36.14837744554733
            ]
          ]
        ]
      }
    },
    {
      "id": "604",
      "type": "Feature",
      "properties": {
        "id": null,
        "SOURCE_FILE": "/Users/maples/GitHub/mortalitree_testing/labels/annayu_mortalitree_prefire_labels.geojson",
        "SUNETID": "annayu",
        "FIRENAME": "CASTLE",
        "FIRE_SLUG": "CASTLE",
        "PREFIRE": 1,
        "PREFIRE_STATUS": "prefire",
        "TILE_Z": 17,
        "TILE_X": 22370,
        "TILE_Y": 51403,
        "TILEXYZ": [
          17,
          22370,
          51403
        ],
        "OUTPUT_FILE": "/Users/maples/GitHub/mortalitree_testing/notebooks/single_tiles/prefire/17/22370/51403.geojson",
        "OUTPUT_STATUS_DIR": "prefire",
        "FEATURE_COUNT": 458
      },
      "geometry": {
        "type": "Polygon",
        "coordinates": [
          [
            [
              -118.55810644937843,
              36.14796066834923
            ],
            [
              -118.55802603282534,
              36.14795767968738
            ],
            [
              -118.55803023705205,
              36.14788326793518
            ],
            [
              -118.55811065352965,
              36.14788625658893
            ],
            [
              -118.55810644937843,
              36.14796066834923
            ]
          ]
        ]
      }
    },
    {
      "id": "605",
      "type": "Feature",
      "properties": {
        "id": null,
        "SOURCE_FILE": "/Users/maples/GitHub/mortalitree_testing/labels/annayu_mortalitree_prefire_labels.geojson",
        "SUNETID": "annayu",
        "FIRENAME": "CASTLE",
        "FIRE_SLUG": "CASTLE",
        "PREFIRE": 1,
        "PREFIRE_STATUS": "prefire",
        "TILE_Z": 17,
        "TILE_X": 22370,
        "TILE_Y": 51403,
        "TILEXYZ": [
          17,
          22370,
          51403
        ],
        "OUTPUT_FILE": "/Users/maples/GitHub/mortalitree_testing/notebooks/single_tiles/prefire/17/22370/51403.geojson",
        "OUTPUT_STATUS_DIR": "prefire",
        "FEATURE_COUNT": 458
      },
      "geometry": {
        "type": "Polygon",
        "coordinates": [
          [
            [
              -118.5579262658008,
              36.14800217415656
            ],
            [
              -118.55787234952297,
              36.14800017029452
            ],
            [
              -118.55787531439823,
              36.147947696094406
            ],
            [
              -118.55792923064037,
              36.14794969995261
            ],
            [
              -118.5579262658008,
              36.14800217415656
            ]
          ]
        ]
      }
    },
    {
      "id": "606",
      "type": "Feature",
      "properties": {
        "id": null,
        "SOURCE_FILE": "/Users/maples/GitHub/mortalitree_testing/labels/annayu_mortalitree_prefire_labels.geojson",
        "SUNETID": "annayu",
        "FIRENAME": "CASTLE",
        "FIRE_SLUG": "CASTLE",
        "PREFIRE": 1,
        "PREFIRE_STATUS": "prefire",
        "TILE_Z": 17,
        "TILE_X": 22370,
        "TILE_Y": 51403,
        "TILEXYZ": [
          17,
          22370,
          51403
        ],
        "OUTPUT_FILE": "/Users/maples/GitHub/mortalitree_testing/notebooks/single_tiles/prefire/17/22370/51403.geojson",
        "OUTPUT_STATUS_DIR": "prefire",
        "FEATURE_COUNT": 458
      },
      "geometry": {
        "type": "Polygon",
        "coordinates": [
          [
            [
              -118.55796623081014,
              36.14796422119069
            ],
            [
              -118.55792309780585,
              36.147962618118825
            ],
            [
              -118.55792606264323,
              36.14791014391476
            ],
            [
              -118.55796919561894,
              36.147911746983546
            ],
            [
              -118.55796623081014,
              36.14796422119069
            ]
          ]
        ]
      }
    },
    {
      "id": "607",
      "type": "Feature",
      "properties": {
        "id": null,
        "SOURCE_FILE": "/Users/maples/GitHub/mortalitree_testing/labels/annayu_mortalitree_prefire_labels.geojson",
        "SUNETID": "annayu",
        "FIRENAME": "CASTLE",
        "FIRE_SLUG": "CASTLE",
        "PREFIRE": 1,
        "PREFIRE_STATUS": "prefire",
        "TILE_Z": 17,
        "TILE_X": 22370,
        "TILE_Y": 51403,
        "TILEXYZ": [
          17,
          22370,
          51403
        ],
        "OUTPUT_FILE": "/Users/maples/GitHub/mortalitree_testing/notebooks/single_tiles/prefire/17/22370/51403.geojson",
        "OUTPUT_STATUS_DIR": "prefire",
        "FEATURE_COUNT": 458
      },
      "geometry": {
        "type": "Polygon",
        "coordinates": [
          [
            [
              -118.55767335350966,
              36.14798401009714
            ],
            [
              -118.55761943726279,
              36.147982006122106
            ],
            [
              -118.55762141395813,
              36.14794702333403
            ],
            [
              -118.55767533018121,
              36.1479490273065
            ],
            [
              -118.55767335350966,
              36.14798401009714
            ]
          ]
        ]
      }
    },
    {
      "id": "608",
      "type": "Feature",
      "properties": {
        "id": null,
        "SOURCE_FILE": "/Users/maples/GitHub/mortalitree_testing/labels/annayu_mortalitree_prefire_labels.geojson",
        "SUNETID": "annayu",
        "FIRENAME": "CASTLE",
        "FIRE_SLUG": "CASTLE",
        "PREFIRE": 1,
        "PREFIRE_STATUS": "prefire",
        "TILE_Z": 17,
        "TILE_X": 22370,
        "TILE_Y": 51403,
        "TILEXYZ": [
          17,
          22370,
          51403
        ],
        "OUTPUT_FILE": "/Users/maples/GitHub/mortalitree_testing/notebooks/single_tiles/prefire/17/22370/51403.geojson",
        "OUTPUT_STATUS_DIR": "prefire",
        "FEATURE_COUNT": 458
      },
      "geometry": {
        "type": "Polygon",
        "coordinates": [
          [
            [
              -118.55758169589316,
              36.1479806033252
            ],
            [
              -118.5575169964084,
              36.147978198502926
            ],
            [
              -118.55752045570216,
              36.14791697863206
            ],
            [
              -118.55758515513692,
              36.14791938344898
            ],
            [
              -118.55758169589316,
              36.1479806033252
            ]
          ]
        ]
      }
    },
    {
      "id": "609",
      "type": "Feature",
      "properties": {
        "id": null,
        "SOURCE_FILE": "/Users/maples/GitHub/mortalitree_testing/labels/annayu_mortalitree_prefire_labels.geojson",
        "SUNETID": "annayu",
        "FIRENAME": "CASTLE",
        "FIRE_SLUG": "CASTLE",
        "PREFIRE": 1,
        "PREFIRE_STATUS": "prefire",
        "TILE_Z": 17,
        "TILE_X": 22370,
        "TILE_Y": 51403,
        "TILEXYZ": [
          17,
          22370,
          51403
        ],
        "OUTPUT_FILE": "/Users/maples/GitHub/mortalitree_testing/notebooks/single_tiles/prefire/17/22370/51403.geojson",
        "OUTPUT_STATUS_DIR": "prefire",
        "FEATURE_COUNT": 458
      },
      "geometry": {
        "type": "Polygon",
        "coordinates": [
          [
            [
              -118.5575667121107,
              36.14805454094273
            ],
            [
              -118.55751279582337,
              36.148052536916325
            ],
            [
              -118.55751576094382,
              36.1480000627423
            ],
            [
              -118.55756967719545,
              36.148002066764874
            ],
            [
              -118.5575667121107,
              36.14805454094273
            ]
          ]
        ]
      }
    },
    {
      "id": "610",
      "type": "Feature",
      "properties": {
        "id": null,
        "SOURCE_FILE": "/Users/maples/GitHub/mortalitree_testing/labels/annayu_mortalitree_prefire_labels.geojson",
        "SUNETID": "annayu",
        "FIRENAME": "CASTLE",
        "FIRE_SLUG": "CASTLE",
        "PREFIRE": 1,
        "PREFIRE_STATUS": "prefire",
        "TILE_Z": 17,
        "TILE_X": 22370,
        "TILE_Y": 51403,
        "TILEXYZ": [
          17,
          22370,
          51403
        ],
        "OUTPUT_FILE": "/Users/maples/GitHub/mortalitree_testing/notebooks/single_tiles/prefire/17/22370/51403.geojson",
        "OUTPUT_STATUS_DIR": "prefire",
        "FEATURE_COUNT": 458
      },
      "geometry": {
        "type": "Polygon",
        "coordinates": [
          [
            [
              -118.55759036937646,
              36.148305196095166
            ],
            [
              -118.55751488633311,
              36.14830239044965
            ],
            [
              -118.5575188398596,
              36.148232424886864
            ],
            [
              -118.55759432283634,
              36.148235230525216
            ],
            [
              -118.55759036937646,
              36.148305196095166
            ]
          ]
        ]
      }
    },
    {
      "id": "611",
      "type": "Feature",
      "properties": {
        "id": null,
        "SOURCE_FILE": "/Users/maples/GitHub/mortalitree_testing/labels/annayu_mortalitree_prefire_labels.geojson",
        "SUNETID": "annayu",
        "FIRENAME": "CASTLE",
        "FIRE_SLUG": "CASTLE",
        "PREFIRE": 1,
        "PREFIRE_STATUS": "prefire",
        "TILE_Z": 17,
        "TILE_X": 22370,
        "TILE_Y": 51403,
        "TILEXYZ": [
          17,
          22370,
          51403
        ],
        "OUTPUT_FILE": "/Users/maples/GitHub/mortalitree_testing/notebooks/single_tiles/prefire/17/22370/51403.geojson",
        "OUTPUT_STATUS_DIR": "prefire",
        "FEATURE_COUNT": 458
      },
      "geometry": {
        "type": "Polygon",
        "coordinates": [
          [
            [
              -118.55756633186034,
              36.148348122966325
            ],
            [
              -118.55748006548173,
              36.14834491648987
            ],
            [
              -118.55748303065569,
              36.148292442320745
            ],
            [
              -118.55756929697718,
              36.14829564879108
            ],
            [
              -118.55756633186034,
              36.148348122966325
            ]
          ]
        ]
      }
    },
    {
      "id": "612",
      "type": "Feature",
      "properties": {
        "id": null,
        "SOURCE_FILE": "/Users/maples/GitHub/mortalitree_testing/labels/annayu_mortalitree_prefire_labels.geojson",
        "SUNETID": "annayu",
        "FIRENAME": "CASTLE",
        "FIRE_SLUG": "CASTLE",
        "PREFIRE": 1,
        "PREFIRE_STATUS": "prefire",
        "TILE_Z": 17,
        "TILE_X": 22370,
        "TILE_Y": 51403,
        "TILEXYZ": [
          17,
          22370,
          51403
        ],
        "OUTPUT_FILE": "/Users/maples/GitHub/mortalitree_testing/notebooks/single_tiles/prefire/17/22370/51403.geojson",
        "OUTPUT_STATUS_DIR": "prefire",
        "FEATURE_COUNT": 458
      },
      "geometry": {
        "type": "Polygon",
        "coordinates": [
          [
            [
              -118.55737335480528,
              36.14803420779357
            ],
            [
              -118.55728708879306,
              36.14803100120198
            ],
            [
              -118.55729054827218,
              36.14796978135081
            ],
            [
              -118.55737681421776,
              36.14797298793523
            ],
            [
              -118.55737335480528,
              36.14803420779357
            ]
          ]
        ]
      }
    },
    {
      "id": "613",
      "type": "Feature",
      "properties": {
        "id": null,
        "SOURCE_FILE": "/Users/maples/GitHub/mortalitree_testing/labels/annayu_mortalitree_prefire_labels.geojson",
        "SUNETID": "annayu",
        "FIRENAME": "CASTLE",
        "FIRE_SLUG": "CASTLE",
        "PREFIRE": 1,
        "PREFIRE_STATUS": "prefire",
        "TILE_Z": 17,
        "TILE_X": 22370,
        "TILE_Y": 51403,
        "TILEXYZ": [
          17,
          22370,
          51403
        ],
        "OUTPUT_FILE": "/Users/maples/GitHub/mortalitree_testing/notebooks/single_tiles/prefire/17/22370/51403.geojson",
        "OUTPUT_STATUS_DIR": "prefire",
        "FEATURE_COUNT": 458
      },
      "geometry": {
        "type": "Polygon",
        "coordinates": [
          [
            [
              -118.55741134328906,
              36.148031237810706
            ],
            [
              -118.55734664377772,
              36.148028832893516
            ],
            [
              -118.55734960900628,
              36.14797635873114
            ],
            [
              -118.55741430847478,
              36.14797876364375
            ],
            [
              -118.55741134328906,
              36.148031237810706
            ]
          ]
        ]
      }
    },
    {
      "id": "614",
      "type": "Feature",
      "properties": {
        "id": null,
        "SOURCE_FILE": "/Users/maples/GitHub/mortalitree_testing/labels/annayu_mortalitree_prefire_labels.geojson",
        "SUNETID": "annayu",
        "FIRENAME": "CASTLE",
        "FIRE_SLUG": "CASTLE",
        "PREFIRE": 1,
        "PREFIRE_STATUS": "prefire",
        "TILE_Z": 17,
        "TILE_X": 22370,
        "TILE_Y": 51403,
        "TILEXYZ": [
          17,
          22370,
          51403
        ],
        "OUTPUT_FILE": "/Users/maples/GitHub/mortalitree_testing/notebooks/single_tiles/prefire/17/22370/51403.geojson",
        "OUTPUT_STATUS_DIR": "prefire",
        "FEATURE_COUNT": 458
      },
      "geometry": {
        "type": "Polygon",
        "coordinates": [
          [
            [
              -118.55815596959604,
              36.14785733992891
            ],
            [
              -118.55810205340048,
              36.14785533617717
            ],
            [
              -118.55810501810701,
              36.14780286195939
            ],
            [
              -118.55815893426687,
              36.14780486570729
            ],
            [
              -118.55815596959604,
              36.14785733992891
            ]
          ]
        ]
      }
    },
    {
      "id": "615",
      "type": "Feature",
      "properties": {
        "id": null,
        "SOURCE_FILE": "/Users/maples/GitHub/mortalitree_testing/labels/annayu_mortalitree_prefire_labels.geojson",
        "SUNETID": "annayu",
        "FIRENAME": "CASTLE",
        "FIRE_SLUG": "CASTLE",
        "PREFIRE": 1,
        "PREFIRE_STATUS": "prefire",
        "TILE_Z": 17,
        "TILE_X": 22370,
        "TILE_Y": 51403,
        "TILEXYZ": [
          17,
          22370,
          51403
        ],
        "OUTPUT_FILE": "/Users/maples/GitHub/mortalitree_testing/notebooks/single_tiles/prefire/17/22370/51403.geojson",
        "OUTPUT_STATUS_DIR": "prefire",
        "FEATURE_COUNT": 458
      },
      "geometry": {
        "type": "Polygon",
        "coordinates": [
          [
            [
              -118.55810757599232,
              36.14756632722198
            ],
            [
              -118.55802131040635,
              36.14756312119488
            ],
            [
              -118.55802427513498,
              36.14751064698028
            ],
            [
              -118.55811054066382,
              36.14751385300127
            ],
            [
              -118.55810757599232,
              36.14756632722198
            ]
          ]
        ]
      }
    },
    {
      "id": "616",
      "type": "Feature",
      "properties": {
        "id": null,
        "SOURCE_FILE": "/Users/maples/GitHub/mortalitree_testing/labels/annayu_mortalitree_prefire_labels.geojson",
        "SUNETID": "annayu",
        "FIRENAME": "CASTLE",
        "FIRE_SLUG": "CASTLE",
        "PREFIRE": 1,
        "PREFIRE_STATUS": "prefire",
        "TILE_Z": 17,
        "TILE_X": 22370,
        "TILE_Y": 51403,
        "TILEXYZ": [
          17,
          22370,
          51403
        ],
        "OUTPUT_FILE": "/Users/maples/GitHub/mortalitree_testing/notebooks/single_tiles/prefire/17/22370/51403.geojson",
        "OUTPUT_STATUS_DIR": "prefire",
        "FEATURE_COUNT": 458
      },
      "geometry": {
        "type": "Polygon",
        "coordinates": [
          [
            [
              -118.55781173531017,
              36.14763859078111
            ],
            [
              -118.55772546967975,
              36.1476353845354
            ],
            [
              -118.55772892876813,
              36.147574164643686
            ],
            [
              -118.55781519433188,
              36.147577370882246
            ],
            [
              -118.55781173531017,
              36.14763859078111
            ]
          ]
        ]
      }
    },
    {
      "id": "617",
      "type": "Feature",
      "properties": {
        "id": null,
        "SOURCE_FILE": "/Users/maples/GitHub/mortalitree_testing/labels/annayu_mortalitree_prefire_labels.geojson",
        "SUNETID": "annayu",
        "FIRENAME": "CASTLE",
        "FIRE_SLUG": "CASTLE",
        "PREFIRE": 1,
        "PREFIRE_STATUS": "prefire",
        "TILE_Z": 17,
        "TILE_X": 22370,
        "TILE_Y": 51403,
        "TILEXYZ": [
          17,
          22370,
          51403
        ],
        "OUTPUT_FILE": "/Users/maples/GitHub/mortalitree_testing/notebooks/single_tiles/prefire/17/22370/51403.geojson",
        "OUTPUT_STATUS_DIR": "prefire",
        "FEATURE_COUNT": 458
      },
      "geometry": {
        "type": "Polygon",
        "coordinates": [
          [
            [
              -118.55741830656756,
              36.14781239503708
            ],
            [
              -118.55734282401406,
              36.147809589315926
            ],
            [
              -118.55734578922134,
              36.14775711515191
            ],
            [
              -118.55742127172489,
              36.14775992086771
            ],
            [
              -118.55741830656756,
              36.14781239503708
            ]
          ]
        ]
      }
    },
    {
      "id": "618",
      "type": "Feature",
      "properties": {
        "id": null,
        "SOURCE_FILE": "/Users/maples/GitHub/mortalitree_testing/labels/annayu_mortalitree_prefire_labels.geojson",
        "SUNETID": "annayu",
        "FIRENAME": "CASTLE",
        "FIRE_SLUG": "CASTLE",
        "PREFIRE": 1,
        "PREFIRE_STATUS": "prefire",
        "TILE_Z": 17,
        "TILE_X": 22370,
        "TILE_Y": 51403,
        "TILEXYZ": [
          17,
          22370,
          51403
        ],
        "OUTPUT_FILE": "/Users/maples/GitHub/mortalitree_testing/notebooks/single_tiles/prefire/17/22370/51403.geojson",
        "OUTPUT_STATUS_DIR": "prefire",
        "FEATURE_COUNT": 458
      },
      "geometry": {
        "type": "Polygon",
        "coordinates": [
          [
            [
              -118.55734796852401,
              36.147814162573155
            ],
            [
              -118.55728326919655,
              36.14781175763411
            ],
            [
              -118.55728623444375,
              36.147759283474365
            ],
            [
              -118.5573509337284,
              36.147761688408806
            ],
            [
              -118.55734796852401,
              36.147814162573155
            ]
          ]
        ]
      }
    },
    {
      "id": "619",
      "type": "Feature",
      "properties": {
        "id": null,
        "SOURCE_FILE": "/Users/maples/GitHub/mortalitree_testing/labels/annayu_mortalitree_prefire_labels.geojson",
        "SUNETID": "annayu",
        "FIRENAME": "CASTLE",
        "FIRE_SLUG": "CASTLE",
        "PREFIRE": 1,
        "PREFIRE_STATUS": "prefire",
        "TILE_Z": 17,
        "TILE_X": 22370,
        "TILE_Y": 51403,
        "TILEXYZ": [
          17,
          22370,
          51403
        ],
        "OUTPUT_FILE": "/Users/maples/GitHub/mortalitree_testing/notebooks/single_tiles/prefire/17/22370/51403.geojson",
        "OUTPUT_STATUS_DIR": "prefire",
        "FEATURE_COUNT": 458
      },
      "geometry": {
        "type": "Polygon",
        "coordinates": [
          [
            [
              -118.55718058150045,
              36.14781232258876
            ],
            [
              -118.55709431575383,
              36.1478091158752
            ],
            [
              -118.55709777535465,
              36.1477478960378
            ],
            [
              -118.55718404103465,
              36.147751102744216
            ],
            [
              -118.55718058150045,
              36.14781232258876
            ]
          ]
        ]
      }
    },
    {
      "id": "620",
      "type": "Feature",
      "properties": {
        "id": null,
        "SOURCE_FILE": "/Users/maples/GitHub/mortalitree_testing/labels/annayu_mortalitree_prefire_labels.geojson",
        "SUNETID": "annayu",
        "FIRENAME": "CASTLE",
        "FIRE_SLUG": "CASTLE",
        "PREFIRE": 1,
        "PREFIRE_STATUS": "prefire",
        "TILE_Z": 17,
        "TILE_X": 22370,
        "TILE_Y": 51403,
        "TILEXYZ": [
          17,
          22370,
          51403
        ],
        "OUTPUT_FILE": "/Users/maples/GitHub/mortalitree_testing/notebooks/single_tiles/prefire/17/22370/51403.geojson",
        "OUTPUT_STATUS_DIR": "prefire",
        "FEATURE_COUNT": 458
      },
      "geometry": {
        "type": "Polygon",
        "coordinates": [
          [
            [
              -118.55697787940503,
              36.14786175395205
            ],
            [
              -118.55692396329282,
              36.14785974966972
            ],
            [
              -118.55692643453648,
              36.14781602122503
            ],
            [
              -118.55698035061894,
              36.14781802550417
            ],
            [
              -118.55697787940503,
              36.14786175395205
            ]
          ]
        ]
      }
    },
    {
      "id": "621",
      "type": "Feature",
      "properties": {
        "id": null,
        "SOURCE_FILE": "/Users/maples/GitHub/mortalitree_testing/labels/annayu_mortalitree_prefire_labels.geojson",
        "SUNETID": "annayu",
        "FIRENAME": "CASTLE",
        "FIRE_SLUG": "CASTLE",
        "PREFIRE": 1,
        "PREFIRE_STATUS": "prefire",
        "TILE_Z": 17,
        "TILE_X": 22370,
        "TILE_Y": 51403,
        "TILEXYZ": [
          17,
          22370,
          51403
        ],
        "OUTPUT_FILE": "/Users/maples/GitHub/mortalitree_testing/notebooks/single_tiles/prefire/17/22370/51403.geojson",
        "OUTPUT_STATUS_DIR": "prefire",
        "FEATURE_COUNT": 458
      },
      "geometry": {
        "type": "Polygon",
        "coordinates": [
          [
            [
              -118.55670524241908,
              36.148097012390075
            ],
            [
              -118.55666210941608,
              36.14809540885901
            ],
            [
              -118.55666458082639,
              36.148051680431614
            ],
            [
              -118.55670771380561,
              36.14805328396013
            ],
            [
              -118.55670524241908,
              36.148097012390075
            ]
          ]
        ]
      }
    },
    {
      "id": "622",
      "type": "Feature",
      "properties": {
        "id": null,
        "SOURCE_FILE": "/Users/maples/GitHub/mortalitree_testing/labels/annayu_mortalitree_prefire_labels.geojson",
        "SUNETID": "annayu",
        "FIRENAME": "CASTLE",
        "FIRE_SLUG": "CASTLE",
        "PREFIRE": 1,
        "PREFIRE_STATUS": "prefire",
        "TILE_Z": 17,
        "TILE_X": 22370,
        "TILE_Y": 51403,
        "TILEXYZ": [
          17,
          22370,
          51403
        ],
        "OUTPUT_FILE": "/Users/maples/GitHub/mortalitree_testing/notebooks/single_tiles/prefire/17/22370/51403.geojson",
        "OUTPUT_STATUS_DIR": "prefire",
        "FEATURE_COUNT": 458
      },
      "geometry": {
        "type": "Polygon",
        "coordinates": [
          [
            [
              -118.55665671779093,
              36.14809520841653
            ],
            [
              -118.5566028015425,
              36.1480932039785
            ],
            [
              -118.55660576727351,
              36.148040729869784
            ],
            [
              -118.55665968348626,
              36.14804273430398
            ],
            [
              -118.55665671779093,
              36.14809520841653
            ]
          ]
        ]
      }
    },
    {
      "id": "623",
      "type": "Feature",
      "properties": {
        "id": null,
        "SOURCE_FILE": "/Users/maples/GitHub/mortalitree_testing/labels/annayu_mortalitree_prefire_labels.geojson",
        "SUNETID": "annayu",
        "FIRENAME": "CASTLE",
        "FIRE_SLUG": "CASTLE",
        "PREFIRE": 1,
        "PREFIRE_STATUS": "prefire",
        "TILE_Z": 17,
        "TILE_X": 22370,
        "TILE_Y": 51403,
        "TILEXYZ": [
          17,
          22370,
          51403
        ],
        "OUTPUT_FILE": "/Users/maples/GitHub/mortalitree_testing/notebooks/single_tiles/prefire/17/22370/51403.geojson",
        "OUTPUT_STATUS_DIR": "prefire",
        "FEATURE_COUNT": 458
      },
      "geometry": {
        "type": "Polygon",
        "coordinates": [
          [
            [
              -118.55668585472051,
              36.14815325802474
            ],
            [
              -118.5566319384302,
              36.14815125359707
            ],
            [
              -118.55663440986233,
              36.14810752517187
            ],
            [
              -118.55668832612287,
              36.14810952959635
            ],
            [
              -118.55668585472051,
              36.14815325802474
            ]
          ]
        ]
      }
    },
    {
      "id": "624",
      "type": "Feature",
      "properties": {
        "id": null,
        "SOURCE_FILE": "/Users/maples/GitHub/mortalitree_testing/labels/annayu_mortalitree_prefire_labels.geojson",
        "SUNETID": "annayu",
        "FIRENAME": "CASTLE",
        "FIRE_SLUG": "CASTLE",
        "PREFIRE": 1,
        "PREFIRE_STATUS": "prefire",
        "TILE_Z": 17,
        "TILE_X": 22370,
        "TILE_Y": 51403,
        "TILEXYZ": [
          17,
          22370,
          51403
        ],
        "OUTPUT_FILE": "/Users/maples/GitHub/mortalitree_testing/notebooks/single_tiles/prefire/17/22370/51403.geojson",
        "OUTPUT_STATUS_DIR": "prefire",
        "FEATURE_COUNT": 458
      },
      "geometry": {
        "type": "Polygon",
        "coordinates": [
          [
            [
              -118.55837529674399,
              36.1478961650297
            ],
            [
              -118.55827824751904,
              36.14789255843358
            ],
            [
              -118.55828220030828,
              36.14782259279339
            ],
            [
              -118.55837924944755,
              36.14782619938031
            ],
            [
              -118.55837529674399,
              36.1478961650297
            ]
          ]
        ]
      }
    },
    {
      "id": "625",
      "type": "Feature",
      "properties": {
        "id": null,
        "SOURCE_FILE": "/Users/maples/GitHub/mortalitree_testing/labels/annayu_mortalitree_prefire_labels.geojson",
        "SUNETID": "annayu",
        "FIRENAME": "CASTLE",
        "FIRE_SLUG": "CASTLE",
        "PREFIRE": 1,
        "PREFIRE_STATUS": "prefire",
        "TILE_Z": 17,
        "TILE_X": 22370,
        "TILE_Y": 51403,
        "TILEXYZ": [
          17,
          22370,
          51403
        ],
        "OUTPUT_FILE": "/Users/maples/GitHub/mortalitree_testing/notebooks/single_tiles/prefire/17/22370/51403.geojson",
        "OUTPUT_STATUS_DIR": "prefire",
        "FEATURE_COUNT": 458
      },
      "geometry": {
        "type": "Polygon",
        "coordinates": [
          [
            [
              -118.55855470257438,
              36.147876539794424
            ],
            [
              -118.55847921984278,
              36.147873734785264
            ],
            [
              -118.55848267837555,
              36.14781251483325
            ],
            [
              -118.55855816104884,
              36.14781531983615
            ],
            [
              -118.55855470257438,
              36.147876539794424
            ]
          ]
        ]
      }
    },
    {
      "id": "626",
      "type": "Feature",
      "properties": {
        "id": null,
        "SOURCE_FILE": "/Users/maples/GitHub/mortalitree_testing/labels/annayu_mortalitree_prefire_labels.geojson",
        "SUNETID": "annayu",
        "FIRENAME": "CASTLE",
        "FIRE_SLUG": "CASTLE",
        "PREFIRE": 1,
        "PREFIRE_STATUS": "prefire",
        "TILE_Z": 17,
        "TILE_X": 22370,
        "TILE_Y": 51403,
        "TILEXYZ": [
          17,
          22370,
          51403
        ],
        "OUTPUT_FILE": "/Users/maples/GitHub/mortalitree_testing/notebooks/single_tiles/prefire/17/22370/51403.geojson",
        "OUTPUT_STATUS_DIR": "prefire",
        "FEATURE_COUNT": 458
      },
      "geometry": {
        "type": "Polygon",
        "coordinates": [
          [
            [
              -118.55858384089301,
              36.1479345890325
            ],
            [
              -118.55851914135789,
              36.14793218475426
            ],
            [
              -118.55852309393889,
              36.14786221909161
            ],
            [
              -118.55858779341689,
              36.147864623363716
            ],
            [
              -118.55858384089301,
              36.1479345890325
            ]
          ]
        ]
      }
    },
    {
      "id": "627",
      "type": "Feature",
      "properties": {
        "id": null,
        "SOURCE_FILE": "/Users/maples/GitHub/mortalitree_testing/labels/annayu_mortalitree_prefire_labels.geojson",
        "SUNETID": "annayu",
        "FIRENAME": "CASTLE",
        "FIRE_SLUG": "CASTLE",
        "PREFIRE": 1,
        "PREFIRE_STATUS": "prefire",
        "TILE_Z": 17,
        "TILE_X": 22370,
        "TILE_Y": 51403,
        "TILEXYZ": [
          17,
          22370,
          51403
        ],
        "OUTPUT_FILE": "/Users/maples/GitHub/mortalitree_testing/notebooks/single_tiles/prefire/17/22370/51403.geojson",
        "OUTPUT_STATUS_DIR": "prefire",
        "FEATURE_COUNT": 458
      },
      "geometry": {
        "type": "Polygon",
        "coordinates": [
          [
            [
              -118.55861861791514,
              36.14798846576553
            ],
            [
              -118.5585539183327,
              36.14798606150301
            ],
            [
              -118.55855737682162,
              36.147924841545915
            ],
            [
              -118.55862207635407,
              36.147927245803075
            ],
            [
              -118.55861861791514,
              36.14798846576553
            ]
          ]
        ]
      }
    },
    {
      "id": "628",
      "type": "Feature",
      "properties": {
        "id": null,
        "SOURCE_FILE": "/Users/maples/GitHub/mortalitree_testing/labels/annayu_mortalitree_prefire_labels.geojson",
        "SUNETID": "annayu",
        "FIRENAME": "CASTLE",
        "FIRE_SLUG": "CASTLE",
        "PREFIRE": 1,
        "PREFIRE_STATUS": "prefire",
        "TILE_Z": 17,
        "TILE_X": 22370,
        "TILE_Y": 51403,
        "TILEXYZ": [
          17,
          22370,
          51403
        ],
        "OUTPUT_FILE": "/Users/maples/GitHub/mortalitree_testing/notebooks/single_tiles/prefire/17/22370/51403.geojson",
        "OUTPUT_STATUS_DIR": "prefire",
        "FEATURE_COUNT": 458
      },
      "geometry": {
        "type": "Polygon",
        "coordinates": [
          [
            [
              -118.55859956479044,
              36.147847532654716
            ],
            [
              -118.55854564856907,
              36.14784552910316
            ],
            [
              -118.55854861297905,
              36.14779305485363
            ],
            [
              -118.55860252916473,
              36.14779505840136
            ],
            [
              -118.55859956479044,
              36.147847532654716
            ]
          ]
        ]
      }
    },
    {
      "id": "629",
      "type": "Feature",
      "properties": {
        "id": null,
        "SOURCE_FILE": "/Users/maples/GitHub/mortalitree_testing/labels/annayu_mortalitree_prefire_labels.geojson",
        "SUNETID": "annayu",
        "FIRENAME": "CASTLE",
        "FIRE_SLUG": "CASTLE",
        "PREFIRE": 1,
        "PREFIRE_STATUS": "prefire",
        "TILE_Z": 17,
        "TILE_X": 22370,
        "TILE_Y": 51403,
        "TILEXYZ": [
          17,
          22370,
          51403
        ],
        "OUTPUT_FILE": "/Users/maples/GitHub/mortalitree_testing/notebooks/single_tiles/prefire/17/22370/51403.geojson",
        "OUTPUT_STATUS_DIR": "prefire",
        "FEATURE_COUNT": 458
      },
      "geometry": {
        "type": "Polygon",
        "coordinates": [
          [
            [
              -118.55838740185561,
              36.147681895224686
            ],
            [
              -118.55827956967603,
              36.14767788792211
            ],
            [
              -118.55828352243306,
              36.14760792227928
            ],
            [
              -118.55839135451743,
              36.147611929571646
            ],
            [
              -118.55838740185561,
              36.147681895224686
            ]
          ]
        ]
      }
    },
    {
      "id": "630",
      "type": "Feature",
      "properties": {
        "id": null,
        "SOURCE_FILE": "/Users/maples/GitHub/mortalitree_testing/labels/annayu_mortalitree_prefire_labels.geojson",
        "SUNETID": "annayu",
        "FIRENAME": "CASTLE",
        "FIRE_SLUG": "CASTLE",
        "PREFIRE": 1,
        "PREFIRE_STATUS": "prefire",
        "TILE_Z": 17,
        "TILE_X": 22370,
        "TILE_Y": 51403,
        "TILEXYZ": [
          17,
          22370,
          51403
        ],
        "OUTPUT_FILE": "/Users/maples/GitHub/mortalitree_testing/notebooks/single_tiles/prefire/17/22370/51403.geojson",
        "OUTPUT_STATUS_DIR": "prefire",
        "FEATURE_COUNT": 458
      },
      "geometry": {
        "type": "Polygon",
        "coordinates": [
          [
            [
              -118.558430083907,
              36.14759584068679
            ],
            [
              -118.55835460145714,
              36.14759303561776
            ],
            [
              -118.55835954230264,
              36.14750557855388
            ],
            [
              -118.55843502466922,
              36.147508383613975
            ],
            [
              -118.558430083907,
              36.14759584068679
            ]
          ]
        ]
      }
    },
    {
      "id": "631",
      "type": "Feature",
      "properties": {
        "id": null,
        "SOURCE_FILE": "/Users/maples/GitHub/mortalitree_testing/labels/annayu_mortalitree_prefire_labels.geojson",
        "SUNETID": "annayu",
        "FIRENAME": "CASTLE",
        "FIRE_SLUG": "CASTLE",
        "PREFIRE": 1,
        "PREFIRE_STATUS": "prefire",
        "TILE_Z": 17,
        "TILE_X": 22370,
        "TILE_Y": 51403,
        "TILEXYZ": [
          17,
          22370,
          51403
        ],
        "OUTPUT_FILE": "/Users/maples/GitHub/mortalitree_testing/notebooks/single_tiles/prefire/17/22370/51403.geojson",
        "OUTPUT_STATUS_DIR": "prefire",
        "FEATURE_COUNT": 458
      },
      "geometry": {
        "type": "Polygon",
        "coordinates": [
          [
            [
              -118.55834896281085,
              36.147597208106994
            ],
            [
              -118.55825191395769,
              36.14759360151512
            ],
            [
              -118.55825537263165,
              36.14753238157915
            ],
            [
              -118.55835242140985,
              36.14753598816298
            ],
            [
              -118.55834896281085,
              36.147597208106994
            ]
          ]
        ]
      }
    },
    {
      "id": "632",
      "type": "Feature",
      "properties": {
        "id": null,
        "SOURCE_FILE": "/Users/maples/GitHub/mortalitree_testing/labels/annayu_mortalitree_prefire_labels.geojson",
        "SUNETID": "annayu",
        "FIRENAME": "CASTLE",
        "FIRE_SLUG": "CASTLE",
        "PREFIRE": 1,
        "PREFIRE_STATUS": "prefire",
        "TILE_Z": 17,
        "TILE_X": 22370,
        "TILE_Y": 51403,
        "TILEXYZ": [
          17,
          22370,
          51403
        ],
        "OUTPUT_FILE": "/Users/maples/GitHub/mortalitree_testing/notebooks/single_tiles/prefire/17/22370/51403.geojson",
        "OUTPUT_STATUS_DIR": "prefire",
        "FEATURE_COUNT": 458
      },
      "geometry": {
        "type": "Polygon",
        "coordinates": [
          [
            [
              -118.55816791535838,
              36.14745463680346
            ],
            [
              -118.55807086670474,
              36.147451030077065
            ],
            [
              -118.55807531372706,
              36.14737231874816
            ],
            [
              -118.55817236228431,
              36.14737592546421
            ],
            [
              -118.55816791535838,
              36.14745463680346
            ]
          ]
        ]
      }
    },
    {
      "id": "633",
      "type": "Feature",
      "properties": {
        "id": null,
        "SOURCE_FILE": "/Users/maples/GitHub/mortalitree_testing/labels/annayu_mortalitree_prefire_labels.geojson",
        "SUNETID": "annayu",
        "FIRENAME": "CASTLE",
        "FIRE_SLUG": "CASTLE",
        "PREFIRE": 1,
        "PREFIRE_STATUS": "prefire",
        "TILE_Z": 17,
        "TILE_X": 22370,
        "TILE_Y": 51403,
        "TILEXYZ": [
          17,
          22370,
          51403
        ],
        "OUTPUT_FILE": "/Users/maples/GitHub/mortalitree_testing/notebooks/single_tiles/prefire/17/22370/51403.geojson",
        "OUTPUT_STATUS_DIR": "prefire",
        "FEATURE_COUNT": 458
      },
      "geometry": {
        "type": "Polygon",
        "coordinates": [
          [
            [
              -118.55719614932217,
              36.1475368332811
            ],
            [
              -118.55708831751583,
              36.147532824919686
            ],
            [
              -118.55709325975627,
              36.14744536800552
            ],
            [
              -118.5572010914436,
              36.14744937635416
            ],
            [
              -118.55719614932217,
              36.1475368332811
            ]
          ]
        ]
      }
    },
    {
      "id": "634",
      "type": "Feature",
      "properties": {
        "id": null,
        "SOURCE_FILE": "/Users/maples/GitHub/mortalitree_testing/labels/annayu_mortalitree_prefire_labels.geojson",
        "SUNETID": "annayu",
        "FIRENAME": "CASTLE",
        "FIRE_SLUG": "CASTLE",
        "PREFIRE": 1,
        "PREFIRE_STATUS": "prefire",
        "TILE_Z": 17,
        "TILE_X": 22370,
        "TILE_Y": 51403,
        "TILEXYZ": [
          17,
          22370,
          51403
        ],
        "OUTPUT_FILE": "/Users/maples/GitHub/mortalitree_testing/notebooks/single_tiles/prefire/17/22370/51403.geojson",
        "OUTPUT_STATUS_DIR": "prefire",
        "FEATURE_COUNT": 458
      },
      "geometry": {
        "type": "Polygon",
        "coordinates": [
          [
            [
              -118.55722701623834,
              36.14756427284953
            ],
            [
              -118.55716231712675,
              36.14756186785939
            ],
            [
              -118.55716478821115,
              36.14751813939836
            ],
            [
              -118.55722948728707,
              36.14752054438466
            ],
            [
              -118.55722701623834,
              36.14756427284953
            ]
          ]
        ]
      }
    },
    {
      "id": "635",
      "type": "Feature",
      "properties": {
        "id": null,
        "SOURCE_FILE": "/Users/maples/GitHub/mortalitree_testing/labels/annayu_mortalitree_prefire_labels.geojson",
        "SUNETID": "annayu",
        "FIRENAME": "CASTLE",
        "FIRE_SLUG": "CASTLE",
        "PREFIRE": 1,
        "PREFIRE_STATUS": "prefire",
        "TILE_Z": 17,
        "TILE_X": 22370,
        "TILE_Y": 51403,
        "TILEXYZ": [
          17,
          22370,
          51403
        ],
        "OUTPUT_FILE": "/Users/maples/GitHub/mortalitree_testing/notebooks/single_tiles/prefire/17/22370/51403.geojson",
        "OUTPUT_STATUS_DIR": "prefire",
        "FEATURE_COUNT": 458
      },
      "geometry": {
        "type": "Polygon",
        "coordinates": [
          [
            [
              -118.55720055248739,
              36.14755452508193
            ],
            [
              -118.55713585338613,
              36.147552120078046
            ],
            [
              -118.55713832448434,
              36.14750839161851
            ],
            [
              -118.55720302354993,
              36.147510796618555
            ],
            [
              -118.55720055248739,
              36.14755452508193
            ]
          ]
        ]
      }
    },
    {
      "id": "636",
      "type": "Feature",
      "properties": {
        "id": null,
        "SOURCE_FILE": "/Users/maples/GitHub/mortalitree_testing/labels/annayu_mortalitree_prefire_labels.geojson",
        "SUNETID": "annayu",
        "FIRENAME": "CASTLE",
        "FIRE_SLUG": "CASTLE",
        "PREFIRE": 1,
        "PREFIRE_STATUS": "prefire",
        "TILE_Z": 17,
        "TILE_X": 22370,
        "TILE_Y": 51403,
        "TILEXYZ": [
          17,
          22370,
          51403
        ],
        "OUTPUT_FILE": "/Users/maples/GitHub/mortalitree_testing/notebooks/single_tiles/prefire/17/22370/51403.geojson",
        "OUTPUT_STATUS_DIR": "prefire",
        "FEATURE_COUNT": 458
      },
      "geometry": {
        "type": "Polygon",
        "coordinates": [
          [
            [
              -118.55694440586184,
              36.148167251785324
            ],
            [
              -118.55687970627986,
              36.1481648466081
            ],
            [
              -118.5568826718342,
              36.148112372480256
            ],
            [
              -118.55694737137334,
              36.14811477765287
            ],
            [
              -118.55694440586184,
              36.148167251785324
            ]
          ]
        ]
      }
    },
    {
      "id": "637",
      "type": "Feature",
      "properties": {
        "id": null,
        "SOURCE_FILE": "/Users/maples/GitHub/mortalitree_testing/labels/annayu_mortalitree_prefire_labels.geojson",
        "SUNETID": "annayu",
        "FIRENAME": "CASTLE",
        "FIRE_SLUG": "CASTLE",
        "PREFIRE": 1,
        "PREFIRE_STATUS": "prefire",
        "TILE_Z": 17,
        "TILE_X": 22370,
        "TILE_Y": 51403,
        "TILEXYZ": [
          17,
          22370,
          51403
        ],
        "OUTPUT_FILE": "/Users/maples/GitHub/mortalitree_testing/notebooks/single_tiles/prefire/17/22370/51403.geojson",
        "OUTPUT_STATUS_DIR": "prefire",
        "FEATURE_COUNT": 458
      },
      "geometry": {
        "type": "Polygon",
        "coordinates": [
          [
            [
              -118.55830599020943,
              36.147784038589634
            ],
            [
              -118.55821972436176,
              36.14778083268889
            ],
            [
              -118.55822367718683,
              36.14771086705296
            ],
            [
              -118.55830994295835,
              36.14771407294554
            ],
            [
              -118.55830599020943,
              36.147784038589634
            ]
          ]
        ]
      }
    },
    {
      "id": "638",
      "type": "Feature",
      "properties": {
        "id": null,
        "SOURCE_FILE": "/Users/maples/GitHub/mortalitree_testing/labels/annayu_mortalitree_prefire_labels.geojson",
        "SUNETID": "annayu",
        "FIRENAME": "CASTLE",
        "FIRE_SLUG": "CASTLE",
        "PREFIRE": 1,
        "PREFIRE_STATUS": "prefire",
        "TILE_Z": 17,
        "TILE_X": 22370,
        "TILE_Y": 51403,
        "TILEXYZ": [
          17,
          22370,
          51403
        ],
        "OUTPUT_FILE": "/Users/maples/GitHub/mortalitree_testing/notebooks/single_tiles/prefire/17/22370/51403.geojson",
        "OUTPUT_STATUS_DIR": "prefire",
        "FEATURE_COUNT": 458
      },
      "geometry": {
        "type": "Polygon",
        "coordinates": [
          [
            [
              -118.5581782219296,
              36.14842584852358
            ],
            [
              -118.55808014692279,
              36.1484222036227
            ],
            [
              -118.55808339269757,
              36.148364756074514
            ],
            [
              -118.55818146763328,
              36.148368400967755
            ],
            [
              -118.5581782219296,
              36.14842584852358
            ]
          ]
        ]
      }
    },
    {
      "id": "639",
      "type": "Feature",
      "properties": {
        "id": null,
        "SOURCE_FILE": "/Users/maples/GitHub/mortalitree_testing/labels/annayu_mortalitree_prefire_labels.geojson",
        "SUNETID": "annayu",
        "FIRENAME": "CASTLE",
        "FIRE_SLUG": "CASTLE",
        "PREFIRE": 1,
        "PREFIRE_STATUS": "prefire",
        "TILE_Z": 17,
        "TILE_X": 22370,
        "TILE_Y": 51403,
        "TILEXYZ": [
          17,
          22370,
          51403
        ],
        "OUTPUT_FILE": "/Users/maples/GitHub/mortalitree_testing/notebooks/single_tiles/prefire/17/22370/51403.geojson",
        "OUTPUT_STATUS_DIR": "prefire",
        "FEATURE_COUNT": 458
      },
      "geometry": {
        "type": "Polygon",
        "coordinates": [
          [
            [
              -118.55812635737503,
              36.148377423643076
            ],
            [
              -118.55806097408002,
              36.14837499369253
            ],
            [
              -118.55806446953842,
              36.148313127103265
            ],
            [
              -118.55812985278239,
              36.14831555704835
            ],
            [
              -118.55812635737503,
              36.148377423643076
            ]
          ]
        ]
      }
    },
    {
      "id": "640",
      "type": "Feature",
      "properties": {
        "id": null,
        "SOURCE_FILE": "/Users/maples/GitHub/mortalitree_testing/labels/annayu_mortalitree_prefire_labels.geojson",
        "SUNETID": "annayu",
        "FIRENAME": "CASTLE",
        "FIRE_SLUG": "CASTLE",
        "PREFIRE": 1,
        "PREFIRE_STATUS": "prefire",
        "TILE_Z": 17,
        "TILE_X": 22370,
        "TILE_Y": 51403,
        "TILEXYZ": [
          17,
          22370,
          51403
        ],
        "OUTPUT_FILE": "/Users/maples/GitHub/mortalitree_testing/notebooks/single_tiles/prefire/17/22370/51403.geojson",
        "OUTPUT_STATUS_DIR": "prefire",
        "FEATURE_COUNT": 458
      },
      "geometry": {
        "type": "Polygon",
        "coordinates": [
          [
            [
              -118.55754130146401,
              36.148247185092764
            ],
            [
              -118.55748136692338,
              36.14824495735353
            ],
            [
              -118.55748336458008,
              36.148209605044016
            ],
            [
              -118.55754329909398,
              36.148211832780376
            ],
            [
              -118.55754130146401,
              36.148247185092764
            ]
          ]
        ]
      }
    },
    {
      "id": "641",
      "type": "Feature",
      "properties": {
        "id": null,
        "SOURCE_FILE": "/Users/maples/GitHub/mortalitree_testing/labels/annayu_mortalitree_prefire_labels.geojson",
        "SUNETID": "annayu",
        "FIRENAME": "CASTLE",
        "FIRE_SLUG": "CASTLE",
        "PREFIRE": 1,
        "PREFIRE_STATUS": "prefire",
        "TILE_Z": 17,
        "TILE_X": 22370,
        "TILE_Y": 51403,
        "TILEXYZ": [
          17,
          22370,
          51403
        ],
        "OUTPUT_FILE": "/Users/maples/GitHub/mortalitree_testing/notebooks/single_tiles/prefire/17/22370/51403.geojson",
        "OUTPUT_STATUS_DIR": "prefire",
        "FEATURE_COUNT": 458
      },
      "geometry": {
        "type": "Polygon",
        "coordinates": [
          [
            [
              -118.5588780210906,
              36.1481197296051
            ],
            [
              -118.55880718934735,
              36.14811709761774
            ],
            [
              -118.55881018492461,
              36.14806406905663
            ],
            [
              -118.55888101662046,
              36.14806670103891
            ],
            [
              -118.5588780210906,
              36.1481197296051
            ]
          ]
        ]
      }
    },
    {
      "id": "642",
      "type": "Feature",
      "properties": {
        "id": null,
        "SOURCE_FILE": "/Users/maples/GitHub/mortalitree_testing/labels/annayu_mortalitree_prefire_labels.geojson",
        "SUNETID": "annayu",
        "FIRENAME": "CASTLE",
        "FIRE_SLUG": "CASTLE",
        "PREFIRE": 1,
        "PREFIRE_STATUS": "prefire",
        "TILE_Z": 17,
        "TILE_X": 22370,
        "TILE_Y": 51403,
        "TILEXYZ": [
          17,
          22370,
          51403
        ],
        "OUTPUT_FILE": "/Users/maples/GitHub/mortalitree_testing/notebooks/single_tiles/prefire/17/22370/51403.geojson",
        "OUTPUT_STATUS_DIR": "prefire",
        "FEATURE_COUNT": 458
      },
      "geometry": {
        "type": "Polygon",
        "coordinates": [
          [
            [
              -118.55888026773874,
              36.148079958180524
            ],
            [
              -118.5588148846236,
              36.14807752865874
            ],
            [
              -118.55881812982163,
              36.14802008104986
            ],
            [
              -118.5588835128894,
              36.14802251056657
            ],
            [
              -118.55888026773874,
              36.148079958180524
            ]
          ]
        ]
      }
    },
    {
      "id": "643",
      "type": "Feature",
      "properties": {
        "id": null,
        "SOURCE_FILE": "/Users/maples/GitHub/mortalitree_testing/labels/annayu_mortalitree_prefire_labels.geojson",
        "SUNETID": "annayu",
        "FIRENAME": "CASTLE",
        "FIRE_SLUG": "CASTLE",
        "PREFIRE": 1,
        "PREFIRE_STATUS": "prefire",
        "TILE_Z": 17,
        "TILE_X": 22370,
        "TILE_Y": 51403,
        "TILEXYZ": [
          17,
          22370,
          51403
        ],
        "OUTPUT_FILE": "/Users/maples/GitHub/mortalitree_testing/notebooks/single_tiles/prefire/17/22370/51403.geojson",
        "OUTPUT_STATUS_DIR": "prefire",
        "FEATURE_COUNT": 458
      },
      "geometry": {
        "type": "Polygon",
        "coordinates": [
          [
            [
              -118.55867369877926,
              36.14811213722044
            ],
            [
              -118.55861921284247,
              36.148110112525885
            ],
            [
              -118.55862195890387,
              36.148061503023925
            ],
            [
              -118.55867644480725,
              36.1480635277149
            ],
            [
              -118.55867369877926,
              36.14811213722044
            ]
          ]
        ]
      }
    },
    {
      "id": "644",
      "type": "Feature",
      "properties": {
        "id": null,
        "SOURCE_FILE": "/Users/maples/GitHub/mortalitree_testing/labels/annayu_mortalitree_prefire_labels.geojson",
        "SUNETID": "annayu",
        "FIRENAME": "CASTLE",
        "FIRE_SLUG": "CASTLE",
        "PREFIRE": 1,
        "PREFIRE_STATUS": "prefire",
        "TILE_Z": 17,
        "TILE_X": 22370,
        "TILE_Y": 51403,
        "TILEXYZ": [
          17,
          22370,
          51403
        ],
        "OUTPUT_FILE": "/Users/maples/GitHub/mortalitree_testing/notebooks/single_tiles/prefire/17/22370/51403.geojson",
        "OUTPUT_STATUS_DIR": "prefire",
        "FEATURE_COUNT": 458
      },
      "geometry": {
        "type": "Polygon",
        "coordinates": [
          [
            [
              -118.55895209794872,
              36.148064913931826
            ],
            [
              -118.55888671483966,
              36.14806248445011
            ],
            [
              -118.55889070886158,
              36.14799177969353
            ],
            [
              -118.55895609191231,
              36.14799420916898
            ],
            [
              -118.55895209794872,
              36.148064913931826
            ]
          ]
        ]
      }
    },
    {
      "id": "645",
      "type": "Feature",
      "properties": {
        "id": null,
        "SOURCE_FILE": "/Users/maples/GitHub/mortalitree_testing/labels/annayu_mortalitree_prefire_labels.geojson",
        "SUNETID": "annayu",
        "FIRENAME": "CASTLE",
        "FIRE_SLUG": "CASTLE",
        "PREFIRE": 1,
        "PREFIRE_STATUS": "prefire",
        "TILE_Z": 17,
        "TILE_X": 22370,
        "TILE_Y": 51403,
        "TILEXYZ": [
          17,
          22370,
          51403
        ],
        "OUTPUT_FILE": "/Users/maples/GitHub/mortalitree_testing/notebooks/single_tiles/prefire/17/22370/51403.geojson",
        "OUTPUT_STATUS_DIR": "prefire",
        "FEATURE_COUNT": 458
      },
      "geometry": {
        "type": "Polygon",
        "coordinates": [
          [
            [
              -118.55891067418064,
              36.147928310877596
            ],
            [
              -118.55891616590065,
              36.14783109183163
            ],
            [
              -118.5589599609375,
              36.14783271912963
            ],
            [
              -118.5589599609375,
              36.14793014223641
            ],
            [
              -118.55891067418064,
              36.147928310877596
            ]
          ]
        ]
      }
    },
    {
      "id": "646",
      "type": "Feature",
      "properties": {
        "id": null,
        "SOURCE_FILE": "/Users/maples/GitHub/mortalitree_testing/labels/annayu_mortalitree_prefire_labels.geojson",
        "SUNETID": "annayu",
        "FIRENAME": "CASTLE",
        "FIRE_SLUG": "CASTLE",
        "PREFIRE": 1,
        "PREFIRE_STATUS": "prefire",
        "TILE_Z": 17,
        "TILE_X": 22370,
        "TILE_Y": 51403,
        "TILEXYZ": [
          17,
          22370,
          51403
        ],
        "OUTPUT_FILE": "/Users/maples/GitHub/mortalitree_testing/notebooks/single_tiles/prefire/17/22370/51403.geojson",
        "OUTPUT_STATUS_DIR": "prefire",
        "FEATURE_COUNT": 458
      },
      "geometry": {
        "type": "Polygon",
        "coordinates": [
          [
            [
              -118.5588565411846,
              36.14796836847718
            ],
            [
              -118.55886103447324,
              36.14788882562795
            ],
            [
              -118.5589599609375,
              36.147892501499896
            ],
            [
              -118.5589599609375,
              36.147972211316315
            ],
            [
              -118.5588565411846,
              36.14796836847718
            ]
          ]
        ]
      }
    },
    {
      "id": "647",
      "type": "Feature",
      "properties": {
        "id": null,
        "SOURCE_FILE": "/Users/maples/GitHub/mortalitree_testing/labels/annayu_mortalitree_prefire_labels.geojson",
        "SUNETID": "annayu",
        "FIRENAME": "CASTLE",
        "FIRE_SLUG": "CASTLE",
        "PREFIRE": 1,
        "PREFIRE_STATUS": "prefire",
        "TILE_Z": 17,
        "TILE_X": 22370,
        "TILE_Y": 51403,
        "TILEXYZ": [
          17,
          22370,
          51403
        ],
        "OUTPUT_FILE": "/Users/maples/GitHub/mortalitree_testing/notebooks/single_tiles/prefire/17/22370/51403.geojson",
        "OUTPUT_STATUS_DIR": "prefire",
        "FEATURE_COUNT": 458
      },
      "geometry": {
        "type": "Polygon",
        "coordinates": [
          [
            [
              -118.55887558963254,
              36.1480177878317
            ],
            [
              -118.55878841221677,
              36.148014548462776
            ],
            [
              -118.55879165742664,
              36.14795710085535
            ],
            [
              -118.5588788347792,
              36.14796034021751
            ],
            [
              -118.55887558963254,
              36.1480177878317
            ]
          ]
        ]
      }
    },
    {
      "id": "648",
      "type": "Feature",
      "properties": {
        "id": null,
        "SOURCE_FILE": "/Users/maples/GitHub/mortalitree_testing/labels/annayu_mortalitree_prefire_labels.geojson",
        "SUNETID": "annayu",
        "FIRENAME": "CASTLE",
        "FIRE_SLUG": "CASTLE",
        "PREFIRE": 1,
        "PREFIRE_STATUS": "prefire",
        "TILE_Z": 17,
        "TILE_X": 22370,
        "TILE_Y": 51403,
        "TILEXYZ": [
          17,
          22370,
          51403
        ],
        "OUTPUT_FILE": "/Users/maples/GitHub/mortalitree_testing/notebooks/single_tiles/prefire/17/22370/51403.geojson",
        "OUTPUT_STATUS_DIR": "prefire",
        "FEATURE_COUNT": 458
      },
      "geometry": {
        "type": "Polygon",
        "coordinates": [
          [
            [
              -118.55890597447106,
              36.147914851278514
            ],
            [
              -118.55879700284142,
              36.14791080209502
            ],
            [
              -118.55880224506892,
              36.147818002110704
            ],
            [
              -118.55891121657096,
              36.14782205128052
            ],
            [
              -118.55890597447106,
              36.147914851278514
            ]
          ]
        ]
      }
    },
    {
      "id": "649",
      "type": "Feature",
      "properties": {
        "id": null,
        "SOURCE_FILE": "/Users/maples/GitHub/mortalitree_testing/labels/annayu_mortalitree_prefire_labels.geojson",
        "SUNETID": "annayu",
        "FIRENAME": "CASTLE",
        "FIRE_SLUG": "CASTLE",
        "PREFIRE": 1,
        "PREFIRE_STATUS": "prefire",
        "TILE_Z": 17,
        "TILE_X": 22370,
        "TILE_Y": 51403,
        "TILEXYZ": [
          17,
          22370,
          51403
        ],
        "OUTPUT_FILE": "/Users/maples/GitHub/mortalitree_testing/notebooks/single_tiles/prefire/17/22370/51403.geojson",
        "OUTPUT_STATUS_DIR": "prefire",
        "FEATURE_COUNT": 458
      },
      "geometry": {
        "type": "Polygon",
        "coordinates": [
          [
            [
              -118.55877695593843,
              36.14787905891952
            ],
            [
              -118.55867343295496,
              36.14787521208928
            ],
            [
              -118.5586779264132,
              36.14779566925862
            ],
            [
              -118.55878144929278,
              36.14779951607771
            ],
            [
              -118.55877695593843,
              36.14787905891952
            ]
          ]
        ]
      }
    },
    {
      "id": "650",
      "type": "Feature",
      "properties": {
        "id": null,
        "SOURCE_FILE": "/Users/maples/GitHub/mortalitree_testing/labels/annayu_mortalitree_prefire_labels.geojson",
        "SUNETID": "annayu",
        "FIRENAME": "CASTLE",
        "FIRE_SLUG": "CASTLE",
        "PREFIRE": 1,
        "PREFIRE_STATUS": "prefire",
        "TILE_Z": 17,
        "TILE_X": 22370,
        "TILE_Y": 51403,
        "TILEXYZ": [
          17,
          22370,
          51403
        ],
        "OUTPUT_FILE": "/Users/maples/GitHub/mortalitree_testing/notebooks/single_tiles/prefire/17/22370/51403.geojson",
        "OUTPUT_STATUS_DIR": "prefire",
        "FEATURE_COUNT": 458
      },
      "geometry": {
        "type": "Polygon",
        "coordinates": [
          [
            [
              -118.5587498595324,
              36.14782712633697
            ],
            [
              -118.55863543947355,
              36.14782287455141
            ],
            [
              -118.55864043223691,
              36.147734493632136
            ],
            [
              -118.55875485216816,
              36.14773874540402
            ],
            [
              -118.5587498595324,
              36.14782712633697
            ]
          ]
        ]
      }
    },
    {
      "id": "651",
      "type": "Feature",
      "properties": {
        "id": null,
        "SOURCE_FILE": "/Users/maples/GitHub/mortalitree_testing/labels/annayu_mortalitree_prefire_labels.geojson",
        "SUNETID": "annayu",
        "FIRENAME": "CASTLE",
        "FIRE_SLUG": "CASTLE",
        "PREFIRE": 1,
        "PREFIRE_STATUS": "prefire",
        "TILE_Z": 17,
        "TILE_X": 22370,
        "TILE_Y": 51403,
        "TILEXYZ": [
          17,
          22370,
          51403
        ],
        "OUTPUT_FILE": "/Users/maples/GitHub/mortalitree_testing/notebooks/single_tiles/prefire/17/22370/51403.geojson",
        "OUTPUT_STATUS_DIR": "prefire",
        "FEATURE_COUNT": 458
      },
      "geometry": {
        "type": "Polygon",
        "coordinates": [
          [
            [
              -118.55879970548747,
              36.14795961407166
            ],
            [
              -118.55871797672856,
              36.14795657711755
            ],
            [
              -118.55872197088647,
              36.14788587237592
            ],
            [
              -118.55880369957245,
              36.14788890932221
            ],
            [
              -118.55879970548747,
              36.14795961407166
            ]
          ]
        ]
      }
    },
    {
      "id": "652",
      "type": "Feature",
      "properties": {
        "id": null,
        "SOURCE_FILE": "/Users/maples/GitHub/mortalitree_testing/labels/annayu_mortalitree_prefire_labels.geojson",
        "SUNETID": "annayu",
        "FIRENAME": "CASTLE",
        "FIRE_SLUG": "CASTLE",
        "PREFIRE": 1,
        "PREFIRE_STATUS": "prefire",
        "TILE_Z": 17,
        "TILE_X": 22370,
        "TILE_Y": 51403,
        "TILEXYZ": [
          17,
          22370,
          51403
        ],
        "OUTPUT_FILE": "/Users/maples/GitHub/mortalitree_testing/notebooks/single_tiles/prefire/17/22370/51403.geojson",
        "OUTPUT_STATUS_DIR": "prefire",
        "FEATURE_COUNT": 458
      },
      "geometry": {
        "type": "Polygon",
        "coordinates": [
          [
            [
              -118.55887981168722,
              36.14799137477749
            ],
            [
              -118.55874359702611,
              36.14798631324375
            ],
            [
              -118.55874858969798,
              36.14789793231389
            ],
            [
              -118.55888480420718,
              36.147902993831345
            ],
            [
              -118.55887981168722,
              36.14799137477749
            ]
          ]
        ]
      }
    },
    {
      "id": "653",
      "type": "Feature",
      "properties": {
        "id": null,
        "SOURCE_FILE": "/Users/maples/GitHub/mortalitree_testing/labels/annayu_mortalitree_prefire_labels.geojson",
        "SUNETID": "annayu",
        "FIRENAME": "CASTLE",
        "FIRE_SLUG": "CASTLE",
        "PREFIRE": 1,
        "PREFIRE_STATUS": "prefire",
        "TILE_Z": 17,
        "TILE_X": 22370,
        "TILE_Y": 51403,
        "TILEXYZ": [
          17,
          22370,
          51403
        ],
        "OUTPUT_FILE": "/Users/maples/GitHub/mortalitree_testing/notebooks/single_tiles/prefire/17/22370/51403.geojson",
        "OUTPUT_STATUS_DIR": "prefire",
        "FEATURE_COUNT": 458
      },
      "geometry": {
        "type": "Polygon",
        "coordinates": [
          [
            [
              -118.55886334589434,
              36.14770292195424
            ],
            [
              -118.55875437456416,
              36.14769887275233
            ],
            [
              -118.55875961680124,
              36.14760607277012
            ],
            [
              -118.5588685880038,
              36.14761012195836
            ],
            [
              -118.55886334589434,
              36.14770292195424
            ]
          ]
        ]
      }
    },
    {
      "id": "654",
      "type": "Feature",
      "properties": {
        "id": null,
        "SOURCE_FILE": "/Users/maples/GitHub/mortalitree_testing/labels/annayu_mortalitree_prefire_labels.geojson",
        "SUNETID": "annayu",
        "FIRENAME": "CASTLE",
        "FIRE_SLUG": "CASTLE",
        "PREFIRE": 1,
        "PREFIRE_STATUS": "prefire",
        "TILE_Z": 17,
        "TILE_X": 22370,
        "TILE_Y": 51403,
        "TILEXYZ": [
          17,
          22370,
          51403
        ],
        "OUTPUT_FILE": "/Users/maples/GitHub/mortalitree_testing/notebooks/single_tiles/prefire/17/22370/51403.geojson",
        "OUTPUT_STATUS_DIR": "prefire",
        "FEATURE_COUNT": 458
      },
      "geometry": {
        "type": "Polygon",
        "coordinates": [
          [
            [
              -118.55885302962683,
              36.14778889091874
            ],
            [
              -118.55875495532307,
              36.14778524662557
            ],
            [
              -118.55875894942272,
              36.14771454187838
            ],
            [
              -118.558857023639,
              36.14771818616215
            ],
            [
              -118.55885302962683,
              36.14778889091874
            ]
          ]
        ]
      }
    },
    {
      "id": "655",
      "type": "Feature",
      "properties": {
        "id": null,
        "SOURCE_FILE": "/Users/maples/GitHub/mortalitree_testing/labels/annayu_mortalitree_prefire_labels.geojson",
        "SUNETID": "annayu",
        "FIRENAME": "CASTLE",
        "FIRE_SLUG": "CASTLE",
        "PREFIRE": 1,
        "PREFIRE_STATUS": "prefire",
        "TILE_Z": 17,
        "TILE_X": 22370,
        "TILE_Y": 51403,
        "TILEXYZ": [
          17,
          22370,
          51403
        ],
        "OUTPUT_FILE": "/Users/maples/GitHub/mortalitree_testing/notebooks/single_tiles/prefire/17/22370/51403.geojson",
        "OUTPUT_STATUS_DIR": "prefire",
        "FEATURE_COUNT": 458
      },
      "geometry": {
        "type": "Polygon",
        "coordinates": [
          [
            [
              -118.55878758685327,
              36.14764253868258
            ],
            [
              -118.55872220410942,
              36.14764010913541
            ],
            [
              -118.55872519969161,
              36.147587080576194
            ],
            [
              -118.55879058239172,
              36.147589510118685
            ],
            [
              -118.55878758685327,
              36.14764253868258
            ]
          ]
        ]
      }
    },
    {
      "id": "656",
      "type": "Feature",
      "properties": {
        "id": null,
        "SOURCE_FILE": "/Users/maples/GitHub/mortalitree_testing/labels/annayu_mortalitree_prefire_labels.geojson",
        "SUNETID": "annayu",
        "FIRENAME": "CASTLE",
        "FIRE_SLUG": "CASTLE",
        "PREFIRE": 1,
        "PREFIRE_STATUS": "prefire",
        "TILE_Z": 17,
        "TILE_X": 22370,
        "TILE_Y": 51403,
        "TILEXYZ": [
          17,
          22370,
          51403
        ],
        "OUTPUT_FILE": "/Users/maples/GitHub/mortalitree_testing/notebooks/single_tiles/prefire/17/22370/51403.geojson",
        "OUTPUT_STATUS_DIR": "prefire",
        "FEATURE_COUNT": 458
      },
      "geometry": {
        "type": "Polygon",
        "coordinates": [
          [
            [
              -118.558692340145,
              36.14768549680062
            ],
            [
              -118.55863785450192,
              36.147683472135036
            ],
            [
              -118.55864060050897,
              36.14763486262839
            ],
            [
              -118.55869508611865,
              36.147636887290375
            ],
            [
              -118.558692340145,
              36.14768549680062
            ]
          ]
        ]
      }
    },
    {
      "id": "657",
      "type": "Feature",
      "properties": {
        "id": null,
        "SOURCE_FILE": "/Users/maples/GitHub/mortalitree_testing/labels/annayu_mortalitree_prefire_labels.geojson",
        "SUNETID": "annayu",
        "FIRENAME": "CASTLE",
        "FIRE_SLUG": "CASTLE",
        "PREFIRE": 1,
        "PREFIRE_STATUS": "prefire",
        "TILE_Z": 17,
        "TILE_X": 22370,
        "TILE_Y": 51403,
        "TILEXYZ": [
          17,
          22370,
          51403
        ],
        "OUTPUT_FILE": "/Users/maples/GitHub/mortalitree_testing/notebooks/single_tiles/prefire/17/22370/51403.geojson",
        "OUTPUT_STATUS_DIR": "prefire",
        "FEATURE_COUNT": 458
      },
      "geometry": {
        "type": "Polygon",
        "coordinates": [
          [
            [
              -118.55863460921239,
              36.14774091973306
            ],
            [
              -118.55858012353528,
              36.14773889503856
            ],
            [
              -118.55858311922393,
              36.14768586649047
            ],
            [
              -118.55863760486459,
              36.147687891181064
            ],
            [
              -118.55863460921239,
              36.14774091973306
            ]
          ]
        ]
      }
    },
    {
      "id": "658",
      "type": "Feature",
      "properties": {
        "id": null,
        "SOURCE_FILE": "/Users/maples/GitHub/mortalitree_testing/labels/annayu_mortalitree_prefire_labels.geojson",
        "SUNETID": "annayu",
        "FIRENAME": "CASTLE",
        "FIRE_SLUG": "CASTLE",
        "PREFIRE": 1,
        "PREFIRE_STATUS": "prefire",
        "TILE_Z": 17,
        "TILE_X": 22370,
        "TILE_Y": 51403,
        "TILEXYZ": [
          17,
          22370,
          51403
        ],
        "OUTPUT_FILE": "/Users/maples/GitHub/mortalitree_testing/notebooks/single_tiles/prefire/17/22370/51403.geojson",
        "OUTPUT_STATUS_DIR": "prefire",
        "FEATURE_COUNT": 458
      },
      "geometry": {
        "type": "Polygon",
        "coordinates": [
          [
            [
              -118.55858035140731,
              36.147783186730244
            ],
            [
              -118.55850951999533,
              36.14778055458785
            ],
            [
              -118.55851301502545,
              36.14771868795471
            ],
            [
              -118.55858384638213,
              36.14772132009119
            ],
            [
              -118.55858035140731,
              36.147783186730244
            ]
          ]
        ]
      }
    },
    {
      "id": "659",
      "type": "Feature",
      "properties": {
        "id": null,
        "SOURCE_FILE": "/Users/maples/GitHub/mortalitree_testing/labels/annayu_mortalitree_prefire_labels.geojson",
        "SUNETID": "annayu",
        "FIRENAME": "CASTLE",
        "FIRE_SLUG": "CASTLE",
        "PREFIRE": 1,
        "PREFIRE_STATUS": "prefire",
        "TILE_Z": 17,
        "TILE_X": 22370,
        "TILE_Y": 51403,
        "TILEXYZ": [
          17,
          22370,
          51403
        ],
        "OUTPUT_FILE": "/Users/maples/GitHub/mortalitree_testing/notebooks/single_tiles/prefire/17/22370/51403.geojson",
        "OUTPUT_STATUS_DIR": "prefire",
        "FEATURE_COUNT": 458
      },
      "geometry": {
        "type": "Polygon",
        "coordinates": [
          [
            [
              -118.55848290126411,
              36.147768494601685
            ],
            [
              -118.55843386414739,
              36.14776667231442
            ],
            [
              -118.55843735923513,
              36.14770480568752
            ],
            [
              -118.55848639631357,
              36.14770662797067
            ],
            [
              -118.55848290126411,
              36.147768494601685
            ]
          ]
        ]
      }
    },
    {
      "id": "660",
      "type": "Feature",
      "properties": {
        "id": null,
        "SOURCE_FILE": "/Users/maples/GitHub/mortalitree_testing/labels/annayu_mortalitree_prefire_labels.geojson",
        "SUNETID": "annayu",
        "FIRENAME": "CASTLE",
        "FIRE_SLUG": "CASTLE",
        "PREFIRE": 1,
        "PREFIRE_STATUS": "prefire",
        "TILE_Z": 17,
        "TILE_X": 22370,
        "TILE_Y": 51403,
        "TILEXYZ": [
          17,
          22370,
          51403
        ],
        "OUTPUT_FILE": "/Users/maples/GitHub/mortalitree_testing/notebooks/single_tiles/prefire/17/22370/51403.geojson",
        "OUTPUT_STATUS_DIR": "prefire",
        "FEATURE_COUNT": 458
      },
      "geometry": {
        "type": "Polygon",
        "coordinates": [
          [
            [
              -118.55841839221891,
              36.1477505982246
            ],
            [
              -118.55832576658688,
              36.14774715606122
            ],
            [
              -118.55832926175701,
              36.14768528944322
            ],
            [
              -118.55842188731675,
              36.14768873159882
            ],
            [
              -118.55841839221891,
              36.1477505982246
            ]
          ]
        ]
      }
    },
    {
      "id": "661",
      "type": "Feature",
      "properties": {
        "id": null,
        "SOURCE_FILE": "/Users/maples/GitHub/mortalitree_testing/labels/annayu_mortalitree_prefire_labels.geojson",
        "SUNETID": "annayu",
        "FIRENAME": "CASTLE",
        "FIRE_SLUG": "CASTLE",
        "PREFIRE": 1,
        "PREFIRE_STATUS": "prefire",
        "TILE_Z": 17,
        "TILE_X": 22370,
        "TILE_Y": 51403,
        "TILEXYZ": [
          17,
          22370,
          51403
        ],
        "OUTPUT_FILE": "/Users/maples/GitHub/mortalitree_testing/notebooks/single_tiles/prefire/17/22370/51403.geojson",
        "OUTPUT_STATUS_DIR": "prefire",
        "FEATURE_COUNT": 458
      },
      "geometry": {
        "type": "Polygon",
        "coordinates": [
          [
            [
              -118.55836141001575,
              36.147792763874406
            ],
            [
              -118.55829057861621,
              36.14779013160191
            ],
            [
              -118.5582935745054,
              36.14773710307516
            ],
            [
              -118.55836440585753,
              36.14773973534257
            ],
            [
              -118.55836141001575,
              36.147792763874406
            ]
          ]
        ]
      }
    },
    {
      "id": "662",
      "type": "Feature",
      "properties": {
        "id": null,
        "SOURCE_FILE": "/Users/maples/GitHub/mortalitree_testing/labels/annayu_mortalitree_prefire_labels.geojson",
        "SUNETID": "annayu",
        "FIRENAME": "CASTLE",
        "FIRE_SLUG": "CASTLE",
        "PREFIRE": 1,
        "PREFIRE_STATUS": "prefire",
        "TILE_Z": 17,
        "TILE_X": 22370,
        "TILE_Y": 51403,
        "TILEXYZ": [
          17,
          22370,
          51403
        ],
        "OUTPUT_FILE": "/Users/maples/GitHub/mortalitree_testing/notebooks/single_tiles/prefire/17/22370/51403.geojson",
        "OUTPUT_STATUS_DIR": "prefire",
        "FEATURE_COUNT": 458
      },
      "geometry": {
        "type": "Polygon",
        "coordinates": [
          [
            [
              -118.5584103004397,
              36.14784550644437
            ],
            [
              -118.55836126327989,
              36.14784368412407
            ],
            [
              -118.55836425912734,
              36.14779065559267
            ],
            [
              -118.55841329625436,
              36.14779247790946
            ],
            [
              -118.5584103004397,
              36.14784550644437
            ]
          ]
        ]
      }
    },
    {
      "id": "663",
      "type": "Feature",
      "properties": {
        "id": null,
        "SOURCE_FILE": "/Users/maples/GitHub/mortalitree_testing/labels/annayu_mortalitree_prefire_labels.geojson",
        "SUNETID": "annayu",
        "FIRENAME": "CASTLE",
        "FIRE_SLUG": "CASTLE",
        "PREFIRE": 1,
        "PREFIRE_STATUS": "prefire",
        "TILE_Z": 17,
        "TILE_X": 22370,
        "TILE_Y": 51403,
        "TILEXYZ": [
          17,
          22370,
          51403
        ],
        "OUTPUT_FILE": "/Users/maples/GitHub/mortalitree_testing/notebooks/single_tiles/prefire/17/22370/51403.geojson",
        "OUTPUT_STATUS_DIR": "prefire",
        "FEATURE_COUNT": 458
      },
      "geometry": {
        "type": "Polygon",
        "coordinates": [
          [
            [
              -118.55814793922038,
              36.14775383238529
            ],
            [
              -118.55808800500563,
              36.14775160497573
            ],
            [
              -118.55809100102698,
              36.147698576463235
            ],
            [
              -118.55815093520158,
              36.1477008038685
            ],
            [
              -118.55814793922038,
              36.14775383238529
            ]
          ]
        ]
      }
    },
    {
      "id": "664",
      "type": "Feature",
      "properties": {
        "id": null,
        "SOURCE_FILE": "/Users/maples/GitHub/mortalitree_testing/labels/annayu_mortalitree_prefire_labels.geojson",
        "SUNETID": "annayu",
        "FIRENAME": "CASTLE",
        "FIRE_SLUG": "CASTLE",
        "PREFIRE": 1,
        "PREFIRE_STATUS": "prefire",
        "TILE_Z": 17,
        "TILE_X": 22370,
        "TILE_Y": 51403,
        "TILEXYZ": [
          17,
          22370,
          51403
        ],
        "OUTPUT_FILE": "/Users/maples/GitHub/mortalitree_testing/notebooks/single_tiles/prefire/17/22370/51403.geojson",
        "OUTPUT_STATUS_DIR": "prefire",
        "FEATURE_COUNT": 458
      },
      "geometry": {
        "type": "Polygon",
        "coordinates": [
          [
            [
              -118.55795166606755,
              36.147748752091104
            ],
            [
              -118.55788628330986,
              36.147746322081424
            ],
            [
              -118.55788977882504,
              36.14768445550037
            ],
            [
              -118.55795516153171,
              36.14768688550458
            ],
            [
              -118.55795166606755,
              36.147748752091104
            ]
          ]
        ]
      }
    },
    {
      "id": "665",
      "type": "Feature",
      "properties": {
        "id": null,
        "SOURCE_FILE": "/Users/maples/GitHub/mortalitree_testing/labels/annayu_mortalitree_prefire_labels.geojson",
        "SUNETID": "annayu",
        "FIRENAME": "CASTLE",
        "FIRE_SLUG": "CASTLE",
        "PREFIRE": 1,
        "PREFIRE_STATUS": "prefire",
        "TILE_Z": 17,
        "TILE_X": 22370,
        "TILE_Y": 51403,
        "TILEXYZ": [
          17,
          22370,
          51403
        ],
        "OUTPUT_FILE": "/Users/maples/GitHub/mortalitree_testing/notebooks/single_tiles/prefire/17/22370/51403.geojson",
        "OUTPUT_STATUS_DIR": "prefire",
        "FEATURE_COUNT": 458
      },
      "geometry": {
        "type": "Polygon",
        "coordinates": [
          [
            [
              -118.55780268223776,
              36.14777642732656
            ],
            [
              -118.55776454228916,
              36.14777500977686
            ],
            [
              -118.55776629009773,
              36.14774407649172
            ],
            [
              -118.55780443003144,
              36.147745494039825
            ],
            [
              -118.55780268223776,
              36.14777642732656
            ]
          ]
        ]
      }
    },
    {
      "id": "666",
      "type": "Feature",
      "properties": {
        "id": null,
        "SOURCE_FILE": "/Users/maples/GitHub/mortalitree_testing/labels/annayu_mortalitree_prefire_labels.geojson",
        "SUNETID": "annayu",
        "FIRENAME": "CASTLE",
        "FIRE_SLUG": "CASTLE",
        "PREFIRE": 1,
        "PREFIRE_STATUS": "prefire",
        "TILE_Z": 17,
        "TILE_X": 22370,
        "TILE_Y": 51403,
        "TILEXYZ": [
          17,
          22370,
          51403
        ],
        "OUTPUT_FILE": "/Users/maples/GitHub/mortalitree_testing/notebooks/single_tiles/prefire/17/22370/51403.geojson",
        "OUTPUT_STATUS_DIR": "prefire",
        "FEATURE_COUNT": 458
      },
      "geometry": {
        "type": "Polygon",
        "coordinates": [
          [
            [
              -118.55819225472264,
              36.147790905891306
            ],
            [
              -118.55815411474681,
              36.147789488465186
            ],
            [
              -118.55815636173328,
              36.14774971707756
            ],
            [
              -118.55819450168997,
              36.147751134501625
            ],
            [
              -118.55819225472264,
              36.147790905891306
            ]
          ]
        ]
      }
    },
    {
      "id": "667",
      "type": "Feature",
      "properties": {
        "id": null,
        "SOURCE_FILE": "/Users/maples/GitHub/mortalitree_testing/labels/annayu_mortalitree_prefire_labels.geojson",
        "SUNETID": "annayu",
        "FIRENAME": "CASTLE",
        "FIRE_SLUG": "CASTLE",
        "PREFIRE": 1,
        "PREFIRE_STATUS": "prefire",
        "TILE_Z": 17,
        "TILE_X": 22370,
        "TILE_Y": 51403,
        "TILEXYZ": [
          17,
          22370,
          51403
        ],
        "OUTPUT_FILE": "/Users/maples/GitHub/mortalitree_testing/notebooks/single_tiles/prefire/17/22370/51403.geojson",
        "OUTPUT_STATUS_DIR": "prefire",
        "FEATURE_COUNT": 458
      },
      "geometry": {
        "type": "Polygon",
        "coordinates": [
          [
            [
              -118.55827223563887,
              36.147824876498504
            ],
            [
              -118.55820685278947,
              36.14782244665945
            ],
            [
              -118.55820984873854,
              36.14776941813901
            ],
            [
              -118.55827523154417,
              36.14777184797337
            ],
            [
              -118.55827223563887,
              36.147824876498504
            ]
          ]
        ]
      }
    },
    {
      "id": "668",
      "type": "Feature",
      "properties": {
        "id": null,
        "SOURCE_FILE": "/Users/maples/GitHub/mortalitree_testing/labels/annayu_mortalitree_prefire_labels.geojson",
        "SUNETID": "annayu",
        "FIRENAME": "CASTLE",
        "FIRE_SLUG": "CASTLE",
        "PREFIRE": 1,
        "PREFIRE_STATUS": "prefire",
        "TILE_Z": 17,
        "TILE_X": 22370,
        "TILE_Y": 51403,
        "TILEXYZ": [
          17,
          22370,
          51403
        ],
        "OUTPUT_FILE": "/Users/maples/GitHub/mortalitree_testing/notebooks/single_tiles/prefire/17/22370/51403.geojson",
        "OUTPUT_STATUS_DIR": "prefire",
        "FEATURE_COUNT": 458
      },
      "geometry": {
        "type": "Polygon",
        "coordinates": [
          [
            [
              -118.5584975430881,
              36.14770261387459
            ],
            [
              -118.55843760888386,
              36.147700386642704
            ],
            [
              -118.55844060466423,
              36.14764735810454
            ],
            [
              -118.55850053882835,
              36.14764958533213
            ],
            [
              -118.5584975430881,
              36.14770261387459
            ]
          ]
        ]
      }
    },
    {
      "id": "669",
      "type": "Feature",
      "properties": {
        "id": null,
        "SOURCE_FILE": "/Users/maples/GitHub/mortalitree_testing/labels/annayu_mortalitree_prefire_labels.geojson",
        "SUNETID": "annayu",
        "FIRENAME": "CASTLE",
        "FIRE_SLUG": "CASTLE",
        "PREFIRE": 1,
        "PREFIRE_STATUS": "prefire",
        "TILE_Z": 17,
        "TILE_X": 22370,
        "TILE_Y": 51403,
        "TILEXYZ": [
          17,
          22370,
          51403
        ],
        "OUTPUT_FILE": "/Users/maples/GitHub/mortalitree_testing/notebooks/single_tiles/prefire/17/22370/51403.geojson",
        "OUTPUT_STATUS_DIR": "prefire",
        "FEATURE_COUNT": 458
      },
      "geometry": {
        "type": "Polygon",
        "coordinates": [
          [
            [
              -118.55817485158683,
              36.147664051959055
            ],
            [
              -118.55810402032098,
              36.14766141958425
            ],
            [
              -118.5581080149868,
              36.14759071489818
            ],
            [
              -118.55817884618942,
              36.147593347266195
            ],
            [
              -118.55817485158683,
              36.147664051959055
            ]
          ]
        ]
      }
    },
    {
      "id": "670",
      "type": "Feature",
      "properties": {
        "id": null,
        "SOURCE_FILE": "/Users/maples/GitHub/mortalitree_testing/labels/annayu_mortalitree_prefire_labels.geojson",
        "SUNETID": "annayu",
        "FIRENAME": "CASTLE",
        "FIRE_SLUG": "CASTLE",
        "PREFIRE": 1,
        "PREFIRE_STATUS": "prefire",
        "TILE_Z": 17,
        "TILE_X": 22370,
        "TILE_Y": 51403,
        "TILEXYZ": [
          17,
          22370,
          51403
        ],
        "OUTPUT_FILE": "/Users/maples/GitHub/mortalitree_testing/notebooks/single_tiles/prefire/17/22370/51403.geojson",
        "OUTPUT_STATUS_DIR": "prefire",
        "FEATURE_COUNT": 458
      },
      "geometry": {
        "type": "Polygon",
        "coordinates": [
          [
            [
              -118.55825075693349,
              36.14767351534313
            ],
            [
              -118.55819627133144,
              36.14767149047722
            ],
            [
              -118.55819926727108,
              36.14761846195621
            ],
            [
              -118.55825375283669,
              36.147620486818205
            ],
            [
              -118.55825075693349,
              36.14767351534313
            ]
          ]
        ]
      }
    },
    {
      "id": "671",
      "type": "Feature",
      "properties": {
        "id": null,
        "SOURCE_FILE": "/Users/maples/GitHub/mortalitree_testing/labels/annayu_mortalitree_prefire_labels.geojson",
        "SUNETID": "annayu",
        "FIRENAME": "CASTLE",
        "FIRE_SLUG": "CASTLE",
        "PREFIRE": 1,
        "PREFIRE_STATUS": "prefire",
        "TILE_Z": 17,
        "TILE_X": 22370,
        "TILE_Y": 51403,
        "TILEXYZ": [
          17,
          22370,
          51403
        ],
        "OUTPUT_FILE": "/Users/maples/GitHub/mortalitree_testing/notebooks/single_tiles/prefire/17/22370/51403.geojson",
        "OUTPUT_STATUS_DIR": "prefire",
        "FEATURE_COUNT": 458
      },
      "geometry": {
        "type": "Polygon",
        "coordinates": [
          [
            [
              -118.55775587006809,
              36.147783544095965
            ],
            [
              -118.55770138442657,
              36.147781518999615
            ],
            [
              -118.55770388133116,
              36.14773732859604
            ],
            [
              -118.55775836694231,
              36.14773935368912
            ],
            [
              -118.55775587006809,
              36.147783544095965
            ]
          ]
        ]
      }
    },
    {
      "id": "672",
      "type": "Feature",
      "properties": {
        "id": null,
        "SOURCE_FILE": "/Users/maples/GitHub/mortalitree_testing/labels/annayu_mortalitree_prefire_labels.geojson",
        "SUNETID": "annayu",
        "FIRENAME": "CASTLE",
        "FIRE_SLUG": "CASTLE",
        "PREFIRE": 1,
        "PREFIRE_STATUS": "prefire",
        "TILE_Z": 17,
        "TILE_X": 22370,
        "TILE_Y": 51403,
        "TILEXYZ": [
          17,
          22370,
          51403
        ],
        "OUTPUT_FILE": "/Users/maples/GitHub/mortalitree_testing/notebooks/single_tiles/prefire/17/22370/51403.geojson",
        "OUTPUT_STATUS_DIR": "prefire",
        "FEATURE_COUNT": 458
      },
      "geometry": {
        "type": "Polygon",
        "coordinates": [
          [
            [
              -118.55789696680016,
              36.14794377943517
            ],
            [
              -118.55782068673378,
              36.14794094437246
            ],
            [
              -118.55782418232538,
              36.14787907779893
            ],
            [
              -118.55790046233221,
              36.147881912855254
            ],
            [
              -118.55789696680016,
              36.14794377943517
            ]
          ]
        ]
      }
    },
    {
      "id": "674",
      "type": "Feature",
      "properties": {
        "id": null,
        "SOURCE_FILE": "/Users/maples/GitHub/mortalitree_testing/labels/annayu_mortalitree_prefire_labels.geojson",
        "SUNETID": "annayu",
        "FIRENAME": "CASTLE",
        "FIRE_SLUG": "CASTLE",
        "PREFIRE": 1,
        "PREFIRE_STATUS": "prefire",
        "TILE_Z": 17,
        "TILE_X": 22370,
        "TILE_Y": 51403,
        "TILEXYZ": [
          17,
          22370,
          51403
        ],
        "OUTPUT_FILE": "/Users/maples/GitHub/mortalitree_testing/notebooks/single_tiles/prefire/17/22370/51403.geojson",
        "OUTPUT_STATUS_DIR": "prefire",
        "FEATURE_COUNT": 458
      },
      "geometry": {
        "type": "Polygon",
        "coordinates": [
          [
            [
              -118.557929430765,
              36.14790070278063
            ],
            [
              -118.55786404788317,
              36.14789827275005
            ],
            [
              -118.55786729375332,
              36.14784082521372
            ],
            [
              -118.55793267658777,
              36.14784325523921
            ],
            [
              -118.557929430765,
              36.14790070278063
            ]
          ]
        ]
      }
    },
    {
      "id": "675",
      "type": "Feature",
      "properties": {
        "id": null,
        "SOURCE_FILE": "/Users/maples/GitHub/mortalitree_testing/labels/annayu_mortalitree_prefire_labels.geojson",
        "SUNETID": "annayu",
        "FIRENAME": "CASTLE",
        "FIRE_SLUG": "CASTLE",
        "PREFIRE": 1,
        "PREFIRE_STATUS": "prefire",
        "TILE_Z": 17,
        "TILE_X": 22370,
        "TILE_Y": 51403,
        "TILEXYZ": [
          17,
          22370,
          51403
        ],
        "OUTPUT_FILE": "/Users/maples/GitHub/mortalitree_testing/notebooks/single_tiles/prefire/17/22370/51403.geojson",
        "OUTPUT_STATUS_DIR": "prefire",
        "FEATURE_COUNT": 458
      },
      "geometry": {
        "type": "Polygon",
        "coordinates": [
          [
            [
              -118.55775529040928,
              36.1476971702943
            ],
            [
              -118.55768990771186,
              36.14769474018039
            ],
            [
              -118.55769240461497,
              36.147650549776856
            ],
            [
              -118.55775778727592,
              36.14765297988687
            ],
            [
              -118.55775529040928,
              36.1476971702943
            ]
          ]
        ]
      }
    },
    {
      "id": "676",
      "type": "Feature",
      "properties": {
        "id": null,
        "SOURCE_FILE": "/Users/maples/GitHub/mortalitree_testing/labels/annayu_mortalitree_prefire_labels.geojson",
        "SUNETID": "annayu",
        "FIRENAME": "CASTLE",
        "FIRE_SLUG": "CASTLE",
        "PREFIRE": 1,
        "PREFIRE_STATUS": "prefire",
        "TILE_Z": 17,
        "TILE_X": 22370,
        "TILE_Y": 51403,
        "TILEXYZ": [
          17,
          22370,
          51403
        ],
        "OUTPUT_FILE": "/Users/maples/GitHub/mortalitree_testing/notebooks/single_tiles/prefire/17/22370/51403.geojson",
        "OUTPUT_STATUS_DIR": "prefire",
        "FEATURE_COUNT": 458
      },
      "geometry": {
        "type": "Polygon",
        "coordinates": [
          [
            [
              -118.55762392314395,
              36.14765464693441
            ],
            [
              -118.55754764338586,
              36.14765181171724
            ],
            [
              -118.55755063975998,
              36.14759878324282
            ],
            [
              -118.55762691946704,
              36.147601618454516
            ],
            [
              -118.55762392314395,
              36.14765464693441
            ]
          ]
        ]
      }
    },
    {
      "id": "677",
      "type": "Feature",
      "properties": {
        "id": null,
        "SOURCE_FILE": "/Users/maples/GitHub/mortalitree_testing/labels/annayu_mortalitree_prefire_labels.geojson",
        "SUNETID": "annayu",
        "FIRENAME": "CASTLE",
        "FIRE_SLUG": "CASTLE",
        "PREFIRE": 1,
        "PREFIRE_STATUS": "prefire",
        "TILE_Z": 17,
        "TILE_X": 22370,
        "TILE_Y": 51403,
        "TILEXYZ": [
          17,
          22370,
          51403
        ],
        "OUTPUT_FILE": "/Users/maples/GitHub/mortalitree_testing/notebooks/single_tiles/prefire/17/22370/51403.geojson",
        "OUTPUT_STATUS_DIR": "prefire",
        "FEATURE_COUNT": 458
      },
      "geometry": {
        "type": "Polygon",
        "coordinates": [
          [
            [
              -118.5576187019233,
              36.1476987360767
            ],
            [
              -118.55755876779362,
              36.1476965084052
            ],
            [
              -118.55756151446782,
              36.14764789896997
            ],
            [
              -118.55762144856074,
              36.14765012663754
            ],
            [
              -118.5576187019233,
              36.1476987360767
            ]
          ]
        ]
      }
    },
    {
      "id": "678",
      "type": "Feature",
      "properties": {
        "id": null,
        "SOURCE_FILE": "/Users/maples/GitHub/mortalitree_testing/labels/annayu_mortalitree_prefire_labels.geojson",
        "SUNETID": "annayu",
        "FIRENAME": "CASTLE",
        "FIRE_SLUG": "CASTLE",
        "PREFIRE": 1,
        "PREFIRE_STATUS": "prefire",
        "TILE_Z": 17,
        "TILE_X": 22370,
        "TILE_Y": 51403,
        "TILEXYZ": [
          17,
          22370,
          51403
        ],
        "OUTPUT_FILE": "/Users/maples/GitHub/mortalitree_testing/notebooks/single_tiles/prefire/17/22370/51403.geojson",
        "OUTPUT_STATUS_DIR": "prefire",
        "FEATURE_COUNT": 458
      },
      "geometry": {
        "type": "Polygon",
        "coordinates": [
          [
            [
              -118.55848117778329,
              36.14758694055931
            ],
            [
              -118.55843343211134,
              36.14758516626704
            ],
            [
              -118.55843593229515,
              36.147540910185846
            ],
            [
              -118.55848367794043,
              36.14754268447525
            ],
            [
              -118.55848117778329,
              36.14758694055931
            ]
          ]
        ]
      }
    },
    {
      "id": "679",
      "type": "Feature",
      "properties": {
        "id": null,
        "SOURCE_FILE": "/Users/maples/GitHub/mortalitree_testing/labels/annayu_mortalitree_prefire_labels.geojson",
        "SUNETID": "annayu",
        "FIRENAME": "CASTLE",
        "FIRE_SLUG": "CASTLE",
        "PREFIRE": 1,
        "PREFIRE_STATUS": "prefire",
        "TILE_Z": 17,
        "TILE_X": 22370,
        "TILE_Y": 51403,
        "TILEXYZ": [
          17,
          22370,
          51403
        ],
        "OUTPUT_FILE": "/Users/maples/GitHub/mortalitree_testing/notebooks/single_tiles/prefire/17/22370/51403.geojson",
        "OUTPUT_STATUS_DIR": "prefire",
        "FEATURE_COUNT": 458
      },
      "geometry": {
        "type": "Polygon",
        "coordinates": [
          [
            [
              -118.55839910547962,
              36.147043387293756
            ],
            [
              -118.55834453938034,
              36.14704135951837
            ],
            [
              -118.55834797713192,
              36.14698050740843
            ],
            [
              -118.55840254318932,
              36.14698253517929
            ],
            [
              -118.55839910547962,
              36.147043387293756
            ]
          ]
        ]
      }
    },
    {
      "id": "680",
      "type": "Feature",
      "properties": {
        "id": null,
        "SOURCE_FILE": "/Users/maples/GitHub/mortalitree_testing/labels/annayu_mortalitree_prefire_labels.geojson",
        "SUNETID": "annayu",
        "FIRENAME": "CASTLE",
        "FIRE_SLUG": "CASTLE",
        "PREFIRE": 1,
        "PREFIRE_STATUS": "prefire",
        "TILE_Z": 17,
        "TILE_X": 22370,
        "TILE_Y": 51403,
        "TILEXYZ": [
          17,
          22370,
          51403
        ],
        "OUTPUT_FILE": "/Users/maples/GitHub/mortalitree_testing/notebooks/single_tiles/prefire/17/22370/51403.geojson",
        "OUTPUT_STATUS_DIR": "prefire",
        "FEATURE_COUNT": 458
      },
      "geometry": {
        "type": "Polygon",
        "coordinates": [
          [
            [
              -118.55825714703705,
              36.14695495745146
            ],
            [
              -118.55818211875062,
              36.14695216917086
            ],
            [
              -118.55818586914921,
              36.14688578506454
            ],
            [
              -118.55826089737279,
              36.14688857333841
            ],
            [
              -118.55825714703705,
              36.14695495745146
            ]
          ]
        ]
      }
    },
    {
      "id": "681",
      "type": "Feature",
      "properties": {
        "id": null,
        "SOURCE_FILE": "/Users/maples/GitHub/mortalitree_testing/labels/annayu_mortalitree_prefire_labels.geojson",
        "SUNETID": "annayu",
        "FIRENAME": "CASTLE",
        "FIRE_SLUG": "CASTLE",
        "PREFIRE": 1,
        "PREFIRE_STATUS": "prefire",
        "TILE_Z": 17,
        "TILE_X": 22370,
        "TILE_Y": 51403,
        "TILEXYZ": [
          17,
          22370,
          51403
        ],
        "OUTPUT_FILE": "/Users/maples/GitHub/mortalitree_testing/notebooks/single_tiles/prefire/17/22370/51403.geojson",
        "OUTPUT_STATUS_DIR": "prefire",
        "FEATURE_COUNT": 458
      },
      "geometry": {
        "type": "Polygon",
        "coordinates": [
          [
            [
              -118.55843880729235,
              36.14700605730025
            ],
            [
              -118.55837059969772,
              36.14700352260203
            ],
            [
              -118.55837403742443,
              36.146942670489544
            ],
            [
              -118.55844224496667,
              36.14694520518215
            ],
            [
              -118.55843880729235,
              36.14700605730025
            ]
          ]
        ]
      }
    },
    {
      "id": "682",
      "type": "Feature",
      "properties": {
        "id": null,
        "SOURCE_FILE": "/Users/maples/GitHub/mortalitree_testing/labels/annayu_mortalitree_prefire_labels.geojson",
        "SUNETID": "annayu",
        "FIRENAME": "CASTLE",
        "FIRE_SLUG": "CASTLE",
        "PREFIRE": 1,
        "PREFIRE_STATUS": "prefire",
        "TILE_Z": 17,
        "TILE_X": 22370,
        "TILE_Y": 51403,
        "TILEXYZ": [
          17,
          22370,
          51403
        ],
        "OUTPUT_FILE": "/Users/maples/GitHub/mortalitree_testing/notebooks/single_tiles/prefire/17/22370/51403.geojson",
        "OUTPUT_STATUS_DIR": "prefire",
        "FEATURE_COUNT": 458
      },
      "geometry": {
        "type": "Polygon",
        "coordinates": [
          [
            [
              -118.55840007036667,
              36.146965812413065
            ],
            [
              -118.55835232507646,
              36.14696403811462
            ],
            [
              -118.55835482524898,
              36.14691978203369
            ],
            [
              -118.55840257051257,
              36.146921556329275
            ],
            [
              -118.55840007036667,
              36.146965812413065
            ]
          ]
        ]
      }
    },
    {
      "id": "683",
      "type": "Feature",
      "properties": {
        "id": null,
        "SOURCE_FILE": "/Users/maples/GitHub/mortalitree_testing/labels/annayu_mortalitree_prefire_labels.geojson",
        "SUNETID": "annayu",
        "FIRENAME": "CASTLE",
        "FIRE_SLUG": "CASTLE",
        "PREFIRE": 1,
        "PREFIRE_STATUS": "prefire",
        "TILE_Z": 17,
        "TILE_X": 22370,
        "TILE_Y": 51403,
        "TILEXYZ": [
          17,
          22370,
          51403
        ],
        "OUTPUT_FILE": "/Users/maples/GitHub/mortalitree_testing/notebooks/single_tiles/prefire/17/22370/51403.geojson",
        "OUTPUT_STATUS_DIR": "prefire",
        "FEATURE_COUNT": 458
      },
      "geometry": {
        "type": "Polygon",
        "coordinates": [
          [
            [
              -118.55814140554506,
              36.14682592459391
            ],
            [
              -118.55807319813397,
              36.146823389737136
            ],
            [
              -118.55807601098964,
              36.1467736016638
            ],
            [
              -118.55814421835787,
              36.146776136515975
            ],
            [
              -118.55814140554506,
              36.14682592459391
            ]
          ]
        ]
      }
    },
    {
      "id": "684",
      "type": "Feature",
      "properties": {
        "id": null,
        "SOURCE_FILE": "/Users/maples/GitHub/mortalitree_testing/labels/annayu_mortalitree_prefire_labels.geojson",
        "SUNETID": "annayu",
        "FIRENAME": "CASTLE",
        "FIRE_SLUG": "CASTLE",
        "PREFIRE": 1,
        "PREFIRE_STATUS": "prefire",
        "TILE_Z": 17,
        "TILE_X": 22370,
        "TILE_Y": 51403,
        "TILEXYZ": [
          17,
          22370,
          51403
        ],
        "OUTPUT_FILE": "/Users/maples/GitHub/mortalitree_testing/notebooks/single_tiles/prefire/17/22370/51403.geojson",
        "OUTPUT_STATUS_DIR": "prefire",
        "FEATURE_COUNT": 458
      },
      "geometry": {
        "type": "Polygon",
        "coordinates": [
          [
            [
              -118.5581757942953,
              36.14688263883733
            ],
            [
              -118.55810758683192,
              36.14688010399673
            ],
            [
              -118.5581113372834,
              36.14681371989636
            ],
            [
              -118.55817954468966,
              36.14681625473082
            ],
            [
              -118.5581757942953,
              36.14688263883733
            ]
          ]
        ]
      }
    },
    {
      "id": "685",
      "type": "Feature",
      "properties": {
        "id": null,
        "SOURCE_FILE": "/Users/maples/GitHub/mortalitree_testing/labels/annayu_mortalitree_prefire_labels.geojson",
        "SUNETID": "annayu",
        "FIRENAME": "CASTLE",
        "FIRE_SLUG": "CASTLE",
        "PREFIRE": 1,
        "PREFIRE_STATUS": "prefire",
        "TILE_Z": 17,
        "TILE_X": 22370,
        "TILE_Y": 51403,
        "TILEXYZ": [
          17,
          22370,
          51403
        ],
        "OUTPUT_FILE": "/Users/maples/GitHub/mortalitree_testing/notebooks/single_tiles/prefire/17/22370/51403.geojson",
        "OUTPUT_STATUS_DIR": "prefire",
        "FEATURE_COUNT": 458
      },
      "geometry": {
        "type": "Polygon",
        "coordinates": [
          [
            [
              -118.55824171268247,
              36.146804706025286
            ],
            [
              -118.55817350528045,
              36.146802171226916
            ],
            [
              -118.55817600553866,
              36.14675791515556
            ],
            [
              -118.55824421290257,
              36.14676044994985
            ],
            [
              -118.55824171268247,
              36.146804706025286
            ]
          ]
        ]
      }
    },
    {
      "id": "686",
      "type": "Feature",
      "properties": {
        "id": null,
        "SOURCE_FILE": "/Users/maples/GitHub/mortalitree_testing/labels/annayu_mortalitree_prefire_labels.geojson",
        "SUNETID": "annayu",
        "FIRENAME": "CASTLE",
        "FIRE_SLUG": "CASTLE",
        "PREFIRE": 1,
        "PREFIRE_STATUS": "prefire",
        "TILE_Z": 17,
        "TILE_X": 22370,
        "TILE_Y": 51403,
        "TILEXYZ": [
          17,
          22370,
          51403
        ],
        "OUTPUT_FILE": "/Users/maples/GitHub/mortalitree_testing/notebooks/single_tiles/prefire/17/22370/51403.geojson",
        "OUTPUT_STATUS_DIR": "prefire",
        "FEATURE_COUNT": 458
      },
      "geometry": {
        "type": "Polygon",
        "coordinates": [
          [
            [
              -118.55853210315269,
              36.147411437017226
            ],
            [
              -118.55847753678862,
              36.14740940928474
            ],
            [
              -118.55848128700097,
              36.147343025156836
            ],
            [
              -118.55853585331934,
              36.147345052884404
            ],
            [
              -118.55853210315269,
              36.147411437017226
            ]
          ]
        ]
      }
    },
    {
      "id": "687",
      "type": "Feature",
      "properties": {
        "id": null,
        "SOURCE_FILE": "/Users/maples/GitHub/mortalitree_testing/labels/annayu_mortalitree_prefire_labels.geojson",
        "SUNETID": "annayu",
        "FIRENAME": "CASTLE",
        "FIRE_SLUG": "CASTLE",
        "PREFIRE": 1,
        "PREFIRE_STATUS": "prefire",
        "TILE_Z": 17,
        "TILE_X": 22370,
        "TILE_Y": 51403,
        "TILEXYZ": [
          17,
          22370,
          51403
        ],
        "OUTPUT_FILE": "/Users/maples/GitHub/mortalitree_testing/notebooks/single_tiles/prefire/17/22370/51403.geojson",
        "OUTPUT_STATUS_DIR": "prefire",
        "FEATURE_COUNT": 458
      },
      "geometry": {
        "type": "Polygon",
        "coordinates": [
          [
            [
              -118.55827463189922,
              36.147371379017315
            ],
            [
              -118.55820642400352,
              36.147368844203605
            ],
            [
              -118.55820892429506,
              36.14732458813447
            ],
            [
              -118.55827713215267,
              36.14732712294409
            ],
            [
              -118.55827463189922,
              36.147371379017315
            ]
          ]
        ]
      }
    },
    {
      "id": "688",
      "type": "Feature",
      "properties": {
        "id": null,
        "SOURCE_FILE": "/Users/maples/GitHub/mortalitree_testing/labels/annayu_mortalitree_prefire_labels.geojson",
        "SUNETID": "annayu",
        "FIRENAME": "CASTLE",
        "FIRE_SLUG": "CASTLE",
        "PREFIRE": 1,
        "PREFIRE_STATUS": "prefire",
        "TILE_Z": 17,
        "TILE_X": 22370,
        "TILE_Y": 51403,
        "TILEXYZ": [
          17,
          22370,
          51403
        ],
        "OUTPUT_FILE": "/Users/maples/GitHub/mortalitree_testing/notebooks/single_tiles/prefire/17/22370/51403.geojson",
        "OUTPUT_STATUS_DIR": "prefire",
        "FEATURE_COUNT": 458
      },
      "geometry": {
        "type": "Polygon",
        "coordinates": [
          [
            [
              -118.5582409692667,
              36.147422792440096
            ],
            [
              -118.55820004450342,
              36.14742127154316
            ],
            [
              -118.55820316987747,
              36.147365951457616
            ],
            [
              -118.55824409461216,
              36.14736747235148
            ],
            [
              -118.5582409692667,
              36.147422792440096
            ]
          ]
        ]
      }
    },
    {
      "id": "689",
      "type": "Feature",
      "properties": {
        "id": null,
        "SOURCE_FILE": "/Users/maples/GitHub/mortalitree_testing/labels/annayu_mortalitree_prefire_labels.geojson",
        "SUNETID": "annayu",
        "FIRENAME": "CASTLE",
        "FIRE_SLUG": "CASTLE",
        "PREFIRE": 1,
        "PREFIRE_STATUS": "prefire",
        "TILE_Z": 17,
        "TILE_X": 22370,
        "TILE_Y": 51403,
        "TILEXYZ": [
          17,
          22370,
          51403
        ],
        "OUTPUT_FILE": "/Users/maples/GitHub/mortalitree_testing/notebooks/single_tiles/prefire/17/22370/51403.geojson",
        "OUTPUT_STATUS_DIR": "prefire",
        "FEATURE_COUNT": 458
      },
      "geometry": {
        "type": "Polygon",
        "coordinates": [
          [
            [
              -118.55834500009013,
              36.14739616856863
            ],
            [
              -118.55829043375047,
              36.147394140751636
            ],
            [
              -118.55829324652758,
              36.14734435266835
            ],
            [
              -118.55834781283293,
              36.14734638048167
            ],
            [
              -118.55834500009013,
              36.14739616856863
            ]
          ]
        ]
      }
    },
    {
      "id": "690",
      "type": "Feature",
      "properties": {
        "id": null,
        "SOURCE_FILE": "/Users/maples/GitHub/mortalitree_testing/labels/annayu_mortalitree_prefire_labels.geojson",
        "SUNETID": "annayu",
        "FIRENAME": "CASTLE",
        "FIRE_SLUG": "CASTLE",
        "PREFIRE": 1,
        "PREFIRE_STATUS": "prefire",
        "TILE_Z": 17,
        "TILE_X": 22370,
        "TILE_Y": 51403,
        "TILEXYZ": [
          17,
          22370,
          51403
        ],
        "OUTPUT_FILE": "/Users/maples/GitHub/mortalitree_testing/notebooks/single_tiles/prefire/17/22370/51403.geojson",
        "OUTPUT_STATUS_DIR": "prefire",
        "FEATURE_COUNT": 458
      },
      "geometry": {
        "type": "Polygon",
        "coordinates": [
          [
            [
              -118.55637194980207,
              36.14686588869052
            ],
            [
              -118.55627583922322,
              36.14686231540036
            ],
            [
              -118.55628064550856,
              36.14677727784382
            ],
            [
              -118.55637675598429,
              36.146780851122905
            ],
            [
              -118.55637194980207,
              36.14686588869052
            ]
          ]
        ]
      }
    },
    {
      "id": "691",
      "type": "Feature",
      "properties": {
        "id": null,
        "SOURCE_FILE": "/Users/maples/GitHub/mortalitree_testing/labels/annayu_mortalitree_prefire_labels.geojson",
        "SUNETID": "annayu",
        "FIRENAME": "CASTLE",
        "FIRE_SLUG": "CASTLE",
        "PREFIRE": 1,
        "PREFIRE_STATUS": "prefire",
        "TILE_Z": 17,
        "TILE_X": 22370,
        "TILE_Y": 51403,
        "TILEXYZ": [
          17,
          22370,
          51403
        ],
        "OUTPUT_FILE": "/Users/maples/GitHub/mortalitree_testing/notebooks/single_tiles/prefire/17/22370/51403.geojson",
        "OUTPUT_STATUS_DIR": "prefire",
        "FEATURE_COUNT": 458
      },
      "geometry": {
        "type": "Polygon",
        "coordinates": [
          [
            [
              -118.55650022187143,
              36.147307390908544
            ],
            [
              -118.556430322863,
              36.147304792207336
            ],
            [
              -118.55643392751217,
              36.14724101403141
            ],
            [
              -118.55650382646435,
              36.14724361272657
            ],
            [
              -118.55650022187143,
              36.147307390908544
            ]
          ]
        ]
      }
    },
    {
      "id": "692",
      "type": "Feature",
      "properties": {
        "id": null,
        "SOURCE_FILE": "/Users/maples/GitHub/mortalitree_testing/labels/annayu_mortalitree_prefire_labels.geojson",
        "SUNETID": "annayu",
        "FIRENAME": "CASTLE",
        "FIRE_SLUG": "CASTLE",
        "PREFIRE": 1,
        "PREFIRE_STATUS": "prefire",
        "TILE_Z": 17,
        "TILE_X": 22370,
        "TILE_Y": 51403,
        "TILEXYZ": [
          17,
          22370,
          51403
        ],
        "OUTPUT_FILE": "/Users/maples/GitHub/mortalitree_testing/notebooks/single_tiles/prefire/17/22370/51403.geojson",
        "OUTPUT_STATUS_DIR": "prefire",
        "FEATURE_COUNT": 458
      },
      "geometry": {
        "type": "Polygon",
        "coordinates": [
          [
            [
              -118.55643833317912,
              36.147163062926126
            ],
            [
              -118.55636843430463,
              36.147160464197704
            ],
            [
              -118.5563712379458,
              36.147110858952814
            ],
            [
              -118.55644113677653,
              36.147113457676554
            ],
            [
              -118.55643833317912,
              36.147163062926126
            ]
          ]
        ]
      }
    },
    {
      "id": "693",
      "type": "Feature",
      "properties": {
        "id": null,
        "SOURCE_FILE": "/Users/maples/GitHub/mortalitree_testing/labels/annayu_mortalitree_prefire_labels.geojson",
        "SUNETID": "annayu",
        "FIRENAME": "CASTLE",
        "FIRE_SLUG": "CASTLE",
        "PREFIRE": 1,
        "PREFIRE_STATUS": "prefire",
        "TILE_Z": 17,
        "TILE_X": 22370,
        "TILE_Y": 51403,
        "TILEXYZ": [
          17,
          22370,
          51403
        ],
        "OUTPUT_FILE": "/Users/maples/GitHub/mortalitree_testing/notebooks/single_tiles/prefire/17/22370/51403.geojson",
        "OUTPUT_STATUS_DIR": "prefire",
        "FEATURE_COUNT": 458
      },
      "geometry": {
        "type": "Polygon",
        "coordinates": [
          [
            [
              -118.55646651086695,
              36.14720671864368
            ],
            [
              -118.55640534931507,
              36.147204444770566
            ],
            [
              -118.55640775242043,
              36.14716192598745
            ],
            [
              -118.55646891393951,
              36.14716419985703
            ],
            [
              -118.55646651086695,
              36.14720671864368
            ]
          ]
        ]
      }
    },
    {
      "id": "694",
      "type": "Feature",
      "properties": {
        "id": null,
        "SOURCE_FILE": "/Users/maples/GitHub/mortalitree_testing/labels/annayu_mortalitree_prefire_labels.geojson",
        "SUNETID": "annayu",
        "FIRENAME": "CASTLE",
        "FIRE_SLUG": "CASTLE",
        "PREFIRE": 1,
        "PREFIRE_STATUS": "prefire",
        "TILE_Z": 17,
        "TILE_X": 22370,
        "TILE_Y": 51403,
        "TILEXYZ": [
          17,
          22370,
          51403
        ],
        "OUTPUT_FILE": "/Users/maples/GitHub/mortalitree_testing/notebooks/single_tiles/prefire/17/22370/51403.geojson",
        "OUTPUT_STATUS_DIR": "prefire",
        "FEATURE_COUNT": 458
      },
      "geometry": {
        "type": "Polygon",
        "coordinates": [
          [
            [
              -118.55640514905605,
              36.14720798800246
            ],
            [
              -118.55635272487183,
              36.147206038943345
            ],
            [
              -118.55635552852758,
              36.147156433699905
            ],
            [
              -118.55640795267897,
              36.14715838275551
            ],
            [
              -118.55640514905605,
              36.14720798800246
            ]
          ]
        ]
      }
    },
    {
      "id": "695",
      "type": "Feature",
      "properties": {
        "id": null,
        "SOURCE_FILE": "/Users/maples/GitHub/mortalitree_testing/labels/annayu_mortalitree_prefire_labels.geojson",
        "SUNETID": "annayu",
        "FIRENAME": "CASTLE",
        "FIRE_SLUG": "CASTLE",
        "PREFIRE": 1,
        "PREFIRE_STATUS": "prefire",
        "TILE_Z": 17,
        "TILE_X": 22370,
        "TILE_Y": 51403,
        "TILEXYZ": [
          17,
          22370,
          51403
        ],
        "OUTPUT_FILE": "/Users/maples/GitHub/mortalitree_testing/notebooks/single_tiles/prefire/17/22370/51403.geojson",
        "OUTPUT_STATUS_DIR": "prefire",
        "FEATURE_COUNT": 458
      },
      "geometry": {
        "type": "Polygon",
        "coordinates": [
          [
            [
              -118.5563693985567,
              36.147220861559184
            ],
            [
              -118.55630823700191,
              36.147218587635706
            ],
            [
              -118.55631064016094,
              36.14717606885831
            ],
            [
              -118.55637180168293,
              36.14717834277827
            ],
            [
              -118.5563693985567,
              36.147220861559184
            ]
          ]
        ]
      }
    },
    {
      "id": "696",
      "type": "Feature",
      "properties": {
        "id": null,
        "SOURCE_FILE": "/Users/maples/GitHub/mortalitree_testing/labels/annayu_mortalitree_prefire_labels.geojson",
        "SUNETID": "annayu",
        "FIRENAME": "CASTLE",
        "FIRE_SLUG": "CASTLE",
        "PREFIRE": 1,
        "PREFIRE_STATUS": "prefire",
        "TILE_Z": 17,
        "TILE_X": 22370,
        "TILE_Y": 51403,
        "TILEXYZ": [
          17,
          22370,
          51403
        ],
        "OUTPUT_FILE": "/Users/maples/GitHub/mortalitree_testing/notebooks/single_tiles/prefire/17/22370/51403.geojson",
        "OUTPUT_STATUS_DIR": "prefire",
        "FEATURE_COUNT": 458
      },
      "geometry": {
        "type": "Polygon",
        "coordinates": [
          [
            [
              -118.55627567606581,
              36.14678774511483
            ],
            [
              -118.55621337890625,
              36.14678542893047
            ],
            [
              -118.55621337890625,
              36.146746777814364
            ],
            [
              -118.55627799151418,
              36.146746777814364
            ],
            [
              -118.55627567606581,
              36.14678774511483
            ]
          ]
        ]
      }
    },
    {
      "id": "697",
      "type": "Feature",
      "properties": {
        "id": null,
        "SOURCE_FILE": "/Users/maples/GitHub/mortalitree_testing/labels/annayu_mortalitree_prefire_labels.geojson",
        "SUNETID": "annayu",
        "FIRENAME": "CASTLE",
        "FIRE_SLUG": "CASTLE",
        "PREFIRE": 1,
        "PREFIRE_STATUS": "prefire",
        "TILE_Z": 17,
        "TILE_X": 22370,
        "TILE_Y": 51403,
        "TILEXYZ": [
          17,
          22370,
          51403
        ],
        "OUTPUT_FILE": "/Users/maples/GitHub/mortalitree_testing/notebooks/single_tiles/prefire/17/22370/51403.geojson",
        "OUTPUT_STATUS_DIR": "prefire",
        "FEATURE_COUNT": 458
      },
      "geometry": {
        "type": "Polygon",
        "coordinates": [
          [
            [
              -118.55634262275194,
              36.14715240320079
            ],
            [
              -118.55625524918344,
              36.14714915471491
            ],
            [
              -118.55625925448317,
              36.14707829008994
            ],
            [
              -118.55634662797355,
              36.147081538567456
            ],
            [
              -118.55634262275194,
              36.14715240320079
            ]
          ]
        ]
      }
    },
    {
      "id": "698",
      "type": "Feature",
      "properties": {
        "id": null,
        "SOURCE_FILE": "/Users/maples/GitHub/mortalitree_testing/labels/annayu_mortalitree_prefire_labels.geojson",
        "SUNETID": "annayu",
        "FIRENAME": "CASTLE",
        "FIRE_SLUG": "CASTLE",
        "PREFIRE": 1,
        "PREFIRE_STATUS": "prefire",
        "TILE_Z": 17,
        "TILE_X": 22370,
        "TILE_Y": 51403,
        "TILEXYZ": [
          17,
          22370,
          51403
        ],
        "OUTPUT_FILE": "/Users/maples/GitHub/mortalitree_testing/notebooks/single_tiles/prefire/17/22370/51403.geojson",
        "OUTPUT_STATUS_DIR": "prefire",
        "FEATURE_COUNT": 458
      },
      "geometry": {
        "type": "Polygon",
        "coordinates": [
          [
            [
              -118.5563678335235,
              36.14717109389295
            ],
            [
              -118.55628045993126,
              36.14716784542401
            ],
            [
              -118.55628246257291,
              36.147132413110576
            ],
            [
              -118.55636983612607,
              36.14713566157534
            ],
            [
              -118.5563678335235,
              36.14717109389295
            ]
          ]
        ]
      }
    },
    {
      "id": "699",
      "type": "Feature",
      "properties": {
        "id": null,
        "SOURCE_FILE": "/Users/maples/GitHub/mortalitree_testing/labels/annayu_mortalitree_prefire_labels.geojson",
        "SUNETID": "annayu",
        "FIRENAME": "CASTLE",
        "FIRE_SLUG": "CASTLE",
        "PREFIRE": 1,
        "PREFIRE_STATUS": "prefire",
        "TILE_Z": 17,
        "TILE_X": 22370,
        "TILE_Y": 51403,
        "TILEXYZ": [
          17,
          22370,
          51403
        ],
        "OUTPUT_FILE": "/Users/maples/GitHub/mortalitree_testing/notebooks/single_tiles/prefire/17/22370/51403.geojson",
        "OUTPUT_STATUS_DIR": "prefire",
        "FEATURE_COUNT": 458
      },
      "geometry": {
        "type": "Polygon",
        "coordinates": [
          [
            [
              -118.55631320647383,
              36.14720812036546
            ],
            [
              -118.5562520449336,
              36.14720584641397
            ],
            [
              -118.55625524918344,
              36.14714915471491
            ],
            [
              -118.55631641067993,
              36.1471514286617
            ],
            [
              -118.55631320647383,
              36.14720812036546
            ]
          ]
        ]
      }
    },
    {
      "id": "700",
      "type": "Feature",
      "properties": {
        "id": null,
        "SOURCE_FILE": "/Users/maples/GitHub/mortalitree_testing/labels/annayu_mortalitree_prefire_labels.geojson",
        "SUNETID": "annayu",
        "FIRENAME": "CASTLE",
        "FIRE_SLUG": "CASTLE",
        "PREFIRE": 1,
        "PREFIRE_STATUS": "prefire",
        "TILE_Z": 17,
        "TILE_X": 22370,
        "TILE_Y": 51403,
        "TILEXYZ": [
          17,
          22370,
          51403
        ],
        "OUTPUT_FILE": "/Users/maples/GitHub/mortalitree_testing/notebooks/single_tiles/prefire/17/22370/51403.geojson",
        "OUTPUT_STATUS_DIR": "prefire",
        "FEATURE_COUNT": 458
      },
      "geometry": {
        "type": "Polygon",
        "coordinates": [
          [
            [
              -118.55630840014788,
              36.14729315791967
            ],
            [
              -118.55626471328586,
              36.14729153366675
            ],
            [
              -118.55626671594365,
              36.14725610135482
            ],
            [
              -118.55631040278612,
              36.14725772560564
            ],
            [
              -118.55630840014788,
              36.14729315791967
            ]
          ]
        ]
      }
    },
    {
      "id": "701",
      "type": "Feature",
      "properties": {
        "id": null,
        "SOURCE_FILE": "/Users/maples/GitHub/mortalitree_testing/labels/annayu_mortalitree_prefire_labels.geojson",
        "SUNETID": "annayu",
        "FIRENAME": "CASTLE",
        "FIRE_SLUG": "CASTLE",
        "PREFIRE": 1,
        "PREFIRE_STATUS": "prefire",
        "TILE_Z": 17,
        "TILE_X": 22370,
        "TILE_Y": 51403,
        "TILEXYZ": [
          17,
          22370,
          51403
        ],
        "OUTPUT_FILE": "/Users/maples/GitHub/mortalitree_testing/notebooks/single_tiles/prefire/17/22370/51403.geojson",
        "OUTPUT_STATUS_DIR": "prefire",
        "FEATURE_COUNT": 458
      },
      "geometry": {
        "type": "Polygon",
        "coordinates": [
          [
            [
              -118.55690252271486,
              36.14778038427347
            ],
            [
              -118.55686757298056,
              36.147779085030756
            ],
            [
              -118.55687037637091,
              36.14772947975732
            ],
            [
              -118.55690532608332,
              36.14773077899767
            ],
            [
              -118.55690252271486,
              36.14778038427347
            ]
          ]
        ]
      }
    },
    {
      "id": "702",
      "type": "Feature",
      "properties": {
        "id": null,
        "SOURCE_FILE": "/Users/maples/GitHub/mortalitree_testing/labels/annayu_mortalitree_prefire_labels.geojson",
        "SUNETID": "annayu",
        "FIRENAME": "CASTLE",
        "FIRE_SLUG": "CASTLE",
        "PREFIRE": 1,
        "PREFIRE_STATUS": "prefire",
        "TILE_Z": 17,
        "TILE_X": 22370,
        "TILE_Y": 51403,
        "TILEXYZ": [
          17,
          22370,
          51403
        ],
        "OUTPUT_FILE": "/Users/maples/GitHub/mortalitree_testing/notebooks/single_tiles/prefire/17/22370/51403.geojson",
        "OUTPUT_STATUS_DIR": "prefire",
        "FEATURE_COUNT": 458
      },
      "geometry": {
        "type": "Polygon",
        "coordinates": [
          [
            [
              -118.5571402355512,
              36.14775726477996
            ],
            [
              -118.55703538635191,
              36.14775336723165
            ],
            [
              -118.55703979150627,
              36.14767541606928
            ],
            [
              -118.55714464060244,
              36.147679313606524
            ],
            [
              -118.5571402355512,
              36.14775726477996
            ]
          ]
        ]
      }
    },
    {
      "id": "703",
      "type": "Feature",
      "properties": {
        "id": null,
        "SOURCE_FILE": "/Users/maples/GitHub/mortalitree_testing/labels/annayu_mortalitree_prefire_labels.geojson",
        "SUNETID": "annayu",
        "FIRENAME": "CASTLE",
        "FIRE_SLUG": "CASTLE",
        "PREFIRE": 1,
        "PREFIRE_STATUS": "prefire",
        "TILE_Z": 17,
        "TILE_X": 22370,
        "TILE_Y": 51403,
        "TILEXYZ": [
          17,
          22370,
          51403
        ],
        "OUTPUT_FILE": "/Users/maples/GitHub/mortalitree_testing/notebooks/single_tiles/prefire/17/22370/51403.geojson",
        "OUTPUT_STATUS_DIR": "prefire",
        "FEATURE_COUNT": 458
      },
      "geometry": {
        "type": "Polygon",
        "coordinates": [
          [
            [
              -118.55754632617686,
              36.14777591015313
            ],
            [
              -118.5574764266533,
              36.14777331203363
            ],
            [
              -118.55748003051731,
              36.14770953377193
            ],
            [
              -118.55754992998465,
              36.14771213188541
            ],
            [
              -118.55754632617686,
              36.14777591015313
            ]
          ]
        ]
      }
    },
    {
      "id": "704",
      "type": "Feature",
      "properties": {
        "id": null,
        "SOURCE_FILE": "/Users/maples/GitHub/mortalitree_testing/labels/annayu_mortalitree_prefire_labels.geojson",
        "SUNETID": "annayu",
        "FIRENAME": "CASTLE",
        "FIRE_SLUG": "CASTLE",
        "PREFIRE": 1,
        "PREFIRE_STATUS": "prefire",
        "TILE_Z": 17,
        "TILE_X": 22370,
        "TILE_Y": 51403,
        "TILEXYZ": [
          17,
          22370,
          51403
        ],
        "OUTPUT_FILE": "/Users/maples/GitHub/mortalitree_testing/notebooks/single_tiles/prefire/17/22370/51403.geojson",
        "OUTPUT_STATUS_DIR": "prefire",
        "FEATURE_COUNT": 458
      },
      "geometry": {
        "type": "Polygon",
        "coordinates": [
          [
            [
              -118.55728482797274,
              36.14847934454478
            ],
            [
              -118.55721778832306,
              36.1484768525591
            ],
            [
              -118.55722129986651,
              36.14841471335384
            ],
            [
              -118.55728833946362,
              36.148417205333864
            ],
            [
              -118.55728482797274,
              36.14847934454478
            ]
          ]
        ]
      }
    },
    {
      "id": "705",
      "type": "Feature",
      "properties": {
        "id": null,
        "SOURCE_FILE": "/Users/maples/GitHub/mortalitree_testing/labels/annayu_mortalitree_prefire_labels.geojson",
        "SUNETID": "annayu",
        "FIRENAME": "CASTLE",
        "FIRE_SLUG": "CASTLE",
        "PREFIRE": 1,
        "PREFIRE_STATUS": "prefire",
        "TILE_Z": 17,
        "TILE_X": 22370,
        "TILE_Y": 51403,
        "TILEXYZ": [
          17,
          22370,
          51403
        ],
        "OUTPUT_FILE": "/Users/maples/GitHub/mortalitree_testing/notebooks/single_tiles/prefire/17/22370/51403.geojson",
        "OUTPUT_STATUS_DIR": "prefire",
        "FEATURE_COUNT": 458
      },
      "geometry": {
        "type": "Polygon",
        "coordinates": [
          [
            [
              -118.55726439674943,
              36.148416315345294
            ],
            [
              -118.55715904881941,
              36.1484123993389
            ],
            [
              -118.55716168250655,
              36.148365794938265
            ],
            [
              -118.55726703037462,
              36.148369710938
            ],
            [
              -118.55726439674943,
              36.148416315345294
            ]
          ]
        ]
      }
    },
    {
      "id": "706",
      "type": "Feature",
      "properties": {
        "id": null,
        "SOURCE_FILE": "/Users/maples/GitHub/mortalitree_testing/labels/annayu_mortalitree_prefire_labels.geojson",
        "SUNETID": "annayu",
        "FIRENAME": "CASTLE",
        "FIRE_SLUG": "CASTLE",
        "PREFIRE": 1,
        "PREFIRE_STATUS": "prefire",
        "TILE_Z": 17,
        "TILE_X": 22370,
        "TILE_Y": 51403,
        "TILEXYZ": [
          17,
          22370,
          51403
        ],
        "OUTPUT_FILE": "/Users/maples/GitHub/mortalitree_testing/notebooks/single_tiles/prefire/17/22370/51403.geojson",
        "OUTPUT_STATUS_DIR": "prefire",
        "FEATURE_COUNT": 458
      },
      "geometry": {
        "type": "Polygon",
        "coordinates": [
          [
            [
              -118.55728618453462,
              36.148370422928046
            ],
            [
              -118.55715210542863,
              36.14836543893371
            ],
            [
              -118.55715649490314,
              36.14828776493246
            ],
            [
              -118.55729057387774,
              36.148292748912695
            ],
            [
              -118.55728618453462,
              36.148370422928046
            ]
          ]
        ]
      }
    },
    {
      "id": "707",
      "type": "Feature",
      "properties": {
        "id": null,
        "SOURCE_FILE": "/Users/maples/GitHub/mortalitree_testing/labels/annayu_mortalitree_prefire_labels.geojson",
        "SUNETID": "annayu",
        "FIRENAME": "CASTLE",
        "FIRE_SLUG": "CASTLE",
        "PREFIRE": 1,
        "PREFIRE_STATUS": "prefire",
        "TILE_Z": 17,
        "TILE_X": 22370,
        "TILE_Y": 51403,
        "TILEXYZ": [
          17,
          22370,
          51403
        ],
        "OUTPUT_FILE": "/Users/maples/GitHub/mortalitree_testing/notebooks/single_tiles/prefire/17/22370/51403.geojson",
        "OUTPUT_STATUS_DIR": "prefire",
        "FEATURE_COUNT": 458
      },
      "geometry": {
        "type": "Polygon",
        "coordinates": [
          [
            [
              -118.55710144673031,
              36.14824290819717
            ],
            [
              -118.55701525317671,
              36.14823970409471
            ],
            [
              -118.55701876484947,
              36.1481775649041
            ],
            [
              -118.55710495833547,
              36.14818076899932
            ],
            [
              -118.55710144673031,
              36.14824290819717
            ]
          ]
        ]
      }
    },
    {
      "id": "708",
      "type": "Feature",
      "properties": {
        "id": null,
        "SOURCE_FILE": "/Users/maples/GitHub/mortalitree_testing/labels/annayu_mortalitree_prefire_labels.geojson",
        "SUNETID": "annayu",
        "FIRENAME": "CASTLE",
        "FIRE_SLUG": "CASTLE",
        "PREFIRE": 1,
        "PREFIRE_STATUS": "prefire",
        "TILE_Z": 17,
        "TILE_X": 22370,
        "TILE_Y": 51403,
        "TILEXYZ": [
          17,
          22370,
          51403
        ],
        "OUTPUT_FILE": "/Users/maples/GitHub/mortalitree_testing/notebooks/single_tiles/prefire/17/22370/51403.geojson",
        "OUTPUT_STATUS_DIR": "prefire",
        "FEATURE_COUNT": 458
      },
      "geometry": {
        "type": "Polygon",
        "coordinates": [
          [
            [
              -118.55714322667019,
              36.14826781242553
            ],
            [
              -118.55707618721344,
              36.148265320373106
            ],
            [
              -118.5570805767467,
              36.148187646378595
            ],
            [
              -118.55714761613775,
              36.14819013842399
            ],
            [
              -118.55714322667019,
              36.14826781242553
            ]
          ]
        ]
      }
    },
    {
      "id": "709",
      "type": "Feature",
      "properties": {
        "id": null,
        "SOURCE_FILE": "/Users/maples/GitHub/mortalitree_testing/labels/annayu_mortalitree_prefire_labels.geojson",
        "SUNETID": "annayu",
        "FIRENAME": "CASTLE",
        "FIRE_SLUG": "CASTLE",
        "PREFIRE": 1,
        "PREFIRE_STATUS": "prefire",
        "TILE_Z": 17,
        "TILE_X": 22370,
        "TILE_Y": 51403,
        "TILEXYZ": [
          17,
          22370,
          51403
        ],
        "OUTPUT_FILE": "/Users/maples/GitHub/mortalitree_testing/notebooks/single_tiles/prefire/17/22370/51403.geojson",
        "OUTPUT_STATUS_DIR": "prefire",
        "FEATURE_COUNT": 458
      },
      "geometry": {
        "type": "Polygon",
        "coordinates": [
          [
            [
              -118.55717433220539,
              36.148311779139924
            ],
            [
              -118.5571072927084,
              36.1483092871023
            ],
            [
              -118.5571121211681,
              36.14822384570526
            ],
            [
              -118.55717916059284,
              36.14822633773514
            ],
            [
              -118.55717433220539,
              36.148311779139924
            ]
          ]
        ]
      }
    },
    {
      "id": "710",
      "type": "Feature",
      "properties": {
        "id": null,
        "SOURCE_FILE": "/Users/maples/GitHub/mortalitree_testing/labels/annayu_mortalitree_prefire_labels.geojson",
        "SUNETID": "annayu",
        "FIRENAME": "CASTLE",
        "FIRE_SLUG": "CASTLE",
        "PREFIRE": 1,
        "PREFIRE_STATUS": "prefire",
        "TILE_Z": 17,
        "TILE_X": 22370,
        "TILE_Y": 51403,
        "TILEXYZ": [
          17,
          22370,
          51403
        ],
        "OUTPUT_FILE": "/Users/maples/GitHub/mortalitree_testing/notebooks/single_tiles/prefire/17/22370/51403.geojson",
        "OUTPUT_STATUS_DIR": "prefire",
        "FEATURE_COUNT": 458
      },
      "geometry": {
        "type": "Polygon",
        "coordinates": [
          [
            [
              -118.55726162319795,
              36.14829556463017
            ],
            [
              -118.55717542956796,
              36.14829236063898
            ],
            [
              -118.55717806323385,
              36.14824575623638
            ],
            [
              -118.55726425681314,
              36.148248960222105
            ],
            [
              -118.55726162319795,
              36.14829556463017
            ]
          ]
        ]
      }
    },
    {
      "id": "711",
      "type": "Feature",
      "properties": {
        "id": null,
        "SOURCE_FILE": "/Users/maples/GitHub/mortalitree_testing/labels/annayu_mortalitree_prefire_labels.geojson",
        "SUNETID": "annayu",
        "FIRENAME": "CASTLE",
        "FIRE_SLUG": "CASTLE",
        "PREFIRE": 1,
        "PREFIRE_STATUS": "prefire",
        "TILE_Z": 17,
        "TILE_X": 22370,
        "TILE_Y": 51403,
        "TILEXYZ": [
          17,
          22370,
          51403
        ],
        "OUTPUT_FILE": "/Users/maples/GitHub/mortalitree_testing/notebooks/single_tiles/prefire/17/22370/51403.geojson",
        "OUTPUT_STATUS_DIR": "prefire",
        "FEATURE_COUNT": 458
      },
      "geometry": {
        "type": "Polygon",
        "coordinates": [
          [
            [
              -118.5574304991376,
              36.14836411165156
            ],
            [
              -118.55731557417424,
              36.14835983980472
            ],
            [
              -118.55732040241695,
              36.14827439838418
            ],
            [
              -118.55743532725641,
              36.14827867021775
            ],
            [
              -118.5574304991376,
              36.14836411165156
            ]
          ]
        ]
      }
    },
    {
      "id": "712",
      "type": "Feature",
      "properties": {
        "id": null,
        "SOURCE_FILE": "/Users/maples/GitHub/mortalitree_testing/labels/annayu_mortalitree_prefire_labels.geojson",
        "SUNETID": "annayu",
        "FIRENAME": "CASTLE",
        "FIRE_SLUG": "CASTLE",
        "PREFIRE": 1,
        "PREFIRE_STATUS": "prefire",
        "TILE_Z": 17,
        "TILE_X": 22370,
        "TILE_Y": 51403,
        "TILEXYZ": [
          17,
          22370,
          51403
        ],
        "OUTPUT_FILE": "/Users/maples/GitHub/mortalitree_testing/notebooks/single_tiles/prefire/17/22370/51403.geojson",
        "OUTPUT_STATUS_DIR": "prefire",
        "FEATURE_COUNT": 458
      },
      "geometry": {
        "type": "Polygon",
        "coordinates": [
          [
            [
              -118.55732247794758,
              36.148492419622364
            ],
            [
              -118.55726501537772,
              36.14849028365433
            ],
            [
              -118.55726852688564,
              36.14842814444519
            ],
            [
              -118.55732598941044,
              36.14843028040839
            ],
            [
              -118.55732247794758,
              36.148492419622364
            ]
          ]
        ]
      }
    },
    {
      "id": "713",
      "type": "Feature",
      "properties": {
        "id": null,
        "SOURCE_FILE": "/Users/maples/GitHub/mortalitree_testing/labels/annayu_mortalitree_prefire_labels.geojson",
        "SUNETID": "annayu",
        "FIRENAME": "CASTLE",
        "FIRE_SLUG": "CASTLE",
        "PREFIRE": 1,
        "PREFIRE_STATUS": "prefire",
        "TILE_Z": 17,
        "TILE_X": 22370,
        "TILE_Y": 51403,
        "TILEXYZ": [
          17,
          22370,
          51403
        ],
        "OUTPUT_FILE": "/Users/maples/GitHub/mortalitree_testing/notebooks/single_tiles/prefire/17/22370/51403.geojson",
        "OUTPUT_STATUS_DIR": "prefire",
        "FEATURE_COUNT": 458
      },
      "geometry": {
        "type": "Polygon",
        "coordinates": [
          [
            [
              -118.55763580997989,
              36.14872201025973
            ],
            [
              -118.55756877009168,
              36.1487195184562
            ],
            [
              -118.55757184247781,
              36.148665146627884
            ],
            [
              -118.55763888232002,
              36.148667638426495
            ],
            [
              -118.55763580997989,
              36.14872201025973
            ]
          ]
        ]
      }
    },
    {
      "id": "714",
      "type": "Feature",
      "properties": {
        "id": null,
        "SOURCE_FILE": "/Users/maples/GitHub/mortalitree_testing/labels/annayu_mortalitree_prefire_labels.geojson",
        "SUNETID": "annayu",
        "FIRENAME": "CASTLE",
        "FIRE_SLUG": "CASTLE",
        "PREFIRE": 1,
        "PREFIRE_STATUS": "prefire",
        "TILE_Z": 17,
        "TILE_X": 22370,
        "TILE_Y": 51403,
        "TILEXYZ": [
          17,
          22370,
          51403
        ],
        "OUTPUT_FILE": "/Users/maples/GitHub/mortalitree_testing/notebooks/single_tiles/prefire/17/22370/51403.geojson",
        "OUTPUT_STATUS_DIR": "prefire",
        "FEATURE_COUNT": 458
      },
      "geometry": {
        "type": "Polygon",
        "coordinates": [
          [
            [
              -118.55776685678934,
              36.14869574615095
            ],
            [
              -118.55769023978682,
              36.14869289845803
            ],
            [
              -118.55769375098534,
              36.148630759215074
            ],
            [
              -118.55777036792777,
              36.14863360690154
            ],
            [
              -118.55776685678934,
              36.14869574615095
            ]
          ]
        ]
      }
    },
    {
      "id": "715",
      "type": "Feature",
      "properties": {
        "id": null,
        "SOURCE_FILE": "/Users/maples/GitHub/mortalitree_testing/labels/annayu_mortalitree_prefire_labels.geojson",
        "SUNETID": "annayu",
        "FIRENAME": "CASTLE",
        "FIRE_SLUG": "CASTLE",
        "PREFIRE": 1,
        "PREFIRE_STATUS": "prefire",
        "TILE_Z": 17,
        "TILE_X": 22370,
        "TILE_Y": 51403,
        "TILEXYZ": [
          17,
          22370,
          51403
        ],
        "OUTPUT_FILE": "/Users/maples/GitHub/mortalitree_testing/notebooks/single_tiles/prefire/17/22370/51403.geojson",
        "OUTPUT_STATUS_DIR": "prefire",
        "FEATURE_COUNT": 458
      },
      "geometry": {
        "type": "Polygon",
        "coordinates": [
          [
            [
              -118.55772982567393,
              36.14875663953693
            ],
            [
              -118.55765320861605,
              36.14875379181621
            ],
            [
              -118.55765628094773,
              36.14869941998198
            ],
            [
              -118.55773289795307,
              36.14870226769706
            ],
            [
              -118.55772982567393,
              36.14875663953693
            ]
          ]
        ]
      }
    },
    {
      "id": "716",
      "type": "Feature",
      "properties": {
        "id": null,
        "SOURCE_FILE": "/Users/maples/GitHub/mortalitree_testing/labels/annayu_mortalitree_prefire_labels.geojson",
        "SUNETID": "annayu",
        "FIRENAME": "CASTLE",
        "FIRE_SLUG": "CASTLE",
        "PREFIRE": 1,
        "PREFIRE_STATUS": "prefire",
        "TILE_Z": 17,
        "TILE_X": 22370,
        "TILE_Y": 51403,
        "TILEXYZ": [
          17,
          22370,
          51403
        ],
        "OUTPUT_FILE": "/Users/maples/GitHub/mortalitree_testing/notebooks/single_tiles/prefire/17/22370/51403.geojson",
        "OUTPUT_STATUS_DIR": "prefire",
        "FEATURE_COUNT": 458
      },
      "geometry": {
        "type": "Polygon",
        "coordinates": [
          [
            [
              -118.5582489400559,
              36.14831669330559
            ],
            [
              -118.55818190045677,
              36.14831420186923
            ],
            [
              -118.55818453352929,
              36.148267597403006
            ],
            [
              -118.55825157308904,
              36.148270088835126
            ],
            [
              -118.5582489400559,
              36.14831669330559
            ]
          ]
        ]
      }
    },
    {
      "id": "717",
      "type": "Feature",
      "properties": {
        "id": null,
        "SOURCE_FILE": "/Users/maples/GitHub/mortalitree_testing/labels/annayu_mortalitree_prefire_labels.geojson",
        "SUNETID": "annayu",
        "FIRENAME": "CASTLE",
        "FIRE_SLUG": "CASTLE",
        "PREFIRE": 1,
        "PREFIRE_STATUS": "prefire",
        "TILE_Z": 17,
        "TILE_X": 22370,
        "TILE_Y": 51403,
        "TILEXYZ": [
          17,
          22370,
          51403
        ],
        "OUTPUT_FILE": "/Users/maples/GitHub/mortalitree_testing/notebooks/single_tiles/prefire/17/22370/51403.geojson",
        "OUTPUT_STATUS_DIR": "prefire",
        "FEATURE_COUNT": 458
      },
      "geometry": {
        "type": "Polygon",
        "coordinates": [
          [
            [
              -118.55826611945827,
              36.14835235849108
            ],
            [
              -118.55820865691685,
              36.14835022298293
            ],
            [
              -118.55821085113406,
              36.1483113859266
            ],
            [
              -118.55826831364735,
              36.14831352143172
            ],
            [
              -118.55826611945827,
              36.14835235849108
            ]
          ]
        ]
      }
    },
    {
      "id": "718",
      "type": "Feature",
      "properties": {
        "id": null,
        "SOURCE_FILE": "/Users/maples/GitHub/mortalitree_testing/labels/annayu_mortalitree_prefire_labels.geojson",
        "SUNETID": "annayu",
        "FIRENAME": "CASTLE",
        "FIRE_SLUG": "CASTLE",
        "PREFIRE": 1,
        "PREFIRE_STATUS": "prefire",
        "TILE_Z": 17,
        "TILE_X": 22370,
        "TILE_Y": 51403,
        "TILEXYZ": [
          17,
          22370,
          51403
        ],
        "OUTPUT_FILE": "/Users/maples/GitHub/mortalitree_testing/notebooks/single_tiles/prefire/17/22370/51403.geojson",
        "OUTPUT_STATUS_DIR": "prefire",
        "FEATURE_COUNT": 458
      },
      "geometry": {
        "type": "Polygon",
        "coordinates": [
          [
            [
              -118.55825636162932,
              36.14827026679314
            ],
            [
              -118.55818932206901,
              36.14826777536368
            ],
            [
              -118.55819151628916,
              36.14822893830783
            ],
            [
              -118.55825855581662,
              36.14823142973376
            ],
            [
              -118.55825636162932,
              36.14827026679314
            ]
          ]
        ]
      }
    },
    {
      "id": "719",
      "type": "Feature",
      "properties": {
        "id": null,
        "SOURCE_FILE": "/Users/maples/GitHub/mortalitree_testing/labels/annayu_mortalitree_prefire_labels.geojson",
        "SUNETID": "annayu",
        "FIRENAME": "CASTLE",
        "FIRE_SLUG": "CASTLE",
        "PREFIRE": 1,
        "PREFIRE_STATUS": "prefire",
        "TILE_Z": 17,
        "TILE_X": 22370,
        "TILE_Y": 51403,
        "TILEXYZ": [
          17,
          22370,
          51403
        ],
        "OUTPUT_FILE": "/Users/maples/GitHub/mortalitree_testing/notebooks/single_tiles/prefire/17/22370/51403.geojson",
        "OUTPUT_STATUS_DIR": "prefire",
        "FEATURE_COUNT": 458
      },
      "geometry": {
        "type": "Polygon",
        "coordinates": [
          [
            [
              -118.55892003261461,
              36.148244334946526
            ],
            [
              -118.5588338388463,
              36.148241132152855
            ],
            [
              -118.55883866542133,
              36.14815569055425
            ],
            [
              -118.55892485909669,
              36.14815889333795
            ],
            [
              -118.55892003261461,
              36.148244334946526
            ]
          ]
        ]
      }
    },
    {
      "id": "720",
      "type": "Feature",
      "properties": {
        "id": null,
        "SOURCE_FILE": "/Users/maples/GitHub/mortalitree_testing/labels/annayu_mortalitree_prefire_labels.geojson",
        "SUNETID": "annayu",
        "FIRENAME": "CASTLE",
        "FIRE_SLUG": "CASTLE",
        "PREFIRE": 1,
        "PREFIRE_STATUS": "prefire",
        "TILE_Z": 17,
        "TILE_X": 22370,
        "TILE_Y": 51403,
        "TILEXYZ": [
          17,
          22370,
          51403
        ],
        "OUTPUT_FILE": "/Users/maples/GitHub/mortalitree_testing/notebooks/single_tiles/prefire/17/22370/51403.geojson",
        "OUTPUT_STATUS_DIR": "prefire",
        "FEATURE_COUNT": 458
      },
      "geometry": {
        "type": "Polygon",
        "coordinates": [
          [
            [
              -118.55895088187557,
              36.14837780451621
            ],
            [
              -118.55895395326935,
              36.14832343258262
            ],
            [
              -118.5589599609375,
              36.14832365581081
            ],
            [
              -118.5589599609375,
              36.14837814186926
            ],
            [
              -118.55895088187557,
              36.14837780451621
            ]
          ]
        ]
      }
    },
    {
      "id": "721",
      "type": "Feature",
      "properties": {
        "id": null,
        "SOURCE_FILE": "/Users/maples/GitHub/mortalitree_testing/labels/annayu_mortalitree_prefire_labels.geojson",
        "SUNETID": "annayu",
        "FIRENAME": "CASTLE",
        "FIRE_SLUG": "CASTLE",
        "PREFIRE": 1,
        "PREFIRE_STATUS": "prefire",
        "TILE_Z": 17,
        "TILE_X": 22370,
        "TILE_Y": 51403,
        "TILEXYZ": [
          17,
          22370,
          51403
        ],
        "OUTPUT_FILE": "/Users/maples/GitHub/mortalitree_testing/notebooks/single_tiles/prefire/17/22370/51403.geojson",
        "OUTPUT_STATUS_DIR": "prefire",
        "FEATURE_COUNT": 458
      },
      "geometry": {
        "type": "Polygon",
        "coordinates": [
          [
            [
              -118.55888709498994,
              36.14840267736659
            ],
            [
              -118.5588923603116,
              36.14830946834561
            ],
            [
              -118.5589599609375,
              36.14831198022546
            ],
            [
              -118.5589599609375,
              36.14840538489938
            ],
            [
              -118.55888709498994,
              36.14840267736659
            ]
          ]
        ]
      }
    },
    {
      "id": "722",
      "type": "Feature",
      "properties": {
        "id": null,
        "SOURCE_FILE": "/Users/maples/GitHub/mortalitree_testing/labels/annayu_mortalitree_prefire_labels.geojson",
        "SUNETID": "annayu",
        "FIRENAME": "CASTLE",
        "FIRE_SLUG": "CASTLE",
        "PREFIRE": 1,
        "PREFIRE_STATUS": "prefire",
        "TILE_Z": 17,
        "TILE_X": 22370,
        "TILE_Y": 51403,
        "TILEXYZ": [
          17,
          22370,
          51403
        ],
        "OUTPUT_FILE": "/Users/maples/GitHub/mortalitree_testing/notebooks/single_tiles/prefire/17/22370/51403.geojson",
        "OUTPUT_STATUS_DIR": "prefire",
        "FEATURE_COUNT": 458
      },
      "geometry": {
        "type": "Polygon",
        "coordinates": [
          [
            [
              -118.55893366419664,
              36.148427758945985
            ],
            [
              -118.55893629683536,
              36.14838115443301
            ],
            [
              -118.5589599609375,
              36.148382033728154
            ],
            [
              -118.5589599609375,
              36.14842873606407
            ],
            [
              -118.55893366419664,
              36.148427758945985
            ]
          ]
        ]
      }
    },
    {
      "id": "723",
      "type": "Feature",
      "properties": {
        "id": null,
        "SOURCE_FILE": "/Users/maples/GitHub/mortalitree_testing/labels/annayu_mortalitree_prefire_labels.geojson",
        "SUNETID": "annayu",
        "FIRENAME": "CASTLE",
        "FIRE_SLUG": "CASTLE",
        "PREFIRE": 1,
        "PREFIRE_STATUS": "prefire",
        "TILE_Z": 17,
        "TILE_X": 22370,
        "TILE_Y": 51403,
        "TILEXYZ": [
          17,
          22370,
          51403
        ],
        "OUTPUT_FILE": "/Users/maples/GitHub/mortalitree_testing/notebooks/single_tiles/prefire/17/22370/51403.geojson",
        "OUTPUT_STATUS_DIR": "prefire",
        "FEATURE_COUNT": 458
      },
      "geometry": {
        "type": "Polygon",
        "coordinates": [
          [
            [
              -118.55888402354114,
              36.148457049294514
            ],
            [
              -118.55888709498994,
              36.14840267736659
            ],
            [
              -118.5589599609375,
              36.148405384896456
            ],
            [
              -118.5589599609375,
              36.148459870955946
            ],
            [
              -118.55888402354114,
              36.148457049294514
            ]
          ]
        ]
      }
    },
    {
      "id": "724",
      "type": "Feature",
      "properties": {
        "id": null,
        "SOURCE_FILE": "/Users/maples/GitHub/mortalitree_testing/labels/annayu_mortalitree_prefire_labels.geojson",
        "SUNETID": "annayu",
        "FIRENAME": "CASTLE",
        "FIRE_SLUG": "CASTLE",
        "PREFIRE": 1,
        "PREFIRE_STATUS": "prefire",
        "TILE_Z": 17,
        "TILE_X": 22370,
        "TILE_Y": 51403,
        "TILEXYZ": [
          17,
          22370,
          51403
        ],
        "OUTPUT_FILE": "/Users/maples/GitHub/mortalitree_testing/notebooks/single_tiles/prefire/17/22370/51403.geojson",
        "OUTPUT_STATUS_DIR": "prefire",
        "FEATURE_COUNT": 458
      },
      "geometry": {
        "type": "Polygon",
        "coordinates": [
          [
            [
              -118.55889140676037,
              36.148496242252776
            ],
            [
              -118.55889447820849,
              36.14844187032466
            ],
            [
              -118.5589599609375,
              36.14844430351085
            ],
            [
              -118.5589599609375,
              36.14849878957014
            ],
            [
              -118.55889140676037,
              36.148496242252776
            ]
          ]
        ]
      }
    },
    {
      "id": "725",
      "type": "Feature",
      "properties": {
        "id": null,
        "SOURCE_FILE": "/Users/maples/GitHub/mortalitree_testing/labels/annayu_mortalitree_prefire_labels.geojson",
        "SUNETID": "annayu",
        "FIRENAME": "CASTLE",
        "FIRE_SLUG": "CASTLE",
        "PREFIRE": 1,
        "PREFIRE_STATUS": "prefire",
        "TILE_Z": 17,
        "TILE_X": 22370,
        "TILE_Y": 51403,
        "TILEXYZ": [
          17,
          22370,
          51403
        ],
        "OUTPUT_FILE": "/Users/maples/GitHub/mortalitree_testing/notebooks/single_tiles/prefire/17/22370/51403.geojson",
        "OUTPUT_STATUS_DIR": "prefire",
        "FEATURE_COUNT": 458
      },
      "geometry": {
        "type": "Polygon",
        "coordinates": [
          [
            [
              -118.55894079009529,
              36.148556455150064
            ],
            [
              -118.55888332735229,
              36.148554319955295
            ],
            [
              -118.5588863988125,
              36.148499948028295
            ],
            [
              -118.5589438615161,
              36.14850208321884
            ],
            [
              -118.55894079009529,
              36.148556455150064
            ]
          ]
        ]
      }
    },
    {
      "id": "726",
      "type": "Feature",
      "properties": {
        "id": null,
        "SOURCE_FILE": "/Users/maples/GitHub/mortalitree_testing/labels/annayu_mortalitree_prefire_labels.geojson",
        "SUNETID": "annayu",
        "FIRENAME": "CASTLE",
        "FIRE_SLUG": "CASTLE",
        "PREFIRE": 1,
        "PREFIRE_STATUS": "prefire",
        "TILE_Z": 17,
        "TILE_X": 22370,
        "TILE_Y": 51403,
        "TILEXYZ": [
          17,
          22370,
          51403
        ],
        "OUTPUT_FILE": "/Users/maples/GitHub/mortalitree_testing/notebooks/single_tiles/prefire/17/22370/51403.geojson",
        "OUTPUT_STATUS_DIR": "prefire",
        "FEATURE_COUNT": 458
      },
      "geometry": {
        "type": "Polygon",
        "coordinates": [
          [
            [
              -118.55888522580557,
              36.14869060563909
            ],
            [
              -118.55888917484235,
              36.14862069887709
            ],
            [
              -118.5589599609375,
              36.148623329132384
            ],
            [
              -118.5589599609375,
              36.14869338263651
            ],
            [
              -118.55888522580557,
              36.14869060563909
            ]
          ]
        ]
      }
    },
    {
      "id": "727",
      "type": "Feature",
      "properties": {
        "id": null,
        "SOURCE_FILE": "/Users/maples/GitHub/mortalitree_testing/labels/annayu_mortalitree_prefire_labels.geojson",
        "SUNETID": "annayu",
        "FIRENAME": "CASTLE",
        "FIRE_SLUG": "CASTLE",
        "PREFIRE": 1,
        "PREFIRE_STATUS": "prefire",
        "TILE_Z": 17,
        "TILE_X": 22370,
        "TILE_Y": 51403,
        "TILEXYZ": [
          17,
          22370,
          51403
        ],
        "OUTPUT_FILE": "/Users/maples/GitHub/mortalitree_testing/notebooks/single_tiles/prefire/17/22370/51403.geojson",
        "OUTPUT_STATUS_DIR": "prefire",
        "FEATURE_COUNT": 458
      },
      "geometry": {
        "type": "Polygon",
        "coordinates": [
          [
            [
              -118.55889692947079,
              36.14831352998743
            ],
            [
              -118.5588490440017,
              36.14831175065309
            ],
            [
              -118.55885167667934,
              36.14826514614459
            ],
            [
              -118.55889956212025,
              36.14826692547591
            ],
            [
              -118.55889692947079,
              36.14831352998743
            ]
          ]
        ]
      }
    },
    {
      "id": "728",
      "type": "Feature",
      "properties": {
        "id": null,
        "SOURCE_FILE": "/Users/maples/GitHub/mortalitree_testing/labels/annayu_mortalitree_prefire_labels.geojson",
        "SUNETID": "annayu",
        "FIRENAME": "CASTLE",
        "FIRE_SLUG": "CASTLE",
        "PREFIRE": 1,
        "PREFIRE_STATUS": "prefire",
        "TILE_Z": 17,
        "TILE_X": 22370,
        "TILE_Y": 51403,
        "TILEXYZ": [
          17,
          22370,
          51403
        ],
        "OUTPUT_FILE": "/Users/maples/GitHub/mortalitree_testing/notebooks/single_tiles/prefire/17/22370/51403.geojson",
        "OUTPUT_STATUS_DIR": "prefire",
        "FEATURE_COUNT": 458
      },
      "geometry": {
        "type": "Polygon",
        "coordinates": [
          [
            [
              -118.55883796921846,
              36.14825296121448
            ],
            [
              -118.55879966087538,
              36.1482515377317
            ],
            [
              -118.55880229357642,
              36.14820493322585
            ],
            [
              -118.55884060189695,
              36.1482063567062
            ],
            [
              -118.55883796921846,
              36.14825296121448
            ]
          ]
        ]
      }
    },
    {
      "id": "729",
      "type": "Feature",
      "properties": {
        "id": null,
        "SOURCE_FILE": "/Users/maples/GitHub/mortalitree_testing/labels/annayu_mortalitree_prefire_labels.geojson",
        "SUNETID": "annayu",
        "FIRENAME": "CASTLE",
        "FIRE_SLUG": "CASTLE",
        "PREFIRE": 1,
        "PREFIRE_STATUS": "prefire",
        "TILE_Z": 17,
        "TILE_X": 22370,
        "TILE_Y": 51403,
        "TILEXYZ": [
          17,
          22370,
          51403
        ],
        "OUTPUT_FILE": "/Users/maples/GitHub/mortalitree_testing/notebooks/single_tiles/prefire/17/22370/51403.geojson",
        "OUTPUT_STATUS_DIR": "prefire",
        "FEATURE_COUNT": 458
      },
      "geometry": {
        "type": "Polygon",
        "coordinates": [
          [
            [
              -118.55880163540172,
              36.14821658435236
            ],
            [
              -118.5587441729175,
              36.148214449108046
            ],
            [
              -118.55874812201064,
              36.14814454235389
            ],
            [
              -118.55880558444419,
              36.14814667759277
            ],
            [
              -118.55880163540172,
              36.14821658435236
            ]
          ]
        ]
      }
    },
    {
      "id": "730",
      "type": "Feature",
      "properties": {
        "id": null,
        "SOURCE_FILE": "/Users/maples/GitHub/mortalitree_testing/labels/annayu_mortalitree_prefire_labels.geojson",
        "SUNETID": "annayu",
        "FIRENAME": "CASTLE",
        "FIRE_SLUG": "CASTLE",
        "PREFIRE": 1,
        "PREFIRE_STATUS": "prefire",
        "TILE_Z": 17,
        "TILE_X": 22370,
        "TILE_Y": 51403,
        "TILEXYZ": [
          17,
          22370,
          51403
        ],
        "OUTPUT_FILE": "/Users/maples/GitHub/mortalitree_testing/notebooks/single_tiles/prefire/17/22370/51403.geojson",
        "OUTPUT_STATUS_DIR": "prefire",
        "FEATURE_COUNT": 458
      },
      "geometry": {
        "type": "Polygon",
        "coordinates": [
          [
            [
              -118.55691649005104,
              36.148119276919005
            ],
            [
              -118.55684945074135,
              36.148116784748424
            ],
            [
              -118.55685252355622,
              36.14806241296783
            ],
            [
              -118.5569195628199,
              36.14806490513348
            ],
            [
              -118.55691649005104,
              36.148119276919005
            ]
          ]
        ]
      }
    },
    {
      "id": "731",
      "type": "Feature",
      "properties": {
        "id": null,
        "SOURCE_FILE": "/Users/maples/GitHub/mortalitree_testing/labels/annayu_mortalitree_prefire_labels.geojson",
        "SUNETID": "annayu",
        "FIRENAME": "CASTLE",
        "FIRE_SLUG": "CASTLE",
        "PREFIRE": 1,
        "PREFIRE_STATUS": "prefire",
        "TILE_Z": 17,
        "TILE_X": 22370,
        "TILE_Y": 51403,
        "TILEXYZ": [
          17,
          22370,
          51403
        ],
        "OUTPUT_FILE": "/Users/maples/GitHub/mortalitree_testing/notebooks/single_tiles/prefire/17/22370/51403.geojson",
        "OUTPUT_STATUS_DIR": "prefire",
        "FEATURE_COUNT": 458
      },
      "geometry": {
        "type": "Polygon",
        "coordinates": [
          [
            [
              -118.55647718198729,
              36.14825083564115
            ],
            [
              -118.55638141144469,
              36.14824727502358
            ],
            [
              -118.5563849236184,
              36.148185135886614
            ],
            [
              -118.55648069408589,
              36.14818869649611
            ],
            [
              -118.55647718198729,
              36.14825083564115
            ]
          ]
        ]
      }
    },
    {
      "id": "732",
      "type": "Feature",
      "properties": {
        "id": null,
        "SOURCE_FILE": "/Users/maples/GitHub/mortalitree_testing/labels/annayu_mortalitree_prefire_labels.geojson",
        "SUNETID": "annayu",
        "FIRENAME": "CASTLE",
        "FIRE_SLUG": "CASTLE",
        "PREFIRE": 1,
        "PREFIRE_STATUS": "prefire",
        "TILE_Z": 17,
        "TILE_X": 22370,
        "TILE_Y": 51403,
        "TILEXYZ": [
          17,
          22370,
          51403
        ],
        "OUTPUT_FILE": "/Users/maples/GitHub/mortalitree_testing/notebooks/single_tiles/prefire/17/22370/51403.geojson",
        "OUTPUT_STATUS_DIR": "prefire",
        "FEATURE_COUNT": 458
      },
      "geometry": {
        "type": "Polygon",
        "coordinates": [
          [
            [
              -118.558903034342,
              36.14829040566397
            ],
            [
              -118.55890654453214,
              36.14822826631438
            ],
            [
              -118.5589599609375,
              36.14823025113819
            ],
            [
              -118.5589599609375,
              36.14829252092105
            ],
            [
              -118.558903034342,
              36.14829040566397
            ]
          ]
        ]
      }
    },
    {
      "id": "733",
      "type": "Feature",
      "properties": {
        "id": null,
        "SOURCE_FILE": "/Users/maples/GitHub/mortalitree_testing/labels/annayu_mortalitree_prefire_labels.geojson",
        "SUNETID": "annayu",
        "FIRENAME": "CASTLE",
        "FIRE_SLUG": "CASTLE",
        "PREFIRE": 1,
        "PREFIRE_STATUS": "prefire",
        "TILE_Z": 17,
        "TILE_X": 22370,
        "TILE_Y": 51403,
        "TILEXYZ": [
          17,
          22370,
          51403
        ],
        "OUTPUT_FILE": "/Users/maples/GitHub/mortalitree_testing/notebooks/single_tiles/prefire/17/22370/51403.geojson",
        "OUTPUT_STATUS_DIR": "prefire",
        "FEATURE_COUNT": 458
      },
      "geometry": {
        "type": "Polygon",
        "coordinates": [
          [
            [
              -118.55796434184268,
              36.14786115878656
            ],
            [
              -118.55792138052453,
              36.14785956209672
            ],
            [
              -118.55792433355461,
              36.14780729669111
            ],
            [
              -118.55796729484439,
              36.14780889337791
            ],
            [
              -118.55796434184268,
              36.14786115878656
            ]
          ]
        ]
      }
    },
    {
      "id": "734",
      "type": "Feature",
      "properties": {
        "id": null,
        "SOURCE_FILE": "/Users/maples/GitHub/mortalitree_testing/labels/annayu_mortalitree_prefire_labels.geojson",
        "SUNETID": "annayu",
        "FIRENAME": "CASTLE",
        "FIRE_SLUG": "CASTLE",
        "PREFIRE": 1,
        "PREFIRE_STATUS": "prefire",
        "TILE_Z": 17,
        "TILE_X": 22370,
        "TILE_Y": 51403,
        "TILEXYZ": [
          17,
          22370,
          51403
        ],
        "OUTPUT_FILE": "/Users/maples/GitHub/mortalitree_testing/notebooks/single_tiles/prefire/17/22370/51403.geojson",
        "OUTPUT_STATUS_DIR": "prefire",
        "FEATURE_COUNT": 458
      },
      "geometry": {
        "type": "Polygon",
        "coordinates": [
          [
            [
              -118.55769124579729,
              36.147741893800564
            ],
            [
              -118.55764828456014,
              36.14774029701727
            ],
            [
              -118.55765123775852,
              36.14768803163003
            ],
            [
              -118.55769419896733,
              36.14768962841028
            ],
            [
              -118.55769124579729,
              36.147741893800564
            ]
          ]
        ]
      }
    },
    {
      "id": "735",
      "type": "Feature",
      "properties": {
        "id": null,
        "SOURCE_FILE": "/Users/maples/GitHub/mortalitree_testing/labels/annayu_mortalitree_prefire_labels.geojson",
        "SUNETID": "annayu",
        "FIRENAME": "CASTLE",
        "FIRE_SLUG": "CASTLE",
        "PREFIRE": 1,
        "PREFIRE_STATUS": "prefire",
        "TILE_Z": 17,
        "TILE_X": 22370,
        "TILE_Y": 51403,
        "TILEXYZ": [
          17,
          22370,
          51403
        ],
        "OUTPUT_FILE": "/Users/maples/GitHub/mortalitree_testing/notebooks/single_tiles/prefire/17/22370/51403.geojson",
        "OUTPUT_STATUS_DIR": "prefire",
        "FEATURE_COUNT": 458
      },
      "geometry": {
        "type": "Polygon",
        "coordinates": [
          [
            [
              -118.55842961457054,
              36.14725894646144
            ],
            [
              -118.55838496787291,
              36.1472572873184
            ],
            [
              -118.55838792273649,
              36.14720498282313
            ],
            [
              -118.55843256940466,
              36.14720664196301
            ],
            [
              -118.55842961457054,
              36.14725894646144
            ]
          ]
        ]
      }
    },
    {
      "id": "736",
      "type": "Feature",
      "properties": {
        "id": null,
        "SOURCE_FILE": "/Users/maples/GitHub/mortalitree_testing/labels/annayu_mortalitree_prefire_labels.geojson",
        "SUNETID": "annayu",
        "FIRENAME": "CASTLE",
        "FIRE_SLUG": "CASTLE",
        "PREFIRE": 1,
        "PREFIRE_STATUS": "prefire",
        "TILE_Z": 17,
        "TILE_X": 22370,
        "TILE_Y": 51403,
        "TILEXYZ": [
          17,
          22370,
          51403
        ],
        "OUTPUT_FILE": "/Users/maples/GitHub/mortalitree_testing/notebooks/single_tiles/prefire/17/22370/51403.geojson",
        "OUTPUT_STATUS_DIR": "prefire",
        "FEATURE_COUNT": 458
      },
      "geometry": {
        "type": "Polygon",
        "coordinates": [
          [
            [
              -118.55883275504009,
              36.14760252447078
            ],
            [
              -118.55875338274602,
              36.147599575114846
            ],
            [
              -118.5587565646829,
              36.14754324717186
            ],
            [
              -118.55883593692054,
              36.14754619652174
            ],
            [
              -118.55883275504009,
              36.14760252447078
            ]
          ]
        ]
      }
    },
    {
      "id": "737",
      "type": "Feature",
      "properties": {
        "id": null,
        "SOURCE_FILE": "/Users/maples/GitHub/mortalitree_testing/labels/annayu_mortalitree_prefire_labels.geojson",
        "SUNETID": "annayu",
        "FIRENAME": "CASTLE",
        "FIRE_SLUG": "CASTLE",
        "PREFIRE": 1,
        "PREFIRE_STATUS": "prefire",
        "TILE_Z": 17,
        "TILE_X": 22370,
        "TILE_Y": 51403,
        "TILEXYZ": [
          17,
          22370,
          51403
        ],
        "OUTPUT_FILE": "/Users/maples/GitHub/mortalitree_testing/notebooks/single_tiles/prefire/17/22370/51403.geojson",
        "OUTPUT_STATUS_DIR": "prefire",
        "FEATURE_COUNT": 458
      },
      "geometry": {
        "type": "Polygon",
        "coordinates": [
          [
            [
              -118.5587932219064,
              36.14751033840863
            ],
            [
              -118.558743614282,
              36.14750849505497
            ],
            [
              -118.55874679621526,
              36.14745216711186
            ],
            [
              -118.55879640380442,
              36.14745401046174
            ],
            [
              -118.5587932219064,
              36.14751033840863
            ]
          ]
        ]
      }
    },
    {
      "id": "3126",
      "type": "Feature",
      "properties": {
        "id": null,
        "SOURCE_FILE": "/Users/maples/GitHub/mortalitree_testing/labels/annayu_mortalitree_prefire_labels.geojson",
        "SUNETID": "annayu",
        "FIRENAME": "CASTLE",
        "FIRE_SLUG": "CASTLE",
        "PREFIRE": 1,
        "PREFIRE_STATUS": "prefire",
        "TILE_Z": 17,
        "TILE_X": 22370,
        "TILE_Y": 51403,
        "TILEXYZ": [
          17,
          22370,
          51403
        ],
        "OUTPUT_FILE": "/Users/maples/GitHub/mortalitree_testing/notebooks/single_tiles/prefire/17/22370/51403.geojson",
        "OUTPUT_STATUS_DIR": "prefire",
        "FEATURE_COUNT": 458
      },
      "geometry": {
        "type": "Polygon",
        "coordinates": [
          [
            [
              -118.55761951881748,
              36.14722377556682
            ],
            [
              -118.55752886811952,
              36.14722040620813
            ],
            [
              -118.55753509962068,
              36.14711012248135
            ],
            [
              -118.5576257501925,
              36.14711349182653
            ],
            [
              -118.55761951881748,
              36.14722377556682
            ]
          ]
        ]
      }
    },
    {
      "id": "3127",
      "type": "Feature",
      "properties": {
        "id": null,
        "SOURCE_FILE": "/Users/maples/GitHub/mortalitree_testing/labels/annayu_mortalitree_prefire_labels.geojson",
        "SUNETID": "annayu",
        "FIRENAME": "CASTLE",
        "FIRE_SLUG": "CASTLE",
        "PREFIRE": 1,
        "PREFIRE_STATUS": "prefire",
        "TILE_Z": 17,
        "TILE_X": 22370,
        "TILE_Y": 51403,
        "TILEXYZ": [
          17,
          22370,
          51403
        ],
        "OUTPUT_FILE": "/Users/maples/GitHub/mortalitree_testing/notebooks/single_tiles/prefire/17/22370/51403.geojson",
        "OUTPUT_STATUS_DIR": "prefire",
        "FEATURE_COUNT": 458
      },
      "geometry": {
        "type": "Polygon",
        "coordinates": [
          [
            [
              -118.55775835085697,
              36.14717828275348
            ],
            [
              -118.55766770019427,
              36.147174913503505
            ],
            [
              -118.55767133512131,
              36.14711058131728
            ],
            [
              -118.55776198571044,
              36.147113950559365
            ],
            [
              -118.55775835085697,
              36.14717828275348
            ]
          ]
        ]
      }
    },
    {
      "id": "3128",
      "type": "Feature",
      "properties": {
        "id": null,
        "SOURCE_FILE": "/Users/maples/GitHub/mortalitree_testing/labels/annayu_mortalitree_prefire_labels.geojson",
        "SUNETID": "annayu",
        "FIRENAME": "CASTLE",
        "FIRE_SLUG": "CASTLE",
        "PREFIRE": 1,
        "PREFIRE_STATUS": "prefire",
        "TILE_Z": 17,
        "TILE_X": 22370,
        "TILE_Y": 51403,
        "TILEXYZ": [
          17,
          22370,
          51403
        ],
        "OUTPUT_FILE": "/Users/maples/GitHub/mortalitree_testing/notebooks/single_tiles/prefire/17/22370/51403.geojson",
        "OUTPUT_STATUS_DIR": "prefire",
        "FEATURE_COUNT": 458
      },
      "geometry": {
        "type": "Polygon",
        "coordinates": [
          [
            [
              -118.5585845005096,
              36.14722740464944
            ],
            [
              -118.55845985563451,
              36.14722277276755
            ],
            [
              -118.55846608583289,
              36.147112488901215
            ],
            [
              -118.55859073053453,
              36.14711712076449
            ],
            [
              -118.5585845005096,
              36.14722740464944
            ]
          ]
        ]
      }
    },
    {
      "id": "3129",
      "type": "Feature",
      "properties": {
        "id": null,
        "SOURCE_FILE": "/Users/maples/GitHub/mortalitree_testing/labels/annayu_mortalitree_prefire_labels.geojson",
        "SUNETID": "annayu",
        "FIRENAME": "CASTLE",
        "FIRE_SLUG": "CASTLE",
        "PREFIRE": 1,
        "PREFIRE_STATUS": "prefire",
        "TILE_Z": 17,
        "TILE_X": 22370,
        "TILE_Y": 51403,
        "TILEXYZ": [
          17,
          22370,
          51403
        ],
        "OUTPUT_FILE": "/Users/maples/GitHub/mortalitree_testing/notebooks/single_tiles/prefire/17/22370/51403.geojson",
        "OUTPUT_STATUS_DIR": "prefire",
        "FEATURE_COUNT": 458
      },
      "geometry": {
        "type": "Polygon",
        "coordinates": [
          [
            [
              -118.55861741107641,
              36.147348352614685
            ],
            [
              -118.55852676011214,
              36.14734498400138
            ],
            [
              -118.55853247106829,
              36.14724389045022
            ],
            [
              -118.55862312191695,
              36.14724725905113
            ],
            [
              -118.55861741107641,
              36.147348352614685
            ]
          ]
        ]
      }
    },
    {
      "id": "3130",
      "type": "Feature",
      "properties": {
        "id": null,
        "SOURCE_FILE": "/Users/maples/GitHub/mortalitree_testing/labels/annayu_mortalitree_prefire_labels.geojson",
        "SUNETID": "annayu",
        "FIRENAME": "CASTLE",
        "FIRE_SLUG": "CASTLE",
        "PREFIRE": 1,
        "PREFIRE_STATUS": "prefire",
        "TILE_Z": 17,
        "TILE_X": 22370,
        "TILE_Y": 51403,
        "TILEXYZ": [
          17,
          22370,
          51403
        ],
        "OUTPUT_FILE": "/Users/maples/GitHub/mortalitree_testing/notebooks/single_tiles/prefire/17/22370/51403.geojson",
        "OUTPUT_STATUS_DIR": "prefire",
        "FEATURE_COUNT": 458
      },
      "geometry": {
        "type": "Polygon",
        "coordinates": [
          [
            [
              -118.5588284291104,
              36.14713055821716
            ],
            [
              -118.55871511568816,
              36.14712634766126
            ],
            [
              -118.55872030720637,
              36.14703444440615
            ],
            [
              -118.55883362049723,
              36.147038654947956
            ],
            [
              -118.5588284291104,
              36.14713055821716
            ]
          ]
        ]
      }
    },
    {
      "id": "3131",
      "type": "Feature",
      "properties": {
        "id": null,
        "SOURCE_FILE": "/Users/maples/GitHub/mortalitree_testing/labels/annayu_mortalitree_prefire_labels.geojson",
        "SUNETID": "annayu",
        "FIRENAME": "CASTLE",
        "FIRE_SLUG": "CASTLE",
        "PREFIRE": 1,
        "PREFIRE_STATUS": "prefire",
        "TILE_Z": 17,
        "TILE_X": 22370,
        "TILE_Y": 51403,
        "TILEXYZ": [
          17,
          22370,
          51403
        ],
        "OUTPUT_FILE": "/Users/maples/GitHub/mortalitree_testing/notebooks/single_tiles/prefire/17/22370/51403.geojson",
        "OUTPUT_STATUS_DIR": "prefire",
        "FEATURE_COUNT": 458
      },
      "geometry": {
        "type": "Polygon",
        "coordinates": [
          [
            [
              -118.5584774537734,
              36.14887136199587
            ],
            [
              -118.558398924195,
              36.14886844367903
            ],
            [
              -118.55840317671408,
              36.148793173360616
            ],
            [
              -118.55848170621789,
              36.14879609166945
            ],
            [
              -118.5584774537734,
              36.14887136199587
            ]
          ]
        ]
      }
    },
    {
      "id": "3132",
      "type": "Feature",
      "properties": {
        "id": null,
        "SOURCE_FILE": "/Users/maples/GitHub/mortalitree_testing/labels/annayu_mortalitree_prefire_labels.geojson",
        "SUNETID": "annayu",
        "FIRENAME": "CASTLE",
        "FIRE_SLUG": "CASTLE",
        "PREFIRE": 1,
        "PREFIRE_STATUS": "prefire",
        "TILE_Z": 17,
        "TILE_X": 22370,
        "TILE_Y": 51403,
        "TILEXYZ": [
          17,
          22370,
          51403
        ],
        "OUTPUT_FILE": "/Users/maples/GitHub/mortalitree_testing/notebooks/single_tiles/prefire/17/22370/51403.geojson",
        "OUTPUT_STATUS_DIR": "prefire",
        "FEATURE_COUNT": 458
      },
      "geometry": {
        "type": "Polygon",
        "coordinates": [
          [
            [
              -118.55777522168553,
              36.148511638485346
            ],
            [
              -118.5576752755032,
              36.148507923700656
            ],
            [
              -118.55767952865763,
              36.148432653451785
            ],
            [
              -118.55777947474506,
              36.1484363682263
            ],
            [
              -118.55777522168553,
              36.148511638485346
            ]
          ]
        ]
      }
    },
    {
      "id": "3133",
      "type": "Feature",
      "properties": {
        "id": null,
        "SOURCE_FILE": "/Users/maples/GitHub/mortalitree_testing/labels/annayu_mortalitree_prefire_labels.geojson",
        "SUNETID": "annayu",
        "FIRENAME": "CASTLE",
        "FIRE_SLUG": "CASTLE",
        "PREFIRE": 1,
        "PREFIRE_STATUS": "prefire",
        "TILE_Z": 17,
        "TILE_X": 22370,
        "TILE_Y": 51403,
        "TILEXYZ": [
          17,
          22370,
          51403
        ],
        "OUTPUT_FILE": "/Users/maples/GitHub/mortalitree_testing/notebooks/single_tiles/prefire/17/22370/51403.geojson",
        "OUTPUT_STATUS_DIR": "prefire",
        "FEATURE_COUNT": 458
      },
      "geometry": {
        "type": "Polygon",
        "coordinates": [
          [
            [
              -118.55876007215036,
              36.14893408386999
            ],
            [
              -118.5586601252982,
              36.14893036987001
            ],
            [
              -118.5586624149889,
              36.14888983968475
            ],
            [
              -118.55876236178997,
              36.148893553679265
            ],
            [
              -118.55876007215036,
              36.14893408386999
            ]
          ]
        ]
      }
    },
    {
      "id": "3134",
      "type": "Feature",
      "properties": {
        "id": null,
        "SOURCE_FILE": "/Users/maples/GitHub/mortalitree_testing/labels/annayu_mortalitree_prefire_labels.geojson",
        "SUNETID": "annayu",
        "FIRENAME": "CASTLE",
        "FIRE_SLUG": "CASTLE",
        "PREFIRE": 1,
        "PREFIRE_STATUS": "prefire",
        "TILE_Z": 17,
        "TILE_X": 22370,
        "TILE_Y": 51403,
        "TILEXYZ": [
          17,
          22370,
          51403
        ],
        "OUTPUT_FILE": "/Users/maples/GitHub/mortalitree_testing/notebooks/single_tiles/prefire/17/22370/51403.geojson",
        "OUTPUT_STATUS_DIR": "prefire",
        "FEATURE_COUNT": 458
      },
      "geometry": {
        "type": "Polygon",
        "coordinates": [
          [
            [
              -118.5588923083455,
              36.14893609651411
            ],
            [
              -118.55879950053456,
              36.14893264790492
            ],
            [
              -118.55880309850552,
              36.14886895760158
            ],
            [
              -118.55889590624191,
              36.148872406202784
            ],
            [
              -118.5588923083455,
              36.14893609651411
            ]
          ]
        ]
      }
    },
    {
      "id": "3135",
      "type": "Feature",
      "properties": {
        "id": null,
        "SOURCE_FILE": "/Users/maples/GitHub/mortalitree_testing/labels/annayu_mortalitree_prefire_labels.geojson",
        "SUNETID": "annayu",
        "FIRENAME": "CASTLE",
        "FIRE_SLUG": "CASTLE",
        "PREFIRE": 1,
        "PREFIRE_STATUS": "prefire",
        "TILE_Z": 17,
        "TILE_X": 22370,
        "TILE_Y": 51403,
        "TILEXYZ": [
          17,
          22370,
          51403
        ],
        "OUTPUT_FILE": "/Users/maples/GitHub/mortalitree_testing/notebooks/single_tiles/prefire/17/22370/51403.geojson",
        "OUTPUT_STATUS_DIR": "prefire",
        "FEATURE_COUNT": 458
      },
      "geometry": {
        "type": "Polygon",
        "coordinates": [
          [
            [
              -118.55891421615544,
              36.148928207294176
            ],
            [
              -118.55891715987437,
              36.14887609703791
            ],
            [
              -118.5589599609375,
              36.14887768742517
            ],
            [
              -118.5589599609375,
              36.14892990706524
            ],
            [
              -118.55891421615544,
              36.148928207294176
            ]
          ]
        ]
      }
    },
    {
      "id": "3136",
      "type": "Feature",
      "properties": {
        "id": null,
        "SOURCE_FILE": "/Users/maples/GitHub/mortalitree_testing/labels/annayu_mortalitree_prefire_labels.geojson",
        "SUNETID": "annayu",
        "FIRENAME": "CASTLE",
        "FIRE_SLUG": "CASTLE",
        "PREFIRE": 1,
        "PREFIRE_STATUS": "prefire",
        "TILE_Z": 17,
        "TILE_X": 22370,
        "TILE_Y": 51403,
        "TILEXYZ": [
          17,
          22370,
          51403
        ],
        "OUTPUT_FILE": "/Users/maples/GitHub/mortalitree_testing/notebooks/single_tiles/prefire/17/22370/51403.geojson",
        "OUTPUT_STATUS_DIR": "prefire",
        "FEATURE_COUNT": 458
      },
      "geometry": {
        "type": "Polygon",
        "coordinates": [
          [
            [
              -118.55876789386195,
              36.14885894615641
            ],
            [
              -118.55869650331871,
              36.148856293317145
            ],
            [
              -118.55869912007927,
              36.14880997310252
            ],
            [
              -118.55877051058077,
              36.14881262593732
            ],
            [
              -118.55876789386195,
              36.14885894615641
            ]
          ]
        ]
      }
    },
    {
      "id": "3137",
      "type": "Feature",
      "properties": {
        "id": null,
        "SOURCE_FILE": "/Users/maples/GitHub/mortalitree_testing/labels/annayu_mortalitree_prefire_labels.geojson",
        "SUNETID": "annayu",
        "FIRENAME": "CASTLE",
        "FIRE_SLUG": "CASTLE",
        "PREFIRE": 1,
        "PREFIRE_STATUS": "prefire",
        "TILE_Z": 17,
        "TILE_X": 22370,
        "TILE_Y": 51403,
        "TILEXYZ": [
          17,
          22370,
          51403
        ],
        "OUTPUT_FILE": "/Users/maples/GitHub/mortalitree_testing/notebooks/single_tiles/prefire/17/22370/51403.geojson",
        "OUTPUT_STATUS_DIR": "prefire",
        "FEATURE_COUNT": 458
      },
      "geometry": {
        "type": "Polygon",
        "coordinates": [
          [
            [
              -118.55880895764376,
              36.14882856004767
            ],
            [
              -118.55873042807264,
              36.148825641951184
            ],
            [
              -118.55873369899376,
              36.14876774167986
            ],
            [
              -118.55881222850752,
              36.1487706597702
            ],
            [
              -118.55880895764376,
              36.14882856004767
            ]
          ]
        ]
      }
    },
    {
      "id": "3138",
      "type": "Feature",
      "properties": {
        "id": null,
        "SOURCE_FILE": "/Users/maples/GitHub/mortalitree_testing/labels/annayu_mortalitree_prefire_labels.geojson",
        "SUNETID": "annayu",
        "FIRENAME": "CASTLE",
        "FIRE_SLUG": "CASTLE",
        "PREFIRE": 1,
        "PREFIRE_STATUS": "prefire",
        "TILE_Z": 17,
        "TILE_X": 22370,
        "TILE_Y": 51403,
        "TILEXYZ": [
          17,
          22370,
          51403
        ],
        "OUTPUT_FILE": "/Users/maples/GitHub/mortalitree_testing/notebooks/single_tiles/prefire/17/22370/51403.geojson",
        "OUTPUT_STATUS_DIR": "prefire",
        "FEATURE_COUNT": 458
      },
      "geometry": {
        "type": "Polygon",
        "coordinates": [
          [
            [
              -118.55887094792172,
              36.14880765479249
            ],
            [
              -118.55878527931475,
              36.14880447145788
            ],
            [
              -118.5587895314547,
              36.14872920109912
            ],
            [
              -118.5588751999803,
              36.148732384425
            ],
            [
              -118.55887094792172,
              36.14880765479249
            ]
          ]
        ]
      }
    },
    {
      "id": "3139",
      "type": "Feature",
      "properties": {
        "id": null,
        "SOURCE_FILE": "/Users/maples/GitHub/mortalitree_testing/labels/annayu_mortalitree_prefire_labels.geojson",
        "SUNETID": "annayu",
        "FIRENAME": "CASTLE",
        "FIRE_SLUG": "CASTLE",
        "PREFIRE": 1,
        "PREFIRE_STATUS": "prefire",
        "TILE_Z": 17,
        "TILE_X": 22370,
        "TILE_Y": 51403,
        "TILEXYZ": [
          17,
          22370,
          51403
        ],
        "OUTPUT_FILE": "/Users/maples/GitHub/mortalitree_testing/notebooks/single_tiles/prefire/17/22370/51403.geojson",
        "OUTPUT_STATUS_DIR": "prefire",
        "FEATURE_COUNT": 458
      },
      "geometry": {
        "type": "Polygon",
        "coordinates": [
          [
            [
              -118.55866642577054,
              36.14862889055514
            ],
            [
              -118.55860931350989,
              36.14862676825032
            ],
            [
              -118.55861258449625,
              36.14856886798661
            ],
            [
              -118.55866969671519,
              36.14857099028696
            ],
            [
              -118.55866642577054,
              36.14862889055514
            ]
          ]
        ]
      }
    },
    {
      "id": "3140",
      "type": "Feature",
      "properties": {
        "id": null,
        "SOURCE_FILE": "/Users/maples/GitHub/mortalitree_testing/labels/annayu_mortalitree_prefire_labels.geojson",
        "SUNETID": "annayu",
        "FIRENAME": "CASTLE",
        "FIRE_SLUG": "CASTLE",
        "PREFIRE": 1,
        "PREFIRE_STATUS": "prefire",
        "TILE_Z": 17,
        "TILE_X": 22370,
        "TILE_Y": 51403,
        "TILEXYZ": [
          17,
          22370,
          51403
        ],
        "OUTPUT_FILE": "/Users/maples/GitHub/mortalitree_testing/notebooks/single_tiles/prefire/17/22370/51403.geojson",
        "OUTPUT_STATUS_DIR": "prefire",
        "FEATURE_COUNT": 458
      },
      "geometry": {
        "type": "Polygon",
        "coordinates": [
          [
            [
              -118.55885754428894,
              36.14866500327497
            ],
            [
              -118.55874331969156,
              36.14866075881683
            ],
            [
              -118.55874724476077,
              36.14859127848802
            ],
            [
              -118.55886146925799,
              36.148595522935416
            ],
            [
              -118.55885754428894,
              36.14866500327497
            ]
          ]
        ]
      }
    },
    {
      "id": "3141",
      "type": "Feature",
      "properties": {
        "id": null,
        "SOURCE_FILE": "/Users/maples/GitHub/mortalitree_testing/labels/annayu_mortalitree_prefire_labels.geojson",
        "SUNETID": "annayu",
        "FIRENAME": "CASTLE",
        "FIRE_SLUG": "CASTLE",
        "PREFIRE": 1,
        "PREFIRE_STATUS": "prefire",
        "TILE_Z": 17,
        "TILE_X": 22370,
        "TILE_Y": 51403,
        "TILEXYZ": [
          17,
          22370,
          51403
        ],
        "OUTPUT_FILE": "/Users/maples/GitHub/mortalitree_testing/notebooks/single_tiles/prefire/17/22370/51403.geojson",
        "OUTPUT_STATUS_DIR": "prefire",
        "FEATURE_COUNT": 458
      },
      "geometry": {
        "type": "Polygon",
        "coordinates": [
          [
            [
              -118.55888160638779,
              36.14855565592093
            ],
            [
              -118.55881021610841,
              36.14855300316854
            ],
            [
              -118.55881315985572,
              36.14850089291637
            ],
            [
              -118.55888455008817,
              36.14850354566371
            ],
            [
              -118.55888160638779,
              36.14855565592093
            ]
          ]
        ]
      }
    },
    {
      "id": "3142",
      "type": "Feature",
      "properties": {
        "id": null,
        "SOURCE_FILE": "/Users/maples/GitHub/mortalitree_testing/labels/annayu_mortalitree_prefire_labels.geojson",
        "SUNETID": "annayu",
        "FIRENAME": "CASTLE",
        "FIRE_SLUG": "CASTLE",
        "PREFIRE": 1,
        "PREFIRE_STATUS": "prefire",
        "TILE_Z": 17,
        "TILE_X": 22370,
        "TILE_Y": 51403,
        "TILEXYZ": [
          17,
          22370,
          51403
        ],
        "OUTPUT_FILE": "/Users/maples/GitHub/mortalitree_testing/notebooks/single_tiles/prefire/17/22370/51403.geojson",
        "OUTPUT_STATUS_DIR": "prefire",
        "FEATURE_COUNT": 458
      },
      "geometry": {
        "type": "Polygon",
        "coordinates": [
          [
            [
              -118.55879967110941,
              36.14854971023808
            ],
            [
              -118.55874969792218,
              36.14854785328192
            ],
            [
              -118.55875198753478,
              36.14850732308914
            ],
            [
              -118.55880196069643,
              36.14850918004255
            ],
            [
              -118.55879967110941,
              36.14854971023808
            ]
          ]
        ]
      }
    },
    {
      "id": "3143",
      "type": "Feature",
      "properties": {
        "id": null,
        "SOURCE_FILE": "/Users/maples/GitHub/mortalitree_testing/labels/annayu_mortalitree_prefire_labels.geojson",
        "SUNETID": "annayu",
        "FIRENAME": "CASTLE",
        "FIRE_SLUG": "CASTLE",
        "PREFIRE": 1,
        "PREFIRE_STATUS": "prefire",
        "TILE_Z": 17,
        "TILE_X": 22370,
        "TILE_Y": 51403,
        "TILEXYZ": [
          17,
          22370,
          51403
        ],
        "OUTPUT_FILE": "/Users/maples/GitHub/mortalitree_testing/notebooks/single_tiles/prefire/17/22370/51403.geojson",
        "OUTPUT_STATUS_DIR": "prefire",
        "FEATURE_COUNT": 458
      },
      "geometry": {
        "type": "Polygon",
        "coordinates": [
          [
            [
              -118.55848579509197,
              36.14872371635428
            ],
            [
              -118.55840012662115,
              36.148720532750495
            ],
            [
              -118.55840307065777,
              36.14866842252884
            ],
            [
              -118.55848873907226,
              36.14867160612659
            ],
            [
              -118.55848579509197,
              36.14872371635428
            ]
          ]
        ]
      }
    },
    {
      "id": "3144",
      "type": "Feature",
      "properties": {
        "id": null,
        "SOURCE_FILE": "/Users/maples/GitHub/mortalitree_testing/labels/annayu_mortalitree_prefire_labels.geojson",
        "SUNETID": "annayu",
        "FIRENAME": "CASTLE",
        "FIRE_SLUG": "CASTLE",
        "PREFIRE": 1,
        "PREFIRE_STATUS": "prefire",
        "TILE_Z": 17,
        "TILE_X": 22370,
        "TILE_Y": 51403,
        "TILEXYZ": [
          17,
          22370,
          51403
        ],
        "OUTPUT_FILE": "/Users/maples/GitHub/mortalitree_testing/notebooks/single_tiles/prefire/17/22370/51403.geojson",
        "OUTPUT_STATUS_DIR": "prefire",
        "FEATURE_COUNT": 458
      },
      "geometry": {
        "type": "Polygon",
        "coordinates": [
          [
            [
              -118.55856088994236,
              36.14878742987542
            ],
            [
              -118.55847522139351,
              36.148784246320545
            ],
            [
              -118.55847849249727,
              36.148726346068905
            ],
            [
              -118.55856416098355,
              36.14872952961708
            ],
            [
              -118.55856088994236,
              36.14878742987542
            ]
          ]
        ]
      }
    },
    {
      "id": "3145",
      "type": "Feature",
      "properties": {
        "id": null,
        "SOURCE_FILE": "/Users/maples/GitHub/mortalitree_testing/labels/annayu_mortalitree_prefire_labels.geojson",
        "SUNETID": "annayu",
        "FIRENAME": "CASTLE",
        "FIRE_SLUG": "CASTLE",
        "PREFIRE": 1,
        "PREFIRE_STATUS": "prefire",
        "TILE_Z": 17,
        "TILE_X": 22370,
        "TILE_Y": 51403,
        "TILEXYZ": [
          17,
          22370,
          51403
        ],
        "OUTPUT_FILE": "/Users/maples/GitHub/mortalitree_testing/notebooks/single_tiles/prefire/17/22370/51403.geojson",
        "OUTPUT_STATUS_DIR": "prefire",
        "FEATURE_COUNT": 458
      },
      "geometry": {
        "type": "Polygon",
        "coordinates": [
          [
            [
              -118.55861666532653,
              36.14887653524964
            ],
            [
              -118.55853813572809,
              36.148873617023746
            ],
            [
              -118.5585410796899,
              36.14882150679362
            ],
            [
              -118.55861960923669,
              36.14882442501399
            ],
            [
              -118.55861666532653,
              36.14887653524964
            ]
          ]
        ]
      }
    },
    {
      "id": "3146",
      "type": "Feature",
      "properties": {
        "id": null,
        "SOURCE_FILE": "/Users/maples/GitHub/mortalitree_testing/labels/annayu_mortalitree_prefire_labels.geojson",
        "SUNETID": "annayu",
        "FIRENAME": "CASTLE",
        "FIRE_SLUG": "CASTLE",
        "PREFIRE": 1,
        "PREFIRE_STATUS": "prefire",
        "TILE_Z": 17,
        "TILE_X": 22370,
        "TILE_Y": 51403,
        "TILEXYZ": [
          17,
          22370,
          51403
        ],
        "OUTPUT_FILE": "/Users/maples/GitHub/mortalitree_testing/notebooks/single_tiles/prefire/17/22370/51403.geojson",
        "OUTPUT_STATUS_DIR": "prefire",
        "FEATURE_COUNT": 458
      },
      "geometry": {
        "type": "Polygon",
        "coordinates": [
          [
            [
              -118.55832156838271,
              36.14878143731067
            ],
            [
              -118.55825731699558,
              36.14877904952218
            ],
            [
              -118.558259934007,
              36.14873272933462
            ],
            [
              -118.55832418535655,
              36.14873511711909
            ],
            [
              -118.55832156838271,
              36.14878143731067
            ]
          ]
        ]
      }
    },
    {
      "id": "3147",
      "type": "Feature",
      "properties": {
        "id": null,
        "SOURCE_FILE": "/Users/maples/GitHub/mortalitree_testing/labels/annayu_mortalitree_prefire_labels.geojson",
        "SUNETID": "annayu",
        "FIRENAME": "CASTLE",
        "FIRE_SLUG": "CASTLE",
        "PREFIRE": 1,
        "PREFIRE_STATUS": "prefire",
        "TILE_Z": 17,
        "TILE_X": 22370,
        "TILE_Y": 51403,
        "TILEXYZ": [
          17,
          22370,
          51403
        ],
        "OUTPUT_FILE": "/Users/maples/GitHub/mortalitree_testing/notebooks/single_tiles/prefire/17/22370/51403.geojson",
        "OUTPUT_STATUS_DIR": "prefire",
        "FEATURE_COUNT": 458
      },
      "geometry": {
        "type": "Polygon",
        "coordinates": [
          [
            [
              -118.55836113145058,
              36.148840929392705
            ],
            [
              -118.55828260191494,
              36.14883801100169
            ],
            [
              -118.55828554604194,
              36.148785900789385
            ],
            [
              -118.55836407552596,
              36.148788819174854
            ],
            [
              -118.55836113145058,
              36.148840929392705
            ]
          ]
        ]
      }
    },
    {
      "id": "3148",
      "type": "Feature",
      "properties": {
        "id": null,
        "SOURCE_FILE": "/Users/maples/GitHub/mortalitree_testing/labels/annayu_mortalitree_prefire_labels.geojson",
        "SUNETID": "annayu",
        "FIRENAME": "CASTLE",
        "FIRE_SLUG": "CASTLE",
        "PREFIRE": 1,
        "PREFIRE_STATUS": "prefire",
        "TILE_Z": 17,
        "TILE_X": 22370,
        "TILE_Y": 51403,
        "TILEXYZ": [
          17,
          22370,
          51403
        ],
        "OUTPUT_FILE": "/Users/maples/GitHub/mortalitree_testing/notebooks/single_tiles/prefire/17/22370/51403.geojson",
        "OUTPUT_STATUS_DIR": "prefire",
        "FEATURE_COUNT": 458
      },
      "geometry": {
        "type": "Polygon",
        "coordinates": [
          [
            [
              -118.55833320067954,
              36.14889211103473
            ],
            [
              -118.5582760882539,
              36.14888998855774
            ],
            [
              -118.5582780510127,
              36.14885524841688
            ],
            [
              -118.55833516341329,
              36.148857370891186
            ],
            [
              -118.55833320067954,
              36.14889211103473
            ]
          ]
        ]
      }
    },
    {
      "id": "3149",
      "type": "Feature",
      "properties": {
        "id": null,
        "SOURCE_FILE": "/Users/maples/GitHub/mortalitree_testing/labels/annayu_mortalitree_prefire_labels.geojson",
        "SUNETID": "annayu",
        "FIRENAME": "CASTLE",
        "FIRE_SLUG": "CASTLE",
        "PREFIRE": 1,
        "PREFIRE_STATUS": "prefire",
        "TILE_Z": 17,
        "TILE_X": 22370,
        "TILE_Y": 51403,
        "TILEXYZ": [
          17,
          22370,
          51403
        ],
        "OUTPUT_FILE": "/Users/maples/GitHub/mortalitree_testing/notebooks/single_tiles/prefire/17/22370/51403.geojson",
        "OUTPUT_STATUS_DIR": "prefire",
        "FEATURE_COUNT": 458
      },
      "geometry": {
        "type": "Polygon",
        "coordinates": [
          [
            [
              -118.55845731634749,
              36.148911228920745
            ],
            [
              -118.55840020389837,
              36.14890910650198
            ],
            [
              -118.55840216660381,
              36.148874366355365
            ],
            [
              -118.55845927902789,
              36.14887648877145
            ],
            [
              -118.55845731634749,
              36.148911228920745
            ]
          ]
        ]
      }
    },
    {
      "id": "3150",
      "type": "Feature",
      "properties": {
        "id": null,
        "SOURCE_FILE": "/Users/maples/GitHub/mortalitree_testing/labels/annayu_mortalitree_prefire_labels.geojson",
        "SUNETID": "annayu",
        "FIRENAME": "CASTLE",
        "FIRE_SLUG": "CASTLE",
        "PREFIRE": 1,
        "PREFIRE_STATUS": "prefire",
        "TILE_Z": 17,
        "TILE_X": 22370,
        "TILE_Y": 51403,
        "TILEXYZ": [
          17,
          22370,
          51403
        ],
        "OUTPUT_FILE": "/Users/maples/GitHub/mortalitree_testing/notebooks/single_tiles/prefire/17/22370/51403.geojson",
        "OUTPUT_STATUS_DIR": "prefire",
        "FEATURE_COUNT": 458
      },
      "geometry": {
        "type": "Polygon",
        "coordinates": [
          [
            [
              -118.55860867991608,
              36.14895456795596
            ],
            [
              -118.55850159399796,
              36.14895058852978
            ],
            [
              -118.55850650065088,
              36.148863738151334
            ],
            [
              -118.55861358645168,
              36.14886771756493
            ],
            [
              -118.55860867991608,
              36.14895456795596
            ]
          ]
        ]
      }
    },
    {
      "id": "3151",
      "type": "Feature",
      "properties": {
        "id": null,
        "SOURCE_FILE": "/Users/maples/GitHub/mortalitree_testing/labels/annayu_mortalitree_prefire_labels.geojson",
        "SUNETID": "annayu",
        "FIRENAME": "CASTLE",
        "FIRE_SLUG": "CASTLE",
        "PREFIRE": 1,
        "PREFIRE_STATUS": "prefire",
        "TILE_Z": 17,
        "TILE_X": 22370,
        "TILE_Y": 51403,
        "TILEXYZ": [
          17,
          22370,
          51403
        ],
        "OUTPUT_FILE": "/Users/maples/GitHub/mortalitree_testing/notebooks/single_tiles/prefire/17/22370/51403.geojson",
        "OUTPUT_STATUS_DIR": "prefire",
        "FEATURE_COUNT": 458
      },
      "geometry": {
        "type": "Polygon",
        "coordinates": [
          [
            [
              -118.55824837875139,
              36.148810629338556
            ],
            [
              -118.55816984925798,
              36.14880771087572
            ],
            [
              -118.5581734477216,
              36.14874402062557
            ],
            [
              -118.5582519771519,
              36.14874693908165
            ],
            [
              -118.55824837875139,
              36.148810629338556
            ]
          ]
        ]
      }
    },
    {
      "id": "3152",
      "type": "Feature",
      "properties": {
        "id": null,
        "SOURCE_FILE": "/Users/maples/GitHub/mortalitree_testing/labels/annayu_mortalitree_prefire_labels.geojson",
        "SUNETID": "annayu",
        "FIRENAME": "CASTLE",
        "FIRE_SLUG": "CASTLE",
        "PREFIRE": 1,
        "PREFIRE_STATUS": "prefire",
        "TILE_Z": 17,
        "TILE_X": 22370,
        "TILE_Y": 51403,
        "TILEXYZ": [
          17,
          22370,
          51403
        ],
        "OUTPUT_FILE": "/Users/maples/GitHub/mortalitree_testing/notebooks/single_tiles/prefire/17/22370/51403.geojson",
        "OUTPUT_STATUS_DIR": "prefire",
        "FEATURE_COUNT": 458
      },
      "geometry": {
        "type": "Polygon",
        "coordinates": [
          [
            [
              -118.55826576454258,
              36.14875615473977
            ],
            [
              -118.55820151318099,
              36.148753766922766
            ],
            [
              -118.5582031488328,
              36.148724816807686
            ],
            [
              -118.55826740017095,
              36.14872720462217
            ],
            [
              -118.55826576454258,
              36.14875615473977
            ]
          ]
        ]
      }
    },
    {
      "id": "3153",
      "type": "Feature",
      "properties": {
        "id": null,
        "SOURCE_FILE": "/Users/maples/GitHub/mortalitree_testing/labels/annayu_mortalitree_prefire_labels.geojson",
        "SUNETID": "annayu",
        "FIRENAME": "CASTLE",
        "FIRE_SLUG": "CASTLE",
        "PREFIRE": 1,
        "PREFIRE_STATUS": "prefire",
        "TILE_Z": 17,
        "TILE_X": 22370,
        "TILE_Y": 51403,
        "TILEXYZ": [
          17,
          22370,
          51403
        ],
        "OUTPUT_FILE": "/Users/maples/GitHub/mortalitree_testing/notebooks/single_tiles/prefire/17/22370/51403.geojson",
        "OUTPUT_STATUS_DIR": "prefire",
        "FEATURE_COUNT": 458
      },
      "geometry": {
        "type": "Polygon",
        "coordinates": [
          [
            [
              -118.55838456884081,
              36.14867933932067
            ],
            [
              -118.55827748332943,
              36.148675359720066
            ],
            [
              -118.5582807545655,
              36.14861745948295
            ],
            [
              -118.55838783999864,
              36.14862143907515
            ],
            [
              -118.55838456884081,
              36.14867933932067
            ]
          ]
        ]
      }
    },
    {
      "id": "3154",
      "type": "Feature",
      "properties": {
        "id": null,
        "SOURCE_FILE": "/Users/maples/GitHub/mortalitree_testing/labels/annayu_mortalitree_prefire_labels.geojson",
        "SUNETID": "annayu",
        "FIRENAME": "CASTLE",
        "FIRE_SLUG": "CASTLE",
        "PREFIRE": 1,
        "PREFIRE_STATUS": "prefire",
        "TILE_Z": 17,
        "TILE_X": 22370,
        "TILE_Y": 51403,
        "TILEXYZ": [
          17,
          22370,
          51403
        ],
        "OUTPUT_FILE": "/Users/maples/GitHub/mortalitree_testing/notebooks/single_tiles/prefire/17/22370/51403.geojson",
        "OUTPUT_STATUS_DIR": "prefire",
        "FEATURE_COUNT": 458
      },
      "geometry": {
        "type": "Polygon",
        "coordinates": [
          [
            [
              -118.5583615161466,
              36.14870749352978
            ],
            [
              -118.55828298674393,
              36.14870457514827
            ],
            [
              -118.55828527660978,
              36.148664044982276
            ],
            [
              -118.55836380597229,
              36.14866696335948
            ],
            [
              -118.5583615161466,
              36.14870749352978
            ]
          ]
        ]
      }
    },
    {
      "id": "3155",
      "type": "Feature",
      "properties": {
        "id": null,
        "SOURCE_FILE": "/Users/maples/GitHub/mortalitree_testing/labels/annayu_mortalitree_prefire_labels.geojson",
        "SUNETID": "annayu",
        "FIRENAME": "CASTLE",
        "FIRE_SLUG": "CASTLE",
        "PREFIRE": 1,
        "PREFIRE_STATUS": "prefire",
        "TILE_Z": 17,
        "TILE_X": 22370,
        "TILE_Y": 51403,
        "TILEXYZ": [
          17,
          22370,
          51403
        ],
        "OUTPUT_FILE": "/Users/maples/GitHub/mortalitree_testing/notebooks/single_tiles/prefire/17/22370/51403.geojson",
        "OUTPUT_STATUS_DIR": "prefire",
        "FEATURE_COUNT": 458
      },
      "geometry": {
        "type": "Polygon",
        "coordinates": [
          [
            [
              -118.55845116733313,
              36.14851355100812
            ],
            [
              -118.55835836007566,
              36.14851010209162
            ],
            [
              -118.55836326680746,
              36.14842325172371
            ],
            [
              -118.55845607396321,
              36.148426700629294
            ],
            [
              -118.55845116733313,
              36.14851355100812
            ]
          ]
        ]
      }
    },
    {
      "id": "3156",
      "type": "Feature",
      "properties": {
        "id": null,
        "SOURCE_FILE": "/Users/maples/GitHub/mortalitree_testing/labels/annayu_mortalitree_prefire_labels.geojson",
        "SUNETID": "annayu",
        "FIRENAME": "CASTLE",
        "FIRE_SLUG": "CASTLE",
        "PREFIRE": 1,
        "PREFIRE_STATUS": "prefire",
        "TILE_Z": 17,
        "TILE_X": 22370,
        "TILE_Y": 51403,
        "TILEXYZ": [
          17,
          22370,
          51403
        ],
        "OUTPUT_FILE": "/Users/maples/GitHub/mortalitree_testing/notebooks/single_tiles/prefire/17/22370/51403.geojson",
        "OUTPUT_STATUS_DIR": "prefire",
        "FEATURE_COUNT": 458
      },
      "geometry": {
        "type": "Polygon",
        "coordinates": [
          [
            [
              -118.55856604587355,
              36.148506215677884
            ],
            [
              -118.55845896057112,
              36.1485022362559
            ],
            [
              -118.55846190454533,
              36.14845012602818
            ],
            [
              -118.55856898977736,
              36.14845410544262
            ],
            [
              -118.55856604587355,
              36.148506215677884
            ]
          ]
        ]
      }
    },
    {
      "id": "3157",
      "type": "Feature",
      "properties": {
        "id": null,
        "SOURCE_FILE": "/Users/maples/GitHub/mortalitree_testing/labels/annayu_mortalitree_prefire_labels.geojson",
        "SUNETID": "annayu",
        "FIRENAME": "CASTLE",
        "FIRE_SLUG": "CASTLE",
        "PREFIRE": 1,
        "PREFIRE_STATUS": "prefire",
        "TILE_Z": 17,
        "TILE_X": 22370,
        "TILE_Y": 51403,
        "TILEXYZ": [
          17,
          22370,
          51403
        ],
        "OUTPUT_FILE": "/Users/maples/GitHub/mortalitree_testing/notebooks/single_tiles/prefire/17/22370/51403.geojson",
        "OUTPUT_STATUS_DIR": "prefire",
        "FEATURE_COUNT": 458
      },
      "geometry": {
        "type": "Polygon",
        "coordinates": [
          [
            [
              -118.55864149624072,
              36.148500316176474
            ],
            [
              -118.5585843840752,
              36.14849819386624
            ],
            [
              -118.55858732796601,
              36.14844608362959
            ],
            [
              -118.55864444009394,
              36.1484482059358
            ],
            [
              -118.55864149624072,
              36.148500316176474
            ]
          ]
        ]
      }
    },
    {
      "id": "3158",
      "type": "Feature",
      "properties": {
        "id": null,
        "SOURCE_FILE": "/Users/maples/GitHub/mortalitree_testing/labels/annayu_mortalitree_prefire_labels.geojson",
        "SUNETID": "annayu",
        "FIRENAME": "CASTLE",
        "FIRE_SLUG": "CASTLE",
        "PREFIRE": 1,
        "PREFIRE_STATUS": "prefire",
        "TILE_Z": 17,
        "TILE_X": 22370,
        "TILE_Y": 51403,
        "TILEXYZ": [
          17,
          22370,
          51403
        ],
        "OUTPUT_FILE": "/Users/maples/GitHub/mortalitree_testing/notebooks/single_tiles/prefire/17/22370/51403.geojson",
        "OUTPUT_STATUS_DIR": "prefire",
        "FEATURE_COUNT": 458
      },
      "geometry": {
        "type": "Polygon",
        "coordinates": [
          [
            [
              -118.55884512191902,
              36.148504981672076
            ],
            [
              -118.55874517559973,
              36.14850126778088
            ],
            [
              -118.55874844647121,
              36.14844336750526
            ],
            [
              -118.55884839271747,
              36.14844708138863
            ],
            [
              -118.55884512191902,
              36.148504981672076
            ]
          ]
        ]
      }
    },
    {
      "id": "3159",
      "type": "Feature",
      "properties": {
        "id": null,
        "SOURCE_FILE": "/Users/maples/GitHub/mortalitree_testing/labels/annayu_mortalitree_prefire_labels.geojson",
        "SUNETID": "annayu",
        "FIRENAME": "CASTLE",
        "FIRE_SLUG": "CASTLE",
        "PREFIRE": 1,
        "PREFIRE_STATUS": "prefire",
        "TILE_Z": 17,
        "TILE_X": 22370,
        "TILE_Y": 51403,
        "TILEXYZ": [
          17,
          22370,
          51403
        ],
        "OUTPUT_FILE": "/Users/maples/GitHub/mortalitree_testing/notebooks/single_tiles/prefire/17/22370/51403.geojson",
        "OUTPUT_STATUS_DIR": "prefire",
        "FEATURE_COUNT": 458
      },
      "geometry": {
        "type": "Polygon",
        "coordinates": [
          [
            [
              -118.55820600625741,
              36.148864175331695
            ],
            [
              -118.55814175481291,
              36.14886178747652
            ],
            [
              -118.55814502617105,
              36.1488038872519
            ],
            [
              -118.55820927756861,
              36.14880627510205
            ],
            [
              -118.55820600625741,
              36.148864175331695
            ]
          ]
        ]
      }
    },
    {
      "id": "3160",
      "type": "Feature",
      "properties": {
        "id": null,
        "SOURCE_FILE": "/Users/maples/GitHub/mortalitree_testing/labels/annayu_mortalitree_prefire_labels.geojson",
        "SUNETID": "annayu",
        "FIRENAME": "CASTLE",
        "FIRE_SLUG": "CASTLE",
        "PREFIRE": 1,
        "PREFIRE_STATUS": "prefire",
        "TILE_Z": 17,
        "TILE_X": 22370,
        "TILE_Y": 51403,
        "TILEXYZ": [
          17,
          22370,
          51403
        ],
        "OUTPUT_FILE": "/Users/maples/GitHub/mortalitree_testing/notebooks/single_tiles/prefire/17/22370/51403.geojson",
        "OUTPUT_STATUS_DIR": "prefire",
        "FEATURE_COUNT": 458
      },
      "geometry": {
        "type": "Polygon",
        "coordinates": [
          [
            [
              -118.5581479124542,
              36.148879422862855
            ],
            [
              -118.55806938290296,
              36.14887650432937
            ],
            [
              -118.55807298145687,
              36.148812814088664
            ],
            [
              -118.55815151094501,
              36.148815732615375
            ],
            [
              -118.5581479124542,
              36.148879422862855
            ]
          ]
        ]
      }
    },
    {
      "id": "3161",
      "type": "Feature",
      "properties": {
        "id": null,
        "SOURCE_FILE": "/Users/maples/GitHub/mortalitree_testing/labels/annayu_mortalitree_prefire_labels.geojson",
        "SUNETID": "annayu",
        "FIRENAME": "CASTLE",
        "FIRE_SLUG": "CASTLE",
        "PREFIRE": 1,
        "PREFIRE_STATUS": "prefire",
        "TILE_Z": 17,
        "TILE_X": 22370,
        "TILE_Y": 51403,
        "TILEXYZ": [
          17,
          22370,
          51403
        ],
        "OUTPUT_FILE": "/Users/maples/GitHub/mortalitree_testing/notebooks/single_tiles/prefire/17/22370/51403.geojson",
        "OUTPUT_STATUS_DIR": "prefire",
        "FEATURE_COUNT": 458
      },
      "geometry": {
        "type": "Polygon",
        "coordinates": [
          [
            [
              -118.55815200164743,
              36.148807047581556
            ],
            [
              -118.55805205503907,
              36.148803333085276
            ],
            [
              -118.55805467217348,
              36.148757012910835
            ],
            [
              -118.55815461872344,
              36.14876072740084
            ],
            [
              -118.55815200164743,
              36.148807047581556
            ]
          ]
        ]
      }
    },
    {
      "id": "3162",
      "type": "Feature",
      "properties": {
        "id": null,
        "SOURCE_FILE": "/Users/maples/GitHub/mortalitree_testing/labels/annayu_mortalitree_prefire_labels.geojson",
        "SUNETID": "annayu",
        "FIRENAME": "CASTLE",
        "FIRE_SLUG": "CASTLE",
        "PREFIRE": 1,
        "PREFIRE_STATUS": "prefire",
        "TILE_Z": 17,
        "TILE_X": 22370,
        "TILE_Y": 51403,
        "TILEXYZ": [
          17,
          22370,
          51403
        ],
        "OUTPUT_FILE": "/Users/maples/GitHub/mortalitree_testing/notebooks/single_tiles/prefire/17/22370/51403.geojson",
        "OUTPUT_STATUS_DIR": "prefire",
        "FEATURE_COUNT": 458
      },
      "geometry": {
        "type": "Polygon",
        "coordinates": [
          [
            [
              -118.55816549085009,
              36.14875823036564
            ],
            [
              -118.55808696141779,
              36.14875531185207
            ],
            [
              -118.55808990566531,
              36.14870320165289
            ],
            [
              -118.558168435046,
              36.148706120160924
            ],
            [
              -118.55816549085009,
              36.14875823036564
            ]
          ]
        ]
      }
    },
    {
      "id": "3163",
      "type": "Feature",
      "properties": {
        "id": null,
        "SOURCE_FILE": "/Users/maples/GitHub/mortalitree_testing/labels/annayu_mortalitree_prefire_labels.geojson",
        "SUNETID": "annayu",
        "FIRENAME": "CASTLE",
        "FIRE_SLUG": "CASTLE",
        "PREFIRE": 1,
        "PREFIRE_STATUS": "prefire",
        "TILE_Z": 17,
        "TILE_X": 22370,
        "TILE_Y": 51403,
        "TILEXYZ": [
          17,
          22370,
          51403
        ],
        "OUTPUT_FILE": "/Users/maples/GitHub/mortalitree_testing/notebooks/single_tiles/prefire/17/22370/51403.geojson",
        "OUTPUT_STATUS_DIR": "prefire",
        "FEATURE_COUNT": 458
      },
      "geometry": {
        "type": "Polygon",
        "coordinates": [
          [
            [
              -118.55804913980238,
              36.148791620379654
            ],
            [
              -118.557956332268,
              36.14878817112884
            ],
            [
              -118.55795894945727,
              36.14874185096031
            ],
            [
              -118.55805175693736,
              36.1487453002053
            ],
            [
              -118.55804913980238,
              36.148791620379654
            ]
          ]
        ]
      }
    },
    {
      "id": "3164",
      "type": "Feature",
      "properties": {
        "id": null,
        "SOURCE_FILE": "/Users/maples/GitHub/mortalitree_testing/labels/annayu_mortalitree_prefire_labels.geojson",
        "SUNETID": "annayu",
        "FIRENAME": "CASTLE",
        "FIRE_SLUG": "CASTLE",
        "PREFIRE": 1,
        "PREFIRE_STATUS": "prefire",
        "TILE_Z": 17,
        "TILE_X": 22370,
        "TILE_Y": 51403,
        "TILEXYZ": [
          17,
          22370,
          51403
        ],
        "OUTPUT_FILE": "/Users/maples/GitHub/mortalitree_testing/notebooks/single_tiles/prefire/17/22370/51403.geojson",
        "OUTPUT_STATUS_DIR": "prefire",
        "FEATURE_COUNT": 458
      },
      "geometry": {
        "type": "Polygon",
        "coordinates": [
          [
            [
              -118.55802834790262,
              36.14884306726201
            ],
            [
              -118.55797837458171,
              36.148841209971074
            ],
            [
              -118.55798164605748,
              36.148783309759104
            ],
            [
              -118.55803161934189,
              36.14878516704613
            ],
            [
              -118.55802834790262,
              36.14884306726201
            ]
          ]
        ]
      }
    },
    {
      "id": "3165",
      "type": "Feature",
      "properties": {
        "id": null,
        "SOURCE_FILE": "/Users/maples/GitHub/mortalitree_testing/labels/annayu_mortalitree_prefire_labels.geojson",
        "SUNETID": "annayu",
        "FIRENAME": "CASTLE",
        "FIRE_SLUG": "CASTLE",
        "PREFIRE": 1,
        "PREFIRE_STATUS": "prefire",
        "TILE_Z": 17,
        "TILE_X": 22370,
        "TILE_Y": 51403,
        "TILEXYZ": [
          17,
          22370,
          51403
        ],
        "OUTPUT_FILE": "/Users/maples/GitHub/mortalitree_testing/notebooks/single_tiles/prefire/17/22370/51403.geojson",
        "OUTPUT_STATUS_DIR": "prefire",
        "FEATURE_COUNT": 458
      },
      "geometry": {
        "type": "Polygon",
        "coordinates": [
          [
            [
              -118.55797611365143,
              36.148817917222054
            ],
            [
              -118.55789758417984,
              36.14881499858017
            ],
            [
              -118.55790249147438,
              36.14872814827108
            ],
            [
              -118.55798102085991,
              36.14873106690374
            ],
            [
              -118.55797611365143,
              36.148817917222054
            ]
          ]
        ]
      }
    },
    {
      "id": "3166",
      "type": "Feature",
      "properties": {
        "id": null,
        "SOURCE_FILE": "/Users/maples/GitHub/mortalitree_testing/labels/annayu_mortalitree_prefire_labels.geojson",
        "SUNETID": "annayu",
        "FIRENAME": "CASTLE",
        "FIRE_SLUG": "CASTLE",
        "PREFIRE": 1,
        "PREFIRE_STATUS": "prefire",
        "TILE_Z": 17,
        "TILE_X": 22370,
        "TILE_Y": 51403,
        "TILEXYZ": [
          17,
          22370,
          51403
        ],
        "OUTPUT_FILE": "/Users/maples/GitHub/mortalitree_testing/notebooks/single_tiles/prefire/17/22370/51403.geojson",
        "OUTPUT_STATUS_DIR": "prefire",
        "FEATURE_COUNT": 458
      },
      "geometry": {
        "type": "Polygon",
        "coordinates": [
          [
            [
              -118.55778660187269,
              36.14881667588105
            ],
            [
              -118.55767951626169,
              36.148812695732786
            ],
            [
              -118.55768311512242,
              36.14874900552515
            ],
            [
              -118.55779020064737,
              36.148752985664196
            ],
            [
              -118.55778660187269,
              36.14881667588105
            ]
          ]
        ]
      }
    },
    {
      "id": "3167",
      "type": "Feature",
      "properties": {
        "id": null,
        "SOURCE_FILE": "/Users/maples/GitHub/mortalitree_testing/labels/annayu_mortalitree_prefire_labels.geojson",
        "SUNETID": "annayu",
        "FIRENAME": "CASTLE",
        "FIRE_SLUG": "CASTLE",
        "PREFIRE": 1,
        "PREFIRE_STATUS": "prefire",
        "TILE_Z": 17,
        "TILE_X": 22370,
        "TILE_Y": 51403,
        "TILEXYZ": [
          17,
          22370,
          51403
        ],
        "OUTPUT_FILE": "/Users/maples/GitHub/mortalitree_testing/notebooks/single_tiles/prefire/17/22370/51403.geojson",
        "OUTPUT_STATUS_DIR": "prefire",
        "FEATURE_COUNT": 458
      },
      "geometry": {
        "type": "Polygon",
        "coordinates": [
          [
            [
              -118.55789191733045,
              36.148788678154276
            ],
            [
              -118.55782052693594,
              36.14878602479724
            ],
            [
              -118.55782379852113,
              36.14872812459716
            ],
            [
              -118.55789518886347,
              36.148730777948614
            ],
            [
              -118.55789191733045,
              36.148788678154276
            ]
          ]
        ]
      }
    },
    {
      "id": "3168",
      "type": "Feature",
      "properties": {
        "id": null,
        "SOURCE_FILE": "/Users/maples/GitHub/mortalitree_testing/labels/annayu_mortalitree_prefire_labels.geojson",
        "SUNETID": "annayu",
        "FIRENAME": "CASTLE",
        "FIRE_SLUG": "CASTLE",
        "PREFIRE": 1,
        "PREFIRE_STATUS": "prefire",
        "TILE_Z": 17,
        "TILE_X": 22370,
        "TILE_Y": 51403,
        "TILEXYZ": [
          17,
          22370,
          51403
        ],
        "OUTPUT_FILE": "/Users/maples/GitHub/mortalitree_testing/notebooks/single_tiles/prefire/17/22370/51403.geojson",
        "OUTPUT_STATUS_DIR": "prefire",
        "FEATURE_COUNT": 458
      },
      "geometry": {
        "type": "Polygon",
        "coordinates": [
          [
            [
              -118.55785831944827,
              36.148813539239995
            ],
            [
              -118.55777978999363,
              36.148810620521175
            ],
            [
              -118.55778273445031,
              36.14875851034426
            ],
            [
              -118.55786126385334,
              36.14876142905754
            ],
            [
              -118.55785831944827,
              36.148813539239995
            ]
          ]
        ]
      }
    },
    {
      "id": "3169",
      "type": "Feature",
      "properties": {
        "id": null,
        "SOURCE_FILE": "/Users/maples/GitHub/mortalitree_testing/labels/annayu_mortalitree_prefire_labels.geojson",
        "SUNETID": "annayu",
        "FIRENAME": "CASTLE",
        "FIRE_SLUG": "CASTLE",
        "PREFIRE": 1,
        "PREFIRE_STATUS": "prefire",
        "TILE_Z": 17,
        "TILE_X": 22370,
        "TILE_Y": 51403,
        "TILEXYZ": [
          17,
          22370,
          51403
        ],
        "OUTPUT_FILE": "/Users/maples/GitHub/mortalitree_testing/notebooks/single_tiles/prefire/17/22370/51403.geojson",
        "OUTPUT_STATUS_DIR": "prefire",
        "FEATURE_COUNT": 458
      },
      "geometry": {
        "type": "Polygon",
        "coordinates": [
          [
            [
              -118.55773250969652,
              36.14895101661327
            ],
            [
              -118.55763970201433,
              36.14894756710404
            ],
            [
              -118.55764297375177,
              36.14888966691978
            ],
            [
              -118.55773578136616,
              36.14889311642173
            ],
            [
              -118.55773250969652,
              36.14895101661327
            ]
          ]
        ]
      }
    },
    {
      "id": "3170",
      "type": "Feature",
      "properties": {
        "id": null,
        "SOURCE_FILE": "/Users/maples/GitHub/mortalitree_testing/labels/annayu_mortalitree_prefire_labels.geojson",
        "SUNETID": "annayu",
        "FIRENAME": "CASTLE",
        "FIRE_SLUG": "CASTLE",
        "PREFIRE": 1,
        "PREFIRE_STATUS": "prefire",
        "TILE_Z": 17,
        "TILE_X": 22370,
        "TILE_Y": 51403,
        "TILEXYZ": [
          17,
          22370,
          51403
        ],
        "OUTPUT_FILE": "/Users/maples/GitHub/mortalitree_testing/notebooks/single_tiles/prefire/17/22370/51403.geojson",
        "OUTPUT_STATUS_DIR": "prefire",
        "FEATURE_COUNT": 458
      },
      "geometry": {
        "type": "Polygon",
        "coordinates": [
          [
            [
              -118.55817562186962,
              36.14895878209936
            ],
            [
              -118.55806139695216,
              36.14895453696122
            ],
            [
              -118.55806564980715,
              36.14887926667845
            ],
            [
              -118.55817987461613,
              36.14888351180495
            ],
            [
              -118.55817562186962,
              36.14895878209936
            ]
          ]
        ]
      }
    },
    {
      "id": "3171",
      "type": "Feature",
      "properties": {
        "id": null,
        "SOURCE_FILE": "/Users/maples/GitHub/mortalitree_testing/labels/annayu_mortalitree_prefire_labels.geojson",
        "SUNETID": "annayu",
        "FIRENAME": "CASTLE",
        "FIRE_SLUG": "CASTLE",
        "PREFIRE": 1,
        "PREFIRE_STATUS": "prefire",
        "TILE_Z": 17,
        "TILE_X": 22370,
        "TILE_Y": 51403,
        "TILEXYZ": [
          17,
          22370,
          51403
        ],
        "OUTPUT_FILE": "/Users/maples/GitHub/mortalitree_testing/notebooks/single_tiles/prefire/17/22370/51403.geojson",
        "OUTPUT_STATUS_DIR": "prefire",
        "FEATURE_COUNT": 458
      },
      "geometry": {
        "type": "Polygon",
        "coordinates": [
          [
            [
              -118.55841949480826,
              36.14894753757178
            ],
            [
              -118.55834096516011,
              36.14894461921166
            ],
            [
              -118.55834358213816,
              36.14889829902013
            ],
            [
              -118.55842211174041,
              36.148901217375325
            ],
            [
              -118.55841949480826,
              36.14894753757178
            ]
          ]
        ]
      }
    },
    {
      "id": "3172",
      "type": "Feature",
      "properties": {
        "id": null,
        "SOURCE_FILE": "/Users/maples/GitHub/mortalitree_testing/labels/annayu_mortalitree_prefire_labels.geojson",
        "SUNETID": "annayu",
        "FIRENAME": "CASTLE",
        "FIRE_SLUG": "CASTLE",
        "PREFIRE": 1,
        "PREFIRE_STATUS": "prefire",
        "TILE_Z": 17,
        "TILE_X": 22370,
        "TILE_Y": 51403,
        "TILEXYZ": [
          17,
          22370,
          51403
        ],
        "OUTPUT_FILE": "/Users/maples/GitHub/mortalitree_testing/notebooks/single_tiles/prefire/17/22370/51403.geojson",
        "OUTPUT_STATUS_DIR": "prefire",
        "FEATURE_COUNT": 458
      },
      "geometry": {
        "type": "Polygon",
        "coordinates": [
          [
            [
              -118.55842568285968,
              36.14896463588831
            ],
            [
              -118.55834698831377,
              36.14896463588831
            ],
            [
              -118.55834908558447,
              36.14892751444732
            ],
            [
              -118.55842761521644,
              36.14893043280094
            ],
            [
              -118.55842568285968,
              36.14896463588831
            ]
          ]
        ]
      }
    },
    {
      "id": "3173",
      "type": "Feature",
      "properties": {
        "id": null,
        "SOURCE_FILE": "/Users/maples/GitHub/mortalitree_testing/labels/annayu_mortalitree_prefire_labels.geojson",
        "SUNETID": "annayu",
        "FIRENAME": "CASTLE",
        "FIRE_SLUG": "CASTLE",
        "PREFIRE": 1,
        "PREFIRE_STATUS": "prefire",
        "TILE_Z": 17,
        "TILE_X": 22370,
        "TILE_Y": 51403,
        "TILEXYZ": [
          17,
          22370,
          51403
        ],
        "OUTPUT_FILE": "/Users/maples/GitHub/mortalitree_testing/notebooks/single_tiles/prefire/17/22370/51403.geojson",
        "OUTPUT_STATUS_DIR": "prefire",
        "FEATURE_COUNT": 458
      },
      "geometry": {
        "type": "Polygon",
        "coordinates": [
          [
            [
              -118.55876800767803,
              36.14860365438539
            ],
            [
              -118.55869661736615,
              36.14860100156227
            ],
            [
              -118.55870021537667,
              36.14853731126433
            ],
            [
              -118.55877160563118,
              36.148539964081294
            ],
            [
              -118.55876800767803,
              36.14860365438539
            ]
          ]
        ]
      }
    },
    {
      "id": "3174",
      "type": "Feature",
      "properties": {
        "id": null,
        "SOURCE_FILE": "/Users/maples/GitHub/mortalitree_testing/labels/annayu_mortalitree_prefire_labels.geojson",
        "SUNETID": "annayu",
        "FIRENAME": "CASTLE",
        "FIRE_SLUG": "CASTLE",
        "PREFIRE": 1,
        "PREFIRE_STATUS": "prefire",
        "TILE_Z": 17,
        "TILE_X": 22370,
        "TILE_Y": 51403,
        "TILEXYZ": [
          17,
          22370,
          51403
        ],
        "OUTPUT_FILE": "/Users/maples/GitHub/mortalitree_testing/notebooks/single_tiles/prefire/17/22370/51403.geojson",
        "OUTPUT_STATUS_DIR": "prefire",
        "FEATURE_COUNT": 458
      },
      "geometry": {
        "type": "Polygon",
        "coordinates": [
          [
            [
              -118.55882934361573,
              36.14859432919556
            ],
            [
              -118.5587722313675,
              36.14859220697017
            ],
            [
              -118.55877517514413,
              36.14854009672103
            ],
            [
              -118.55883228735483,
              36.148542218942396
            ],
            [
              -118.55882934361573,
              36.14859432919556
            ]
          ]
        ]
      }
    },
    {
      "id": "3175",
      "type": "Feature",
      "properties": {
        "id": null,
        "SOURCE_FILE": "/Users/maples/GitHub/mortalitree_testing/labels/annayu_mortalitree_prefire_labels.geojson",
        "SUNETID": "annayu",
        "FIRENAME": "CASTLE",
        "FIRE_SLUG": "CASTLE",
        "PREFIRE": 1,
        "PREFIRE_STATUS": "prefire",
        "TILE_Z": 17,
        "TILE_X": 22370,
        "TILE_Y": 51403,
        "TILEXYZ": [
          17,
          22370,
          51403
        ],
        "OUTPUT_FILE": "/Users/maples/GitHub/mortalitree_testing/notebooks/single_tiles/prefire/17/22370/51403.geojson",
        "OUTPUT_STATUS_DIR": "prefire",
        "FEATURE_COUNT": 458
      },
      "geometry": {
        "type": "Polygon",
        "coordinates": [
          [
            [
              -118.55858035249994,
              36.148442923326265
            ],
            [
              -118.55848040629537,
              36.148439209219575
            ],
            [
              -118.5584849857749,
              36.14835814886182
            ],
            [
              -118.55858493187726,
              36.14836186295756
            ],
            [
              -118.55858035249994,
              36.148442923326265
            ]
          ]
        ]
      }
    },
    {
      "id": "3176",
      "type": "Feature",
      "properties": {
        "id": null,
        "SOURCE_FILE": "/Users/maples/GitHub/mortalitree_testing/labels/annayu_mortalitree_prefire_labels.geojson",
        "SUNETID": "annayu",
        "FIRENAME": "CASTLE",
        "FIRE_SLUG": "CASTLE",
        "PREFIRE": 1,
        "PREFIRE_STATUS": "prefire",
        "TILE_Z": 17,
        "TILE_X": 22370,
        "TILE_Y": 51403,
        "TILEXYZ": [
          17,
          22370,
          51403
        ],
        "OUTPUT_FILE": "/Users/maples/GitHub/mortalitree_testing/notebooks/single_tiles/prefire/17/22370/51403.geojson",
        "OUTPUT_STATUS_DIR": "prefire",
        "FEATURE_COUNT": 458
      },
      "geometry": {
        "type": "Polygon",
        "coordinates": [
          [
            [
              -118.55860046115556,
              36.148466879301175
            ],
            [
              -118.55855048803443,
              36.148465022265555
            ],
            [
              -118.55855277774256,
              36.14842449208319
            ],
            [
              -118.55860275083815,
              36.14842634911607
            ],
            [
              -118.55860046115556,
              36.148466879301175
            ]
          ]
        ]
      }
    },
    {
      "id": "3177",
      "type": "Feature",
      "properties": {
        "id": null,
        "SOURCE_FILE": "/Users/maples/GitHub/mortalitree_testing/labels/annayu_mortalitree_prefire_labels.geojson",
        "SUNETID": "annayu",
        "FIRENAME": "CASTLE",
        "FIRE_SLUG": "CASTLE",
        "PREFIRE": 1,
        "PREFIRE_STATUS": "prefire",
        "TILE_Z": 17,
        "TILE_X": 22370,
        "TILE_Y": 51403,
        "TILEXYZ": [
          17,
          22370,
          51403
        ],
        "OUTPUT_FILE": "/Users/maples/GitHub/mortalitree_testing/notebooks/single_tiles/prefire/17/22370/51403.geojson",
        "OUTPUT_STATUS_DIR": "prefire",
        "FEATURE_COUNT": 458
      },
      "geometry": {
        "type": "Polygon",
        "coordinates": [
          [
            [
              -118.55866572210735,
              36.148388073867835
            ],
            [
              -118.55860147101103,
              36.14838568628626
            ],
            [
              -118.55860637745243,
              36.14829883588783
            ],
            [
              -118.55867062847835,
              36.14830122346184
            ],
            [
              -118.55866572210735,
              36.148388073867835
            ]
          ]
        ]
      }
    },
    {
      "id": "3178",
      "type": "Feature",
      "properties": {
        "id": null,
        "SOURCE_FILE": "/Users/maples/GitHub/mortalitree_testing/labels/annayu_mortalitree_prefire_labels.geojson",
        "SUNETID": "annayu",
        "FIRENAME": "CASTLE",
        "FIRE_SLUG": "CASTLE",
        "PREFIRE": 1,
        "PREFIRE_STATUS": "prefire",
        "TILE_Z": 17,
        "TILE_X": 22370,
        "TILE_Y": 51403,
        "TILEXYZ": [
          17,
          22370,
          51403
        ],
        "OUTPUT_FILE": "/Users/maples/GitHub/mortalitree_testing/notebooks/single_tiles/prefire/17/22370/51403.geojson",
        "OUTPUT_STATUS_DIR": "prefire",
        "FEATURE_COUNT": 458
      },
      "geometry": {
        "type": "Polygon",
        "coordinates": [
          [
            [
              -118.55870305261044,
              36.14836045015067
            ],
            [
              -118.55866021855822,
              36.148358858447835
            ],
            [
              -118.5586628352925,
              36.148312538231664
            ],
            [
              -118.55870566931966,
              36.14831412993182
            ],
            [
              -118.55870305261044,
              36.14836045015067
            ]
          ]
        ]
      }
    },
    {
      "id": "3179",
      "type": "Feature",
      "properties": {
        "id": null,
        "SOURCE_FILE": "/Users/maples/GitHub/mortalitree_testing/labels/annayu_mortalitree_prefire_labels.geojson",
        "SUNETID": "annayu",
        "FIRENAME": "CASTLE",
        "FIRE_SLUG": "CASTLE",
        "PREFIRE": 1,
        "PREFIRE_STATUS": "prefire",
        "TILE_Z": 17,
        "TILE_X": 22370,
        "TILE_Y": 51403,
        "TILEXYZ": [
          17,
          22370,
          51403
        ],
        "OUTPUT_FILE": "/Users/maples/GitHub/mortalitree_testing/notebooks/single_tiles/prefire/17/22370/51403.geojson",
        "OUTPUT_STATUS_DIR": "prefire",
        "FEATURE_COUNT": 458
      },
      "geometry": {
        "type": "Polygon",
        "coordinates": [
          [
            [
              -118.55854049093246,
              36.14832539840996
            ],
            [
              -118.55849051790516,
              36.148323541355545
            ],
            [
              -118.55849346183923,
              36.14827143112402
            ],
            [
              -118.55854343483367,
              36.14827328817492
            ],
            [
              -118.55854049093246,
              36.14832539840996
            ]
          ]
        ]
      }
    },
    {
      "id": "3180",
      "type": "Feature",
      "properties": {
        "id": null,
        "SOURCE_FILE": "/Users/maples/GitHub/mortalitree_testing/labels/annayu_mortalitree_prefire_labels.geojson",
        "SUNETID": "annayu",
        "FIRENAME": "CASTLE",
        "FIRE_SLUG": "CASTLE",
        "PREFIRE": 1,
        "PREFIRE_STATUS": "prefire",
        "TILE_Z": 17,
        "TILE_X": 22370,
        "TILE_Y": 51403,
        "TILEXYZ": [
          17,
          22370,
          51403
        ],
        "OUTPUT_FILE": "/Users/maples/GitHub/mortalitree_testing/notebooks/single_tiles/prefire/17/22370/51403.geojson",
        "OUTPUT_STATUS_DIR": "prefire",
        "FEATURE_COUNT": 458
      },
      "geometry": {
        "type": "Polygon",
        "coordinates": [
          [
            [
              -118.5584744408179,
              36.148354855905296
            ],
            [
              -118.55838877274954,
              36.14835167232125
            ],
            [
              -118.55839269808708,
              36.14828219202234
            ],
            [
              -118.55847836608034,
              36.148285375598334
            ],
            [
              -118.5584744408179,
              36.148354855905296
            ]
          ]
        ]
      }
    },
    {
      "id": "3181",
      "type": "Feature",
      "properties": {
        "id": null,
        "SOURCE_FILE": "/Users/maples/GitHub/mortalitree_testing/labels/annayu_mortalitree_prefire_labels.geojson",
        "SUNETID": "annayu",
        "FIRENAME": "CASTLE",
        "FIRE_SLUG": "CASTLE",
        "PREFIRE": 1,
        "PREFIRE_STATUS": "prefire",
        "TILE_Z": 17,
        "TILE_X": 22370,
        "TILE_Y": 51403,
        "TILEXYZ": [
          17,
          22370,
          51403
        ],
        "OUTPUT_FILE": "/Users/maples/GitHub/mortalitree_testing/notebooks/single_tiles/prefire/17/22370/51403.geojson",
        "OUTPUT_STATUS_DIR": "prefire",
        "FEATURE_COUNT": 458
      },
      "geometry": {
        "type": "Polygon",
        "coordinates": [
          [
            [
              -118.55845662197451,
              36.14829036973551
            ],
            [
              -118.55839237097614,
              36.1482879820473
            ],
            [
              -118.55839564208141,
              36.14823008179739
            ],
            [
              -118.55845989303285,
              36.148232469480575
            ],
            [
              -118.55845662197451,
              36.14829036973551
            ]
          ]
        ]
      }
    },
    {
      "id": "3182",
      "type": "Feature",
      "properties": {
        "id": null,
        "SOURCE_FILE": "/Users/maples/GitHub/mortalitree_testing/labels/annayu_mortalitree_prefire_labels.geojson",
        "SUNETID": "annayu",
        "FIRENAME": "CASTLE",
        "FIRE_SLUG": "CASTLE",
        "PREFIRE": 1,
        "PREFIRE_STATUS": "prefire",
        "TILE_Z": 17,
        "TILE_X": 22370,
        "TILE_Y": 51403,
        "TILEXYZ": [
          17,
          22370,
          51403
        ],
        "OUTPUT_FILE": "/Users/maples/GitHub/mortalitree_testing/notebooks/single_tiles/prefire/17/22370/51403.geojson",
        "OUTPUT_STATUS_DIR": "prefire",
        "FEATURE_COUNT": 458
      },
      "geometry": {
        "type": "Polygon",
        "coordinates": [
          [
            [
              -118.55838032529356,
              36.14837456711896
            ],
            [
              -118.55830179622077,
              36.14837164877283
            ],
            [
              -118.55830539452029,
              36.148307958506635
            ],
            [
              -118.55838392352997,
              36.148310876846
            ],
            [
              -118.55838032529356,
              36.14837456711896
            ]
          ]
        ]
      }
    },
    {
      "id": "3183",
      "type": "Feature",
      "properties": {
        "id": null,
        "SOURCE_FILE": "/Users/maples/GitHub/mortalitree_testing/labels/annayu_mortalitree_prefire_labels.geojson",
        "SUNETID": "annayu",
        "FIRENAME": "CASTLE",
        "FIRE_SLUG": "CASTLE",
        "PREFIRE": 1,
        "PREFIRE_STATUS": "prefire",
        "TILE_Z": 17,
        "TILE_X": 22370,
        "TILE_Y": 51403,
        "TILEXYZ": [
          17,
          22370,
          51403
        ],
        "OUTPUT_FILE": "/Users/maples/GitHub/mortalitree_testing/notebooks/single_tiles/prefire/17/22370/51403.geojson",
        "OUTPUT_STATUS_DIR": "prefire",
        "FEATURE_COUNT": 458
      },
      "geometry": {
        "type": "Polygon",
        "coordinates": [
          [
            [
              -118.5583841931721,
              36.148432732668475
            ],
            [
              -118.55831994206396,
              36.148430344933324
            ],
            [
              -118.55832419459034,
              36.148355074617506
            ],
            [
              -118.55838844563748,
              36.14835746234611
            ],
            [
              -118.5583841931721,
              36.148432732668475
            ]
          ]
        ]
      }
    },
    {
      "id": "3184",
      "type": "Feature",
      "properties": {
        "id": null,
        "SOURCE_FILE": "/Users/maples/GitHub/mortalitree_testing/labels/annayu_mortalitree_prefire_labels.geojson",
        "SUNETID": "annayu",
        "FIRENAME": "CASTLE",
        "FIRE_SLUG": "CASTLE",
        "PREFIRE": 1,
        "PREFIRE_STATUS": "prefire",
        "TILE_Z": 17,
        "TILE_X": 22370,
        "TILE_Y": 51403,
        "TILEXYZ": [
          17,
          22370,
          51403
        ],
        "OUTPUT_FILE": "/Users/maples/GitHub/mortalitree_testing/notebooks/single_tiles/prefire/17/22370/51403.geojson",
        "OUTPUT_STATUS_DIR": "prefire",
        "FEATURE_COUNT": 458
      },
      "geometry": {
        "type": "Polygon",
        "coordinates": [
          [
            [
              -118.55787750485408,
              36.14872721960448
            ],
            [
              -118.55782039258341,
              36.148725096918476
            ],
            [
              -118.55782300984653,
              36.14867877675802
            ],
            [
              -118.55788012208383,
              36.14868089944045
            ],
            [
              -118.55787750485408,
              36.14872721960448
            ]
          ]
        ]
      }
    },
    {
      "id": "3185",
      "type": "Feature",
      "properties": {
        "id": null,
        "SOURCE_FILE": "/Users/maples/GitHub/mortalitree_testing/labels/annayu_mortalitree_prefire_labels.geojson",
        "SUNETID": "annayu",
        "FIRENAME": "CASTLE",
        "FIRE_SLUG": "CASTLE",
        "PREFIRE": 1,
        "PREFIRE_STATUS": "prefire",
        "TILE_Z": 17,
        "TILE_X": 22370,
        "TILE_Y": 51403,
        "TILEXYZ": [
          17,
          22370,
          51403
        ],
        "OUTPUT_FILE": "/Users/maples/GitHub/mortalitree_testing/notebooks/single_tiles/prefire/17/22370/51403.geojson",
        "OUTPUT_STATUS_DIR": "prefire",
        "FEATURE_COUNT": 458
      },
      "geometry": {
        "type": "Polygon",
        "coordinates": [
          [
            [
              -118.55782655014325,
              36.1487427323159
            ],
            [
              -118.55775515979673,
              36.1487400789228
            ],
            [
              -118.5577590857489,
              36.14867059868828
            ],
            [
              -118.55783047603283,
              36.14867325207466
            ],
            [
              -118.55782655014325,
              36.1487427323159
            ]
          ]
        ]
      }
    },
    {
      "id": "3186",
      "type": "Feature",
      "properties": {
        "id": null,
        "SOURCE_FILE": "/Users/maples/GitHub/mortalitree_testing/labels/annayu_mortalitree_prefire_labels.geojson",
        "SUNETID": "annayu",
        "FIRENAME": "CASTLE",
        "FIRE_SLUG": "CASTLE",
        "PREFIRE": 1,
        "PREFIRE_STATUS": "prefire",
        "TILE_Z": 17,
        "TILE_X": 22370,
        "TILE_Y": 51403,
        "TILEXYZ": [
          17,
          22370,
          51403
        ],
        "OUTPUT_FILE": "/Users/maples/GitHub/mortalitree_testing/notebooks/single_tiles/prefire/17/22370/51403.geojson",
        "OUTPUT_STATUS_DIR": "prefire",
        "FEATURE_COUNT": 458
      },
      "geometry": {
        "type": "Polygon",
        "coordinates": [
          [
            [
              -118.55769733452742,
              36.148877181978555
            ],
            [
              -118.55758310980255,
              36.14887293639244
            ],
            [
              -118.55758703592556,
              36.14880345617569
            ],
            [
              -118.55770126055027,
              36.14880770175106
            ],
            [
              -118.55769733452742,
              36.148877181978555
            ]
          ]
        ]
      }
    },
    {
      "id": "3187",
      "type": "Feature",
      "properties": {
        "id": null,
        "SOURCE_FILE": "/Users/maples/GitHub/mortalitree_testing/labels/annayu_mortalitree_prefire_labels.geojson",
        "SUNETID": "annayu",
        "FIRENAME": "CASTLE",
        "FIRE_SLUG": "CASTLE",
        "PREFIRE": 1,
        "PREFIRE_STATUS": "prefire",
        "TILE_Z": 17,
        "TILE_X": 22370,
        "TILE_Y": 51403,
        "TILEXYZ": [
          17,
          22370,
          51403
        ],
        "OUTPUT_FILE": "/Users/maples/GitHub/mortalitree_testing/notebooks/single_tiles/prefire/17/22370/51403.geojson",
        "OUTPUT_STATUS_DIR": "prefire",
        "FEATURE_COUNT": 458
      },
      "geometry": {
        "type": "Polygon",
        "coordinates": [
          [
            [
              -118.55760619222107,
              36.14878095948094
            ],
            [
              -118.55752766282583,
              36.14877804059904
            ],
            [
              -118.5575315889841,
              36.14870856038643
            ],
            [
              -118.55761011831049,
              36.14871147926094
            ],
            [
              -118.55760619222107,
              36.14878095948094
            ]
          ]
        ]
      }
    },
    {
      "id": "3188",
      "type": "Feature",
      "properties": {
        "id": null,
        "SOURCE_FILE": "/Users/maples/GitHub/mortalitree_testing/labels/annayu_mortalitree_prefire_labels.geojson",
        "SUNETID": "annayu",
        "FIRENAME": "CASTLE",
        "FIRE_SLUG": "CASTLE",
        "PREFIRE": 1,
        "PREFIRE_STATUS": "prefire",
        "TILE_Z": 17,
        "TILE_X": 22370,
        "TILE_Y": 51403,
        "TILEXYZ": [
          17,
          22370,
          51403
        ],
        "OUTPUT_FILE": "/Users/maples/GitHub/mortalitree_testing/notebooks/single_tiles/prefire/17/22370/51403.geojson",
        "OUTPUT_STATUS_DIR": "prefire",
        "FEATURE_COUNT": 458
      },
      "geometry": {
        "type": "Polygon",
        "coordinates": [
          [
            [
              -118.55748891840203,
              36.148704073242726
            ],
            [
              -118.55739611104153,
              36.14870062356493
            ],
            [
              -118.5574006916806,
              36.148619563330236
            ],
            [
              -118.5574934989462,
              36.148623012997845
            ],
            [
              -118.55748891840203,
              36.148704073242726
            ]
          ]
        ]
      }
    },
    {
      "id": "3189",
      "type": "Feature",
      "properties": {
        "id": null,
        "SOURCE_FILE": "/Users/maples/GitHub/mortalitree_testing/labels/annayu_mortalitree_prefire_labels.geojson",
        "SUNETID": "annayu",
        "FIRENAME": "CASTLE",
        "FIRE_SLUG": "CASTLE",
        "PREFIRE": 1,
        "PREFIRE_STATUS": "prefire",
        "TILE_Z": 17,
        "TILE_X": 22370,
        "TILE_Y": 51403,
        "TILEXYZ": [
          17,
          22370,
          51403
        ],
        "OUTPUT_FILE": "/Users/maples/GitHub/mortalitree_testing/notebooks/single_tiles/prefire/17/22370/51403.geojson",
        "OUTPUT_STATUS_DIR": "prefire",
        "FEATURE_COUNT": 458
      },
      "geometry": {
        "type": "Polygon",
        "coordinates": [
          [
            [
              -118.55830689533616,
              36.14821808047727
            ],
            [
              -118.55820694945403,
              36.14821436616217
            ],
            [
              -118.5582108749322,
              36.14814488587886
            ],
            [
              -118.55831082072673,
              36.14814860018456
            ],
            [
              -118.55830689533616,
              36.14821808047727
            ]
          ]
        ]
      }
    },
    {
      "id": "3190",
      "type": "Feature",
      "properties": {
        "id": null,
        "SOURCE_FILE": "/Users/maples/GitHub/mortalitree_testing/labels/annayu_mortalitree_prefire_labels.geojson",
        "SUNETID": "annayu",
        "FIRENAME": "CASTLE",
        "FIRE_SLUG": "CASTLE",
        "PREFIRE": 1,
        "PREFIRE_STATUS": "prefire",
        "TILE_Z": 17,
        "TILE_X": 22370,
        "TILE_Y": 51403,
        "TILEXYZ": [
          17,
          22370,
          51403
        ],
        "OUTPUT_FILE": "/Users/maples/GitHub/mortalitree_testing/notebooks/single_tiles/prefire/17/22370/51403.geojson",
        "OUTPUT_STATUS_DIR": "prefire",
        "FEATURE_COUNT": 458
      },
      "geometry": {
        "type": "Polygon",
        "coordinates": [
          [
            [
              -118.55807487813782,
              36.14820945783263
            ],
            [
              -118.55798207128606,
              36.1482060086494
            ],
            [
              -118.557987959794,
              36.14810178825571
            ],
            [
              -118.55808076652372,
              36.14810523742584
            ],
            [
              -118.55807487813782,
              36.14820945783263
            ]
          ]
        ]
      }
    },
    {
      "id": "3191",
      "type": "Feature",
      "properties": {
        "id": null,
        "SOURCE_FILE": "/Users/maples/GitHub/mortalitree_testing/labels/annayu_mortalitree_prefire_labels.geojson",
        "SUNETID": "annayu",
        "FIRENAME": "CASTLE",
        "FIRE_SLUG": "CASTLE",
        "PREFIRE": 1,
        "PREFIRE_STATUS": "prefire",
        "TILE_Z": 17,
        "TILE_X": 22370,
        "TILE_Y": 51403,
        "TILEXYZ": [
          17,
          22370,
          51403
        ],
        "OUTPUT_FILE": "/Users/maples/GitHub/mortalitree_testing/notebooks/single_tiles/prefire/17/22370/51403.geojson",
        "OUTPUT_STATUS_DIR": "prefire",
        "FEATURE_COUNT": 458
      },
      "geometry": {
        "type": "Polygon",
        "coordinates": [
          [
            [
              -118.55796825496093,
              36.14826061586805
            ],
            [
              -118.55788258705404,
              36.14825743192901
            ],
            [
              -118.55788716711824,
              36.14817637163469
            ],
            [
              -118.55797283493753,
              36.14817955556431
            ],
            [
              -118.55796825496093,
              36.14826061586805
            ]
          ]
        ]
      }
    },
    {
      "id": "3192",
      "type": "Feature",
      "properties": {
        "id": null,
        "SOURCE_FILE": "/Users/maples/GitHub/mortalitree_testing/labels/annayu_mortalitree_prefire_labels.geojson",
        "SUNETID": "annayu",
        "FIRENAME": "CASTLE",
        "FIRE_SLUG": "CASTLE",
        "PREFIRE": 1,
        "PREFIRE_STATUS": "prefire",
        "TILE_Z": 17,
        "TILE_X": 22370,
        "TILE_Y": 51403,
        "TILEXYZ": [
          17,
          22370,
          51403
        ],
        "OUTPUT_FILE": "/Users/maples/GitHub/mortalitree_testing/notebooks/single_tiles/prefire/17/22370/51403.geojson",
        "OUTPUT_STATUS_DIR": "prefire",
        "FEATURE_COUNT": 458
      },
      "geometry": {
        "type": "Polygon",
        "coordinates": [
          [
            [
              -118.55783490417448,
              36.14821504445884
            ],
            [
              -118.55774923633267,
              36.14821186042786
            ],
            [
              -118.55775348937037,
              36.14813659016769
            ],
            [
              -118.55783915713083,
              36.148139774189936
            ],
            [
              -118.55783490417448,
              36.14821504445884
            ]
          ]
        ]
      }
    },
    {
      "id": "3193",
      "type": "Feature",
      "properties": {
        "id": null,
        "SOURCE_FILE": "/Users/maples/GitHub/mortalitree_testing/labels/annayu_mortalitree_prefire_labels.geojson",
        "SUNETID": "annayu",
        "FIRENAME": "CASTLE",
        "FIRE_SLUG": "CASTLE",
        "PREFIRE": 1,
        "PREFIRE_STATUS": "prefire",
        "TILE_Z": 17,
        "TILE_X": 22370,
        "TILE_Y": 51403,
        "TILEXYZ": [
          17,
          22370,
          51403
        ],
        "OUTPUT_FILE": "/Users/maples/GitHub/mortalitree_testing/notebooks/single_tiles/prefire/17/22370/51403.geojson",
        "OUTPUT_STATUS_DIR": "prefire",
        "FEATURE_COUNT": 458
      },
      "geometry": {
        "type": "Polygon",
        "coordinates": [
          [
            [
              -118.55722742172495,
              36.1485841117615
            ],
            [
              -118.55712033651153,
              36.148580131135176
            ],
            [
              -118.55712459020747,
              36.148504860944016
            ],
            [
              -118.55723167531919,
              36.148508841559405
            ],
            [
              -118.55722742172495,
              36.1485841117615
            ]
          ]
        ]
      }
    },
    {
      "id": "3194",
      "type": "Feature",
      "properties": {
        "id": null,
        "SOURCE_FILE": "/Users/maples/GitHub/mortalitree_testing/labels/annayu_mortalitree_prefire_labels.geojson",
        "SUNETID": "annayu",
        "FIRENAME": "CASTLE",
        "FIRE_SLUG": "CASTLE",
        "PREFIRE": 1,
        "PREFIRE_STATUS": "prefire",
        "TILE_Z": 17,
        "TILE_X": 22370,
        "TILE_Y": 51403,
        "TILEXYZ": [
          17,
          22370,
          51403
        ],
        "OUTPUT_FILE": "/Users/maples/GitHub/mortalitree_testing/notebooks/single_tiles/prefire/17/22370/51403.geojson",
        "OUTPUT_STATUS_DIR": "prefire",
        "FEATURE_COUNT": 458
      },
      "geometry": {
        "type": "Polygon",
        "coordinates": [
          [
            [
              -118.5572304707371,
              36.14865675232689
            ],
            [
              -118.55714480248533,
              36.14865356783016
            ],
            [
              -118.55714807455134,
              36.14859566768202
            ],
            [
              -118.55723374274051,
              36.148598852172036
            ],
            [
              -118.5572304707371,
              36.14865675232689
            ]
          ]
        ]
      }
    },
    {
      "id": "3195",
      "type": "Feature",
      "properties": {
        "id": null,
        "SOURCE_FILE": "/Users/maples/GitHub/mortalitree_testing/labels/annayu_mortalitree_prefire_labels.geojson",
        "SUNETID": "annayu",
        "FIRENAME": "CASTLE",
        "FIRE_SLUG": "CASTLE",
        "PREFIRE": 1,
        "PREFIRE_STATUS": "prefire",
        "TILE_Z": 17,
        "TILE_X": 22370,
        "TILE_Y": 51403,
        "TILEXYZ": [
          17,
          22370,
          51403
        ],
        "OUTPUT_FILE": "/Users/maples/GitHub/mortalitree_testing/notebooks/single_tiles/prefire/17/22370/51403.geojson",
        "OUTPUT_STATUS_DIR": "prefire",
        "FEATURE_COUNT": 458
      },
      "geometry": {
        "type": "Polygon",
        "coordinates": [
          [
            [
              -118.55735265209634,
              36.14864678855175
            ],
            [
              -118.55728126188276,
              36.148644134882176
            ],
            [
              -118.5572842066513,
              36.14859202473913
            ],
            [
              -118.55735559681793,
              36.14859467840367
            ],
            [
              -118.55735265209634,
              36.14864678855175
            ]
          ]
        ]
      }
    },
    {
      "id": "3196",
      "type": "Feature",
      "properties": {
        "id": null,
        "SOURCE_FILE": "/Users/maples/GitHub/mortalitree_testing/labels/annayu_mortalitree_prefire_labels.geojson",
        "SUNETID": "annayu",
        "FIRENAME": "CASTLE",
        "FIRE_SLUG": "CASTLE",
        "PREFIRE": 1,
        "PREFIRE_STATUS": "prefire",
        "TILE_Z": 17,
        "TILE_X": 22370,
        "TILE_Y": 51403,
        "TILEXYZ": [
          17,
          22370,
          51403
        ],
        "OUTPUT_FILE": "/Users/maples/GitHub/mortalitree_testing/notebooks/single_tiles/prefire/17/22370/51403.geojson",
        "OUTPUT_STATUS_DIR": "prefire",
        "FEATURE_COUNT": 458
      },
      "geometry": {
        "type": "Polygon",
        "coordinates": [
          [
            [
              -118.55737728190219,
              36.14871733020681
            ],
            [
              -118.55729161356744,
              36.14871414581052
            ],
            [
              -118.55729455833666,
              36.14866203566735
            ],
            [
              -118.55738022661511,
              36.14866522005759
            ],
            [
              -118.55737728190219,
              36.14871733020681
            ]
          ]
        ]
      }
    },
    {
      "id": "3197",
      "type": "Feature",
      "properties": {
        "id": null,
        "SOURCE_FILE": "/Users/maples/GitHub/mortalitree_testing/labels/annayu_mortalitree_prefire_labels.geojson",
        "SUNETID": "annayu",
        "FIRENAME": "CASTLE",
        "FIRE_SLUG": "CASTLE",
        "PREFIRE": 1,
        "PREFIRE_STATUS": "prefire",
        "TILE_Z": 17,
        "TILE_X": 22370,
        "TILE_Y": 51403,
        "TILEXYZ": [
          17,
          22370,
          51403
        ],
        "OUTPUT_FILE": "/Users/maples/GitHub/mortalitree_testing/notebooks/single_tiles/prefire/17/22370/51403.geojson",
        "OUTPUT_STATUS_DIR": "prefire",
        "FEATURE_COUNT": 458
      },
      "geometry": {
        "type": "Polygon",
        "coordinates": [
          [
            [
              -118.55741959573993,
              36.148791430273334
            ],
            [
              -118.55733392731963,
              36.14878824590173
            ],
            [
              -118.55733719926278,
              36.148730345739985
            ],
            [
              -118.55742286762045,
              36.14873353010488
            ],
            [
              -118.55741959573993,
              36.148791430273334
            ]
          ]
        ]
      }
    },
    {
      "id": "3198",
      "type": "Feature",
      "properties": {
        "id": null,
        "SOURCE_FILE": "/Users/maples/GitHub/mortalitree_testing/labels/annayu_mortalitree_prefire_labels.geojson",
        "SUNETID": "annayu",
        "FIRENAME": "CASTLE",
        "FIRE_SLUG": "CASTLE",
        "PREFIRE": 1,
        "PREFIRE_STATUS": "prefire",
        "TILE_Z": 17,
        "TILE_X": 22370,
        "TILE_Y": 51403,
        "TILEXYZ": [
          17,
          22370,
          51403
        ],
        "OUTPUT_FILE": "/Users/maples/GitHub/mortalitree_testing/notebooks/single_tiles/prefire/17/22370/51403.geojson",
        "OUTPUT_STATUS_DIR": "prefire",
        "FEATURE_COUNT": 458
      },
      "geometry": {
        "type": "Polygon",
        "coordinates": [
          [
            [
              -118.55745624294883,
              36.14883920989322
            ],
            [
              -118.55737057447233,
              36.14883602554422
            ],
            [
              -118.55737319201059,
              36.14878970541296
            ],
            [
              -118.55745886043704,
              36.148792889756585
            ],
            [
              -118.55745624294883,
              36.14883920989322
            ]
          ]
        ]
      }
    },
    {
      "id": "3199",
      "type": "Feature",
      "properties": {
        "id": null,
        "SOURCE_FILE": "/Users/maples/GitHub/mortalitree_testing/labels/annayu_mortalitree_prefire_labels.geojson",
        "SUNETID": "annayu",
        "FIRENAME": "CASTLE",
        "FIRE_SLUG": "CASTLE",
        "PREFIRE": 1,
        "PREFIRE_STATUS": "prefire",
        "TILE_Z": 17,
        "TILE_X": 22370,
        "TILE_Y": 51403,
        "TILEXYZ": [
          17,
          22370,
          51403
        ],
        "OUTPUT_FILE": "/Users/maples/GitHub/mortalitree_testing/notebooks/single_tiles/prefire/17/22370/51403.geojson",
        "OUTPUT_STATUS_DIR": "prefire",
        "FEATURE_COUNT": 458
      },
      "geometry": {
        "type": "Polygon",
        "coordinates": [
          [
            [
              -118.55753831245157,
              36.14890608437559
            ],
            [
              -118.55748120007756,
              36.1489039615188
            ],
            [
              -118.55748479911065,
              36.14884027132933
            ],
            [
              -118.55754191143878,
              36.14884239418119
            ],
            [
              -118.55753831245157,
              36.14890608437559
            ]
          ]
        ]
      }
    },
    {
      "id": "3200",
      "type": "Feature",
      "properties": {
        "id": null,
        "SOURCE_FILE": "/Users/maples/GitHub/mortalitree_testing/labels/annayu_mortalitree_prefire_labels.geojson",
        "SUNETID": "annayu",
        "FIRENAME": "CASTLE",
        "FIRE_SLUG": "CASTLE",
        "PREFIRE": 1,
        "PREFIRE_STATUS": "prefire",
        "TILE_Z": 17,
        "TILE_X": 22370,
        "TILE_Y": 51403,
        "TILEXYZ": [
          17,
          22370,
          51403
        ],
        "OUTPUT_FILE": "/Users/maples/GitHub/mortalitree_testing/notebooks/single_tiles/prefire/17/22370/51403.geojson",
        "OUTPUT_STATUS_DIR": "prefire",
        "FEATURE_COUNT": 458
      },
      "geometry": {
        "type": "Polygon",
        "coordinates": [
          [
            [
              -118.55757501865892,
              36.1488262182195
            ],
            [
              -118.55751790633995,
              36.14882409538424
            ],
            [
              -118.55752052379046,
              36.148777775243595
            ],
            [
              -118.55757763607605,
              36.148779898075276
            ],
            [
              -118.55757501865892,
              36.1488262182195
            ]
          ]
        ]
      }
    },
    {
      "id": "3201",
      "type": "Feature",
      "properties": {
        "id": null,
        "SOURCE_FILE": "/Users/maples/GitHub/mortalitree_testing/labels/annayu_mortalitree_prefire_labels.geojson",
        "SUNETID": "annayu",
        "FIRENAME": "CASTLE",
        "FIRE_SLUG": "CASTLE",
        "PREFIRE": 1,
        "PREFIRE_STATUS": "prefire",
        "TILE_Z": 17,
        "TILE_X": 22370,
        "TILE_Y": 51403,
        "TILEXYZ": [
          17,
          22370,
          51403
        ],
        "OUTPUT_FILE": "/Users/maples/GitHub/mortalitree_testing/notebooks/single_tiles/prefire/17/22370/51403.geojson",
        "OUTPUT_STATUS_DIR": "prefire",
        "FEATURE_COUNT": 458
      },
      "geometry": {
        "type": "Polygon",
        "coordinates": [
          [
            [
              -118.55742294254566,
              36.148922103693415
            ],
            [
              -118.55733013493662,
              36.14891865394664
            ],
            [
              -118.55733242531065,
              36.1488781238346
            ],
            [
              -118.55742523287225,
              36.148881573576276
            ],
            [
              -118.55742294254566,
              36.148922103693415
            ]
          ]
        ]
      }
    },
    {
      "id": "3202",
      "type": "Feature",
      "properties": {
        "id": null,
        "SOURCE_FILE": "/Users/maples/GitHub/mortalitree_testing/labels/annayu_mortalitree_prefire_labels.geojson",
        "SUNETID": "annayu",
        "FIRENAME": "CASTLE",
        "FIRE_SLUG": "CASTLE",
        "PREFIRE": 1,
        "PREFIRE_STATUS": "prefire",
        "TILE_Z": 17,
        "TILE_X": 22370,
        "TILE_Y": 51403,
        "TILEXYZ": [
          17,
          22370,
          51403
        ],
        "OUTPUT_FILE": "/Users/maples/GitHub/mortalitree_testing/notebooks/single_tiles/prefire/17/22370/51403.geojson",
        "OUTPUT_STATUS_DIR": "prefire",
        "FEATURE_COUNT": 458
      },
      "geometry": {
        "type": "Polygon",
        "coordinates": [
          [
            [
              -118.55746721964222,
              36.14896146365069
            ],
            [
              -118.55739582913235,
              36.14895881002961
            ],
            [
              -118.55739877385899,
              36.14890669988118
            ],
            [
              -118.55747016432193,
              36.14890935349724
            ],
            [
              -118.55746721964222,
              36.14896146365069
            ]
          ]
        ]
      }
    },
    {
      "id": "3203",
      "type": "Feature",
      "properties": {
        "id": null,
        "SOURCE_FILE": "/Users/maples/GitHub/mortalitree_testing/labels/annayu_mortalitree_prefire_labels.geojson",
        "SUNETID": "annayu",
        "FIRENAME": "CASTLE",
        "FIRE_SLUG": "CASTLE",
        "PREFIRE": 1,
        "PREFIRE_STATUS": "prefire",
        "TILE_Z": 17,
        "TILE_X": 22370,
        "TILE_Y": 51403,
        "TILEXYZ": [
          17,
          22370,
          51403
        ],
        "OUTPUT_FILE": "/Users/maples/GitHub/mortalitree_testing/notebooks/single_tiles/prefire/17/22370/51403.geojson",
        "OUTPUT_STATUS_DIR": "prefire",
        "FEATURE_COUNT": 458
      },
      "geometry": {
        "type": "Polygon",
        "coordinates": [
          [
            [
              -118.55733452245035,
              36.14890431159049
            ],
            [
              -118.55724885391722,
              36.1489011271495
            ],
            [
              -118.55725441634426,
              36.1488026968873
            ],
            [
              -118.55734008477096,
              36.14880588131689
            ],
            [
              -118.55733452245035,
              36.14890431159049
            ]
          ]
        ]
      }
    },
    {
      "id": "3204",
      "type": "Feature",
      "properties": {
        "id": null,
        "SOURCE_FILE": "/Users/maples/GitHub/mortalitree_testing/labels/annayu_mortalitree_prefire_labels.geojson",
        "SUNETID": "annayu",
        "FIRENAME": "CASTLE",
        "FIRE_SLUG": "CASTLE",
        "PREFIRE": 1,
        "PREFIRE_STATUS": "prefire",
        "TILE_Z": 17,
        "TILE_X": 22370,
        "TILE_Y": 51403,
        "TILEXYZ": [
          17,
          22370,
          51403
        ],
        "OUTPUT_FILE": "/Users/maples/GitHub/mortalitree_testing/notebooks/single_tiles/prefire/17/22370/51403.geojson",
        "OUTPUT_STATUS_DIR": "prefire",
        "FEATURE_COUNT": 458
      },
      "geometry": {
        "type": "Polygon",
        "coordinates": [
          [
            [
              -118.55717569360358,
              36.14886649563221
            ],
            [
              -118.55709002513012,
              36.14886331108045
            ],
            [
              -118.55709395168665,
              36.14879383091017
            ],
            [
              -118.55717962008502,
              36.14879701545389
            ],
            [
              -118.55717569360358,
              36.14886649563221
            ]
          ]
        ]
      }
    },
    {
      "id": "3205",
      "type": "Feature",
      "properties": {
        "id": null,
        "SOURCE_FILE": "/Users/maples/GitHub/mortalitree_testing/labels/annayu_mortalitree_prefire_labels.geojson",
        "SUNETID": "annayu",
        "FIRENAME": "CASTLE",
        "FIRE_SLUG": "CASTLE",
        "PREFIRE": 1,
        "PREFIRE_STATUS": "prefire",
        "TILE_Z": 17,
        "TILE_X": 22370,
        "TILE_Y": 51403,
        "TILEXYZ": [
          17,
          22370,
          51403
        ],
        "OUTPUT_FILE": "/Users/maples/GitHub/mortalitree_testing/notebooks/single_tiles/prefire/17/22370/51403.geojson",
        "OUTPUT_STATUS_DIR": "prefire",
        "FEATURE_COUNT": 458
      },
      "geometry": {
        "type": "Polygon",
        "coordinates": [
          [
            [
              -118.55686756966439,
              36.14887534908256
            ],
            [
              -118.55677476218051,
              36.148871898909235
            ],
            [
              -118.55677901625207,
              36.14879662875711
            ],
            [
              -118.55687182364778,
              36.14880007892099
            ],
            [
              -118.55686756966439,
              36.14887534908256
            ]
          ]
        ]
      }
    },
    {
      "id": "3206",
      "type": "Feature",
      "properties": {
        "id": null,
        "SOURCE_FILE": "/Users/maples/GitHub/mortalitree_testing/labels/annayu_mortalitree_prefire_labels.geojson",
        "SUNETID": "annayu",
        "FIRENAME": "CASTLE",
        "FIRE_SLUG": "CASTLE",
        "PREFIRE": 1,
        "PREFIRE_STATUS": "prefire",
        "TILE_Z": 17,
        "TILE_X": 22370,
        "TILE_Y": 51403,
        "TILEXYZ": [
          17,
          22370,
          51403
        ],
        "OUTPUT_FILE": "/Users/maples/GitHub/mortalitree_testing/notebooks/single_tiles/prefire/17/22370/51403.geojson",
        "OUTPUT_STATUS_DIR": "prefire",
        "FEATURE_COUNT": 458
      },
      "geometry": {
        "type": "Polygon",
        "coordinates": [
          [
            [
              -118.55697740670662,
              36.14889393769023
            ],
            [
              -118.55686318206929,
              36.14888969141576
            ],
            [
              -118.55686678160016,
              36.14882600127966
            ],
            [
              -118.55698100614569,
              36.14883024754428
            ],
            [
              -118.55697740670662,
              36.14889393769023
            ]
          ]
        ]
      }
    },
    {
      "id": "3207",
      "type": "Feature",
      "properties": {
        "id": null,
        "SOURCE_FILE": "/Users/maples/GitHub/mortalitree_testing/labels/annayu_mortalitree_prefire_labels.geojson",
        "SUNETID": "annayu",
        "FIRENAME": "CASTLE",
        "FIRE_SLUG": "CASTLE",
        "PREFIRE": 1,
        "PREFIRE_STATUS": "prefire",
        "TILE_Z": 17,
        "TILE_X": 22370,
        "TILE_Y": 51403,
        "TILEXYZ": [
          17,
          22370,
          51403
        ],
        "OUTPUT_FILE": "/Users/maples/GitHub/mortalitree_testing/notebooks/single_tiles/prefire/17/22370/51403.geojson",
        "OUTPUT_STATUS_DIR": "prefire",
        "FEATURE_COUNT": 458
      },
      "geometry": {
        "type": "Polygon",
        "coordinates": [
          [
            [
              -118.55710037665064,
              36.14893332201375
            ],
            [
              -118.5569861519371,
              36.14892907585259
            ],
            [
              -118.55698975137376,
              36.148865385706266
            ],
            [
              -118.55710397599549,
              36.148869631857565
            ],
            [
              -118.55710037665064,
              36.14893332201375
            ]
          ]
        ]
      }
    },
    {
      "id": "3208",
      "type": "Feature",
      "properties": {
        "id": null,
        "SOURCE_FILE": "/Users/maples/GitHub/mortalitree_testing/labels/annayu_mortalitree_prefire_labels.geojson",
        "SUNETID": "annayu",
        "FIRENAME": "CASTLE",
        "FIRE_SLUG": "CASTLE",
        "PREFIRE": 1,
        "PREFIRE_STATUS": "prefire",
        "TILE_Z": 17,
        "TILE_X": 22370,
        "TILE_Y": 51403,
        "TILEXYZ": [
          17,
          22370,
          51403
        ],
        "OUTPUT_FILE": "/Users/maples/GitHub/mortalitree_testing/notebooks/single_tiles/prefire/17/22370/51403.geojson",
        "OUTPUT_STATUS_DIR": "prefire",
        "FEATURE_COUNT": 458
      },
      "geometry": {
        "type": "Polygon",
        "coordinates": [
          [
            [
              -118.55720520164164,
              36.148914009943624
            ],
            [
              -118.5571338112002,
              36.14891135616933
            ],
            [
              -118.55713675609508,
              36.14885924603905
            ],
            [
              -118.55720814648956,
              36.14886189980832
            ],
            [
              -118.55720520164164,
              36.148914009943624
            ]
          ]
        ]
      }
    },
    {
      "id": "3209",
      "type": "Feature",
      "properties": {
        "id": null,
        "SOURCE_FILE": "/Users/maples/GitHub/mortalitree_testing/labels/annayu_mortalitree_prefire_labels.geojson",
        "SUNETID": "annayu",
        "FIRENAME": "CASTLE",
        "FIRE_SLUG": "CASTLE",
        "PREFIRE": 1,
        "PREFIRE_STATUS": "prefire",
        "TILE_Z": 17,
        "TILE_X": 22370,
        "TILE_Y": 51403,
        "TILEXYZ": [
          17,
          22370,
          51403
        ],
        "OUTPUT_FILE": "/Users/maples/GitHub/mortalitree_testing/notebooks/single_tiles/prefire/17/22370/51403.geojson",
        "OUTPUT_STATUS_DIR": "prefire",
        "FEATURE_COUNT": 458
      },
      "geometry": {
        "type": "Polygon",
        "coordinates": [
          [
            [
              -118.55726490191984,
              36.148933635664825
            ],
            [
              -118.55720778954708,
              36.14893151267626
            ],
            [
              -118.55721007998514,
              36.148890982571054
            ],
            [
              -118.55726719232871,
              36.14889310555648
            ],
            [
              -118.55726490191984,
              36.148933635664825
            ]
          ]
        ]
      }
    },
    {
      "id": "3210",
      "type": "Feature",
      "properties": {
        "id": null,
        "SOURCE_FILE": "/Users/maples/GitHub/mortalitree_testing/labels/annayu_mortalitree_prefire_labels.geojson",
        "SUNETID": "annayu",
        "FIRENAME": "CASTLE",
        "FIRE_SLUG": "CASTLE",
        "PREFIRE": 1,
        "PREFIRE_STATUS": "prefire",
        "TILE_Z": 17,
        "TILE_X": 22370,
        "TILE_Y": 51403,
        "TILEXYZ": [
          17,
          22370,
          51403
        ],
        "OUTPUT_FILE": "/Users/maples/GitHub/mortalitree_testing/notebooks/single_tiles/prefire/17/22370/51403.geojson",
        "OUTPUT_STATUS_DIR": "prefire",
        "FEATURE_COUNT": 458
      },
      "geometry": {
        "type": "Polygon",
        "coordinates": [
          [
            [
              -118.55734899861056,
              36.14896463588831
            ],
            [
              -118.55727745814605,
              36.14896463588831
            ],
            [
              -118.55728097961556,
              36.148902321322026
            ],
            [
              -118.5573523700631,
              36.14890497500801
            ],
            [
              -118.55734899861056,
              36.14896463588831
            ]
          ]
        ]
      }
    },
    {
      "id": "3211",
      "type": "Feature",
      "properties": {
        "id": null,
        "SOURCE_FILE": "/Users/maples/GitHub/mortalitree_testing/labels/annayu_mortalitree_prefire_labels.geojson",
        "SUNETID": "annayu",
        "FIRENAME": "CASTLE",
        "FIRE_SLUG": "CASTLE",
        "PREFIRE": 1,
        "PREFIRE_STATUS": "prefire",
        "TILE_Z": 17,
        "TILE_X": 22370,
        "TILE_Y": 51403,
        "TILEXYZ": [
          17,
          22370,
          51403
        ],
        "OUTPUT_FILE": "/Users/maples/GitHub/mortalitree_testing/notebooks/single_tiles/prefire/17/22370/51403.geojson",
        "OUTPUT_STATUS_DIR": "prefire",
        "FEATURE_COUNT": 458
      },
      "geometry": {
        "type": "Polygon",
        "coordinates": [
          [
            [
              -118.5571070401113,
              36.148562230334136
            ],
            [
              -118.55703564999824,
              36.148559576523475
            ],
            [
              -118.55703859492013,
              36.148507466397085
            ],
            [
              -118.55710998498628,
              36.14851012020272
            ],
            [
              -118.5571070401113,
              36.148562230334136
            ]
          ]
        ]
      }
    },
    {
      "id": "3212",
      "type": "Feature",
      "properties": {
        "id": null,
        "SOURCE_FILE": "/Users/maples/GitHub/mortalitree_testing/labels/annayu_mortalitree_prefire_labels.geojson",
        "SUNETID": "annayu",
        "FIRENAME": "CASTLE",
        "FIRE_SLUG": "CASTLE",
        "PREFIRE": 1,
        "PREFIRE_STATUS": "prefire",
        "TILE_Z": 17,
        "TILE_X": 22370,
        "TILE_Y": 51403,
        "TILEXYZ": [
          17,
          22370,
          51403
        ],
        "OUTPUT_FILE": "/Users/maples/GitHub/mortalitree_testing/notebooks/single_tiles/prefire/17/22370/51403.geojson",
        "OUTPUT_STATUS_DIR": "prefire",
        "FEATURE_COUNT": 458
      },
      "geometry": {
        "type": "Polygon",
        "coordinates": [
          [
            [
              -118.55711529456671,
              36.14860605351173
            ],
            [
              -118.55702962638351,
              36.148602868936436
            ],
            [
              -118.55703257131405,
              36.14855075881085
            ],
            [
              -118.55711823944094,
              36.14855394338011
            ],
            [
              -118.55711529456671,
              36.14860605351173
            ]
          ]
        ]
      }
    },
    {
      "id": "3213",
      "type": "Feature",
      "properties": {
        "id": null,
        "SOURCE_FILE": "/Users/maples/GitHub/mortalitree_testing/labels/annayu_mortalitree_prefire_labels.geojson",
        "SUNETID": "annayu",
        "FIRENAME": "CASTLE",
        "FIRE_SLUG": "CASTLE",
        "PREFIRE": 1,
        "PREFIRE_STATUS": "prefire",
        "TILE_Z": 17,
        "TILE_X": 22370,
        "TILE_Y": 51403,
        "TILEXYZ": [
          17,
          22370,
          51403
        ],
        "OUTPUT_FILE": "/Users/maples/GitHub/mortalitree_testing/notebooks/single_tiles/prefire/17/22370/51403.geojson",
        "OUTPUT_STATUS_DIR": "prefire",
        "FEATURE_COUNT": 458
      },
      "geometry": {
        "type": "Polygon",
        "coordinates": [
          [
            [
              -118.55713213070602,
              36.148687909851766
            ],
            [
              -118.55708215754444,
              36.148686052193696
            ],
            [
              -118.55708510244921,
              36.14863394206511
            ],
            [
              -118.55713507557795,
              36.14863579971967
            ],
            [
              -118.55713213070602,
              36.148687909851766
            ]
          ]
        ]
      }
    },
    {
      "id": "3214",
      "type": "Feature",
      "properties": {
        "id": null,
        "SOURCE_FILE": "/Users/maples/GitHub/mortalitree_testing/labels/annayu_mortalitree_prefire_labels.geojson",
        "SUNETID": "annayu",
        "FIRENAME": "CASTLE",
        "FIRE_SLUG": "CASTLE",
        "PREFIRE": 1,
        "PREFIRE_STATUS": "prefire",
        "TILE_Z": 17,
        "TILE_X": 22370,
        "TILE_Y": 51403,
        "TILEXYZ": [
          17,
          22370,
          51403
        ],
        "OUTPUT_FILE": "/Users/maples/GitHub/mortalitree_testing/notebooks/single_tiles/prefire/17/22370/51403.geojson",
        "OUTPUT_STATUS_DIR": "prefire",
        "FEATURE_COUNT": 458
      },
      "geometry": {
        "type": "Polygon",
        "coordinates": [
          [
            [
              -118.55729662581574,
              36.148752046282574
            ],
            [
              -118.55721095745261,
              36.14874886182596
            ],
            [
              -118.55721553829031,
              36.148667801612326
            ],
            [
              -118.5573012065658,
              36.148670986059535
            ],
            [
              -118.55729662581574,
              36.148752046282574
            ]
          ]
        ]
      }
    },
    {
      "id": "3215",
      "type": "Feature",
      "properties": {
        "id": null,
        "SOURCE_FILE": "/Users/maples/GitHub/mortalitree_testing/labels/annayu_mortalitree_prefire_labels.geojson",
        "SUNETID": "annayu",
        "FIRENAME": "CASTLE",
        "FIRE_SLUG": "CASTLE",
        "PREFIRE": 1,
        "PREFIRE_STATUS": "prefire",
        "TILE_Z": 17,
        "TILE_X": 22370,
        "TILE_Y": 51403,
        "TILEXYZ": [
          17,
          22370,
          51403
        ],
        "OUTPUT_FILE": "/Users/maples/GitHub/mortalitree_testing/notebooks/single_tiles/prefire/17/22370/51403.geojson",
        "OUTPUT_STATUS_DIR": "prefire",
        "FEATURE_COUNT": 458
      },
      "geometry": {
        "type": "Polygon",
        "coordinates": [
          [
            [
              -118.55719962422911,
              36.148696220941105
            ],
            [
              -118.55714251203358,
              36.14869409793339
            ],
            [
              -118.55714545689929,
              36.1486419878006
            ],
            [
              -118.5572025690573,
              36.148644110804305
            ],
            [
              -118.55719962422911,
              36.148696220941105
            ]
          ]
        ]
      }
    },
    {
      "id": "3216",
      "type": "Feature",
      "properties": {
        "id": null,
        "SOURCE_FILE": "/Users/maples/GitHub/mortalitree_testing/labels/annayu_mortalitree_prefire_labels.geojson",
        "SUNETID": "annayu",
        "FIRENAME": "CASTLE",
        "FIRE_SLUG": "CASTLE",
        "PREFIRE": 1,
        "PREFIRE_STATUS": "prefire",
        "TILE_Z": 17,
        "TILE_X": 22370,
        "TILE_Y": 51403,
        "TILEXYZ": [
          17,
          22370,
          51403
        ],
        "OUTPUT_FILE": "/Users/maples/GitHub/mortalitree_testing/notebooks/single_tiles/prefire/17/22370/51403.geojson",
        "OUTPUT_STATUS_DIR": "prefire",
        "FEATURE_COUNT": 458
      },
      "geometry": {
        "type": "Polygon",
        "coordinates": [
          [
            [
              -118.55716439015816,
              36.14875003189389
            ],
            [
              -118.55707872181266,
              36.14874684734284
            ],
            [
              -118.55708330278608,
              36.14866578714376
            ],
            [
              -118.55716897104398,
              36.14866897168542
            ],
            [
              -118.55716439015816,
              36.14875003189389
            ]
          ]
        ]
      }
    },
    {
      "id": "3217",
      "type": "Feature",
      "properties": {
        "id": null,
        "SOURCE_FILE": "/Users/maples/GitHub/mortalitree_testing/labels/annayu_mortalitree_prefire_labels.geojson",
        "SUNETID": "annayu",
        "FIRENAME": "CASTLE",
        "FIRE_SLUG": "CASTLE",
        "PREFIRE": 1,
        "PREFIRE_STATUS": "prefire",
        "TILE_Z": 17,
        "TILE_X": 22370,
        "TILE_Y": 51403,
        "TILEXYZ": [
          17,
          22370,
          51403
        ],
        "OUTPUT_FILE": "/Users/maples/GitHub/mortalitree_testing/notebooks/single_tiles/prefire/17/22370/51403.geojson",
        "OUTPUT_STATUS_DIR": "prefire",
        "FEATURE_COUNT": 458
      },
      "geometry": {
        "type": "Polygon",
        "coordinates": [
          [
            [
              -118.55702226402404,
              36.148733144247466
            ],
            [
              -118.55693659571344,
              36.14872995959602
            ],
            [
              -118.55693921349673,
              36.148683639491274
            ],
            [
              -118.55702488175726,
              36.14868682413734
            ],
            [
              -118.55702226402404,
              36.148733144247466
            ]
          ]
        ]
      }
    },
    {
      "id": "3218",
      "type": "Feature",
      "properties": {
        "id": null,
        "SOURCE_FILE": "/Users/maples/GitHub/mortalitree_testing/labels/annayu_mortalitree_prefire_labels.geojson",
        "SUNETID": "annayu",
        "FIRENAME": "CASTLE",
        "FIRE_SLUG": "CASTLE",
        "PREFIRE": 1,
        "PREFIRE_STATUS": "prefire",
        "TILE_Z": 17,
        "TILE_X": 22370,
        "TILE_Y": 51403,
        "TILEXYZ": [
          17,
          22370,
          51403
        ],
        "OUTPUT_FILE": "/Users/maples/GitHub/mortalitree_testing/notebooks/single_tiles/prefire/17/22370/51403.geojson",
        "OUTPUT_STATUS_DIR": "prefire",
        "FEATURE_COUNT": 458
      },
      "geometry": {
        "type": "Polygon",
        "coordinates": [
          [
            [
              -118.55706896507297,
              36.14879290207344
            ],
            [
              -118.55701899184908,
              36.148791044384375
            ],
            [
              -118.5570235728914,
              36.14870998419247
            ],
            [
              -118.55707354606417,
              36.14871184187605
            ],
            [
              -118.55706896507297,
              36.14879290207344
            ]
          ]
        ]
      }
    },
    {
      "id": "3219",
      "type": "Feature",
      "properties": {
        "id": null,
        "SOURCE_FILE": "/Users/maples/GitHub/mortalitree_testing/labels/annayu_mortalitree_prefire_labels.geojson",
        "SUNETID": "annayu",
        "FIRENAME": "CASTLE",
        "FIRE_SLUG": "CASTLE",
        "PREFIRE": 1,
        "PREFIRE_STATUS": "prefire",
        "TILE_Z": 17,
        "TILE_X": 22370,
        "TILE_Y": 51403,
        "TILEXYZ": [
          17,
          22370,
          51403
        ],
        "OUTPUT_FILE": "/Users/maples/GitHub/mortalitree_testing/notebooks/single_tiles/prefire/17/22370/51403.geojson",
        "OUTPUT_STATUS_DIR": "prefire",
        "FEATURE_COUNT": 458
      },
      "geometry": {
        "type": "Polygon",
        "coordinates": [
          [
            [
              -118.55709880023329,
              36.14883462639102
            ],
            [
              -118.55702740987414,
              36.148831972558284
            ],
            [
              -118.55703002761382,
              36.148785652448616
            ],
            [
              -118.55710141793124,
              36.148788306276856
            ],
            [
              -118.55709880023329,
              36.14883462639102
            ]
          ]
        ]
      }
    },
    {
      "id": "3220",
      "type": "Feature",
      "properties": {
        "id": null,
        "SOURCE_FILE": "/Users/maples/GitHub/mortalitree_testing/labels/annayu_mortalitree_prefire_labels.geojson",
        "SUNETID": "annayu",
        "FIRENAME": "CASTLE",
        "FIRE_SLUG": "CASTLE",
        "PREFIRE": 1,
        "PREFIRE_STATUS": "prefire",
        "TILE_Z": 17,
        "TILE_X": 22370,
        "TILE_Y": 51403,
        "TILEXYZ": [
          17,
          22370,
          51403
        ],
        "OUTPUT_FILE": "/Users/maples/GitHub/mortalitree_testing/notebooks/single_tiles/prefire/17/22370/51403.geojson",
        "OUTPUT_STATUS_DIR": "prefire",
        "FEATURE_COUNT": 458
      },
      "geometry": {
        "type": "Polygon",
        "coordinates": [
          [
            [
              -118.55695234626342,
              36.14870443531614
            ],
            [
              -118.55688809505875,
              36.1487020467974
            ],
            [
              -118.55689136731922,
              36.14864414666994
            ],
            [
              -118.55695561847698,
              36.14864653518365
            ],
            [
              -118.55695234626342,
              36.14870443531614
            ]
          ]
        ]
      }
    },
    {
      "id": "3221",
      "type": "Feature",
      "properties": {
        "id": null,
        "SOURCE_FILE": "/Users/maples/GitHub/mortalitree_testing/labels/annayu_mortalitree_prefire_labels.geojson",
        "SUNETID": "annayu",
        "FIRENAME": "CASTLE",
        "FIRE_SLUG": "CASTLE",
        "PREFIRE": 1,
        "PREFIRE_STATUS": "prefire",
        "TILE_Z": 17,
        "TILE_X": 22370,
        "TILE_Y": 51403,
        "TILEXYZ": [
          17,
          22370,
          51403
        ],
        "OUTPUT_FILE": "/Users/maples/GitHub/mortalitree_testing/notebooks/single_tiles/prefire/17/22370/51403.geojson",
        "OUTPUT_STATUS_DIR": "prefire",
        "FEATURE_COUNT": 458
      },
      "geometry": {
        "type": "Polygon",
        "coordinates": [
          [
            [
              -118.55685872089842,
              36.148715460253676
            ],
            [
              -118.55678019164829,
              36.148712540886166
            ],
            [
              -118.55678411845643,
              36.14864306074343
            ],
            [
              -118.55686264763771,
              36.14864598010355
            ],
            [
              -118.55685872089842,
              36.148715460253676
            ]
          ]
        ]
      }
    },
    {
      "id": "3222",
      "type": "Feature",
      "properties": {
        "id": null,
        "SOURCE_FILE": "/Users/maples/GitHub/mortalitree_testing/labels/annayu_mortalitree_prefire_labels.geojson",
        "SUNETID": "annayu",
        "FIRENAME": "CASTLE",
        "FIRE_SLUG": "CASTLE",
        "PREFIRE": 1,
        "PREFIRE_STATUS": "prefire",
        "TILE_Z": 17,
        "TILE_X": 22370,
        "TILE_Y": 51403,
        "TILEXYZ": [
          17,
          22370,
          51403
        ],
        "OUTPUT_FILE": "/Users/maples/GitHub/mortalitree_testing/notebooks/single_tiles/prefire/17/22370/51403.geojson",
        "OUTPUT_STATUS_DIR": "prefire",
        "FEATURE_COUNT": 458
      },
      "geometry": {
        "type": "Polygon",
        "coordinates": [
          [
            [
              -118.55687912629305,
              36.14879744930898
            ],
            [
              -118.55680059695902,
              36.14879452994917
            ],
            [
              -118.55680485099386,
              36.14871925979344
            ],
            [
              -118.5568833802533,
              36.14872217914523
            ],
            [
              -118.55687912629305,
              36.14879744930898
            ]
          ]
        ]
      }
    },
    {
      "id": "3223",
      "type": "Feature",
      "properties": {
        "id": null,
        "SOURCE_FILE": "/Users/maples/GitHub/mortalitree_testing/labels/annayu_mortalitree_prefire_labels.geojson",
        "SUNETID": "annayu",
        "FIRENAME": "CASTLE",
        "FIRE_SLUG": "CASTLE",
        "PREFIRE": 1,
        "PREFIRE_STATUS": "prefire",
        "TILE_Z": 17,
        "TILE_X": 22370,
        "TILE_Y": 51403,
        "TILEXYZ": [
          17,
          22370,
          51403
        ],
        "OUTPUT_FILE": "/Users/maples/GitHub/mortalitree_testing/notebooks/single_tiles/prefire/17/22370/51403.geojson",
        "OUTPUT_STATUS_DIR": "prefire",
        "FEATURE_COUNT": 458
      },
      "geometry": {
        "type": "Polygon",
        "coordinates": [
          [
            [
              -118.55693446876012,
              36.14876759468074
            ],
            [
              -118.5568773565334,
              36.14876547154295
            ],
            [
              -118.55688062880938,
              36.14870757141695
            ],
            [
              -118.55693774099436,
              36.148709694550256
            ],
            [
              -118.55693446876012,
              36.14876759468074
            ]
          ]
        ]
      }
    },
    {
      "id": "3224",
      "type": "Feature",
      "properties": {
        "id": null,
        "SOURCE_FILE": "/Users/maples/GitHub/mortalitree_testing/labels/annayu_mortalitree_prefire_labels.geojson",
        "SUNETID": "annayu",
        "FIRENAME": "CASTLE",
        "FIRE_SLUG": "CASTLE",
        "PREFIRE": 1,
        "PREFIRE_STATUS": "prefire",
        "TILE_Z": 17,
        "TILE_X": 22370,
        "TILE_Y": 51403,
        "TILEXYZ": [
          17,
          22370,
          51403
        ],
        "OUTPUT_FILE": "/Users/maples/GitHub/mortalitree_testing/notebooks/single_tiles/prefire/17/22370/51403.geojson",
        "OUTPUT_STATUS_DIR": "prefire",
        "FEATURE_COUNT": 458
      },
      "geometry": {
        "type": "Polygon",
        "coordinates": [
          [
            [
              -118.55667130649081,
              36.148740404908224
            ],
            [
              -118.55659277723585,
              36.1487374854161
            ],
            [
              -118.55659703146037,
              36.148662215280915
            ],
            [
              -118.55667556064076,
              36.14866513476504
            ],
            [
              -118.55667130649081,
              36.148740404908224
            ]
          ]
        ]
      }
    },
    {
      "id": "3225",
      "type": "Feature",
      "properties": {
        "id": null,
        "SOURCE_FILE": "/Users/maples/GitHub/mortalitree_testing/labels/annayu_mortalitree_prefire_labels.geojson",
        "SUNETID": "annayu",
        "FIRENAME": "CASTLE",
        "FIRE_SLUG": "CASTLE",
        "PREFIRE": 1,
        "PREFIRE_STATUS": "prefire",
        "TILE_Z": 17,
        "TILE_X": 22370,
        "TILE_Y": 51403,
        "TILEXYZ": [
          17,
          22370,
          51403
        ],
        "OUTPUT_FILE": "/Users/maples/GitHub/mortalitree_testing/notebooks/single_tiles/prefire/17/22370/51403.geojson",
        "OUTPUT_STATUS_DIR": "prefire",
        "FEATURE_COUNT": 458
      },
      "geometry": {
        "type": "Polygon",
        "coordinates": [
          [
            [
              -118.55664999267705,
              36.14886435932666
            ],
            [
              -118.55657860233453,
              36.14886170522452
            ],
            [
              -118.55658187484161,
              36.14880380512296
            ],
            [
              -118.55665326513198,
              36.14880645921951
            ],
            [
              -118.55664999267705,
              36.14886435932666
            ]
          ]
        ]
      }
    },
    {
      "id": "3226",
      "type": "Feature",
      "properties": {
        "id": null,
        "SOURCE_FILE": "/Users/maples/GitHub/mortalitree_testing/labels/annayu_mortalitree_prefire_labels.geojson",
        "SUNETID": "annayu",
        "FIRENAME": "CASTLE",
        "FIRE_SLUG": "CASTLE",
        "PREFIRE": 1,
        "PREFIRE_STATUS": "prefire",
        "TILE_Z": 17,
        "TILE_X": 22370,
        "TILE_Y": 51403,
        "TILEXYZ": [
          17,
          22370,
          51403
        ],
        "OUTPUT_FILE": "/Users/maples/GitHub/mortalitree_testing/notebooks/single_tiles/prefire/17/22370/51403.geojson",
        "OUTPUT_STATUS_DIR": "prefire",
        "FEATURE_COUNT": 458
      },
      "geometry": {
        "type": "Polygon",
        "coordinates": [
          [
            [
              -118.55677263513881,
              36.148909533984785
            ],
            [
              -118.55667268858792,
              36.14890581832828
            ],
            [
              -118.55667530654324,
              36.148859498241514
            ],
            [
              -118.55677525303572,
              36.14886321389175
            ],
            [
              -118.55677263513881,
              36.148909533984785
            ]
          ]
        ]
      }
    },
    {
      "id": "3227",
      "type": "Feature",
      "properties": {
        "id": null,
        "SOURCE_FILE": "/Users/maples/GitHub/mortalitree_testing/labels/annayu_mortalitree_prefire_labels.geojson",
        "SUNETID": "annayu",
        "FIRENAME": "CASTLE",
        "FIRE_SLUG": "CASTLE",
        "PREFIRE": 1,
        "PREFIRE_STATUS": "prefire",
        "TILE_Z": 17,
        "TILE_X": 22370,
        "TILE_Y": 51403,
        "TILEXYZ": [
          17,
          22370,
          51403
        ],
        "OUTPUT_FILE": "/Users/maples/GitHub/mortalitree_testing/notebooks/single_tiles/prefire/17/22370/51403.geojson",
        "OUTPUT_STATUS_DIR": "prefire",
        "FEATURE_COUNT": 458
      },
      "geometry": {
        "type": "Polygon",
        "coordinates": [
          [
            [
              -118.55657045128837,
              36.14894263265869
            ],
            [
              -118.55645622664369,
              36.14893838599116
            ],
            [
              -118.55646113554953,
              36.1488515358541
            ],
            [
              -118.55657536006903,
              36.1488557825082
            ],
            [
              -118.55657045128837,
              36.14894263265869
            ]
          ]
        ]
      }
    },
    {
      "id": "3228",
      "type": "Feature",
      "properties": {
        "id": null,
        "SOURCE_FILE": "/Users/maples/GitHub/mortalitree_testing/labels/annayu_mortalitree_prefire_labels.geojson",
        "SUNETID": "annayu",
        "FIRENAME": "CASTLE",
        "FIRE_SLUG": "CASTLE",
        "PREFIRE": 1,
        "PREFIRE_STATUS": "prefire",
        "TILE_Z": 17,
        "TILE_X": 22370,
        "TILE_Y": 51403,
        "TILEXYZ": [
          17,
          22370,
          51403
        ],
        "OUTPUT_FILE": "/Users/maples/GitHub/mortalitree_testing/notebooks/single_tiles/prefire/17/22370/51403.geojson",
        "OUTPUT_STATUS_DIR": "prefire",
        "FEATURE_COUNT": 458
      },
      "geometry": {
        "type": "Polygon",
        "coordinates": [
          [
            [
              -118.55660411004916,
              36.148790126330454
            ],
            [
              -118.55651130269894,
              36.14878667595991
            ],
            [
              -118.55651588426294,
              36.14870561582393
            ],
            [
              -118.5566086915182,
              36.14870906618427
            ],
            [
              -118.55660411004916,
              36.148790126330454
            ]
          ]
        ]
      }
    },
    {
      "id": "3229",
      "type": "Feature",
      "properties": {
        "id": null,
        "SOURCE_FILE": "/Users/maples/GitHub/mortalitree_testing/labels/annayu_mortalitree_prefire_labels.geojson",
        "SUNETID": "annayu",
        "FIRENAME": "CASTLE",
        "FIRE_SLUG": "CASTLE",
        "PREFIRE": 1,
        "PREFIRE_STATUS": "prefire",
        "TILE_Z": 17,
        "TILE_X": 22370,
        "TILE_Y": 51403,
        "TILEXYZ": [
          17,
          22370,
          51403
        ],
        "OUTPUT_FILE": "/Users/maples/GitHub/mortalitree_testing/notebooks/single_tiles/prefire/17/22370/51403.geojson",
        "OUTPUT_STATUS_DIR": "prefire",
        "FEATURE_COUNT": 458
      },
      "geometry": {
        "type": "Polygon",
        "coordinates": [
          [
            [
              -118.5568715864029,
              36.148614400427874
            ],
            [
              -118.55679305725216,
              36.14861148107579
            ],
            [
              -118.5567966568031,
              36.148547790942814
            ],
            [
              -118.55687518589073,
              36.14855071028811
            ],
            [
              -118.5568715864029,
              36.148614400427874
            ]
          ]
        ]
      }
    },
    {
      "id": "3230",
      "type": "Feature",
      "properties": {
        "id": null,
        "SOURCE_FILE": "/Users/maples/GitHub/mortalitree_testing/labels/annayu_mortalitree_prefire_labels.geojson",
        "SUNETID": "annayu",
        "FIRENAME": "CASTLE",
        "FIRE_SLUG": "CASTLE",
        "PREFIRE": 1,
        "PREFIRE_STATUS": "prefire",
        "TILE_Z": 17,
        "TILE_X": 22370,
        "TILE_Y": 51403,
        "TILEXYZ": [
          17,
          22370,
          51403
        ],
        "OUTPUT_FILE": "/Users/maples/GitHub/mortalitree_testing/notebooks/single_tiles/prefire/17/22370/51403.geojson",
        "OUTPUT_STATUS_DIR": "prefire",
        "FEATURE_COUNT": 458
      },
      "geometry": {
        "type": "Polygon",
        "coordinates": [
          [
            [
              -118.55696567256359,
              36.14865851329266
            ],
            [
              -118.55688000434078,
              36.148655328606374
            ],
            [
              -118.55688294937595,
              36.148603218491864
            ],
            [
              -118.55696861754245,
              36.148606403172096
            ],
            [
              -118.55696567256359,
              36.14865851329266
            ]
          ]
        ]
      }
    },
    {
      "id": "3231",
      "type": "Feature",
      "properties": {
        "id": null,
        "SOURCE_FILE": "/Users/maples/GitHub/mortalitree_testing/labels/annayu_mortalitree_prefire_labels.geojson",
        "SUNETID": "annayu",
        "FIRENAME": "CASTLE",
        "FIRE_SLUG": "CASTLE",
        "PREFIRE": 1,
        "PREFIRE_STATUS": "prefire",
        "TILE_Z": 17,
        "TILE_X": 22370,
        "TILE_Y": 51403,
        "TILEXYZ": [
          17,
          22370,
          51403
        ],
        "OUTPUT_FILE": "/Users/maples/GitHub/mortalitree_testing/notebooks/single_tiles/prefire/17/22370/51403.geojson",
        "OUTPUT_STATUS_DIR": "prefire",
        "FEATURE_COUNT": 458
      },
      "geometry": {
        "type": "Polygon",
        "coordinates": [
          [
            [
              -118.55668452962021,
              36.148569732283455
            ],
            [
              -118.55661313954134,
              36.14856707822045
            ],
            [
              -118.55661641198776,
              36.14850917811333
            ],
            [
              -118.55668780201448,
              36.148511832170755
            ],
            [
              -118.55668452962021,
              36.148569732283455
            ]
          ]
        ]
      }
    },
    {
      "id": "3232",
      "type": "Feature",
      "properties": {
        "id": null,
        "SOURCE_FILE": "/Users/maples/GitHub/mortalitree_testing/labels/annayu_mortalitree_prefire_labels.geojson",
        "SUNETID": "annayu",
        "FIRENAME": "CASTLE",
        "FIRE_SLUG": "CASTLE",
        "PREFIRE": 1,
        "PREFIRE_STATUS": "prefire",
        "TILE_Z": 17,
        "TILE_X": 22370,
        "TILE_Y": 51403,
        "TILEXYZ": [
          17,
          22370,
          51403
        ],
        "OUTPUT_FILE": "/Users/maples/GitHub/mortalitree_testing/notebooks/single_tiles/prefire/17/22370/51403.geojson",
        "OUTPUT_STATUS_DIR": "prefire",
        "FEATURE_COUNT": 458
      },
      "geometry": {
        "type": "Polygon",
        "coordinates": [
          [
            [
              -118.55664297437403,
              36.1486088026303
            ],
            [
              -118.5565715842638,
              36.14860614854006
            ],
            [
              -118.55657485674544,
              36.14854824843661
            ],
            [
              -118.55664624680354,
              36.148550902521244
            ],
            [
              -118.55664297437403,
              36.1486088026303
            ]
          ]
        ]
      }
    },
    {
      "id": "3233",
      "type": "Feature",
      "properties": {
        "id": null,
        "SOURCE_FILE": "/Users/maples/GitHub/mortalitree_testing/labels/annayu_mortalitree_prefire_labels.geojson",
        "SUNETID": "annayu",
        "FIRENAME": "CASTLE",
        "FIRE_SLUG": "CASTLE",
        "PREFIRE": 1,
        "PREFIRE_STATUS": "prefire",
        "TILE_Z": 17,
        "TILE_X": 22370,
        "TILE_Y": 51403,
        "TILEXYZ": [
          17,
          22370,
          51403
        ],
        "OUTPUT_FILE": "/Users/maples/GitHub/mortalitree_testing/notebooks/single_tiles/prefire/17/22370/51403.geojson",
        "OUTPUT_STATUS_DIR": "prefire",
        "FEATURE_COUNT": 458
      },
      "geometry": {
        "type": "Polygon",
        "coordinates": [
          [
            [
              -118.55658681380888,
              36.1486531321499
            ],
            [
              -118.55650828464991,
              36.14865021260842
            ],
            [
              -118.55651221168894,
              36.14858073249065
            ],
            [
              -118.55659074077906,
              36.148583652024755
            ],
            [
              -118.55658681380888,
              36.1486531321499
            ]
          ]
        ]
      }
    },
    {
      "id": "3234",
      "type": "Feature",
      "properties": {
        "id": null,
        "SOURCE_FILE": "/Users/maples/GitHub/mortalitree_testing/labels/annayu_mortalitree_prefire_labels.geojson",
        "SUNETID": "annayu",
        "FIRENAME": "CASTLE",
        "FIRE_SLUG": "CASTLE",
        "PREFIRE": 1,
        "PREFIRE_STATUS": "prefire",
        "TILE_Z": 17,
        "TILE_X": 22370,
        "TILE_Y": 51403,
        "TILEXYZ": [
          17,
          22370,
          51403
        ],
        "OUTPUT_FILE": "/Users/maples/GitHub/mortalitree_testing/notebooks/single_tiles/prefire/17/22370/51403.geojson",
        "OUTPUT_STATUS_DIR": "prefire",
        "FEATURE_COUNT": 458
      },
      "geometry": {
        "type": "Polygon",
        "coordinates": [
          [
            [
              -118.55649757612913,
              36.148649814485154
            ],
            [
              -118.55636193488387,
              36.14864477150786
            ],
            [
              -118.55636848015529,
              36.14852897133389
            ],
            [
              -118.55650412120234,
              36.14853401428991
            ],
            [
              -118.55649757612913,
              36.148649814485154
            ]
          ]
        ]
      }
    },
    {
      "id": "3235",
      "type": "Feature",
      "properties": {
        "id": null,
        "SOURCE_FILE": "/Users/maples/GitHub/mortalitree_testing/labels/annayu_mortalitree_prefire_labels.geojson",
        "SUNETID": "annayu",
        "FIRENAME": "CASTLE",
        "FIRE_SLUG": "CASTLE",
        "PREFIRE": 1,
        "PREFIRE_STATUS": "prefire",
        "TILE_Z": 17,
        "TILE_X": 22370,
        "TILE_Y": 51403,
        "TILEXYZ": [
          17,
          22370,
          51403
        ],
        "OUTPUT_FILE": "/Users/maples/GitHub/mortalitree_testing/notebooks/single_tiles/prefire/17/22370/51403.geojson",
        "OUTPUT_STATUS_DIR": "prefire",
        "FEATURE_COUNT": 458
      },
      "geometry": {
        "type": "Polygon",
        "coordinates": [
          [
            [
              -118.55654800984951,
              36.148706810187534
            ],
            [
              -118.55645520260454,
              36.14870335978035
            ],
            [
              -118.5564594569552,
              36.14862808965882
            ],
            [
              -118.55655226411204,
              36.148631540056556
            ],
            [
              -118.55654800984951,
              36.148706810187534
            ]
          ]
        ]
      }
    },
    {
      "id": "3236",
      "type": "Feature",
      "properties": {
        "id": null,
        "SOURCE_FILE": "/Users/maples/GitHub/mortalitree_testing/labels/annayu_mortalitree_prefire_labels.geojson",
        "SUNETID": "annayu",
        "FIRENAME": "CASTLE",
        "FIRE_SLUG": "CASTLE",
        "PREFIRE": 1,
        "PREFIRE_STATUS": "prefire",
        "TILE_Z": 17,
        "TILE_X": 22370,
        "TILE_Y": 51403,
        "TILEXYZ": [
          17,
          22370,
          51403
        ],
        "OUTPUT_FILE": "/Users/maples/GitHub/mortalitree_testing/notebooks/single_tiles/prefire/17/22370/51403.geojson",
        "OUTPUT_STATUS_DIR": "prefire",
        "FEATURE_COUNT": 458
      },
      "geometry": {
        "type": "Polygon",
        "coordinates": [
          [
            [
              -118.55630095646676,
              36.1485844825942
            ],
            [
              -118.55621337890625,
              36.14858122643208
            ],
            [
              -118.55621337890625,
              36.14849419379663
            ],
            [
              -118.55630586548023,
              36.14849763247036
            ],
            [
              -118.55630095646676,
              36.1485844825942
            ]
          ]
        ]
      }
    },
    {
      "id": "3237",
      "type": "Feature",
      "properties": {
        "id": null,
        "SOURCE_FILE": "/Users/maples/GitHub/mortalitree_testing/labels/annayu_mortalitree_prefire_labels.geojson",
        "SUNETID": "annayu",
        "FIRENAME": "CASTLE",
        "FIRE_SLUG": "CASTLE",
        "PREFIRE": 1,
        "PREFIRE_STATUS": "prefire",
        "TILE_Z": 17,
        "TILE_X": 22370,
        "TILE_Y": 51403,
        "TILEXYZ": [
          17,
          22370,
          51403
        ],
        "OUTPUT_FILE": "/Users/maples/GitHub/mortalitree_testing/notebooks/single_tiles/prefire/17/22370/51403.geojson",
        "OUTPUT_STATUS_DIR": "prefire",
        "FEATURE_COUNT": 458
      },
      "geometry": {
        "type": "Polygon",
        "coordinates": [
          [
            [
              -118.55636904349541,
              36.14870885973843
            ],
            [
              -118.55626909725396,
              36.1487051437628
            ],
            [
              -118.55627531540607,
              36.14859513361259
            ],
            [
              -118.55637526150879,
              36.14859884957334
            ],
            [
              -118.55636904349541,
              36.14870885973843
            ]
          ]
        ]
      }
    },
    {
      "id": "3238",
      "type": "Feature",
      "properties": {
        "id": null,
        "SOURCE_FILE": "/Users/maples/GitHub/mortalitree_testing/labels/annayu_mortalitree_prefire_labels.geojson",
        "SUNETID": "annayu",
        "FIRENAME": "CASTLE",
        "FIRE_SLUG": "CASTLE",
        "PREFIRE": 1,
        "PREFIRE_STATUS": "prefire",
        "TILE_Z": 17,
        "TILE_X": 22370,
        "TILE_Y": 51403,
        "TILEXYZ": [
          17,
          22370,
          51403
        ],
        "OUTPUT_FILE": "/Users/maples/GitHub/mortalitree_testing/notebooks/single_tiles/prefire/17/22370/51403.geojson",
        "OUTPUT_STATUS_DIR": "prefire",
        "FEATURE_COUNT": 458
      },
      "geometry": {
        "type": "Polygon",
        "coordinates": [
          [
            [
              -118.55627898760049,
              36.148720016926774
            ],
            [
              -118.55621337890625,
              36.1487175775624
            ],
            [
              -118.55621337890625,
              36.14863054492714
            ],
            [
              -118.55628389666252,
              36.14863316680749
            ],
            [
              -118.55627898760049,
              36.148720016926774
            ]
          ]
        ]
      }
    },
    {
      "id": "3239",
      "type": "Feature",
      "properties": {
        "id": null,
        "SOURCE_FILE": "/Users/maples/GitHub/mortalitree_testing/labels/annayu_mortalitree_prefire_labels.geojson",
        "SUNETID": "annayu",
        "FIRENAME": "CASTLE",
        "FIRE_SLUG": "CASTLE",
        "PREFIRE": 1,
        "PREFIRE_STATUS": "prefire",
        "TILE_Z": 17,
        "TILE_X": 22370,
        "TILE_Y": 51403,
        "TILEXYZ": [
          17,
          22370,
          51403
        ],
        "OUTPUT_FILE": "/Users/maples/GitHub/mortalitree_testing/notebooks/single_tiles/prefire/17/22370/51403.geojson",
        "OUTPUT_STATUS_DIR": "prefire",
        "FEATURE_COUNT": 458
      },
      "geometry": {
        "type": "Polygon",
        "coordinates": [
          [
            [
              -118.55658221979503,
              36.148417973200836
            ],
            [
              -118.55648941288604,
              36.148414522843794
            ],
            [
              -118.55649333990785,
              36.14834504272508
            ],
            [
              -118.55658614673548,
              36.148348493073385
            ],
            [
              -118.55658221979503,
              36.148417973200836
            ]
          ]
        ]
      }
    },
    {
      "id": "3240",
      "type": "Feature",
      "properties": {
        "id": null,
        "SOURCE_FILE": "/Users/maples/GitHub/mortalitree_testing/labels/annayu_mortalitree_prefire_labels.geojson",
        "SUNETID": "annayu",
        "FIRENAME": "CASTLE",
        "FIRE_SLUG": "CASTLE",
        "PREFIRE": 1,
        "PREFIRE_STATUS": "prefire",
        "TILE_Z": 17,
        "TILE_X": 22370,
        "TILE_Y": 51403,
        "TILEXYZ": [
          17,
          22370,
          51403
        ],
        "OUTPUT_FILE": "/Users/maples/GitHub/mortalitree_testing/notebooks/single_tiles/prefire/17/22370/51403.geojson",
        "OUTPUT_STATUS_DIR": "prefire",
        "FEATURE_COUNT": 458
      },
      "geometry": {
        "type": "Polygon",
        "coordinates": [
          [
            [
              -118.55668069314139,
              36.148447743940835
            ],
            [
              -118.55659502518098,
              36.14844455906662
            ],
            [
              -118.55659895211396,
              36.14837507893828
            ],
            [
              -118.55668461999929,
              36.14837826380444
            ],
            [
              -118.55668069314139,
              36.148447743940835
            ]
          ]
        ]
      }
    },
    {
      "id": "3241",
      "type": "Feature",
      "properties": {
        "id": null,
        "SOURCE_FILE": "/Users/maples/GitHub/mortalitree_testing/labels/annayu_mortalitree_prefire_labels.geojson",
        "SUNETID": "annayu",
        "FIRENAME": "CASTLE",
        "FIRE_SLUG": "CASTLE",
        "PREFIRE": 1,
        "PREFIRE_STATUS": "prefire",
        "TILE_Z": 17,
        "TILE_X": 22370,
        "TILE_Y": 51403,
        "TILEXYZ": [
          17,
          22370,
          51403
        ],
        "OUTPUT_FILE": "/Users/maples/GitHub/mortalitree_testing/notebooks/single_tiles/prefire/17/22370/51403.geojson",
        "OUTPUT_STATUS_DIR": "prefire",
        "FEATURE_COUNT": 458
      },
      "geometry": {
        "type": "Polygon",
        "coordinates": [
          [
            [
              -118.55661788458562,
              36.14848312306487
            ],
            [
              -118.55655363359068,
              36.14848073437922
            ],
            [
              -118.55655723331799,
              36.14841704426559
            ],
            [
              -118.55662148426129,
              36.1484194329457
            ],
            [
              -118.55661788458562,
              36.14848312306487
            ]
          ]
        ]
      }
    },
    {
      "id": "3242",
      "type": "Feature",
      "properties": {
        "id": null,
        "SOURCE_FILE": "/Users/maples/GitHub/mortalitree_testing/labels/annayu_mortalitree_prefire_labels.geojson",
        "SUNETID": "annayu",
        "FIRENAME": "CASTLE",
        "FIRE_SLUG": "CASTLE",
        "PREFIRE": 1,
        "PREFIRE_STATUS": "prefire",
        "TILE_Z": 17,
        "TILE_X": 22370,
        "TILE_Y": 51403,
        "TILEXYZ": [
          17,
          22370,
          51403
        ],
        "OUTPUT_FILE": "/Users/maples/GitHub/mortalitree_testing/notebooks/single_tiles/prefire/17/22370/51403.geojson",
        "OUTPUT_STATUS_DIR": "prefire",
        "FEATURE_COUNT": 458
      },
      "geometry": {
        "type": "Polygon",
        "coordinates": [
          [
            [
              -118.55670175278298,
              36.148518152988565
            ],
            [
              -118.55660180673827,
              36.14851443730742
            ],
            [
              -118.55660540643106,
              36.14845074718995
            ],
            [
              -118.55670535239545,
              36.1484544628625
            ],
            [
              -118.55670175278298,
              36.148518152988565
            ]
          ]
        ]
      }
    },
    {
      "id": "3243",
      "type": "Feature",
      "properties": {
        "id": null,
        "SOURCE_FILE": "/Users/maples/GitHub/mortalitree_testing/labels/annayu_mortalitree_prefire_labels.geojson",
        "SUNETID": "annayu",
        "FIRENAME": "CASTLE",
        "FIRE_SLUG": "CASTLE",
        "PREFIRE": 1,
        "PREFIRE_STATUS": "prefire",
        "TILE_Z": 17,
        "TILE_X": 22370,
        "TILE_Y": 51403,
        "TILEXYZ": [
          17,
          22370,
          51403
        ],
        "OUTPUT_FILE": "/Users/maples/GitHub/mortalitree_testing/notebooks/single_tiles/prefire/17/22370/51403.geojson",
        "OUTPUT_STATUS_DIR": "prefire",
        "FEATURE_COUNT": 458
      },
      "geometry": {
        "type": "Polygon",
        "coordinates": [
          [
            [
              -118.55687908262036,
              36.14854505297163
            ],
            [
              -118.55675058049135,
              36.14854027583926
            ],
            [
              -118.5567558162344,
              36.14844763564976
            ],
            [
              -118.55688431821316,
              36.148452412766005
            ],
            [
              -118.55687908262036,
              36.14854505297163
            ]
          ]
        ]
      }
    },
    {
      "id": "3244",
      "type": "Feature",
      "properties": {
        "id": null,
        "SOURCE_FILE": "/Users/maples/GitHub/mortalitree_testing/labels/annayu_mortalitree_prefire_labels.geojson",
        "SUNETID": "annayu",
        "FIRENAME": "CASTLE",
        "FIRE_SLUG": "CASTLE",
        "PREFIRE": 1,
        "PREFIRE_STATUS": "prefire",
        "TILE_Z": 17,
        "TILE_X": 22370,
        "TILE_Y": 51403,
        "TILEXYZ": [
          17,
          22370,
          51403
        ],
        "OUTPUT_FILE": "/Users/maples/GitHub/mortalitree_testing/notebooks/single_tiles/prefire/17/22370/51403.geojson",
        "OUTPUT_STATUS_DIR": "prefire",
        "FEATURE_COUNT": 458
      },
      "geometry": {
        "type": "Polygon",
        "coordinates": [
          [
            [
              -118.5565375557192,
              36.14851204861137
            ],
            [
              -118.55640905370375,
              36.14850727111628
            ],
            [
              -118.55641363532612,
              36.14842621098777
            ],
            [
              -118.55654213721016,
              36.14843098846877
            ],
            [
              -118.5565375557192,
              36.14851204861137
            ]
          ]
        ]
      }
    },
    {
      "id": "3245",
      "type": "Feature",
      "properties": {
        "id": null,
        "SOURCE_FILE": "/Users/maples/GitHub/mortalitree_testing/labels/annayu_mortalitree_prefire_labels.geojson",
        "SUNETID": "annayu",
        "FIRENAME": "CASTLE",
        "FIRE_SLUG": "CASTLE",
        "PREFIRE": 1,
        "PREFIRE_STATUS": "prefire",
        "TILE_Z": 17,
        "TILE_X": 22370,
        "TILE_Y": 51403,
        "TILEXYZ": [
          17,
          22370,
          51403
        ],
        "OUTPUT_FILE": "/Users/maples/GitHub/mortalitree_testing/notebooks/single_tiles/prefire/17/22370/51403.geojson",
        "OUTPUT_STATUS_DIR": "prefire",
        "FEATURE_COUNT": 458
      },
      "geometry": {
        "type": "Polygon",
        "coordinates": [
          [
            [
              -118.55657322050578,
              36.14857719848844
            ],
            [
              -118.55652324745245,
              36.148575340602015
            ],
            [
              -118.55652586546397,
              36.14852902052212
            ],
            [
              -118.55657583848813,
              36.14853087840542
            ],
            [
              -118.55657322050578,
              36.14857719848844
            ]
          ]
        ]
      }
    },
    {
      "id": "3246",
      "type": "Feature",
      "properties": {
        "id": null,
        "SOURCE_FILE": "/Users/maples/GitHub/mortalitree_testing/labels/annayu_mortalitree_prefire_labels.geojson",
        "SUNETID": "annayu",
        "FIRENAME": "CASTLE",
        "FIRE_SLUG": "CASTLE",
        "PREFIRE": 1,
        "PREFIRE_STATUS": "prefire",
        "TILE_Z": 17,
        "TILE_X": 22370,
        "TILE_Y": 51403,
        "TILEXYZ": [
          17,
          22370,
          51403
        ],
        "OUTPUT_FILE": "/Users/maples/GitHub/mortalitree_testing/notebooks/single_tiles/prefire/17/22370/51403.geojson",
        "OUTPUT_STATUS_DIR": "prefire",
        "FEATURE_COUNT": 458
      },
      "geometry": {
        "type": "Polygon",
        "coordinates": [
          [
            [
              -118.55649265513007,
              36.14842044556103
            ],
            [
              -118.55640698722127,
              36.14841726055436
            ],
            [
              -118.55641091431617,
              36.14834778044346
            ],
            [
              -118.55649658214989,
              36.14835096544208
            ],
            [
              -118.55649265513007,
              36.14842044556103
            ]
          ]
        ]
      }
    },
    {
      "id": "3247",
      "type": "Feature",
      "properties": {
        "id": null,
        "SOURCE_FILE": "/Users/maples/GitHub/mortalitree_testing/labels/annayu_mortalitree_prefire_labels.geojson",
        "SUNETID": "annayu",
        "FIRENAME": "CASTLE",
        "FIRE_SLUG": "CASTLE",
        "PREFIRE": 1,
        "PREFIRE_STATUS": "prefire",
        "TILE_Z": 17,
        "TILE_X": 22370,
        "TILE_Y": 51403,
        "TILEXYZ": [
          17,
          22370,
          51403
        ],
        "OUTPUT_FILE": "/Users/maples/GitHub/mortalitree_testing/notebooks/single_tiles/prefire/17/22370/51403.geojson",
        "OUTPUT_STATUS_DIR": "prefire",
        "FEATURE_COUNT": 458
      },
      "geometry": {
        "type": "Polygon",
        "coordinates": [
          [
            [
              -118.55643102224944,
              36.148371736736614
            ],
            [
              -118.5563667713617,
              36.14836934795702
            ],
            [
              -118.55636971670558,
              36.148317237876405
            ],
            [
              -118.55643396755109,
              36.14831962665146
            ],
            [
              -118.55643102224944,
              36.148371736736614
            ]
          ]
        ]
      }
    },
    {
      "id": "3248",
      "type": "Feature",
      "properties": {
        "id": null,
        "SOURCE_FILE": "/Users/maples/GitHub/mortalitree_testing/labels/annayu_mortalitree_prefire_labels.geojson",
        "SUNETID": "annayu",
        "FIRENAME": "CASTLE",
        "FIRE_SLUG": "CASTLE",
        "PREFIRE": 1,
        "PREFIRE_STATUS": "prefire",
        "TILE_Z": 17,
        "TILE_X": 22370,
        "TILE_Y": 51403,
        "TILEXYZ": [
          17,
          22370,
          51403
        ],
        "OUTPUT_FILE": "/Users/maples/GitHub/mortalitree_testing/notebooks/single_tiles/prefire/17/22370/51403.geojson",
        "OUTPUT_STATUS_DIR": "prefire",
        "FEATURE_COUNT": 458
      },
      "geometry": {
        "type": "Polygon",
        "coordinates": [
          [
            [
              -118.55636225046261,
              36.148322762463756
            ],
            [
              -118.55624088776779,
              36.14831825023126
            ],
            [
              -118.55624579679967,
              36.14823140011066
            ],
            [
              -118.5563671593615,
              36.14823591232888
            ],
            [
              -118.55636225046261,
              36.148322762463756
            ]
          ]
        ]
      }
    },
    {
      "id": "3249",
      "type": "Feature",
      "properties": {
        "id": null,
        "SOURCE_FILE": "/Users/maples/GitHub/mortalitree_testing/labels/annayu_mortalitree_prefire_labels.geojson",
        "SUNETID": "annayu",
        "FIRENAME": "CASTLE",
        "FIRE_SLUG": "CASTLE",
        "PREFIRE": 1,
        "PREFIRE_STATUS": "prefire",
        "TILE_Z": 17,
        "TILE_X": 22370,
        "TILE_Y": 51403,
        "TILEXYZ": [
          17,
          22370,
          51403
        ],
        "OUTPUT_FILE": "/Users/maples/GitHub/mortalitree_testing/notebooks/single_tiles/prefire/17/22370/51403.geojson",
        "OUTPUT_STATUS_DIR": "prefire",
        "FEATURE_COUNT": 458
      },
      "geometry": {
        "type": "Polygon",
        "coordinates": [
          [
            [
              -118.5563010477856,
              36.14839301418089
            ],
            [
              -118.55621337890625,
              36.148389754627836
            ],
            [
              -118.55621337890625,
              36.14828531546376
            ],
            [
              -118.55630693855785,
              36.148288794028716
            ],
            [
              -118.5563010477856,
              36.14839301418089
            ]
          ]
        ]
      }
    },
    {
      "id": "3250",
      "type": "Feature",
      "properties": {
        "id": null,
        "SOURCE_FILE": "/Users/maples/GitHub/mortalitree_testing/labels/annayu_mortalitree_prefire_labels.geojson",
        "SUNETID": "annayu",
        "FIRENAME": "CASTLE",
        "FIRE_SLUG": "CASTLE",
        "PREFIRE": 1,
        "PREFIRE_STATUS": "prefire",
        "TILE_Z": 17,
        "TILE_X": 22370,
        "TILE_Y": 51403,
        "TILEXYZ": [
          17,
          22370,
          51403
        ],
        "OUTPUT_FILE": "/Users/maples/GitHub/mortalitree_testing/notebooks/single_tiles/prefire/17/22370/51403.geojson",
        "OUTPUT_STATUS_DIR": "prefire",
        "FEATURE_COUNT": 458
      },
      "geometry": {
        "type": "Polygon",
        "coordinates": [
          [
            [
              -118.5562995446503,
              36.148482892023154
            ],
            [
              -118.55621337890625,
              36.14847968835797
            ],
            [
              -118.55621337890625,
              36.148381051370556
            ],
            [
              -118.55630510817838,
              36.14838446188119
            ],
            [
              -118.5562995446503,
              36.148482892023154
            ]
          ]
        ]
      }
    },
    {
      "id": "3251",
      "type": "Feature",
      "properties": {
        "id": null,
        "SOURCE_FILE": "/Users/maples/GitHub/mortalitree_testing/labels/annayu_mortalitree_prefire_labels.geojson",
        "SUNETID": "annayu",
        "FIRENAME": "CASTLE",
        "FIRE_SLUG": "CASTLE",
        "PREFIRE": 1,
        "PREFIRE_STATUS": "prefire",
        "TILE_Z": 17,
        "TILE_X": 22370,
        "TILE_Y": 51403,
        "TILEXYZ": [
          17,
          22370,
          51403
        ],
        "OUTPUT_FILE": "/Users/maples/GitHub/mortalitree_testing/notebooks/single_tiles/prefire/17/22370/51403.geojson",
        "OUTPUT_STATUS_DIR": "prefire",
        "FEATURE_COUNT": 458
      },
      "geometry": {
        "type": "Polygon",
        "coordinates": [
          [
            [
              -118.55679335443253,
              36.14866951389506
            ],
            [
              -118.5567148252352,
              36.14866659448788
            ],
            [
              -118.55671907933207,
              36.1485913243393
            ],
            [
              -118.55679760845483,
              36.148594243738486
            ],
            [
              -118.55679335443253,
              36.14866951389506
            ]
          ]
        ]
      }
    },
    {
      "id": "3252",
      "type": "Feature",
      "properties": {
        "id": null,
        "SOURCE_FILE": "/Users/maples/GitHub/mortalitree_testing/labels/annayu_mortalitree_prefire_labels.geojson",
        "SUNETID": "annayu",
        "FIRENAME": "CASTLE",
        "FIRE_SLUG": "CASTLE",
        "PREFIRE": 1,
        "PREFIRE_STATUS": "prefire",
        "TILE_Z": 17,
        "TILE_X": 22370,
        "TILE_Y": 51403,
        "TILEXYZ": [
          17,
          22370,
          51403
        ],
        "OUTPUT_FILE": "/Users/maples/GitHub/mortalitree_testing/notebooks/single_tiles/prefire/17/22370/51403.geojson",
        "OUTPUT_STATUS_DIR": "prefire",
        "FEATURE_COUNT": 458
      },
      "geometry": {
        "type": "Polygon",
        "coordinates": [
          [
            [
              -118.55697121940327,
              36.148940125101106
            ],
            [
              -118.55688555087352,
              36.148936940397505
            ],
            [
              -118.55688816870666,
              36.14889062029757
            ],
            [
              -118.55697383718633,
              36.148893804995794
            ],
            [
              -118.55697121940327,
              36.148940125101106
            ]
          ]
        ]
      }
    },
    {
      "id": "3253",
      "type": "Feature",
      "properties": {
        "id": null,
        "SOURCE_FILE": "/Users/maples/GitHub/mortalitree_testing/labels/annayu_mortalitree_prefire_labels.geojson",
        "SUNETID": "annayu",
        "FIRENAME": "CASTLE",
        "FIRE_SLUG": "CASTLE",
        "PREFIRE": 1,
        "PREFIRE_STATUS": "prefire",
        "TILE_Z": 17,
        "TILE_X": 22370,
        "TILE_Y": 51403,
        "TILEXYZ": [
          17,
          22370,
          51403
        ],
        "OUTPUT_FILE": "/Users/maples/GitHub/mortalitree_testing/notebooks/single_tiles/prefire/17/22370/51403.geojson",
        "OUTPUT_STATUS_DIR": "prefire",
        "FEATURE_COUNT": 458
      },
      "geometry": {
        "type": "Polygon",
        "coordinates": [
          [
            [
              -118.55703551623704,
              36.14849864868462
            ],
            [
              -118.55695698718418,
              36.148495729448065
            ],
            [
              -118.55696058658735,
              36.14843203929965
            ],
            [
              -118.55703911557711,
              36.148434958529435
            ],
            [
              -118.55703551623704,
              36.14849864868462
            ]
          ]
        ]
      }
    },
    {
      "id": "3254",
      "type": "Feature",
      "properties": {
        "id": null,
        "SOURCE_FILE": "/Users/maples/GitHub/mortalitree_testing/labels/annayu_mortalitree_prefire_labels.geojson",
        "SUNETID": "annayu",
        "FIRENAME": "CASTLE",
        "FIRE_SLUG": "CASTLE",
        "PREFIRE": 1,
        "PREFIRE_STATUS": "prefire",
        "TILE_Z": 17,
        "TILE_X": 22370,
        "TILE_Y": 51403,
        "TILEXYZ": [
          17,
          22370,
          51403
        ],
        "OUTPUT_FILE": "/Users/maples/GitHub/mortalitree_testing/notebooks/single_tiles/prefire/17/22370/51403.geojson",
        "OUTPUT_STATUS_DIR": "prefire",
        "FEATURE_COUNT": 458
      },
      "geometry": {
        "type": "Polygon",
        "coordinates": [
          [
            [
              -118.55696271350207,
              36.14839440421148
            ],
            [
              -118.55691274053822,
              36.14839254649564
            ],
            [
              -118.55691470386252,
              36.1483578064163
            ],
            [
              -118.55696467680448,
              36.14835966412979
            ],
            [
              -118.55696271350207,
              36.14839440421148
            ]
          ]
        ]
      }
    },
    {
      "id": "3255",
      "type": "Feature",
      "properties": {
        "id": null,
        "SOURCE_FILE": "/Users/maples/GitHub/mortalitree_testing/labels/annayu_mortalitree_prefire_labels.geojson",
        "SUNETID": "annayu",
        "FIRENAME": "CASTLE",
        "FIRE_SLUG": "CASTLE",
        "PREFIRE": 1,
        "PREFIRE_STATUS": "prefire",
        "TILE_Z": 17,
        "TILE_X": 22370,
        "TILE_Y": 51403,
        "TILEXYZ": [
          17,
          22370,
          51403
        ],
        "OUTPUT_FILE": "/Users/maples/GitHub/mortalitree_testing/notebooks/single_tiles/prefire/17/22370/51403.geojson",
        "OUTPUT_STATUS_DIR": "prefire",
        "FEATURE_COUNT": 458
      },
      "geometry": {
        "type": "Polygon",
        "coordinates": [
          [
            [
              -118.55698268789261,
              36.14835743258698
            ],
            [
              -118.55693985394223,
              36.14835584026891
            ],
            [
              -118.55694214446993,
              36.148315310174596
            ],
            [
              -118.55698497839838,
              36.14831690249029
            ],
            [
              -118.55698268789261,
              36.14835743258698
            ]
          ]
        ]
      }
    },
    {
      "id": "3256",
      "type": "Feature",
      "properties": {
        "id": null,
        "SOURCE_FILE": "/Users/maples/GitHub/mortalitree_testing/labels/annayu_mortalitree_prefire_labels.geojson",
        "SUNETID": "annayu",
        "FIRENAME": "CASTLE",
        "FIRE_SLUG": "CASTLE",
        "PREFIRE": 1,
        "PREFIRE_STATUS": "prefire",
        "TILE_Z": 17,
        "TILE_X": 22370,
        "TILE_Y": 51403,
        "TILEXYZ": [
          17,
          22370,
          51403
        ],
        "OUTPUT_FILE": "/Users/maples/GitHub/mortalitree_testing/notebooks/single_tiles/prefire/17/22370/51403.geojson",
        "OUTPUT_STATUS_DIR": "prefire",
        "FEATURE_COUNT": 458
      },
      "geometry": {
        "type": "Polygon",
        "coordinates": [
          [
            [
              -118.55740217765201,
              36.14821346605714
            ],
            [
              -118.5572879539354,
              36.148209220256376
            ],
            [
              -118.55729384336236,
              36.148104999961106
            ],
            [
              -118.55740806692874,
              36.14810924574577
            ],
            [
              -118.55740217765201,
              36.14821346605714
            ]
          ]
        ]
      }
    },
    {
      "id": "3257",
      "type": "Feature",
      "properties": {
        "id": null,
        "SOURCE_FILE": "/Users/maples/GitHub/mortalitree_testing/labels/annayu_mortalitree_prefire_labels.geojson",
        "SUNETID": "annayu",
        "FIRENAME": "CASTLE",
        "FIRE_SLUG": "CASTLE",
        "PREFIRE": 1,
        "PREFIRE_STATUS": "prefire",
        "TILE_Z": 17,
        "TILE_X": 22370,
        "TILE_Y": 51403,
        "TILEXYZ": [
          17,
          22370,
          51403
        ],
        "OUTPUT_FILE": "/Users/maples/GitHub/mortalitree_testing/notebooks/single_tiles/prefire/17/22370/51403.geojson",
        "OUTPUT_STATUS_DIR": "prefire",
        "FEATURE_COUNT": 458
      },
      "geometry": {
        "type": "Polygon",
        "coordinates": [
          [
            [
              -118.55857214639137,
              36.14865149691317
            ],
            [
              -118.55852217315505,
              36.14864963985759
            ],
            [
              -118.55852446289325,
              36.148609109678034
            ],
            [
              -118.55857443610401,
              36.14861096673088
            ],
            [
              -118.55857214639137,
              36.14865149691317
            ]
          ]
        ]
      }
    },
    {
      "id": "3258",
      "type": "Feature",
      "properties": {
        "id": null,
        "SOURCE_FILE": "/Users/maples/GitHub/mortalitree_testing/labels/annayu_mortalitree_prefire_labels.geojson",
        "SUNETID": "annayu",
        "FIRENAME": "CASTLE",
        "FIRE_SLUG": "CASTLE",
        "PREFIRE": 1,
        "PREFIRE_STATUS": "prefire",
        "TILE_Z": 17,
        "TILE_X": 22370,
        "TILE_Y": 51403,
        "TILEXYZ": [
          17,
          22370,
          51403
        ],
        "OUTPUT_FILE": "/Users/maples/GitHub/mortalitree_testing/notebooks/single_tiles/prefire/17/22370/51403.geojson",
        "OUTPUT_STATUS_DIR": "prefire",
        "FEATURE_COUNT": 458
      },
      "geometry": {
        "type": "Polygon",
        "coordinates": [
          [
            [
              -118.55851536122792,
              36.14864358453667
            ],
            [
              -118.55845824896834,
              36.14864146215905
            ],
            [
              -118.55846021162894,
              36.148606722008154
            ],
            [
              -118.55851732386348,
              36.14860884438307
            ],
            [
              -118.55851536122792,
              36.14864358453667
            ]
          ]
        ]
      }
    },
    {
      "id": "3259",
      "type": "Feature",
      "properties": {
        "id": null,
        "SOURCE_FILE": "/Users/maples/GitHub/mortalitree_testing/labels/annayu_mortalitree_prefire_labels.geojson",
        "SUNETID": "annayu",
        "FIRENAME": "CASTLE",
        "FIRE_SLUG": "CASTLE",
        "PREFIRE": 1,
        "PREFIRE_STATUS": "prefire",
        "TILE_Z": 17,
        "TILE_X": 22370,
        "TILE_Y": 51403,
        "TILEXYZ": [
          17,
          22370,
          51403
        ],
        "OUTPUT_FILE": "/Users/maples/GitHub/mortalitree_testing/notebooks/single_tiles/prefire/17/22370/51403.geojson",
        "OUTPUT_STATUS_DIR": "prefire",
        "FEATURE_COUNT": 458
      },
      "geometry": {
        "type": "Polygon",
        "coordinates": [
          [
            [
              -118.55880943356794,
              36.14812361261661
            ],
            [
              -118.55871662672465,
              36.14812016400966
            ],
            [
              -118.55871924340289,
              36.14807384378808
            ],
            [
              -118.55881205019193,
              36.14807729238922
            ],
            [
              -118.55880943356794,
              36.14812361261661
            ]
          ]
        ]
      }
    },
    {
      "id": "3260",
      "type": "Feature",
      "properties": {
        "id": null,
        "SOURCE_FILE": "/Users/maples/GitHub/mortalitree_testing/labels/annayu_mortalitree_prefire_labels.geojson",
        "SUNETID": "annayu",
        "FIRENAME": "CASTLE",
        "FIRE_SLUG": "CASTLE",
        "PREFIRE": 1,
        "PREFIRE_STATUS": "prefire",
        "TILE_Z": 17,
        "TILE_X": 22370,
        "TILE_Y": 51403,
        "TILEXYZ": [
          17,
          22370,
          51403
        ],
        "OUTPUT_FILE": "/Users/maples/GitHub/mortalitree_testing/notebooks/single_tiles/prefire/17/22370/51403.geojson",
        "OUTPUT_STATUS_DIR": "prefire",
        "FEATURE_COUNT": 458
      },
      "geometry": {
        "type": "Polygon",
        "coordinates": [
          [
            [
              -118.55854575311838,
              36.14816893505755
            ],
            [
              -118.5584600852439,
              36.14816575153854
            ],
            [
              -118.55846401049182,
              36.148096271230756
            ],
            [
              -118.55854967829119,
              36.1480994547417
            ],
            [
              -118.55854575311838,
              36.14816893505755
            ]
          ]
        ]
      }
    },
    {
      "id": "3261",
      "type": "Feature",
      "properties": {
        "id": null,
        "SOURCE_FILE": "/Users/maples/GitHub/mortalitree_testing/labels/annayu_mortalitree_prefire_labels.geojson",
        "SUNETID": "annayu",
        "FIRENAME": "CASTLE",
        "FIRE_SLUG": "CASTLE",
        "PREFIRE": 1,
        "PREFIRE_STATUS": "prefire",
        "TILE_Z": 17,
        "TILE_X": 22370,
        "TILE_Y": 51403,
        "TILEXYZ": [
          17,
          22370,
          51403
        ],
        "OUTPUT_FILE": "/Users/maples/GitHub/mortalitree_testing/notebooks/single_tiles/prefire/17/22370/51403.geojson",
        "OUTPUT_STATUS_DIR": "prefire",
        "FEATURE_COUNT": 458
      },
      "geometry": {
        "type": "Polygon",
        "coordinates": [
          [
            [
              -118.55856264787379,
              36.14812314542678
            ],
            [
              -118.55849125801733,
              36.14812049251146
            ],
            [
              -118.5584948561306,
              36.14805680222621
            ],
            [
              -118.55856624592971,
              36.14805945513536
            ],
            [
              -118.55856264787379,
              36.14812314542678
            ]
          ]
        ]
      }
    },
    {
      "id": "3262",
      "type": "Feature",
      "properties": {
        "id": null,
        "SOURCE_FILE": "/Users/maples/GitHub/mortalitree_testing/labels/annayu_mortalitree_prefire_labels.geojson",
        "SUNETID": "annayu",
        "FIRENAME": "CASTLE",
        "FIRE_SLUG": "CASTLE",
        "PREFIRE": 1,
        "PREFIRE_STATUS": "prefire",
        "TILE_Z": 17,
        "TILE_X": 22370,
        "TILE_Y": 51403,
        "TILEXYZ": [
          17,
          22370,
          51403
        ],
        "OUTPUT_FILE": "/Users/maples/GitHub/mortalitree_testing/notebooks/single_tiles/prefire/17/22370/51403.geojson",
        "OUTPUT_STATUS_DIR": "prefire",
        "FEATURE_COUNT": 458
      },
      "geometry": {
        "type": "Polygon",
        "coordinates": [
          [
            [
              -118.55852779928462,
              36.14804352097496
            ],
            [
              -118.55842071461673,
              36.14803954156246
            ],
            [
              -118.55842398567142,
              36.14798164130792
            ],
            [
              -118.5585310702611,
              36.14798562071203
            ],
            [
              -118.55852779928462,
              36.14804352097496
            ]
          ]
        ]
      }
    },
    {
      "id": "3263",
      "type": "Feature",
      "properties": {
        "id": null,
        "SOURCE_FILE": "/Users/maples/GitHub/mortalitree_testing/labels/annayu_mortalitree_prefire_labels.geojson",
        "SUNETID": "annayu",
        "FIRENAME": "CASTLE",
        "FIRE_SLUG": "CASTLE",
        "PREFIRE": 1,
        "PREFIRE_STATUS": "prefire",
        "TILE_Z": 17,
        "TILE_X": 22370,
        "TILE_Y": 51403,
        "TILEXYZ": [
          17,
          22370,
          51403
        ],
        "OUTPUT_FILE": "/Users/maples/GitHub/mortalitree_testing/notebooks/single_tiles/prefire/17/22370/51403.geojson",
        "OUTPUT_STATUS_DIR": "prefire",
        "FEATURE_COUNT": 458
      },
      "geometry": {
        "type": "Polygon",
        "coordinates": [
          [
            [
              -118.5579488589838,
              36.148097433959045
            ],
            [
              -118.55787033023336,
              36.148094515349186
            ],
            [
              -118.5578745831371,
              36.14801924507514
            ],
            [
              -118.55795311181296,
              36.148022163677
            ],
            [
              -118.5579488589838,
              36.148097433959045
            ]
          ]
        ]
      }
    },
    {
      "id": "3264",
      "type": "Feature",
      "properties": {
        "id": null,
        "SOURCE_FILE": "/Users/maples/GitHub/mortalitree_testing/labels/annayu_mortalitree_prefire_labels.geojson",
        "SUNETID": "annayu",
        "FIRENAME": "CASTLE",
        "FIRE_SLUG": "CASTLE",
        "PREFIRE": 1,
        "PREFIRE_STATUS": "prefire",
        "TILE_Z": 17,
        "TILE_X": 22370,
        "TILE_Y": 51403,
        "TILEXYZ": [
          17,
          22370,
          51403
        ],
        "OUTPUT_FILE": "/Users/maples/GitHub/mortalitree_testing/notebooks/single_tiles/prefire/17/22370/51403.geojson",
        "OUTPUT_STATUS_DIR": "prefire",
        "FEATURE_COUNT": 458
      },
      "geometry": {
        "type": "Polygon",
        "coordinates": [
          [
            [
              -118.55798809432679,
              36.148162716147695
            ],
            [
              -118.55790956550707,
              36.14815979755903
            ],
            [
              -118.55791381838348,
              36.14808452728181
            ],
            [
              -118.55799234712862,
              36.148087445862465
            ],
            [
              -118.55798809432679,
              36.148162716147695
            ]
          ]
        ]
      }
    },
    {
      "id": "3265",
      "type": "Feature",
      "properties": {
        "id": null,
        "SOURCE_FILE": "/Users/maples/GitHub/mortalitree_testing/labels/annayu_mortalitree_prefire_labels.geojson",
        "SUNETID": "annayu",
        "FIRENAME": "CASTLE",
        "FIRE_SLUG": "CASTLE",
        "PREFIRE": 1,
        "PREFIRE_STATUS": "prefire",
        "TILE_Z": 17,
        "TILE_X": 22370,
        "TILE_Y": 51403,
        "TILEXYZ": [
          17,
          22370,
          51403
        ],
        "OUTPUT_FILE": "/Users/maples/GitHub/mortalitree_testing/notebooks/single_tiles/prefire/17/22370/51403.geojson",
        "OUTPUT_STATUS_DIR": "prefire",
        "FEATURE_COUNT": 458
      },
      "geometry": {
        "type": "Polygon",
        "coordinates": [
          [
            [
              -118.5578973848758,
              36.14818545466098
            ],
            [
              -118.55786168995044,
              36.14818412800837
            ],
            [
              -118.55786397998945,
              36.14814359786206
            ],
            [
              -118.55789967489657,
              36.1481449245127
            ],
            [
              -118.5578973848758,
              36.14818545466098
            ]
          ]
        ]
      }
    },
    {
      "id": "3266",
      "type": "Feature",
      "properties": {
        "id": null,
        "SOURCE_FILE": "/Users/maples/GitHub/mortalitree_testing/labels/annayu_mortalitree_prefire_labels.geojson",
        "SUNETID": "annayu",
        "FIRENAME": "CASTLE",
        "FIRE_SLUG": "CASTLE",
        "PREFIRE": 1,
        "PREFIRE_STATUS": "prefire",
        "TILE_Z": 17,
        "TILE_X": 22370,
        "TILE_Y": 51403,
        "TILEXYZ": [
          17,
          22370,
          51403
        ],
        "OUTPUT_FILE": "/Users/maples/GitHub/mortalitree_testing/notebooks/single_tiles/prefire/17/22370/51403.geojson",
        "OUTPUT_STATUS_DIR": "prefire",
        "FEATURE_COUNT": 458
      },
      "geometry": {
        "type": "Polygon",
        "coordinates": [
          [
            [
              -118.55816493332702,
              36.14819829922931
            ],
            [
              -118.55808640445294,
              36.14819538075415
            ],
            [
              -118.55809000290343,
              36.14813169050473
            ],
            [
              -118.55816853171437,
              36.148134608973116
            ],
            [
              -118.55816493332702,
              36.14819829922931
            ]
          ]
        ]
      }
    },
    {
      "id": "3267",
      "type": "Feature",
      "properties": {
        "id": null,
        "SOURCE_FILE": "/Users/maples/GitHub/mortalitree_testing/labels/annayu_mortalitree_prefire_labels.geojson",
        "SUNETID": "annayu",
        "FIRENAME": "CASTLE",
        "FIRE_SLUG": "CASTLE",
        "PREFIRE": 1,
        "PREFIRE_STATUS": "prefire",
        "TILE_Z": 17,
        "TILE_X": 22370,
        "TILE_Y": 51403,
        "TILEXYZ": [
          17,
          22370,
          51403
        ],
        "OUTPUT_FILE": "/Users/maples/GitHub/mortalitree_testing/notebooks/single_tiles/prefire/17/22370/51403.geojson",
        "OUTPUT_STATUS_DIR": "prefire",
        "FEATURE_COUNT": 458
      },
      "geometry": {
        "type": "Polygon",
        "coordinates": [
          [
            [
              -118.55841335470951,
              36.14816981713217
            ],
            [
              -118.55831340887411,
              36.14816610291016
            ],
            [
              -118.55831929693511,
              36.14806188246883
            ],
            [
              -118.55841924263906,
              36.14806559667672
            ],
            [
              -118.55841335470951,
              36.14816981713217
            ]
          ]
        ]
      }
    },
    {
      "id": "3268",
      "type": "Feature",
      "properties": {
        "id": null,
        "SOURCE_FILE": "/Users/maples/GitHub/mortalitree_testing/labels/annayu_mortalitree_prefire_labels.geojson",
        "SUNETID": "annayu",
        "FIRENAME": "CASTLE",
        "FIRE_SLUG": "CASTLE",
        "PREFIRE": 1,
        "PREFIRE_STATUS": "prefire",
        "TILE_Z": 17,
        "TILE_X": 22370,
        "TILE_Y": 51403,
        "TILEXYZ": [
          17,
          22370,
          51403
        ],
        "OUTPUT_FILE": "/Users/maples/GitHub/mortalitree_testing/notebooks/single_tiles/prefire/17/22370/51403.geojson",
        "OUTPUT_STATUS_DIR": "prefire",
        "FEATURE_COUNT": 458
      },
      "geometry": {
        "type": "Polygon",
        "coordinates": [
          [
            [
              -118.55843352059827,
              36.14806612727108
            ],
            [
              -118.55838354774271,
              36.148064270183454
            ],
            [
              -118.55838583750315,
              36.148023740007574
            ],
            [
              -118.55843581033317,
              36.14802559709247
            ],
            [
              -118.55843352059827,
              36.14806612727108
            ]
          ]
        ]
      }
    },
    {
      "id": "3269",
      "type": "Feature",
      "properties": {
        "id": null,
        "SOURCE_FILE": "/Users/maples/GitHub/mortalitree_testing/labels/annayu_mortalitree_prefire_labels.geojson",
        "SUNETID": "annayu",
        "FIRENAME": "CASTLE",
        "FIRE_SLUG": "CASTLE",
        "PREFIRE": 1,
        "PREFIRE_STATUS": "prefire",
        "TILE_Z": 17,
        "TILE_X": 22370,
        "TILE_Y": 51403,
        "TILEXYZ": [
          17,
          22370,
          51403
        ],
        "OUTPUT_FILE": "/Users/maples/GitHub/mortalitree_testing/notebooks/single_tiles/prefire/17/22370/51403.geojson",
        "OUTPUT_STATUS_DIR": "prefire",
        "FEATURE_COUNT": 458
      },
      "geometry": {
        "type": "Polygon",
        "coordinates": [
          [
            [
              -118.5585028414677,
              36.14797876952082
            ],
            [
              -118.55844572969109,
              36.147976647170715
            ],
            [
              -118.5584486736174,
              36.14792453693934
            ],
            [
              -118.55850578535647,
              36.14792665928542
            ],
            [
              -118.5585028414677,
              36.14797876952082
            ]
          ]
        ]
      }
    },
    {
      "id": "3270",
      "type": "Feature",
      "properties": {
        "id": null,
        "SOURCE_FILE": "/Users/maples/GitHub/mortalitree_testing/labels/annayu_mortalitree_prefire_labels.geojson",
        "SUNETID": "annayu",
        "FIRENAME": "CASTLE",
        "FIRE_SLUG": "CASTLE",
        "PREFIRE": 1,
        "PREFIRE_STATUS": "prefire",
        "TILE_Z": 17,
        "TILE_X": 22370,
        "TILE_Y": 51403,
        "TILEXYZ": [
          17,
          22370,
          51403
        ],
        "OUTPUT_FILE": "/Users/maples/GitHub/mortalitree_testing/notebooks/single_tiles/prefire/17/22370/51403.geojson",
        "OUTPUT_STATUS_DIR": "prefire",
        "FEATURE_COUNT": 458
      },
      "geometry": {
        "type": "Polygon",
        "coordinates": [
          [
            [
              -118.5584543406246,
              36.1479508573501
            ],
            [
              -118.55836867299793,
              36.14794767378219
            ],
            [
              -118.55837259829516,
              36.147878193480494
            ],
            [
              -118.55845826584672,
              36.147881377040356
            ],
            [
              -118.5584543406246,
              36.1479508573501
            ]
          ]
        ]
      }
    },
    {
      "id": "3271",
      "type": "Feature",
      "properties": {
        "id": null,
        "SOURCE_FILE": "/Users/maples/GitHub/mortalitree_testing/labels/annayu_mortalitree_prefire_labels.geojson",
        "SUNETID": "annayu",
        "FIRENAME": "CASTLE",
        "FIRE_SLUG": "CASTLE",
        "PREFIRE": 1,
        "PREFIRE_STATUS": "prefire",
        "TILE_Z": 17,
        "TILE_X": 22370,
        "TILE_Y": 51403,
        "TILEXYZ": [
          17,
          22370,
          51403
        ],
        "OUTPUT_FILE": "/Users/maples/GitHub/mortalitree_testing/notebooks/single_tiles/prefire/17/22370/51403.geojson",
        "OUTPUT_STATUS_DIR": "prefire",
        "FEATURE_COUNT": 458
      },
      "geometry": {
        "type": "Polygon",
        "coordinates": [
          [
            [
              -118.55844442127695,
              36.14799980727332
            ],
            [
              -118.55835161462558,
              36.14799635839364
            ],
            [
              -118.55835553994484,
              36.14792687809412
            ],
            [
              -118.55844834651487,
              36.14793032696508
            ],
            [
              -118.55844442127695,
              36.14799980727332
            ]
          ]
        ]
      }
    },
    {
      "id": "3272",
      "type": "Feature",
      "properties": {
        "id": null,
        "SOURCE_FILE": "/Users/maples/GitHub/mortalitree_testing/labels/annayu_mortalitree_prefire_labels.geojson",
        "SUNETID": "annayu",
        "FIRENAME": "CASTLE",
        "FIRE_SLUG": "CASTLE",
        "PREFIRE": 1,
        "PREFIRE_STATUS": "prefire",
        "TILE_Z": 17,
        "TILE_X": 22370,
        "TILE_Y": 51403,
        "TILEXYZ": [
          17,
          22370,
          51403
        ],
        "OUTPUT_FILE": "/Users/maples/GitHub/mortalitree_testing/notebooks/single_tiles/prefire/17/22370/51403.geojson",
        "OUTPUT_STATUS_DIR": "prefire",
        "FEATURE_COUNT": 458
      },
      "geometry": {
        "type": "Polygon",
        "coordinates": [
          [
            [
              -118.55833959772096,
              36.1480191205406
            ],
            [
              -118.55827534695402,
              36.14801673280497
            ],
            [
              -118.55827763676619,
              36.147976202634744
            ],
            [
              -118.55834188750026,
              36.14797859036686
            ],
            [
              -118.55833959772096,
              36.1480191205406
            ]
          ]
        ]
      }
    },
    {
      "id": "3273",
      "type": "Feature",
      "properties": {
        "id": null,
        "SOURCE_FILE": "/Users/maples/GitHub/mortalitree_testing/labels/annayu_mortalitree_prefire_labels.geojson",
        "SUNETID": "annayu",
        "FIRENAME": "CASTLE",
        "FIRE_SLUG": "CASTLE",
        "PREFIRE": 1,
        "PREFIRE_STATUS": "prefire",
        "TILE_Z": 17,
        "TILE_X": 22370,
        "TILE_Y": 51403,
        "TILEXYZ": [
          17,
          22370,
          51403
        ],
        "OUTPUT_FILE": "/Users/maples/GitHub/mortalitree_testing/notebooks/single_tiles/prefire/17/22370/51403.geojson",
        "OUTPUT_STATUS_DIR": "prefire",
        "FEATURE_COUNT": 458
      },
      "geometry": {
        "type": "Polygon",
        "coordinates": [
          [
            [
              -118.55837657231844,
              36.14806110987099
            ],
            [
              -118.55831946049193,
              36.14805898745653
            ],
            [
              -118.55832240451066,
              36.14800687723483
            ],
            [
              -118.55837951629962,
              36.14800899964527
            ],
            [
              -118.55837657231844,
              36.14806110987099
            ]
          ]
        ]
      }
    },
    {
      "id": "3274",
      "type": "Feature",
      "properties": {
        "id": null,
        "SOURCE_FILE": "/Users/maples/GitHub/mortalitree_testing/labels/annayu_mortalitree_prefire_labels.geojson",
        "SUNETID": "annayu",
        "FIRENAME": "CASTLE",
        "FIRE_SLUG": "CASTLE",
        "PREFIRE": 1,
        "PREFIRE_STATUS": "prefire",
        "TILE_Z": 17,
        "TILE_X": 22370,
        "TILE_Y": 51403,
        "TILEXYZ": [
          17,
          22370,
          51403
        ],
        "OUTPUT_FILE": "/Users/maples/GitHub/mortalitree_testing/notebooks/single_tiles/prefire/17/22370/51403.geojson",
        "OUTPUT_STATUS_DIR": "prefire",
        "FEATURE_COUNT": 458
      },
      "geometry": {
        "type": "Polygon",
        "coordinates": [
          [
            [
              -118.55831166728558,
              36.14807030220187
            ],
            [
              -118.55825455545745,
              36.14806817975599
            ],
            [
              -118.55825651816673,
              36.14803343961139
            ],
            [
              -118.55831362996982,
              36.14803556205459
            ],
            [
              -118.55831166728558,
              36.14807030220187
            ]
          ]
        ]
      }
    },
    {
      "id": "3275",
      "type": "Feature",
      "properties": {
        "id": null,
        "SOURCE_FILE": "/Users/maples/GitHub/mortalitree_testing/labels/annayu_mortalitree_prefire_labels.geojson",
        "SUNETID": "annayu",
        "FIRENAME": "CASTLE",
        "FIRE_SLUG": "CASTLE",
        "PREFIRE": 1,
        "PREFIRE_STATUS": "prefire",
        "TILE_Z": 17,
        "TILE_X": 22370,
        "TILE_Y": 51403,
        "TILEXYZ": [
          17,
          22370,
          51403
        ],
        "OUTPUT_FILE": "/Users/maples/GitHub/mortalitree_testing/notebooks/single_tiles/prefire/17/22370/51403.geojson",
        "OUTPUT_STATUS_DIR": "prefire",
        "FEATURE_COUNT": 458
      },
      "geometry": {
        "type": "Polygon",
        "coordinates": [
          [
            [
              -118.55823343680976,
              36.14812541672505
            ],
            [
              -118.55816918596541,
              36.14812302892644
            ],
            [
              -118.5581718029658,
              36.14807670873936
            ],
            [
              -118.55823605377259,
              36.148079096533955
            ],
            [
              -118.55823343680976,
              36.14812541672505
            ]
          ]
        ]
      }
    },
    {
      "id": "3276",
      "type": "Feature",
      "properties": {
        "id": null,
        "SOURCE_FILE": "/Users/maples/GitHub/mortalitree_testing/labels/annayu_mortalitree_prefire_labels.geojson",
        "SUNETID": "annayu",
        "FIRENAME": "CASTLE",
        "FIRE_SLUG": "CASTLE",
        "PREFIRE": 1,
        "PREFIRE_STATUS": "prefire",
        "TILE_Z": 17,
        "TILE_X": 22370,
        "TILE_Y": 51403,
        "TILEXYZ": [
          17,
          22370,
          51403
        ],
        "OUTPUT_FILE": "/Users/maples/GitHub/mortalitree_testing/notebooks/single_tiles/prefire/17/22370/51403.geojson",
        "OUTPUT_STATUS_DIR": "prefire",
        "FEATURE_COUNT": 458
      },
      "geometry": {
        "type": "Polygon",
        "coordinates": [
          [
            [
              -118.55820624707053,
              36.14797354955878
            ],
            [
              -118.55812057944809,
              36.14797036581167
            ],
            [
              -118.55812515921933,
              36.147889305487254
            ],
            [
              -118.55821082675415,
              36.14789248922495
            ],
            [
              -118.55820624707053,
              36.14797354955878
            ]
          ]
        ]
      }
    },
    {
      "id": "3277",
      "type": "Feature",
      "properties": {
        "id": null,
        "SOURCE_FILE": "/Users/maples/GitHub/mortalitree_testing/labels/annayu_mortalitree_prefire_labels.geojson",
        "SUNETID": "annayu",
        "FIRENAME": "CASTLE",
        "FIRE_SLUG": "CASTLE",
        "PREFIRE": 1,
        "PREFIRE_STATUS": "prefire",
        "TILE_Z": 17,
        "TILE_X": 22370,
        "TILE_Y": 51403,
        "TILEXYZ": [
          17,
          22370,
          51403
        ],
        "OUTPUT_FILE": "/Users/maples/GitHub/mortalitree_testing/notebooks/single_tiles/prefire/17/22370/51403.geojson",
        "OUTPUT_STATUS_DIR": "prefire",
        "FEATURE_COUNT": 458
      },
      "geometry": {
        "type": "Polygon",
        "coordinates": [
          [
            [
              -118.55833330526868,
              36.147940557252724
            ],
            [
              -118.55821908180316,
              36.14793631236754
            ],
            [
              -118.55822398858548,
              36.14784946200774
            ],
            [
              -118.55833821192583,
              36.147853706879495
            ],
            [
              -118.55833330526868,
              36.147940557252724
            ]
          ]
        ]
      }
    },
    {
      "id": "3278",
      "type": "Feature",
      "properties": {
        "id": null,
        "SOURCE_FILE": "/Users/maples/GitHub/mortalitree_testing/labels/annayu_mortalitree_prefire_labels.geojson",
        "SUNETID": "annayu",
        "FIRENAME": "CASTLE",
        "FIRE_SLUG": "CASTLE",
        "PREFIRE": 1,
        "PREFIRE_STATUS": "prefire",
        "TILE_Z": 17,
        "TILE_X": 22370,
        "TILE_Y": 51403,
        "TILEXYZ": [
          17,
          22370,
          51403
        ],
        "OUTPUT_FILE": "/Users/maples/GitHub/mortalitree_testing/notebooks/single_tiles/prefire/17/22370/51403.geojson",
        "OUTPUT_STATUS_DIR": "prefire",
        "FEATURE_COUNT": 458
      },
      "geometry": {
        "type": "Polygon",
        "coordinates": [
          [
            [
              -118.5581893521539,
              36.14801933912766
            ],
            [
              -118.55810368448361,
              36.148016155365
            ],
            [
              -118.55810662864047,
              36.147964045158226
            ],
            [
              -118.55819229625442,
              36.147967228914816
            ],
            [
              -118.5581893521539,
              36.14801933912766
            ]
          ]
        ]
      }
    },
    {
      "id": "3279",
      "type": "Feature",
      "properties": {
        "id": null,
        "SOURCE_FILE": "/Users/maples/GitHub/mortalitree_testing/labels/annayu_mortalitree_prefire_labels.geojson",
        "SUNETID": "annayu",
        "FIRENAME": "CASTLE",
        "FIRE_SLUG": "CASTLE",
        "PREFIRE": 1,
        "PREFIRE_STATUS": "prefire",
        "TILE_Z": 17,
        "TILE_X": 22370,
        "TILE_Y": 51403,
        "TILEXYZ": [
          17,
          22370,
          51403
        ],
        "OUTPUT_FILE": "/Users/maples/GitHub/mortalitree_testing/notebooks/single_tiles/prefire/17/22370/51403.geojson",
        "OUTPUT_STATUS_DIR": "prefire",
        "FEATURE_COUNT": 458
      },
      "geometry": {
        "type": "Polygon",
        "coordinates": [
          [
            [
              -118.5582513130871,
              36.14806225707817
            ],
            [
              -118.55817278433945,
              36.14805933866907
            ],
            [
              -118.55817638270217,
              36.14799564841071
            ],
            [
              -118.55825491138671,
              36.14799856681306
            ],
            [
              -118.5582513130871,
              36.14806225707817
            ]
          ]
        ]
      }
    },
    {
      "id": "3280",
      "type": "Feature",
      "properties": {
        "id": null,
        "SOURCE_FILE": "/Users/maples/GitHub/mortalitree_testing/labels/annayu_mortalitree_prefire_labels.geojson",
        "SUNETID": "annayu",
        "FIRENAME": "CASTLE",
        "FIRE_SLUG": "CASTLE",
        "PREFIRE": 1,
        "PREFIRE_STATUS": "prefire",
        "TILE_Z": 17,
        "TILE_X": 22370,
        "TILE_Y": 51403,
        "TILEXYZ": [
          17,
          22370,
          51403
        ],
        "OUTPUT_FILE": "/Users/maples/GitHub/mortalitree_testing/notebooks/single_tiles/prefire/17/22370/51403.geojson",
        "OUTPUT_STATUS_DIR": "prefire",
        "FEATURE_COUNT": 458
      },
      "geometry": {
        "type": "Polygon",
        "coordinates": [
          [
            [
              -118.55814599872646,
              36.14809025520133
            ],
            [
              -118.55801749711797,
              36.14808547947991
            ],
            [
              -118.55802338555307,
              36.1479812590791
            ],
            [
              -118.55815188699258,
              36.14798603478239
            ],
            [
              -118.55814599872646,
              36.14809025520133
            ]
          ]
        ]
      }
    },
    {
      "id": "3281",
      "type": "Feature",
      "properties": {
        "id": null,
        "SOURCE_FILE": "/Users/maples/GitHub/mortalitree_testing/labels/annayu_mortalitree_prefire_labels.geojson",
        "SUNETID": "annayu",
        "FIRENAME": "CASTLE",
        "FIRE_SLUG": "CASTLE",
        "PREFIRE": 1,
        "PREFIRE_STATUS": "prefire",
        "TILE_Z": 17,
        "TILE_X": 22370,
        "TILE_Y": 51403,
        "TILEXYZ": [
          17,
          22370,
          51403
        ],
        "OUTPUT_FILE": "/Users/maples/GitHub/mortalitree_testing/notebooks/single_tiles/prefire/17/22370/51403.geojson",
        "OUTPUT_STATUS_DIR": "prefire",
        "FEATURE_COUNT": 458
      },
      "geometry": {
        "type": "Polygon",
        "coordinates": [
          [
            [
              -118.55807022162034,
              36.14810194443704
            ],
            [
              -118.55800597080939,
              36.14809955655218
            ],
            [
              -118.55800924217613,
              36.148041656330875
            ],
            [
              -118.55807349294011,
              36.1480440442107
            ],
            [
              -118.55807022162034,
              36.14810194443704
            ]
          ]
        ]
      }
    },
    {
      "id": "3282",
      "type": "Feature",
      "properties": {
        "id": null,
        "SOURCE_FILE": "/Users/maples/GitHub/mortalitree_testing/labels/annayu_mortalitree_prefire_labels.geojson",
        "SUNETID": "annayu",
        "FIRENAME": "CASTLE",
        "FIRE_SLUG": "CASTLE",
        "PREFIRE": 1,
        "PREFIRE_STATUS": "prefire",
        "TILE_Z": 17,
        "TILE_X": 22370,
        "TILE_Y": 51403,
        "TILEXYZ": [
          17,
          22370,
          51403
        ],
        "OUTPUT_FILE": "/Users/maples/GitHub/mortalitree_testing/notebooks/single_tiles/prefire/17/22370/51403.geojson",
        "OUTPUT_STATUS_DIR": "prefire",
        "FEATURE_COUNT": 458
      },
      "geometry": {
        "type": "Polygon",
        "coordinates": [
          [
            [
              -118.55802450152808,
              36.14802481690692
            ],
            [
              -118.55796738975525,
              36.14802269432638
            ],
            [
              -118.55796967972636,
              36.147982164173165
            ],
            [
              -118.55802679147,
              36.14798428675057
            ],
            [
              -118.55802450152808,
              36.14802481690692
            ]
          ]
        ]
      }
    },
    {
      "id": "3283",
      "type": "Feature",
      "properties": {
        "id": null,
        "SOURCE_FILE": "/Users/maples/GitHub/mortalitree_testing/labels/annayu_mortalitree_prefire_labels.geojson",
        "SUNETID": "annayu",
        "FIRENAME": "CASTLE",
        "FIRE_SLUG": "CASTLE",
        "PREFIRE": 1,
        "PREFIRE_STATUS": "prefire",
        "TILE_Z": 17,
        "TILE_X": 22370,
        "TILE_Y": 51403,
        "TILEXYZ": [
          17,
          22370,
          51403
        ],
        "OUTPUT_FILE": "/Users/maples/GitHub/mortalitree_testing/notebooks/single_tiles/prefire/17/22370/51403.geojson",
        "OUTPUT_STATUS_DIR": "prefire",
        "FEATURE_COUNT": 458
      },
      "geometry": {
        "type": "Polygon",
        "coordinates": [
          [
            [
              -118.55800979089013,
              36.1479053254868
            ],
            [
              -118.55795981816537,
              36.147903468229444
            ],
            [
              -118.55796341667975,
              36.14783977798788
            ],
            [
              -118.55801338936438,
              36.14784163524093
            ],
            [
              -118.55800979089013,
              36.1479053254868
            ]
          ]
        ]
      }
    },
    {
      "id": "3284",
      "type": "Feature",
      "properties": {
        "id": null,
        "SOURCE_FILE": "/Users/maples/GitHub/mortalitree_testing/labels/annayu_mortalitree_prefire_labels.geojson",
        "SUNETID": "annayu",
        "FIRENAME": "CASTLE",
        "FIRE_SLUG": "CASTLE",
        "PREFIRE": 1,
        "PREFIRE_STATUS": "prefire",
        "TILE_Z": 17,
        "TILE_X": 22370,
        "TILE_Y": 51403,
        "TILEXYZ": [
          17,
          22370,
          51403
        ],
        "OUTPUT_FILE": "/Users/maples/GitHub/mortalitree_testing/notebooks/single_tiles/prefire/17/22370/51403.geojson",
        "OUTPUT_STATUS_DIR": "prefire",
        "FEATURE_COUNT": 458
      },
      "geometry": {
        "type": "Polygon",
        "coordinates": [
          [
            [
              -118.55813216351333,
              36.14782864289953
            ],
            [
              -118.5579965233805,
              36.147823601871856
            ],
            [
              -118.55800208465404,
              36.14772517149188
            ],
            [
              -118.55813772461843,
              36.14773021250148
            ],
            [
              -118.55813216351333,
              36.14782864289953
            ]
          ]
        ]
      }
    },
    {
      "id": "3285",
      "type": "Feature",
      "properties": {
        "id": null,
        "SOURCE_FILE": "/Users/maples/GitHub/mortalitree_testing/labels/annayu_mortalitree_prefire_labels.geojson",
        "SUNETID": "annayu",
        "FIRENAME": "CASTLE",
        "FIRE_SLUG": "CASTLE",
        "PREFIRE": 1,
        "PREFIRE_STATUS": "prefire",
        "TILE_Z": 17,
        "TILE_X": 22370,
        "TILE_Y": 51403,
        "TILEXYZ": [
          17,
          22370,
          51403
        ],
        "OUTPUT_FILE": "/Users/maples/GitHub/mortalitree_testing/notebooks/single_tiles/prefire/17/22370/51403.geojson",
        "OUTPUT_STATUS_DIR": "prefire",
        "FEATURE_COUNT": 458
      },
      "geometry": {
        "type": "Polygon",
        "coordinates": [
          [
            [
              -118.55807567719103,
              36.147878763244464
            ],
            [
              -118.55797573177081,
              36.14787504876628
            ],
            [
              -118.5579793302686,
              36.14781135852305
            ],
            [
              -118.55807927560849,
              36.1478150729926
            ],
            [
              -118.55807567719103,
              36.147878763244464
            ]
          ]
        ]
      }
    },
    {
      "id": "3286",
      "type": "Feature",
      "properties": {
        "id": null,
        "SOURCE_FILE": "/Users/maples/GitHub/mortalitree_testing/labels/annayu_mortalitree_prefire_labels.geojson",
        "SUNETID": "annayu",
        "FIRENAME": "CASTLE",
        "FIRE_SLUG": "CASTLE",
        "PREFIRE": 1,
        "PREFIRE_STATUS": "prefire",
        "TILE_Z": 17,
        "TILE_X": 22370,
        "TILE_Y": 51403,
        "TILEXYZ": [
          17,
          22370,
          51403
        ],
        "OUTPUT_FILE": "/Users/maples/GitHub/mortalitree_testing/notebooks/single_tiles/prefire/17/22370/51403.geojson",
        "OUTPUT_STATUS_DIR": "prefire",
        "FEATURE_COUNT": 458
      },
      "geometry": {
        "type": "Polygon",
        "coordinates": [
          [
            [
              -118.55805758951372,
              36.14769242124519
            ],
            [
              -118.55799333903792,
              36.14769003337675
            ],
            [
              -118.5579972646292,
              36.14762055310754
            ],
            [
              -118.55806151504869,
              36.14762294096993
            ],
            [
              -118.55805758951372,
              36.14769242124519
            ]
          ]
        ]
      }
    },
    {
      "id": "3287",
      "type": "Feature",
      "properties": {
        "id": null,
        "SOURCE_FILE": "/Users/maples/GitHub/mortalitree_testing/labels/annayu_mortalitree_prefire_labels.geojson",
        "SUNETID": "annayu",
        "FIRENAME": "CASTLE",
        "FIRE_SLUG": "CASTLE",
        "PREFIRE": 1,
        "PREFIRE_STATUS": "prefire",
        "TILE_Z": 17,
        "TILE_X": 22370,
        "TILE_Y": 51403,
        "TILEXYZ": [
          17,
          22370,
          51403
        ],
        "OUTPUT_FILE": "/Users/maples/GitHub/mortalitree_testing/notebooks/single_tiles/prefire/17/22370/51403.geojson",
        "OUTPUT_STATUS_DIR": "prefire",
        "FEATURE_COUNT": 458
      },
      "geometry": {
        "type": "Polygon",
        "coordinates": [
          [
            [
              -118.55794225050596,
              36.14764461829519
            ],
            [
              -118.55787800007919,
              36.14764223036759
            ],
            [
              -118.55788192576534,
              36.14757275010871
            ],
            [
              -118.55794617613579,
              36.14757513803026
            ],
            [
              -118.55794225050596,
              36.14764461829519
            ]
          ]
        ]
      }
    },
    {
      "id": "3288",
      "type": "Feature",
      "properties": {
        "id": null,
        "SOURCE_FILE": "/Users/maples/GitHub/mortalitree_testing/labels/annayu_mortalitree_prefire_labels.geojson",
        "SUNETID": "annayu",
        "FIRENAME": "CASTLE",
        "FIRE_SLUG": "CASTLE",
        "PREFIRE": 1,
        "PREFIRE_STATUS": "prefire",
        "TILE_Z": 17,
        "TILE_X": 22370,
        "TILE_Y": 51403,
        "TILEXYZ": [
          17,
          22370,
          51403
        ],
        "OUTPUT_FILE": "/Users/maples/GitHub/mortalitree_testing/notebooks/single_tiles/prefire/17/22370/51403.geojson",
        "OUTPUT_STATUS_DIR": "prefire",
        "FEATURE_COUNT": 458
      },
      "geometry": {
        "type": "Polygon",
        "coordinates": [
          [
            [
              -118.55800895442529,
              36.14760358101925
            ],
            [
              -118.55793042616072,
              36.14760066248298
            ],
            [
              -118.55793435179467,
              36.14753118221868
            ],
            [
              -118.55801287999037,
              36.14753410074755
            ],
            [
              -118.55800895442529,
              36.14760358101925
            ]
          ]
        ]
      }
    },
    {
      "id": "3289",
      "type": "Feature",
      "properties": {
        "id": null,
        "SOURCE_FILE": "/Users/maples/GitHub/mortalitree_testing/labels/annayu_mortalitree_prefire_labels.geojson",
        "SUNETID": "annayu",
        "FIRENAME": "CASTLE",
        "FIRE_SLUG": "CASTLE",
        "PREFIRE": 1,
        "PREFIRE_STATUS": "prefire",
        "TILE_Z": 17,
        "TILE_X": 22370,
        "TILE_Y": 51403,
        "TILEXYZ": [
          17,
          22370,
          51403
        ],
        "OUTPUT_FILE": "/Users/maples/GitHub/mortalitree_testing/notebooks/single_tiles/prefire/17/22370/51403.geojson",
        "OUTPUT_STATUS_DIR": "prefire",
        "FEATURE_COUNT": 458
      },
      "geometry": {
        "type": "Polygon",
        "coordinates": [
          [
            [
              -118.55790063822936,
              36.147811334963734
            ],
            [
              -118.55782924871973,
              36.14780868167342
            ],
            [
              -118.55783219303575,
              36.14775657148427
            ],
            [
              -118.55790358249847,
              36.14775922476956
            ],
            [
              -118.55790063822936,
              36.147811334963734
            ]
          ]
        ]
      }
    },
    {
      "id": "3290",
      "type": "Feature",
      "properties": {
        "id": null,
        "SOURCE_FILE": "/Users/maples/GitHub/mortalitree_testing/labels/annayu_mortalitree_prefire_labels.geojson",
        "SUNETID": "annayu",
        "FIRENAME": "CASTLE",
        "FIRE_SLUG": "CASTLE",
        "PREFIRE": 1,
        "PREFIRE_STATUS": "prefire",
        "TILE_Z": 17,
        "TILE_X": 22370,
        "TILE_Y": 51403,
        "TILEXYZ": [
          17,
          22370,
          51403
        ],
        "OUTPUT_FILE": "/Users/maples/GitHub/mortalitree_testing/notebooks/single_tiles/prefire/17/22370/51403.geojson",
        "OUTPUT_STATUS_DIR": "prefire",
        "FEATURE_COUNT": 458
      },
      "geometry": {
        "type": "Polygon",
        "coordinates": [
          [
            [
              -118.55785453307217,
              36.14786764320626
            ],
            [
              -118.55781169933734,
              36.147866051218536
            ],
            [
              -118.55781464367118,
              36.14781394103115
            ],
            [
              -118.55785747737785,
              36.14781553301584
            ],
            [
              -118.55785453307217,
              36.14786764320626
            ]
          ]
        ]
      }
    },
    {
      "id": "3291",
      "type": "Feature",
      "properties": {
        "id": null,
        "SOURCE_FILE": "/Users/maples/GitHub/mortalitree_testing/labels/annayu_mortalitree_prefire_labels.geojson",
        "SUNETID": "annayu",
        "FIRENAME": "CASTLE",
        "FIRE_SLUG": "CASTLE",
        "PREFIRE": 1,
        "PREFIRE_STATUS": "prefire",
        "TILE_Z": 17,
        "TILE_X": 22370,
        "TILE_Y": 51403,
        "TILEXYZ": [
          17,
          22370,
          51403
        ],
        "OUTPUT_FILE": "/Users/maples/GitHub/mortalitree_testing/notebooks/single_tiles/prefire/17/22370/51403.geojson",
        "OUTPUT_STATUS_DIR": "prefire",
        "FEATURE_COUNT": 458
      },
      "geometry": {
        "type": "Polygon",
        "coordinates": [
          [
            [
              -118.558022192962,
              36.14774912754123
            ],
            [
              -118.55792938665925,
              36.147745678354845
            ],
            [
              -118.5579349480008,
              36.14764724798257
            ],
            [
              -118.55802775418833,
              36.14765069715659
            ],
            [
              -118.558022192962,
              36.14774912754123
            ]
          ]
        ]
      }
    },
    {
      "id": "3292",
      "type": "Feature",
      "properties": {
        "id": null,
        "SOURCE_FILE": "/Users/maples/GitHub/mortalitree_testing/labels/annayu_mortalitree_prefire_labels.geojson",
        "SUNETID": "annayu",
        "FIRENAME": "CASTLE",
        "FIRE_SLUG": "CASTLE",
        "PREFIRE": 1,
        "PREFIRE_STATUS": "prefire",
        "TILE_Z": 17,
        "TILE_X": 22370,
        "TILE_Y": 51403,
        "TILEXYZ": [
          17,
          22370,
          51403
        ],
        "OUTPUT_FILE": "/Users/maples/GitHub/mortalitree_testing/notebooks/single_tiles/prefire/17/22370/51403.geojson",
        "OUTPUT_STATUS_DIR": "prefire",
        "FEATURE_COUNT": 458
      },
      "geometry": {
        "type": "Polygon",
        "coordinates": [
          [
            [
              -118.55775940737702,
              36.147968546914235
            ],
            [
              -118.55768801773861,
              36.14796589352983
            ],
            [
              -118.55769259795422,
              36.147884833253016
            ],
            [
              -118.55776398751959,
              36.147887486629585
            ],
            [
              -118.55775940737702,
              36.147968546914235
            ]
          ]
        ]
      }
    },
    {
      "id": "3293",
      "type": "Feature",
      "properties": {
        "id": null,
        "SOURCE_FILE": "/Users/maples/GitHub/mortalitree_testing/labels/annayu_mortalitree_prefire_labels.geojson",
        "SUNETID": "annayu",
        "FIRENAME": "CASTLE",
        "FIRE_SLUG": "CASTLE",
        "PREFIRE": 1,
        "PREFIRE_STATUS": "prefire",
        "TILE_Z": 17,
        "TILE_X": 22370,
        "TILE_Y": 51403,
        "TILEXYZ": [
          17,
          22370,
          51403
        ],
        "OUTPUT_FILE": "/Users/maples/GitHub/mortalitree_testing/notebooks/single_tiles/prefire/17/22370/51403.geojson",
        "OUTPUT_STATUS_DIR": "prefire",
        "FEATURE_COUNT": 458
      },
      "geometry": {
        "type": "Polygon",
        "coordinates": [
          [
            [
              -118.55786122836949,
              36.14812899014414
            ],
            [
              -118.55778269959696,
              36.14812607147462
            ],
            [
              -118.55778564397797,
              36.14807396129153
            ],
            [
              -118.55786417269888,
              36.148076879955504
            ],
            [
              -118.55786122836949,
              36.14812899014414
            ]
          ]
        ]
      }
    },
    {
      "id": "3294",
      "type": "Feature",
      "properties": {
        "id": null,
        "SOURCE_FILE": "/Users/maples/GitHub/mortalitree_testing/labels/annayu_mortalitree_prefire_labels.geojson",
        "SUNETID": "annayu",
        "FIRENAME": "CASTLE",
        "FIRE_SLUG": "CASTLE",
        "PREFIRE": 1,
        "PREFIRE_STATUS": "prefire",
        "TILE_Z": 17,
        "TILE_X": 22370,
        "TILE_Y": 51403,
        "TILEXYZ": [
          17,
          22370,
          51403
        ],
        "OUTPUT_FILE": "/Users/maples/GitHub/mortalitree_testing/notebooks/single_tiles/prefire/17/22370/51403.geojson",
        "OUTPUT_STATUS_DIR": "prefire",
        "FEATURE_COUNT": 458
      },
      "geometry": {
        "type": "Polygon",
        "coordinates": [
          [
            [
              -118.55784324649706,
              36.14806739893008
            ],
            [
              -118.5577932736808,
              36.14806554159608
            ],
            [
              -118.55779523659331,
              36.14803080147326
            ],
            [
              -118.55784520938768,
              36.148032658804894
            ],
            [
              -118.55784324649706,
              36.14806739893008
            ]
          ]
        ]
      }
    },
    {
      "id": "3295",
      "type": "Feature",
      "properties": {
        "id": null,
        "SOURCE_FILE": "/Users/maples/GitHub/mortalitree_testing/labels/annayu_mortalitree_prefire_labels.geojson",
        "SUNETID": "annayu",
        "FIRENAME": "CASTLE",
        "FIRE_SLUG": "CASTLE",
        "PREFIRE": 1,
        "PREFIRE_STATUS": "prefire",
        "TILE_Z": 17,
        "TILE_X": 22370,
        "TILE_Y": 51403,
        "TILEXYZ": [
          17,
          22370,
          51403
        ],
        "OUTPUT_FILE": "/Users/maples/GitHub/mortalitree_testing/notebooks/single_tiles/prefire/17/22370/51403.geojson",
        "OUTPUT_STATUS_DIR": "prefire",
        "FEATURE_COUNT": 458
      },
      "geometry": {
        "type": "Polygon",
        "coordinates": [
          [
            [
              -118.55775427803178,
              36.148185938006996
            ],
            [
              -118.557668610231,
              36.148182753920544
            ],
            [
              -118.55767384482594,
              36.14809011360983
            ],
            [
              -118.55775951252659,
              36.148093297685556
            ],
            [
              -118.55775427803178,
              36.148185938006996
            ]
          ]
        ]
      }
    },
    {
      "id": "3296",
      "type": "Feature",
      "properties": {
        "id": null,
        "SOURCE_FILE": "/Users/maples/GitHub/mortalitree_testing/labels/annayu_mortalitree_prefire_labels.geojson",
        "SUNETID": "annayu",
        "FIRENAME": "CASTLE",
        "FIRE_SLUG": "CASTLE",
        "PREFIRE": 1,
        "PREFIRE_STATUS": "prefire",
        "TILE_Z": 17,
        "TILE_X": 22370,
        "TILE_Y": 51403,
        "TILEXYZ": [
          17,
          22370,
          51403
        ],
        "OUTPUT_FILE": "/Users/maples/GitHub/mortalitree_testing/notebooks/single_tiles/prefire/17/22370/51403.geojson",
        "OUTPUT_STATUS_DIR": "prefire",
        "FEATURE_COUNT": 458
      },
      "geometry": {
        "type": "Polygon",
        "coordinates": [
          [
            [
              -118.55765580450245,
              36.14815616814686
            ],
            [
              -118.55758441470407,
              36.14815351468889
            ],
            [
              -118.55758899505771,
              36.148072454426035
            ],
            [
              -118.55766038478306,
              36.148075107876174
            ],
            [
              -118.55765580450245,
              36.14815616814686
            ]
          ]
        ]
      }
    },
    {
      "id": "3297",
      "type": "Feature",
      "properties": {
        "id": null,
        "SOURCE_FILE": "/Users/maples/GitHub/mortalitree_testing/labels/annayu_mortalitree_prefire_labels.geojson",
        "SUNETID": "annayu",
        "FIRENAME": "CASTLE",
        "FIRE_SLUG": "CASTLE",
        "PREFIRE": 1,
        "PREFIRE_STATUS": "prefire",
        "TILE_Z": 17,
        "TILE_X": 22370,
        "TILE_Y": 51403,
        "TILEXYZ": [
          17,
          22370,
          51403
        ],
        "OUTPUT_FILE": "/Users/maples/GitHub/mortalitree_testing/notebooks/single_tiles/prefire/17/22370/51403.geojson",
        "OUTPUT_STATUS_DIR": "prefire",
        "FEATURE_COUNT": 458
      },
      "geometry": {
        "type": "Polygon",
        "coordinates": [
          [
            [
              -118.55772799480536,
              36.147828127076494
            ],
            [
              -118.55767088319813,
              36.14782600436444
            ],
            [
              -118.5576735004631,
              36.14777968420647
            ],
            [
              -118.55773061203695,
              36.14778180691492
            ],
            [
              -118.55772799480536,
              36.147828127076494
            ]
          ]
        ]
      }
    },
    {
      "id": "3298",
      "type": "Feature",
      "properties": {
        "id": null,
        "SOURCE_FILE": "/Users/maples/GitHub/mortalitree_testing/labels/annayu_mortalitree_prefire_labels.geojson",
        "SUNETID": "annayu",
        "FIRENAME": "CASTLE",
        "FIRE_SLUG": "CASTLE",
        "PREFIRE": 1,
        "PREFIRE_STATUS": "prefire",
        "TILE_Z": 17,
        "TILE_X": 22370,
        "TILE_Y": 51403,
        "TILEXYZ": [
          17,
          22370,
          51403
        ],
        "OUTPUT_FILE": "/Users/maples/GitHub/mortalitree_testing/notebooks/single_tiles/prefire/17/22370/51403.geojson",
        "OUTPUT_STATUS_DIR": "prefire",
        "FEATURE_COUNT": 458
      },
      "geometry": {
        "type": "Polygon",
        "coordinates": [
          [
            [
              -118.55757077431694,
              36.14782518456258
            ],
            [
              -118.55749938482677,
              36.14782253107475
            ],
            [
              -118.55750200219227,
              36.14777621092754
            ],
            [
              -118.5575733916407,
              36.147778864410895
            ],
            [
              -118.55757077431694,
              36.14782518456258
            ]
          ]
        ]
      }
    },
    {
      "id": "3299",
      "type": "Feature",
      "properties": {
        "id": null,
        "SOURCE_FILE": "/Users/maples/GitHub/mortalitree_testing/labels/annayu_mortalitree_prefire_labels.geojson",
        "SUNETID": "annayu",
        "FIRENAME": "CASTLE",
        "FIRE_SLUG": "CASTLE",
        "PREFIRE": 1,
        "PREFIRE_STATUS": "prefire",
        "TILE_Z": 17,
        "TILE_X": 22370,
        "TILE_Y": 51403,
        "TILEXYZ": [
          17,
          22370,
          51403
        ],
        "OUTPUT_FILE": "/Users/maples/GitHub/mortalitree_testing/notebooks/single_tiles/prefire/17/22370/51403.geojson",
        "OUTPUT_STATUS_DIR": "prefire",
        "FEATURE_COUNT": 458
      },
      "geometry": {
        "type": "Polygon",
        "coordinates": [
          [
            [
              -118.55737540527254,
              36.147864340187255
            ],
            [
              -118.55730401576584,
              36.147861686580505
            ],
            [
              -118.55730663324995,
              36.147815366445904
            ],
            [
              -118.5573780227149,
              36.14781802004818
            ],
            [
              -118.55737540527254,
              36.147864340187255
            ]
          ]
        ]
      }
    },
    {
      "id": "3300",
      "type": "Feature",
      "properties": {
        "id": null,
        "SOURCE_FILE": "/Users/maples/GitHub/mortalitree_testing/labels/annayu_mortalitree_prefire_labels.geojson",
        "SUNETID": "annayu",
        "FIRENAME": "CASTLE",
        "FIRE_SLUG": "CASTLE",
        "PREFIRE": 1,
        "PREFIRE_STATUS": "prefire",
        "TILE_Z": 17,
        "TILE_X": 22370,
        "TILE_Y": 51403,
        "TILEXYZ": [
          17,
          22370,
          51403
        ],
        "OUTPUT_FILE": "/Users/maples/GitHub/mortalitree_testing/notebooks/single_tiles/prefire/17/22370/51403.geojson",
        "OUTPUT_STATUS_DIR": "prefire",
        "FEATURE_COUNT": 458
      },
      "geometry": {
        "type": "Polygon",
        "coordinates": [
          [
            [
              -118.5574303902354,
              36.14790409815766
            ],
            [
              -118.55736613964172,
              36.14790170994075
            ],
            [
              -118.55736875709313,
              36.14785538980253
            ],
            [
              -118.55743300764927,
              36.14785777801542
            ],
            [
              -118.5574303902354,
              36.14790409815766
            ]
          ]
        ]
      }
    },
    {
      "id": "3301",
      "type": "Feature",
      "properties": {
        "id": null,
        "SOURCE_FILE": "/Users/maples/GitHub/mortalitree_testing/labels/annayu_mortalitree_prefire_labels.geojson",
        "SUNETID": "annayu",
        "FIRENAME": "CASTLE",
        "FIRE_SLUG": "CASTLE",
        "PREFIRE": 1,
        "PREFIRE_STATUS": "prefire",
        "TILE_Z": 17,
        "TILE_X": 22370,
        "TILE_Y": 51403,
        "TILEXYZ": [
          17,
          22370,
          51403
        ],
        "OUTPUT_FILE": "/Users/maples/GitHub/mortalitree_testing/notebooks/single_tiles/prefire/17/22370/51403.geojson",
        "OUTPUT_STATUS_DIR": "prefire",
        "FEATURE_COUNT": 458
      },
      "geometry": {
        "type": "Polygon",
        "coordinates": [
          [
            [
              -118.55750338623943,
              36.14794162447719
            ],
            [
              -118.5574319966503,
              36.14793897094187
            ],
            [
              -118.55743592277243,
              36.147869490728574
            ],
            [
              -118.55750731229898,
              36.14787214425717
            ],
            [
              -118.55750338623943,
              36.14794162447719
            ]
          ]
        ]
      }
    },
    {
      "id": "3302",
      "type": "Feature",
      "properties": {
        "id": null,
        "SOURCE_FILE": "/Users/maples/GitHub/mortalitree_testing/labels/annayu_mortalitree_prefire_labels.geojson",
        "SUNETID": "annayu",
        "FIRENAME": "CASTLE",
        "FIRE_SLUG": "CASTLE",
        "PREFIRE": 1,
        "PREFIRE_STATUS": "prefire",
        "TILE_Z": 17,
        "TILE_X": 22370,
        "TILE_Y": 51403,
        "TILEXYZ": [
          17,
          22370,
          51403
        ],
        "OUTPUT_FILE": "/Users/maples/GitHub/mortalitree_testing/notebooks/single_tiles/prefire/17/22370/51403.geojson",
        "OUTPUT_STATUS_DIR": "prefire",
        "FEATURE_COUNT": 458
      },
      "geometry": {
        "type": "Polygon",
        "coordinates": [
          [
            [
              -118.55734066252624,
              36.147909466206
            ],
            [
              -118.55726927298204,
              36.1479068125757
            ],
            [
              -118.55727189049088,
              36.14786049244363
            ],
            [
              -118.55734327999336,
              36.14786314606946
            ],
            [
              -118.55734066252624,
              36.147909466206
            ]
          ]
        ]
      }
    },
    {
      "id": "3303",
      "type": "Feature",
      "properties": {
        "id": null,
        "SOURCE_FILE": "/Users/maples/GitHub/mortalitree_testing/labels/annayu_mortalitree_prefire_labels.geojson",
        "SUNETID": "annayu",
        "FIRENAME": "CASTLE",
        "FIRE_SLUG": "CASTLE",
        "PREFIRE": 1,
        "PREFIRE_STATUS": "prefire",
        "TILE_Z": 17,
        "TILE_X": 22370,
        "TILE_Y": 51403,
        "TILEXYZ": [
          17,
          22370,
          51403
        ],
        "OUTPUT_FILE": "/Users/maples/GitHub/mortalitree_testing/notebooks/single_tiles/prefire/17/22370/51403.geojson",
        "OUTPUT_STATUS_DIR": "prefire",
        "FEATURE_COUNT": 458
      },
      "geometry": {
        "type": "Polygon",
        "coordinates": [
          [
            [
              -118.55729039223931,
              36.147849575820686
            ],
            [
              -118.55722614170234,
              36.14784718753175
            ],
            [
              -118.55722875923082,
              36.14780086740194
            ],
            [
              -118.55729300973024,
              36.14780325568685
            ],
            [
              -118.55729039223931,
              36.147849575820686
            ]
          ]
        ]
      }
    },
    {
      "id": "3304",
      "type": "Feature",
      "properties": {
        "id": null,
        "SOURCE_FILE": "/Users/maples/GitHub/mortalitree_testing/labels/annayu_mortalitree_prefire_labels.geojson",
        "SUNETID": "annayu",
        "FIRENAME": "CASTLE",
        "FIRE_SLUG": "CASTLE",
        "PREFIRE": 1,
        "PREFIRE_STATUS": "prefire",
        "TILE_Z": 17,
        "TILE_X": 22370,
        "TILE_Y": 51403,
        "TILEXYZ": [
          17,
          22370,
          51403
        ],
        "OUTPUT_FILE": "/Users/maples/GitHub/mortalitree_testing/notebooks/single_tiles/prefire/17/22370/51403.geojson",
        "OUTPUT_STATUS_DIR": "prefire",
        "FEATURE_COUNT": 458
      },
      "geometry": {
        "type": "Polygon",
        "coordinates": [
          [
            [
              -118.55756833731014,
              36.148184829094426
            ],
            [
              -118.55748266953222,
              36.148181644875045
            ],
            [
              -118.55748724999528,
              36.14810058462379
            ],
            [
              -118.55757291768556,
              36.14810376883377
            ],
            [
              -118.55756833731014,
              36.148184829094426
            ]
          ]
        ]
      }
    },
    {
      "id": "3305",
      "type": "Feature",
      "properties": {
        "id": null,
        "SOURCE_FILE": "/Users/maples/GitHub/mortalitree_testing/labels/annayu_mortalitree_prefire_labels.geojson",
        "SUNETID": "annayu",
        "FIRENAME": "CASTLE",
        "FIRE_SLUG": "CASTLE",
        "PREFIRE": 1,
        "PREFIRE_STATUS": "prefire",
        "TILE_Z": 17,
        "TILE_X": 22370,
        "TILE_Y": 51403,
        "TILEXYZ": [
          17,
          22370,
          51403
        ],
        "OUTPUT_FILE": "/Users/maples/GitHub/mortalitree_testing/notebooks/single_tiles/prefire/17/22370/51403.geojson",
        "OUTPUT_STATUS_DIR": "prefire",
        "FEATURE_COUNT": 458
      },
      "geometry": {
        "type": "Polygon",
        "coordinates": [
          [
            [
              -118.55747166334216,
              36.14812321398769
            ],
            [
              -118.55742169051574,
              36.14812135649617
            ],
            [
              -118.55742496231453,
              36.14806345632108
            ],
            [
              -118.55747493510444,
              36.14806531380867
            ],
            [
              -118.55747166334216,
              36.14812321398769
            ]
          ]
        ]
      }
    },
    {
      "id": "3306",
      "type": "Feature",
      "properties": {
        "id": null,
        "SOURCE_FILE": "/Users/maples/GitHub/mortalitree_testing/labels/annayu_mortalitree_prefire_labels.geojson",
        "SUNETID": "annayu",
        "FIRENAME": "CASTLE",
        "FIRE_SLUG": "CASTLE",
        "PREFIRE": 1,
        "PREFIRE_STATUS": "prefire",
        "TILE_Z": 17,
        "TILE_X": 22370,
        "TILE_Y": 51403,
        "TILEXYZ": [
          17,
          22370,
          51403
        ],
        "OUTPUT_FILE": "/Users/maples/GitHub/mortalitree_testing/notebooks/single_tiles/prefire/17/22370/51403.geojson",
        "OUTPUT_STATUS_DIR": "prefire",
        "FEATURE_COUNT": 458
      },
      "geometry": {
        "type": "Polygon",
        "coordinates": [
          [
            [
              -118.55717038375705,
              36.148074300940046
            ],
            [
              -118.55709185511282,
              36.14807138182132
            ],
            [
              -118.55709676316216,
              36.147984531596606
            ],
            [
              -118.55717529172036,
              36.147987450706104
            ],
            [
              -118.55717038375705,
              36.148074300940046
            ]
          ]
        ]
      }
    },
    {
      "id": "3307",
      "type": "Feature",
      "properties": {
        "id": null,
        "SOURCE_FILE": "/Users/maples/GitHub/mortalitree_testing/labels/annayu_mortalitree_prefire_labels.geojson",
        "SUNETID": "annayu",
        "FIRENAME": "CASTLE",
        "FIRE_SLUG": "CASTLE",
        "PREFIRE": 1,
        "PREFIRE_STATUS": "prefire",
        "TILE_Z": 17,
        "TILE_X": 22370,
        "TILE_Y": 51403,
        "TILEXYZ": [
          17,
          22370,
          51403
        ],
        "OUTPUT_FILE": "/Users/maples/GitHub/mortalitree_testing/notebooks/single_tiles/prefire/17/22370/51403.geojson",
        "OUTPUT_STATUS_DIR": "prefire",
        "FEATURE_COUNT": 458
      },
      "geometry": {
        "type": "Polygon",
        "coordinates": [
          [
            [
              -118.55711676709376,
              36.14788373708116
            ],
            [
              -118.55705251654409,
              36.14788134869714
            ],
            [
              -118.55705709739942,
              36.147800288489236
            ],
            [
              -118.5571213478834,
              36.14780267686621
            ],
            [
              -118.55711676709376,
              36.14788373708116
            ]
          ]
        ]
      }
    },
    {
      "id": "3308",
      "type": "Feature",
      "properties": {
        "id": null,
        "SOURCE_FILE": "/Users/maples/GitHub/mortalitree_testing/labels/annayu_mortalitree_prefire_labels.geojson",
        "SUNETID": "annayu",
        "FIRENAME": "CASTLE",
        "FIRE_SLUG": "CASTLE",
        "PREFIRE": 1,
        "PREFIRE_STATUS": "prefire",
        "TILE_Z": 17,
        "TILE_X": 22370,
        "TILE_Y": 51403,
        "TILEXYZ": [
          17,
          22370,
          51403
        ],
        "OUTPUT_FILE": "/Users/maples/GitHub/mortalitree_testing/notebooks/single_tiles/prefire/17/22370/51403.geojson",
        "OUTPUT_STATUS_DIR": "prefire",
        "FEATURE_COUNT": 458
      },
      "geometry": {
        "type": "Polygon",
        "coordinates": [
          [
            [
              -118.557281185741,
              36.14775929983473
            ],
            [
              -118.5571955184593,
              36.147756115442085
            ],
            [
              -118.55719911757222,
              36.14769242526515
            ],
            [
              -118.55728478478507,
              36.14769560965039
            ],
            [
              -118.557281185741,
              36.14775929983473
            ]
          ]
        ]
      }
    },
    {
      "id": "3309",
      "type": "Feature",
      "properties": {
        "id": null,
        "SOURCE_FILE": "/Users/maples/GitHub/mortalitree_testing/labels/annayu_mortalitree_prefire_labels.geojson",
        "SUNETID": "annayu",
        "FIRENAME": "CASTLE",
        "FIRE_SLUG": "CASTLE",
        "PREFIRE": 1,
        "PREFIRE_STATUS": "prefire",
        "TILE_Z": 17,
        "TILE_X": 22370,
        "TILE_Y": 51403,
        "TILEXYZ": [
          17,
          22370,
          51403
        ],
        "OUTPUT_FILE": "/Users/maples/GitHub/mortalitree_testing/notebooks/single_tiles/prefire/17/22370/51403.geojson",
        "OUTPUT_STATUS_DIR": "prefire",
        "FEATURE_COUNT": 458
      },
      "geometry": {
        "type": "Polygon",
        "coordinates": [
          [
            [
              -118.55747622737749,
              36.14772593436725
            ],
            [
              -118.55739769904784,
              36.14772301547319
            ],
            [
              -118.55740129799294,
              36.14765932527839
            ],
            [
              -118.5574798262595,
              36.14766224416568
            ],
            [
              -118.55747622737749,
              36.14772593436725
            ]
          ]
        ]
      }
    },
    {
      "id": "3310",
      "type": "Feature",
      "properties": {
        "id": null,
        "SOURCE_FILE": "/Users/maples/GitHub/mortalitree_testing/labels/annayu_mortalitree_prefire_labels.geojson",
        "SUNETID": "annayu",
        "FIRENAME": "CASTLE",
        "FIRE_SLUG": "CASTLE",
        "PREFIRE": 1,
        "PREFIRE_STATUS": "prefire",
        "TILE_Z": 17,
        "TILE_X": 22370,
        "TILE_Y": 51403,
        "TILEXYZ": [
          17,
          22370,
          51403
        ],
        "OUTPUT_FILE": "/Users/maples/GitHub/mortalitree_testing/notebooks/single_tiles/prefire/17/22370/51403.geojson",
        "OUTPUT_STATUS_DIR": "prefire",
        "FEATURE_COUNT": 458
      },
      "geometry": {
        "type": "Polygon",
        "coordinates": [
          [
            [
              -118.55724195117698,
              36.147694017465405
            ],
            [
              -118.55712772823844,
              36.14768977156414
            ],
            [
              -118.55713132739743,
              36.147626081392374
            ],
            [
              -118.55724555024418,
              36.14763032728379
            ],
            [
              -118.55724195117698,
              36.147694017465405
            ]
          ]
        ]
      }
    },
    {
      "id": "3311",
      "type": "Feature",
      "properties": {
        "id": null,
        "SOURCE_FILE": "/Users/maples/GitHub/mortalitree_testing/labels/annayu_mortalitree_prefire_labels.geojson",
        "SUNETID": "annayu",
        "FIRENAME": "CASTLE",
        "FIRE_SLUG": "CASTLE",
        "PREFIRE": 1,
        "PREFIRE_STATUS": "prefire",
        "TILE_Z": 17,
        "TILE_X": 22370,
        "TILE_Y": 51403,
        "TILEXYZ": [
          17,
          22370,
          51403
        ],
        "OUTPUT_FILE": "/Users/maples/GitHub/mortalitree_testing/notebooks/single_tiles/prefire/17/22370/51403.geojson",
        "OUTPUT_STATUS_DIR": "prefire",
        "FEATURE_COUNT": 458
      },
      "geometry": {
        "type": "Polygon",
        "coordinates": [
          [
            [
              -118.55718254935414,
              36.14773242464026
            ],
            [
              -118.55713971573196,
              36.1477308324173
            ],
            [
              -118.55714266049574,
              36.14767872227635
            ],
            [
              -118.55718549408975,
              36.147680314496284
            ],
            [
              -118.55718254935414,
              36.14773242464026
            ]
          ]
        ]
      }
    },
    {
      "id": "3312",
      "type": "Feature",
      "properties": {
        "id": null,
        "SOURCE_FILE": "/Users/maples/GitHub/mortalitree_testing/labels/annayu_mortalitree_prefire_labels.geojson",
        "SUNETID": "annayu",
        "FIRENAME": "CASTLE",
        "FIRE_SLUG": "CASTLE",
        "PREFIRE": 1,
        "PREFIRE_STATUS": "prefire",
        "TILE_Z": 17,
        "TILE_X": 22370,
        "TILE_Y": 51403,
        "TILEXYZ": [
          17,
          22370,
          51403
        ],
        "OUTPUT_FILE": "/Users/maples/GitHub/mortalitree_testing/notebooks/single_tiles/prefire/17/22370/51403.geojson",
        "OUTPUT_STATUS_DIR": "prefire",
        "FEATURE_COUNT": 458
      },
      "geometry": {
        "type": "Polygon",
        "coordinates": [
          [
            [
              -118.5574982267556,
              36.14822283838512
            ],
            [
              -118.55741969792827,
              36.14821991947108
            ],
            [
              -118.55742427846252,
              36.14813885922728
            ],
            [
              -118.55750280720953,
              36.14814177813271
            ],
            [
              -118.5574982267556,
              36.14822283838512
            ]
          ]
        ]
      }
    },
    {
      "id": "3313",
      "type": "Feature",
      "properties": {
        "id": null,
        "SOURCE_FILE": "/Users/maples/GitHub/mortalitree_testing/labels/annayu_mortalitree_prefire_labels.geojson",
        "SUNETID": "annayu",
        "FIRENAME": "CASTLE",
        "FIRE_SLUG": "CASTLE",
        "PREFIRE": 1,
        "PREFIRE_STATUS": "prefire",
        "TILE_Z": 17,
        "TILE_X": 22370,
        "TILE_Y": 51403,
        "TILEXYZ": [
          17,
          22370,
          51403
        ],
        "OUTPUT_FILE": "/Users/maples/GitHub/mortalitree_testing/notebooks/single_tiles/prefire/17/22370/51403.geojson",
        "OUTPUT_STATUS_DIR": "prefire",
        "FEATURE_COUNT": 458
      },
      "geometry": {
        "type": "Polygon",
        "coordinates": [
          [
            [
              -118.55770005205427,
              36.14825935088518
            ],
            [
              -118.55764294013656,
              36.14825722813811
            ],
            [
              -118.55764850194014,
              36.148158797812584
            ],
            [
              -118.55770561378691,
              36.14816092055206
            ],
            [
              -118.55770005205427,
              36.14825935088518
            ]
          ]
        ]
      }
    },
    {
      "id": "3314",
      "type": "Feature",
      "properties": {
        "id": null,
        "SOURCE_FILE": "/Users/maples/GitHub/mortalitree_testing/labels/annayu_mortalitree_prefire_labels.geojson",
        "SUNETID": "annayu",
        "FIRENAME": "CASTLE",
        "FIRE_SLUG": "CASTLE",
        "PREFIRE": 1,
        "PREFIRE_STATUS": "prefire",
        "TILE_Z": 17,
        "TILE_X": 22370,
        "TILE_Y": 51403,
        "TILEXYZ": [
          17,
          22370,
          51403
        ],
        "OUTPUT_FILE": "/Users/maples/GitHub/mortalitree_testing/notebooks/single_tiles/prefire/17/22370/51403.geojson",
        "OUTPUT_STATUS_DIR": "prefire",
        "FEATURE_COUNT": 458
      },
      "geometry": {
        "type": "Polygon",
        "coordinates": [
          [
            [
              -118.55767021674473,
              36.14821762670817
            ],
            [
              -118.55759882688925,
              36.14821497325492
            ],
            [
              -118.55760209856903,
              36.14815707306679
            ],
            [
              -118.55767348837237,
              36.148159726514436
            ],
            [
              -118.55767021674473,
              36.14821762670817
            ]
          ]
        ]
      }
    },
    {
      "id": "3315",
      "type": "Feature",
      "properties": {
        "id": null,
        "SOURCE_FILE": "/Users/maples/GitHub/mortalitree_testing/labels/annayu_mortalitree_prefire_labels.geojson",
        "SUNETID": "annayu",
        "FIRENAME": "CASTLE",
        "FIRE_SLUG": "CASTLE",
        "PREFIRE": 1,
        "PREFIRE_STATUS": "prefire",
        "TILE_Z": 17,
        "TILE_X": 22370,
        "TILE_Y": 51403,
        "TILEXYZ": [
          17,
          22370,
          51403
        ],
        "OUTPUT_FILE": "/Users/maples/GitHub/mortalitree_testing/notebooks/single_tiles/prefire/17/22370/51403.geojson",
        "OUTPUT_STATUS_DIR": "prefire",
        "FEATURE_COUNT": 458
      },
      "geometry": {
        "type": "Polygon",
        "coordinates": [
          [
            [
              -118.55760855386356,
              36.148232741332144
            ],
            [
              -118.55754430298629,
              36.14823035319219
            ],
            [
              -118.5575469203644,
              36.148184033045304
            ],
            [
              -118.55761117120414,
              36.14818642118124
            ],
            [
              -118.55760855386356,
              36.148232741332144
            ]
          ]
        ]
      }
    },
    {
      "id": "3316",
      "type": "Feature",
      "properties": {
        "id": null,
        "SOURCE_FILE": "/Users/maples/GitHub/mortalitree_testing/labels/annayu_mortalitree_prefire_labels.geojson",
        "SUNETID": "annayu",
        "FIRENAME": "CASTLE",
        "FIRE_SLUG": "CASTLE",
        "PREFIRE": 1,
        "PREFIRE_STATUS": "prefire",
        "TILE_Z": 17,
        "TILE_X": 22370,
        "TILE_Y": 51403,
        "TILEXYZ": [
          17,
          22370,
          51403
        ],
        "OUTPUT_FILE": "/Users/maples/GitHub/mortalitree_testing/notebooks/single_tiles/prefire/17/22370/51403.geojson",
        "OUTPUT_STATUS_DIR": "prefire",
        "FEATURE_COUNT": 458
      },
      "geometry": {
        "type": "Polygon",
        "coordinates": [
          [
            [
              -118.55726275879813,
              36.14795879004077
            ],
            [
              -118.55719136921677,
              36.147956136360925
            ],
            [
              -118.55719365958157,
              36.14791560625003
            ],
            [
              -118.55726504912639,
              36.147918259925945
            ],
            [
              -118.55726275879813,
              36.14795879004077
            ]
          ]
        ]
      }
    },
    {
      "id": "3317",
      "type": "Feature",
      "properties": {
        "id": null,
        "SOURCE_FILE": "/Users/maples/GitHub/mortalitree_testing/labels/annayu_mortalitree_prefire_labels.geojson",
        "SUNETID": "annayu",
        "FIRENAME": "CASTLE",
        "FIRE_SLUG": "CASTLE",
        "PREFIRE": 1,
        "PREFIRE_STATUS": "prefire",
        "TILE_Z": 17,
        "TILE_X": 22370,
        "TILE_Y": 51403,
        "TILEXYZ": [
          17,
          22370,
          51403
        ],
        "OUTPUT_FILE": "/Users/maples/GitHub/mortalitree_testing/notebooks/single_tiles/prefire/17/22370/51403.geojson",
        "OUTPUT_STATUS_DIR": "prefire",
        "FEATURE_COUNT": 458
      },
      "geometry": {
        "type": "Polygon",
        "coordinates": [
          [
            [
              -118.55708281244729,
              36.14797821082899
            ],
            [
              -118.5570114228658,
              36.147975557040645
            ],
            [
              -118.55701502215646,
              36.147911866882
            ],
            [
              -118.55708641168057,
              36.14791452066417
            ],
            [
              -118.55708281244729,
              36.14797821082899
            ]
          ]
        ]
      }
    },
    {
      "id": "3318",
      "type": "Feature",
      "properties": {
        "id": null,
        "SOURCE_FILE": "/Users/maples/GitHub/mortalitree_testing/labels/annayu_mortalitree_prefire_labels.geojson",
        "SUNETID": "annayu",
        "FIRENAME": "CASTLE",
        "FIRE_SLUG": "CASTLE",
        "PREFIRE": 1,
        "PREFIRE_STATUS": "prefire",
        "TILE_Z": 17,
        "TILE_X": 22370,
        "TILE_Y": 51403,
        "TILEXYZ": [
          17,
          22370,
          51403
        ],
        "OUTPUT_FILE": "/Users/maples/GitHub/mortalitree_testing/notebooks/single_tiles/prefire/17/22370/51403.geojson",
        "OUTPUT_STATUS_DIR": "prefire",
        "FEATURE_COUNT": 458
      },
      "geometry": {
        "type": "Polygon",
        "coordinates": [
          [
            [
              -118.5571094348104,
              36.147950189569116
            ],
            [
              -118.55705946211836,
              36.14794833193408
            ],
            [
              -118.55706175255037,
              36.147907801830385
            ],
            [
              -118.55711172521686,
              36.147909659462684
            ],
            [
              -118.5571094348104,
              36.147950189569116
            ]
          ]
        ]
      }
    },
    {
      "id": "3319",
      "type": "Feature",
      "properties": {
        "id": null,
        "SOURCE_FILE": "/Users/maples/GitHub/mortalitree_testing/labels/annayu_mortalitree_prefire_labels.geojson",
        "SUNETID": "annayu",
        "FIRENAME": "CASTLE",
        "FIRE_SLUG": "CASTLE",
        "PREFIRE": 1,
        "PREFIRE_STATUS": "prefire",
        "TILE_Z": 17,
        "TILE_X": 22370,
        "TILE_Y": 51403,
        "TILEXYZ": [
          17,
          22370,
          51403
        ],
        "OUTPUT_FILE": "/Users/maples/GitHub/mortalitree_testing/notebooks/single_tiles/prefire/17/22370/51403.geojson",
        "OUTPUT_STATUS_DIR": "prefire",
        "FEATURE_COUNT": 458
      },
      "geometry": {
        "type": "Polygon",
        "coordinates": [
          [
            [
              -118.5567497056748,
              36.147986135396614
            ],
            [
              -118.55667117716338,
              36.14798321600814
            ],
            [
              -118.55667379503124,
              36.14793689591434
            ],
            [
              -118.55675232349677,
              36.147939815297896
            ],
            [
              -118.5567497056748,
              36.147986135396614
            ]
          ]
        ]
      }
    },
    {
      "id": "3320",
      "type": "Feature",
      "properties": {
        "id": null,
        "SOURCE_FILE": "/Users/maples/GitHub/mortalitree_testing/labels/annayu_mortalitree_prefire_labels.geojson",
        "SUNETID": "annayu",
        "FIRENAME": "CASTLE",
        "FIRE_SLUG": "CASTLE",
        "PREFIRE": 1,
        "PREFIRE_STATUS": "prefire",
        "TILE_Z": 17,
        "TILE_X": 22370,
        "TILE_Y": 51403,
        "TILEXYZ": [
          17,
          22370,
          51403
        ],
        "OUTPUT_FILE": "/Users/maples/GitHub/mortalitree_testing/notebooks/single_tiles/prefire/17/22370/51403.geojson",
        "OUTPUT_STATUS_DIR": "prefire",
        "FEATURE_COUNT": 458
      },
      "geometry": {
        "type": "Polygon",
        "coordinates": [
          [
            [
              -118.55692605270646,
              36.14803040526859
            ],
            [
              -118.55684752413205,
              36.148027485992685
            ],
            [
              -118.55685112356207,
              36.14796379584878
            ],
            [
              -118.55692965207335,
              36.14796671511791
            ],
            [
              -118.55692605270646,
              36.14803040526859
            ]
          ]
        ]
      }
    },
    {
      "id": "3321",
      "type": "Feature",
      "properties": {
        "id": null,
        "SOURCE_FILE": "/Users/maples/GitHub/mortalitree_testing/labels/annayu_mortalitree_prefire_labels.geojson",
        "SUNETID": "annayu",
        "FIRENAME": "CASTLE",
        "FIRE_SLUG": "CASTLE",
        "PREFIRE": 1,
        "PREFIRE_STATUS": "prefire",
        "TILE_Z": 17,
        "TILE_X": 22370,
        "TILE_Y": 51403,
        "TILEXYZ": [
          17,
          22370,
          51403
        ],
        "OUTPUT_FILE": "/Users/maples/GitHub/mortalitree_testing/notebooks/single_tiles/prefire/17/22370/51403.geojson",
        "OUTPUT_STATUS_DIR": "prefire",
        "FEATURE_COUNT": 458
      },
      "geometry": {
        "type": "Polygon",
        "coordinates": [
          [
            [
              -118.55697389856132,
              36.14806989805404
            ],
            [
              -118.55691678683736,
              36.14806777497021
            ],
            [
              -118.5569197317849,
              36.14801566484799
            ],
            [
              -118.5569768434713,
              36.14801778792779
            ],
            [
              -118.55697389856132,
              36.14806989805404
            ]
          ]
        ]
      }
    },
    {
      "id": "3322",
      "type": "Feature",
      "properties": {
        "id": null,
        "SOURCE_FILE": "/Users/maples/GitHub/mortalitree_testing/labels/annayu_mortalitree_prefire_labels.geojson",
        "SUNETID": "annayu",
        "FIRENAME": "CASTLE",
        "FIRE_SLUG": "CASTLE",
        "PREFIRE": 1,
        "PREFIRE_STATUS": "prefire",
        "TILE_Z": 17,
        "TILE_X": 22370,
        "TILE_Y": 51403,
        "TILEXYZ": [
          17,
          22370,
          51403
        ],
        "OUTPUT_FILE": "/Users/maples/GitHub/mortalitree_testing/notebooks/single_tiles/prefire/17/22370/51403.geojson",
        "OUTPUT_STATUS_DIR": "prefire",
        "FEATURE_COUNT": 458
      },
      "geometry": {
        "type": "Polygon",
        "coordinates": [
          [
            [
              -118.55699442332399,
              36.14789659570329
            ],
            [
              -118.55693731172411,
              36.14789447263797
            ],
            [
              -118.55693960221443,
              36.14785394254066
            ],
            [
              -118.5569967137851,
              36.147856065602845
            ],
            [
              -118.55699442332399,
              36.14789659570329
            ]
          ]
        ]
      }
    },
    {
      "id": "3323",
      "type": "Feature",
      "properties": {
        "id": null,
        "SOURCE_FILE": "/Users/maples/GitHub/mortalitree_testing/labels/annayu_mortalitree_prefire_labels.geojson",
        "SUNETID": "annayu",
        "FIRENAME": "CASTLE",
        "FIRE_SLUG": "CASTLE",
        "PREFIRE": 1,
        "PREFIRE_STATUS": "prefire",
        "TILE_Z": 17,
        "TILE_X": 22370,
        "TILE_Y": 51403,
        "TILEXYZ": [
          17,
          22370,
          51403
        ],
        "OUTPUT_FILE": "/Users/maples/GitHub/mortalitree_testing/notebooks/single_tiles/prefire/17/22370/51403.geojson",
        "OUTPUT_STATUS_DIR": "prefire",
        "FEATURE_COUNT": 458
      },
      "geometry": {
        "type": "Polygon",
        "coordinates": [
          [
            [
              -118.55737077919039,
              36.14769300395716
            ],
            [
              -118.55729938983943,
              36.14769035035844
            ],
            [
              -118.55730298885969,
              36.1476266601718
            ],
            [
              -118.5573743781533,
              36.14762931376436
            ],
            [
              -118.55737077919039,
              36.14769300395716
            ]
          ]
        ]
      }
    },
    {
      "id": "3324",
      "type": "Feature",
      "properties": {
        "id": null,
        "SOURCE_FILE": "/Users/maples/GitHub/mortalitree_testing/labels/annayu_mortalitree_prefire_labels.geojson",
        "SUNETID": "annayu",
        "FIRENAME": "CASTLE",
        "FIRE_SLUG": "CASTLE",
        "PREFIRE": 1,
        "PREFIRE_STATUS": "prefire",
        "TILE_Z": 17,
        "TILE_X": 22370,
        "TILE_Y": 51403,
        "TILEXYZ": [
          17,
          22370,
          51403
        ],
        "OUTPUT_FILE": "/Users/maples/GitHub/mortalitree_testing/notebooks/single_tiles/prefire/17/22370/51403.geojson",
        "OUTPUT_STATUS_DIR": "prefire",
        "FEATURE_COUNT": 458
      },
      "geometry": {
        "type": "Polygon",
        "coordinates": [
          [
            [
              -118.55642783535792,
              36.147845380215934
            ],
            [
              -118.55634946399623,
              36.147842466462336
            ],
            [
              -118.55635305660867,
              36.147778903673604
            ],
            [
              -118.55643142790754,
              36.147781817420444
            ],
            [
              -118.55642783535792,
              36.147845380215934
            ]
          ]
        ]
      }
    },
    {
      "id": "3325",
      "type": "Feature",
      "properties": {
        "id": null,
        "SOURCE_FILE": "/Users/maples/GitHub/mortalitree_testing/labels/annayu_mortalitree_prefire_labels.geojson",
        "SUNETID": "annayu",
        "FIRENAME": "CASTLE",
        "FIRE_SLUG": "CASTLE",
        "PREFIRE": 1,
        "PREFIRE_STATUS": "prefire",
        "TILE_Z": 17,
        "TILE_X": 22370,
        "TILE_Y": 51403,
        "TILEXYZ": [
          17,
          22370,
          51403
        ],
        "OUTPUT_FILE": "/Users/maples/GitHub/mortalitree_testing/notebooks/single_tiles/prefire/17/22370/51403.geojson",
        "OUTPUT_STATUS_DIR": "prefire",
        "FEATURE_COUNT": 458
      },
      "geometry": {
        "type": "Polygon",
        "coordinates": [
          [
            [
              -118.55633096881621,
              36.14791705634016
            ],
            [
              -118.55621337890625,
              36.147912684360556
            ],
            [
              -118.55621337890625,
              36.14786635973994
            ],
            [
              -118.55633358164438,
              36.147870828859276
            ],
            [
              -118.55633096881621,
              36.14791705634016
            ]
          ]
        ]
      }
    },
    {
      "id": "3326",
      "type": "Feature",
      "properties": {
        "id": null,
        "SOURCE_FILE": "/Users/maples/GitHub/mortalitree_testing/labels/annayu_mortalitree_prefire_labels.geojson",
        "SUNETID": "annayu",
        "FIRENAME": "CASTLE",
        "FIRE_SLUG": "CASTLE",
        "PREFIRE": 1,
        "PREFIRE_STATUS": "prefire",
        "TILE_Z": 17,
        "TILE_X": 22370,
        "TILE_Y": 51403,
        "TILEXYZ": [
          17,
          22370,
          51403
        ],
        "OUTPUT_FILE": "/Users/maples/GitHub/mortalitree_testing/notebooks/single_tiles/prefire/17/22370/51403.geojson",
        "OUTPUT_STATUS_DIR": "prefire",
        "FEATURE_COUNT": 458
      },
      "geometry": {
        "type": "Polygon",
        "coordinates": [
          [
            [
              -118.55629936735485,
              36.14797089190521
            ],
            [
              -118.55621337890625,
              36.14796769485507
            ],
            [
              -118.55621337890625,
              36.14790399850162
            ],
            [
              -118.5563029600246,
              36.14790732912217
            ],
            [
              -118.55629936735485,
              36.14797089190521
            ]
          ]
        ]
      }
    },
    {
      "id": "3327",
      "type": "Feature",
      "properties": {
        "id": null,
        "SOURCE_FILE": "/Users/maples/GitHub/mortalitree_testing/labels/annayu_mortalitree_prefire_labels.geojson",
        "SUNETID": "annayu",
        "FIRENAME": "CASTLE",
        "FIRE_SLUG": "CASTLE",
        "PREFIRE": 1,
        "PREFIRE_STATUS": "prefire",
        "TILE_Z": 17,
        "TILE_X": 22370,
        "TILE_Y": 51403,
        "TILEXYZ": [
          17,
          22370,
          51403
        ],
        "OUTPUT_FILE": "/Users/maples/GitHub/mortalitree_testing/notebooks/single_tiles/prefire/17/22370/51403.geojson",
        "OUTPUT_STATUS_DIR": "prefire",
        "FEATURE_COUNT": 458
      },
      "geometry": {
        "type": "Polygon",
        "coordinates": [
          [
            [
              -118.55881260881328,
              36.146958305194985
            ],
            [
              -118.5587199888569,
              36.14695486357933
            ],
            [
              -118.55872553793515,
              36.146856629846944
            ],
            [
              -118.55881815777677,
              36.14686007145028
            ],
            [
              -118.55881260881328,
              36.146958305194985
            ]
          ]
        ]
      }
    },
    {
      "id": "3328",
      "type": "Feature",
      "properties": {
        "id": null,
        "SOURCE_FILE": "/Users/maples/GitHub/mortalitree_testing/labels/annayu_mortalitree_prefire_labels.geojson",
        "SUNETID": "annayu",
        "FIRENAME": "CASTLE",
        "FIRE_SLUG": "CASTLE",
        "PREFIRE": 1,
        "PREFIRE_STATUS": "prefire",
        "TILE_Z": 17,
        "TILE_X": 22370,
        "TILE_Y": 51403,
        "TILEXYZ": [
          17,
          22370,
          51403
        ],
        "OUTPUT_FILE": "/Users/maples/GitHub/mortalitree_testing/notebooks/single_tiles/prefire/17/22370/51403.geojson",
        "OUTPUT_STATUS_DIR": "prefire",
        "FEATURE_COUNT": 458
      },
      "geometry": {
        "type": "Polygon",
        "coordinates": [
          [
            [
              -118.55885877787495,
              36.147278502878066
            ],
            [
              -118.55878753145917,
              36.1472758554951
            ],
            [
              -118.55879112202997,
              36.14721229248963
            ],
            [
              -118.55886236838859,
              36.14721493986646
            ],
            [
              -118.55885877787495,
              36.147278502878066
            ]
          ]
        ]
      }
    },
    {
      "id": "3329",
      "type": "Feature",
      "properties": {
        "id": null,
        "SOURCE_FILE": "/Users/maples/GitHub/mortalitree_testing/labels/annayu_mortalitree_prefire_labels.geojson",
        "SUNETID": "annayu",
        "FIRENAME": "CASTLE",
        "FIRE_SLUG": "CASTLE",
        "PREFIRE": 1,
        "PREFIRE_STATUS": "prefire",
        "TILE_Z": 17,
        "TILE_X": 22370,
        "TILE_Y": 51403,
        "TILEXYZ": [
          17,
          22370,
          51403
        ],
        "OUTPUT_FILE": "/Users/maples/GitHub/mortalitree_testing/notebooks/single_tiles/prefire/17/22370/51403.geojson",
        "OUTPUT_STATUS_DIR": "prefire",
        "FEATURE_COUNT": 458
      },
      "geometry": {
        "type": "Polygon",
        "coordinates": [
          [
            [
              -118.55874858746816,
              36.14745970707877
            ],
            [
              -118.55866309158652,
              36.14745653012182
            ],
            [
              -118.55866602942868,
              36.14740452403686
            ],
            [
              -118.55875152525422,
              36.14740770098779
            ],
            [
              -118.55874858746816,
              36.14745970707877
            ]
          ]
        ]
      }
    },
    {
      "id": "3330",
      "type": "Feature",
      "properties": {
        "id": null,
        "SOURCE_FILE": "/Users/maples/GitHub/mortalitree_testing/labels/annayu_mortalitree_prefire_labels.geojson",
        "SUNETID": "annayu",
        "FIRENAME": "CASTLE",
        "FIRE_SLUG": "CASTLE",
        "PREFIRE": 1,
        "PREFIRE_STATUS": "prefire",
        "TILE_Z": 17,
        "TILE_X": 22370,
        "TILE_Y": 51403,
        "TILEXYZ": [
          17,
          22370,
          51403
        ],
        "OUTPUT_FILE": "/Users/maples/GitHub/mortalitree_testing/notebooks/single_tiles/prefire/17/22370/51403.geojson",
        "OUTPUT_STATUS_DIR": "prefire",
        "FEATURE_COUNT": 458
      },
      "geometry": {
        "type": "Polygon",
        "coordinates": [
          [
            [
              -118.55868465712058,
              36.147390739771495
            ],
            [
              -118.5585991613212,
              36.1473875627741
            ],
            [
              -118.55860275205866,
              36.147323999786074
            ],
            [
              -118.55868824778946,
              36.14732717677611
            ],
            [
              -118.55868465712058,
              36.147390739771495
            ]
          ]
        ]
      }
    },
    {
      "id": "3331",
      "type": "Feature",
      "properties": {
        "id": null,
        "SOURCE_FILE": "/Users/maples/GitHub/mortalitree_testing/labels/annayu_mortalitree_prefire_labels.geojson",
        "SUNETID": "annayu",
        "FIRENAME": "CASTLE",
        "FIRE_SLUG": "CASTLE",
        "PREFIRE": 1,
        "PREFIRE_STATUS": "prefire",
        "TILE_Z": 17,
        "TILE_X": 22370,
        "TILE_Y": 51403,
        "TILEXYZ": [
          17,
          22370,
          51403
        ],
        "OUTPUT_FILE": "/Users/maples/GitHub/mortalitree_testing/notebooks/single_tiles/prefire/17/22370/51403.geojson",
        "OUTPUT_STATUS_DIR": "prefire",
        "FEATURE_COUNT": 458
      },
      "geometry": {
        "type": "Polygon",
        "coordinates": [
          [
            [
              -118.55863613990833,
              36.147617664948775
            ],
            [
              -118.55856489320739,
              36.14761501741206
            ],
            [
              -118.55856783113138,
              36.14756301133542
            ],
            [
              -118.5586390777856,
              36.14756565886713
            ],
            [
              -118.55863613990833,
              36.147617664948775
            ]
          ]
        ]
      }
    },
    {
      "id": "3332",
      "type": "Feature",
      "properties": {
        "id": null,
        "SOURCE_FILE": "/Users/maples/GitHub/mortalitree_testing/labels/annayu_mortalitree_prefire_labels.geojson",
        "SUNETID": "annayu",
        "FIRENAME": "CASTLE",
        "FIRE_SLUG": "CASTLE",
        "PREFIRE": 1,
        "PREFIRE_STATUS": "prefire",
        "TILE_Z": 17,
        "TILE_X": 22370,
        "TILE_Y": 51403,
        "TILEXYZ": [
          17,
          22370,
          51403
        ],
        "OUTPUT_FILE": "/Users/maples/GitHub/mortalitree_testing/notebooks/single_tiles/prefire/17/22370/51403.geojson",
        "OUTPUT_STATUS_DIR": "prefire",
        "FEATURE_COUNT": 458
      },
      "geometry": {
        "type": "Polygon",
        "coordinates": [
          [
            [
              -118.55869849495748,
              36.147588133824925
            ],
            [
              -118.55863437294481,
              36.147585751078836
            ],
            [
              -118.5586382901098,
              36.14751640963628
            ],
            [
              -118.55870241206637,
              36.147518792376346
            ],
            [
              -118.55869849495748,
              36.147588133824925
            ]
          ]
        ]
      }
    },
    {
      "id": "3333",
      "type": "Feature",
      "properties": {
        "id": null,
        "SOURCE_FILE": "/Users/maples/GitHub/mortalitree_testing/labels/annayu_mortalitree_prefire_labels.geojson",
        "SUNETID": "annayu",
        "FIRENAME": "CASTLE",
        "FIRE_SLUG": "CASTLE",
        "PREFIRE": 1,
        "PREFIRE_STATUS": "prefire",
        "TILE_Z": 17,
        "TILE_X": 22370,
        "TILE_Y": 51403,
        "TILEXYZ": [
          17,
          22370,
          51403
        ],
        "OUTPUT_FILE": "/Users/maples/GitHub/mortalitree_testing/notebooks/single_tiles/prefire/17/22370/51403.geojson",
        "OUTPUT_STATUS_DIR": "prefire",
        "FEATURE_COUNT": 458
      },
      "geometry": {
        "type": "Polygon",
        "coordinates": [
          [
            [
              -118.55811020127487,
              36.14725937092582
            ],
            [
              -118.55801758105294,
              36.14725592874236
            ],
            [
              -118.55802149871359,
              36.14718658735415
            ],
            [
              -118.55811411885445,
              36.14719002952892
            ],
            [
              -118.55811020127487,
              36.14725937092582
            ]
          ]
        ]
      }
    },
    {
      "id": "3334",
      "type": "Feature",
      "properties": {
        "id": null,
        "SOURCE_FILE": "/Users/maples/GitHub/mortalitree_testing/labels/annayu_mortalitree_prefire_labels.geojson",
        "SUNETID": "annayu",
        "FIRENAME": "CASTLE",
        "FIRE_SLUG": "CASTLE",
        "PREFIRE": 1,
        "PREFIRE_STATUS": "prefire",
        "TILE_Z": 17,
        "TILE_X": 22370,
        "TILE_Y": 51403,
        "TILEXYZ": [
          17,
          22370,
          51403
        ],
        "OUTPUT_FILE": "/Users/maples/GitHub/mortalitree_testing/notebooks/single_tiles/prefire/17/22370/51403.geojson",
        "OUTPUT_STATUS_DIR": "prefire",
        "FEATURE_COUNT": 458
      },
      "geometry": {
        "type": "Polygon",
        "coordinates": [
          [
            [
              -118.55866888910292,
              36.1471643210725
            ],
            [
              -118.5586190166961,
              36.147162467834804
            ],
            [
              -118.55862228096188,
              36.14710468329655
            ],
            [
              -118.55867215333237,
              36.14710653653035
            ],
            [
              -118.55866888910292,
              36.1471643210725
            ]
          ]
        ]
      }
    },
    {
      "id": "3335",
      "type": "Feature",
      "properties": {
        "id": null,
        "SOURCE_FILE": "/Users/maples/GitHub/mortalitree_testing/labels/annayu_mortalitree_prefire_labels.geojson",
        "SUNETID": "annayu",
        "FIRENAME": "CASTLE",
        "FIRE_SLUG": "CASTLE",
        "PREFIRE": 1,
        "PREFIRE_STATUS": "prefire",
        "TILE_Z": 17,
        "TILE_X": 22370,
        "TILE_Y": 51403,
        "TILEXYZ": [
          17,
          22370,
          51403
        ],
        "OUTPUT_FILE": "/Users/maples/GitHub/mortalitree_testing/notebooks/single_tiles/prefire/17/22370/51403.geojson",
        "OUTPUT_STATUS_DIR": "prefire",
        "FEATURE_COUNT": 458
      },
      "geometry": {
        "type": "Polygon",
        "coordinates": [
          [
            [
              -118.55873412494978,
              36.147210174557756
            ],
            [
              -118.55868425250947,
              36.14720832134522
            ],
            [
              -118.55868719031099,
              36.14715631525661
            ],
            [
              -118.55873706271855,
              36.147158168465644
            ],
            [
              -118.55873412494978,
              36.147210174557756
            ]
          ]
        ]
      }
    },
    {
      "id": "3336",
      "type": "Feature",
      "properties": {
        "id": null,
        "SOURCE_FILE": "/Users/maples/GitHub/mortalitree_testing/labels/annayu_mortalitree_prefire_labels.geojson",
        "SUNETID": "annayu",
        "FIRENAME": "CASTLE",
        "FIRE_SLUG": "CASTLE",
        "PREFIRE": 1,
        "PREFIRE_STATUS": "prefire",
        "TILE_Z": 17,
        "TILE_X": 22370,
        "TILE_Y": 51403,
        "TILEXYZ": [
          17,
          22370,
          51403
        ],
        "OUTPUT_FILE": "/Users/maples/GitHub/mortalitree_testing/notebooks/single_tiles/prefire/17/22370/51403.geojson",
        "OUTPUT_STATUS_DIR": "prefire",
        "FEATURE_COUNT": 458
      },
      "geometry": {
        "type": "Polygon",
        "coordinates": [
          [
            [
              -118.55893578703484,
              36.14743191954099
            ],
            [
              -118.55885741581719,
              36.1474290074572
            ],
            [
              -118.55886198558645,
              36.147348109080795
            ],
            [
              -118.55894035672411,
              36.147351021156
            ],
            [
              -118.55893578703484,
              36.14743191954099
            ]
          ]
        ]
      }
    },
    {
      "id": "3337",
      "type": "Feature",
      "properties": {
        "id": null,
        "SOURCE_FILE": "/Users/maples/GitHub/mortalitree_testing/labels/annayu_mortalitree_prefire_labels.geojson",
        "SUNETID": "annayu",
        "FIRENAME": "CASTLE",
        "FIRE_SLUG": "CASTLE",
        "PREFIRE": 1,
        "PREFIRE_STATUS": "prefire",
        "TILE_Z": 17,
        "TILE_X": 22370,
        "TILE_Y": 51403,
        "TILEXYZ": [
          17,
          22370,
          51403
        ],
        "OUTPUT_FILE": "/Users/maples/GitHub/mortalitree_testing/notebooks/single_tiles/prefire/17/22370/51403.geojson",
        "OUTPUT_STATUS_DIR": "prefire",
        "FEATURE_COUNT": 458
      },
      "geometry": {
        "type": "Polygon",
        "coordinates": [
          [
            [
              -118.55891811043186,
              36.147492063861534
            ],
            [
              -118.55883261449539,
              36.147488887023165
            ],
            [
              -118.55883653147201,
              36.14741954556081
            ],
            [
              -118.55892202733368,
              36.14742272239115
            ],
            [
              -118.55891811043186,
              36.147492063861534
            ]
          ]
        ]
      }
    },
    {
      "id": "3338",
      "type": "Feature",
      "properties": {
        "id": null,
        "SOURCE_FILE": "/Users/maples/GitHub/mortalitree_testing/labels/annayu_mortalitree_prefire_labels.geojson",
        "SUNETID": "annayu",
        "FIRENAME": "CASTLE",
        "FIRE_SLUG": "CASTLE",
        "PREFIRE": 1,
        "PREFIRE_STATUS": "prefire",
        "TILE_Z": 17,
        "TILE_X": 22370,
        "TILE_Y": 51403,
        "TILEXYZ": [
          17,
          22370,
          51403
        ],
        "OUTPUT_FILE": "/Users/maples/GitHub/mortalitree_testing/notebooks/single_tiles/prefire/17/22370/51403.geojson",
        "OUTPUT_STATUS_DIR": "prefire",
        "FEATURE_COUNT": 458
      },
      "geometry": {
        "type": "Polygon",
        "coordinates": [
          [
            [
              -118.55870252540583,
              36.14726401089832
            ],
            [
              -118.55862415438006,
              36.14726109867349
            ],
            [
              -118.55862709222691,
              36.147209092589584
            ],
            [
              -118.55870546320128,
              36.1472120048089
            ],
            [
              -118.55870252540583,
              36.14726401089832
            ]
          ]
        ]
      }
    },
    {
      "id": "3339",
      "type": "Feature",
      "properties": {
        "id": null,
        "SOURCE_FILE": "/Users/maples/GitHub/mortalitree_testing/labels/annayu_mortalitree_prefire_labels.geojson",
        "SUNETID": "annayu",
        "FIRENAME": "CASTLE",
        "FIRE_SLUG": "CASTLE",
        "PREFIRE": 1,
        "PREFIRE_STATUS": "prefire",
        "TILE_Z": 17,
        "TILE_X": 22370,
        "TILE_Y": 51403,
        "TILEXYZ": [
          17,
          22370,
          51403
        ],
        "OUTPUT_FILE": "/Users/maples/GitHub/mortalitree_testing/notebooks/single_tiles/prefire/17/22370/51403.geojson",
        "OUTPUT_STATUS_DIR": "prefire",
        "FEATURE_COUNT": 458
      },
      "geometry": {
        "type": "Polygon",
        "coordinates": [
          [
            [
              -118.55889249897221,
              36.14718710652592
            ],
            [
              -118.55889772147678,
              36.14709465123035
            ],
            [
              -118.5589599609375,
              36.147096963869544
            ],
            [
              -118.5589599609375,
              36.14718961322389
            ],
            [
              -118.55889249897221,
              36.14718710652592
            ]
          ]
        ]
      }
    },
    {
      "id": "3340",
      "type": "Feature",
      "properties": {
        "id": null,
        "SOURCE_FILE": "/Users/maples/GitHub/mortalitree_testing/labels/annayu_mortalitree_prefire_labels.geojson",
        "SUNETID": "annayu",
        "FIRENAME": "CASTLE",
        "FIRE_SLUG": "CASTLE",
        "PREFIRE": 1,
        "PREFIRE_STATUS": "prefire",
        "TILE_Z": 17,
        "TILE_X": 22370,
        "TILE_Y": 51403,
        "TILEXYZ": [
          17,
          22370,
          51403
        ],
        "OUTPUT_FILE": "/Users/maples/GitHub/mortalitree_testing/notebooks/single_tiles/prefire/17/22370/51403.geojson",
        "OUTPUT_STATUS_DIR": "prefire",
        "FEATURE_COUNT": 458
      },
      "geometry": {
        "type": "Polygon",
        "coordinates": [
          [
            [
              -118.55892170658548,
              36.14704921777667
            ],
            [
              -118.55887895885566,
              36.14704762938307
            ],
            [
              -118.55888189651135,
              36.14699562327928
            ],
            [
              -118.5589246442131,
              36.14699721166989
            ],
            [
              -118.55892170658548,
              36.14704921777667
            ]
          ]
        ]
      }
    },
    {
      "id": "3341",
      "type": "Feature",
      "properties": {
        "id": null,
        "SOURCE_FILE": "/Users/maples/GitHub/mortalitree_testing/labels/annayu_mortalitree_prefire_labels.geojson",
        "SUNETID": "annayu",
        "FIRENAME": "CASTLE",
        "FIRE_SLUG": "CASTLE",
        "PREFIRE": 1,
        "PREFIRE_STATUS": "prefire",
        "TILE_Z": 17,
        "TILE_X": 22370,
        "TILE_Y": 51403,
        "TILEXYZ": [
          17,
          22370,
          51403
        ],
        "OUTPUT_FILE": "/Users/maples/GitHub/mortalitree_testing/notebooks/single_tiles/prefire/17/22370/51403.geojson",
        "OUTPUT_STATUS_DIR": "prefire",
        "FEATURE_COUNT": 458
      },
      "geometry": {
        "type": "Polygon",
        "coordinates": [
          [
            [
              -118.55894229255581,
              36.14700076272306
            ],
            [
              -118.55894620936594,
              36.14693142124472
            ],
            [
              -118.5589599609375,
              36.14693193220578
            ],
            [
              -118.5589599609375,
              36.14700141922039
            ],
            [
              -118.55894229255581,
              36.14700076272306
            ]
          ]
        ]
      }
    },
    {
      "id": "3342",
      "type": "Feature",
      "properties": {
        "id": null,
        "SOURCE_FILE": "/Users/maples/GitHub/mortalitree_testing/labels/annayu_mortalitree_prefire_labels.geojson",
        "SUNETID": "annayu",
        "FIRENAME": "CASTLE",
        "FIRE_SLUG": "CASTLE",
        "PREFIRE": 1,
        "PREFIRE_STATUS": "prefire",
        "TILE_Z": 17,
        "TILE_X": 22370,
        "TILE_Y": 51403,
        "TILEXYZ": [
          17,
          22370,
          51403
        ],
        "OUTPUT_FILE": "/Users/maples/GitHub/mortalitree_testing/notebooks/single_tiles/prefire/17/22370/51403.geojson",
        "OUTPUT_STATUS_DIR": "prefire",
        "FEATURE_COUNT": 458
      },
      "geometry": {
        "type": "Polygon",
        "coordinates": [
          [
            [
              -118.55890702400411,
              36.14692996522991
            ],
            [
              -118.55890996162863,
              36.14687795912314
            ],
            [
              -118.5589599609375,
              36.146879816945436
            ],
            [
              -118.5589599609375,
              36.14693193220784
            ],
            [
              -118.55890702400411,
              36.14692996522991
            ]
          ]
        ]
      }
    },
    {
      "id": "3343",
      "type": "Feature",
      "properties": {
        "id": null,
        "SOURCE_FILE": "/Users/maples/GitHub/mortalitree_testing/labels/annayu_mortalitree_prefire_labels.geojson",
        "SUNETID": "annayu",
        "FIRENAME": "CASTLE",
        "FIRE_SLUG": "CASTLE",
        "PREFIRE": 1,
        "PREFIRE_STATUS": "prefire",
        "TILE_Z": 17,
        "TILE_X": 22370,
        "TILE_Y": 51403,
        "TILEXYZ": [
          17,
          22370,
          51403
        ],
        "OUTPUT_FILE": "/Users/maples/GitHub/mortalitree_testing/notebooks/single_tiles/prefire/17/22370/51403.geojson",
        "OUTPUT_STATUS_DIR": "prefire",
        "FEATURE_COUNT": 458
      },
      "geometry": {
        "type": "Polygon",
        "coordinates": [
          [
            [
              -118.55893506095153,
              36.14687599644946
            ],
            [
              -118.5589370193525,
              36.14684132571006
            ],
            [
              -118.5589599609375,
              36.146842178146095
            ],
            [
              -118.5589599609375,
              36.146876921654204
            ],
            [
              -118.55893506095153,
              36.14687599644946
            ]
          ]
        ]
      }
    },
    {
      "id": "3344",
      "type": "Feature",
      "properties": {
        "id": null,
        "SOURCE_FILE": "/Users/maples/GitHub/mortalitree_testing/labels/annayu_mortalitree_prefire_labels.geojson",
        "SUNETID": "annayu",
        "FIRENAME": "CASTLE",
        "FIRE_SLUG": "CASTLE",
        "PREFIRE": 1,
        "PREFIRE_STATUS": "prefire",
        "TILE_Z": 17,
        "TILE_X": 22370,
        "TILE_Y": 51403,
        "TILEXYZ": [
          17,
          22370,
          51403
        ],
        "OUTPUT_FILE": "/Users/maples/GitHub/mortalitree_testing/notebooks/single_tiles/prefire/17/22370/51403.geojson",
        "OUTPUT_STATUS_DIR": "prefire",
        "FEATURE_COUNT": 458
      },
      "geometry": {
        "type": "Polygon",
        "coordinates": [
          [
            [
              -118.55891094083512,
              36.14686062375408
            ],
            [
              -118.55882544558479,
              36.14685744695819
            ],
            [
              -118.55882870966273,
              36.146799662400774
            ],
            [
              -118.55891420485075,
              36.146802839189974
            ],
            [
              -118.55891094083512,
              36.14686062375408
            ]
          ]
        ]
      }
    },
    {
      "id": "3345",
      "type": "Feature",
      "properties": {
        "id": null,
        "SOURCE_FILE": "/Users/maples/GitHub/mortalitree_testing/labels/annayu_mortalitree_prefire_labels.geojson",
        "SUNETID": "annayu",
        "FIRENAME": "CASTLE",
        "FIRE_SLUG": "CASTLE",
        "PREFIRE": 1,
        "PREFIRE_STATUS": "prefire",
        "TILE_Z": 17,
        "TILE_X": 22370,
        "TILE_Y": 51403,
        "TILEXYZ": [
          17,
          22370,
          51403
        ],
        "OUTPUT_FILE": "/Users/maples/GitHub/mortalitree_testing/notebooks/single_tiles/prefire/17/22370/51403.geojson",
        "OUTPUT_STATUS_DIR": "prefire",
        "FEATURE_COUNT": 458
      },
      "geometry": {
        "type": "Polygon",
        "coordinates": [
          [
            [
              -118.55890634306428,
              36.147005217526626
            ],
            [
              -118.55882797227424,
              36.14700230545306
            ],
            [
              -118.55883188918521,
              36.1469329639855
            ],
            [
              -118.55891025990668,
              36.146935876051714
            ],
            [
              -118.55890634306428,
              36.147005217526626
            ]
          ]
        ]
      }
    },
    {
      "id": "3346",
      "type": "Feature",
      "properties": {
        "id": null,
        "SOURCE_FILE": "/Users/maples/GitHub/mortalitree_testing/labels/annayu_mortalitree_prefire_labels.geojson",
        "SUNETID": "annayu",
        "FIRENAME": "CASTLE",
        "FIRE_SLUG": "CASTLE",
        "PREFIRE": 1,
        "PREFIRE_STATUS": "prefire",
        "TILE_Z": 17,
        "TILE_X": 22370,
        "TILE_Y": 51403,
        "TILEXYZ": [
          17,
          22370,
          51403
        ],
        "OUTPUT_FILE": "/Users/maples/GitHub/mortalitree_testing/notebooks/single_tiles/prefire/17/22370/51403.geojson",
        "OUTPUT_STATUS_DIR": "prefire",
        "FEATURE_COUNT": 458
      },
      "geometry": {
        "type": "Polygon",
        "coordinates": [
          [
            [
              -118.55879104354123,
              36.1470240955875
            ],
            [
              -118.55874117121486,
              36.147022242406834
            ],
            [
              -118.55874541462036,
              36.14694712249272
            ],
            [
              -118.55879528689944,
              36.14694897566832
            ],
            [
              -118.55879104354123,
              36.1470240955875
            ]
          ]
        ]
      }
    },
    {
      "id": "3347",
      "type": "Feature",
      "properties": {
        "id": null,
        "SOURCE_FILE": "/Users/maples/GitHub/mortalitree_testing/labels/annayu_mortalitree_prefire_labels.geojson",
        "SUNETID": "annayu",
        "FIRENAME": "CASTLE",
        "FIRE_SLUG": "CASTLE",
        "PREFIRE": 1,
        "PREFIRE_STATUS": "prefire",
        "TILE_Z": 17,
        "TILE_X": 22370,
        "TILE_Y": 51403,
        "TILEXYZ": [
          17,
          22370,
          51403
        ],
        "OUTPUT_FILE": "/Users/maples/GitHub/mortalitree_testing/notebooks/single_tiles/prefire/17/22370/51403.geojson",
        "OUTPUT_STATUS_DIR": "prefire",
        "FEATURE_COUNT": 458
      },
      "geometry": {
        "type": "Polygon",
        "coordinates": [
          [
            [
              -118.55858747391439,
              36.14708891341145
            ],
            [
              -118.55852335231774,
              36.14708653063414
            ],
            [
              -118.55852563734756,
              36.14704608146221
            ],
            [
              -118.55858975891147,
              36.14704846423601
            ],
            [
              -118.55858747391439,
              36.14708891341145
            ]
          ]
        ]
      }
    },
    {
      "id": "3348",
      "type": "Feature",
      "properties": {
        "id": null,
        "SOURCE_FILE": "/Users/maples/GitHub/mortalitree_testing/labels/annayu_mortalitree_prefire_labels.geojson",
        "SUNETID": "annayu",
        "FIRENAME": "CASTLE",
        "FIRE_SLUG": "CASTLE",
        "PREFIRE": 1,
        "PREFIRE_STATUS": "prefire",
        "TILE_Z": 17,
        "TILE_X": 22370,
        "TILE_Y": 51403,
        "TILEXYZ": [
          17,
          22370,
          51403
        ],
        "OUTPUT_FILE": "/Users/maples/GitHub/mortalitree_testing/notebooks/single_tiles/prefire/17/22370/51403.geojson",
        "OUTPUT_STATUS_DIR": "prefire",
        "FEATURE_COUNT": 458
      },
      "geometry": {
        "type": "Polygon",
        "coordinates": [
          [
            [
              -118.55861368741711,
              36.14713042158924
            ],
            [
              -118.5585780642869,
              36.147129097834785
            ],
            [
              -118.55858034929217,
              36.147088648660116
            ],
            [
              -118.55861597240418,
              36.14708997241263
            ],
            [
              -118.55861368741711,
              36.14713042158924
            ]
          ]
        ]
      }
    },
    {
      "id": "3349",
      "type": "Feature",
      "properties": {
        "id": null,
        "SOURCE_FILE": "/Users/maples/GitHub/mortalitree_testing/labels/annayu_mortalitree_prefire_labels.geojson",
        "SUNETID": "annayu",
        "FIRENAME": "CASTLE",
        "FIRE_SLUG": "CASTLE",
        "PREFIRE": 1,
        "PREFIRE_STATUS": "prefire",
        "TILE_Z": 17,
        "TILE_X": 22370,
        "TILE_Y": 51403,
        "TILEXYZ": [
          17,
          22370,
          51403
        ],
        "OUTPUT_FILE": "/Users/maples/GitHub/mortalitree_testing/notebooks/single_tiles/prefire/17/22370/51403.geojson",
        "OUTPUT_STATUS_DIR": "prefire",
        "FEATURE_COUNT": 458
      },
      "geometry": {
        "type": "Polygon",
        "coordinates": [
          [
            [
              -118.55856890311017,
              36.14697530693681
            ],
            [
              -118.55849053238586,
              36.146972394644486
            ],
            [
              -118.55849412315642,
              36.146908831661435
            ],
            [
              -118.55857249381789,
              36.14691174394702
            ],
            [
              -118.55856890311017,
              36.14697530693681
            ]
          ]
        ]
      }
    },
    {
      "id": "3350",
      "type": "Feature",
      "properties": {
        "id": null,
        "SOURCE_FILE": "/Users/maples/GitHub/mortalitree_testing/labels/annayu_mortalitree_prefire_labels.geojson",
        "SUNETID": "annayu",
        "FIRENAME": "CASTLE",
        "FIRE_SLUG": "CASTLE",
        "PREFIRE": 1,
        "PREFIRE_STATUS": "prefire",
        "TILE_Z": 17,
        "TILE_X": 22370,
        "TILE_Y": 51403,
        "TILEXYZ": [
          17,
          22370,
          51403
        ],
        "OUTPUT_FILE": "/Users/maples/GitHub/mortalitree_testing/notebooks/single_tiles/prefire/17/22370/51403.geojson",
        "OUTPUT_STATUS_DIR": "prefire",
        "FEATURE_COUNT": 458
      },
      "geometry": {
        "type": "Polygon",
        "coordinates": [
          [
            [
              -118.55867789403037,
              36.14694171820838
            ],
            [
              -118.55859952332784,
              36.14693880598969
            ],
            [
              -118.55860409328,
              36.14685790763503
            ],
            [
              -118.55868246390251,
              36.146860819845145
            ],
            [
              -118.55867789403037,
              36.14694171820838
            ]
          ]
        ]
      }
    },
    {
      "id": "3351",
      "type": "Feature",
      "properties": {
        "id": null,
        "SOURCE_FILE": "/Users/maples/GitHub/mortalitree_testing/labels/annayu_mortalitree_prefire_labels.geojson",
        "SUNETID": "annayu",
        "FIRENAME": "CASTLE",
        "FIRE_SLUG": "CASTLE",
        "PREFIRE": 1,
        "PREFIRE_STATUS": "prefire",
        "TILE_Z": 17,
        "TILE_X": 22370,
        "TILE_Y": 51403,
        "TILEXYZ": [
          17,
          22370,
          51403
        ],
        "OUTPUT_FILE": "/Users/maples/GitHub/mortalitree_testing/notebooks/single_tiles/prefire/17/22370/51403.geojson",
        "OUTPUT_STATUS_DIR": "prefire",
        "FEATURE_COUNT": 458
      },
      "geometry": {
        "type": "Polygon",
        "coordinates": [
          [
            [
              -118.55849621650991,
              36.14693496707793
            ],
            [
              -118.5584392196532,
              36.14693284901965
            ],
            [
              -118.55844215758684,
              36.14688084294597
            ],
            [
              -118.55849915440615,
              36.14688296100025
            ],
            [
              -118.55849621650991,
              36.14693496707793
            ]
          ]
        ]
      }
    },
    {
      "id": "3352",
      "type": "Feature",
      "properties": {
        "id": null,
        "SOURCE_FILE": "/Users/maples/GitHub/mortalitree_testing/labels/annayu_mortalitree_prefire_labels.geojson",
        "SUNETID": "annayu",
        "FIRENAME": "CASTLE",
        "FIRE_SLUG": "CASTLE",
        "PREFIRE": 1,
        "PREFIRE_STATUS": "prefire",
        "TILE_Z": 17,
        "TILE_X": 22370,
        "TILE_Y": 51403,
        "TILEXYZ": [
          17,
          22370,
          51403
        ],
        "OUTPUT_FILE": "/Users/maples/GitHub/mortalitree_testing/notebooks/single_tiles/prefire/17/22370/51403.geojson",
        "OUTPUT_STATUS_DIR": "prefire",
        "FEATURE_COUNT": 458
      },
      "geometry": {
        "type": "Polygon",
        "coordinates": [
          [
            [
              -118.55848484825454,
              36.14700982221022
            ],
            [
              -118.55844210057148,
              36.14700823366217
            ],
            [
              -118.55844536494864,
              36.14695044913633
            ],
            [
              -118.5584881126005,
              36.14695203768104
            ],
            [
              -118.55848484825454,
              36.14700982221022
            ]
          ]
        ]
      }
    },
    {
      "id": "3353",
      "type": "Feature",
      "properties": {
        "id": null,
        "SOURCE_FILE": "/Users/maples/GitHub/mortalitree_testing/labels/annayu_mortalitree_prefire_labels.geojson",
        "SUNETID": "annayu",
        "FIRENAME": "CASTLE",
        "FIRE_SLUG": "CASTLE",
        "PREFIRE": 1,
        "PREFIRE_STATUS": "prefire",
        "TILE_Z": 17,
        "TILE_X": 22370,
        "TILE_Y": 51403,
        "TILEXYZ": [
          17,
          22370,
          51403
        ],
        "OUTPUT_FILE": "/Users/maples/GitHub/mortalitree_testing/notebooks/single_tiles/prefire/17/22370/51403.geojson",
        "OUTPUT_STATUS_DIR": "prefire",
        "FEATURE_COUNT": 458
      },
      "geometry": {
        "type": "Polygon",
        "coordinates": [
          [
            [
              -118.558524821266,
              36.1470605275951
            ],
            [
              -118.55846069969793,
              36.14705814478583
            ],
            [
              -118.55846429050384,
              36.14699458180629
            ],
            [
              -118.5585284120205,
              36.146996964610025
            ],
            [
              -118.558524821266,
              36.1470605275951
            ]
          ]
        ]
      }
    },
    {
      "id": "3354",
      "type": "Feature",
      "properties": {
        "id": null,
        "SOURCE_FILE": "/Users/maples/GitHub/mortalitree_testing/labels/annayu_mortalitree_prefire_labels.geojson",
        "SUNETID": "annayu",
        "FIRENAME": "CASTLE",
        "FIRE_SLUG": "CASTLE",
        "PREFIRE": 1,
        "PREFIRE_STATUS": "prefire",
        "TILE_Z": 17,
        "TILE_X": 22370,
        "TILE_Y": 51403,
        "TILEXYZ": [
          17,
          22370,
          51403
        ],
        "OUTPUT_FILE": "/Users/maples/GitHub/mortalitree_testing/notebooks/single_tiles/prefire/17/22370/51403.geojson",
        "OUTPUT_STATUS_DIR": "prefire",
        "FEATURE_COUNT": 458
      },
      "geometry": {
        "type": "Polygon",
        "coordinates": [
          [
            [
              -118.55860093548,
              36.14704019368102
            ],
            [
              -118.55852968930473,
              36.14703754615962
            ],
            [
              -118.55853295362112,
              36.14697976162719
            ],
            [
              -118.55860419974447,
              36.14698240914301
            ],
            [
              -118.55860093548,
              36.14704019368102
            ]
          ]
        ]
      }
    },
    {
      "id": "3355",
      "type": "Feature",
      "properties": {
        "id": null,
        "SOURCE_FILE": "/Users/maples/GitHub/mortalitree_testing/labels/annayu_mortalitree_prefire_labels.geojson",
        "SUNETID": "annayu",
        "FIRENAME": "CASTLE",
        "FIRE_SLUG": "CASTLE",
        "PREFIRE": 1,
        "PREFIRE_STATUS": "prefire",
        "TILE_Z": 17,
        "TILE_X": 22370,
        "TILE_Y": 51403,
        "TILEXYZ": [
          17,
          22370,
          51403
        ],
        "OUTPUT_FILE": "/Users/maples/GitHub/mortalitree_testing/notebooks/single_tiles/prefire/17/22370/51403.geojson",
        "OUTPUT_STATUS_DIR": "prefire",
        "FEATURE_COUNT": 458
      },
      "geometry": {
        "type": "Polygon",
        "coordinates": [
          [
            [
              -118.55809777638244,
              36.14716336455425
            ],
            [
              -118.55799803165193,
              36.14715965758259
            ],
            [
              -118.55800423461385,
              36.14704986705187
            ],
            [
              -118.55810397920612,
              36.147053574008716
            ],
            [
              -118.55809777638244,
              36.14716336455425
            ]
          ]
        ]
      }
    },
    {
      "id": "3356",
      "type": "Feature",
      "properties": {
        "id": null,
        "SOURCE_FILE": "/Users/maples/GitHub/mortalitree_testing/labels/annayu_mortalitree_prefire_labels.geojson",
        "SUNETID": "annayu",
        "FIRENAME": "CASTLE",
        "FIRE_SLUG": "CASTLE",
        "PREFIRE": 1,
        "PREFIRE_STATUS": "prefire",
        "TILE_Z": 17,
        "TILE_X": 22370,
        "TILE_Y": 51403,
        "TILEXYZ": [
          17,
          22370,
          51403
        ],
        "OUTPUT_FILE": "/Users/maples/GitHub/mortalitree_testing/notebooks/single_tiles/prefire/17/22370/51403.geojson",
        "OUTPUT_STATUS_DIR": "prefire",
        "FEATURE_COUNT": 458
      },
      "geometry": {
        "type": "Polygon",
        "coordinates": [
          [
            [
              -118.55818974358836,
              36.14717836356895
            ],
            [
              -118.55810424807702,
              36.14717518623425
            ],
            [
              -118.55810718625783,
              36.147123180186355
            ],
            [
              -118.5581926817131,
              36.14712635751504
            ],
            [
              -118.55818974358836,
              36.14717836356895
            ]
          ]
        ]
      }
    },
    {
      "id": "3357",
      "type": "Feature",
      "properties": {
        "id": null,
        "SOURCE_FILE": "/Users/maples/GitHub/mortalitree_testing/labels/annayu_mortalitree_prefire_labels.geojson",
        "SUNETID": "annayu",
        "FIRENAME": "CASTLE",
        "FIRE_SLUG": "CASTLE",
        "PREFIRE": 1,
        "PREFIRE_STATUS": "prefire",
        "TILE_Z": 17,
        "TILE_X": 22370,
        "TILE_Y": 51403,
        "TILEXYZ": [
          17,
          22370,
          51403
        ],
        "OUTPUT_FILE": "/Users/maples/GitHub/mortalitree_testing/notebooks/single_tiles/prefire/17/22370/51403.geojson",
        "OUTPUT_STATUS_DIR": "prefire",
        "FEATURE_COUNT": 458
      },
      "geometry": {
        "type": "Polygon",
        "coordinates": [
          [
            [
              -118.55842355850258,
              36.14683093182212
            ],
            [
              -118.55837368632343,
              36.14682907849692
            ],
            [
              -118.55837727716946,
              36.14676551552245
            ],
            [
              -118.55842714930861,
              36.14676736884337
            ],
            [
              -118.55842355850258,
              36.14683093182212
            ]
          ]
        ]
      }
    },
    {
      "id": "3358",
      "type": "Feature",
      "properties": {
        "id": null,
        "SOURCE_FILE": "/Users/maples/GitHub/mortalitree_testing/labels/annayu_mortalitree_prefire_labels.geojson",
        "SUNETID": "annayu",
        "FIRENAME": "CASTLE",
        "FIRE_SLUG": "CASTLE",
        "PREFIRE": 1,
        "PREFIRE_STATUS": "prefire",
        "TILE_Z": 17,
        "TILE_X": 22370,
        "TILE_Y": 51403,
        "TILEXYZ": [
          17,
          22370,
          51403
        ],
        "OUTPUT_FILE": "/Users/maples/GitHub/mortalitree_testing/notebooks/single_tiles/prefire/17/22370/51403.geojson",
        "OUTPUT_STATUS_DIR": "prefire",
        "FEATURE_COUNT": 458
      },
      "geometry": {
        "type": "Polygon",
        "coordinates": [
          [
            [
              -118.55847702145232,
              36.1467692221436
            ],
            [
              -118.55841290012553,
              36.146766839325224
            ],
            [
              -118.55841403344323,
              36.146746777814364
            ],
            [
              -118.55847828936227,
              36.146746777814364
            ],
            [
              -118.55847702145232,
              36.1467692221436
            ]
          ]
        ]
      }
    },
    {
      "id": "3359",
      "type": "Feature",
      "properties": {
        "id": null,
        "SOURCE_FILE": "/Users/maples/GitHub/mortalitree_testing/labels/annayu_mortalitree_prefire_labels.geojson",
        "SUNETID": "annayu",
        "FIRENAME": "CASTLE",
        "FIRE_SLUG": "CASTLE",
        "PREFIRE": 1,
        "PREFIRE_STATUS": "prefire",
        "TILE_Z": 17,
        "TILE_X": 22370,
        "TILE_Y": 51403,
        "TILEXYZ": [
          17,
          22370,
          51403
        ],
        "OUTPUT_FILE": "/Users/maples/GitHub/mortalitree_testing/notebooks/single_tiles/prefire/17/22370/51403.geojson",
        "OUTPUT_STATUS_DIR": "prefire",
        "FEATURE_COUNT": 458
      },
      "geometry": {
        "type": "Polygon",
        "coordinates": [
          [
            [
              -118.55849480448073,
              36.14683357939367
            ],
            [
              -118.5584306831,
              36.146831196581175
            ],
            [
              -118.55843362102836,
              36.14677919050722
            ],
            [
              -118.558497742367,
              36.146781573315195
            ],
            [
              -118.55849480448073,
              36.14683357939367
            ]
          ]
        ]
      }
    },
    {
      "id": "3360",
      "type": "Feature",
      "properties": {
        "id": null,
        "SOURCE_FILE": "/Users/maples/GitHub/mortalitree_testing/labels/annayu_mortalitree_prefire_labels.geojson",
        "SUNETID": "annayu",
        "FIRENAME": "CASTLE",
        "FIRE_SLUG": "CASTLE",
        "PREFIRE": 1,
        "PREFIRE_STATUS": "prefire",
        "TILE_Z": 17,
        "TILE_X": 22370,
        "TILE_Y": 51403,
        "TILEXYZ": [
          17,
          22370,
          51403
        ],
        "OUTPUT_FILE": "/Users/maples/GitHub/mortalitree_testing/notebooks/single_tiles/prefire/17/22370/51403.geojson",
        "OUTPUT_STATUS_DIR": "prefire",
        "FEATURE_COUNT": 458
      },
      "geometry": {
        "type": "Polygon",
        "coordinates": [
          [
            [
              -118.55861768963614,
              36.14686999403972
            ],
            [
              -118.55857494202125,
              36.14686840554435
            ],
            [
              -118.55857722700634,
              36.1468279563681
            ],
            [
              -118.5586199745994,
              36.14682954486113
            ],
            [
              -118.55861768963614,
              36.14686999403972
            ]
          ]
        ]
      }
    },
    {
      "id": "3361",
      "type": "Feature",
      "properties": {
        "id": null,
        "SOURCE_FILE": "/Users/maples/GitHub/mortalitree_testing/labels/annayu_mortalitree_prefire_labels.geojson",
        "SUNETID": "annayu",
        "FIRENAME": "CASTLE",
        "FIRE_SLUG": "CASTLE",
        "PREFIRE": 1,
        "PREFIRE_STATUS": "prefire",
        "TILE_Z": 17,
        "TILE_X": 22370,
        "TILE_Y": 51403,
        "TILEXYZ": [
          17,
          22370,
          51403
        ],
        "OUTPUT_FILE": "/Users/maples/GitHub/mortalitree_testing/notebooks/single_tiles/prefire/17/22370/51403.geojson",
        "OUTPUT_STATUS_DIR": "prefire",
        "FEATURE_COUNT": 458
      },
      "geometry": {
        "type": "Polygon",
        "coordinates": [
          [
            [
              -118.55856458154554,
              36.14686222996448
            ],
            [
              -118.55850758473615,
              36.1468601119424
            ],
            [
              -118.55850986975513,
              36.1468196627698
            ],
            [
              -118.55856686653544,
              36.14682178078878
            ],
            [
              -118.55856458154554,
              36.14686222996448
            ]
          ]
        ]
      }
    },
    {
      "id": "3362",
      "type": "Feature",
      "properties": {
        "id": null,
        "SOURCE_FILE": "/Users/maples/GitHub/mortalitree_testing/labels/annayu_mortalitree_prefire_labels.geojson",
        "SUNETID": "annayu",
        "FIRENAME": "CASTLE",
        "FIRE_SLUG": "CASTLE",
        "PREFIRE": 1,
        "PREFIRE_STATUS": "prefire",
        "TILE_Z": 17,
        "TILE_X": 22370,
        "TILE_Y": 51403,
        "TILEXYZ": [
          17,
          22370,
          51403
        ],
        "OUTPUT_FILE": "/Users/maples/GitHub/mortalitree_testing/notebooks/single_tiles/prefire/17/22370/51403.geojson",
        "OUTPUT_STATUS_DIR": "prefire",
        "FEATURE_COUNT": 458
      },
      "geometry": {
        "type": "Polygon",
        "coordinates": [
          [
            [
              -118.55868102332309,
              36.14682312751834
            ],
            [
              -118.55864540032857,
              36.14682180379357
            ],
            [
              -118.55864963848836,
              36.146746777814364
            ],
            [
              -118.55865217150247,
              36.146746777814364
            ],
            [
              -118.55868526675502,
              36.14674800760788
            ],
            [
              -118.55868102332309,
              36.14682312751834
            ]
          ]
        ]
      }
    },
    {
      "id": "3363",
      "type": "Feature",
      "properties": {
        "id": null,
        "SOURCE_FILE": "/Users/maples/GitHub/mortalitree_testing/labels/annayu_mortalitree_prefire_labels.geojson",
        "SUNETID": "annayu",
        "FIRENAME": "CASTLE",
        "FIRE_SLUG": "CASTLE",
        "PREFIRE": 1,
        "PREFIRE_STATUS": "prefire",
        "TILE_Z": 17,
        "TILE_X": 22370,
        "TILE_Y": 51403,
        "TILEXYZ": [
          17,
          22370,
          51403
        ],
        "OUTPUT_FILE": "/Users/maples/GitHub/mortalitree_testing/notebooks/single_tiles/prefire/17/22370/51403.geojson",
        "OUTPUT_STATUS_DIR": "prefire",
        "FEATURE_COUNT": 458
      },
      "geometry": {
        "type": "Polygon",
        "coordinates": [
          [
            [
              -118.55866275051193,
              36.146767437967284
            ],
            [
              -118.55859862917042,
              36.14676505524846
            ],
            [
              -118.55859966165764,
              36.146746777814364
            ],
            [
              -118.55866391758148,
              36.146746777814364
            ],
            [
              -118.55866275051193,
              36.146767437967284
            ]
          ]
        ]
      }
    },
    {
      "id": "3364",
      "type": "Feature",
      "properties": {
        "id": null,
        "SOURCE_FILE": "/Users/maples/GitHub/mortalitree_testing/labels/annayu_mortalitree_prefire_labels.geojson",
        "SUNETID": "annayu",
        "FIRENAME": "CASTLE",
        "FIRE_SLUG": "CASTLE",
        "PREFIRE": 1,
        "PREFIRE_STATUS": "prefire",
        "TILE_Z": 17,
        "TILE_X": 22370,
        "TILE_Y": 51403,
        "TILEXYZ": [
          17,
          22370,
          51403
        ],
        "OUTPUT_FILE": "/Users/maples/GitHub/mortalitree_testing/notebooks/single_tiles/prefire/17/22370/51403.geojson",
        "OUTPUT_STATUS_DIR": "prefire",
        "FEATURE_COUNT": 458
      },
      "geometry": {
        "type": "Polygon",
        "coordinates": [
          [
            [
              -118.55858598373175,
              36.14679932884872
            ],
            [
              -118.55852186237095,
              36.14679694608699
            ],
            [
              -118.55852447380643,
              36.14675071845973
            ],
            [
              -118.55858859512983,
              36.146753101217456
            ],
            [
              -118.55858598373175,
              36.14679932884872
            ]
          ]
        ]
      }
    },
    {
      "id": "3365",
      "type": "Feature",
      "properties": {
        "id": null,
        "SOURCE_FILE": "/Users/maples/GitHub/mortalitree_testing/labels/annayu_mortalitree_prefire_labels.geojson",
        "SUNETID": "annayu",
        "FIRENAME": "CASTLE",
        "FIRE_SLUG": "CASTLE",
        "PREFIRE": 1,
        "PREFIRE_STATUS": "prefire",
        "TILE_Z": 17,
        "TILE_X": 22370,
        "TILE_Y": 51403,
        "TILEXYZ": [
          17,
          22370,
          51403
        ],
        "OUTPUT_FILE": "/Users/maples/GitHub/mortalitree_testing/notebooks/single_tiles/prefire/17/22370/51403.geojson",
        "OUTPUT_STATUS_DIR": "prefire",
        "FEATURE_COUNT": 458
      },
      "geometry": {
        "type": "Polygon",
        "coordinates": [
          [
            [
              -118.55700419212327,
              36.14737460761428
            ],
            [
              -118.55691157190519,
              36.14737116456603
            ],
            [
              -118.55691549055585,
              36.14730182328344
            ],
            [
              -118.55700811069292,
              36.147305266322995
            ],
            [
              -118.55700419212327,
              36.14737460761428
            ]
          ]
        ]
      }
    },
    {
      "id": "3366",
      "type": "Feature",
      "properties": {
        "id": null,
        "SOURCE_FILE": "/Users/maples/GitHub/mortalitree_testing/labels/annayu_mortalitree_prefire_labels.geojson",
        "SUNETID": "annayu",
        "FIRENAME": "CASTLE",
        "FIRE_SLUG": "CASTLE",
        "PREFIRE": 1,
        "PREFIRE_STATUS": "prefire",
        "TILE_Z": 17,
        "TILE_X": 22370,
        "TILE_Y": 51403,
        "TILEXYZ": [
          17,
          22370,
          51403
        ],
        "OUTPUT_FILE": "/Users/maples/GitHub/mortalitree_testing/notebooks/single_tiles/prefire/17/22370/51403.geojson",
        "OUTPUT_STATUS_DIR": "prefire",
        "FEATURE_COUNT": 458
      },
      "geometry": {
        "type": "Polygon",
        "coordinates": [
          [
            [
              -118.55678029975437,
              36.14760948888171
            ],
            [
              -118.55670192858977,
              36.14760657537508
            ],
            [
              -118.55670584745872,
              36.147537234115
            ],
            [
              -118.55678421855475,
              36.147540147614265
            ],
            [
              -118.55678029975437,
              36.14760948888171
            ]
          ]
        ]
      }
    },
    {
      "id": "3367",
      "type": "Feature",
      "properties": {
        "id": null,
        "SOURCE_FILE": "/Users/maples/GitHub/mortalitree_testing/labels/annayu_mortalitree_prefire_labels.geojson",
        "SUNETID": "annayu",
        "FIRENAME": "CASTLE",
        "FIRE_SLUG": "CASTLE",
        "PREFIRE": 1,
        "PREFIRE_STATUS": "prefire",
        "TILE_Z": 17,
        "TILE_X": 22370,
        "TILE_Y": 51403,
        "TILEXYZ": [
          17,
          22370,
          51403
        ],
        "OUTPUT_FILE": "/Users/maples/GitHub/mortalitree_testing/notebooks/single_tiles/prefire/17/22370/51403.geojson",
        "OUTPUT_STATUS_DIR": "prefire",
        "FEATURE_COUNT": 458
      },
      "geometry": {
        "type": "Polygon",
        "coordinates": [
          [
            [
              -118.5589041707551,
              36.14679088518191
            ],
            [
              -118.55884717397102,
              36.14678876732501
            ],
            [
              -118.55884954581607,
              36.146746777814364
            ],
            [
              -118.5589066621988,
              36.146746777814364
            ],
            [
              -118.5589041707551,
              36.14679088518191
            ]
          ]
        ]
      }
    },
    {
      "id": "3368",
      "type": "Feature",
      "properties": {
        "id": null,
        "SOURCE_FILE": "/Users/maples/GitHub/mortalitree_testing/labels/annayu_mortalitree_prefire_labels.geojson",
        "SUNETID": "annayu",
        "FIRENAME": "CASTLE",
        "FIRE_SLUG": "CASTLE",
        "PREFIRE": 1,
        "PREFIRE_STATUS": "prefire",
        "TILE_Z": 17,
        "TILE_X": 22370,
        "TILE_Y": 51403,
        "TILEXYZ": [
          17,
          22370,
          51403
        ],
        "OUTPUT_FILE": "/Users/maples/GitHub/mortalitree_testing/notebooks/single_tiles/prefire/17/22370/51403.geojson",
        "OUTPUT_STATUS_DIR": "prefire",
        "FEATURE_COUNT": 458
      },
      "geometry": {
        "type": "Polygon",
        "coordinates": [
          [
            [
              -118.55893476265071,
              36.14681807951929
            ],
            [
              -118.55893802664379,
              36.146760294952934
            ],
            [
              -118.5589599609375,
              36.14676110995902
            ],
            [
              -118.5589599609375,
              36.1468190158059
            ],
            [
              -118.55893476265071,
              36.14681807951929
            ]
          ]
        ]
      }
    },
    {
      "id": "3369",
      "type": "Feature",
      "properties": {
        "id": null,
        "SOURCE_FILE": "/Users/maples/GitHub/mortalitree_testing/labels/annayu_mortalitree_prefire_labels.geojson",
        "SUNETID": "annayu",
        "FIRENAME": "CASTLE",
        "FIRE_SLUG": "CASTLE",
        "PREFIRE": 1,
        "PREFIRE_STATUS": "prefire",
        "TILE_Z": 17,
        "TILE_X": 22370,
        "TILE_Y": 51403,
        "TILEXYZ": [
          17,
          22370,
          51403
        ],
        "OUTPUT_FILE": "/Users/maples/GitHub/mortalitree_testing/notebooks/single_tiles/prefire/17/22370/51403.geojson",
        "OUTPUT_STATUS_DIR": "prefire",
        "FEATURE_COUNT": 458
      },
      "geometry": {
        "type": "Polygon",
        "coordinates": [
          [
            [
              -118.55875674796638,
              36.147315245713344
            ],
            [
              -118.55872112474566,
              36.14731392199563
            ],
            [
              -118.55872471537506,
              36.147250358996274
            ],
            [
              -118.55876033856721,
              36.14725168271092
            ],
            [
              -118.55875674796638,
              36.147315245713344
            ]
          ]
        ]
      }
    },
    {
      "id": "3370",
      "type": "Feature",
      "properties": {
        "id": null,
        "SOURCE_FILE": "/Users/maples/GitHub/mortalitree_testing/labels/annayu_mortalitree_prefire_labels.geojson",
        "SUNETID": "annayu",
        "FIRENAME": "CASTLE",
        "FIRE_SLUG": "CASTLE",
        "PREFIRE": 1,
        "PREFIRE_STATUS": "prefire",
        "TILE_Z": 17,
        "TILE_X": 22370,
        "TILE_Y": 51403,
        "TILEXYZ": [
          17,
          22370,
          51403
        ],
        "OUTPUT_FILE": "/Users/maples/GitHub/mortalitree_testing/notebooks/single_tiles/prefire/17/22370/51403.geojson",
        "OUTPUT_STATUS_DIR": "prefire",
        "FEATURE_COUNT": 458
      },
      "geometry": {
        "type": "Polygon",
        "coordinates": [
          [
            [
              -118.55824655751675,
              36.1468677834772
            ],
            [
              -118.55818243612981,
              36.146865400529855
            ],
            [
              -118.55818504777099,
              36.146819172924474
            ],
            [
              -118.55824916912053,
              36.146821555867795
            ],
            [
              -118.55824655751675,
              36.1468677834772
            ]
          ]
        ]
      }
    },
    {
      "id": "3371",
      "type": "Feature",
      "properties": {
        "id": null,
        "SOURCE_FILE": "/Users/maples/GitHub/mortalitree_testing/labels/annayu_mortalitree_prefire_labels.geojson",
        "SUNETID": "annayu",
        "FIRENAME": "CASTLE",
        "FIRE_SLUG": "CASTLE",
        "PREFIRE": 1,
        "PREFIRE_STATUS": "prefire",
        "TILE_Z": 17,
        "TILE_X": 22370,
        "TILE_Y": 51403,
        "TILEXYZ": [
          17,
          22370,
          51403
        ],
        "OUTPUT_FILE": "/Users/maples/GitHub/mortalitree_testing/notebooks/single_tiles/prefire/17/22370/51403.geojson",
        "OUTPUT_STATUS_DIR": "prefire",
        "FEATURE_COUNT": 458
      },
      "geometry": {
        "type": "Polygon",
        "coordinates": [
          [
            [
              -118.55831639170496,
              36.14676904348533
            ],
            [
              -118.5582522703923,
              36.14676666058096
            ],
            [
              -118.55825339365234,
              36.146746777814364
            ],
            [
              -118.55831764956703,
              36.146746777814364
            ],
            [
              -118.55831639170496,
              36.14676904348533
            ]
          ]
        ]
      }
    }
  ],
  "properties": {
    "SOURCE_FILE": "/Users/maples/GitHub/mortalitree_testing/labels/annayu_mortalitree_prefire_labels.geojson",
    "SUNETID": "annayu",
    "FIRENAME": "CASTLE",
    "FIRE_SLUG": "CASTLE",
    "PREFIRE": 1,
    "PREFIRE_STATUS": "prefire",
    "TILE_Z": 17,
    "TILE_X": 22370,
    "TILE_Y": 51403,
    "TILEXYZ": [
      17,
      22370,
      51403
    ],
    "OUTPUT_FILE": "/Users/maples/GitHub/mortalitree_testing/notebooks/single_tiles/prefire/17/22370/51403.geojson",
    "OUTPUT_STATUS_DIR": "prefire",
    "FEATURE_COUNT": 458
  }
}